dataset,problem_id,seed,phase,iteration,rank,old_fit,new_fit,fit_match,old_solution_digest,new_solution_digest,solution_match
PET,pet3,101,initial_unsorted,-1,0,2570,2570,True,d3b8a7b26f84b026,d3b8a7b26f84b026,True
PET,pet3,101,initial_unsorted,-1,1,2465,2465,True,9cafd2296431f71e,9cafd2296431f71e,True
PET,pet3,101,initial_unsorted,-1,2,3245,3245,True,0b1604f26734dba8,0b1604f26734dba8,True
PET,pet3,101,initial_unsorted,-1,3,2440,2440,True,3eef700992958053,3eef700992958053,True
PET,pet3,101,initial_unsorted,-1,4,2395,2395,True,def5cb0bf070d9fc,def5cb0bf070d9fc,True
PET,pet3,101,initial_unsorted,-1,5,3215,3215,True,2783332a99403762,2783332a99403762,True
PET,pet3,101,initial_unsorted,-1,6,1995,1995,True,7768c4dbe2bd484c,7768c4dbe2bd484c,True
PET,pet3,101,initial_unsorted,-1,7,2915,2915,True,9f14d2b58307aecd,9f14d2b58307aecd,True
PET,pet3,101,initial_unsorted,-1,8,3370,3370,True,0fb23b5166ddc3ed,0fb23b5166ddc3ed,True
PET,pet3,101,initial_unsorted,-1,9,3405,3405,True,dac8dbc0351b557f,dac8dbc0351b557f,True
PET,pet3,101,initial_unsorted,-1,10,2915,2915,True,8980ed7fc978ed64,8980ed7fc978ed64,True
PET,pet3,101,initial_unsorted,-1,11,1830,1830,True,261db7ef3f322e84,261db7ef3f322e84,True
PET,pet3,101,initial_unsorted,-1,12,935,935,True,2c8db21fb36f480e,2c8db21fb36f480e,True
PET,pet3,101,initial_unsorted,-1,13,1895,1895,True,59ae321fbe6bfdad,59ae321fbe6bfdad,True
PET,pet3,101,initial_unsorted,-1,14,2380,2380,True,e1fc3022cb6fd91e,e1fc3022cb6fd91e,True
PET,pet3,101,initial_unsorted,-1,15,2685,2685,True,b9ba7aacc3ae5f1c,b9ba7aacc3ae5f1c,True
PET,pet3,101,initial_unsorted,-1,16,1670,1670,True,ae027402c94601b1,ae027402c94601b1,True
PET,pet3,101,initial_unsorted,-1,17,2220,2220,True,b3d41684392dade6,b3d41684392dade6,True
PET,pet3,101,initial_unsorted,-1,18,2540,2540,True,5d89c4c0437cddbe,5d89c4c0437cddbe,True
PET,pet3,101,initial_unsorted,-1,19,2570,2570,True,4dd12614e2273a2a,4dd12614e2273a2a,True
PET,pet3,101,initial_sorted,-1,0,3405,3405,True,dac8dbc0351b557f,dac8dbc0351b557f,True
PET,pet3,101,initial_sorted,-1,1,3370,3370,True,0fb23b5166ddc3ed,0fb23b5166ddc3ed,True
PET,pet3,101,initial_sorted,-1,2,3245,3245,True,0b1604f26734dba8,0b1604f26734dba8,True
PET,pet3,101,initial_sorted,-1,3,3215,3215,True,2783332a99403762,2783332a99403762,True
PET,pet3,101,initial_sorted,-1,4,2915,2915,True,8980ed7fc978ed64,8980ed7fc978ed64,True
PET,pet3,101,initial_sorted,-1,5,2915,2915,True,9f14d2b58307aecd,9f14d2b58307aecd,True
PET,pet3,101,initial_sorted,-1,6,2685,2685,True,b9ba7aacc3ae5f1c,b9ba7aacc3ae5f1c,True
PET,pet3,101,initial_sorted,-1,7,2570,2570,True,4dd12614e2273a2a,4dd12614e2273a2a,True
PET,pet3,101,initial_sorted,-1,8,2570,2570,True,d3b8a7b26f84b026,d3b8a7b26f84b026,True
PET,pet3,101,initial_sorted,-1,9,2540,2540,True,5d89c4c0437cddbe,5d89c4c0437cddbe,True
PET,pet3,101,initial_sorted,-1,10,2465,2465,True,9cafd2296431f71e,9cafd2296431f71e,True
PET,pet3,101,initial_sorted,-1,11,2440,2440,True,3eef700992958053,3eef700992958053,True
PET,pet3,101,initial_sorted,-1,12,2395,2395,True,def5cb0bf070d9fc,def5cb0bf070d9fc,True
PET,pet3,101,initial_sorted,-1,13,2380,2380,True,e1fc3022cb6fd91e,e1fc3022cb6fd91e,True
PET,pet3,101,initial_sorted,-1,14,2220,2220,True,b3d41684392dade6,b3d41684392dade6,True
PET,pet3,101,initial_sorted,-1,15,1995,1995,True,7768c4dbe2bd484c,7768c4dbe2bd484c,True
PET,pet3,101,initial_sorted,-1,16,1895,1895,True,59ae321fbe6bfdad,59ae321fbe6bfdad,True
PET,pet3,101,initial_sorted,-1,17,1830,1830,True,261db7ef3f322e84,261db7ef3f322e84,True
PET,pet3,101,initial_sorted,-1,18,1670,1670,True,ae027402c94601b1,ae027402c94601b1,True
PET,pet3,101,initial_sorted,-1,19,935,935,True,2c8db21fb36f480e,2c8db21fb36f480e,True
PET,pet3,101,iteration_end,0,0,4005,4005,True,8d5a31cc3efd9b7e,8d5a31cc3efd9b7e,True
PET,pet3,101,iteration_end,0,1,4005,4005,True,8d5a31cc3efd9b7e,8d5a31cc3efd9b7e,True
PET,pet3,101,iteration_end,0,2,3945,3945,True,2d4d8d621436f304,2d4d8d621436f304,True
PET,pet3,101,iteration_end,0,3,3845,3845,True,c3b2965a420afede,c3b2965a420afede,True
PET,pet3,101,iteration_end,0,4,3805,3805,True,95ac8afb2cc7eeaf,95ac8afb2cc7eeaf,True
PET,pet3,101,iteration_end,0,5,3805,3805,True,95ac8afb2cc7eeaf,95ac8afb2cc7eeaf,True
PET,pet3,101,iteration_end,0,6,3805,3805,True,718dc1614d0fcce4,718dc1614d0fcce4,True
PET,pet3,101,iteration_end,0,7,3765,3765,True,6858e37d43c3359a,6858e37d43c3359a,True
PET,pet3,101,iteration_end,0,8,3745,3745,True,16c4744466765907,16c4744466765907,True
PET,pet3,101,iteration_end,0,9,3665,3665,True,160a142bfc3d3394,160a142bfc3d3394,True
PET,pet3,101,iteration_end,0,10,3640,3640,True,c3903a97ca70a555,c3903a97ca70a555,True
PET,pet3,101,iteration_end,0,11,3620,3620,True,5c29b9e1e5de5387,5c29b9e1e5de5387,True
PET,pet3,101,iteration_end,0,12,3245,3245,True,54deee0a0074435b,54deee0a0074435b,True
PET,pet3,101,iteration_end,0,13,3245,3245,True,54deee0a0074435b,54deee0a0074435b,True
PET,pet3,101,iteration_end,0,14,3245,3245,True,54deee0a0074435b,54deee0a0074435b,True
PET,pet3,101,iteration_end,0,15,3245,3245,True,54deee0a0074435b,54deee0a0074435b,True
PET,pet3,101,iteration_end,0,16,3245,3245,True,54deee0a0074435b,54deee0a0074435b,True
PET,pet3,101,iteration_end,0,17,3245,3245,True,54deee0a0074435b,54deee0a0074435b,True
PET,pet3,101,iteration_end,0,18,3245,3245,True,54deee0a0074435b,54deee0a0074435b,True
PET,pet3,101,iteration_end,0,19,3215,3215,True,2783332a99403762,2783332a99403762,True
PET,pet3,101,iteration_end,1,0,4005,4005,True,8d5a31cc3efd9b7e,8d5a31cc3efd9b7e,True
PET,pet3,101,iteration_end,1,1,4005,4005,True,8d5a31cc3efd9b7e,8d5a31cc3efd9b7e,True
PET,pet3,101,iteration_end,1,2,4005,4005,True,8d5a31cc3efd9b7e,8d5a31cc3efd9b7e,True
PET,pet3,101,iteration_end,1,3,3945,3945,True,2918688b85e41c23,2918688b85e41c23,True
PET,pet3,101,iteration_end,1,4,3945,3945,True,2d4d8d621436f304,2d4d8d621436f304,True
PET,pet3,101,iteration_end,1,5,3945,3945,True,2d4d8d621436f304,2d4d8d621436f304,True
PET,pet3,101,iteration_end,1,6,3845,3845,True,3afacda0ef5beeac,3afacda0ef5beeac,True
PET,pet3,101,iteration_end,1,7,3845,3845,True,3eb7d33383513482,3eb7d33383513482,True
PET,pet3,101,iteration_end,1,8,3805,3805,True,95ac8afb2cc7eeaf,95ac8afb2cc7eeaf,True
PET,pet3,101,iteration_end,1,9,3765,3765,True,6858e37d43c3359a,6858e37d43c3359a,True
PET,pet3,101,iteration_end,1,10,3685,3685,True,89cfda66be6a5ece,89cfda66be6a5ece,True
PET,pet3,101,iteration_end,1,11,3640,3640,True,c3903a97ca70a555,c3903a97ca70a555,True
PET,pet3,101,iteration_end,1,12,3325,3325,True,715d26fa0a53f1d2,715d26fa0a53f1d2,True
PET,pet3,101,iteration_end,1,13,3325,3325,True,715d26fa0a53f1d2,715d26fa0a53f1d2,True
PET,pet3,101,iteration_end,1,14,3245,3245,True,54deee0a0074435b,54deee0a0074435b,True
PET,pet3,101,iteration_end,1,15,3245,3245,True,54deee0a0074435b,54deee0a0074435b,True
PET,pet3,101,iteration_end,1,16,3245,3245,True,54deee0a0074435b,54deee0a0074435b,True
PET,pet3,101,iteration_end,1,17,3245,3245,True,54deee0a0074435b,54deee0a0074435b,True
PET,pet3,101,iteration_end,1,18,3245,3245,True,54deee0a0074435b,54deee0a0074435b,True
PET,pet3,101,iteration_end,1,19,3245,3245,True,54deee0a0074435b,54deee0a0074435b,True
PET,pet3,101,iteration_end,2,0,4005,4005,True,8d5a31cc3efd9b7e,8d5a31cc3efd9b7e,True
PET,pet3,101,iteration_end,2,1,4005,4005,True,8d5a31cc3efd9b7e,8d5a31cc3efd9b7e,True
PET,pet3,101,iteration_end,2,2,4005,4005,True,8d5a31cc3efd9b7e,8d5a31cc3efd9b7e,True
PET,pet3,101,iteration_end,2,3,4005,4005,True,8d5a31cc3efd9b7e,8d5a31cc3efd9b7e,True
PET,pet3,101,iteration_end,2,4,4005,4005,True,8d5a31cc3efd9b7e,8d5a31cc3efd9b7e,True
PET,pet3,101,iteration_end,2,5,3945,3945,True,2d4d8d621436f304,2d4d8d621436f304,True
PET,pet3,101,iteration_end,2,6,3945,3945,True,2d4d8d621436f304,2d4d8d621436f304,True
PET,pet3,101,iteration_end,2,7,3915,3915,True,8be8c128b2f421a6,8be8c128b2f421a6,True
PET,pet3,101,iteration_end,2,8,3845,3845,True,3eb7d33383513482,3eb7d33383513482,True
PET,pet3,101,iteration_end,2,9,3845,3845,True,3afacda0ef5beeac,3afacda0ef5beeac,True
PET,pet3,101,iteration_end,2,10,3810,3810,True,06f8ab83bec43f8d,06f8ab83bec43f8d,True
PET,pet3,101,iteration_end,2,11,3805,3805,True,95ac8afb2cc7eeaf,95ac8afb2cc7eeaf,True
PET,pet3,101,iteration_end,2,12,3685,3685,True,89cfda66be6a5ece,89cfda66be6a5ece,True
PET,pet3,101,iteration_end,2,13,3325,3325,True,715d26fa0a53f1d2,715d26fa0a53f1d2,True
PET,pet3,101,iteration_end,2,14,3245,3245,True,54deee0a0074435b,54deee0a0074435b,True
PET,pet3,101,iteration_end,2,15,3245,3245,True,54deee0a0074435b,54deee0a0074435b,True
PET,pet3,101,iteration_end,2,16,3245,3245,True,54deee0a0074435b,54deee0a0074435b,True
PET,pet3,101,iteration_end,2,17,3245,3245,True,54deee0a0074435b,54deee0a0074435b,True
PET,pet3,101,iteration_end,2,18,3245,3245,True,54deee0a0074435b,54deee0a0074435b,True
PET,pet3,101,iteration_end,2,19,3245,3245,True,54deee0a0074435b,54deee0a0074435b,True
PET,pet3,101,iteration_end,3,0,4005,4005,True,8d5a31cc3efd9b7e,8d5a31cc3efd9b7e,True
PET,pet3,101,iteration_end,3,1,4005,4005,True,8d5a31cc3efd9b7e,8d5a31cc3efd9b7e,True
PET,pet3,101,iteration_end,3,2,4005,4005,True,8d5a31cc3efd9b7e,8d5a31cc3efd9b7e,True
PET,pet3,101,iteration_end,3,3,4005,4005,True,8d5a31cc3efd9b7e,8d5a31cc3efd9b7e,True
PET,pet3,101,iteration_end,3,4,4005,4005,True,8d5a31cc3efd9b7e,8d5a31cc3efd9b7e,True
PET,pet3,101,iteration_end,3,5,4005,4005,True,8d5a31cc3efd9b7e,8d5a31cc3efd9b7e,True
PET,pet3,101,iteration_end,3,6,4005,4005,True,8d5a31cc3efd9b7e,8d5a31cc3efd9b7e,True
PET,pet3,101,iteration_end,3,7,3950,3950,True,dc736e10c67b1d40,dc736e10c67b1d40,True
PET,pet3,101,iteration_end,3,8,3945,3945,True,2d4d8d621436f304,2d4d8d621436f304,True
PET,pet3,101,iteration_end,3,9,3945,3945,True,2d4d8d621436f304,2d4d8d621436f304,True
PET,pet3,101,iteration_end,3,10,3915,3915,True,8be8c128b2f421a6,8be8c128b2f421a6,True
PET,pet3,101,iteration_end,3,11,3845,3845,True,3eb7d33383513482,3eb7d33383513482,True
PET,pet3,101,iteration_end,3,12,3745,3745,True,16c4744466765907,16c4744466765907,True
PET,pet3,101,iteration_end,3,13,3685,3685,True,89cfda66be6a5ece,89cfda66be6a5ece,True
PET,pet3,101,iteration_end,3,14,3245,3245,True,54deee0a0074435b,54deee0a0074435b,True
PET,pet3,101,iteration_end,3,15,3245,3245,True,54deee0a0074435b,54deee0a0074435b,True
PET,pet3,101,iteration_end,3,16,3245,3245,True,54deee0a0074435b,54deee0a0074435b,True
PET,pet3,101,iteration_end,3,17,3245,3245,True,54deee0a0074435b,54deee0a0074435b,True
PET,pet3,101,iteration_end,3,18,3245,3245,True,54deee0a0074435b,54deee0a0074435b,True
PET,pet3,101,iteration_end,3,19,3245,3245,True,54deee0a0074435b,54deee0a0074435b,True
PET,pet3,101,iteration_end,4,0,4005,4005,True,8d5a31cc3efd9b7e,8d5a31cc3efd9b7e,True
PET,pet3,101,iteration_end,4,1,4005,4005,True,8d5a31cc3efd9b7e,8d5a31cc3efd9b7e,True
PET,pet3,101,iteration_end,4,2,4005,4005,True,8d5a31cc3efd9b7e,8d5a31cc3efd9b7e,True
PET,pet3,101,iteration_end,4,3,4005,4005,True,8d5a31cc3efd9b7e,8d5a31cc3efd9b7e,True
PET,pet3,101,iteration_end,4,4,4005,4005,True,8d5a31cc3efd9b7e,8d5a31cc3efd9b7e,True
PET,pet3,101,iteration_end,4,5,3945,3945,True,2d4d8d621436f304,2d4d8d621436f304,True
PET,pet3,101,iteration_end,4,6,3945,3945,True,2d4d8d621436f304,2d4d8d621436f304,True
PET,pet3,101,iteration_end,4,7,3945,3945,True,2d4d8d621436f304,2d4d8d621436f304,True
PET,pet3,101,iteration_end,4,8,3915,3915,True,8be8c128b2f421a6,8be8c128b2f421a6,True
PET,pet3,101,iteration_end,4,9,3825,3825,True,edd57574913ccb4d,edd57574913ccb4d,True
PET,pet3,101,iteration_end,4,10,3825,3825,True,edd57574913ccb4d,edd57574913ccb4d,True
PET,pet3,101,iteration_end,4,11,3745,3745,True,16c4744466765907,16c4744466765907,True
PET,pet3,101,iteration_end,4,12,3545,3545,True,f0abaf55e29aab18,f0abaf55e29aab18,True
PET,pet3,101,iteration_end,4,13,3325,3325,True,715d26fa0a53f1d2,715d26fa0a53f1d2,True
PET,pet3,101,iteration_end,4,14,3325,3325,True,715d26fa0a53f1d2,715d26fa0a53f1d2,True
PET,pet3,101,iteration_end,4,15,3325,3325,True,715d26fa0a53f1d2,715d26fa0a53f1d2,True
PET,pet3,101,iteration_end,4,16,3305,3305,True,78227f75409be197,78227f75409be197,True
PET,pet3,101,iteration_end,4,17,3245,3245,True,54deee0a0074435b,54deee0a0074435b,True
PET,pet3,101,iteration_end,4,18,3245,3245,True,54deee0a0074435b,54deee0a0074435b,True
PET,pet3,101,iteration_end,4,19,3245,3245,True,54deee0a0074435b,54deee0a0074435b,True
PET,pet3,101,iteration_end,5,0,4005,4005,True,8d5a31cc3efd9b7e,8d5a31cc3efd9b7e,True
PET,pet3,101,iteration_end,5,1,4005,4005,True,8d5a31cc3efd9b7e,8d5a31cc3efd9b7e,True
PET,pet3,101,iteration_end,5,2,4005,4005,True,8d5a31cc3efd9b7e,8d5a31cc3efd9b7e,True
PET,pet3,101,iteration_end,5,3,4005,4005,True,8d5a31cc3efd9b7e,8d5a31cc3efd9b7e,True
PET,pet3,101,iteration_end,5,4,4005,4005,True,8d5a31cc3efd9b7e,8d5a31cc3efd9b7e,True
PET,pet3,101,iteration_end,5,5,4005,4005,True,8d5a31cc3efd9b7e,8d5a31cc3efd9b7e,True
PET,pet3,101,iteration_end,5,6,3950,3950,True,dc736e10c67b1d40,dc736e10c67b1d40,True
PET,pet3,101,iteration_end,5,7,3945,3945,True,2d4d8d621436f304,2d4d8d621436f304,True
PET,pet3,101,iteration_end,5,8,3945,3945,True,2918688b85e41c23,2918688b85e41c23,True
PET,pet3,101,iteration_end,5,9,3915,3915,True,8be8c128b2f421a6,8be8c128b2f421a6,True
PET,pet3,101,iteration_end,5,10,3825,3825,True,edd57574913ccb4d,edd57574913ccb4d,True
PET,pet3,101,iteration_end,5,11,3825,3825,True,edd57574913ccb4d,edd57574913ccb4d,True
PET,pet3,101,iteration_end,5,12,3745,3745,True,16c4744466765907,16c4744466765907,True
PET,pet3,101,iteration_end,5,13,3325,3325,True,715d26fa0a53f1d2,715d26fa0a53f1d2,True
PET,pet3,101,iteration_end,5,14,3325,3325,True,715d26fa0a53f1d2,715d26fa0a53f1d2,True
PET,pet3,101,iteration_end,5,15,3305,3305,True,78227f75409be197,78227f75409be197,True
PET,pet3,101,iteration_end,5,16,3245,3245,True,54deee0a0074435b,54deee0a0074435b,True
PET,pet3,101,iteration_end,5,17,3245,3245,True,54deee0a0074435b,54deee0a0074435b,True
PET,pet3,101,iteration_end,5,18,3245,3245,True,54deee0a0074435b,54deee0a0074435b,True
PET,pet3,101,iteration_end,5,19,3245,3245,True,54deee0a0074435b,54deee0a0074435b,True
PET,pet3,101,iteration_end,6,0,4005,4005,True,8d5a31cc3efd9b7e,8d5a31cc3efd9b7e,True
PET,pet3,101,iteration_end,6,1,4005,4005,True,8d5a31cc3efd9b7e,8d5a31cc3efd9b7e,True
PET,pet3,101,iteration_end,6,2,4005,4005,True,8d5a31cc3efd9b7e,8d5a31cc3efd9b7e,True
PET,pet3,101,iteration_end,6,3,4005,4005,True,8d5a31cc3efd9b7e,8d5a31cc3efd9b7e,True
PET,pet3,101,iteration_end,6,4,4005,4005,True,8d5a31cc3efd9b7e,8d5a31cc3efd9b7e,True
PET,pet3,101,iteration_end,6,5,4005,4005,True,8d5a31cc3efd9b7e,8d5a31cc3efd9b7e,True
PET,pet3,101,iteration_end,6,6,3945,3945,True,2918688b85e41c23,2918688b85e41c23,True
PET,pet3,101,iteration_end,6,7,3845,3845,True,3eb7d33383513482,3eb7d33383513482,True
PET,pet3,101,iteration_end,6,8,3825,3825,True,edd57574913ccb4d,edd57574913ccb4d,True
PET,pet3,101,iteration_end,6,9,3800,3800,True,90284a1b73eab089,90284a1b73eab089,True
PET,pet3,101,iteration_end,6,10,3325,3325,True,715d26fa0a53f1d2,715d26fa0a53f1d2,True
PET,pet3,101,iteration_end,6,11,3325,3325,True,715d26fa0a53f1d2,715d26fa0a53f1d2,True
PET,pet3,101,iteration_end,6,12,3305,3305,True,78227f75409be197,78227f75409be197,True
PET,pet3,101,iteration_end,6,13,3245,3245,True,54deee0a0074435b,54deee0a0074435b,True
PET,pet3,101,iteration_end,6,14,3245,3245,True,54deee0a0074435b,54deee0a0074435b,True
PET,pet3,101,iteration_end,6,15,3245,3245,True,54deee0a0074435b,54deee0a0074435b,True
PET,pet3,101,iteration_end,6,16,3245,3245,True,54deee0a0074435b,54deee0a0074435b,True
PET,pet3,101,iteration_end,6,17,3245,3245,True,54deee0a0074435b,54deee0a0074435b,True
PET,pet3,101,iteration_end,6,18,3245,3245,True,54deee0a0074435b,54deee0a0074435b,True
PET,pet3,101,iteration_end,6,19,3245,3245,True,54deee0a0074435b,54deee0a0074435b,True
PET,pet3,101,iteration_end,7,0,4005,4005,True,8d5a31cc3efd9b7e,8d5a31cc3efd9b7e,True
PET,pet3,101,iteration_end,7,1,4005,4005,True,8d5a31cc3efd9b7e,8d5a31cc3efd9b7e,True
PET,pet3,101,iteration_end,7,2,4005,4005,True,8d5a31cc3efd9b7e,8d5a31cc3efd9b7e,True
PET,pet3,101,iteration_end,7,3,4005,4005,True,8d5a31cc3efd9b7e,8d5a31cc3efd9b7e,True
PET,pet3,101,iteration_end,7,4,3945,3945,True,2918688b85e41c23,2918688b85e41c23,True
PET,pet3,101,iteration_end,7,5,3945,3945,True,2d4d8d621436f304,2d4d8d621436f304,True
PET,pet3,101,iteration_end,7,6,3945,3945,True,2d4d8d621436f304,2d4d8d621436f304,True
PET,pet3,101,iteration_end,7,7,3945,3945,True,2d4d8d621436f304,2d4d8d621436f304,True
PET,pet3,101,iteration_end,7,8,3945,3945,True,2d4d8d621436f304,2d4d8d621436f304,True
PET,pet3,101,iteration_end,7,9,3825,3825,True,edd57574913ccb4d,edd57574913ccb4d,True
PET,pet3,101,iteration_end,7,10,3825,3825,True,edd57574913ccb4d,edd57574913ccb4d,True
PET,pet3,101,iteration_end,7,11,3800,3800,True,90284a1b73eab089,90284a1b73eab089,True
PET,pet3,101,iteration_end,7,12,3745,3745,True,ddf3f40b94b0a7d7,ddf3f40b94b0a7d7,True
PET,pet3,101,iteration_end,7,13,3485,3485,True,99bb818e8bac38c7,99bb818e8bac38c7,True
PET,pet3,101,iteration_end,7,14,3325,3325,True,715d26fa0a53f1d2,715d26fa0a53f1d2,True
PET,pet3,101,iteration_end,7,15,3245,3245,True,54deee0a0074435b,54deee0a0074435b,True
PET,pet3,101,iteration_end,7,16,3245,3245,True,54deee0a0074435b,54deee0a0074435b,True
PET,pet3,101,iteration_end,7,17,3245,3245,True,54deee0a0074435b,54deee0a0074435b,True
PET,pet3,101,iteration_end,7,18,3245,3245,True,54deee0a0074435b,54deee0a0074435b,True
PET,pet3,101,iteration_end,7,19,3245,3245,True,54deee0a0074435b,54deee0a0074435b,True
PET,pet3,101,iteration_end,8,0,4005,4005,True,8d5a31cc3efd9b7e,8d5a31cc3efd9b7e,True
PET,pet3,101,iteration_end,8,1,4005,4005,True,8d5a31cc3efd9b7e,8d5a31cc3efd9b7e,True
PET,pet3,101,iteration_end,8,2,4005,4005,True,8d5a31cc3efd9b7e,8d5a31cc3efd9b7e,True
PET,pet3,101,iteration_end,8,3,4005,4005,True,8d5a31cc3efd9b7e,8d5a31cc3efd9b7e,True
PET,pet3,101,iteration_end,8,4,4005,4005,True,8d5a31cc3efd9b7e,8d5a31cc3efd9b7e,True
PET,pet3,101,iteration_end,8,5,4005,4005,True,8d5a31cc3efd9b7e,8d5a31cc3efd9b7e,True
PET,pet3,101,iteration_end,8,6,3945,3945,True,2d4d8d621436f304,2d4d8d621436f304,True
PET,pet3,101,iteration_end,8,7,3945,3945,True,2d4d8d621436f304,2d4d8d621436f304,True
PET,pet3,101,iteration_end,8,8,3945,3945,True,2d4d8d621436f304,2d4d8d621436f304,True
PET,pet3,101,iteration_end,8,9,3945,3945,True,2d4d8d621436f304,2d4d8d621436f304,True
PET,pet3,101,iteration_end,8,10,3845,3845,True,3eb7d33383513482,3eb7d33383513482,True
PET,pet3,101,iteration_end,8,11,3825,3825,True,edd57574913ccb4d,edd57574913ccb4d,True
PET,pet3,101,iteration_end,8,12,3800,3800,True,90284a1b73eab089,90284a1b73eab089,True
PET,pet3,101,iteration_end,8,13,3325,3325,True,715d26fa0a53f1d2,715d26fa0a53f1d2,True
PET,pet3,101,iteration_end,8,14,3245,3245,True,54deee0a0074435b,54deee0a0074435b,True
PET,pet3,101,iteration_end,8,15,3245,3245,True,54deee0a0074435b,54deee0a0074435b,True
PET,pet3,101,iteration_end,8,16,3245,3245,True,54deee0a0074435b,54deee0a0074435b,True
PET,pet3,101,iteration_end,8,17,3245,3245,True,54deee0a0074435b,54deee0a0074435b,True
PET,pet3,101,iteration_end,8,18,3245,3245,True,54deee0a0074435b,54deee0a0074435b,True
PET,pet3,101,iteration_end,8,19,3245,3245,True,54deee0a0074435b,54deee0a0074435b,True
PET,pet3,101,iteration_end,9,0,4005,4005,True,8d5a31cc3efd9b7e,8d5a31cc3efd9b7e,True
PET,pet3,101,iteration_end,9,1,4005,4005,True,8d5a31cc3efd9b7e,8d5a31cc3efd9b7e,True
PET,pet3,101,iteration_end,9,2,4005,4005,True,8d5a31cc3efd9b7e,8d5a31cc3efd9b7e,True
PET,pet3,101,iteration_end,9,3,4005,4005,True,8d5a31cc3efd9b7e,8d5a31cc3efd9b7e,True
PET,pet3,101,iteration_end,9,4,4005,4005,True,8d5a31cc3efd9b7e,8d5a31cc3efd9b7e,True
PET,pet3,101,iteration_end,9,5,3965,3965,True,759b0da13cb06a6e,759b0da13cb06a6e,True
PET,pet3,101,iteration_end,9,6,3965,3965,True,759b0da13cb06a6e,759b0da13cb06a6e,True
PET,pet3,101,iteration_end,9,7,3945,3945,True,2d4d8d621436f304,2d4d8d621436f304,True
PET,pet3,101,iteration_end,9,8,3945,3945,True,2d4d8d621436f304,2d4d8d621436f304,True
PET,pet3,101,iteration_end,9,9,3945,3945,True,2d4d8d621436f304,2d4d8d621436f304,True
PET,pet3,101,iteration_end,9,10,3945,3945,True,2d4d8d621436f304,2d4d8d621436f304,True
PET,pet3,101,iteration_end,9,11,3945,3945,True,2d4d8d621436f304,2d4d8d621436f304,True
PET,pet3,101,iteration_end,9,12,3845,3845,True,3afacda0ef5beeac,3afacda0ef5beeac,True
PET,pet3,101,iteration_end,9,13,3825,3825,True,edd57574913ccb4d,edd57574913ccb4d,True
PET,pet3,101,iteration_end,9,14,3760,3760,True,51c82161eb2bd524,51c82161eb2bd524,True
PET,pet3,101,iteration_end,9,15,3325,3325,True,715d26fa0a53f1d2,715d26fa0a53f1d2,True
PET,pet3,101,iteration_end,9,16,3325,3325,True,715d26fa0a53f1d2,715d26fa0a53f1d2,True
PET,pet3,101,iteration_end,9,17,3245,3245,True,54deee0a0074435b,54deee0a0074435b,True
PET,pet3,101,iteration_end,9,18,3245,3245,True,54deee0a0074435b,54deee0a0074435b,True
PET,pet3,101,iteration_end,9,19,3245,3245,True,54deee0a0074435b,54deee0a0074435b,True
PET,pet3,101,iteration_end,10,0,4005,4005,True,8d5a31cc3efd9b7e,8d5a31cc3efd9b7e,True
PET,pet3,101,iteration_end,10,1,4005,4005,True,8d5a31cc3efd9b7e,8d5a31cc3efd9b7e,True
PET,pet3,101,iteration_end,10,2,4005,4005,True,8d5a31cc3efd9b7e,8d5a31cc3efd9b7e,True
PET,pet3,101,iteration_end,10,3,4005,4005,True,8d5a31cc3efd9b7e,8d5a31cc3efd9b7e,True
PET,pet3,101,iteration_end,10,4,4005,4005,True,8d5a31cc3efd9b7e,8d5a31cc3efd9b7e,True
PET,pet3,101,iteration_end,10,5,4005,4005,True,8d5a31cc3efd9b7e,8d5a31cc3efd9b7e,True
PET,pet3,101,iteration_end,10,6,4005,4005,True,8d5a31cc3efd9b7e,8d5a31cc3efd9b7e,True
PET,pet3,101,iteration_end,10,7,3965,3965,True,759b0da13cb06a6e,759b0da13cb06a6e,True
PET,pet3,101,iteration_end,10,8,3945,3945,True,2d4d8d621436f304,2d4d8d621436f304,True
PET,pet3,101,iteration_end,10,9,3825,3825,True,edd57574913ccb4d,edd57574913ccb4d,True
PET,pet3,101,iteration_end,10,10,3325,3325,True,715d26fa0a53f1d2,715d26fa0a53f1d2,True
PET,pet3,101,iteration_end,10,11,3325,3325,True,715d26fa0a53f1d2,715d26fa0a53f1d2,True
PET,pet3,101,iteration_end,10,12,3245,3245,True,54deee0a0074435b,54deee0a0074435b,True
PET,pet3,101,iteration_end,10,13,3245,3245,True,54deee0a0074435b,54deee0a0074435b,True
PET,pet3,101,iteration_end,10,14,3245,3245,True,54deee0a0074435b,54deee0a0074435b,True
PET,pet3,101,iteration_end,10,15,3245,3245,True,54deee0a0074435b,54deee0a0074435b,True
PET,pet3,101,iteration_end,10,16,3245,3245,True,54deee0a0074435b,54deee0a0074435b,True
PET,pet3,101,iteration_end,10,17,3245,3245,True,54deee0a0074435b,54deee0a0074435b,True
PET,pet3,101,iteration_end,10,18,3245,3245,True,54deee0a0074435b,54deee0a0074435b,True
PET,pet3,101,iteration_end,10,19,3245,3245,True,54deee0a0074435b,54deee0a0074435b,True
PET,pet3,101,iteration_end,11,0,4005,4005,True,8d5a31cc3efd9b7e,8d5a31cc3efd9b7e,True
PET,pet3,101,iteration_end,11,1,4005,4005,True,8d5a31cc3efd9b7e,8d5a31cc3efd9b7e,True
PET,pet3,101,iteration_end,11,2,4005,4005,True,8d5a31cc3efd9b7e,8d5a31cc3efd9b7e,True
PET,pet3,101,iteration_end,11,3,4005,4005,True,8d5a31cc3efd9b7e,8d5a31cc3efd9b7e,True
PET,pet3,101,iteration_end,11,4,4005,4005,True,8d5a31cc3efd9b7e,8d5a31cc3efd9b7e,True
PET,pet3,101,iteration_end,11,5,3965,3965,True,759b0da13cb06a6e,759b0da13cb06a6e,True
PET,pet3,101,iteration_end,11,6,3945,3945,True,2d4d8d621436f304,2d4d8d621436f304,True
PET,pet3,101,iteration_end,11,7,3945,3945,True,2d4d8d621436f304,2d4d8d621436f304,True
PET,pet3,101,iteration_end,11,8,3945,3945,True,2d4d8d621436f304,2d4d8d621436f304,True
PET,pet3,101,iteration_end,11,9,3845,3845,True,3eb7d33383513482,3eb7d33383513482,True
PET,pet3,101,iteration_end,11,10,3845,3845,True,3eb7d33383513482,3eb7d33383513482,True
PET,pet3,101,iteration_end,11,11,3825,3825,True,edd57574913ccb4d,edd57574913ccb4d,True
PET,pet3,101,iteration_end,11,12,3820,3820,True,5632489dca38a3ba,5632489dca38a3ba,True
PET,pet3,101,iteration_end,11,13,3325,3325,True,715d26fa0a53f1d2,715d26fa0a53f1d2,True
PET,pet3,101,iteration_end,11,14,3245,3245,True,54deee0a0074435b,54deee0a0074435b,True
PET,pet3,101,iteration_end,11,15,3245,3245,True,54deee0a0074435b,54deee0a0074435b,True
PET,pet3,101,iteration_end,11,16,3245,3245,True,54deee0a0074435b,54deee0a0074435b,True
PET,pet3,101,iteration_end,11,17,3245,3245,True,54deee0a0074435b,54deee0a0074435b,True
PET,pet3,101,iteration_end,11,18,3245,3245,True,54deee0a0074435b,54deee0a0074435b,True
PET,pet3,101,iteration_end,11,19,3165,3165,True,22ba0e4e08e28635,22ba0e4e08e28635,True
PET,pet3,101,iteration_end,12,0,4005,4005,True,8d5a31cc3efd9b7e,8d5a31cc3efd9b7e,True
PET,pet3,101,iteration_end,12,1,4005,4005,True,8d5a31cc3efd9b7e,8d5a31cc3efd9b7e,True
PET,pet3,101,iteration_end,12,2,4005,4005,True,8d5a31cc3efd9b7e,8d5a31cc3efd9b7e,True
PET,pet3,101,iteration_end,12,3,4005,4005,True,8d5a31cc3efd9b7e,8d5a31cc3efd9b7e,True
PET,pet3,101,iteration_end,12,4,4005,4005,True,8d5a31cc3efd9b7e,8d5a31cc3efd9b7e,True
PET,pet3,101,iteration_end,12,5,4005,4005,True,8d5a31cc3efd9b7e,8d5a31cc3efd9b7e,True
PET,pet3,101,iteration_end,12,6,3985,3985,True,4fa5a6dd546d2c38,4fa5a6dd546d2c38,True
PET,pet3,101,iteration_end,12,7,3965,3965,True,759b0da13cb06a6e,759b0da13cb06a6e,True
PET,pet3,101,iteration_end,12,8,3945,3945,True,2d4d8d621436f304,2d4d8d621436f304,True
PET,pet3,101,iteration_end,12,9,3845,3845,True,3eb7d33383513482,3eb7d33383513482,True
PET,pet3,101,iteration_end,12,10,3825,3825,True,edd57574913ccb4d,edd57574913ccb4d,True
PET,pet3,101,iteration_end,12,11,3825,3825,True,2967b7b848315119,2967b7b848315119,True
PET,pet3,101,iteration_end,12,12,3665,3665,True,160a142bfc3d3394,160a142bfc3d3394,True
PET,pet3,101,iteration_end,12,13,3660,3660,True,ac87377372a9a957,ac87377372a9a957,True
PET,pet3,101,iteration_end,12,14,3525,3525,True,34ec0d78a330f5a3,34ec0d78a330f5a3,True
PET,pet3,101,iteration_end,12,15,3245,3245,True,54deee0a0074435b,54deee0a0074435b,True
PET,pet3,101,iteration_end,12,16,3245,3245,True,54deee0a0074435b,54deee0a0074435b,True
PET,pet3,101,iteration_end,12,17,3245,3245,True,54deee0a0074435b,54deee0a0074435b,True
PET,pet3,101,iteration_end,12,18,3245,3245,True,54deee0a0074435b,54deee0a0074435b,True
PET,pet3,101,iteration_end,12,19,3245,3245,True,54deee0a0074435b,54deee0a0074435b,True
PET,pet3,101,iteration_end,13,0,4005,4005,True,8d5a31cc3efd9b7e,8d5a31cc3efd9b7e,True
PET,pet3,101,iteration_end,13,1,4005,4005,True,8d5a31cc3efd9b7e,8d5a31cc3efd9b7e,True
PET,pet3,101,iteration_end,13,2,4005,4005,True,8d5a31cc3efd9b7e,8d5a31cc3efd9b7e,True
PET,pet3,101,iteration_end,13,3,4005,4005,True,8d5a31cc3efd9b7e,8d5a31cc3efd9b7e,True
PET,pet3,101,iteration_end,13,4,4005,4005,True,8d5a31cc3efd9b7e,8d5a31cc3efd9b7e,True
PET,pet3,101,iteration_end,13,5,4005,4005,True,8d5a31cc3efd9b7e,8d5a31cc3efd9b7e,True
PET,pet3,101,iteration_end,13,6,4005,4005,True,8d5a31cc3efd9b7e,8d5a31cc3efd9b7e,True
PET,pet3,101,iteration_end,13,7,4005,4005,True,8d5a31cc3efd9b7e,8d5a31cc3efd9b7e,True
PET,pet3,101,iteration_end,13,8,3985,3985,True,4fa5a6dd546d2c38,4fa5a6dd546d2c38,True
PET,pet3,101,iteration_end,13,9,3965,3965,True,759b0da13cb06a6e,759b0da13cb06a6e,True
PET,pet3,101,iteration_end,13,10,3945,3945,True,2d4d8d621436f304,2d4d8d621436f304,True
PET,pet3,101,iteration_end,13,11,3825,3825,True,edd57574913ccb4d,edd57574913ccb4d,True
PET,pet3,101,iteration_end,13,12,3825,3825,True,2967b7b848315119,2967b7b848315119,True
PET,pet3,101,iteration_end,13,13,3525,3525,True,34ec0d78a330f5a3,34ec0d78a330f5a3,True
PET,pet3,101,iteration_end,13,14,3245,3245,True,54deee0a0074435b,54deee0a0074435b,True
PET,pet3,101,iteration_end,13,15,3245,3245,True,54deee0a0074435b,54deee0a0074435b,True
PET,pet3,101,iteration_end,13,16,3245,3245,True,54deee0a0074435b,54deee0a0074435b,True
PET,pet3,101,iteration_end,13,17,3245,3245,True,54deee0a0074435b,54deee0a0074435b,True
PET,pet3,101,iteration_end,13,18,3245,3245,True,54deee0a0074435b,54deee0a0074435b,True
PET,pet3,101,iteration_end,13,19,3245,3245,True,54deee0a0074435b,54deee0a0074435b,True
PET,pet3,101,iteration_end,14,0,4005,4005,True,8d5a31cc3efd9b7e,8d5a31cc3efd9b7e,True
PET,pet3,101,iteration_end,14,1,4005,4005,True,8d5a31cc3efd9b7e,8d5a31cc3efd9b7e,True
PET,pet3,101,iteration_end,14,2,4005,4005,True,8d5a31cc3efd9b7e,8d5a31cc3efd9b7e,True
PET,pet3,101,iteration_end,14,3,4005,4005,True,8d5a31cc3efd9b7e,8d5a31cc3efd9b7e,True
PET,pet3,101,iteration_end,14,4,4005,4005,True,8d5a31cc3efd9b7e,8d5a31cc3efd9b7e,True
PET,pet3,101,iteration_end,14,5,4005,4005,True,8d5a31cc3efd9b7e,8d5a31cc3efd9b7e,True
PET,pet3,101,iteration_end,14,6,4005,4005,True,8d5a31cc3efd9b7e,8d5a31cc3efd9b7e,True
PET,pet3,101,iteration_end,14,7,4005,4005,True,8d5a31cc3efd9b7e,8d5a31cc3efd9b7e,True
PET,pet3,101,iteration_end,14,8,4005,4005,True,8d5a31cc3efd9b7e,8d5a31cc3efd9b7e,True
PET,pet3,101,iteration_end,14,9,3985,3985,True,4fa5a6dd546d2c38,4fa5a6dd546d2c38,True
PET,pet3,101,iteration_end,14,10,3945,3945,True,2d4d8d621436f304,2d4d8d621436f304,True
PET,pet3,101,iteration_end,14,11,3945,3945,True,2d4d8d621436f304,2d4d8d621436f304,True
PET,pet3,101,iteration_end,14,12,3945,3945,True,2d4d8d621436f304,2d4d8d621436f304,True
PET,pet3,101,iteration_end,14,13,3850,3850,True,c86a3d816309793f,c86a3d816309793f,True
PET,pet3,101,iteration_end,14,14,3845,3845,True,3eb7d33383513482,3eb7d33383513482,True
PET,pet3,101,iteration_end,14,15,3245,3245,True,54deee0a0074435b,54deee0a0074435b,True
PET,pet3,101,iteration_end,14,16,3245,3245,True,54deee0a0074435b,54deee0a0074435b,True
PET,pet3,101,iteration_end,14,17,3245,3245,True,54deee0a0074435b,54deee0a0074435b,True
PET,pet3,101,iteration_end,14,18,3245,3245,True,54deee0a0074435b,54deee0a0074435b,True
PET,pet3,101,iteration_end,14,19,3245,3245,True,54deee0a0074435b,54deee0a0074435b,True
PET,pet3,101,iteration_end,15,0,4005,4005,True,8d5a31cc3efd9b7e,8d5a31cc3efd9b7e,True
PET,pet3,101,iteration_end,15,1,4005,4005,True,8d5a31cc3efd9b7e,8d5a31cc3efd9b7e,True
PET,pet3,101,iteration_end,15,2,4005,4005,True,8d5a31cc3efd9b7e,8d5a31cc3efd9b7e,True
PET,pet3,101,iteration_end,15,3,4005,4005,True,8d5a31cc3efd9b7e,8d5a31cc3efd9b7e,True
PET,pet3,101,iteration_end,15,4,4005,4005,True,8d5a31cc3efd9b7e,8d5a31cc3efd9b7e,True
PET,pet3,101,iteration_end,15,5,4005,4005,True,8d5a31cc3efd9b7e,8d5a31cc3efd9b7e,True
PET,pet3,101,iteration_end,15,6,3985,3985,True,4fa5a6dd546d2c38,4fa5a6dd546d2c38,True
PET,pet3,101,iteration_end,15,7,3945,3945,True,2d4d8d621436f304,2d4d8d621436f304,True
PET,pet3,101,iteration_end,15,8,3945,3945,True,2d4d8d621436f304,2d4d8d621436f304,True
PET,pet3,101,iteration_end,15,9,3945,3945,True,2d4d8d621436f304,2d4d8d621436f304,True
PET,pet3,101,iteration_end,15,10,3945,3945,True,2d4d8d621436f304,2d4d8d621436f304,True
PET,pet3,101,iteration_end,15,11,3945,3945,True,2d4d8d621436f304,2d4d8d621436f304,True
PET,pet3,101,iteration_end,15,12,3850,3850,True,c86a3d816309793f,c86a3d816309793f,True
PET,pet3,101,iteration_end,15,13,3780,3780,True,cc61acebf2481b16,cc61acebf2481b16,True
PET,pet3,101,iteration_end,15,14,3715,3715,True,cfc68eda1cf1a142,cfc68eda1cf1a142,True
PET,pet3,101,iteration_end,15,15,3245,3245,True,54deee0a0074435b,54deee0a0074435b,True
PET,pet3,101,iteration_end,15,16,3245,3245,True,54deee0a0074435b,54deee0a0074435b,True
PET,pet3,101,iteration_end,15,17,3245,3245,True,54deee0a0074435b,54deee0a0074435b,True
PET,pet3,101,iteration_end,15,18,3245,3245,True,54deee0a0074435b,54deee0a0074435b,True
PET,pet3,101,iteration_end,15,19,3245,3245,True,54deee0a0074435b,54deee0a0074435b,True
PET,pet3,101,iteration_end,16,0,4005,4005,True,8d5a31cc3efd9b7e,8d5a31cc3efd9b7e,True
PET,pet3,101,iteration_end,16,1,4005,4005,True,8d5a31cc3efd9b7e,8d5a31cc3efd9b7e,True
PET,pet3,101,iteration_end,16,2,4005,4005,True,8d5a31cc3efd9b7e,8d5a31cc3efd9b7e,True
PET,pet3,101,iteration_end,16,3,4005,4005,True,8d5a31cc3efd9b7e,8d5a31cc3efd9b7e,True
PET,pet3,101,iteration_end,16,4,4005,4005,True,8d5a31cc3efd9b7e,8d5a31cc3efd9b7e,True
PET,pet3,101,iteration_end,16,5,4005,4005,True,8d5a31cc3efd9b7e,8d5a31cc3efd9b7e,True
PET,pet3,101,iteration_end,16,6,4005,4005,True,8d5a31cc3efd9b7e,8d5a31cc3efd9b7e,True
PET,pet3,101,iteration_end,16,7,3995,3995,True,0c1fa67404202334,0c1fa67404202334,True
PET,pet3,101,iteration_end,16,8,3985,3985,True,4fa5a6dd546d2c38,4fa5a6dd546d2c38,True
PET,pet3,101,iteration_end,16,9,3945,3945,True,2d4d8d621436f304,2d4d8d621436f304,True
PET,pet3,101,iteration_end,16,10,3945,3945,True,2d4d8d621436f304,2d4d8d621436f304,True
PET,pet3,101,iteration_end,16,11,3945,3945,True,2d4d8d621436f304,2d4d8d621436f304,True
PET,pet3,101,iteration_end,16,12,3850,3850,True,c86a3d816309793f,c86a3d816309793f,True
PET,pet3,101,iteration_end,16,13,3705,3705,True,33b1490aa209adc7,33b1490aa209adc7,True
PET,pet3,101,iteration_end,16,14,3325,3325,True,715d26fa0a53f1d2,715d26fa0a53f1d2,True
PET,pet3,101,iteration_end,16,15,3325,3325,True,715d26fa0a53f1d2,715d26fa0a53f1d2,True
PET,pet3,101,iteration_end,16,16,3305,3305,True,78227f75409be197,78227f75409be197,True
PET,pet3,101,iteration_end,16,17,3245,3245,True,54deee0a0074435b,54deee0a0074435b,True
PET,pet3,101,iteration_end,16,18,3245,3245,True,54deee0a0074435b,54deee0a0074435b,True
PET,pet3,101,iteration_end,16,19,3245,3245,True,54deee0a0074435b,54deee0a0074435b,True
PET,pet3,101,iteration_end,17,0,4005,4005,True,8d5a31cc3efd9b7e,8d5a31cc3efd9b7e,True
PET,pet3,101,iteration_end,17,1,4005,4005,True,8d5a31cc3efd9b7e,8d5a31cc3efd9b7e,True
PET,pet3,101,iteration_end,17,2,4005,4005,True,8d5a31cc3efd9b7e,8d5a31cc3efd9b7e,True
PET,pet3,101,iteration_end,17,3,4005,4005,True,8d5a31cc3efd9b7e,8d5a31cc3efd9b7e,True
PET,pet3,101,iteration_end,17,4,4005,4005,True,8d5a31cc3efd9b7e,8d5a31cc3efd9b7e,True
PET,pet3,101,iteration_end,17,5,4005,4005,True,8d5a31cc3efd9b7e,8d5a31cc3efd9b7e,True
PET,pet3,101,iteration_end,17,6,4005,4005,True,8d5a31cc3efd9b7e,8d5a31cc3efd9b7e,True
PET,pet3,101,iteration_end,17,7,4005,4005,True,8d5a31cc3efd9b7e,8d5a31cc3efd9b7e,True
PET,pet3,101,iteration_end,17,8,3995,3995,True,0c1fa67404202334,0c1fa67404202334,True
PET,pet3,101,iteration_end,17,9,3945,3945,True,2d4d8d621436f304,2d4d8d621436f304,True
PET,pet3,101,iteration_end,17,10,3945,3945,True,2d4d8d621436f304,2d4d8d621436f304,True
PET,pet3,101,iteration_end,17,11,3945,3945,True,2d4d8d621436f304,2d4d8d621436f304,True
PET,pet3,101,iteration_end,17,12,3945,3945,True,2d4d8d621436f304,2d4d8d621436f304,True
PET,pet3,101,iteration_end,17,13,3825,3825,True,edd57574913ccb4d,edd57574913ccb4d,True
PET,pet3,101,iteration_end,17,14,3625,3625,True,93c55884cf5a35fe,93c55884cf5a35fe,True
PET,pet3,101,iteration_end,17,15,3325,3325,True,715d26fa0a53f1d2,715d26fa0a53f1d2,True
PET,pet3,101,iteration_end,17,16,3245,3245,True,54deee0a0074435b,54deee0a0074435b,True
PET,pet3,101,iteration_end,17,17,3245,3245,True,54deee0a0074435b,54deee0a0074435b,True
PET,pet3,101,iteration_end,17,18,3245,3245,True,54deee0a0074435b,54deee0a0074435b,True
PET,pet3,101,iteration_end,17,19,3245,3245,True,54deee0a0074435b,54deee0a0074435b,True
PET,pet3,101,iteration_end,18,0,4005,4005,True,8d5a31cc3efd9b7e,8d5a31cc3efd9b7e,True
PET,pet3,101,iteration_end,18,1,4005,4005,True,8d5a31cc3efd9b7e,8d5a31cc3efd9b7e,True
PET,pet3,101,iteration_end,18,2,4005,4005,True,8d5a31cc3efd9b7e,8d5a31cc3efd9b7e,True
PET,pet3,101,iteration_end,18,3,4005,4005,True,8d5a31cc3efd9b7e,8d5a31cc3efd9b7e,True
PET,pet3,101,iteration_end,18,4,4005,4005,True,8d5a31cc3efd9b7e,8d5a31cc3efd9b7e,True
PET,pet3,101,iteration_end,18,5,4005,4005,True,8d5a31cc3efd9b7e,8d5a31cc3efd9b7e,True
PET,pet3,101,iteration_end,18,6,4005,4005,True,8d5a31cc3efd9b7e,8d5a31cc3efd9b7e,True
PET,pet3,101,iteration_end,18,7,3995,3995,True,0c1fa67404202334,0c1fa67404202334,True
PET,pet3,101,iteration_end,18,8,3945,3945,True,2d4d8d621436f304,2d4d8d621436f304,True
PET,pet3,101,iteration_end,18,9,3945,3945,True,2d4d8d621436f304,2d4d8d621436f304,True
PET,pet3,101,iteration_end,18,10,3825,3825,True,edd57574913ccb4d,edd57574913ccb4d,True
PET,pet3,101,iteration_end,18,11,3760,3760,True,ba41bae75968eafa,ba41bae75968eafa,True
PET,pet3,101,iteration_end,18,12,3565,3565,True,24db1ef5485fdf50,24db1ef5485fdf50,True
PET,pet3,101,iteration_end,18,13,3485,3485,True,bc6be18dca4624be,bc6be18dca4624be,True
PET,pet3,101,iteration_end,18,14,3325,3325,True,715d26fa0a53f1d2,715d26fa0a53f1d2,True
PET,pet3,101,iteration_end,18,15,3245,3245,True,54deee0a0074435b,54deee0a0074435b,True
PET,pet3,101,iteration_end,18,16,3245,3245,True,54deee0a0074435b,54deee0a0074435b,True
PET,pet3,101,iteration_end,18,17,3245,3245,True,54deee0a0074435b,54deee0a0074435b,True
PET,pet3,101,iteration_end,18,18,3245,3245,True,54deee0a0074435b,54deee0a0074435b,True
PET,pet3,101,iteration_end,18,19,3245,3245,True,54deee0a0074435b,54deee0a0074435b,True
PET,pet3,101,iteration_end,19,0,4005,4005,True,8d5a31cc3efd9b7e,8d5a31cc3efd9b7e,True
PET,pet3,101,iteration_end,19,1,4005,4005,True,8d5a31cc3efd9b7e,8d5a31cc3efd9b7e,True
PET,pet3,101,iteration_end,19,2,4005,4005,True,8d5a31cc3efd9b7e,8d5a31cc3efd9b7e,True
PET,pet3,101,iteration_end,19,3,4005,4005,True,8d5a31cc3efd9b7e,8d5a31cc3efd9b7e,True
PET,pet3,101,iteration_end,19,4,4005,4005,True,8d5a31cc3efd9b7e,8d5a31cc3efd9b7e,True
PET,pet3,101,iteration_end,19,5,4005,4005,True,8d5a31cc3efd9b7e,8d5a31cc3efd9b7e,True
PET,pet3,101,iteration_end,19,6,3995,3995,True,0c1fa67404202334,0c1fa67404202334,True
PET,pet3,101,iteration_end,19,7,3945,3945,True,2d4d8d621436f304,2d4d8d621436f304,True
PET,pet3,101,iteration_end,19,8,3945,3945,True,2d4d8d621436f304,2d4d8d621436f304,True
PET,pet3,101,iteration_end,19,9,3945,3945,True,2d4d8d621436f304,2d4d8d621436f304,True
PET,pet3,101,iteration_end,19,10,3825,3825,True,edd57574913ccb4d,edd57574913ccb4d,True
PET,pet3,101,iteration_end,19,11,3760,3760,True,ba41bae75968eafa,ba41bae75968eafa,True
PET,pet3,101,iteration_end,19,12,3715,3715,True,a95a38d7c48e6818,a95a38d7c48e6818,True
PET,pet3,101,iteration_end,19,13,3485,3485,True,bc6be18dca4624be,bc6be18dca4624be,True
PET,pet3,101,iteration_end,19,14,3325,3325,True,715d26fa0a53f1d2,715d26fa0a53f1d2,True
PET,pet3,101,iteration_end,19,15,3245,3245,True,54deee0a0074435b,54deee0a0074435b,True
PET,pet3,101,iteration_end,19,16,3245,3245,True,54deee0a0074435b,54deee0a0074435b,True
PET,pet3,101,iteration_end,19,17,3245,3245,True,54deee0a0074435b,54deee0a0074435b,True
PET,pet3,101,iteration_end,19,18,3245,3245,True,54deee0a0074435b,54deee0a0074435b,True
PET,pet3,101,iteration_end,19,19,3245,3245,True,54deee0a0074435b,54deee0a0074435b,True
PET,pet3,101,iteration_end,20,0,4005,4005,True,8d5a31cc3efd9b7e,8d5a31cc3efd9b7e,True
PET,pet3,101,iteration_end,20,1,4005,4005,True,8d5a31cc3efd9b7e,8d5a31cc3efd9b7e,True
PET,pet3,101,iteration_end,20,2,4005,4005,True,8d5a31cc3efd9b7e,8d5a31cc3efd9b7e,True
PET,pet3,101,iteration_end,20,3,3995,3995,True,0c1fa67404202334,0c1fa67404202334,True
PET,pet3,101,iteration_end,20,4,3985,3985,True,4fa5a6dd546d2c38,4fa5a6dd546d2c38,True
PET,pet3,101,iteration_end,20,5,3945,3945,True,2d4d8d621436f304,2d4d8d621436f304,True
PET,pet3,101,iteration_end,20,6,3825,3825,True,edd57574913ccb4d,edd57574913ccb4d,True
PET,pet3,101,iteration_end,20,7,3715,3715,True,a95a38d7c48e6818,a95a38d7c48e6818,True
PET,pet3,101,iteration_end,20,8,3325,3325,True,715d26fa0a53f1d2,715d26fa0a53f1d2,True
PET,pet3,101,iteration_end,20,9,3325,3325,True,715d26fa0a53f1d2,715d26fa0a53f1d2,True
PET,pet3,101,iteration_end,20,10,3325,3325,True,715d26fa0a53f1d2,715d26fa0a53f1d2,True
PET,pet3,101,iteration_end,20,11,3325,3325,True,715d26fa0a53f1d2,715d26fa0a53f1d2,True
PET,pet3,101,iteration_end,20,12,3245,3245,True,54deee0a0074435b,54deee0a0074435b,True
PET,pet3,101,iteration_end,20,13,3245,3245,True,54deee0a0074435b,54deee0a0074435b,True
PET,pet3,101,iteration_end,20,14,3245,3245,True,54deee0a0074435b,54deee0a0074435b,True
PET,pet3,101,iteration_end,20,15,3245,3245,True,54deee0a0074435b,54deee0a0074435b,True
PET,pet3,101,iteration_end,20,16,3245,3245,True,54deee0a0074435b,54deee0a0074435b,True
PET,pet3,101,iteration_end,20,17,3245,3245,True,54deee0a0074435b,54deee0a0074435b,True
PET,pet3,101,iteration_end,20,18,3245,3245,True,54deee0a0074435b,54deee0a0074435b,True
PET,pet3,101,iteration_end,20,19,3245,3245,True,54deee0a0074435b,54deee0a0074435b,True
PET,pet3,101,iteration_end,21,0,4005,4005,True,8d5a31cc3efd9b7e,8d5a31cc3efd9b7e,True
PET,pet3,101,iteration_end,21,1,4005,4005,True,8d5a31cc3efd9b7e,8d5a31cc3efd9b7e,True
PET,pet3,101,iteration_end,21,2,4005,4005,True,8d5a31cc3efd9b7e,8d5a31cc3efd9b7e,True
PET,pet3,101,iteration_end,21,3,4005,4005,True,8d5a31cc3efd9b7e,8d5a31cc3efd9b7e,True
PET,pet3,101,iteration_end,21,4,3985,3985,True,4fa5a6dd546d2c38,4fa5a6dd546d2c38,True
PET,pet3,101,iteration_end,21,5,3945,3945,True,2d4d8d621436f304,2d4d8d621436f304,True
PET,pet3,101,iteration_end,21,6,3945,3945,True,2d4d8d621436f304,2d4d8d621436f304,True
PET,pet3,101,iteration_end,21,7,3945,3945,True,2d4d8d621436f304,2d4d8d621436f304,True
PET,pet3,101,iteration_end,21,8,3945,3945,True,2d4d8d621436f304,2d4d8d621436f304,True
PET,pet3,101,iteration_end,21,9,3825,3825,True,edd57574913ccb4d,edd57574913ccb4d,True
PET,pet3,101,iteration_end,21,10,3805,3805,True,cb2b93e21f2bbbca,cb2b93e21f2bbbca,True
PET,pet3,101,iteration_end,21,11,3765,3765,True,6858e37d43c3359a,6858e37d43c3359a,True
PET,pet3,101,iteration_end,21,12,3325,3325,True,715d26fa0a53f1d2,715d26fa0a53f1d2,True
PET,pet3,101,iteration_end,21,13,3325,3325,True,715d26fa0a53f1d2,715d26fa0a53f1d2,True
PET,pet3,101,iteration_end,21,14,3325,3325,True,715d26fa0a53f1d2,715d26fa0a53f1d2,True
PET,pet3,101,iteration_end,21,15,3245,3245,True,54deee0a0074435b,54deee0a0074435b,True
PET,pet3,101,iteration_end,21,16,3245,3245,True,54deee0a0074435b,54deee0a0074435b,True
PET,pet3,101,iteration_end,21,17,3245,3245,True,54deee0a0074435b,54deee0a0074435b,True
PET,pet3,101,iteration_end,21,18,3245,3245,True,54deee0a0074435b,54deee0a0074435b,True
PET,pet3,101,iteration_end,21,19,3245,3245,True,54deee0a0074435b,54deee0a0074435b,True
PET,pet3,101,iteration_end,22,0,4005,4005,True,8d5a31cc3efd9b7e,8d5a31cc3efd9b7e,True
PET,pet3,101,iteration_end,22,1,4005,4005,True,8d5a31cc3efd9b7e,8d5a31cc3efd9b7e,True
PET,pet3,101,iteration_end,22,2,4005,4005,True,8d5a31cc3efd9b7e,8d5a31cc3efd9b7e,True
PET,pet3,101,iteration_end,22,3,4005,4005,True,8d5a31cc3efd9b7e,8d5a31cc3efd9b7e,True
PET,pet3,101,iteration_end,22,4,4005,4005,True,8d5a31cc3efd9b7e,8d5a31cc3efd9b7e,True
PET,pet3,101,iteration_end,22,5,4005,4005,True,8d5a31cc3efd9b7e,8d5a31cc3efd9b7e,True
PET,pet3,101,iteration_end,22,6,4005,4005,True,8d5a31cc3efd9b7e,8d5a31cc3efd9b7e,True
PET,pet3,101,iteration_end,22,7,4005,4005,True,8d5a31cc3efd9b7e,8d5a31cc3efd9b7e,True
PET,pet3,101,iteration_end,22,8,4005,4005,True,8d5a31cc3efd9b7e,8d5a31cc3efd9b7e,True
PET,pet3,101,iteration_end,22,9,4005,4005,True,8d5a31cc3efd9b7e,8d5a31cc3efd9b7e,True
PET,pet3,101,iteration_end,22,10,3985,3985,True,4fa5a6dd546d2c38,4fa5a6dd546d2c38,True
PET,pet3,101,iteration_end,22,11,3945,3945,True,2d4d8d621436f304,2d4d8d621436f304,True
PET,pet3,101,iteration_end,22,12,3945,3945,True,2d4d8d621436f304,2d4d8d621436f304,True
PET,pet3,101,iteration_end,22,13,3945,3945,True,2d4d8d621436f304,2d4d8d621436f304,True
PET,pet3,101,iteration_end,22,14,3485,3485,True,bc6be18dca4624be,bc6be18dca4624be,True
PET,pet3,101,iteration_end,22,15,3325,3325,True,715d26fa0a53f1d2,715d26fa0a53f1d2,True
PET,pet3,101,iteration_end,22,16,3245,3245,True,54deee0a0074435b,54deee0a0074435b,True
PET,pet3,101,iteration_end,22,17,3245,3245,True,54deee0a0074435b,54deee0a0074435b,True
PET,pet3,101,iteration_end,22,18,3245,3245,True,54deee0a0074435b,54deee0a0074435b,True
PET,pet3,101,iteration_end,22,19,3245,3245,True,54deee0a0074435b,54deee0a0074435b,True
PET,pet3,101,iteration_end,23,0,4005,4005,True,8d5a31cc3efd9b7e,8d5a31cc3efd9b7e,True
PET,pet3,101,iteration_end,23,1,4005,4005,True,8d5a31cc3efd9b7e,8d5a31cc3efd9b7e,True
PET,pet3,101,iteration_end,23,2,4005,4005,True,8d5a31cc3efd9b7e,8d5a31cc3efd9b7e,True
PET,pet3,101,iteration_end,23,3,4005,4005,True,8d5a31cc3efd9b7e,8d5a31cc3efd9b7e,True
PET,pet3,101,iteration_end,23,4,4005,4005,True,8d5a31cc3efd9b7e,8d5a31cc3efd9b7e,True
PET,pet3,101,iteration_end,23,5,3985,3985,True,4fa5a6dd546d2c38,4fa5a6dd546d2c38,True
PET,pet3,101,iteration_end,23,6,3945,3945,True,2d4d8d621436f304,2d4d8d621436f304,True
PET,pet3,101,iteration_end,23,7,3945,3945,True,2d4d8d621436f304,2d4d8d621436f304,True
PET,pet3,101,iteration_end,23,8,3945,3945,True,2d4d8d621436f304,2d4d8d621436f304,True
PET,pet3,101,iteration_end,23,9,3825,3825,True,2967b7b848315119,2967b7b848315119,True
PET,pet3,101,iteration_end,23,10,3800,3800,True,90284a1b73eab089,90284a1b73eab089,True
PET,pet3,101,iteration_end,23,11,3485,3485,True,bc6be18dca4624be,bc6be18dca4624be,True
PET,pet3,101,iteration_end,23,12,3245,3245,True,54deee0a0074435b,54deee0a0074435b,True
PET,pet3,101,iteration_end,23,13,3245,3245,True,54deee0a0074435b,54deee0a0074435b,True
PET,pet3,101,iteration_end,23,14,3245,3245,True,54deee0a0074435b,54deee0a0074435b,True
PET,pet3,101,iteration_end,23,15,3245,3245,True,54deee0a0074435b,54deee0a0074435b,True
PET,pet3,101,iteration_end,23,16,3245,3245,True,54deee0a0074435b,54deee0a0074435b,True
PET,pet3,101,iteration_end,23,17,3245,3245,True,54deee0a0074435b,54deee0a0074435b,True
PET,pet3,101,iteration_end,23,18,3245,3245,True,54deee0a0074435b,54deee0a0074435b,True
PET,pet3,101,iteration_end,23,19,3245,3245,True,54deee0a0074435b,54deee0a0074435b,True
PET,pet3,101,iteration_end,24,0,4005,4005,True,8d5a31cc3efd9b7e,8d5a31cc3efd9b7e,True
PET,pet3,101,iteration_end,24,1,4005,4005,True,8d5a31cc3efd9b7e,8d5a31cc3efd9b7e,True
PET,pet3,101,iteration_end,24,2,4005,4005,True,8d5a31cc3efd9b7e,8d5a31cc3efd9b7e,True
PET,pet3,101,iteration_end,24,3,4005,4005,True,8d5a31cc3efd9b7e,8d5a31cc3efd9b7e,True
PET,pet3,101,iteration_end,24,4,4005,4005,True,8d5a31cc3efd9b7e,8d5a31cc3efd9b7e,True
PET,pet3,101,iteration_end,24,5,3985,3985,True,4fa5a6dd546d2c38,4fa5a6dd546d2c38,True
PET,pet3,101,iteration_end,24,6,3985,3985,True,4fa5a6dd546d2c38,4fa5a6dd546d2c38,True
PET,pet3,101,iteration_end,24,7,3945,3945,True,2d4d8d621436f304,2d4d8d621436f304,True
PET,pet3,101,iteration_end,24,8,3945,3945,True,2d4d8d621436f304,2d4d8d621436f304,True
PET,pet3,101,iteration_end,24,9,3825,3825,True,2967b7b848315119,2967b7b848315119,True
PET,pet3,101,iteration_end,24,10,3805,3805,True,95ac8afb2cc7eeaf,95ac8afb2cc7eeaf,True
PET,pet3,101,iteration_end,24,11,3665,3665,True,e29243295ce9e78b,e29243295ce9e78b,True
PET,pet3,101,iteration_end,24,12,3485,3485,True,bc6be18dca4624be,bc6be18dca4624be,True
PET,pet3,101,iteration_end,24,13,3245,3245,True,54deee0a0074435b,54deee0a0074435b,True
PET,pet3,101,iteration_end,24,14,3245,3245,True,54deee0a0074435b,54deee0a0074435b,True
PET,pet3,101,iteration_end,24,15,3245,3245,True,54deee0a0074435b,54deee0a0074435b,True
PET,pet3,101,iteration_end,24,16,3245,3245,True,54deee0a0074435b,54deee0a0074435b,True
PET,pet3,101,iteration_end,24,17,3245,3245,True,54deee0a0074435b,54deee0a0074435b,True
PET,pet3,101,iteration_end,24,18,3245,3245,True,54deee0a0074435b,54deee0a0074435b,True
PET,pet3,101,iteration_end,24,19,3245,3245,True,54deee0a0074435b,54deee0a0074435b,True
PET,pet3,101,iteration_end,25,0,4005,4005,True,8d5a31cc3efd9b7e,8d5a31cc3efd9b7e,True
PET,pet3,101,iteration_end,25,1,4005,4005,True,8d5a31cc3efd9b7e,8d5a31cc3efd9b7e,True
PET,pet3,101,iteration_end,25,2,4005,4005,True,8d5a31cc3efd9b7e,8d5a31cc3efd9b7e,True
PET,pet3,101,iteration_end,25,3,4005,4005,True,8d5a31cc3efd9b7e,8d5a31cc3efd9b7e,True
PET,pet3,101,iteration_end,25,4,4005,4005,True,8d5a31cc3efd9b7e,8d5a31cc3efd9b7e,True
PET,pet3,101,iteration_end,25,5,3985,3985,True,4fa5a6dd546d2c38,4fa5a6dd546d2c38,True
PET,pet3,101,iteration_end,25,6,3945,3945,True,2d4d8d621436f304,2d4d8d621436f304,True
PET,pet3,101,iteration_end,25,7,3945,3945,True,2d4d8d621436f304,2d4d8d621436f304,True
PET,pet3,101,iteration_end,25,8,3945,3945,True,2d4d8d621436f304,2d4d8d621436f304,True
PET,pet3,101,iteration_end,25,9,3845,3845,True,c3b2965a420afede,c3b2965a420afede,True
PET,pet3,101,iteration_end,25,10,3825,3825,True,2967b7b848315119,2967b7b848315119,True
PET,pet3,101,iteration_end,25,11,3805,3805,True,95ac8afb2cc7eeaf,95ac8afb2cc7eeaf,True
PET,pet3,101,iteration_end,25,12,3665,3665,True,e29243295ce9e78b,e29243295ce9e78b,True
PET,pet3,101,iteration_end,25,13,3485,3485,True,bc6be18dca4624be,bc6be18dca4624be,True
PET,pet3,101,iteration_end,25,14,3245,3245,True,54deee0a0074435b,54deee0a0074435b,True
PET,pet3,101,iteration_end,25,15,3245,3245,True,54deee0a0074435b,54deee0a0074435b,True
PET,pet3,101,iteration_end,25,16,3245,3245,True,54deee0a0074435b,54deee0a0074435b,True
PET,pet3,101,iteration_end,25,17,3245,3245,True,54deee0a0074435b,54deee0a0074435b,True
PET,pet3,101,iteration_end,25,18,3245,3245,True,54deee0a0074435b,54deee0a0074435b,True
PET,pet3,101,iteration_end,25,19,3245,3245,True,54deee0a0074435b,54deee0a0074435b,True
PET,pet3,101,iteration_end,26,0,4005,4005,True,8d5a31cc3efd9b7e,8d5a31cc3efd9b7e,True
PET,pet3,101,iteration_end,26,1,4005,4005,True,8d5a31cc3efd9b7e,8d5a31cc3efd9b7e,True
PET,pet3,101,iteration_end,26,2,4005,4005,True,8d5a31cc3efd9b7e,8d5a31cc3efd9b7e,True
PET,pet3,101,iteration_end,26,3,4005,4005,True,8d5a31cc3efd9b7e,8d5a31cc3efd9b7e,True
PET,pet3,101,iteration_end,26,4,4005,4005,True,8d5a31cc3efd9b7e,8d5a31cc3efd9b7e,True
PET,pet3,101,iteration_end,26,5,4005,4005,True,8d5a31cc3efd9b7e,8d5a31cc3efd9b7e,True
PET,pet3,101,iteration_end,26,6,4005,4005,True,8d5a31cc3efd9b7e,8d5a31cc3efd9b7e,True
PET,pet3,101,iteration_end,26,7,3985,3985,True,4fa5a6dd546d2c38,4fa5a6dd546d2c38,True
PET,pet3,101,iteration_end,26,8,3945,3945,True,2d4d8d621436f304,2d4d8d621436f304,True
PET,pet3,101,iteration_end,26,9,3945,3945,True,2d4d8d621436f304,2d4d8d621436f304,True
PET,pet3,101,iteration_end,26,10,3845,3845,True,c3b2965a420afede,c3b2965a420afede,True
PET,pet3,101,iteration_end,26,11,3805,3805,True,95ac8afb2cc7eeaf,95ac8afb2cc7eeaf,True
PET,pet3,101,iteration_end,26,12,3745,3745,True,16c4744466765907,16c4744466765907,True
PET,pet3,101,iteration_end,26,13,3245,3245,True,54deee0a0074435b,54deee0a0074435b,True
PET,pet3,101,iteration_end,26,14,3245,3245,True,54deee0a0074435b,54deee0a0074435b,True
PET,pet3,101,iteration_end,26,15,3245,3245,True,54deee0a0074435b,54deee0a0074435b,True
PET,pet3,101,iteration_end,26,16,3245,3245,True,54deee0a0074435b,54deee0a0074435b,True
PET,pet3,101,iteration_end,26,17,3245,3245,True,54deee0a0074435b,54deee0a0074435b,True
PET,pet3,101,iteration_end,26,18,3245,3245,True,54deee0a0074435b,54deee0a0074435b,True
PET,pet3,101,iteration_end,26,19,3245,3245,True,54deee0a0074435b,54deee0a0074435b,True
PET,pet3,101,iteration_end,27,0,4005,4005,True,8d5a31cc3efd9b7e,8d5a31cc3efd9b7e,True
PET,pet3,101,iteration_end,27,1,4005,4005,True,8d5a31cc3efd9b7e,8d5a31cc3efd9b7e,True
PET,pet3,101,iteration_end,27,2,4005,4005,True,8d5a31cc3efd9b7e,8d5a31cc3efd9b7e,True
PET,pet3,101,iteration_end,27,3,4005,4005,True,8d5a31cc3efd9b7e,8d5a31cc3efd9b7e,True
PET,pet3,101,iteration_end,27,4,4005,4005,True,8d5a31cc3efd9b7e,8d5a31cc3efd9b7e,True
PET,pet3,101,iteration_end,27,5,4005,4005,True,8d5a31cc3efd9b7e,8d5a31cc3efd9b7e,True
PET,pet3,101,iteration_end,27,6,4005,4005,True,8d5a31cc3efd9b7e,8d5a31cc3efd9b7e,True
PET,pet3,101,iteration_end,27,7,4005,4005,True,8d5a31cc3efd9b7e,8d5a31cc3efd9b7e,True
PET,pet3,101,iteration_end,27,8,4005,4005,True,8d5a31cc3efd9b7e,8d5a31cc3efd9b7e,True
PET,pet3,101,iteration_end,27,9,3985,3985,True,4fa5a6dd546d2c38,4fa5a6dd546d2c38,True
PET,pet3,101,iteration_end,27,10,3945,3945,True,2d4d8d621436f304,2d4d8d621436f304,True
PET,pet3,101,iteration_end,27,11,3945,3945,True,2d4d8d621436f304,2d4d8d621436f304,True
PET,pet3,101,iteration_end,27,12,3945,3945,True,2d4d8d621436f304,2d4d8d621436f304,True
PET,pet3,101,iteration_end,27,13,3745,3745,True,16c4744466765907,16c4744466765907,True
PET,pet3,101,iteration_end,27,14,3245,3245,True,54deee0a0074435b,54deee0a0074435b,True
PET,pet3,101,iteration_end,27,15,3245,3245,True,54deee0a0074435b,54deee0a0074435b,True
PET,pet3,101,iteration_end,27,16,3245,3245,True,54deee0a0074435b,54deee0a0074435b,True
PET,pet3,101,iteration_end,27,17,3245,3245,True,54deee0a0074435b,54deee0a0074435b,True
PET,pet3,101,iteration_end,27,18,3245,3245,True,54deee0a0074435b,54deee0a0074435b,True
PET,pet3,101,iteration_end,27,19,3245,3245,True,54deee0a0074435b,54deee0a0074435b,True
PET,pet3,101,iteration_end,28,0,4005,4005,True,8d5a31cc3efd9b7e,8d5a31cc3efd9b7e,True
PET,pet3,101,iteration_end,28,1,4005,4005,True,8d5a31cc3efd9b7e,8d5a31cc3efd9b7e,True
PET,pet3,101,iteration_end,28,2,4005,4005,True,8d5a31cc3efd9b7e,8d5a31cc3efd9b7e,True
PET,pet3,101,iteration_end,28,3,4005,4005,True,8d5a31cc3efd9b7e,8d5a31cc3efd9b7e,True
PET,pet3,101,iteration_end,28,4,4005,4005,True,8d5a31cc3efd9b7e,8d5a31cc3efd9b7e,True
PET,pet3,101,iteration_end,28,5,4005,4005,True,8d5a31cc3efd9b7e,8d5a31cc3efd9b7e,True
PET,pet3,101,iteration_end,28,6,4005,4005,True,8d5a31cc3efd9b7e,8d5a31cc3efd9b7e,True
PET,pet3,101,iteration_end,28,7,3945,3945,True,2d4d8d621436f304,2d4d8d621436f304,True
PET,pet3,101,iteration_end,28,8,3945,3945,True,2d4d8d621436f304,2d4d8d621436f304,True
PET,pet3,101,iteration_end,28,9,3945,3945,True,2d4d8d621436f304,2d4d8d621436f304,True
PET,pet3,101,iteration_end,28,10,3945,3945,True,2d4d8d621436f304,2d4d8d621436f304,True
PET,pet3,101,iteration_end,28,11,3945,3945,True,2d4d8d621436f304,2d4d8d621436f304,True
PET,pet3,101,iteration_end,28,12,3745,3745,True,16c4744466765907,16c4744466765907,True
PET,pet3,101,iteration_end,28,13,3245,3245,True,54deee0a0074435b,54deee0a0074435b,True
PET,pet3,101,iteration_end,28,14,3245,3245,True,54deee0a0074435b,54deee0a0074435b,True
PET,pet3,101,iteration_end,28,15,3245,3245,True,54deee0a0074435b,54deee0a0074435b,True
PET,pet3,101,iteration_end,28,16,3245,3245,True,54deee0a0074435b,54deee0a0074435b,True
PET,pet3,101,iteration_end,28,17,3245,3245,True,54deee0a0074435b,54deee0a0074435b,True
PET,pet3,101,iteration_end,28,18,3245,3245,True,54deee0a0074435b,54deee0a0074435b,True
PET,pet3,101,iteration_end,28,19,3245,3245,True,54deee0a0074435b,54deee0a0074435b,True
PET,pet3,101,iteration_end,29,0,4005,4005,True,8d5a31cc3efd9b7e,8d5a31cc3efd9b7e,True
PET,pet3,101,iteration_end,29,1,4005,4005,True,8d5a31cc3efd9b7e,8d5a31cc3efd9b7e,True
PET,pet3,101,iteration_end,29,2,4005,4005,True,8d5a31cc3efd9b7e,8d5a31cc3efd9b7e,True
PET,pet3,101,iteration_end,29,3,4005,4005,True,8d5a31cc3efd9b7e,8d5a31cc3efd9b7e,True
PET,pet3,101,iteration_end,29,4,4005,4005,True,8d5a31cc3efd9b7e,8d5a31cc3efd9b7e,True
PET,pet3,101,iteration_end,29,5,4005,4005,True,8d5a31cc3efd9b7e,8d5a31cc3efd9b7e,True
PET,pet3,101,iteration_end,29,6,4005,4005,True,8d5a31cc3efd9b7e,8d5a31cc3efd9b7e,True
PET,pet3,101,iteration_end,29,7,4005,4005,True,8d5a31cc3efd9b7e,8d5a31cc3efd9b7e,True
PET,pet3,101,iteration_end,29,8,4005,4005,True,8d5a31cc3efd9b7e,8d5a31cc3efd9b7e,True
PET,pet3,101,iteration_end,29,9,4005,4005,True,8d5a31cc3efd9b7e,8d5a31cc3efd9b7e,True
PET,pet3,101,iteration_end,29,10,3985,3985,True,4fa5a6dd546d2c38,4fa5a6dd546d2c38,True
PET,pet3,101,iteration_end,29,11,3945,3945,True,2d4d8d621436f304,2d4d8d621436f304,True
PET,pet3,101,iteration_end,29,12,3945,3945,True,2d4d8d621436f304,2d4d8d621436f304,True
PET,pet3,101,iteration_end,29,13,3945,3945,True,2d4d8d621436f304,2d4d8d621436f304,True
PET,pet3,101,iteration_end,29,14,3945,3945,True,2d4d8d621436f304,2d4d8d621436f304,True
PET,pet3,101,iteration_end,29,15,3825,3825,True,2967b7b848315119,2967b7b848315119,True
PET,pet3,101,iteration_end,29,16,3745,3745,True,16c4744466765907,16c4744466765907,True
PET,pet3,101,iteration_end,29,17,3685,3685,True,89cfda66be6a5ece,89cfda66be6a5ece,True
PET,pet3,101,iteration_end,29,18,3245,3245,True,54deee0a0074435b,54deee0a0074435b,True
PET,pet3,101,iteration_end,29,19,3245,3245,True,54deee0a0074435b,54deee0a0074435b,True
PET,pet3,101,iteration_end,30,0,4005,4005,True,8d5a31cc3efd9b7e,8d5a31cc3efd9b7e,True
PET,pet3,101,iteration_end,30,1,4005,4005,True,8d5a31cc3efd9b7e,8d5a31cc3efd9b7e,True
PET,pet3,101,iteration_end,30,2,4005,4005,True,8d5a31cc3efd9b7e,8d5a31cc3efd9b7e,True
PET,pet3,101,iteration_end,30,3,4005,4005,True,8d5a31cc3efd9b7e,8d5a31cc3efd9b7e,True
PET,pet3,101,iteration_end,30,4,4005,4005,True,8d5a31cc3efd9b7e,8d5a31cc3efd9b7e,True
PET,pet3,101,iteration_end,30,5,4005,4005,True,8d5a31cc3efd9b7e,8d5a31cc3efd9b7e,True
PET,pet3,101,iteration_end,30,6,4005,4005,True,8d5a31cc3efd9b7e,8d5a31cc3efd9b7e,True
PET,pet3,101,iteration_end,30,7,4005,4005,True,8d5a31cc3efd9b7e,8d5a31cc3efd9b7e,True
PET,pet3,101,iteration_end,30,8,3945,3945,True,2d4d8d621436f304,2d4d8d621436f304,True
PET,pet3,101,iteration_end,30,9,3945,3945,True,2d4d8d621436f304,2d4d8d621436f304,True
PET,pet3,101,iteration_end,30,10,3945,3945,True,2d4d8d621436f304,2d4d8d621436f304,True
PET,pet3,101,iteration_end,30,11,3825,3825,True,bd17adae665c8391,bd17adae665c8391,True
PET,pet3,101,iteration_end,30,12,3685,3685,True,89cfda66be6a5ece,89cfda66be6a5ece,True
PET,pet3,101,iteration_end,30,13,3325,3325,True,715d26fa0a53f1d2,715d26fa0a53f1d2,True
PET,pet3,101,iteration_end,30,14,3245,3245,True,54deee0a0074435b,54deee0a0074435b,True
PET,pet3,101,iteration_end,30,15,3245,3245,True,54deee0a0074435b,54deee0a0074435b,True
PET,pet3,101,iteration_end,30,16,3245,3245,True,54deee0a0074435b,54deee0a0074435b,True
PET,pet3,101,iteration_end,30,17,3245,3245,True,54deee0a0074435b,54deee0a0074435b,True
PET,pet3,101,iteration_end,30,18,3245,3245,True,54deee0a0074435b,54deee0a0074435b,True
PET,pet3,101,iteration_end,30,19,3245,3245,True,54deee0a0074435b,54deee0a0074435b,True
PET,pet3,101,iteration_end,31,0,4005,4005,True,8d5a31cc3efd9b7e,8d5a31cc3efd9b7e,True
PET,pet3,101,iteration_end,31,1,4005,4005,True,8d5a31cc3efd9b7e,8d5a31cc3efd9b7e,True
PET,pet3,101,iteration_end,31,2,4005,4005,True,8d5a31cc3efd9b7e,8d5a31cc3efd9b7e,True
PET,pet3,101,iteration_end,31,3,4005,4005,True,8d5a31cc3efd9b7e,8d5a31cc3efd9b7e,True
PET,pet3,101,iteration_end,31,4,4005,4005,True,8d5a31cc3efd9b7e,8d5a31cc3efd9b7e,True
PET,pet3,101,iteration_end,31,5,4005,4005,True,8d5a31cc3efd9b7e,8d5a31cc3efd9b7e,True
PET,pet3,101,iteration_end,31,6,4005,4005,True,8d5a31cc3efd9b7e,8d5a31cc3efd9b7e,True
PET,pet3,101,iteration_end,31,7,3945,3945,True,2d4d8d621436f304,2d4d8d621436f304,True
PET,pet3,101,iteration_end,31,8,3915,3915,True,8be8c128b2f421a6,8be8c128b2f421a6,True
PET,pet3,101,iteration_end,31,9,3845,3845,True,3eb7d33383513482,3eb7d33383513482,True
PET,pet3,101,iteration_end,31,10,3825,3825,True,bd17adae665c8391,bd17adae665c8391,True
PET,pet3,101,iteration_end,31,11,3545,3545,True,f0abaf55e29aab18,f0abaf55e29aab18,True
PET,pet3,101,iteration_end,31,12,3325,3325,True,715d26fa0a53f1d2,715d26fa0a53f1d2,True
PET,pet3,101,iteration_end,31,13,3305,3305,True,78227f75409be197,78227f75409be197,True
PET,pet3,101,iteration_end,31,14,3245,3245,True,54deee0a0074435b,54deee0a0074435b,True
PET,pet3,101,iteration_end,31,15,3245,3245,True,54deee0a0074435b,54deee0a0074435b,True
PET,pet3,101,iteration_end,31,16,3245,3245,True,54deee0a0074435b,54deee0a0074435b,True
PET,pet3,101,iteration_end,31,17,3245,3245,True,54deee0a0074435b,54deee0a0074435b,True
PET,pet3,101,iteration_end,31,18,3245,3245,True,54deee0a0074435b,54deee0a0074435b,True
PET,pet3,101,iteration_end,31,19,3245,3245,True,54deee0a0074435b,54deee0a0074435b,True
PET,pet3,101,iteration_end,32,0,4005,4005,True,8d5a31cc3efd9b7e,8d5a31cc3efd9b7e,True
PET,pet3,101,iteration_end,32,1,4005,4005,True,8d5a31cc3efd9b7e,8d5a31cc3efd9b7e,True
PET,pet3,101,iteration_end,32,2,4005,4005,True,8d5a31cc3efd9b7e,8d5a31cc3efd9b7e,True
PET,pet3,101,iteration_end,32,3,4005,4005,True,8d5a31cc3efd9b7e,8d5a31cc3efd9b7e,True
PET,pet3,101,iteration_end,32,4,4005,4005,True,8d5a31cc3efd9b7e,8d5a31cc3efd9b7e,True
PET,pet3,101,iteration_end,32,5,4005,4005,True,8d5a31cc3efd9b7e,8d5a31cc3efd9b7e,True
PET,pet3,101,iteration_end,32,6,4005,4005,True,8d5a31cc3efd9b7e,8d5a31cc3efd9b7e,True
PET,pet3,101,iteration_end,32,7,4005,4005,True,8d5a31cc3efd9b7e,8d5a31cc3efd9b7e,True
PET,pet3,101,iteration_end,32,8,3985,3985,True,4fa5a6dd546d2c38,4fa5a6dd546d2c38,True
PET,pet3,101,iteration_end,32,9,3945,3945,True,2d4d8d621436f304,2d4d8d621436f304,True
PET,pet3,101,iteration_end,32,10,3945,3945,True,2d4d8d621436f304,2d4d8d621436f304,True
PET,pet3,101,iteration_end,32,11,3945,3945,True,2d4d8d621436f304,2d4d8d621436f304,True
PET,pet3,101,iteration_end,32,12,3845,3845,True,3eb7d33383513482,3eb7d33383513482,True
PET,pet3,101,iteration_end,32,13,3760,3760,True,ba41bae75968eafa,ba41bae75968eafa,True
PET,pet3,101,iteration_end,32,14,3665,3665,True,e29243295ce9e78b,e29243295ce9e78b,True
PET,pet3,101,iteration_end,32,15,3305,3305,True,78227f75409be197,78227f75409be197,True
PET,pet3,101,iteration_end,32,16,3245,3245,True,54deee0a0074435b,54deee0a0074435b,True
PET,pet3,101,iteration_end,32,17,3245,3245,True,54deee0a0074435b,54deee0a0074435b,True
PET,pet3,101,iteration_end,32,18,3245,3245,True,54deee0a0074435b,54deee0a0074435b,True
PET,pet3,101,iteration_end,32,19,3245,3245,True,54deee0a0074435b,54deee0a0074435b,True
PET,pet3,101,iteration_end,33,0,4005,4005,True,8d5a31cc3efd9b7e,8d5a31cc3efd9b7e,True
PET,pet3,101,iteration_end,33,1,4005,4005,True,8d5a31cc3efd9b7e,8d5a31cc3efd9b7e,True
PET,pet3,101,iteration_end,33,2,4005,4005,True,8d5a31cc3efd9b7e,8d5a31cc3efd9b7e,True
PET,pet3,101,iteration_end,33,3,4005,4005,True,8d5a31cc3efd9b7e,8d5a31cc3efd9b7e,True
PET,pet3,101,iteration_end,33,4,4005,4005,True,8d5a31cc3efd9b7e,8d5a31cc3efd9b7e,True
PET,pet3,101,iteration_end,33,5,4005,4005,True,8d5a31cc3efd9b7e,8d5a31cc3efd9b7e,True
PET,pet3,101,iteration_end,33,6,4005,4005,True,8d5a31cc3efd9b7e,8d5a31cc3efd9b7e,True
PET,pet3,101,iteration_end,33,7,4005,4005,True,8d5a31cc3efd9b7e,8d5a31cc3efd9b7e,True
PET,pet3,101,iteration_end,33,8,4005,4005,True,8d5a31cc3efd9b7e,8d5a31cc3efd9b7e,True
PET,pet3,101,iteration_end,33,9,3945,3945,True,2d4d8d621436f304,2d4d8d621436f304,True
PET,pet3,101,iteration_end,33,10,3945,3945,True,2d4d8d621436f304,2d4d8d621436f304,True
PET,pet3,101,iteration_end,33,11,3945,3945,True,2d4d8d621436f304,2d4d8d621436f304,True
PET,pet3,101,iteration_end,33,12,3945,3945,True,2d4d8d621436f304,2d4d8d621436f304,True
PET,pet3,101,iteration_end,33,13,3800,3800,True,90284a1b73eab089,90284a1b73eab089,True
PET,pet3,101,iteration_end,33,14,3760,3760,True,ba41bae75968eafa,ba41bae75968eafa,True
PET,pet3,101,iteration_end,33,15,3480,3480,True,4e6264d6b939e00a,4e6264d6b939e00a,True
PET,pet3,101,iteration_end,33,16,3245,3245,True,54deee0a0074435b,54deee0a0074435b,True
PET,pet3,101,iteration_end,33,17,3245,3245,True,54deee0a0074435b,54deee0a0074435b,True
PET,pet3,101,iteration_end,33,18,3245,3245,True,54deee0a0074435b,54deee0a0074435b,True
PET,pet3,101,iteration_end,33,19,3245,3245,True,54deee0a0074435b,54deee0a0074435b,True
PET,pet3,101,iteration_end,34,0,4005,4005,True,8d5a31cc3efd9b7e,8d5a31cc3efd9b7e,True
PET,pet3,101,iteration_end,34,1,4005,4005,True,8d5a31cc3efd9b7e,8d5a31cc3efd9b7e,True
PET,pet3,101,iteration_end,34,2,4005,4005,True,8d5a31cc3efd9b7e,8d5a31cc3efd9b7e,True
PET,pet3,101,iteration_end,34,3,4005,4005,True,8d5a31cc3efd9b7e,8d5a31cc3efd9b7e,True
PET,pet3,101,iteration_end,34,4,4005,4005,True,8d5a31cc3efd9b7e,8d5a31cc3efd9b7e,True
PET,pet3,101,iteration_end,34,5,4005,4005,True,8d5a31cc3efd9b7e,8d5a31cc3efd9b7e,True
PET,pet3,101,iteration_end,34,6,4005,4005,True,8d5a31cc3efd9b7e,8d5a31cc3efd9b7e,True
PET,pet3,101,iteration_end,34,7,4005,4005,True,8d5a31cc3efd9b7e,8d5a31cc3efd9b7e,True
PET,pet3,101,iteration_end,34,8,4005,4005,True,8d5a31cc3efd9b7e,8d5a31cc3efd9b7e,True
PET,pet3,101,iteration_end,34,9,3965,3965,True,759b0da13cb06a6e,759b0da13cb06a6e,True
PET,pet3,101,iteration_end,34,10,3945,3945,True,2d4d8d621436f304,2d4d8d621436f304,True
PET,pet3,101,iteration_end,34,11,3945,3945,True,2d4d8d621436f304,2d4d8d621436f304,True
PET,pet3,101,iteration_end,34,12,3945,3945,True,2d4d8d621436f304,2d4d8d621436f304,True
PET,pet3,101,iteration_end,34,13,3945,3945,True,2d4d8d621436f304,2d4d8d621436f304,True
PET,pet3,101,iteration_end,34,14,3945,3945,True,2d4d8d621436f304,2d4d8d621436f304,True
PET,pet3,101,iteration_end,34,15,3245,3245,True,54deee0a0074435b,54deee0a0074435b,True
PET,pet3,101,iteration_end,34,16,3245,3245,True,54deee0a0074435b,54deee0a0074435b,True
PET,pet3,101,iteration_end,34,17,3245,3245,True,54deee0a0074435b,54deee0a0074435b,True
PET,pet3,101,iteration_end,34,18,3245,3245,True,54deee0a0074435b,54deee0a0074435b,True
PET,pet3,101,iteration_end,34,19,3245,3245,True,54deee0a0074435b,54deee0a0074435b,True
PET,pet3,101,iteration_end,35,0,4005,4005,True,8d5a31cc3efd9b7e,8d5a31cc3efd9b7e,True
PET,pet3,101,iteration_end,35,1,4005,4005,True,8d5a31cc3efd9b7e,8d5a31cc3efd9b7e,True
PET,pet3,101,iteration_end,35,2,4005,4005,True,8d5a31cc3efd9b7e,8d5a31cc3efd9b7e,True
PET,pet3,101,iteration_end,35,3,4005,4005,True,8d5a31cc3efd9b7e,8d5a31cc3efd9b7e,True
PET,pet3,101,iteration_end,35,4,4005,4005,True,8d5a31cc3efd9b7e,8d5a31cc3efd9b7e,True
PET,pet3,101,iteration_end,35,5,4005,4005,True,8d5a31cc3efd9b7e,8d5a31cc3efd9b7e,True
PET,pet3,101,iteration_end,35,6,4005,4005,True,8d5a31cc3efd9b7e,8d5a31cc3efd9b7e,True
PET,pet3,101,iteration_end,35,7,4005,4005,True,8d5a31cc3efd9b7e,8d5a31cc3efd9b7e,True
PET,pet3,101,iteration_end,35,8,4005,4005,True,8d5a31cc3efd9b7e,8d5a31cc3efd9b7e,True
PET,pet3,101,iteration_end,35,9,4005,4005,True,8d5a31cc3efd9b7e,8d5a31cc3efd9b7e,True
PET,pet3,101,iteration_end,35,10,4005,4005,True,8d5a31cc3efd9b7e,8d5a31cc3efd9b7e,True
PET,pet3,101,iteration_end,35,11,4005,4005,True,8d5a31cc3efd9b7e,8d5a31cc3efd9b7e,True
PET,pet3,101,iteration_end,35,12,3965,3965,True,759b0da13cb06a6e,759b0da13cb06a6e,True
PET,pet3,101,iteration_end,35,13,3945,3945,True,2d4d8d621436f304,2d4d8d621436f304,True
PET,pet3,101,iteration_end,35,14,3945,3945,True,2d4d8d621436f304,2d4d8d621436f304,True
PET,pet3,101,iteration_end,35,15,3245,3245,True,54deee0a0074435b,54deee0a0074435b,True
PET,pet3,101,iteration_end,35,16,3245,3245,True,54deee0a0074435b,54deee0a0074435b,True
PET,pet3,101,iteration_end,35,17,3245,3245,True,54deee0a0074435b,54deee0a0074435b,True
PET,pet3,101,iteration_end,35,18,3245,3245,True,54deee0a0074435b,54deee0a0074435b,True
PET,pet3,101,iteration_end,35,19,3245,3245,True,54deee0a0074435b,54deee0a0074435b,True
PET,pet3,101,iteration_end,36,0,4005,4005,True,8d5a31cc3efd9b7e,8d5a31cc3efd9b7e,True
PET,pet3,101,iteration_end,36,1,4005,4005,True,8d5a31cc3efd9b7e,8d5a31cc3efd9b7e,True
PET,pet3,101,iteration_end,36,2,4005,4005,True,8d5a31cc3efd9b7e,8d5a31cc3efd9b7e,True
PET,pet3,101,iteration_end,36,3,4005,4005,True,8d5a31cc3efd9b7e,8d5a31cc3efd9b7e,True
PET,pet3,101,iteration_end,36,4,4005,4005,True,8d5a31cc3efd9b7e,8d5a31cc3efd9b7e,True
PET,pet3,101,iteration_end,36,5,4005,4005,True,8d5a31cc3efd9b7e,8d5a31cc3efd9b7e,True
PET,pet3,101,iteration_end,36,6,4005,4005,True,8d5a31cc3efd9b7e,8d5a31cc3efd9b7e,True
PET,pet3,101,iteration_end,36,7,4005,4005,True,8d5a31cc3efd9b7e,8d5a31cc3efd9b7e,True
PET,pet3,101,iteration_end,36,8,4005,4005,True,65e11624f29344e1,65e11624f29344e1,True
PET,pet3,101,iteration_end,36,9,4005,4005,True,8d5a31cc3efd9b7e,8d5a31cc3efd9b7e,True
PET,pet3,101,iteration_end,36,10,3965,3965,True,759b0da13cb06a6e,759b0da13cb06a6e,True
PET,pet3,101,iteration_end,36,11,3945,3945,True,2d4d8d621436f304,2d4d8d621436f304,True
PET,pet3,101,iteration_end,36,12,3945,3945,True,2d4d8d621436f304,2d4d8d621436f304,True
PET,pet3,101,iteration_end,36,13,3845,3845,True,3eb7d33383513482,3eb7d33383513482,True
PET,pet3,101,iteration_end,36,14,3245,3245,True,54deee0a0074435b,54deee0a0074435b,True
PET,pet3,101,iteration_end,36,15,3245,3245,True,54deee0a0074435b,54deee0a0074435b,True
PET,pet3,101,iteration_end,36,16,3245,3245,True,54deee0a0074435b,54deee0a0074435b,True
PET,pet3,101,iteration_end,36,17,3245,3245,True,54deee0a0074435b,54deee0a0074435b,True
PET,pet3,101,iteration_end,36,18,3245,3245,True,54deee0a0074435b,54deee0a0074435b,True
PET,pet3,101,iteration_end,36,19,3245,3245,True,54deee0a0074435b,54deee0a0074435b,True
PET,pet3,101,iteration_end,37,0,4005,4005,True,8d5a31cc3efd9b7e,8d5a31cc3efd9b7e,True
PET,pet3,101,iteration_end,37,1,4005,4005,True,8d5a31cc3efd9b7e,8d5a31cc3efd9b7e,True
PET,pet3,101,iteration_end,37,2,4005,4005,True,8d5a31cc3efd9b7e,8d5a31cc3efd9b7e,True
PET,pet3,101,iteration_end,37,3,4005,4005,True,8d5a31cc3efd9b7e,8d5a31cc3efd9b7e,True
PET,pet3,101,iteration_end,37,4,4005,4005,True,8d5a31cc3efd9b7e,8d5a31cc3efd9b7e,True
PET,pet3,101,iteration_end,37,5,4005,4005,True,8d5a31cc3efd9b7e,8d5a31cc3efd9b7e,True
PET,pet3,101,iteration_end,37,6,4005,4005,True,8d5a31cc3efd9b7e,8d5a31cc3efd9b7e,True
PET,pet3,101,iteration_end,37,7,3985,3985,True,4fa5a6dd546d2c38,4fa5a6dd546d2c38,True
PET,pet3,101,iteration_end,37,8,3965,3965,True,759b0da13cb06a6e,759b0da13cb06a6e,True
PET,pet3,101,iteration_end,37,9,3945,3945,True,2d4d8d621436f304,2d4d8d621436f304,True
PET,pet3,101,iteration_end,37,10,3845,3845,True,3eb7d33383513482,3eb7d33383513482,True
PET,pet3,101,iteration_end,37,11,3845,3845,True,3afacda0ef5beeac,3afacda0ef5beeac,True
PET,pet3,101,iteration_end,37,12,3825,3825,True,edd57574913ccb4d,edd57574913ccb4d,True
PET,pet3,101,iteration_end,37,13,3325,3325,True,715d26fa0a53f1d2,715d26fa0a53f1d2,True
PET,pet3,101,iteration_end,37,14,3245,3245,True,54deee0a0074435b,54deee0a0074435b,True
PET,pet3,101,iteration_end,37,15,3245,3245,True,54deee0a0074435b,54deee0a0074435b,True
PET,pet3,101,iteration_end,37,16,3245,3245,True,54deee0a0074435b,54deee0a0074435b,True
PET,pet3,101,iteration_end,37,17,3245,3245,True,54deee0a0074435b,54deee0a0074435b,True
PET,pet3,101,iteration_end,37,18,3245,3245,True,54deee0a0074435b,54deee0a0074435b,True
PET,pet3,101,iteration_end,37,19,3245,3245,True,54deee0a0074435b,54deee0a0074435b,True
PET,pet3,101,iteration_end,38,0,4005,4005,True,8d5a31cc3efd9b7e,8d5a31cc3efd9b7e,True
PET,pet3,101,iteration_end,38,1,4005,4005,True,8d5a31cc3efd9b7e,8d5a31cc3efd9b7e,True
PET,pet3,101,iteration_end,38,2,4005,4005,True,8d5a31cc3efd9b7e,8d5a31cc3efd9b7e,True
PET,pet3,101,iteration_end,38,3,4005,4005,True,8d5a31cc3efd9b7e,8d5a31cc3efd9b7e,True
PET,pet3,101,iteration_end,38,4,4005,4005,True,8d5a31cc3efd9b7e,8d5a31cc3efd9b7e,True
PET,pet3,101,iteration_end,38,5,4005,4005,True,8d5a31cc3efd9b7e,8d5a31cc3efd9b7e,True
PET,pet3,101,iteration_end,38,6,4005,4005,True,8d5a31cc3efd9b7e,8d5a31cc3efd9b7e,True
PET,pet3,101,iteration_end,38,7,3985,3985,True,4fa5a6dd546d2c38,4fa5a6dd546d2c38,True
PET,pet3,101,iteration_end,38,8,3945,3945,True,2d4d8d621436f304,2d4d8d621436f304,True
PET,pet3,101,iteration_end,38,9,3945,3945,True,2d4d8d621436f304,2d4d8d621436f304,True
PET,pet3,101,iteration_end,38,10,3900,3900,True,8a66c2f8b1418983,8a66c2f8b1418983,True
PET,pet3,101,iteration_end,38,11,3845,3845,True,3afacda0ef5beeac,3afacda0ef5beeac,True
PET,pet3,101,iteration_end,38,12,3845,3845,True,3eb7d33383513482,3eb7d33383513482,True
PET,pet3,101,iteration_end,38,13,3245,3245,True,54deee0a0074435b,54deee0a0074435b,True
PET,pet3,101,iteration_end,38,14,3245,3245,True,54deee0a0074435b,54deee0a0074435b,True
PET,pet3,101,iteration_end,38,15,3245,3245,True,54deee0a0074435b,54deee0a0074435b,True
PET,pet3,101,iteration_end,38,16,3245,3245,True,54deee0a0074435b,54deee0a0074435b,True
PET,pet3,101,iteration_end,38,17,3245,3245,True,54deee0a0074435b,54deee0a0074435b,True
PET,pet3,101,iteration_end,38,18,3245,3245,True,54deee0a0074435b,54deee0a0074435b,True
PET,pet3,101,iteration_end,38,19,3245,3245,True,54deee0a0074435b,54deee0a0074435b,True
PET,pet3,101,iteration_end,39,0,4005,4005,True,8d5a31cc3efd9b7e,8d5a31cc3efd9b7e,True
PET,pet3,101,iteration_end,39,1,4005,4005,True,8d5a31cc3efd9b7e,8d5a31cc3efd9b7e,True
PET,pet3,101,iteration_end,39,2,4005,4005,True,8d5a31cc3efd9b7e,8d5a31cc3efd9b7e,True
PET,pet3,101,iteration_end,39,3,4005,4005,True,8d5a31cc3efd9b7e,8d5a31cc3efd9b7e,True
PET,pet3,101,iteration_end,39,4,3985,3985,True,4fa5a6dd546d2c38,4fa5a6dd546d2c38,True
PET,pet3,101,iteration_end,39,5,3985,3985,True,4fa5a6dd546d2c38,4fa5a6dd546d2c38,True
PET,pet3,101,iteration_end,39,6,3945,3945,True,2d4d8d621436f304,2d4d8d621436f304,True
PET,pet3,101,iteration_end,39,7,3945,3945,True,2d4d8d621436f304,2d4d8d621436f304,True
PET,pet3,101,iteration_end,39,8,3845,3845,True,c3b2965a420afede,c3b2965a420afede,True
PET,pet3,101,iteration_end,39,9,3845,3845,True,c3b2965a420afede,c3b2965a420afede,True
PET,pet3,101,iteration_end,39,10,3845,3845,True,3eb7d33383513482,3eb7d33383513482,True
PET,pet3,101,iteration_end,39,11,3245,3245,True,54deee0a0074435b,54deee0a0074435b,True
PET,pet3,101,iteration_end,39,12,3245,3245,True,54deee0a0074435b,54deee0a0074435b,True
PET,pet3,101,iteration_end,39,13,3245,3245,True,54deee0a0074435b,54deee0a0074435b,True
PET,pet3,101,iteration_end,39,14,3245,3245,True,54deee0a0074435b,54deee0a0074435b,True
PET,pet3,101,iteration_end,39,15,3245,3245,True,54deee0a0074435b,54deee0a0074435b,True
PET,pet3,101,iteration_end,39,16,3245,3245,True,54deee0a0074435b,54deee0a0074435b,True
PET,pet3,101,iteration_end,39,17,3245,3245,True,54deee0a0074435b,54deee0a0074435b,True
PET,pet3,101,iteration_end,39,18,3245,3245,True,54deee0a0074435b,54deee0a0074435b,True
PET,pet3,101,iteration_end,39,19,3245,3245,True,54deee0a0074435b,54deee0a0074435b,True
PET,pet3,101,iteration_end,40,0,4005,4005,True,8d5a31cc3efd9b7e,8d5a31cc3efd9b7e,True
PET,pet3,101,iteration_end,40,1,4005,4005,True,8d5a31cc3efd9b7e,8d5a31cc3efd9b7e,True
PET,pet3,101,iteration_end,40,2,4005,4005,True,8d5a31cc3efd9b7e,8d5a31cc3efd9b7e,True
PET,pet3,101,iteration_end,40,3,4005,4005,True,8d5a31cc3efd9b7e,8d5a31cc3efd9b7e,True
PET,pet3,101,iteration_end,40,4,4005,4005,True,8d5a31cc3efd9b7e,8d5a31cc3efd9b7e,True
PET,pet3,101,iteration_end,40,5,4005,4005,True,8d5a31cc3efd9b7e,8d5a31cc3efd9b7e,True
PET,pet3,101,iteration_end,40,6,4005,4005,True,8d5a31cc3efd9b7e,8d5a31cc3efd9b7e,True
PET,pet3,101,iteration_end,40,7,3985,3985,True,4fa5a6dd546d2c38,4fa5a6dd546d2c38,True
PET,pet3,101,iteration_end,40,8,3945,3945,True,2d4d8d621436f304,2d4d8d621436f304,True
PET,pet3,101,iteration_end,40,9,3945,3945,True,2d4d8d621436f304,2d4d8d621436f304,True
PET,pet3,101,iteration_end,40,10,3935,3935,True,88a1f44fc1eb4c26,88a1f44fc1eb4c26,True
PET,pet3,101,iteration_end,40,11,3845,3845,True,3eb7d33383513482,3eb7d33383513482,True
PET,pet3,101,iteration_end,40,12,3845,3845,True,c3b2965a420afede,c3b2965a420afede,True
PET,pet3,101,iteration_end,40,13,3825,3825,True,2967b7b848315119,2967b7b848315119,True
PET,pet3,101,iteration_end,40,14,3245,3245,True,54deee0a0074435b,54deee0a0074435b,True
PET,pet3,101,iteration_end,40,15,3245,3245,True,54deee0a0074435b,54deee0a0074435b,True
PET,pet3,101,iteration_end,40,16,3245,3245,True,54deee0a0074435b,54deee0a0074435b,True
PET,pet3,101,iteration_end,40,17,3245,3245,True,54deee0a0074435b,54deee0a0074435b,True
PET,pet3,101,iteration_end,40,18,3245,3245,True,54deee0a0074435b,54deee0a0074435b,True
PET,pet3,101,iteration_end,40,19,3245,3245,True,54deee0a0074435b,54deee0a0074435b,True
PET,pet3,101,iteration_end,41,0,4005,4005,True,8d5a31cc3efd9b7e,8d5a31cc3efd9b7e,True
PET,pet3,101,iteration_end,41,1,4005,4005,True,8d5a31cc3efd9b7e,8d5a31cc3efd9b7e,True
PET,pet3,101,iteration_end,41,2,4005,4005,True,8d5a31cc3efd9b7e,8d5a31cc3efd9b7e,True
PET,pet3,101,iteration_end,41,3,4005,4005,True,8d5a31cc3efd9b7e,8d5a31cc3efd9b7e,True
PET,pet3,101,iteration_end,41,4,4005,4005,True,8d5a31cc3efd9b7e,8d5a31cc3efd9b7e,True
PET,pet3,101,iteration_end,41,5,4005,4005,True,8d5a31cc3efd9b7e,8d5a31cc3efd9b7e,True
PET,pet3,101,iteration_end,41,6,4005,4005,True,8d5a31cc3efd9b7e,8d5a31cc3efd9b7e,True
PET,pet3,101,iteration_end,41,7,4005,4005,True,8d5a31cc3efd9b7e,8d5a31cc3efd9b7e,True
PET,pet3,101,iteration_end,41,8,4005,4005,True,8d5a31cc3efd9b7e,8d5a31cc3efd9b7e,True
PET,pet3,101,iteration_end,41,9,3945,3945,True,2d4d8d621436f304,2d4d8d621436f304,True
PET,pet3,101,iteration_end,41,10,3945,3945,True,2d4d8d621436f304,2d4d8d621436f304,True
PET,pet3,101,iteration_end,41,11,3945,3945,True,2d4d8d621436f304,2d4d8d621436f304,True
PET,pet3,101,iteration_end,41,12,3935,3935,True,88a1f44fc1eb4c26,88a1f44fc1eb4c26,True
PET,pet3,101,iteration_end,41,13,3845,3845,True,c3b2965a420afede,c3b2965a420afede,True
PET,pet3,101,iteration_end,41,14,3325,3325,True,715d26fa0a53f1d2,715d26fa0a53f1d2,True
PET,pet3,101,iteration_end,41,15,3245,3245,True,54deee0a0074435b,54deee0a0074435b,True
PET,pet3,101,iteration_end,41,16,3245,3245,True,54deee0a0074435b,54deee0a0074435b,True
PET,pet3,101,iteration_end,41,17,3245,3245,True,54deee0a0074435b,54deee0a0074435b,True
PET,pet3,101,iteration_end,41,18,3245,3245,True,54deee0a0074435b,54deee0a0074435b,True
PET,pet3,101,iteration_end,41,19,3245,3245,True,54deee0a0074435b,54deee0a0074435b,True
PET,pet3,101,iteration_end,42,0,4005,4005,True,8d5a31cc3efd9b7e,8d5a31cc3efd9b7e,True
PET,pet3,101,iteration_end,42,1,4005,4005,True,8d5a31cc3efd9b7e,8d5a31cc3efd9b7e,True
PET,pet3,101,iteration_end,42,2,4005,4005,True,8d5a31cc3efd9b7e,8d5a31cc3efd9b7e,True
PET,pet3,101,iteration_end,42,3,4005,4005,True,8d5a31cc3efd9b7e,8d5a31cc3efd9b7e,True
PET,pet3,101,iteration_end,42,4,4005,4005,True,8d5a31cc3efd9b7e,8d5a31cc3efd9b7e,True
PET,pet3,101,iteration_end,42,5,4005,4005,True,8d5a31cc3efd9b7e,8d5a31cc3efd9b7e,True
PET,pet3,101,iteration_end,42,6,4005,4005,True,8d5a31cc3efd9b7e,8d5a31cc3efd9b7e,True
PET,pet3,101,iteration_end,42,7,4005,4005,True,8d5a31cc3efd9b7e,8d5a31cc3efd9b7e,True
PET,pet3,101,iteration_end,42,8,4005,4005,True,8d5a31cc3efd9b7e,8d5a31cc3efd9b7e,True
PET,pet3,101,iteration_end,42,9,4005,4005,True,8d5a31cc3efd9b7e,8d5a31cc3efd9b7e,True
PET,pet3,101,iteration_end,42,10,4005,4005,True,8d5a31cc3efd9b7e,8d5a31cc3efd9b7e,True
PET,pet3,101,iteration_end,42,11,4005,4005,True,8d5a31cc3efd9b7e,8d5a31cc3efd9b7e,True
PET,pet3,101,iteration_end,42,12,4005,4005,True,8d5a31cc3efd9b7e,8d5a31cc3efd9b7e,True
PET,pet3,101,iteration_end,42,13,3945,3945,True,2d4d8d621436f304,2d4d8d621436f304,True
PET,pet3,101,iteration_end,42,14,3935,3935,True,88a1f44fc1eb4c26,88a1f44fc1eb4c26,True
PET,pet3,101,iteration_end,42,15,3845,3845,True,c3b2965a420afede,c3b2965a420afede,True
PET,pet3,101,iteration_end,42,16,3675,3675,True,ad54000ba328fc36,ad54000ba328fc36,True
PET,pet3,101,iteration_end,42,17,3245,3245,True,54deee0a0074435b,54deee0a0074435b,True
PET,pet3,101,iteration_end,42,18,3245,3245,True,54deee0a0074435b,54deee0a0074435b,True
PET,pet3,101,iteration_end,42,19,3245,3245,True,54deee0a0074435b,54deee0a0074435b,True
PET,pet3,101,iteration_end,43,0,4005,4005,True,8d5a31cc3efd9b7e,8d5a31cc3efd9b7e,True
PET,pet3,101,iteration_end,43,1,4005,4005,True,8d5a31cc3efd9b7e,8d5a31cc3efd9b7e,True
PET,pet3,101,iteration_end,43,2,4005,4005,True,8d5a31cc3efd9b7e,8d5a31cc3efd9b7e,True
PET,pet3,101,iteration_end,43,3,4005,4005,True,8d5a31cc3efd9b7e,8d5a31cc3efd9b7e,True
PET,pet3,101,iteration_end,43,4,4005,4005,True,8d5a31cc3efd9b7e,8d5a31cc3efd9b7e,True
PET,pet3,101,iteration_end,43,5,4005,4005,True,8d5a31cc3efd9b7e,8d5a31cc3efd9b7e,True
PET,pet3,101,iteration_end,43,6,4005,4005,True,8d5a31cc3efd9b7e,8d5a31cc3efd9b7e,True
PET,pet3,101,iteration_end,43,7,4005,4005,True,8d5a31cc3efd9b7e,8d5a31cc3efd9b7e,True
PET,pet3,101,iteration_end,43,8,4005,4005,True,8d5a31cc3efd9b7e,8d5a31cc3efd9b7e,True
PET,pet3,101,iteration_end,43,9,4005,4005,True,8d5a31cc3efd9b7e,8d5a31cc3efd9b7e,True
PET,pet3,101,iteration_end,43,10,4005,4005,True,8d5a31cc3efd9b7e,8d5a31cc3efd9b7e,True
PET,pet3,101,iteration_end,43,11,3945,3945,True,2d4d8d621436f304,2d4d8d621436f304,True
PET,pet3,101,iteration_end,43,12,3945,3945,True,2d4d8d621436f304,2d4d8d621436f304,True
PET,pet3,101,iteration_end,43,13,3845,3845,True,c3b2965a420afede,c3b2965a420afede,True
PET,pet3,101,iteration_end,43,14,3845,3845,True,3eb7d33383513482,3eb7d33383513482,True
PET,pet3,101,iteration_end,43,15,3845,3845,True,3eb7d33383513482,3eb7d33383513482,True
PET,pet3,101,iteration_end,43,16,3245,3245,True,54deee0a0074435b,54deee0a0074435b,True
PET,pet3,101,iteration_end,43,17,3245,3245,True,54deee0a0074435b,54deee0a0074435b,True
PET,pet3,101,iteration_end,43,18,3245,3245,True,54deee0a0074435b,54deee0a0074435b,True
PET,pet3,101,iteration_end,43,19,3245,3245,True,54deee0a0074435b,54deee0a0074435b,True
PET,pet3,101,iteration_end,44,0,4005,4005,True,8d5a31cc3efd9b7e,8d5a31cc3efd9b7e,True
PET,pet3,101,iteration_end,44,1,4005,4005,True,8d5a31cc3efd9b7e,8d5a31cc3efd9b7e,True
PET,pet3,101,iteration_end,44,2,4005,4005,True,8d5a31cc3efd9b7e,8d5a31cc3efd9b7e,True
PET,pet3,101,iteration_end,44,3,4005,4005,True,8d5a31cc3efd9b7e,8d5a31cc3efd9b7e,True
PET,pet3,101,iteration_end,44,4,4005,4005,True,8d5a31cc3efd9b7e,8d5a31cc3efd9b7e,True
PET,pet3,101,iteration_end,44,5,4005,4005,True,8d5a31cc3efd9b7e,8d5a31cc3efd9b7e,True
PET,pet3,101,iteration_end,44,6,4005,4005,True,8d5a31cc3efd9b7e,8d5a31cc3efd9b7e,True
PET,pet3,101,iteration_end,44,7,4005,4005,True,8d5a31cc3efd9b7e,8d5a31cc3efd9b7e,True
PET,pet3,101,iteration_end,44,8,4005,4005,True,8d5a31cc3efd9b7e,8d5a31cc3efd9b7e,True
PET,pet3,101,iteration_end,44,9,4005,4005,True,8d5a31cc3efd9b7e,8d5a31cc3efd9b7e,True
PET,pet3,101,iteration_end,44,10,4005,4005,True,8d5a31cc3efd9b7e,8d5a31cc3efd9b7e,True
PET,pet3,101,iteration_end,44,11,4005,4005,True,8d5a31cc3efd9b7e,8d5a31cc3efd9b7e,True
PET,pet3,101,iteration_end,44,12,4005,4005,True,8d5a31cc3efd9b7e,8d5a31cc3efd9b7e,True
PET,pet3,101,iteration_end,44,13,3945,3945,True,2d4d8d621436f304,2d4d8d621436f304,True
PET,pet3,101,iteration_end,44,14,3945,3945,True,2d4d8d621436f304,2d4d8d621436f304,True
PET,pet3,101,iteration_end,44,15,3845,3845,True,c3b2965a420afede,c3b2965a420afede,True
PET,pet3,101,iteration_end,44,16,3845,3845,True,3eb7d33383513482,3eb7d33383513482,True
PET,pet3,101,iteration_end,44,17,3245,3245,True,54deee0a0074435b,54deee0a0074435b,True
PET,pet3,101,iteration_end,44,18,3245,3245,True,54deee0a0074435b,54deee0a0074435b,True
PET,pet3,101,iteration_end,44,19,3245,3245,True,54deee0a0074435b,54deee0a0074435b,True
PET,pet3,101,iteration_end,45,0,4005,4005,True,8d5a31cc3efd9b7e,8d5a31cc3efd9b7e,True
PET,pet3,101,iteration_end,45,1,4005,4005,True,8d5a31cc3efd9b7e,8d5a31cc3efd9b7e,True
PET,pet3,101,iteration_end,45,2,4005,4005,True,8d5a31cc3efd9b7e,8d5a31cc3efd9b7e,True
PET,pet3,101,iteration_end,45,3,4005,4005,True,8d5a31cc3efd9b7e,8d5a31cc3efd9b7e,True
PET,pet3,101,iteration_end,45,4,4005,4005,True,8d5a31cc3efd9b7e,8d5a31cc3efd9b7e,True
PET,pet3,101,iteration_end,45,5,4005,4005,True,8d5a31cc3efd9b7e,8d5a31cc3efd9b7e,True
PET,pet3,101,iteration_end,45,6,4005,4005,True,8d5a31cc3efd9b7e,8d5a31cc3efd9b7e,True
PET,pet3,101,iteration_end,45,7,4005,4005,True,8d5a31cc3efd9b7e,8d5a31cc3efd9b7e,True
PET,pet3,101,iteration_end,45,8,4005,4005,True,8d5a31cc3efd9b7e,8d5a31cc3efd9b7e,True
PET,pet3,101,iteration_end,45,9,4005,4005,True,8d5a31cc3efd9b7e,8d5a31cc3efd9b7e,True
PET,pet3,101,iteration_end,45,10,4005,4005,True,8d5a31cc3efd9b7e,8d5a31cc3efd9b7e,True
PET,pet3,101,iteration_end,45,11,3945,3945,True,2d4d8d621436f304,2d4d8d621436f304,True
PET,pet3,101,iteration_end,45,12,3945,3945,True,2d4d8d621436f304,2d4d8d621436f304,True
PET,pet3,101,iteration_end,45,13,3945,3945,True,2d4d8d621436f304,2d4d8d621436f304,True
PET,pet3,101,iteration_end,45,14,3845,3845,True,c3b2965a420afede,c3b2965a420afede,True
PET,pet3,101,iteration_end,45,15,3245,3245,True,54deee0a0074435b,54deee0a0074435b,True
PET,pet3,101,iteration_end,45,16,3245,3245,True,54deee0a0074435b,54deee0a0074435b,True
PET,pet3,101,iteration_end,45,17,3245,3245,True,54deee0a0074435b,54deee0a0074435b,True
PET,pet3,101,iteration_end,45,18,3245,3245,True,54deee0a0074435b,54deee0a0074435b,True
PET,pet3,101,iteration_end,45,19,3245,3245,True,54deee0a0074435b,54deee0a0074435b,True
PET,pet3,101,iteration_end,46,0,4005,4005,True,8d5a31cc3efd9b7e,8d5a31cc3efd9b7e,True
PET,pet3,101,iteration_end,46,1,4005,4005,True,8d5a31cc3efd9b7e,8d5a31cc3efd9b7e,True
PET,pet3,101,iteration_end,46,2,4005,4005,True,8d5a31cc3efd9b7e,8d5a31cc3efd9b7e,True
PET,pet3,101,iteration_end,46,3,4005,4005,True,8d5a31cc3efd9b7e,8d5a31cc3efd9b7e,True
PET,pet3,101,iteration_end,46,4,4005,4005,True,8d5a31cc3efd9b7e,8d5a31cc3efd9b7e,True
PET,pet3,101,iteration_end,46,5,4005,4005,True,8d5a31cc3efd9b7e,8d5a31cc3efd9b7e,True
PET,pet3,101,iteration_end,46,6,4005,4005,True,8d5a31cc3efd9b7e,8d5a31cc3efd9b7e,True
PET,pet3,101,iteration_end,46,7,4005,4005,True,8d5a31cc3efd9b7e,8d5a31cc3efd9b7e,True
PET,pet3,101,iteration_end,46,8,4005,4005,True,8d5a31cc3efd9b7e,8d5a31cc3efd9b7e,True
PET,pet3,101,iteration_end,46,9,3945,3945,True,2d4d8d621436f304,2d4d8d621436f304,True
PET,pet3,101,iteration_end,46,10,3945,3945,True,2d4d8d621436f304,2d4d8d621436f304,True
PET,pet3,101,iteration_end,46,11,3945,3945,True,2d4d8d621436f304,2d4d8d621436f304,True
PET,pet3,101,iteration_end,46,12,3945,3945,True,2d4d8d621436f304,2d4d8d621436f304,True
PET,pet3,101,iteration_end,46,13,3325,3325,True,715d26fa0a53f1d2,715d26fa0a53f1d2,True
PET,pet3,101,iteration_end,46,14,3245,3245,True,54deee0a0074435b,54deee0a0074435b,True
PET,pet3,101,iteration_end,46,15,3245,3245,True,54deee0a0074435b,54deee0a0074435b,True
PET,pet3,101,iteration_end,46,16,3245,3245,True,54deee0a0074435b,54deee0a0074435b,True
PET,pet3,101,iteration_end,46,17,3245,3245,True,54deee0a0074435b,54deee0a0074435b,True
PET,pet3,101,iteration_end,46,18,3245,3245,True,54deee0a0074435b,54deee0a0074435b,True
PET,pet3,101,iteration_end,46,19,3245,3245,True,54deee0a0074435b,54deee0a0074435b,True
PET,pet3,101,iteration_end,47,0,4005,4005,True,8d5a31cc3efd9b7e,8d5a31cc3efd9b7e,True
PET,pet3,101,iteration_end,47,1,4005,4005,True,8d5a31cc3efd9b7e,8d5a31cc3efd9b7e,True
PET,pet3,101,iteration_end,47,2,4005,4005,True,8d5a31cc3efd9b7e,8d5a31cc3efd9b7e,True
PET,pet3,101,iteration_end,47,3,4005,4005,True,8d5a31cc3efd9b7e,8d5a31cc3efd9b7e,True
PET,pet3,101,iteration_end,47,4,4005,4005,True,8d5a31cc3efd9b7e,8d5a31cc3efd9b7e,True
PET,pet3,101,iteration_end,47,5,4005,4005,True,8d5a31cc3efd9b7e,8d5a31cc3efd9b7e,True
PET,pet3,101,iteration_end,47,6,4005,4005,True,8d5a31cc3efd9b7e,8d5a31cc3efd9b7e,True
PET,pet3,101,iteration_end,47,7,4005,4005,True,8d5a31cc3efd9b7e,8d5a31cc3efd9b7e,True
PET,pet3,101,iteration_end,47,8,3945,3945,True,2d4d8d621436f304,2d4d8d621436f304,True
PET,pet3,101,iteration_end,47,9,3945,3945,True,2d4d8d621436f304,2d4d8d621436f304,True
PET,pet3,101,iteration_end,47,10,3945,3945,True,2d4d8d621436f304,2d4d8d621436f304,True
PET,pet3,101,iteration_end,47,11,3845,3845,True,c3b2965a420afede,c3b2965a420afede,True
PET,pet3,101,iteration_end,47,12,3800,3800,True,90284a1b73eab089,90284a1b73eab089,True
PET,pet3,101,iteration_end,47,13,3245,3245,True,54deee0a0074435b,54deee0a0074435b,True
PET,pet3,101,iteration_end,47,14,3245,3245,True,54deee0a0074435b,54deee0a0074435b,True
PET,pet3,101,iteration_end,47,15,3245,3245,True,54deee0a0074435b,54deee0a0074435b,True
PET,pet3,101,iteration_end,47,16,3245,3245,True,54deee0a0074435b,54deee0a0074435b,True
PET,pet3,101,iteration_end,47,17,3245,3245,True,54deee0a0074435b,54deee0a0074435b,True
PET,pet3,101,iteration_end,47,18,3245,3245,True,54deee0a0074435b,54deee0a0074435b,True
PET,pet3,101,iteration_end,47,19,3245,3245,True,54deee0a0074435b,54deee0a0074435b,True
PET,pet3,101,iteration_end,48,0,4005,4005,True,8d5a31cc3efd9b7e,8d5a31cc3efd9b7e,True
PET,pet3,101,iteration_end,48,1,4005,4005,True,8d5a31cc3efd9b7e,8d5a31cc3efd9b7e,True
PET,pet3,101,iteration_end,48,2,4005,4005,True,8d5a31cc3efd9b7e,8d5a31cc3efd9b7e,True
PET,pet3,101,iteration_end,48,3,4005,4005,True,8d5a31cc3efd9b7e,8d5a31cc3efd9b7e,True
PET,pet3,101,iteration_end,48,4,4005,4005,True,8d5a31cc3efd9b7e,8d5a31cc3efd9b7e,True
PET,pet3,101,iteration_end,48,5,4005,4005,True,8d5a31cc3efd9b7e,8d5a31cc3efd9b7e,True
PET,pet3,101,iteration_end,48,6,4005,4005,True,8d5a31cc3efd9b7e,8d5a31cc3efd9b7e,True
PET,pet3,101,iteration_end,48,7,3995,3995,True,0c1fa67404202334,0c1fa67404202334,True
PET,pet3,101,iteration_end,48,8,3945,3945,True,2d4d8d621436f304,2d4d8d621436f304,True
PET,pet3,101,iteration_end,48,9,3945,3945,True,2d4d8d621436f304,2d4d8d621436f304,True
PET,pet3,101,iteration_end,48,10,3945,3945,True,2d4d8d621436f304,2d4d8d621436f304,True
PET,pet3,101,iteration_end,48,11,3945,3945,True,2d4d8d621436f304,2d4d8d621436f304,True
PET,pet3,101,iteration_end,48,12,3845,3845,True,3eb7d33383513482,3eb7d33383513482,True
PET,pet3,101,iteration_end,48,13,3845,3845,True,c3b2965a420afede,c3b2965a420afede,True
PET,pet3,101,iteration_end,48,14,3800,3800,True,90284a1b73eab089,90284a1b73eab089,True
PET,pet3,101,iteration_end,48,15,3245,3245,True,54deee0a0074435b,54deee0a0074435b,True
PET,pet3,101,iteration_end,48,16,3245,3245,True,54deee0a0074435b,54deee0a0074435b,True
PET,pet3,101,iteration_end,48,17,3245,3245,True,54deee0a0074435b,54deee0a0074435b,True
PET,pet3,101,iteration_end,48,18,3245,3245,True,54deee0a0074435b,54deee0a0074435b,True
PET,pet3,101,iteration_end,48,19,3245,3245,True,54deee0a0074435b,54deee0a0074435b,True
PET,pet3,101,iteration_end,49,0,4005,4005,True,8d5a31cc3efd9b7e,8d5a31cc3efd9b7e,True
PET,pet3,101,iteration_end,49,1,4005,4005,True,8d5a31cc3efd9b7e,8d5a31cc3efd9b7e,True
PET,pet3,101,iteration_end,49,2,4005,4005,True,8d5a31cc3efd9b7e,8d5a31cc3efd9b7e,True
PET,pet3,101,iteration_end,49,3,4005,4005,True,8d5a31cc3efd9b7e,8d5a31cc3efd9b7e,True
PET,pet3,101,iteration_end,49,4,4005,4005,True,8d5a31cc3efd9b7e,8d5a31cc3efd9b7e,True
PET,pet3,101,iteration_end,49,5,4005,4005,True,8d5a31cc3efd9b7e,8d5a31cc3efd9b7e,True
PET,pet3,101,iteration_end,49,6,4005,4005,True,8d5a31cc3efd9b7e,8d5a31cc3efd9b7e,True
PET,pet3,101,iteration_end,49,7,3995,3995,True,0c1fa67404202334,0c1fa67404202334,True
PET,pet3,101,iteration_end,49,8,3945,3945,True,2d4d8d621436f304,2d4d8d621436f304,True
PET,pet3,101,iteration_end,49,9,3945,3945,True,2d4d8d621436f304,2d4d8d621436f304,True
PET,pet3,101,iteration_end,49,10,3845,3845,True,3eb7d33383513482,3eb7d33383513482,True
PET,pet3,101,iteration_end,49,11,3800,3800,True,90284a1b73eab089,90284a1b73eab089,True
PET,pet3,101,iteration_end,49,12,3245,3245,True,54deee0a0074435b,54deee0a0074435b,True
PET,pet3,101,iteration_end,49,13,3245,3245,True,54deee0a0074435b,54deee0a0074435b,True
PET,pet3,101,iteration_end,49,14,3245,3245,True,54deee0a0074435b,54deee0a0074435b,True
PET,pet3,101,iteration_end,49,15,3245,3245,True,54deee0a0074435b,54deee0a0074435b,True
PET,pet3,101,iteration_end,49,16,3245,3245,True,54deee0a0074435b,54deee0a0074435b,True
PET,pet3,101,iteration_end,49,17,3245,3245,True,54deee0a0074435b,54deee0a0074435b,True
PET,pet3,101,iteration_end,49,18,3245,3245,True,54deee0a0074435b,54deee0a0074435b,True
PET,pet3,101,iteration_end,49,19,3245,3245,True,54deee0a0074435b,54deee0a0074435b,True
PET,pet3,101,iteration_end,50,0,4005,4005,True,8d5a31cc3efd9b7e,8d5a31cc3efd9b7e,True
PET,pet3,101,iteration_end,50,1,4005,4005,True,8d5a31cc3efd9b7e,8d5a31cc3efd9b7e,True
PET,pet3,101,iteration_end,50,2,4005,4005,True,8d5a31cc3efd9b7e,8d5a31cc3efd9b7e,True
PET,pet3,101,iteration_end,50,3,4005,4005,True,8d5a31cc3efd9b7e,8d5a31cc3efd9b7e,True
PET,pet3,101,iteration_end,50,4,4005,4005,True,8d5a31cc3efd9b7e,8d5a31cc3efd9b7e,True
PET,pet3,101,iteration_end,50,5,4005,4005,True,8d5a31cc3efd9b7e,8d5a31cc3efd9b7e,True
PET,pet3,101,iteration_end,50,6,3995,3995,True,0c1fa67404202334,0c1fa67404202334,True
PET,pet3,101,iteration_end,50,7,3945,3945,True,2d4d8d621436f304,2d4d8d621436f304,True
PET,pet3,101,iteration_end,50,8,3945,3945,True,2d4d8d621436f304,2d4d8d621436f304,True
PET,pet3,101,iteration_end,50,9,3945,3945,True,2d4d8d621436f304,2d4d8d621436f304,True
PET,pet3,101,iteration_end,50,10,3945,3945,True,2d4d8d621436f304,2d4d8d621436f304,True
PET,pet3,101,iteration_end,50,11,3845,3845,True,3eb7d33383513482,3eb7d33383513482,True
PET,pet3,101,iteration_end,50,12,3325,3325,True,715d26fa0a53f1d2,715d26fa0a53f1d2,True
PET,pet3,101,iteration_end,50,13,3325,3325,True,715d26fa0a53f1d2,715d26fa0a53f1d2,True
PET,pet3,101,iteration_end,50,14,3245,3245,True,54deee0a0074435b,54deee0a0074435b,True
PET,pet3,101,iteration_end,50,15,3245,3245,True,54deee0a0074435b,54deee0a0074435b,True
PET,pet3,101,iteration_end,50,16,3245,3245,True,54deee0a0074435b,54deee0a0074435b,True
PET,pet3,101,iteration_end,50,17,3245,3245,True,54deee0a0074435b,54deee0a0074435b,True
PET,pet3,101,iteration_end,50,18,3245,3245,True,54deee0a0074435b,54deee0a0074435b,True
PET,pet3,101,iteration_end,50,19,3245,3245,True,54deee0a0074435b,54deee0a0074435b,True
PET,pet3,101,iteration_end,51,0,4005,4005,True,8d5a31cc3efd9b7e,8d5a31cc3efd9b7e,True
PET,pet3,101,iteration_end,51,1,4005,4005,True,8d5a31cc3efd9b7e,8d5a31cc3efd9b7e,True
PET,pet3,101,iteration_end,51,2,4005,4005,True,8d5a31cc3efd9b7e,8d5a31cc3efd9b7e,True
PET,pet3,101,iteration_end,51,3,4005,4005,True,8d5a31cc3efd9b7e,8d5a31cc3efd9b7e,True
PET,pet3,101,iteration_end,51,4,4005,4005,True,8d5a31cc3efd9b7e,8d5a31cc3efd9b7e,True
PET,pet3,101,iteration_end,51,5,4005,4005,True,8d5a31cc3efd9b7e,8d5a31cc3efd9b7e,True
PET,pet3,101,iteration_end,51,6,4005,4005,True,8d5a31cc3efd9b7e,8d5a31cc3efd9b7e,True
PET,pet3,101,iteration_end,51,7,3995,3995,True,0c1fa67404202334,0c1fa67404202334,True
PET,pet3,101,iteration_end,51,8,3945,3945,True,2d4d8d621436f304,2d4d8d621436f304,True
PET,pet3,101,iteration_end,51,9,3945,3945,True,2d4d8d621436f304,2d4d8d621436f304,True
PET,pet3,101,iteration_end,51,10,3845,3845,True,3eb7d33383513482,3eb7d33383513482,True
PET,pet3,101,iteration_end,51,11,3845,3845,True,c3b2965a420afede,c3b2965a420afede,True
PET,pet3,101,iteration_end,51,12,3780,3780,True,cc61acebf2481b16,cc61acebf2481b16,True
PET,pet3,101,iteration_end,51,13,3635,3635,True,3d3d80656a7772e5,3d3d80656a7772e5,True
PET,pet3,101,iteration_end,51,14,3325,3325,True,715d26fa0a53f1d2,715d26fa0a53f1d2,True
PET,pet3,101,iteration_end,51,15,3245,3245,True,54deee0a0074435b,54deee0a0074435b,True
PET,pet3,101,iteration_end,51,16,3245,3245,True,54deee0a0074435b,54deee0a0074435b,True
PET,pet3,101,iteration_end,51,17,3245,3245,True,54deee0a0074435b,54deee0a0074435b,True
PET,pet3,101,iteration_end,51,18,3245,3245,True,54deee0a0074435b,54deee0a0074435b,True
PET,pet3,101,iteration_end,51,19,3245,3245,True,54deee0a0074435b,54deee0a0074435b,True
PET,pet3,101,iteration_end,52,0,4005,4005,True,8d5a31cc3efd9b7e,8d5a31cc3efd9b7e,True
PET,pet3,101,iteration_end,52,1,4005,4005,True,8d5a31cc3efd9b7e,8d5a31cc3efd9b7e,True
PET,pet3,101,iteration_end,52,2,4005,4005,True,8d5a31cc3efd9b7e,8d5a31cc3efd9b7e,True
PET,pet3,101,iteration_end,52,3,4005,4005,True,8d5a31cc3efd9b7e,8d5a31cc3efd9b7e,True
PET,pet3,101,iteration_end,52,4,4005,4005,True,8d5a31cc3efd9b7e,8d5a31cc3efd9b7e,True
PET,pet3,101,iteration_end,52,5,4005,4005,True,8d5a31cc3efd9b7e,8d5a31cc3efd9b7e,True
PET,pet3,101,iteration_end,52,6,4005,4005,True,8d5a31cc3efd9b7e,8d5a31cc3efd9b7e,True
PET,pet3,101,iteration_end,52,7,4005,4005,True,8d5a31cc3efd9b7e,8d5a31cc3efd9b7e,True
PET,pet3,101,iteration_end,52,8,4005,4005,True,8d5a31cc3efd9b7e,8d5a31cc3efd9b7e,True
PET,pet3,101,iteration_end,52,9,4005,4005,True,8d5a31cc3efd9b7e,8d5a31cc3efd9b7e,True
PET,pet3,101,iteration_end,52,10,3945,3945,True,2d4d8d621436f304,2d4d8d621436f304,True
PET,pet3,101,iteration_end,52,11,3945,3945,True,2d4d8d621436f304,2d4d8d621436f304,True
PET,pet3,101,iteration_end,52,12,3845,3845,True,3eb7d33383513482,3eb7d33383513482,True
PET,pet3,101,iteration_end,52,13,3845,3845,True,3eb7d33383513482,3eb7d33383513482,True
PET,pet3,101,iteration_end,52,14,3805,3805,True,718dc1614d0fcce4,718dc1614d0fcce4,True
PET,pet3,101,iteration_end,52,15,3635,3635,True,3d3d80656a7772e5,3d3d80656a7772e5,True
PET,pet3,101,iteration_end,52,16,3625,3625,True,93c55884cf5a35fe,93c55884cf5a35fe,True
PET,pet3,101,iteration_end,52,17,3325,3325,True,715d26fa0a53f1d2,715d26fa0a53f1d2,True
PET,pet3,101,iteration_end,52,18,3305,3305,True,78227f75409be197,78227f75409be197,True
PET,pet3,101,iteration_end,52,19,3245,3245,True,54deee0a0074435b,54deee0a0074435b,True
PET,pet3,101,iteration_end,53,0,4005,4005,True,8d5a31cc3efd9b7e,8d5a31cc3efd9b7e,True
PET,pet3,101,iteration_end,53,1,4005,4005,True,8d5a31cc3efd9b7e,8d5a31cc3efd9b7e,True
PET,pet3,101,iteration_end,53,2,4005,4005,True,8d5a31cc3efd9b7e,8d5a31cc3efd9b7e,True
PET,pet3,101,iteration_end,53,3,4005,4005,True,8d5a31cc3efd9b7e,8d5a31cc3efd9b7e,True
PET,pet3,101,iteration_end,53,4,4005,4005,True,8d5a31cc3efd9b7e,8d5a31cc3efd9b7e,True
PET,pet3,101,iteration_end,53,5,4005,4005,True,8d5a31cc3efd9b7e,8d5a31cc3efd9b7e,True
PET,pet3,101,iteration_end,53,6,4005,4005,True,8d5a31cc3efd9b7e,8d5a31cc3efd9b7e,True
PET,pet3,101,iteration_end,53,7,4005,4005,True,8d5a31cc3efd9b7e,8d5a31cc3efd9b7e,True
PET,pet3,101,iteration_end,53,8,4005,4005,True,8d5a31cc3efd9b7e,8d5a31cc3efd9b7e,True
PET,pet3,101,iteration_end,53,9,3900,3900,True,8a66c2f8b1418983,8a66c2f8b1418983,True
PET,pet3,101,iteration_end,53,10,3845,3845,True,3eb7d33383513482,3eb7d33383513482,True
PET,pet3,101,iteration_end,53,11,3825,3825,True,bd17adae665c8391,bd17adae665c8391,True
PET,pet3,101,iteration_end,53,12,3805,3805,True,718dc1614d0fcce4,718dc1614d0fcce4,True
PET,pet3,101,iteration_end,53,13,3805,3805,True,95ac8afb2cc7eeaf,95ac8afb2cc7eeaf,True
PET,pet3,101,iteration_end,53,14,3635,3635,True,3d3d80656a7772e5,3d3d80656a7772e5,True
PET,pet3,101,iteration_end,53,15,3325,3325,True,715d26fa0a53f1d2,715d26fa0a53f1d2,True
PET,pet3,101,iteration_end,53,16,3305,3305,True,78227f75409be197,78227f75409be197,True
PET,pet3,101,iteration_end,53,17,3245,3245,True,54deee0a0074435b,54deee0a0074435b,True
PET,pet3,101,iteration_end,53,18,3245,3245,True,54deee0a0074435b,54deee0a0074435b,True
PET,pet3,101,iteration_end,53,19,3245,3245,True,54deee0a0074435b,54deee0a0074435b,True
PET,pet3,101,iteration_end,54,0,4005,4005,True,8d5a31cc3efd9b7e,8d5a31cc3efd9b7e,True
PET,pet3,101,iteration_end,54,1,4005,4005,True,8d5a31cc3efd9b7e,8d5a31cc3efd9b7e,True
PET,pet3,101,iteration_end,54,2,4005,4005,True,8d5a31cc3efd9b7e,8d5a31cc3efd9b7e,True
PET,pet3,101,iteration_end,54,3,4005,4005,True,8d5a31cc3efd9b7e,8d5a31cc3efd9b7e,True
PET,pet3,101,iteration_end,54,4,4005,4005,True,8d5a31cc3efd9b7e,8d5a31cc3efd9b7e,True
PET,pet3,101,iteration_end,54,5,4005,4005,True,8d5a31cc3efd9b7e,8d5a31cc3efd9b7e,True
PET,pet3,101,iteration_end,54,6,4005,4005,True,8d5a31cc3efd9b7e,8d5a31cc3efd9b7e,True
PET,pet3,101,iteration_end,54,7,4005,4005,True,8d5a31cc3efd9b7e,8d5a31cc3efd9b7e,True
PET,pet3,101,iteration_end,54,8,3945,3945,True,2d4d8d621436f304,2d4d8d621436f304,True
PET,pet3,101,iteration_end,54,9,3915,3915,True,8be8c128b2f421a6,8be8c128b2f421a6,True
PET,pet3,101,iteration_end,54,10,3900,3900,True,8a66c2f8b1418983,8a66c2f8b1418983,True
PET,pet3,101,iteration_end,54,11,3845,3845,True,3eb7d33383513482,3eb7d33383513482,True
PET,pet3,101,iteration_end,54,12,3825,3825,True,bd17adae665c8391,bd17adae665c8391,True
PET,pet3,101,iteration_end,54,13,3805,3805,True,95ac8afb2cc7eeaf,95ac8afb2cc7eeaf,True
PET,pet3,101,iteration_end,54,14,3760,3760,True,51c82161eb2bd524,51c82161eb2bd524,True
PET,pet3,101,iteration_end,54,15,3305,3305,True,78227f75409be197,78227f75409be197,True
PET,pet3,101,iteration_end,54,16,3245,3245,True,54deee0a0074435b,54deee0a0074435b,True
PET,pet3,101,iteration_end,54,17,3245,3245,True,54deee0a0074435b,54deee0a0074435b,True
PET,pet3,101,iteration_end,54,18,3245,3245,True,54deee0a0074435b,54deee0a0074435b,True
PET,pet3,101,iteration_end,54,19,3245,3245,True,54deee0a0074435b,54deee0a0074435b,True
PET,pet3,101,iteration_end,55,0,4005,4005,True,8d5a31cc3efd9b7e,8d5a31cc3efd9b7e,True
PET,pet3,101,iteration_end,55,1,4005,4005,True,8d5a31cc3efd9b7e,8d5a31cc3efd9b7e,True
PET,pet3,101,iteration_end,55,2,4005,4005,True,8d5a31cc3efd9b7e,8d5a31cc3efd9b7e,True
PET,pet3,101,iteration_end,55,3,4005,4005,True,8d5a31cc3efd9b7e,8d5a31cc3efd9b7e,True
PET,pet3,101,iteration_end,55,4,4005,4005,True,8d5a31cc3efd9b7e,8d5a31cc3efd9b7e,True
PET,pet3,101,iteration_end,55,5,4005,4005,True,8d5a31cc3efd9b7e,8d5a31cc3efd9b7e,True
PET,pet3,101,iteration_end,55,6,4005,4005,True,8d5a31cc3efd9b7e,8d5a31cc3efd9b7e,True
PET,pet3,101,iteration_end,55,7,4005,4005,True,8d5a31cc3efd9b7e,8d5a31cc3efd9b7e,True
PET,pet3,101,iteration_end,55,8,3945,3945,True,2d4d8d621436f304,2d4d8d621436f304,True
PET,pet3,101,iteration_end,55,9,3945,3945,True,2d4d8d621436f304,2d4d8d621436f304,True
PET,pet3,101,iteration_end,55,10,3760,3760,True,51c82161eb2bd524,51c82161eb2bd524,True
PET,pet3,101,iteration_end,55,11,3325,3325,True,715d26fa0a53f1d2,715d26fa0a53f1d2,True
PET,pet3,101,iteration_end,55,12,3245,3245,True,54deee0a0074435b,54deee0a0074435b,True
PET,pet3,101,iteration_end,55,13,3245,3245,True,54deee0a0074435b,54deee0a0074435b,True
PET,pet3,101,iteration_end,55,14,3245,3245,True,54deee0a0074435b,54deee0a0074435b,True
PET,pet3,101,iteration_end,55,15,3245,3245,True,54deee0a0074435b,54deee0a0074435b,True
PET,pet3,101,iteration_end,55,16,3245,3245,True,54deee0a0074435b,54deee0a0074435b,True
PET,pet3,101,iteration_end,55,17,3245,3245,True,54deee0a0074435b,54deee0a0074435b,True
PET,pet3,101,iteration_end,55,18,3245,3245,True,54deee0a0074435b,54deee0a0074435b,True
PET,pet3,101,iteration_end,55,19,3245,3245,True,54deee0a0074435b,54deee0a0074435b,True
PET,pet3,101,iteration_end,56,0,4005,4005,True,8d5a31cc3efd9b7e,8d5a31cc3efd9b7e,True
PET,pet3,101,iteration_end,56,1,4005,4005,True,8d5a31cc3efd9b7e,8d5a31cc3efd9b7e,True
PET,pet3,101,iteration_end,56,2,4005,4005,True,8d5a31cc3efd9b7e,8d5a31cc3efd9b7e,True
PET,pet3,101,iteration_end,56,3,4005,4005,True,8d5a31cc3efd9b7e,8d5a31cc3efd9b7e,True
PET,pet3,101,iteration_end,56,4,4005,4005,True,8d5a31cc3efd9b7e,8d5a31cc3efd9b7e,True
PET,pet3,101,iteration_end,56,5,4005,4005,True,8d5a31cc3efd9b7e,8d5a31cc3efd9b7e,True
PET,pet3,101,iteration_end,56,6,4005,4005,True,8d5a31cc3efd9b7e,8d5a31cc3efd9b7e,True
PET,pet3,101,iteration_end,56,7,4005,4005,True,8d5a31cc3efd9b7e,8d5a31cc3efd9b7e,True
PET,pet3,101,iteration_end,56,8,3945,3945,True,2d4d8d621436f304,2d4d8d621436f304,True
PET,pet3,101,iteration_end,56,9,3945,3945,True,2d4d8d621436f304,2d4d8d621436f304,True
PET,pet3,101,iteration_end,56,10,3945,3945,True,2d4d8d621436f304,2d4d8d621436f304,True
PET,pet3,101,iteration_end,56,11,3845,3845,True,3eb7d33383513482,3eb7d33383513482,True
PET,pet3,101,iteration_end,56,12,3245,3245,True,54deee0a0074435b,54deee0a0074435b,True
PET,pet3,101,iteration_end,56,13,3245,3245,True,54deee0a0074435b,54deee0a0074435b,True
PET,pet3,101,iteration_end,56,14,3245,3245,True,54deee0a0074435b,54deee0a0074435b,True
PET,pet3,101,iteration_end,56,15,3245,3245,True,54deee0a0074435b,54deee0a0074435b,True
PET,pet3,101,iteration_end,56,16,3245,3245,True,54deee0a0074435b,54deee0a0074435b,True
PET,pet3,101,iteration_end,56,17,3245,3245,True,54deee0a0074435b,54deee0a0074435b,True
PET,pet3,101,iteration_end,56,18,3245,3245,True,54deee0a0074435b,54deee0a0074435b,True
PET,pet3,101,iteration_end,56,19,3245,3245,True,54deee0a0074435b,54deee0a0074435b,True
PET,pet3,101,iteration_end,57,0,4005,4005,True,8d5a31cc3efd9b7e,8d5a31cc3efd9b7e,True
PET,pet3,101,iteration_end,57,1,4005,4005,True,8d5a31cc3efd9b7e,8d5a31cc3efd9b7e,True
PET,pet3,101,iteration_end,57,2,4005,4005,True,8d5a31cc3efd9b7e,8d5a31cc3efd9b7e,True
PET,pet3,101,iteration_end,57,3,4005,4005,True,8d5a31cc3efd9b7e,8d5a31cc3efd9b7e,True
PET,pet3,101,iteration_end,57,4,4005,4005,True,8d5a31cc3efd9b7e,8d5a31cc3efd9b7e,True
PET,pet3,101,iteration_end,57,5,4005,4005,True,8d5a31cc3efd9b7e,8d5a31cc3efd9b7e,True
PET,pet3,101,iteration_end,57,6,4005,4005,True,8d5a31cc3efd9b7e,8d5a31cc3efd9b7e,True
PET,pet3,101,iteration_end,57,7,3945,3945,True,2d4d8d621436f304,2d4d8d621436f304,True
PET,pet3,101,iteration_end,57,8,3945,3945,True,2d4d8d621436f304,2d4d8d621436f304,True
PET,pet3,101,iteration_end,57,9,3945,3945,True,2d4d8d621436f304,2d4d8d621436f304,True
PET,pet3,101,iteration_end,57,10,3945,3945,True,2d4d8d621436f304,2d4d8d621436f304,True
PET,pet3,101,iteration_end,57,11,3945,3945,True,2d4d8d621436f304,2d4d8d621436f304,True
PET,pet3,101,iteration_end,57,12,3845,3845,True,3eb7d33383513482,3eb7d33383513482,True
PET,pet3,101,iteration_end,57,13,3245,3245,True,54deee0a0074435b,54deee0a0074435b,True
PET,pet3,101,iteration_end,57,14,3245,3245,True,54deee0a0074435b,54deee0a0074435b,True
PET,pet3,101,iteration_end,57,15,3245,3245,True,54deee0a0074435b,54deee0a0074435b,True
PET,pet3,101,iteration_end,57,16,3245,3245,True,54deee0a0074435b,54deee0a0074435b,True
PET,pet3,101,iteration_end,57,17,3245,3245,True,54deee0a0074435b,54deee0a0074435b,True
PET,pet3,101,iteration_end,57,18,3245,3245,True,54deee0a0074435b,54deee0a0074435b,True
PET,pet3,101,iteration_end,57,19,3245,3245,True,54deee0a0074435b,54deee0a0074435b,True
PET,pet3,101,iteration_end,58,0,4005,4005,True,8d5a31cc3efd9b7e,8d5a31cc3efd9b7e,True
PET,pet3,101,iteration_end,58,1,4005,4005,True,8d5a31cc3efd9b7e,8d5a31cc3efd9b7e,True
PET,pet3,101,iteration_end,58,2,4005,4005,True,8d5a31cc3efd9b7e,8d5a31cc3efd9b7e,True
PET,pet3,101,iteration_end,58,3,4005,4005,True,8d5a31cc3efd9b7e,8d5a31cc3efd9b7e,True
PET,pet3,101,iteration_end,58,4,4005,4005,True,8d5a31cc3efd9b7e,8d5a31cc3efd9b7e,True
PET,pet3,101,iteration_end,58,5,4005,4005,True,8d5a31cc3efd9b7e,8d5a31cc3efd9b7e,True
PET,pet3,101,iteration_end,58,6,4005,4005,True,8d5a31cc3efd9b7e,8d5a31cc3efd9b7e,True
PET,pet3,101,iteration_end,58,7,3995,3995,True,0c1fa67404202334,0c1fa67404202334,True
PET,pet3,101,iteration_end,58,8,3945,3945,True,2d4d8d621436f304,2d4d8d621436f304,True
PET,pet3,101,iteration_end,58,9,3945,3945,True,2d4d8d621436f304,2d4d8d621436f304,True
PET,pet3,101,iteration_end,58,10,3945,3945,True,2d4d8d621436f304,2d4d8d621436f304,True
PET,pet3,101,iteration_end,58,11,3685,3685,True,89cfda66be6a5ece,89cfda66be6a5ece,True
PET,pet3,101,iteration_end,58,12,3245,3245,True,54deee0a0074435b,54deee0a0074435b,True
PET,pet3,101,iteration_end,58,13,3245,3245,True,54deee0a0074435b,54deee0a0074435b,True
PET,pet3,101,iteration_end,58,14,3245,3245,True,54deee0a0074435b,54deee0a0074435b,True
PET,pet3,101,iteration_end,58,15,3245,3245,True,54deee0a0074435b,54deee0a0074435b,True
PET,pet3,101,iteration_end,58,16,3245,3245,True,54deee0a0074435b,54deee0a0074435b,True
PET,pet3,101,iteration_end,58,17,3245,3245,True,54deee0a0074435b,54deee0a0074435b,True
PET,pet3,101,iteration_end,58,18,3245,3245,True,54deee0a0074435b,54deee0a0074435b,True
PET,pet3,101,iteration_end,58,19,3245,3245,True,54deee0a0074435b,54deee0a0074435b,True
PET,pet3,101,iteration_end,59,0,4005,4005,True,8d5a31cc3efd9b7e,8d5a31cc3efd9b7e,True
PET,pet3,101,iteration_end,59,1,4005,4005,True,8d5a31cc3efd9b7e,8d5a31cc3efd9b7e,True
PET,pet3,101,iteration_end,59,2,4005,4005,True,8d5a31cc3efd9b7e,8d5a31cc3efd9b7e,True
PET,pet3,101,iteration_end,59,3,4005,4005,True,8d5a31cc3efd9b7e,8d5a31cc3efd9b7e,True
PET,pet3,101,iteration_end,59,4,4005,4005,True,8d5a31cc3efd9b7e,8d5a31cc3efd9b7e,True
PET,pet3,101,iteration_end,59,5,4005,4005,True,8d5a31cc3efd9b7e,8d5a31cc3efd9b7e,True
PET,pet3,101,iteration_end,59,6,3950,3950,True,7679f79e6a425d07,7679f79e6a425d07,True
PET,pet3,101,iteration_end,59,7,3945,3945,True,2d4d8d621436f304,2d4d8d621436f304,True
PET,pet3,101,iteration_end,59,8,3945,3945,True,2d4d8d621436f304,2d4d8d621436f304,True
PET,pet3,101,iteration_end,59,9,3945,3945,True,2d4d8d621436f304,2d4d8d621436f304,True
PET,pet3,101,iteration_end,59,10,3945,3945,True,2d4d8d621436f304,2d4d8d621436f304,True
PET,pet3,101,iteration_end,59,11,3945,3945,True,2d4d8d621436f304,2d4d8d621436f304,True
PET,pet3,101,iteration_end,59,12,3845,3845,True,3eb7d33383513482,3eb7d33383513482,True
PET,pet3,101,iteration_end,59,13,3745,3745,True,16c4744466765907,16c4744466765907,True
PET,pet3,101,iteration_end,59,14,3245,3245,True,54deee0a0074435b,54deee0a0074435b,True
PET,pet3,101,iteration_end,59,15,3245,3245,True,54deee0a0074435b,54deee0a0074435b,True
PET,pet3,101,iteration_end,59,16,3245,3245,True,54deee0a0074435b,54deee0a0074435b,True
PET,pet3,101,iteration_end,59,17,3245,3245,True,54deee0a0074435b,54deee0a0074435b,True
PET,pet3,101,iteration_end,59,18,3245,3245,True,54deee0a0074435b,54deee0a0074435b,True
PET,pet3,101,iteration_end,59,19,3245,3245,True,54deee0a0074435b,54deee0a0074435b,True
PET,pet3,101,iteration_end,60,0,4005,4005,True,8d5a31cc3efd9b7e,8d5a31cc3efd9b7e,True
PET,pet3,101,iteration_end,60,1,4005,4005,True,8d5a31cc3efd9b7e,8d5a31cc3efd9b7e,True
PET,pet3,101,iteration_end,60,2,4005,4005,True,8d5a31cc3efd9b7e,8d5a31cc3efd9b7e,True
PET,pet3,101,iteration_end,60,3,4005,4005,True,8d5a31cc3efd9b7e,8d5a31cc3efd9b7e,True
PET,pet3,101,iteration_end,60,4,4005,4005,True,8d5a31cc3efd9b7e,8d5a31cc3efd9b7e,True
PET,pet3,101,iteration_end,60,5,3945,3945,True,2d4d8d621436f304,2d4d8d621436f304,True
PET,pet3,101,iteration_end,60,6,3945,3945,True,2d4d8d621436f304,2d4d8d621436f304,True
PET,pet3,101,iteration_end,60,7,3945,3945,True,2d4d8d621436f304,2d4d8d621436f304,True
PET,pet3,101,iteration_end,60,8,3945,3945,True,2d4d8d621436f304,2d4d8d621436f304,True
PET,pet3,101,iteration_end,60,9,3845,3845,True,3eb7d33383513482,3eb7d33383513482,True
PET,pet3,101,iteration_end,60,10,3845,3845,True,c3b2965a420afede,c3b2965a420afede,True
PET,pet3,101,iteration_end,60,11,3835,3835,True,d1aa9d4348ccaa04,d1aa9d4348ccaa04,True
PET,pet3,101,iteration_end,60,12,3685,3685,True,ae19e4582e7237dd,ae19e4582e7237dd,True
PET,pet3,101,iteration_end,60,13,3245,3245,True,54deee0a0074435b,54deee0a0074435b,True
PET,pet3,101,iteration_end,60,14,3245,3245,True,54deee0a0074435b,54deee0a0074435b,True
PET,pet3,101,iteration_end,60,15,3245,3245,True,54deee0a0074435b,54deee0a0074435b,True
PET,pet3,101,iteration_end,60,16,3245,3245,True,54deee0a0074435b,54deee0a0074435b,True
PET,pet3,101,iteration_end,60,17,3245,3245,True,54deee0a0074435b,54deee0a0074435b,True
PET,pet3,101,iteration_end,60,18,3245,3245,True,54deee0a0074435b,54deee0a0074435b,True
PET,pet3,101,iteration_end,60,19,3245,3245,True,54deee0a0074435b,54deee0a0074435b,True
PET,pet3,101,iteration_end,61,0,4005,4005,True,8d5a31cc3efd9b7e,8d5a31cc3efd9b7e,True
PET,pet3,101,iteration_end,61,1,4005,4005,True,8d5a31cc3efd9b7e,8d5a31cc3efd9b7e,True
PET,pet3,101,iteration_end,61,2,4005,4005,True,8d5a31cc3efd9b7e,8d5a31cc3efd9b7e,True
PET,pet3,101,iteration_end,61,3,4005,4005,True,8d5a31cc3efd9b7e,8d5a31cc3efd9b7e,True
PET,pet3,101,iteration_end,61,4,4005,4005,True,8d5a31cc3efd9b7e,8d5a31cc3efd9b7e,True
PET,pet3,101,iteration_end,61,5,3945,3945,True,2d4d8d621436f304,2d4d8d621436f304,True
PET,pet3,101,iteration_end,61,6,3945,3945,True,2d4d8d621436f304,2d4d8d621436f304,True
PET,pet3,101,iteration_end,61,7,3945,3945,True,2d4d8d621436f304,2d4d8d621436f304,True
PET,pet3,101,iteration_end,61,8,3945,3945,True,2d4d8d621436f304,2d4d8d621436f304,True
PET,pet3,101,iteration_end,61,9,3945,3945,True,2d4d8d621436f304,2d4d8d621436f304,True
PET,pet3,101,iteration_end,61,10,3945,3945,True,2d4d8d621436f304,2d4d8d621436f304,True
PET,pet3,101,iteration_end,61,11,3845,3845,True,3eb7d33383513482,3eb7d33383513482,True
PET,pet3,101,iteration_end,61,12,3805,3805,True,cb2b93e21f2bbbca,cb2b93e21f2bbbca,True
PET,pet3,101,iteration_end,61,13,3780,3780,True,cc61acebf2481b16,cc61acebf2481b16,True
PET,pet3,101,iteration_end,61,14,3705,3705,True,33b1490aa209adc7,33b1490aa209adc7,True
PET,pet3,101,iteration_end,61,15,3245,3245,True,54deee0a0074435b,54deee0a0074435b,True
PET,pet3,101,iteration_end,61,16,3245,3245,True,54deee0a0074435b,54deee0a0074435b,True
PET,pet3,101,iteration_end,61,17,3245,3245,True,54deee0a0074435b,54deee0a0074435b,True
PET,pet3,101,iteration_end,61,18,3245,3245,True,54deee0a0074435b,54deee0a0074435b,True
PET,pet3,101,iteration_end,61,19,3245,3245,True,54deee0a0074435b,54deee0a0074435b,True
PET,pet3,101,iteration_end,62,0,4005,4005,True,8d5a31cc3efd9b7e,8d5a31cc3efd9b7e,True
PET,pet3,101,iteration_end,62,1,4005,4005,True,8d5a31cc3efd9b7e,8d5a31cc3efd9b7e,True
PET,pet3,101,iteration_end,62,2,4005,4005,True,8d5a31cc3efd9b7e,8d5a31cc3efd9b7e,True
PET,pet3,101,iteration_end,62,3,4005,4005,True,8d5a31cc3efd9b7e,8d5a31cc3efd9b7e,True
PET,pet3,101,iteration_end,62,4,4005,4005,True,8d5a31cc3efd9b7e,8d5a31cc3efd9b7e,True
PET,pet3,101,iteration_end,62,5,4005,4005,True,8d5a31cc3efd9b7e,8d5a31cc3efd9b7e,True
PET,pet3,101,iteration_end,62,6,4005,4005,True,8d5a31cc3efd9b7e,8d5a31cc3efd9b7e,True
PET,pet3,101,iteration_end,62,7,4005,4005,True,8d5a31cc3efd9b7e,8d5a31cc3efd9b7e,True
PET,pet3,101,iteration_end,62,8,4005,4005,True,8d5a31cc3efd9b7e,8d5a31cc3efd9b7e,True
PET,pet3,101,iteration_end,62,9,3945,3945,True,2d4d8d621436f304,2d4d8d621436f304,True
PET,pet3,101,iteration_end,62,10,3945,3945,True,2d4d8d621436f304,2d4d8d621436f304,True
PET,pet3,101,iteration_end,62,11,3945,3945,True,2d4d8d621436f304,2d4d8d621436f304,True
PET,pet3,101,iteration_end,62,12,3845,3845,True,3eb7d33383513482,3eb7d33383513482,True
PET,pet3,101,iteration_end,62,13,3805,3805,True,cb2b93e21f2bbbca,cb2b93e21f2bbbca,True
PET,pet3,101,iteration_end,62,14,3705,3705,True,33b1490aa209adc7,33b1490aa209adc7,True
PET,pet3,101,iteration_end,62,15,3245,3245,True,54deee0a0074435b,54deee0a0074435b,True
PET,pet3,101,iteration_end,62,16,3245,3245,True,54deee0a0074435b,54deee0a0074435b,True
PET,pet3,101,iteration_end,62,17,3245,3245,True,54deee0a0074435b,54deee0a0074435b,True
PET,pet3,101,iteration_end,62,18,3245,3245,True,54deee0a0074435b,54deee0a0074435b,True
PET,pet3,101,iteration_end,62,19,3245,3245,True,54deee0a0074435b,54deee0a0074435b,True
PET,pet3,101,iteration_end,63,0,4005,4005,True,8d5a31cc3efd9b7e,8d5a31cc3efd9b7e,True
PET,pet3,101,iteration_end,63,1,4005,4005,True,8d5a31cc3efd9b7e,8d5a31cc3efd9b7e,True
PET,pet3,101,iteration_end,63,2,4005,4005,True,8d5a31cc3efd9b7e,8d5a31cc3efd9b7e,True
PET,pet3,101,iteration_end,63,3,4005,4005,True,8d5a31cc3efd9b7e,8d5a31cc3efd9b7e,True
PET,pet3,101,iteration_end,63,4,4005,4005,True,8d5a31cc3efd9b7e,8d5a31cc3efd9b7e,True
PET,pet3,101,iteration_end,63,5,4005,4005,True,8d5a31cc3efd9b7e,8d5a31cc3efd9b7e,True
PET,pet3,101,iteration_end,63,6,4005,4005,True,8d5a31cc3efd9b7e,8d5a31cc3efd9b7e,True
PET,pet3,101,iteration_end,63,7,4005,4005,True,8d5a31cc3efd9b7e,8d5a31cc3efd9b7e,True
PET,pet3,101,iteration_end,63,8,4005,4005,True,8d5a31cc3efd9b7e,8d5a31cc3efd9b7e,True
PET,pet3,101,iteration_end,63,9,4005,4005,True,8d5a31cc3efd9b7e,8d5a31cc3efd9b7e,True
PET,pet3,101,iteration_end,63,10,3945,3945,True,2d4d8d621436f304,2d4d8d621436f304,True
PET,pet3,101,iteration_end,63,11,3945,3945,True,2d4d8d621436f304,2d4d8d621436f304,True
PET,pet3,101,iteration_end,63,12,3890,3890,True,5f72032b4d29a61e,5f72032b4d29a61e,True
PET,pet3,101,iteration_end,63,13,3845,3845,True,3eb7d33383513482,3eb7d33383513482,True
PET,pet3,101,iteration_end,63,14,3245,3245,True,54deee0a0074435b,54deee0a0074435b,True
PET,pet3,101,iteration_end,63,15,3245,3245,True,54deee0a0074435b,54deee0a0074435b,True
PET,pet3,101,iteration_end,63,16,3245,3245,True,54deee0a0074435b,54deee0a0074435b,True
PET,pet3,101,iteration_end,63,17,3245,3245,True,54deee0a0074435b,54deee0a0074435b,True
PET,pet3,101,iteration_end,63,18,3245,3245,True,54deee0a0074435b,54deee0a0074435b,True
PET,pet3,101,iteration_end,63,19,3245,3245,True,54deee0a0074435b,54deee0a0074435b,True
PET,pet3,101,iteration_end,64,0,4005,4005,True,8d5a31cc3efd9b7e,8d5a31cc3efd9b7e,True
PET,pet3,101,iteration_end,64,1,4005,4005,True,8d5a31cc3efd9b7e,8d5a31cc3efd9b7e,True
PET,pet3,101,iteration_end,64,2,4005,4005,True,8d5a31cc3efd9b7e,8d5a31cc3efd9b7e,True
PET,pet3,101,iteration_end,64,3,4005,4005,True,8d5a31cc3efd9b7e,8d5a31cc3efd9b7e,True
PET,pet3,101,iteration_end,64,4,4005,4005,True,8d5a31cc3efd9b7e,8d5a31cc3efd9b7e,True
PET,pet3,101,iteration_end,64,5,4005,4005,True,8d5a31cc3efd9b7e,8d5a31cc3efd9b7e,True
PET,pet3,101,iteration_end,64,6,4005,4005,True,8d5a31cc3efd9b7e,8d5a31cc3efd9b7e,True
PET,pet3,101,iteration_end,64,7,4005,4005,True,8d5a31cc3efd9b7e,8d5a31cc3efd9b7e,True
PET,pet3,101,iteration_end,64,8,4005,4005,True,8d5a31cc3efd9b7e,8d5a31cc3efd9b7e,True
PET,pet3,101,iteration_end,64,9,4005,4005,True,8d5a31cc3efd9b7e,8d5a31cc3efd9b7e,True
PET,pet3,101,iteration_end,64,10,3945,3945,True,2d4d8d621436f304,2d4d8d621436f304,True
PET,pet3,101,iteration_end,64,11,3890,3890,True,5f72032b4d29a61e,5f72032b4d29a61e,True
PET,pet3,101,iteration_end,64,12,3845,3845,True,3eb7d33383513482,3eb7d33383513482,True
PET,pet3,101,iteration_end,64,13,3845,3845,True,3eb7d33383513482,3eb7d33383513482,True
PET,pet3,101,iteration_end,64,14,3245,3245,True,54deee0a0074435b,54deee0a0074435b,True
PET,pet3,101,iteration_end,64,15,3245,3245,True,54deee0a0074435b,54deee0a0074435b,True
PET,pet3,101,iteration_end,64,16,3245,3245,True,54deee0a0074435b,54deee0a0074435b,True
PET,pet3,101,iteration_end,64,17,3245,3245,True,54deee0a0074435b,54deee0a0074435b,True
PET,pet3,101,iteration_end,64,18,3245,3245,True,54deee0a0074435b,54deee0a0074435b,True
PET,pet3,101,iteration_end,64,19,3245,3245,True,54deee0a0074435b,54deee0a0074435b,True
PET,pet3,101,iteration_end,65,0,4005,4005,True,8d5a31cc3efd9b7e,8d5a31cc3efd9b7e,True
PET,pet3,101,iteration_end,65,1,4005,4005,True,8d5a31cc3efd9b7e,8d5a31cc3efd9b7e,True
PET,pet3,101,iteration_end,65,2,4005,4005,True,8d5a31cc3efd9b7e,8d5a31cc3efd9b7e,True
PET,pet3,101,iteration_end,65,3,4005,4005,True,8d5a31cc3efd9b7e,8d5a31cc3efd9b7e,True
PET,pet3,101,iteration_end,65,4,4005,4005,True,8d5a31cc3efd9b7e,8d5a31cc3efd9b7e,True
PET,pet3,101,iteration_end,65,5,4005,4005,True,8d5a31cc3efd9b7e,8d5a31cc3efd9b7e,True
PET,pet3,101,iteration_end,65,6,4005,4005,True,8d5a31cc3efd9b7e,8d5a31cc3efd9b7e,True
PET,pet3,101,iteration_end,65,7,4005,4005,True,8d5a31cc3efd9b7e,8d5a31cc3efd9b7e,True
PET,pet3,101,iteration_end,65,8,4005,4005,True,8d5a31cc3efd9b7e,8d5a31cc3efd9b7e,True
PET,pet3,101,iteration_end,65,9,4005,4005,True,8d5a31cc3efd9b7e,8d5a31cc3efd9b7e,True
PET,pet3,101,iteration_end,65,10,3945,3945,True,2d4d8d621436f304,2d4d8d621436f304,True
PET,pet3,101,iteration_end,65,11,3945,3945,True,2d4d8d621436f304,2d4d8d621436f304,True
PET,pet3,101,iteration_end,65,12,3945,3945,True,2d4d8d621436f304,2d4d8d621436f304,True
PET,pet3,101,iteration_end,65,13,3845,3845,True,3eb7d33383513482,3eb7d33383513482,True
PET,pet3,101,iteration_end,65,14,3845,3845,True,c3b2965a420afede,c3b2965a420afede,True
PET,pet3,101,iteration_end,65,15,3845,3845,True,3eb7d33383513482,3eb7d33383513482,True
PET,pet3,101,iteration_end,65,16,3825,3825,True,2967b7b848315119,2967b7b848315119,True
PET,pet3,101,iteration_end,65,17,3485,3485,True,bc6be18dca4624be,bc6be18dca4624be,True
PET,pet3,101,iteration_end,65,18,3245,3245,True,54deee0a0074435b,54deee0a0074435b,True
PET,pet3,101,iteration_end,65,19,3245,3245,True,54deee0a0074435b,54deee0a0074435b,True
PET,pet3,101,iteration_end,66,0,4005,4005,True,8d5a31cc3efd9b7e,8d5a31cc3efd9b7e,True
PET,pet3,101,iteration_end,66,1,4005,4005,True,8d5a31cc3efd9b7e,8d5a31cc3efd9b7e,True
PET,pet3,101,iteration_end,66,2,4005,4005,True,8d5a31cc3efd9b7e,8d5a31cc3efd9b7e,True
PET,pet3,101,iteration_end,66,3,4005,4005,True,8d5a31cc3efd9b7e,8d5a31cc3efd9b7e,True
PET,pet3,101,iteration_end,66,4,4005,4005,True,8d5a31cc3efd9b7e,8d5a31cc3efd9b7e,True
PET,pet3,101,iteration_end,66,5,4005,4005,True,8d5a31cc3efd9b7e,8d5a31cc3efd9b7e,True
PET,pet3,101,iteration_end,66,6,4005,4005,True,8d5a31cc3efd9b7e,8d5a31cc3efd9b7e,True
PET,pet3,101,iteration_end,66,7,4005,4005,True,8d5a31cc3efd9b7e,8d5a31cc3efd9b7e,True
PET,pet3,101,iteration_end,66,8,3945,3945,True,2d4d8d621436f304,2d4d8d621436f304,True
PET,pet3,101,iteration_end,66,9,3945,3945,True,2d4d8d621436f304,2d4d8d621436f304,True
PET,pet3,101,iteration_end,66,10,3945,3945,True,2d4d8d621436f304,2d4d8d621436f304,True
PET,pet3,101,iteration_end,66,11,3945,3945,True,2d4d8d621436f304,2d4d8d621436f304,True
PET,pet3,101,iteration_end,66,12,3845,3845,True,3eb7d33383513482,3eb7d33383513482,True
PET,pet3,101,iteration_end,66,13,3845,3845,True,3afacda0ef5beeac,3afacda0ef5beeac,True
PET,pet3,101,iteration_end,66,14,3805,3805,True,95ac8afb2cc7eeaf,95ac8afb2cc7eeaf,True
PET,pet3,101,iteration_end,66,15,3485,3485,True,bc6be18dca4624be,bc6be18dca4624be,True
PET,pet3,101,iteration_end,66,16,3245,3245,True,54deee0a0074435b,54deee0a0074435b,True
PET,pet3,101,iteration_end,66,17,3245,3245,True,54deee0a0074435b,54deee0a0074435b,True
PET,pet3,101,iteration_end,66,18,3245,3245,True,54deee0a0074435b,54deee0a0074435b,True
PET,pet3,101,iteration_end,66,19,3245,3245,True,54deee0a0074435b,54deee0a0074435b,True
PET,pet3,101,iteration_end,67,0,4005,4005,True,8d5a31cc3efd9b7e,8d5a31cc3efd9b7e,True
PET,pet3,101,iteration_end,67,1,4005,4005,True,8d5a31cc3efd9b7e,8d5a31cc3efd9b7e,True
PET,pet3,101,iteration_end,67,2,4005,4005,True,8d5a31cc3efd9b7e,8d5a31cc3efd9b7e,True
PET,pet3,101,iteration_end,67,3,4005,4005,True,8d5a31cc3efd9b7e,8d5a31cc3efd9b7e,True
PET,pet3,101,iteration_end,67,4,4005,4005,True,8d5a31cc3efd9b7e,8d5a31cc3efd9b7e,True
PET,pet3,101,iteration_end,67,5,4005,4005,True,8d5a31cc3efd9b7e,8d5a31cc3efd9b7e,True
PET,pet3,101,iteration_end,67,6,4005,4005,True,8d5a31cc3efd9b7e,8d5a31cc3efd9b7e,True
PET,pet3,101,iteration_end,67,7,4005,4005,True,8d5a31cc3efd9b7e,8d5a31cc3efd9b7e,True
PET,pet3,101,iteration_end,67,8,4005,4005,True,8d5a31cc3efd9b7e,8d5a31cc3efd9b7e,True
PET,pet3,101,iteration_end,67,9,3995,3995,True,0c1fa67404202334,0c1fa67404202334,True
PET,pet3,101,iteration_end,67,10,3945,3945,True,2d4d8d621436f304,2d4d8d621436f304,True
PET,pet3,101,iteration_end,67,11,3945,3945,True,2d4d8d621436f304,2d4d8d621436f304,True
PET,pet3,101,iteration_end,67,12,3945,3945,True,2d4d8d621436f304,2d4d8d621436f304,True
PET,pet3,101,iteration_end,67,13,3945,3945,True,2d4d8d621436f304,2d4d8d621436f304,True
PET,pet3,101,iteration_end,67,14,3945,3945,True,2d4d8d621436f304,2d4d8d621436f304,True
PET,pet3,101,iteration_end,67,15,3805,3805,True,95ac8afb2cc7eeaf,95ac8afb2cc7eeaf,True
PET,pet3,101,iteration_end,67,16,3325,3325,True,715d26fa0a53f1d2,715d26fa0a53f1d2,True
PET,pet3,101,iteration_end,67,17,3245,3245,True,54deee0a0074435b,54deee0a0074435b,True
PET,pet3,101,iteration_end,67,18,3245,3245,True,54deee0a0074435b,54deee0a0074435b,True
PET,pet3,101,iteration_end,67,19,3245,3245,True,54deee0a0074435b,54deee0a0074435b,True
PET,pet3,101,iteration_end,68,0,4005,4005,True,8d5a31cc3efd9b7e,8d5a31cc3efd9b7e,True
PET,pet3,101,iteration_end,68,1,4005,4005,True,8d5a31cc3efd9b7e,8d5a31cc3efd9b7e,True
PET,pet3,101,iteration_end,68,2,4005,4005,True,8d5a31cc3efd9b7e,8d5a31cc3efd9b7e,True
PET,pet3,101,iteration_end,68,3,4005,4005,True,8d5a31cc3efd9b7e,8d5a31cc3efd9b7e,True
PET,pet3,101,iteration_end,68,4,4005,4005,True,8d5a31cc3efd9b7e,8d5a31cc3efd9b7e,True
PET,pet3,101,iteration_end,68,5,4005,4005,True,8d5a31cc3efd9b7e,8d5a31cc3efd9b7e,True
PET,pet3,101,iteration_end,68,6,4005,4005,True,8d5a31cc3efd9b7e,8d5a31cc3efd9b7e,True
PET,pet3,101,iteration_end,68,7,4005,4005,True,8d5a31cc3efd9b7e,8d5a31cc3efd9b7e,True
PET,pet3,101,iteration_end,68,8,3945,3945,True,2d4d8d621436f304,2d4d8d621436f304,True
PET,pet3,101,iteration_end,68,9,3945,3945,True,2d4d8d621436f304,2d4d8d621436f304,True
PET,pet3,101,iteration_end,68,10,3945,3945,True,2d4d8d621436f304,2d4d8d621436f304,True
PET,pet3,101,iteration_end,68,11,3945,3945,True,2d4d8d621436f304,2d4d8d621436f304,True
PET,pet3,101,iteration_end,68,12,3945,3945,True,2d4d8d621436f304,2d4d8d621436f304,True
PET,pet3,101,iteration_end,68,13,3845,3845,True,c3b2965a420afede,c3b2965a420afede,True
PET,pet3,101,iteration_end,68,14,3325,3325,True,715d26fa0a53f1d2,715d26fa0a53f1d2,True
PET,pet3,101,iteration_end,68,15,3325,3325,True,715d26fa0a53f1d2,715d26fa0a53f1d2,True
PET,pet3,101,iteration_end,68,16,3245,3245,True,54deee0a0074435b,54deee0a0074435b,True
PET,pet3,101,iteration_end,68,17,3245,3245,True,54deee0a0074435b,54deee0a0074435b,True
PET,pet3,101,iteration_end,68,18,3245,3245,True,54deee0a0074435b,54deee0a0074435b,True
PET,pet3,101,iteration_end,68,19,3245,3245,True,54deee0a0074435b,54deee0a0074435b,True
PET,pet3,101,iteration_end,69,0,4005,4005,True,8d5a31cc3efd9b7e,8d5a31cc3efd9b7e,True
PET,pet3,101,iteration_end,69,1,4005,4005,True,8d5a31cc3efd9b7e,8d5a31cc3efd9b7e,True
PET,pet3,101,iteration_end,69,2,4005,4005,True,8d5a31cc3efd9b7e,8d5a31cc3efd9b7e,True
PET,pet3,101,iteration_end,69,3,4005,4005,True,8d5a31cc3efd9b7e,8d5a31cc3efd9b7e,True
PET,pet3,101,iteration_end,69,4,4005,4005,True,8d5a31cc3efd9b7e,8d5a31cc3efd9b7e,True
PET,pet3,101,iteration_end,69,5,4005,4005,True,8d5a31cc3efd9b7e,8d5a31cc3efd9b7e,True
PET,pet3,101,iteration_end,69,6,4005,4005,True,8d5a31cc3efd9b7e,8d5a31cc3efd9b7e,True
PET,pet3,101,iteration_end,69,7,4005,4005,True,8d5a31cc3efd9b7e,8d5a31cc3efd9b7e,True
PET,pet3,101,iteration_end,69,8,3945,3945,True,2d4d8d621436f304,2d4d8d621436f304,True
PET,pet3,101,iteration_end,69,9,3945,3945,True,2d4d8d621436f304,2d4d8d621436f304,True
PET,pet3,101,iteration_end,69,10,3945,3945,True,2d4d8d621436f304,2d4d8d621436f304,True
PET,pet3,101,iteration_end,69,11,3845,3845,True,3eb7d33383513482,3eb7d33383513482,True
PET,pet3,101,iteration_end,69,12,3245,3245,True,54deee0a0074435b,54deee0a0074435b,True
PET,pet3,101,iteration_end,69,13,3245,3245,True,54deee0a0074435b,54deee0a0074435b,True
PET,pet3,101,iteration_end,69,14,3245,3245,True,54deee0a0074435b,54deee0a0074435b,True
PET,pet3,101,iteration_end,69,15,3245,3245,True,54deee0a0074435b,54deee0a0074435b,True
PET,pet3,101,iteration_end,69,16,3245,3245,True,54deee0a0074435b,54deee0a0074435b,True
PET,pet3,101,iteration_end,69,17,3245,3245,True,54deee0a0074435b,54deee0a0074435b,True
PET,pet3,101,iteration_end,69,18,3245,3245,True,54deee0a0074435b,54deee0a0074435b,True
PET,pet3,101,iteration_end,69,19,3245,3245,True,54deee0a0074435b,54deee0a0074435b,True
PET,pet3,101,iteration_end,70,0,4005,4005,True,8d5a31cc3efd9b7e,8d5a31cc3efd9b7e,True
PET,pet3,101,iteration_end,70,1,4005,4005,True,8d5a31cc3efd9b7e,8d5a31cc3efd9b7e,True
PET,pet3,101,iteration_end,70,2,4005,4005,True,8d5a31cc3efd9b7e,8d5a31cc3efd9b7e,True
PET,pet3,101,iteration_end,70,3,4005,4005,True,8d5a31cc3efd9b7e,8d5a31cc3efd9b7e,True
PET,pet3,101,iteration_end,70,4,4005,4005,True,8d5a31cc3efd9b7e,8d5a31cc3efd9b7e,True
PET,pet3,101,iteration_end,70,5,3945,3945,True,2d4d8d621436f304,2d4d8d621436f304,True
PET,pet3,101,iteration_end,70,6,3945,3945,True,2d4d8d621436f304,2d4d8d621436f304,True
PET,pet3,101,iteration_end,70,7,3945,3945,True,2d4d8d621436f304,2d4d8d621436f304,True
PET,pet3,101,iteration_end,70,8,3945,3945,True,2d4d8d621436f304,2d4d8d621436f304,True
PET,pet3,101,iteration_end,70,9,3845,3845,True,3eb7d33383513482,3eb7d33383513482,True
PET,pet3,101,iteration_end,70,10,3245,3245,True,54deee0a0074435b,54deee0a0074435b,True
PET,pet3,101,iteration_end,70,11,3245,3245,True,54deee0a0074435b,54deee0a0074435b,True
PET,pet3,101,iteration_end,70,12,3245,3245,True,54deee0a0074435b,54deee0a0074435b,True
PET,pet3,101,iteration_end,70,13,3245,3245,True,54deee0a0074435b,54deee0a0074435b,True
PET,pet3,101,iteration_end,70,14,3245,3245,True,54deee0a0074435b,54deee0a0074435b,True
PET,pet3,101,iteration_end,70,15,3245,3245,True,54deee0a0074435b,54deee0a0074435b,True
PET,pet3,101,iteration_end,70,16,3245,3245,True,54deee0a0074435b,54deee0a0074435b,True
PET,pet3,101,iteration_end,70,17,3245,3245,True,54deee0a0074435b,54deee0a0074435b,True
PET,pet3,101,iteration_end,70,18,3245,3245,True,54deee0a0074435b,54deee0a0074435b,True
PET,pet3,101,iteration_end,70,19,3245,3245,True,54deee0a0074435b,54deee0a0074435b,True
PET,pet3,101,iteration_end,71,0,4005,4005,True,8d5a31cc3efd9b7e,8d5a31cc3efd9b7e,True
PET,pet3,101,iteration_end,71,1,4005,4005,True,8d5a31cc3efd9b7e,8d5a31cc3efd9b7e,True
PET,pet3,101,iteration_end,71,2,4005,4005,True,8d5a31cc3efd9b7e,8d5a31cc3efd9b7e,True
PET,pet3,101,iteration_end,71,3,4005,4005,True,8d5a31cc3efd9b7e,8d5a31cc3efd9b7e,True
PET,pet3,101,iteration_end,71,4,4005,4005,True,8d5a31cc3efd9b7e,8d5a31cc3efd9b7e,True
PET,pet3,101,iteration_end,71,5,4005,4005,True,8d5a31cc3efd9b7e,8d5a31cc3efd9b7e,True
PET,pet3,101,iteration_end,71,6,4005,4005,True,8d5a31cc3efd9b7e,8d5a31cc3efd9b7e,True
PET,pet3,101,iteration_end,71,7,3950,3950,True,7679f79e6a425d07,7679f79e6a425d07,True
PET,pet3,101,iteration_end,71,8,3945,3945,True,2d4d8d621436f304,2d4d8d621436f304,True
PET,pet3,101,iteration_end,71,9,3945,3945,True,2d4d8d621436f304,2d4d8d621436f304,True
PET,pet3,101,iteration_end,71,10,3945,3945,True,2d4d8d621436f304,2d4d8d621436f304,True
PET,pet3,101,iteration_end,71,11,3945,3945,True,2d4d8d621436f304,2d4d8d621436f304,True
PET,pet3,101,iteration_end,71,12,3845,3845,True,3eb7d33383513482,3eb7d33383513482,True
PET,pet3,101,iteration_end,71,13,3745,3745,True,16c4744466765907,16c4744466765907,True
PET,pet3,101,iteration_end,71,14,3685,3685,True,89cfda66be6a5ece,89cfda66be6a5ece,True
PET,pet3,101,iteration_end,71,15,3245,3245,True,54deee0a0074435b,54deee0a0074435b,True
PET,pet3,101,iteration_end,71,16,3245,3245,True,54deee0a0074435b,54deee0a0074435b,True
PET,pet3,101,iteration_end,71,17,3245,3245,True,54deee0a0074435b,54deee0a0074435b,True
PET,pet3,101,iteration_end,71,18,3245,3245,True,54deee0a0074435b,54deee0a0074435b,True
PET,pet3,101,iteration_end,71,19,3245,3245,True,54deee0a0074435b,54deee0a0074435b,True
PET,pet3,101,iteration_end,72,0,4005,4005,True,8d5a31cc3efd9b7e,8d5a31cc3efd9b7e,True
PET,pet3,101,iteration_end,72,1,4005,4005,True,8d5a31cc3efd9b7e,8d5a31cc3efd9b7e,True
PET,pet3,101,iteration_end,72,2,4005,4005,True,8d5a31cc3efd9b7e,8d5a31cc3efd9b7e,True
PET,pet3,101,iteration_end,72,3,4005,4005,True,8d5a31cc3efd9b7e,8d5a31cc3efd9b7e,True
PET,pet3,101,iteration_end,72,4,4005,4005,True,8d5a31cc3efd9b7e,8d5a31cc3efd9b7e,True
PET,pet3,101,iteration_end,72,5,4005,4005,True,8d5a31cc3efd9b7e,8d5a31cc3efd9b7e,True
PET,pet3,101,iteration_end,72,6,4005,4005,True,8d5a31cc3efd9b7e,8d5a31cc3efd9b7e,True
PET,pet3,101,iteration_end,72,7,4005,4005,True,8d5a31cc3efd9b7e,8d5a31cc3efd9b7e,True
PET,pet3,101,iteration_end,72,8,3950,3950,True,7679f79e6a425d07,7679f79e6a425d07,True
PET,pet3,101,iteration_end,72,9,3945,3945,True,2d4d8d621436f304,2d4d8d621436f304,True
PET,pet3,101,iteration_end,72,10,3945,3945,True,2d4d8d621436f304,2d4d8d621436f304,True
PET,pet3,101,iteration_end,72,11,3945,3945,True,2d4d8d621436f304,2d4d8d621436f304,True
PET,pet3,101,iteration_end,72,12,3945,3945,True,2d4d8d621436f304,2d4d8d621436f304,True
PET,pet3,101,iteration_end,72,13,3685,3685,True,89cfda66be6a5ece,89cfda66be6a5ece,True
PET,pet3,101,iteration_end,72,14,3245,3245,True,54deee0a0074435b,54deee0a0074435b,True
PET,pet3,101,iteration_end,72,15,3245,3245,True,54deee0a0074435b,54deee0a0074435b,True
PET,pet3,101,iteration_end,72,16,3245,3245,True,54deee0a0074435b,54deee0a0074435b,True
PET,pet3,101,iteration_end,72,17,3245,3245,True,54deee0a0074435b,54deee0a0074435b,True
PET,pet3,101,iteration_end,72,18,3245,3245,True,54deee0a0074435b,54deee0a0074435b,True
PET,pet3,101,iteration_end,72,19,3245,3245,True,54deee0a0074435b,54deee0a0074435b,True
PET,pet3,101,iteration_end,73,0,4005,4005,True,8d5a31cc3efd9b7e,8d5a31cc3efd9b7e,True
PET,pet3,101,iteration_end,73,1,4005,4005,True,8d5a31cc3efd9b7e,8d5a31cc3efd9b7e,True
PET,pet3,101,iteration_end,73,2,4005,4005,True,8d5a31cc3efd9b7e,8d5a31cc3efd9b7e,True
PET,pet3,101,iteration_end,73,3,4005,4005,True,8d5a31cc3efd9b7e,8d5a31cc3efd9b7e,True
PET,pet3,101,iteration_end,73,4,4005,4005,True,8d5a31cc3efd9b7e,8d5a31cc3efd9b7e,True
PET,pet3,101,iteration_end,73,5,4005,4005,True,8d5a31cc3efd9b7e,8d5a31cc3efd9b7e,True
PET,pet3,101,iteration_end,73,6,4005,4005,True,8d5a31cc3efd9b7e,8d5a31cc3efd9b7e,True
PET,pet3,101,iteration_end,73,7,3945,3945,True,2d4d8d621436f304,2d4d8d621436f304,True
PET,pet3,101,iteration_end,73,8,3945,3945,True,2d4d8d621436f304,2d4d8d621436f304,True
PET,pet3,101,iteration_end,73,9,3945,3945,True,2d4d8d621436f304,2d4d8d621436f304,True
PET,pet3,101,iteration_end,73,10,3945,3945,True,2d4d8d621436f304,2d4d8d621436f304,True
PET,pet3,101,iteration_end,73,11,3945,3945,True,2d4d8d621436f304,2d4d8d621436f304,True
PET,pet3,101,iteration_end,73,12,3945,3945,True,2d4d8d621436f304,2d4d8d621436f304,True
PET,pet3,101,iteration_end,73,13,3845,3845,True,3eb7d33383513482,3eb7d33383513482,True
PET,pet3,101,iteration_end,73,14,3245,3245,True,54deee0a0074435b,54deee0a0074435b,True
PET,pet3,101,iteration_end,73,15,3245,3245,True,54deee0a0074435b,54deee0a0074435b,True
PET,pet3,101,iteration_end,73,16,3245,3245,True,54deee0a0074435b,54deee0a0074435b,True
PET,pet3,101,iteration_end,73,17,3245,3245,True,54deee0a0074435b,54deee0a0074435b,True
PET,pet3,101,iteration_end,73,18,3245,3245,True,54deee0a0074435b,54deee0a0074435b,True
PET,pet3,101,iteration_end,73,19,3245,3245,True,54deee0a0074435b,54deee0a0074435b,True
PET,pet3,101,iteration_end,74,0,4005,4005,True,8d5a31cc3efd9b7e,8d5a31cc3efd9b7e,True
PET,pet3,101,iteration_end,74,1,4005,4005,True,8d5a31cc3efd9b7e,8d5a31cc3efd9b7e,True
PET,pet3,101,iteration_end,74,2,4005,4005,True,8d5a31cc3efd9b7e,8d5a31cc3efd9b7e,True
PET,pet3,101,iteration_end,74,3,4005,4005,True,8d5a31cc3efd9b7e,8d5a31cc3efd9b7e,True
PET,pet3,101,iteration_end,74,4,4005,4005,True,8d5a31cc3efd9b7e,8d5a31cc3efd9b7e,True
PET,pet3,101,iteration_end,74,5,4005,4005,True,8d5a31cc3efd9b7e,8d5a31cc3efd9b7e,True
PET,pet3,101,iteration_end,74,6,4005,4005,True,8d5a31cc3efd9b7e,8d5a31cc3efd9b7e,True
PET,pet3,101,iteration_end,74,7,4005,4005,True,8d5a31cc3efd9b7e,8d5a31cc3efd9b7e,True
PET,pet3,101,iteration_end,74,8,3945,3945,True,2d4d8d621436f304,2d4d8d621436f304,True
PET,pet3,101,iteration_end,74,9,3945,3945,True,2d4d8d621436f304,2d4d8d621436f304,True
PET,pet3,101,iteration_end,74,10,3945,3945,True,2d4d8d621436f304,2d4d8d621436f304,True
PET,pet3,101,iteration_end,74,11,3945,3945,True,2d4d8d621436f304,2d4d8d621436f304,True
PET,pet3,101,iteration_end,74,12,3945,3945,True,2d4d8d621436f304,2d4d8d621436f304,True
PET,pet3,101,iteration_end,74,13,3305,3305,True,78227f75409be197,78227f75409be197,True
PET,pet3,101,iteration_end,74,14,3245,3245,True,54deee0a0074435b,54deee0a0074435b,True
PET,pet3,101,iteration_end,74,15,3245,3245,True,54deee0a0074435b,54deee0a0074435b,True
PET,pet3,101,iteration_end,74,16,3245,3245,True,54deee0a0074435b,54deee0a0074435b,True
PET,pet3,101,iteration_end,74,17,3245,3245,True,54deee0a0074435b,54deee0a0074435b,True
PET,pet3,101,iteration_end,74,18,3245,3245,True,54deee0a0074435b,54deee0a0074435b,True
PET,pet3,101,iteration_end,74,19,3245,3245,True,54deee0a0074435b,54deee0a0074435b,True
PET,pet3,101,iteration_end,75,0,4005,4005,True,8d5a31cc3efd9b7e,8d5a31cc3efd9b7e,True
PET,pet3,101,iteration_end,75,1,4005,4005,True,8d5a31cc3efd9b7e,8d5a31cc3efd9b7e,True
PET,pet3,101,iteration_end,75,2,4005,4005,True,8d5a31cc3efd9b7e,8d5a31cc3efd9b7e,True
PET,pet3,101,iteration_end,75,3,4005,4005,True,8d5a31cc3efd9b7e,8d5a31cc3efd9b7e,True
PET,pet3,101,iteration_end,75,4,4005,4005,True,8d5a31cc3efd9b7e,8d5a31cc3efd9b7e,True
PET,pet3,101,iteration_end,75,5,4005,4005,True,8d5a31cc3efd9b7e,8d5a31cc3efd9b7e,True
PET,pet3,101,iteration_end,75,6,4005,4005,True,8d5a31cc3efd9b7e,8d5a31cc3efd9b7e,True
PET,pet3,101,iteration_end,75,7,4005,4005,True,8d5a31cc3efd9b7e,8d5a31cc3efd9b7e,True
PET,pet3,101,iteration_end,75,8,3985,3985,True,4fa5a6dd546d2c38,4fa5a6dd546d2c38,True
PET,pet3,101,iteration_end,75,9,3945,3945,True,2d4d8d621436f304,2d4d8d621436f304,True
PET,pet3,101,iteration_end,75,10,3945,3945,True,2d4d8d621436f304,2d4d8d621436f304,True
PET,pet3,101,iteration_end,75,11,3945,3945,True,2d4d8d621436f304,2d4d8d621436f304,True
PET,pet3,101,iteration_end,75,12,3880,3880,True,d2a2f5b3b46893c0,d2a2f5b3b46893c0,True
PET,pet3,101,iteration_end,75,13,3245,3245,True,54deee0a0074435b,54deee0a0074435b,True
PET,pet3,101,iteration_end,75,14,3245,3245,True,54deee0a0074435b,54deee0a0074435b,True
PET,pet3,101,iteration_end,75,15,3245,3245,True,54deee0a0074435b,54deee0a0074435b,True
PET,pet3,101,iteration_end,75,16,3245,3245,True,54deee0a0074435b,54deee0a0074435b,True
PET,pet3,101,iteration_end,75,17,3245,3245,True,54deee0a0074435b,54deee0a0074435b,True
PET,pet3,101,iteration_end,75,18,3245,3245,True,54deee0a0074435b,54deee0a0074435b,True
PET,pet3,101,iteration_end,75,19,3245,3245,True,54deee0a0074435b,54deee0a0074435b,True
PET,pet3,101,iteration_end,76,0,4005,4005,True,8d5a31cc3efd9b7e,8d5a31cc3efd9b7e,True
PET,pet3,101,iteration_end,76,1,4005,4005,True,8d5a31cc3efd9b7e,8d5a31cc3efd9b7e,True
PET,pet3,101,iteration_end,76,2,4005,4005,True,8d5a31cc3efd9b7e,8d5a31cc3efd9b7e,True
PET,pet3,101,iteration_end,76,3,4005,4005,True,8d5a31cc3efd9b7e,8d5a31cc3efd9b7e,True
PET,pet3,101,iteration_end,76,4,4005,4005,True,8d5a31cc3efd9b7e,8d5a31cc3efd9b7e,True
PET,pet3,101,iteration_end,76,5,4005,4005,True,8d5a31cc3efd9b7e,8d5a31cc3efd9b7e,True
PET,pet3,101,iteration_end,76,6,3985,3985,True,4fa5a6dd546d2c38,4fa5a6dd546d2c38,True
PET,pet3,101,iteration_end,76,7,3950,3950,True,dc736e10c67b1d40,dc736e10c67b1d40,True
PET,pet3,101,iteration_end,76,8,3945,3945,True,2d4d8d621436f304,2d4d8d621436f304,True
PET,pet3,101,iteration_end,76,9,3945,3945,True,2d4d8d621436f304,2d4d8d621436f304,True
PET,pet3,101,iteration_end,76,10,3945,3945,True,2d4d8d621436f304,2d4d8d621436f304,True
PET,pet3,101,iteration_end,76,11,3880,3880,True,d2a2f5b3b46893c0,d2a2f5b3b46893c0,True
PET,pet3,101,iteration_end,76,12,3245,3245,True,54deee0a0074435b,54deee0a0074435b,True
PET,pet3,101,iteration_end,76,13,3245,3245,True,54deee0a0074435b,54deee0a0074435b,True
PET,pet3,101,iteration_end,76,14,3245,3245,True,54deee0a0074435b,54deee0a0074435b,True
PET,pet3,101,iteration_end,76,15,3245,3245,True,54deee0a0074435b,54deee0a0074435b,True
PET,pet3,101,iteration_end,76,16,3245,3245,True,54deee0a0074435b,54deee0a0074435b,True
PET,pet3,101,iteration_end,76,17,3245,3245,True,54deee0a0074435b,54deee0a0074435b,True
PET,pet3,101,iteration_end,76,18,3245,3245,True,54deee0a0074435b,54deee0a0074435b,True
PET,pet3,101,iteration_end,76,19,3245,3245,True,54deee0a0074435b,54deee0a0074435b,True
PET,pet3,101,iteration_end,77,0,4005,4005,True,8d5a31cc3efd9b7e,8d5a31cc3efd9b7e,True
PET,pet3,101,iteration_end,77,1,4005,4005,True,8d5a31cc3efd9b7e,8d5a31cc3efd9b7e,True
PET,pet3,101,iteration_end,77,2,4005,4005,True,8d5a31cc3efd9b7e,8d5a31cc3efd9b7e,True
PET,pet3,101,iteration_end,77,3,4005,4005,True,8d5a31cc3efd9b7e,8d5a31cc3efd9b7e,True
PET,pet3,101,iteration_end,77,4,4005,4005,True,8d5a31cc3efd9b7e,8d5a31cc3efd9b7e,True
PET,pet3,101,iteration_end,77,5,4005,4005,True,8d5a31cc3efd9b7e,8d5a31cc3efd9b7e,True
PET,pet3,101,iteration_end,77,6,4005,4005,True,8d5a31cc3efd9b7e,8d5a31cc3efd9b7e,True
PET,pet3,101,iteration_end,77,7,4005,4005,True,8d5a31cc3efd9b7e,8d5a31cc3efd9b7e,True
PET,pet3,101,iteration_end,77,8,4005,4005,True,8d5a31cc3efd9b7e,8d5a31cc3efd9b7e,True
PET,pet3,101,iteration_end,77,9,3950,3950,True,dc736e10c67b1d40,dc736e10c67b1d40,True
PET,pet3,101,iteration_end,77,10,3945,3945,True,2d4d8d621436f304,2d4d8d621436f304,True
PET,pet3,101,iteration_end,77,11,3945,3945,True,2d4d8d621436f304,2d4d8d621436f304,True
PET,pet3,101,iteration_end,77,12,3945,3945,True,2d4d8d621436f304,2d4d8d621436f304,True
PET,pet3,101,iteration_end,77,13,3845,3845,True,3afacda0ef5beeac,3afacda0ef5beeac,True
PET,pet3,101,iteration_end,77,14,3825,3825,True,2967b7b848315119,2967b7b848315119,True
PET,pet3,101,iteration_end,77,15,3245,3245,True,54deee0a0074435b,54deee0a0074435b,True
PET,pet3,101,iteration_end,77,16,3245,3245,True,54deee0a0074435b,54deee0a0074435b,True
PET,pet3,101,iteration_end,77,17,3245,3245,True,54deee0a0074435b,54deee0a0074435b,True
PET,pet3,101,iteration_end,77,18,3245,3245,True,54deee0a0074435b,54deee0a0074435b,True
PET,pet3,101,iteration_end,77,19,3245,3245,True,54deee0a0074435b,54deee0a0074435b,True
PET,pet3,101,iteration_end,78,0,4005,4005,True,8d5a31cc3efd9b7e,8d5a31cc3efd9b7e,True
PET,pet3,101,iteration_end,78,1,4005,4005,True,8d5a31cc3efd9b7e,8d5a31cc3efd9b7e,True
PET,pet3,101,iteration_end,78,2,4005,4005,True,8d5a31cc3efd9b7e,8d5a31cc3efd9b7e,True
PET,pet3,101,iteration_end,78,3,4005,4005,True,8d5a31cc3efd9b7e,8d5a31cc3efd9b7e,True
PET,pet3,101,iteration_end,78,4,4005,4005,True,8d5a31cc3efd9b7e,8d5a31cc3efd9b7e,True
PET,pet3,101,iteration_end,78,5,4005,4005,True,8d5a31cc3efd9b7e,8d5a31cc3efd9b7e,True
PET,pet3,101,iteration_end,78,6,4005,4005,True,8d5a31cc3efd9b7e,8d5a31cc3efd9b7e,True
PET,pet3,101,iteration_end,78,7,4005,4005,True,8d5a31cc3efd9b7e,8d5a31cc3efd9b7e,True
PET,pet3,101,iteration_end,78,8,4005,4005,True,8d5a31cc3efd9b7e,8d5a31cc3efd9b7e,True
PET,pet3,101,iteration_end,78,9,3965,3965,True,759b0da13cb06a6e,759b0da13cb06a6e,True
PET,pet3,101,iteration_end,78,10,3945,3945,True,2d4d8d621436f304,2d4d8d621436f304,True
PET,pet3,101,iteration_end,78,11,3945,3945,True,2d4d8d621436f304,2d4d8d621436f304,True
PET,pet3,101,iteration_end,78,12,3945,3945,True,2d4d8d621436f304,2d4d8d621436f304,True
PET,pet3,101,iteration_end,78,13,3845,3845,True,3eb7d33383513482,3eb7d33383513482,True
PET,pet3,101,iteration_end,78,14,3665,3665,True,160a142bfc3d3394,160a142bfc3d3394,True
PET,pet3,101,iteration_end,78,15,3525,3525,True,34ec0d78a330f5a3,34ec0d78a330f5a3,True
PET,pet3,101,iteration_end,78,16,3245,3245,True,54deee0a0074435b,54deee0a0074435b,True
PET,pet3,101,iteration_end,78,17,3245,3245,True,54deee0a0074435b,54deee0a0074435b,True
PET,pet3,101,iteration_end,78,18,3245,3245,True,54deee0a0074435b,54deee0a0074435b,True
PET,pet3,101,iteration_end,78,19,3245,3245,True,54deee0a0074435b,54deee0a0074435b,True
PET,pet3,101,iteration_end,79,0,4005,4005,True,8d5a31cc3efd9b7e,8d5a31cc3efd9b7e,True
PET,pet3,101,iteration_end,79,1,4005,4005,True,8d5a31cc3efd9b7e,8d5a31cc3efd9b7e,True
PET,pet3,101,iteration_end,79,2,4005,4005,True,8d5a31cc3efd9b7e,8d5a31cc3efd9b7e,True
PET,pet3,101,iteration_end,79,3,4005,4005,True,8d5a31cc3efd9b7e,8d5a31cc3efd9b7e,True
PET,pet3,101,iteration_end,79,4,4005,4005,True,8d5a31cc3efd9b7e,8d5a31cc3efd9b7e,True
PET,pet3,101,iteration_end,79,5,4005,4005,True,8d5a31cc3efd9b7e,8d5a31cc3efd9b7e,True
PET,pet3,101,iteration_end,79,6,3985,3985,True,4fa5a6dd546d2c38,4fa5a6dd546d2c38,True
PET,pet3,101,iteration_end,79,7,3965,3965,True,759b0da13cb06a6e,759b0da13cb06a6e,True
PET,pet3,101,iteration_end,79,8,3945,3945,True,2d4d8d621436f304,2d4d8d621436f304,True
PET,pet3,101,iteration_end,79,9,3945,3945,True,2d4d8d621436f304,2d4d8d621436f304,True
PET,pet3,101,iteration_end,79,10,3945,3945,True,2d4d8d621436f304,2d4d8d621436f304,True
PET,pet3,101,iteration_end,79,11,3845,3845,True,3eb7d33383513482,3eb7d33383513482,True
PET,pet3,101,iteration_end,79,12,3845,3845,True,3eb7d33383513482,3eb7d33383513482,True
PET,pet3,101,iteration_end,79,13,3525,3525,True,34ec0d78a330f5a3,34ec0d78a330f5a3,True
PET,pet3,101,iteration_end,79,14,3305,3305,True,78227f75409be197,78227f75409be197,True
PET,pet3,101,iteration_end,79,15,3245,3245,True,54deee0a0074435b,54deee0a0074435b,True
PET,pet3,101,iteration_end,79,16,3245,3245,True,54deee0a0074435b,54deee0a0074435b,True
PET,pet3,101,iteration_end,79,17,3245,3245,True,54deee0a0074435b,54deee0a0074435b,True
PET,pet3,101,iteration_end,79,18,3245,3245,True,54deee0a0074435b,54deee0a0074435b,True
PET,pet3,101,iteration_end,79,19,3245,3245,True,54deee0a0074435b,54deee0a0074435b,True
PET,pet3,101,iteration_end,80,0,4005,4005,True,8d5a31cc3efd9b7e,8d5a31cc3efd9b7e,True
PET,pet3,101,iteration_end,80,1,4005,4005,True,8d5a31cc3efd9b7e,8d5a31cc3efd9b7e,True
PET,pet3,101,iteration_end,80,2,4005,4005,True,8d5a31cc3efd9b7e,8d5a31cc3efd9b7e,True
PET,pet3,101,iteration_end,80,3,4005,4005,True,8d5a31cc3efd9b7e,8d5a31cc3efd9b7e,True
PET,pet3,101,iteration_end,80,4,4005,4005,True,8d5a31cc3efd9b7e,8d5a31cc3efd9b7e,True
PET,pet3,101,iteration_end,80,5,4005,4005,True,8d5a31cc3efd9b7e,8d5a31cc3efd9b7e,True
PET,pet3,101,iteration_end,80,6,4005,4005,True,8d5a31cc3efd9b7e,8d5a31cc3efd9b7e,True
PET,pet3,101,iteration_end,80,7,3965,3965,True,759b0da13cb06a6e,759b0da13cb06a6e,True
PET,pet3,101,iteration_end,80,8,3945,3945,True,2d4d8d621436f304,2d4d8d621436f304,True
PET,pet3,101,iteration_end,80,9,3945,3945,True,2d4d8d621436f304,2d4d8d621436f304,True
PET,pet3,101,iteration_end,80,10,3845,3845,True,3eb7d33383513482,3eb7d33383513482,True
PET,pet3,101,iteration_end,80,11,3725,3725,True,0dc5dd3a80791e4b,0dc5dd3a80791e4b,True
PET,pet3,101,iteration_end,80,12,3325,3325,True,715d26fa0a53f1d2,715d26fa0a53f1d2,True
PET,pet3,101,iteration_end,80,13,3325,3325,True,715d26fa0a53f1d2,715d26fa0a53f1d2,True
PET,pet3,101,iteration_end,80,14,3245,3245,True,54deee0a0074435b,54deee0a0074435b,True
PET,pet3,101,iteration_end,80,15,3245,3245,True,54deee0a0074435b,54deee0a0074435b,True
PET,pet3,101,iteration_end,80,16,3245,3245,True,54deee0a0074435b,54deee0a0074435b,True
PET,pet3,101,iteration_end,80,17,3245,3245,True,54deee0a0074435b,54deee0a0074435b,True
PET,pet3,101,iteration_end,80,18,3245,3245,True,54deee0a0074435b,54deee0a0074435b,True
PET,pet3,101,iteration_end,80,19,3245,3245,True,54deee0a0074435b,54deee0a0074435b,True
PET,pet3,101,iteration_end,81,0,4005,4005,True,8d5a31cc3efd9b7e,8d5a31cc3efd9b7e,True
PET,pet3,101,iteration_end,81,1,4005,4005,True,8d5a31cc3efd9b7e,8d5a31cc3efd9b7e,True
PET,pet3,101,iteration_end,81,2,4005,4005,True,8d5a31cc3efd9b7e,8d5a31cc3efd9b7e,True
PET,pet3,101,iteration_end,81,3,4005,4005,True,8d5a31cc3efd9b7e,8d5a31cc3efd9b7e,True
PET,pet3,101,iteration_end,81,4,3985,3985,True,4fa5a6dd546d2c38,4fa5a6dd546d2c38,True
PET,pet3,101,iteration_end,81,5,3965,3965,True,759b0da13cb06a6e,759b0da13cb06a6e,True
PET,pet3,101,iteration_end,81,6,3945,3945,True,2d4d8d621436f304,2d4d8d621436f304,True
PET,pet3,101,iteration_end,81,7,3945,3945,True,2d4d8d621436f304,2d4d8d621436f304,True
PET,pet3,101,iteration_end,81,8,3845,3845,True,c3b2965a420afede,c3b2965a420afede,True
PET,pet3,101,iteration_end,81,9,3845,3845,True,3eb7d33383513482,3eb7d33383513482,True
PET,pet3,101,iteration_end,81,10,3325,3325,True,715d26fa0a53f1d2,715d26fa0a53f1d2,True
PET,pet3,101,iteration_end,81,11,3325,3325,True,715d26fa0a53f1d2,715d26fa0a53f1d2,True
PET,pet3,101,iteration_end,81,12,3245,3245,True,54deee0a0074435b,54deee0a0074435b,True
PET,pet3,101,iteration_end,81,13,3245,3245,True,54deee0a0074435b,54deee0a0074435b,True
PET,pet3,101,iteration_end,81,14,3245,3245,True,54deee0a0074435b,54deee0a0074435b,True
PET,pet3,101,iteration_end,81,15,3245,3245,True,54deee0a0074435b,54deee0a0074435b,True
PET,pet3,101,iteration_end,81,16,3245,3245,True,54deee0a0074435b,54deee0a0074435b,True
PET,pet3,101,iteration_end,81,17,3245,3245,True,54deee0a0074435b,54deee0a0074435b,True
PET,pet3,101,iteration_end,81,18,3245,3245,True,54deee0a0074435b,54deee0a0074435b,True
PET,pet3,101,iteration_end,81,19,3245,3245,True,54deee0a0074435b,54deee0a0074435b,True
PET,pet3,101,iteration_end,82,0,4005,4005,True,8d5a31cc3efd9b7e,8d5a31cc3efd9b7e,True
PET,pet3,101,iteration_end,82,1,4005,4005,True,8d5a31cc3efd9b7e,8d5a31cc3efd9b7e,True
PET,pet3,101,iteration_end,82,2,4005,4005,True,8d5a31cc3efd9b7e,8d5a31cc3efd9b7e,True
PET,pet3,101,iteration_end,82,3,4005,4005,True,8d5a31cc3efd9b7e,8d5a31cc3efd9b7e,True
PET,pet3,101,iteration_end,82,4,4005,4005,True,8d5a31cc3efd9b7e,8d5a31cc3efd9b7e,True
PET,pet3,101,iteration_end,82,5,4005,4005,True,8d5a31cc3efd9b7e,8d5a31cc3efd9b7e,True
PET,pet3,101,iteration_end,82,6,4005,4005,True,8d5a31cc3efd9b7e,8d5a31cc3efd9b7e,True
PET,pet3,101,iteration_end,82,7,4005,4005,True,8d5a31cc3efd9b7e,8d5a31cc3efd9b7e,True
PET,pet3,101,iteration_end,82,8,3965,3965,True,759b0da13cb06a6e,759b0da13cb06a6e,True
PET,pet3,101,iteration_end,82,9,3945,3945,True,2d4d8d621436f304,2d4d8d621436f304,True
PET,pet3,101,iteration_end,82,10,3945,3945,True,2918688b85e41c23,2918688b85e41c23,True
PET,pet3,101,iteration_end,82,11,3945,3945,True,2d4d8d621436f304,2d4d8d621436f304,True
PET,pet3,101,iteration_end,82,12,3945,3945,True,2d4d8d621436f304,2d4d8d621436f304,True
PET,pet3,101,iteration_end,82,13,3845,3845,True,3eb7d33383513482,3eb7d33383513482,True
PET,pet3,101,iteration_end,82,14,3325,3325,True,715d26fa0a53f1d2,715d26fa0a53f1d2,True
PET,pet3,101,iteration_end,82,15,3325,3325,True,715d26fa0a53f1d2,715d26fa0a53f1d2,True
PET,pet3,101,iteration_end,82,16,3245,3245,True,54deee0a0074435b,54deee0a0074435b,True
PET,pet3,101,iteration_end,82,17,3245,3245,True,54deee0a0074435b,54deee0a0074435b,True
PET,pet3,101,iteration_end,82,18,3245,3245,True,54deee0a0074435b,54deee0a0074435b,True
PET,pet3,101,iteration_end,82,19,3245,3245,True,54deee0a0074435b,54deee0a0074435b,True
PET,pet3,101,iteration_end,83,0,4005,4005,True,8d5a31cc3efd9b7e,8d5a31cc3efd9b7e,True
PET,pet3,101,iteration_end,83,1,4005,4005,True,8d5a31cc3efd9b7e,8d5a31cc3efd9b7e,True
PET,pet3,101,iteration_end,83,2,4005,4005,True,8d5a31cc3efd9b7e,8d5a31cc3efd9b7e,True
PET,pet3,101,iteration_end,83,3,4005,4005,True,8d5a31cc3efd9b7e,8d5a31cc3efd9b7e,True
PET,pet3,101,iteration_end,83,4,4005,4005,True,8d5a31cc3efd9b7e,8d5a31cc3efd9b7e,True
PET,pet3,101,iteration_end,83,5,4005,4005,True,8d5a31cc3efd9b7e,8d5a31cc3efd9b7e,True
PET,pet3,101,iteration_end,83,6,4005,4005,True,8d5a31cc3efd9b7e,8d5a31cc3efd9b7e,True
PET,pet3,101,iteration_end,83,7,3965,3965,True,759b0da13cb06a6e,759b0da13cb06a6e,True
PET,pet3,101,iteration_end,83,8,3945,3945,True,2d4d8d621436f304,2d4d8d621436f304,True
PET,pet3,101,iteration_end,83,9,3945,3945,True,2d4d8d621436f304,2d4d8d621436f304,True
PET,pet3,101,iteration_end,83,10,3945,3945,True,2d4d8d621436f304,2d4d8d621436f304,True
PET,pet3,101,iteration_end,83,11,3945,3945,True,2d4d8d621436f304,2d4d8d621436f304,True
PET,pet3,101,iteration_end,83,12,3945,3945,True,2d4d8d621436f304,2d4d8d621436f304,True
PET,pet3,101,iteration_end,83,13,3845,3845,True,3eb7d33383513482,3eb7d33383513482,True
PET,pet3,101,iteration_end,83,14,3845,3845,True,3eb7d33383513482,3eb7d33383513482,True
PET,pet3,101,iteration_end,83,15,3245,3245,True,54deee0a0074435b,54deee0a0074435b,True
PET,pet3,101,iteration_end,83,16,3245,3245,True,54deee0a0074435b,54deee0a0074435b,True
PET,pet3,101,iteration_end,83,17,3245,3245,True,54deee0a0074435b,54deee0a0074435b,True
PET,pet3,101,iteration_end,83,18,3245,3245,True,54deee0a0074435b,54deee0a0074435b,True
PET,pet3,101,iteration_end,83,19,3245,3245,True,54deee0a0074435b,54deee0a0074435b,True
PET,pet3,101,iteration_end,84,0,4005,4005,True,8d5a31cc3efd9b7e,8d5a31cc3efd9b7e,True
PET,pet3,101,iteration_end,84,1,4005,4005,True,8d5a31cc3efd9b7e,8d5a31cc3efd9b7e,True
PET,pet3,101,iteration_end,84,2,4005,4005,True,8d5a31cc3efd9b7e,8d5a31cc3efd9b7e,True
PET,pet3,101,iteration_end,84,3,4005,4005,True,8d5a31cc3efd9b7e,8d5a31cc3efd9b7e,True
PET,pet3,101,iteration_end,84,4,4005,4005,True,8d5a31cc3efd9b7e,8d5a31cc3efd9b7e,True
PET,pet3,101,iteration_end,84,5,4005,4005,True,8d5a31cc3efd9b7e,8d5a31cc3efd9b7e,True
PET,pet3,101,iteration_end,84,6,4005,4005,True,8d5a31cc3efd9b7e,8d5a31cc3efd9b7e,True
PET,pet3,101,iteration_end,84,7,3945,3945,True,2d4d8d621436f304,2d4d8d621436f304,True
PET,pet3,101,iteration_end,84,8,3945,3945,True,2d4d8d621436f304,2d4d8d621436f304,True
PET,pet3,101,iteration_end,84,9,3945,3945,True,2d4d8d621436f304,2d4d8d621436f304,True
PET,pet3,101,iteration_end,84,10,3945,3945,True,2d4d8d621436f304,2d4d8d621436f304,True
PET,pet3,101,iteration_end,84,11,3845,3845,True,3eb7d33383513482,3eb7d33383513482,True
PET,pet3,101,iteration_end,84,12,3245,3245,True,54deee0a0074435b,54deee0a0074435b,True
PET,pet3,101,iteration_end,84,13,3245,3245,True,54deee0a0074435b,54deee0a0074435b,True
PET,pet3,101,iteration_end,84,14,3245,3245,True,54deee0a0074435b,54deee0a0074435b,True
PET,pet3,101,iteration_end,84,15,3245,3245,True,54deee0a0074435b,54deee0a0074435b,True
PET,pet3,101,iteration_end,84,16,3245,3245,True,54deee0a0074435b,54deee0a0074435b,True
PET,pet3,101,iteration_end,84,17,3245,3245,True,54deee0a0074435b,54deee0a0074435b,True
PET,pet3,101,iteration_end,84,18,3245,3245,True,54deee0a0074435b,54deee0a0074435b,True
PET,pet3,101,iteration_end,84,19,3245,3245,True,54deee0a0074435b,54deee0a0074435b,True
PET,pet3,101,iteration_end,85,0,4005,4005,True,8d5a31cc3efd9b7e,8d5a31cc3efd9b7e,True
PET,pet3,101,iteration_end,85,1,4005,4005,True,8d5a31cc3efd9b7e,8d5a31cc3efd9b7e,True
PET,pet3,101,iteration_end,85,2,4005,4005,True,8d5a31cc3efd9b7e,8d5a31cc3efd9b7e,True
PET,pet3,101,iteration_end,85,3,4005,4005,True,8d5a31cc3efd9b7e,8d5a31cc3efd9b7e,True
PET,pet3,101,iteration_end,85,4,4005,4005,True,8d5a31cc3efd9b7e,8d5a31cc3efd9b7e,True
PET,pet3,101,iteration_end,85,5,4005,4005,True,8d5a31cc3efd9b7e,8d5a31cc3efd9b7e,True
PET,pet3,101,iteration_end,85,6,4005,4005,True,8d5a31cc3efd9b7e,8d5a31cc3efd9b7e,True
PET,pet3,101,iteration_end,85,7,3945,3945,True,2d4d8d621436f304,2d4d8d621436f304,True
PET,pet3,101,iteration_end,85,8,3945,3945,True,2d4d8d621436f304,2d4d8d621436f304,True
PET,pet3,101,iteration_end,85,9,3945,3945,True,2d4d8d621436f304,2d4d8d621436f304,True
PET,pet3,101,iteration_end,85,10,3945,3945,True,2d4d8d621436f304,2d4d8d621436f304,True
PET,pet3,101,iteration_end,85,11,3945,3945,True,2d4d8d621436f304,2d4d8d621436f304,True
PET,pet3,101,iteration_end,85,12,3245,3245,True,54deee0a0074435b,54deee0a0074435b,True
PET,pet3,101,iteration_end,85,13,3245,3245,True,54deee0a0074435b,54deee0a0074435b,True
PET,pet3,101,iteration_end,85,14,3245,3245,True,54deee0a0074435b,54deee0a0074435b,True
PET,pet3,101,iteration_end,85,15,3245,3245,True,54deee0a0074435b,54deee0a0074435b,True
PET,pet3,101,iteration_end,85,16,3245,3245,True,54deee0a0074435b,54deee0a0074435b,True
PET,pet3,101,iteration_end,85,17,3245,3245,True,54deee0a0074435b,54deee0a0074435b,True
PET,pet3,101,iteration_end,85,18,3245,3245,True,54deee0a0074435b,54deee0a0074435b,True
PET,pet3,101,iteration_end,85,19,3245,3245,True,54deee0a0074435b,54deee0a0074435b,True
PET,pet3,101,iteration_end,86,0,4005,4005,True,8d5a31cc3efd9b7e,8d5a31cc3efd9b7e,True
PET,pet3,101,iteration_end,86,1,4005,4005,True,8d5a31cc3efd9b7e,8d5a31cc3efd9b7e,True
PET,pet3,101,iteration_end,86,2,4005,4005,True,8d5a31cc3efd9b7e,8d5a31cc3efd9b7e,True
PET,pet3,101,iteration_end,86,3,4005,4005,True,8d5a31cc3efd9b7e,8d5a31cc3efd9b7e,True
PET,pet3,101,iteration_end,86,4,4005,4005,True,8d5a31cc3efd9b7e,8d5a31cc3efd9b7e,True
PET,pet3,101,iteration_end,86,5,3945,3945,True,2d4d8d621436f304,2d4d8d621436f304,True
PET,pet3,101,iteration_end,86,6,3945,3945,True,2d4d8d621436f304,2d4d8d621436f304,True
PET,pet3,101,iteration_end,86,7,3945,3945,True,2d4d8d621436f304,2d4d8d621436f304,True
PET,pet3,101,iteration_end,86,8,3845,3845,True,3eb7d33383513482,3eb7d33383513482,True
PET,pet3,101,iteration_end,86,9,3245,3245,True,54deee0a0074435b,54deee0a0074435b,True
PET,pet3,101,iteration_end,86,10,3245,3245,True,54deee0a0074435b,54deee0a0074435b,True
PET,pet3,101,iteration_end,86,11,3245,3245,True,54deee0a0074435b,54deee0a0074435b,True
PET,pet3,101,iteration_end,86,12,3245,3245,True,54deee0a0074435b,54deee0a0074435b,True
PET,pet3,101,iteration_end,86,13,3245,3245,True,54deee0a0074435b,54deee0a0074435b,True
PET,pet3,101,iteration_end,86,14,3245,3245,True,54deee0a0074435b,54deee0a0074435b,True
PET,pet3,101,iteration_end,86,15,3245,3245,True,54deee0a0074435b,54deee0a0074435b,True
PET,pet3,101,iteration_end,86,16,3245,3245,True,54deee0a0074435b,54deee0a0074435b,True
PET,pet3,101,iteration_end,86,17,3245,3245,True,54deee0a0074435b,54deee0a0074435b,True
PET,pet3,101,iteration_end,86,18,3245,3245,True,54deee0a0074435b,54deee0a0074435b,True
PET,pet3,101,iteration_end,86,19,3245,3245,True,54deee0a0074435b,54deee0a0074435b,True
PET,pet3,101,iteration_end,87,0,4005,4005,True,8d5a31cc3efd9b7e,8d5a31cc3efd9b7e,True
PET,pet3,101,iteration_end,87,1,4005,4005,True,8d5a31cc3efd9b7e,8d5a31cc3efd9b7e,True
PET,pet3,101,iteration_end,87,2,4005,4005,True,8d5a31cc3efd9b7e,8d5a31cc3efd9b7e,True
PET,pet3,101,iteration_end,87,3,4005,4005,True,8d5a31cc3efd9b7e,8d5a31cc3efd9b7e,True
PET,pet3,101,iteration_end,87,4,4005,4005,True,8d5a31cc3efd9b7e,8d5a31cc3efd9b7e,True
PET,pet3,101,iteration_end,87,5,4005,4005,True,8d5a31cc3efd9b7e,8d5a31cc3efd9b7e,True
PET,pet3,101,iteration_end,87,6,4005,4005,True,8d5a31cc3efd9b7e,8d5a31cc3efd9b7e,True
PET,pet3,101,iteration_end,87,7,3945,3945,True,2d4d8d621436f304,2d4d8d621436f304,True
PET,pet3,101,iteration_end,87,8,3945,3945,True,2d4d8d621436f304,2d4d8d621436f304,True
PET,pet3,101,iteration_end,87,9,3945,3945,True,2d4d8d621436f304,2d4d8d621436f304,True
PET,pet3,101,iteration_end,87,10,3945,3945,True,2d4d8d621436f304,2d4d8d621436f304,True
PET,pet3,101,iteration_end,87,11,3945,3945,True,2d4d8d621436f304,2d4d8d621436f304,True
PET,pet3,101,iteration_end,87,12,3245,3245,True,54deee0a0074435b,54deee0a0074435b,True
PET,pet3,101,iteration_end,87,13,3245,3245,True,54deee0a0074435b,54deee0a0074435b,True
PET,pet3,101,iteration_end,87,14,3245,3245,True,54deee0a0074435b,54deee0a0074435b,True
PET,pet3,101,iteration_end,87,15,3245,3245,True,54deee0a0074435b,54deee0a0074435b,True
PET,pet3,101,iteration_end,87,16,3245,3245,True,54deee0a0074435b,54deee0a0074435b,True
PET,pet3,101,iteration_end,87,17,3245,3245,True,54deee0a0074435b,54deee0a0074435b,True
PET,pet3,101,iteration_end,87,18,3245,3245,True,54deee0a0074435b,54deee0a0074435b,True
PET,pet3,101,iteration_end,87,19,3245,3245,True,54deee0a0074435b,54deee0a0074435b,True
PET,pet3,101,iteration_end,88,0,4005,4005,True,8d5a31cc3efd9b7e,8d5a31cc3efd9b7e,True
PET,pet3,101,iteration_end,88,1,4005,4005,True,8d5a31cc3efd9b7e,8d5a31cc3efd9b7e,True
PET,pet3,101,iteration_end,88,2,4005,4005,True,8d5a31cc3efd9b7e,8d5a31cc3efd9b7e,True
PET,pet3,101,iteration_end,88,3,4005,4005,True,8d5a31cc3efd9b7e,8d5a31cc3efd9b7e,True
PET,pet3,101,iteration_end,88,4,4005,4005,True,8d5a31cc3efd9b7e,8d5a31cc3efd9b7e,True
PET,pet3,101,iteration_end,88,5,4005,4005,True,8d5a31cc3efd9b7e,8d5a31cc3efd9b7e,True
PET,pet3,101,iteration_end,88,6,4005,4005,True,8d5a31cc3efd9b7e,8d5a31cc3efd9b7e,True
PET,pet3,101,iteration_end,88,7,4005,4005,True,8d5a31cc3efd9b7e,8d5a31cc3efd9b7e,True
PET,pet3,101,iteration_end,88,8,3945,3945,True,2d4d8d621436f304,2d4d8d621436f304,True
PET,pet3,101,iteration_end,88,9,3945,3945,True,2d4d8d621436f304,2d4d8d621436f304,True
PET,pet3,101,iteration_end,88,10,3945,3945,True,2d4d8d621436f304,2d4d8d621436f304,True
PET,pet3,101,iteration_end,88,11,3945,3945,True,2d4d8d621436f304,2d4d8d621436f304,True
PET,pet3,101,iteration_end,88,12,3945,3945,True,2d4d8d621436f304,2d4d8d621436f304,True
PET,pet3,101,iteration_end,88,13,3945,3945,True,2d4d8d621436f304,2d4d8d621436f304,True
PET,pet3,101,iteration_end,88,14,3685,3685,True,89cfda66be6a5ece,89cfda66be6a5ece,True
PET,pet3,101,iteration_end,88,15,3305,3305,True,78227f75409be197,78227f75409be197,True
PET,pet3,101,iteration_end,88,16,3245,3245,True,54deee0a0074435b,54deee0a0074435b,True
PET,pet3,101,iteration_end,88,17,3245,3245,True,54deee0a0074435b,54deee0a0074435b,True
PET,pet3,101,iteration_end,88,18,3245,3245,True,54deee0a0074435b,54deee0a0074435b,True
PET,pet3,101,iteration_end,88,19,3245,3245,True,54deee0a0074435b,54deee0a0074435b,True
PET,pet3,101,iteration_end,89,0,4005,4005,True,8d5a31cc3efd9b7e,8d5a31cc3efd9b7e,True
PET,pet3,101,iteration_end,89,1,4005,4005,True,8d5a31cc3efd9b7e,8d5a31cc3efd9b7e,True
PET,pet3,101,iteration_end,89,2,4005,4005,True,8d5a31cc3efd9b7e,8d5a31cc3efd9b7e,True
PET,pet3,101,iteration_end,89,3,4005,4005,True,8d5a31cc3efd9b7e,8d5a31cc3efd9b7e,True
PET,pet3,101,iteration_end,89,4,4005,4005,True,8d5a31cc3efd9b7e,8d5a31cc3efd9b7e,True
PET,pet3,101,iteration_end,89,5,4005,4005,True,8d5a31cc3efd9b7e,8d5a31cc3efd9b7e,True
PET,pet3,101,iteration_end,89,6,4005,4005,True,8d5a31cc3efd9b7e,8d5a31cc3efd9b7e,True
PET,pet3,101,iteration_end,89,7,4005,4005,True,8d5a31cc3efd9b7e,8d5a31cc3efd9b7e,True
PET,pet3,101,iteration_end,89,8,3945,3945,True,2d4d8d621436f304,2d4d8d621436f304,True
PET,pet3,101,iteration_end,89,9,3945,3945,True,2d4d8d621436f304,2d4d8d621436f304,True
PET,pet3,101,iteration_end,89,10,3945,3945,True,2d4d8d621436f304,2d4d8d621436f304,True
PET,pet3,101,iteration_end,89,11,3945,3945,True,2d4d8d621436f304,2d4d8d621436f304,True
PET,pet3,101,iteration_end,89,12,3945,3945,True,2d4d8d621436f304,2d4d8d621436f304,True
PET,pet3,101,iteration_end,89,13,3945,3945,True,2d4d8d621436f304,2d4d8d621436f304,True
PET,pet3,101,iteration_end,89,14,3845,3845,True,3eb7d33383513482,3eb7d33383513482,True
PET,pet3,101,iteration_end,89,15,3245,3245,True,54deee0a0074435b,54deee0a0074435b,True
PET,pet3,101,iteration_end,89,16,3245,3245,True,54deee0a0074435b,54deee0a0074435b,True
PET,pet3,101,iteration_end,89,17,3245,3245,True,54deee0a0074435b,54deee0a0074435b,True
PET,pet3,101,iteration_end,89,18,3245,3245,True,54deee0a0074435b,54deee0a0074435b,True
PET,pet3,101,iteration_end,89,19,3245,3245,True,54deee0a0074435b,54deee0a0074435b,True
PET,pet3,101,iteration_end,90,0,4005,4005,True,8d5a31cc3efd9b7e,8d5a31cc3efd9b7e,True
PET,pet3,101,iteration_end,90,1,4005,4005,True,8d5a31cc3efd9b7e,8d5a31cc3efd9b7e,True
PET,pet3,101,iteration_end,90,2,4005,4005,True,8d5a31cc3efd9b7e,8d5a31cc3efd9b7e,True
PET,pet3,101,iteration_end,90,3,4005,4005,True,8d5a31cc3efd9b7e,8d5a31cc3efd9b7e,True
PET,pet3,101,iteration_end,90,4,4005,4005,True,8d5a31cc3efd9b7e,8d5a31cc3efd9b7e,True
PET,pet3,101,iteration_end,90,5,3945,3945,True,2d4d8d621436f304,2d4d8d621436f304,True
PET,pet3,101,iteration_end,90,6,3945,3945,True,2d4d8d621436f304,2d4d8d621436f304,True
PET,pet3,101,iteration_end,90,7,3945,3945,True,2d4d8d621436f304,2d4d8d621436f304,True
PET,pet3,101,iteration_end,90,8,3945,3945,True,2d4d8d621436f304,2d4d8d621436f304,True
PET,pet3,101,iteration_end,90,9,3945,3945,True,2d4d8d621436f304,2d4d8d621436f304,True
PET,pet3,101,iteration_end,90,10,3845,3845,True,3afacda0ef5beeac,3afacda0ef5beeac,True
PET,pet3,101,iteration_end,90,11,3845,3845,True,3eb7d33383513482,3eb7d33383513482,True
PET,pet3,101,iteration_end,90,12,3825,3825,True,2967b7b848315119,2967b7b848315119,True
PET,pet3,101,iteration_end,90,13,3525,3525,True,34ec0d78a330f5a3,34ec0d78a330f5a3,True
PET,pet3,101,iteration_end,90,14,3245,3245,True,54deee0a0074435b,54deee0a0074435b,True
PET,pet3,101,iteration_end,90,15,3245,3245,True,54deee0a0074435b,54deee0a0074435b,True
PET,pet3,101,iteration_end,90,16,3245,3245,True,54deee0a0074435b,54deee0a0074435b,True
PET,pet3,101,iteration_end,90,17,3245,3245,True,54deee0a0074435b,54deee0a0074435b,True
PET,pet3,101,iteration_end,90,18,3245,3245,True,54deee0a0074435b,54deee0a0074435b,True
PET,pet3,101,iteration_end,90,19,3245,3245,True,54deee0a0074435b,54deee0a0074435b,True
PET,pet3,101,iteration_end,91,0,4005,4005,True,8d5a31cc3efd9b7e,8d5a31cc3efd9b7e,True
PET,pet3,101,iteration_end,91,1,4005,4005,True,8d5a31cc3efd9b7e,8d5a31cc3efd9b7e,True
PET,pet3,101,iteration_end,91,2,4005,4005,True,8d5a31cc3efd9b7e,8d5a31cc3efd9b7e,True
PET,pet3,101,iteration_end,91,3,4005,4005,True,8d5a31cc3efd9b7e,8d5a31cc3efd9b7e,True
PET,pet3,101,iteration_end,91,4,4005,4005,True,8d5a31cc3efd9b7e,8d5a31cc3efd9b7e,True
PET,pet3,101,iteration_end,91,5,4005,4005,True,8d5a31cc3efd9b7e,8d5a31cc3efd9b7e,True
PET,pet3,101,iteration_end,91,6,4005,4005,True,8d5a31cc3efd9b7e,8d5a31cc3efd9b7e,True
PET,pet3,101,iteration_end,91,7,4005,4005,True,8d5a31cc3efd9b7e,8d5a31cc3efd9b7e,True
PET,pet3,101,iteration_end,91,8,3945,3945,True,2d4d8d621436f304,2d4d8d621436f304,True
PET,pet3,101,iteration_end,91,9,3945,3945,True,2d4d8d621436f304,2d4d8d621436f304,True
PET,pet3,101,iteration_end,91,10,3945,3945,True,2d4d8d621436f304,2d4d8d621436f304,True
PET,pet3,101,iteration_end,91,11,3945,3945,True,2d4d8d621436f304,2d4d8d621436f304,True
PET,pet3,101,iteration_end,91,12,3900,3900,True,8a66c2f8b1418983,8a66c2f8b1418983,True
PET,pet3,101,iteration_end,91,13,3845,3845,True,c3b2965a420afede,c3b2965a420afede,True
PET,pet3,101,iteration_end,91,14,3845,3845,True,3eb7d33383513482,3eb7d33383513482,True
PET,pet3,101,iteration_end,91,15,3825,3825,True,2967b7b848315119,2967b7b848315119,True
PET,pet3,101,iteration_end,91,16,3245,3245,True,54deee0a0074435b,54deee0a0074435b,True
PET,pet3,101,iteration_end,91,17,3245,3245,True,54deee0a0074435b,54deee0a0074435b,True
PET,pet3,101,iteration_end,91,18,3245,3245,True,54deee0a0074435b,54deee0a0074435b,True
PET,pet3,101,iteration_end,91,19,3245,3245,True,54deee0a0074435b,54deee0a0074435b,True
PET,pet3,101,iteration_end,92,0,4005,4005,True,8d5a31cc3efd9b7e,8d5a31cc3efd9b7e,True
PET,pet3,101,iteration_end,92,1,4005,4005,True,8d5a31cc3efd9b7e,8d5a31cc3efd9b7e,True
PET,pet3,101,iteration_end,92,2,4005,4005,True,8d5a31cc3efd9b7e,8d5a31cc3efd9b7e,True
PET,pet3,101,iteration_end,92,3,4005,4005,True,8d5a31cc3efd9b7e,8d5a31cc3efd9b7e,True
PET,pet3,101,iteration_end,92,4,4005,4005,True,8d5a31cc3efd9b7e,8d5a31cc3efd9b7e,True
PET,pet3,101,iteration_end,92,5,4005,4005,True,8d5a31cc3efd9b7e,8d5a31cc3efd9b7e,True
PET,pet3,101,iteration_end,92,6,3945,3945,True,2d4d8d621436f304,2d4d8d621436f304,True
PET,pet3,101,iteration_end,92,7,3945,3945,True,2d4d8d621436f304,2d4d8d621436f304,True
PET,pet3,101,iteration_end,92,8,3945,3945,True,2d4d8d621436f304,2d4d8d621436f304,True
PET,pet3,101,iteration_end,92,9,3900,3900,True,8a66c2f8b1418983,8a66c2f8b1418983,True
PET,pet3,101,iteration_end,92,10,3845,3845,True,c3b2965a420afede,c3b2965a420afede,True
PET,pet3,101,iteration_end,92,11,3245,3245,True,54deee0a0074435b,54deee0a0074435b,True
PET,pet3,101,iteration_end,92,12,3245,3245,True,54deee0a0074435b,54deee0a0074435b,True
PET,pet3,101,iteration_end,92,13,3245,3245,True,54deee0a0074435b,54deee0a0074435b,True
PET,pet3,101,iteration_end,92,14,3245,3245,True,54deee0a0074435b,54deee0a0074435b,True
PET,pet3,101,iteration_end,92,15,3245,3245,True,54deee0a0074435b,54deee0a0074435b,True
PET,pet3,101,iteration_end,92,16,3245,3245,True,54deee0a0074435b,54deee0a0074435b,True
PET,pet3,101,iteration_end,92,17,3245,3245,True,54deee0a0074435b,54deee0a0074435b,True
PET,pet3,101,iteration_end,92,18,3245,3245,True,54deee0a0074435b,54deee0a0074435b,True
PET,pet3,101,iteration_end,92,19,3245,3245,True,54deee0a0074435b,54deee0a0074435b,True
PET,pet3,101,iteration_end,93,0,4005,4005,True,8d5a31cc3efd9b7e,8d5a31cc3efd9b7e,True
PET,pet3,101,iteration_end,93,1,4005,4005,True,8d5a31cc3efd9b7e,8d5a31cc3efd9b7e,True
PET,pet3,101,iteration_end,93,2,4005,4005,True,8d5a31cc3efd9b7e,8d5a31cc3efd9b7e,True
PET,pet3,101,iteration_end,93,3,4005,4005,True,8d5a31cc3efd9b7e,8d5a31cc3efd9b7e,True
PET,pet3,101,iteration_end,93,4,4005,4005,True,8d5a31cc3efd9b7e,8d5a31cc3efd9b7e,True
PET,pet3,101,iteration_end,93,5,4005,4005,True,8d5a31cc3efd9b7e,8d5a31cc3efd9b7e,True
PET,pet3,101,iteration_end,93,6,4005,4005,True,8d5a31cc3efd9b7e,8d5a31cc3efd9b7e,True
PET,pet3,101,iteration_end,93,7,3945,3945,True,2d4d8d621436f304,2d4d8d621436f304,True
PET,pet3,101,iteration_end,93,8,3945,3945,True,2d4d8d621436f304,2d4d8d621436f304,True
PET,pet3,101,iteration_end,93,9,3945,3945,True,2d4d8d621436f304,2d4d8d621436f304,True
PET,pet3,101,iteration_end,93,10,3945,3945,True,2d4d8d621436f304,2d4d8d621436f304,True
PET,pet3,101,iteration_end,93,11,3945,3945,True,2d4d8d621436f304,2d4d8d621436f304,True
PET,pet3,101,iteration_end,93,12,3900,3900,True,8a66c2f8b1418983,8a66c2f8b1418983,True
PET,pet3,101,iteration_end,93,13,3245,3245,True,54deee0a0074435b,54deee0a0074435b,True
PET,pet3,101,iteration_end,93,14,3245,3245,True,54deee0a0074435b,54deee0a0074435b,True
PET,pet3,101,iteration_end,93,15,3245,3245,True,54deee0a0074435b,54deee0a0074435b,True
PET,pet3,101,iteration_end,93,16,3245,3245,True,54deee0a0074435b,54deee0a0074435b,True
PET,pet3,101,iteration_end,93,17,3245,3245,True,54deee0a0074435b,54deee0a0074435b,True
PET,pet3,101,iteration_end,93,18,3245,3245,True,54deee0a0074435b,54deee0a0074435b,True
PET,pet3,101,iteration_end,93,19,3245,3245,True,54deee0a0074435b,54deee0a0074435b,True
PET,pet3,101,iteration_end,94,0,4005,4005,True,8d5a31cc3efd9b7e,8d5a31cc3efd9b7e,True
PET,pet3,101,iteration_end,94,1,4005,4005,True,8d5a31cc3efd9b7e,8d5a31cc3efd9b7e,True
PET,pet3,101,iteration_end,94,2,4005,4005,True,8d5a31cc3efd9b7e,8d5a31cc3efd9b7e,True
PET,pet3,101,iteration_end,94,3,4005,4005,True,8d5a31cc3efd9b7e,8d5a31cc3efd9b7e,True
PET,pet3,101,iteration_end,94,4,4005,4005,True,8d5a31cc3efd9b7e,8d5a31cc3efd9b7e,True
PET,pet3,101,iteration_end,94,5,4005,4005,True,8d5a31cc3efd9b7e,8d5a31cc3efd9b7e,True
PET,pet3,101,iteration_end,94,6,3945,3945,True,2d4d8d621436f304,2d4d8d621436f304,True
PET,pet3,101,iteration_end,94,7,3945,3945,True,2d4d8d621436f304,2d4d8d621436f304,True
PET,pet3,101,iteration_end,94,8,3945,3945,True,2d4d8d621436f304,2d4d8d621436f304,True
PET,pet3,101,iteration_end,94,9,3945,3945,True,2d4d8d621436f304,2d4d8d621436f304,True
PET,pet3,101,iteration_end,94,10,3325,3325,True,715d26fa0a53f1d2,715d26fa0a53f1d2,True
PET,pet3,101,iteration_end,94,11,3245,3245,True,54deee0a0074435b,54deee0a0074435b,True
PET,pet3,101,iteration_end,94,12,3245,3245,True,54deee0a0074435b,54deee0a0074435b,True
PET,pet3,101,iteration_end,94,13,3245,3245,True,54deee0a0074435b,54deee0a0074435b,True
PET,pet3,101,iteration_end,94,14,3245,3245,True,54deee0a0074435b,54deee0a0074435b,True
PET,pet3,101,iteration_end,94,15,3245,3245,True,54deee0a0074435b,54deee0a0074435b,True
PET,pet3,101,iteration_end,94,16,3245,3245,True,54deee0a0074435b,54deee0a0074435b,True
PET,pet3,101,iteration_end,94,17,3245,3245,True,54deee0a0074435b,54deee0a0074435b,True
PET,pet3,101,iteration_end,94,18,3245,3245,True,54deee0a0074435b,54deee0a0074435b,True
PET,pet3,101,iteration_end,94,19,3245,3245,True,54deee0a0074435b,54deee0a0074435b,True
PET,pet3,101,iteration_end,95,0,4005,4005,True,8d5a31cc3efd9b7e,8d5a31cc3efd9b7e,True
PET,pet3,101,iteration_end,95,1,4005,4005,True,8d5a31cc3efd9b7e,8d5a31cc3efd9b7e,True
PET,pet3,101,iteration_end,95,2,4005,4005,True,8d5a31cc3efd9b7e,8d5a31cc3efd9b7e,True
PET,pet3,101,iteration_end,95,3,4005,4005,True,8d5a31cc3efd9b7e,8d5a31cc3efd9b7e,True
PET,pet3,101,iteration_end,95,4,4005,4005,True,8d5a31cc3efd9b7e,8d5a31cc3efd9b7e,True
PET,pet3,101,iteration_end,95,5,4005,4005,True,8d5a31cc3efd9b7e,8d5a31cc3efd9b7e,True
PET,pet3,101,iteration_end,95,6,4005,4005,True,8d5a31cc3efd9b7e,8d5a31cc3efd9b7e,True
PET,pet3,101,iteration_end,95,7,4005,4005,True,8d5a31cc3efd9b7e,8d5a31cc3efd9b7e,True
PET,pet3,101,iteration_end,95,8,4005,4005,True,8d5a31cc3efd9b7e,8d5a31cc3efd9b7e,True
PET,pet3,101,iteration_end,95,9,4005,4005,True,8d5a31cc3efd9b7e,8d5a31cc3efd9b7e,True
PET,pet3,101,iteration_end,95,10,3965,3965,True,759b0da13cb06a6e,759b0da13cb06a6e,True
PET,pet3,101,iteration_end,95,11,3945,3945,True,2d4d8d621436f304,2d4d8d621436f304,True
PET,pet3,101,iteration_end,95,12,3245,3245,True,54deee0a0074435b,54deee0a0074435b,True
PET,pet3,101,iteration_end,95,13,3245,3245,True,54deee0a0074435b,54deee0a0074435b,True
PET,pet3,101,iteration_end,95,14,3245,3245,True,54deee0a0074435b,54deee0a0074435b,True
PET,pet3,101,iteration_end,95,15,3245,3245,True,54deee0a0074435b,54deee0a0074435b,True
PET,pet3,101,iteration_end,95,16,3245,3245,True,54deee0a0074435b,54deee0a0074435b,True
PET,pet3,101,iteration_end,95,17,3245,3245,True,54deee0a0074435b,54deee0a0074435b,True
PET,pet3,101,iteration_end,95,18,3245,3245,True,54deee0a0074435b,54deee0a0074435b,True
PET,pet3,101,iteration_end,95,19,3245,3245,True,54deee0a0074435b,54deee0a0074435b,True
PET,pet3,101,iteration_end,96,0,4005,4005,True,8d5a31cc3efd9b7e,8d5a31cc3efd9b7e,True
PET,pet3,101,iteration_end,96,1,4005,4005,True,8d5a31cc3efd9b7e,8d5a31cc3efd9b7e,True
PET,pet3,101,iteration_end,96,2,4005,4005,True,8d5a31cc3efd9b7e,8d5a31cc3efd9b7e,True
PET,pet3,101,iteration_end,96,3,4005,4005,True,8d5a31cc3efd9b7e,8d5a31cc3efd9b7e,True
PET,pet3,101,iteration_end,96,4,4005,4005,True,8d5a31cc3efd9b7e,8d5a31cc3efd9b7e,True
PET,pet3,101,iteration_end,96,5,4005,4005,True,8d5a31cc3efd9b7e,8d5a31cc3efd9b7e,True
PET,pet3,101,iteration_end,96,6,4005,4005,True,8d5a31cc3efd9b7e,8d5a31cc3efd9b7e,True
PET,pet3,101,iteration_end,96,7,4005,4005,True,8d5a31cc3efd9b7e,8d5a31cc3efd9b7e,True
PET,pet3,101,iteration_end,96,8,4005,4005,True,8d5a31cc3efd9b7e,8d5a31cc3efd9b7e,True
PET,pet3,101,iteration_end,96,9,4005,4005,True,8d5a31cc3efd9b7e,8d5a31cc3efd9b7e,True
PET,pet3,101,iteration_end,96,10,4005,4005,True,8d5a31cc3efd9b7e,8d5a31cc3efd9b7e,True
PET,pet3,101,iteration_end,96,11,3945,3945,True,2d4d8d621436f304,2d4d8d621436f304,True
PET,pet3,101,iteration_end,96,12,3595,3595,True,11035c5fe388ab17,11035c5fe388ab17,True
PET,pet3,101,iteration_end,96,13,3245,3245,True,54deee0a0074435b,54deee0a0074435b,True
PET,pet3,101,iteration_end,96,14,3245,3245,True,54deee0a0074435b,54deee0a0074435b,True
PET,pet3,101,iteration_end,96,15,3245,3245,True,54deee0a0074435b,54deee0a0074435b,True
PET,pet3,101,iteration_end,96,16,3245,3245,True,54deee0a0074435b,54deee0a0074435b,True
PET,pet3,101,iteration_end,96,17,3245,3245,True,54deee0a0074435b,54deee0a0074435b,True
PET,pet3,101,iteration_end,96,18,3245,3245,True,54deee0a0074435b,54deee0a0074435b,True
PET,pet3,101,iteration_end,96,19,3245,3245,True,54deee0a0074435b,54deee0a0074435b,True
PET,pet3,101,iteration_end,97,0,4005,4005,True,8d5a31cc3efd9b7e,8d5a31cc3efd9b7e,True
PET,pet3,101,iteration_end,97,1,4005,4005,True,8d5a31cc3efd9b7e,8d5a31cc3efd9b7e,True
PET,pet3,101,iteration_end,97,2,4005,4005,True,8d5a31cc3efd9b7e,8d5a31cc3efd9b7e,True
PET,pet3,101,iteration_end,97,3,4005,4005,True,8d5a31cc3efd9b7e,8d5a31cc3efd9b7e,True
PET,pet3,101,iteration_end,97,4,4005,4005,True,8d5a31cc3efd9b7e,8d5a31cc3efd9b7e,True
PET,pet3,101,iteration_end,97,5,4005,4005,True,8d5a31cc3efd9b7e,8d5a31cc3efd9b7e,True
PET,pet3,101,iteration_end,97,6,4005,4005,True,8d5a31cc3efd9b7e,8d5a31cc3efd9b7e,True
PET,pet3,101,iteration_end,97,7,4005,4005,True,8d5a31cc3efd9b7e,8d5a31cc3efd9b7e,True
PET,pet3,101,iteration_end,97,8,3945,3945,True,2d4d8d621436f304,2d4d8d621436f304,True
PET,pet3,101,iteration_end,97,9,3945,3945,True,2d4d8d621436f304,2d4d8d621436f304,True
PET,pet3,101,iteration_end,97,10,3945,3945,True,2d4d8d621436f304,2d4d8d621436f304,True
PET,pet3,101,iteration_end,97,11,3745,3745,True,16c4744466765907,16c4744466765907,True
PET,pet3,101,iteration_end,97,12,3245,3245,True,54deee0a0074435b,54deee0a0074435b,True
PET,pet3,101,iteration_end,97,13,3245,3245,True,54deee0a0074435b,54deee0a0074435b,True
PET,pet3,101,iteration_end,97,14,3245,3245,True,54deee0a0074435b,54deee0a0074435b,True
PET,pet3,101,iteration_end,97,15,3245,3245,True,54deee0a0074435b,54deee0a0074435b,True
PET,pet3,101,iteration_end,97,16,3245,3245,True,54deee0a0074435b,54deee0a0074435b,True
PET,pet3,101,iteration_end,97,17,3245,3245,True,54deee0a0074435b,54deee0a0074435b,True
PET,pet3,101,iteration_end,97,18,3245,3245,True,54deee0a0074435b,54deee0a0074435b,True
PET,pet3,101,iteration_end,97,19,3245,3245,True,54deee0a0074435b,54deee0a0074435b,True
PET,pet3,101,iteration_end,98,0,4005,4005,True,8d5a31cc3efd9b7e,8d5a31cc3efd9b7e,True
PET,pet3,101,iteration_end,98,1,4005,4005,True,8d5a31cc3efd9b7e,8d5a31cc3efd9b7e,True
PET,pet3,101,iteration_end,98,2,4005,4005,True,8d5a31cc3efd9b7e,8d5a31cc3efd9b7e,True
PET,pet3,101,iteration_end,98,3,4005,4005,True,8d5a31cc3efd9b7e,8d5a31cc3efd9b7e,True
PET,pet3,101,iteration_end,98,4,4005,4005,True,8d5a31cc3efd9b7e,8d5a31cc3efd9b7e,True
PET,pet3,101,iteration_end,98,5,4005,4005,True,8d5a31cc3efd9b7e,8d5a31cc3efd9b7e,True
PET,pet3,101,iteration_end,98,6,3945,3945,True,2d4d8d621436f304,2d4d8d621436f304,True
PET,pet3,101,iteration_end,98,7,3945,3945,True,2d4d8d621436f304,2d4d8d621436f304,True
PET,pet3,101,iteration_end,98,8,3945,3945,True,2d4d8d621436f304,2d4d8d621436f304,True
PET,pet3,101,iteration_end,98,9,3945,3945,True,2d4d8d621436f304,2d4d8d621436f304,True
PET,pet3,101,iteration_end,98,10,3945,3945,True,2d4d8d621436f304,2d4d8d621436f304,True
PET,pet3,101,iteration_end,98,11,3945,3945,True,2d4d8d621436f304,2d4d8d621436f304,True
PET,pet3,101,iteration_end,98,12,3945,3945,True,2d4d8d621436f304,2d4d8d621436f304,True
PET,pet3,101,iteration_end,98,13,3900,3900,True,8a66c2f8b1418983,8a66c2f8b1418983,True
PET,pet3,101,iteration_end,98,14,3245,3245,True,54deee0a0074435b,54deee0a0074435b,True
PET,pet3,101,iteration_end,98,15,3245,3245,True,54deee0a0074435b,54deee0a0074435b,True
PET,pet3,101,iteration_end,98,16,3245,3245,True,54deee0a0074435b,54deee0a0074435b,True
PET,pet3,101,iteration_end,98,17,3245,3245,True,54deee0a0074435b,54deee0a0074435b,True
PET,pet3,101,iteration_end,98,18,3245,3245,True,54deee0a0074435b,54deee0a0074435b,True
PET,pet3,101,iteration_end,98,19,3245,3245,True,54deee0a0074435b,54deee0a0074435b,True
PET,pet3,101,iteration_end,99,0,4005,4005,True,8d5a31cc3efd9b7e,8d5a31cc3efd9b7e,True
PET,pet3,101,iteration_end,99,1,4005,4005,True,8d5a31cc3efd9b7e,8d5a31cc3efd9b7e,True
PET,pet3,101,iteration_end,99,2,4005,4005,True,8d5a31cc3efd9b7e,8d5a31cc3efd9b7e,True
PET,pet3,101,iteration_end,99,3,4005,4005,True,8d5a31cc3efd9b7e,8d5a31cc3efd9b7e,True
PET,pet3,101,iteration_end,99,4,4005,4005,True,8d5a31cc3efd9b7e,8d5a31cc3efd9b7e,True
PET,pet3,101,iteration_end,99,5,3945,3945,True,2d4d8d621436f304,2d4d8d621436f304,True
PET,pet3,101,iteration_end,99,6,3945,3945,True,2d4d8d621436f304,2d4d8d621436f304,True
PET,pet3,101,iteration_end,99,7,3945,3945,True,2d4d8d621436f304,2d4d8d621436f304,True
PET,pet3,101,iteration_end,99,8,3945,3945,True,2d4d8d621436f304,2d4d8d621436f304,True
PET,pet3,101,iteration_end,99,9,3945,3945,True,2d4d8d621436f304,2d4d8d621436f304,True
PET,pet3,101,iteration_end,99,10,3945,3945,True,2d4d8d621436f304,2d4d8d621436f304,True
PET,pet3,101,iteration_end,99,11,3945,3945,True,2d4d8d621436f304,2d4d8d621436f304,True
PET,pet3,101,iteration_end,99,12,3900,3900,True,8a66c2f8b1418983,8a66c2f8b1418983,True
PET,pet3,101,iteration_end,99,13,3245,3245,True,54deee0a0074435b,54deee0a0074435b,True
PET,pet3,101,iteration_end,99,14,3245,3245,True,54deee0a0074435b,54deee0a0074435b,True
PET,pet3,101,iteration_end,99,15,3245,3245,True,54deee0a0074435b,54deee0a0074435b,True
PET,pet3,101,iteration_end,99,16,3245,3245,True,54deee0a0074435b,54deee0a0074435b,True
PET,pet3,101,iteration_end,99,17,3245,3245,True,54deee0a0074435b,54deee0a0074435b,True
PET,pet3,101,iteration_end,99,18,3245,3245,True,54deee0a0074435b,54deee0a0074435b,True
PET,pet3,101,iteration_end,99,19,3245,3245,True,54deee0a0074435b,54deee0a0074435b,True
PET,pet3,101,iteration_end,100,0,4005,4005,True,8d5a31cc3efd9b7e,8d5a31cc3efd9b7e,True
PET,pet3,101,iteration_end,100,1,4005,4005,True,8d5a31cc3efd9b7e,8d5a31cc3efd9b7e,True
PET,pet3,101,iteration_end,100,2,4005,4005,True,8d5a31cc3efd9b7e,8d5a31cc3efd9b7e,True
PET,pet3,101,iteration_end,100,3,4005,4005,True,8d5a31cc3efd9b7e,8d5a31cc3efd9b7e,True
PET,pet3,101,iteration_end,100,4,3985,3985,True,4fa5a6dd546d2c38,4fa5a6dd546d2c38,True
PET,pet3,101,iteration_end,100,5,3945,3945,True,2d4d8d621436f304,2d4d8d621436f304,True
PET,pet3,101,iteration_end,100,6,3945,3945,True,2d4d8d621436f304,2d4d8d621436f304,True
PET,pet3,101,iteration_end,100,7,3945,3945,True,2d4d8d621436f304,2d4d8d621436f304,True
PET,pet3,101,iteration_end,100,8,3945,3945,True,2d4d8d621436f304,2d4d8d621436f304,True
PET,pet3,101,iteration_end,100,9,3945,3945,True,2d4d8d621436f304,2d4d8d621436f304,True
PET,pet3,101,iteration_end,100,10,3900,3900,True,8a66c2f8b1418983,8a66c2f8b1418983,True
PET,pet3,101,iteration_end,100,11,3335,3335,True,655ebf6b15566e20,655ebf6b15566e20,True
PET,pet3,101,iteration_end,100,12,3245,3245,True,54deee0a0074435b,54deee0a0074435b,True
PET,pet3,101,iteration_end,100,13,3245,3245,True,54deee0a0074435b,54deee0a0074435b,True
PET,pet3,101,iteration_end,100,14,3245,3245,True,54deee0a0074435b,54deee0a0074435b,True
PET,pet3,101,iteration_end,100,15,3245,3245,True,54deee0a0074435b,54deee0a0074435b,True
PET,pet3,101,iteration_end,100,16,3245,3245,True,54deee0a0074435b,54deee0a0074435b,True
PET,pet3,101,iteration_end,100,17,3245,3245,True,54deee0a0074435b,54deee0a0074435b,True
PET,pet3,101,iteration_end,100,18,3245,3245,True,54deee0a0074435b,54deee0a0074435b,True
PET,pet3,101,iteration_end,100,19,3245,3245,True,54deee0a0074435b,54deee0a0074435b,True
PET,pet3,101,iteration_end,101,0,4005,4005,True,8d5a31cc3efd9b7e,8d5a31cc3efd9b7e,True
PET,pet3,101,iteration_end,101,1,4005,4005,True,8d5a31cc3efd9b7e,8d5a31cc3efd9b7e,True
PET,pet3,101,iteration_end,101,2,4005,4005,True,8d5a31cc3efd9b7e,8d5a31cc3efd9b7e,True
PET,pet3,101,iteration_end,101,3,4005,4005,True,8d5a31cc3efd9b7e,8d5a31cc3efd9b7e,True
PET,pet3,101,iteration_end,101,4,4005,4005,True,8d5a31cc3efd9b7e,8d5a31cc3efd9b7e,True
PET,pet3,101,iteration_end,101,5,4005,4005,True,8d5a31cc3efd9b7e,8d5a31cc3efd9b7e,True
PET,pet3,101,iteration_end,101,6,3945,3945,True,2d4d8d621436f304,2d4d8d621436f304,True
PET,pet3,101,iteration_end,101,7,3945,3945,True,2d4d8d621436f304,2d4d8d621436f304,True
PET,pet3,101,iteration_end,101,8,3945,3945,True,2d4d8d621436f304,2d4d8d621436f304,True
PET,pet3,101,iteration_end,101,9,3945,3945,True,2d4d8d621436f304,2d4d8d621436f304,True
PET,pet3,101,iteration_end,101,10,3945,3945,True,2d4d8d621436f304,2d4d8d621436f304,True
PET,pet3,101,iteration_end,101,11,3945,3945,True,2d4d8d621436f304,2d4d8d621436f304,True
PET,pet3,101,iteration_end,101,12,3945,3945,True,2d4d8d621436f304,2d4d8d621436f304,True
PET,pet3,101,iteration_end,101,13,3945,3945,True,2d4d8d621436f304,2d4d8d621436f304,True
PET,pet3,101,iteration_end,101,14,3900,3900,True,8a66c2f8b1418983,8a66c2f8b1418983,True
PET,pet3,101,iteration_end,101,15,3845,3845,True,3eb7d33383513482,3eb7d33383513482,True
PET,pet3,101,iteration_end,101,16,3245,3245,True,54deee0a0074435b,54deee0a0074435b,True
PET,pet3,101,iteration_end,101,17,3245,3245,True,54deee0a0074435b,54deee0a0074435b,True
PET,pet3,101,iteration_end,101,18,3245,3245,True,54deee0a0074435b,54deee0a0074435b,True
PET,pet3,101,iteration_end,101,19,3245,3245,True,54deee0a0074435b,54deee0a0074435b,True
PET,pet3,101,iteration_end,102,0,4005,4005,True,8d5a31cc3efd9b7e,8d5a31cc3efd9b7e,True
PET,pet3,101,iteration_end,102,1,4005,4005,True,8d5a31cc3efd9b7e,8d5a31cc3efd9b7e,True
PET,pet3,101,iteration_end,102,2,4005,4005,True,8d5a31cc3efd9b7e,8d5a31cc3efd9b7e,True
PET,pet3,101,iteration_end,102,3,4005,4005,True,8d5a31cc3efd9b7e,8d5a31cc3efd9b7e,True
PET,pet3,101,iteration_end,102,4,4005,4005,True,8d5a31cc3efd9b7e,8d5a31cc3efd9b7e,True
PET,pet3,101,iteration_end,102,5,4005,4005,True,8d5a31cc3efd9b7e,8d5a31cc3efd9b7e,True
PET,pet3,101,iteration_end,102,6,4005,4005,True,8d5a31cc3efd9b7e,8d5a31cc3efd9b7e,True
PET,pet3,101,iteration_end,102,7,4005,4005,True,8d5a31cc3efd9b7e,8d5a31cc3efd9b7e,True
PET,pet3,101,iteration_end,102,8,3945,3945,True,2d4d8d621436f304,2d4d8d621436f304,True
PET,pet3,101,iteration_end,102,9,3945,3945,True,2d4d8d621436f304,2d4d8d621436f304,True
PET,pet3,101,iteration_end,102,10,3945,3945,True,2d4d8d621436f304,2d4d8d621436f304,True
PET,pet3,101,iteration_end,102,11,3945,3945,True,2d4d8d621436f304,2d4d8d621436f304,True
PET,pet3,101,iteration_end,102,12,3945,3945,True,2d4d8d621436f304,2d4d8d621436f304,True
PET,pet3,101,iteration_end,102,13,3845,3845,True,3afacda0ef5beeac,3afacda0ef5beeac,True
PET,pet3,101,iteration_end,102,14,3825,3825,True,2967b7b848315119,2967b7b848315119,True
PET,pet3,101,iteration_end,102,15,3245,3245,True,54deee0a0074435b,54deee0a0074435b,True
PET,pet3,101,iteration_end,102,16,3245,3245,True,54deee0a0074435b,54deee0a0074435b,True
PET,pet3,101,iteration_end,102,17,3245,3245,True,54deee0a0074435b,54deee0a0074435b,True
PET,pet3,101,iteration_end,102,18,3245,3245,True,54deee0a0074435b,54deee0a0074435b,True
PET,pet3,101,iteration_end,102,19,3245,3245,True,54deee0a0074435b,54deee0a0074435b,True
PET,pet3,101,iteration_end,103,0,4005,4005,True,8d5a31cc3efd9b7e,8d5a31cc3efd9b7e,True
PET,pet3,101,iteration_end,103,1,4005,4005,True,8d5a31cc3efd9b7e,8d5a31cc3efd9b7e,True
PET,pet3,101,iteration_end,103,2,4005,4005,True,8d5a31cc3efd9b7e,8d5a31cc3efd9b7e,True
PET,pet3,101,iteration_end,103,3,4005,4005,True,8d5a31cc3efd9b7e,8d5a31cc3efd9b7e,True
PET,pet3,101,iteration_end,103,4,4005,4005,True,8d5a31cc3efd9b7e,8d5a31cc3efd9b7e,True
PET,pet3,101,iteration_end,103,5,4005,4005,True,8d5a31cc3efd9b7e,8d5a31cc3efd9b7e,True
PET,pet3,101,iteration_end,103,6,4005,4005,True,8d5a31cc3efd9b7e,8d5a31cc3efd9b7e,True
PET,pet3,101,iteration_end,103,7,4005,4005,True,8d5a31cc3efd9b7e,8d5a31cc3efd9b7e,True
PET,pet3,101,iteration_end,103,8,3945,3945,True,2d4d8d621436f304,2d4d8d621436f304,True
PET,pet3,101,iteration_end,103,9,3945,3945,True,2d4d8d621436f304,2d4d8d621436f304,True
PET,pet3,101,iteration_end,103,10,3945,3945,True,2d4d8d621436f304,2d4d8d621436f304,True
PET,pet3,101,iteration_end,103,11,3945,3945,True,2d4d8d621436f304,2d4d8d621436f304,True
PET,pet3,101,iteration_end,103,12,3945,3945,True,2d4d8d621436f304,2d4d8d621436f304,True
PET,pet3,101,iteration_end,103,13,3845,3845,True,3eb7d33383513482,3eb7d33383513482,True
PET,pet3,101,iteration_end,103,14,3825,3825,True,2967b7b848315119,2967b7b848315119,True
PET,pet3,101,iteration_end,103,15,3245,3245,True,54deee0a0074435b,54deee0a0074435b,True
PET,pet3,101,iteration_end,103,16,3245,3245,True,54deee0a0074435b,54deee0a0074435b,True
PET,pet3,101,iteration_end,103,17,3245,3245,True,54deee0a0074435b,54deee0a0074435b,True
PET,pet3,101,iteration_end,103,18,3245,3245,True,54deee0a0074435b,54deee0a0074435b,True
PET,pet3,101,iteration_end,103,19,3245,3245,True,54deee0a0074435b,54deee0a0074435b,True
PET,pet3,101,iteration_end,104,0,4005,4005,True,8d5a31cc3efd9b7e,8d5a31cc3efd9b7e,True
PET,pet3,101,iteration_end,104,1,4005,4005,True,8d5a31cc3efd9b7e,8d5a31cc3efd9b7e,True
PET,pet3,101,iteration_end,104,2,4005,4005,True,8d5a31cc3efd9b7e,8d5a31cc3efd9b7e,True
PET,pet3,101,iteration_end,104,3,4005,4005,True,8d5a31cc3efd9b7e,8d5a31cc3efd9b7e,True
PET,pet3,101,iteration_end,104,4,4005,4005,True,8d5a31cc3efd9b7e,8d5a31cc3efd9b7e,True
PET,pet3,101,iteration_end,104,5,4005,4005,True,8d5a31cc3efd9b7e,8d5a31cc3efd9b7e,True
PET,pet3,101,iteration_end,104,6,4005,4005,True,8d5a31cc3efd9b7e,8d5a31cc3efd9b7e,True
PET,pet3,101,iteration_end,104,7,4005,4005,True,8d5a31cc3efd9b7e,8d5a31cc3efd9b7e,True
PET,pet3,101,iteration_end,104,8,3945,3945,True,2d4d8d621436f304,2d4d8d621436f304,True
PET,pet3,101,iteration_end,104,9,3945,3945,True,2d4d8d621436f304,2d4d8d621436f304,True
PET,pet3,101,iteration_end,104,10,3945,3945,True,2d4d8d621436f304,2d4d8d621436f304,True
PET,pet3,101,iteration_end,104,11,3945,3945,True,2d4d8d621436f304,2d4d8d621436f304,True
PET,pet3,101,iteration_end,104,12,3945,3945,True,2d4d8d621436f304,2d4d8d621436f304,True
PET,pet3,101,iteration_end,104,13,3845,3845,True,c3b2965a420afede,c3b2965a420afede,True
PET,pet3,101,iteration_end,104,14,3825,3825,True,2967b7b848315119,2967b7b848315119,True
PET,pet3,101,iteration_end,104,15,3245,3245,True,54deee0a0074435b,54deee0a0074435b,True
PET,pet3,101,iteration_end,104,16,3245,3245,True,54deee0a0074435b,54deee0a0074435b,True
PET,pet3,101,iteration_end,104,17,3245,3245,True,54deee0a0074435b,54deee0a0074435b,True
PET,pet3,101,iteration_end,104,18,3245,3245,True,54deee0a0074435b,54deee0a0074435b,True
PET,pet3,101,iteration_end,104,19,3245,3245,True,54deee0a0074435b,54deee0a0074435b,True
PET,pet3,101,iteration_end,105,0,4005,4005,True,8d5a31cc3efd9b7e,8d5a31cc3efd9b7e,True
PET,pet3,101,iteration_end,105,1,4005,4005,True,8d5a31cc3efd9b7e,8d5a31cc3efd9b7e,True
PET,pet3,101,iteration_end,105,2,4005,4005,True,8d5a31cc3efd9b7e,8d5a31cc3efd9b7e,True
PET,pet3,101,iteration_end,105,3,4005,4005,True,8d5a31cc3efd9b7e,8d5a31cc3efd9b7e,True
PET,pet3,101,iteration_end,105,4,4005,4005,True,8d5a31cc3efd9b7e,8d5a31cc3efd9b7e,True
PET,pet3,101,iteration_end,105,5,4005,4005,True,8d5a31cc3efd9b7e,8d5a31cc3efd9b7e,True
PET,pet3,101,iteration_end,105,6,4005,4005,True,8d5a31cc3efd9b7e,8d5a31cc3efd9b7e,True
PET,pet3,101,iteration_end,105,7,4005,4005,True,8d5a31cc3efd9b7e,8d5a31cc3efd9b7e,True
PET,pet3,101,iteration_end,105,8,3945,3945,True,2d4d8d621436f304,2d4d8d621436f304,True
PET,pet3,101,iteration_end,105,9,3945,3945,True,2d4d8d621436f304,2d4d8d621436f304,True
PET,pet3,101,iteration_end,105,10,3945,3945,True,2d4d8d621436f304,2d4d8d621436f304,True
PET,pet3,101,iteration_end,105,11,3945,3945,True,2d4d8d621436f304,2d4d8d621436f304,True
PET,pet3,101,iteration_end,105,12,3945,3945,True,2d4d8d621436f304,2d4d8d621436f304,True
PET,pet3,101,iteration_end,105,13,3945,3945,True,2d4d8d621436f304,2d4d8d621436f304,True
PET,pet3,101,iteration_end,105,14,3825,3825,True,2967b7b848315119,2967b7b848315119,True
PET,pet3,101,iteration_end,105,15,3550,3550,True,2bb13a2c79ed6499,2bb13a2c79ed6499,True
PET,pet3,101,iteration_end,105,16,3245,3245,True,54deee0a0074435b,54deee0a0074435b,True
PET,pet3,101,iteration_end,105,17,3245,3245,True,54deee0a0074435b,54deee0a0074435b,True
PET,pet3,101,iteration_end,105,18,3245,3245,True,54deee0a0074435b,54deee0a0074435b,True
PET,pet3,101,iteration_end,105,19,3245,3245,True,54deee0a0074435b,54deee0a0074435b,True
PET,pet3,101,iteration_end,106,0,4005,4005,True,8d5a31cc3efd9b7e,8d5a31cc3efd9b7e,True
PET,pet3,101,iteration_end,106,1,4005,4005,True,8d5a31cc3efd9b7e,8d5a31cc3efd9b7e,True
PET,pet3,101,iteration_end,106,2,4005,4005,True,8d5a31cc3efd9b7e,8d5a31cc3efd9b7e,True
PET,pet3,101,iteration_end,106,3,4005,4005,True,8d5a31cc3efd9b7e,8d5a31cc3efd9b7e,True
PET,pet3,101,iteration_end,106,4,4005,4005,True,8d5a31cc3efd9b7e,8d5a31cc3efd9b7e,True
PET,pet3,101,iteration_end,106,5,4005,4005,True,8d5a31cc3efd9b7e,8d5a31cc3efd9b7e,True
PET,pet3,101,iteration_end,106,6,4005,4005,True,8d5a31cc3efd9b7e,8d5a31cc3efd9b7e,True
PET,pet3,101,iteration_end,106,7,4005,4005,True,8d5a31cc3efd9b7e,8d5a31cc3efd9b7e,True
PET,pet3,101,iteration_end,106,8,4005,4005,True,8d5a31cc3efd9b7e,8d5a31cc3efd9b7e,True
PET,pet3,101,iteration_end,106,9,4005,4005,True,8d5a31cc3efd9b7e,8d5a31cc3efd9b7e,True
PET,pet3,101,iteration_end,106,10,3945,3945,True,2d4d8d621436f304,2d4d8d621436f304,True
PET,pet3,101,iteration_end,106,11,3945,3945,True,2d4d8d621436f304,2d4d8d621436f304,True
PET,pet3,101,iteration_end,106,12,3945,3945,True,2d4d8d621436f304,2d4d8d621436f304,True
PET,pet3,101,iteration_end,106,13,3945,3945,True,2d4d8d621436f304,2d4d8d621436f304,True
PET,pet3,101,iteration_end,106,14,3825,3825,True,2967b7b848315119,2967b7b848315119,True
PET,pet3,101,iteration_end,106,15,3245,3245,True,54deee0a0074435b,54deee0a0074435b,True
PET,pet3,101,iteration_end,106,16,3245,3245,True,54deee0a0074435b,54deee0a0074435b,True
PET,pet3,101,iteration_end,106,17,3245,3245,True,54deee0a0074435b,54deee0a0074435b,True
PET,pet3,101,iteration_end,106,18,3245,3245,True,54deee0a0074435b,54deee0a0074435b,True
PET,pet3,101,iteration_end,106,19,3245,3245,True,54deee0a0074435b,54deee0a0074435b,True
PET,pet3,101,iteration_end,107,0,4005,4005,True,8d5a31cc3efd9b7e,8d5a31cc3efd9b7e,True
PET,pet3,101,iteration_end,107,1,4005,4005,True,8d5a31cc3efd9b7e,8d5a31cc3efd9b7e,True
PET,pet3,101,iteration_end,107,2,4005,4005,True,8d5a31cc3efd9b7e,8d5a31cc3efd9b7e,True
PET,pet3,101,iteration_end,107,3,4005,4005,True,8d5a31cc3efd9b7e,8d5a31cc3efd9b7e,True
PET,pet3,101,iteration_end,107,4,4005,4005,True,8d5a31cc3efd9b7e,8d5a31cc3efd9b7e,True
PET,pet3,101,iteration_end,107,5,4005,4005,True,8d5a31cc3efd9b7e,8d5a31cc3efd9b7e,True
PET,pet3,101,iteration_end,107,6,4005,4005,True,8d5a31cc3efd9b7e,8d5a31cc3efd9b7e,True
PET,pet3,101,iteration_end,107,7,4005,4005,True,8d5a31cc3efd9b7e,8d5a31cc3efd9b7e,True
PET,pet3,101,iteration_end,107,8,4005,4005,True,8d5a31cc3efd9b7e,8d5a31cc3efd9b7e,True
PET,pet3,101,iteration_end,107,9,3945,3945,True,2d4d8d621436f304,2d4d8d621436f304,True
PET,pet3,101,iteration_end,107,10,3945,3945,True,2d4d8d621436f304,2d4d8d621436f304,True
PET,pet3,101,iteration_end,107,11,3945,3945,True,2d4d8d621436f304,2d4d8d621436f304,True
PET,pet3,101,iteration_end,107,12,3945,3945,True,2d4d8d621436f304,2d4d8d621436f304,True
PET,pet3,101,iteration_end,107,13,3945,3945,True,2d4d8d621436f304,2d4d8d621436f304,True
PET,pet3,101,iteration_end,107,14,3325,3325,True,715d26fa0a53f1d2,715d26fa0a53f1d2,True
PET,pet3,101,iteration_end,107,15,3245,3245,True,54deee0a0074435b,54deee0a0074435b,True
PET,pet3,101,iteration_end,107,16,3245,3245,True,54deee0a0074435b,54deee0a0074435b,True
PET,pet3,101,iteration_end,107,17,3245,3245,True,54deee0a0074435b,54deee0a0074435b,True
PET,pet3,101,iteration_end,107,18,3245,3245,True,54deee0a0074435b,54deee0a0074435b,True
PET,pet3,101,iteration_end,107,19,3245,3245,True,54deee0a0074435b,54deee0a0074435b,True
PET,pet3,101,iteration_end,108,0,4005,4005,True,8d5a31cc3efd9b7e,8d5a31cc3efd9b7e,True
PET,pet3,101,iteration_end,108,1,4005,4005,True,8d5a31cc3efd9b7e,8d5a31cc3efd9b7e,True
PET,pet3,101,iteration_end,108,2,4005,4005,True,8d5a31cc3efd9b7e,8d5a31cc3efd9b7e,True
PET,pet3,101,iteration_end,108,3,4005,4005,True,8d5a31cc3efd9b7e,8d5a31cc3efd9b7e,True
PET,pet3,101,iteration_end,108,4,4005,4005,True,8d5a31cc3efd9b7e,8d5a31cc3efd9b7e,True
PET,pet3,101,iteration_end,108,5,4005,4005,True,8d5a31cc3efd9b7e,8d5a31cc3efd9b7e,True
PET,pet3,101,iteration_end,108,6,4005,4005,True,8d5a31cc3efd9b7e,8d5a31cc3efd9b7e,True
PET,pet3,101,iteration_end,108,7,4005,4005,True,8d5a31cc3efd9b7e,8d5a31cc3efd9b7e,True
PET,pet3,101,iteration_end,108,8,4005,4005,True,8d5a31cc3efd9b7e,8d5a31cc3efd9b7e,True
PET,pet3,101,iteration_end,108,9,4005,4005,True,8d5a31cc3efd9b7e,8d5a31cc3efd9b7e,True
PET,pet3,101,iteration_end,108,10,3945,3945,True,2d4d8d621436f304,2d4d8d621436f304,True
PET,pet3,101,iteration_end,108,11,3945,3945,True,2d4d8d621436f304,2d4d8d621436f304,True
PET,pet3,101,iteration_end,108,12,3945,3945,True,2d4d8d621436f304,2d4d8d621436f304,True
PET,pet3,101,iteration_end,108,13,3945,3945,True,2d4d8d621436f304,2d4d8d621436f304,True
PET,pet3,101,iteration_end,108,14,3245,3245,True,54deee0a0074435b,54deee0a0074435b,True
PET,pet3,101,iteration_end,108,15,3245,3245,True,54deee0a0074435b,54deee0a0074435b,True
PET,pet3,101,iteration_end,108,16,3245,3245,True,54deee0a0074435b,54deee0a0074435b,True
PET,pet3,101,iteration_end,108,17,3245,3245,True,54deee0a0074435b,54deee0a0074435b,True
PET,pet3,101,iteration_end,108,18,3245,3245,True,54deee0a0074435b,54deee0a0074435b,True
PET,pet3,101,iteration_end,108,19,3245,3245,True,54deee0a0074435b,54deee0a0074435b,True
PET,pet3,101,iteration_end,109,0,4005,4005,True,8d5a31cc3efd9b7e,8d5a31cc3efd9b7e,True
PET,pet3,101,iteration_end,109,1,4005,4005,True,8d5a31cc3efd9b7e,8d5a31cc3efd9b7e,True
PET,pet3,101,iteration_end,109,2,4005,4005,True,8d5a31cc3efd9b7e,8d5a31cc3efd9b7e,True
PET,pet3,101,iteration_end,109,3,4005,4005,True,8d5a31cc3efd9b7e,8d5a31cc3efd9b7e,True
PET,pet3,101,iteration_end,109,4,4005,4005,True,8d5a31cc3efd9b7e,8d5a31cc3efd9b7e,True
PET,pet3,101,iteration_end,109,5,4005,4005,True,8d5a31cc3efd9b7e,8d5a31cc3efd9b7e,True
PET,pet3,101,iteration_end,109,6,4005,4005,True,8d5a31cc3efd9b7e,8d5a31cc3efd9b7e,True
PET,pet3,101,iteration_end,109,7,4005,4005,True,8d5a31cc3efd9b7e,8d5a31cc3efd9b7e,True
PET,pet3,101,iteration_end,109,8,3945,3945,True,2d4d8d621436f304,2d4d8d621436f304,True
PET,pet3,101,iteration_end,109,9,3945,3945,True,2d4d8d621436f304,2d4d8d621436f304,True
PET,pet3,101,iteration_end,109,10,3595,3595,True,11035c5fe388ab17,11035c5fe388ab17,True
PET,pet3,101,iteration_end,109,11,3245,3245,True,54deee0a0074435b,54deee0a0074435b,True
PET,pet3,101,iteration_end,109,12,3245,3245,True,54deee0a0074435b,54deee0a0074435b,True
PET,pet3,101,iteration_end,109,13,3245,3245,True,54deee0a0074435b,54deee0a0074435b,True
PET,pet3,101,iteration_end,109,14,3245,3245,True,54deee0a0074435b,54deee0a0074435b,True
PET,pet3,101,iteration_end,109,15,3245,3245,True,54deee0a0074435b,54deee0a0074435b,True
PET,pet3,101,iteration_end,109,16,3245,3245,True,54deee0a0074435b,54deee0a0074435b,True
PET,pet3,101,iteration_end,109,17,3245,3245,True,54deee0a0074435b,54deee0a0074435b,True
PET,pet3,101,iteration_end,109,18,3245,3245,True,54deee0a0074435b,54deee0a0074435b,True
PET,pet3,101,iteration_end,109,19,3245,3245,True,54deee0a0074435b,54deee0a0074435b,True
PET,pet3,101,iteration_end,110,0,4005,4005,True,8d5a31cc3efd9b7e,8d5a31cc3efd9b7e,True
PET,pet3,101,iteration_end,110,1,4005,4005,True,8d5a31cc3efd9b7e,8d5a31cc3efd9b7e,True
PET,pet3,101,iteration_end,110,2,4005,4005,True,8d5a31cc3efd9b7e,8d5a31cc3efd9b7e,True
PET,pet3,101,iteration_end,110,3,4005,4005,True,8d5a31cc3efd9b7e,8d5a31cc3efd9b7e,True
PET,pet3,101,iteration_end,110,4,4005,4005,True,8d5a31cc3efd9b7e,8d5a31cc3efd9b7e,True
PET,pet3,101,iteration_end,110,5,4005,4005,True,8d5a31cc3efd9b7e,8d5a31cc3efd9b7e,True
PET,pet3,101,iteration_end,110,6,4005,4005,True,8d5a31cc3efd9b7e,8d5a31cc3efd9b7e,True
PET,pet3,101,iteration_end,110,7,4005,4005,True,8d5a31cc3efd9b7e,8d5a31cc3efd9b7e,True
PET,pet3,101,iteration_end,110,8,4005,4005,True,8d5a31cc3efd9b7e,8d5a31cc3efd9b7e,True
PET,pet3,101,iteration_end,110,9,4005,4005,True,8d5a31cc3efd9b7e,8d5a31cc3efd9b7e,True
PET,pet3,101,iteration_end,110,10,3945,3945,True,2d4d8d621436f304,2d4d8d621436f304,True
PET,pet3,101,iteration_end,110,11,3945,3945,True,2d4d8d621436f304,2d4d8d621436f304,True
PET,pet3,101,iteration_end,110,12,3245,3245,True,54deee0a0074435b,54deee0a0074435b,True
PET,pet3,101,iteration_end,110,13,3245,3245,True,54deee0a0074435b,54deee0a0074435b,True
PET,pet3,101,iteration_end,110,14,3245,3245,True,54deee0a0074435b,54deee0a0074435b,True
PET,pet3,101,iteration_end,110,15,3245,3245,True,54deee0a0074435b,54deee0a0074435b,True
PET,pet3,101,iteration_end,110,16,3245,3245,True,54deee0a0074435b,54deee0a0074435b,True
PET,pet3,101,iteration_end,110,17,3245,3245,True,54deee0a0074435b,54deee0a0074435b,True
PET,pet3,101,iteration_end,110,18,3245,3245,True,54deee0a0074435b,54deee0a0074435b,True
PET,pet3,101,iteration_end,110,19,3245,3245,True,54deee0a0074435b,54deee0a0074435b,True
PET,pet3,101,iteration_end,111,0,4005,4005,True,8d5a31cc3efd9b7e,8d5a31cc3efd9b7e,True
PET,pet3,101,iteration_end,111,1,4005,4005,True,8d5a31cc3efd9b7e,8d5a31cc3efd9b7e,True
PET,pet3,101,iteration_end,111,2,4005,4005,True,8d5a31cc3efd9b7e,8d5a31cc3efd9b7e,True
PET,pet3,101,iteration_end,111,3,4005,4005,True,8d5a31cc3efd9b7e,8d5a31cc3efd9b7e,True
PET,pet3,101,iteration_end,111,4,4005,4005,True,8d5a31cc3efd9b7e,8d5a31cc3efd9b7e,True
PET,pet3,101,iteration_end,111,5,4005,4005,True,8d5a31cc3efd9b7e,8d5a31cc3efd9b7e,True
PET,pet3,101,iteration_end,111,6,4005,4005,True,8d5a31cc3efd9b7e,8d5a31cc3efd9b7e,True
PET,pet3,101,iteration_end,111,7,4005,4005,True,8d5a31cc3efd9b7e,8d5a31cc3efd9b7e,True
PET,pet3,101,iteration_end,111,8,3945,3945,True,2d4d8d621436f304,2d4d8d621436f304,True
PET,pet3,101,iteration_end,111,9,3945,3945,True,2d4d8d621436f304,2d4d8d621436f304,True
PET,pet3,101,iteration_end,111,10,3945,3945,True,2d4d8d621436f304,2d4d8d621436f304,True
PET,pet3,101,iteration_end,111,11,3325,3325,True,715d26fa0a53f1d2,715d26fa0a53f1d2,True
PET,pet3,101,iteration_end,111,12,3325,3325,True,715d26fa0a53f1d2,715d26fa0a53f1d2,True
PET,pet3,101,iteration_end,111,13,3245,3245,True,54deee0a0074435b,54deee0a0074435b,True
PET,pet3,101,iteration_end,111,14,3245,3245,True,54deee0a0074435b,54deee0a0074435b,True
PET,pet3,101,iteration_end,111,15,3245,3245,True,54deee0a0074435b,54deee0a0074435b,True
PET,pet3,101,iteration_end,111,16,3245,3245,True,54deee0a0074435b,54deee0a0074435b,True
PET,pet3,101,iteration_end,111,17,3245,3245,True,54deee0a0074435b,54deee0a0074435b,True
PET,pet3,101,iteration_end,111,18,3245,3245,True,54deee0a0074435b,54deee0a0074435b,True
PET,pet3,101,iteration_end,111,19,3245,3245,True,54deee0a0074435b,54deee0a0074435b,True
PET,pet3,101,iteration_end,112,0,4005,4005,True,8d5a31cc3efd9b7e,8d5a31cc3efd9b7e,True
PET,pet3,101,iteration_end,112,1,4005,4005,True,8d5a31cc3efd9b7e,8d5a31cc3efd9b7e,True
PET,pet3,101,iteration_end,112,2,4005,4005,True,8d5a31cc3efd9b7e,8d5a31cc3efd9b7e,True
PET,pet3,101,iteration_end,112,3,4005,4005,True,8d5a31cc3efd9b7e,8d5a31cc3efd9b7e,True
PET,pet3,101,iteration_end,112,4,4005,4005,True,8d5a31cc3efd9b7e,8d5a31cc3efd9b7e,True
PET,pet3,101,iteration_end,112,5,4005,4005,True,8d5a31cc3efd9b7e,8d5a31cc3efd9b7e,True
PET,pet3,101,iteration_end,112,6,4005,4005,True,8d5a31cc3efd9b7e,8d5a31cc3efd9b7e,True
PET,pet3,101,iteration_end,112,7,4005,4005,True,8d5a31cc3efd9b7e,8d5a31cc3efd9b7e,True
PET,pet3,101,iteration_end,112,8,3945,3945,True,2d4d8d621436f304,2d4d8d621436f304,True
PET,pet3,101,iteration_end,112,9,3945,3945,True,2d4d8d621436f304,2d4d8d621436f304,True
PET,pet3,101,iteration_end,112,10,3945,3945,True,2d4d8d621436f304,2d4d8d621436f304,True
PET,pet3,101,iteration_end,112,11,3945,3945,True,2d4d8d621436f304,2d4d8d621436f304,True
PET,pet3,101,iteration_end,112,12,3945,3945,True,2d4d8d621436f304,2d4d8d621436f304,True
PET,pet3,101,iteration_end,112,13,3945,3945,True,2d4d8d621436f304,2d4d8d621436f304,True
PET,pet3,101,iteration_end,112,14,3945,3945,True,2d4d8d621436f304,2d4d8d621436f304,True
PET,pet3,101,iteration_end,112,15,3325,3325,True,715d26fa0a53f1d2,715d26fa0a53f1d2,True
PET,pet3,101,iteration_end,112,16,3245,3245,True,54deee0a0074435b,54deee0a0074435b,True
PET,pet3,101,iteration_end,112,17,3245,3245,True,54deee0a0074435b,54deee0a0074435b,True
PET,pet3,101,iteration_end,112,18,3245,3245,True,54deee0a0074435b,54deee0a0074435b,True
PET,pet3,101,iteration_end,112,19,3245,3245,True,54deee0a0074435b,54deee0a0074435b,True
PET,pet3,101,iteration_end,113,0,4005,4005,True,8d5a31cc3efd9b7e,8d5a31cc3efd9b7e,True
PET,pet3,101,iteration_end,113,1,4005,4005,True,8d5a31cc3efd9b7e,8d5a31cc3efd9b7e,True
PET,pet3,101,iteration_end,113,2,4005,4005,True,8d5a31cc3efd9b7e,8d5a31cc3efd9b7e,True
PET,pet3,101,iteration_end,113,3,4005,4005,True,8d5a31cc3efd9b7e,8d5a31cc3efd9b7e,True
PET,pet3,101,iteration_end,113,4,4005,4005,True,8d5a31cc3efd9b7e,8d5a31cc3efd9b7e,True
PET,pet3,101,iteration_end,113,5,4005,4005,True,8d5a31cc3efd9b7e,8d5a31cc3efd9b7e,True
PET,pet3,101,iteration_end,113,6,4005,4005,True,8d5a31cc3efd9b7e,8d5a31cc3efd9b7e,True
PET,pet3,101,iteration_end,113,7,4005,4005,True,8d5a31cc3efd9b7e,8d5a31cc3efd9b7e,True
PET,pet3,101,iteration_end,113,8,3945,3945,True,2d4d8d621436f304,2d4d8d621436f304,True
PET,pet3,101,iteration_end,113,9,3945,3945,True,2d4d8d621436f304,2d4d8d621436f304,True
PET,pet3,101,iteration_end,113,10,3945,3945,True,2d4d8d621436f304,2d4d8d621436f304,True
PET,pet3,101,iteration_end,113,11,3945,3945,True,2d4d8d621436f304,2d4d8d621436f304,True
PET,pet3,101,iteration_end,113,12,3845,3845,True,3afacda0ef5beeac,3afacda0ef5beeac,True
PET,pet3,101,iteration_end,113,13,3800,3800,True,90284a1b73eab089,90284a1b73eab089,True
PET,pet3,101,iteration_end,113,14,3245,3245,True,54deee0a0074435b,54deee0a0074435b,True
PET,pet3,101,iteration_end,113,15,3245,3245,True,54deee0a0074435b,54deee0a0074435b,True
PET,pet3,101,iteration_end,113,16,3245,3245,True,54deee0a0074435b,54deee0a0074435b,True
PET,pet3,101,iteration_end,113,17,3245,3245,True,54deee0a0074435b,54deee0a0074435b,True
PET,pet3,101,iteration_end,113,18,3245,3245,True,54deee0a0074435b,54deee0a0074435b,True
PET,pet3,101,iteration_end,113,19,3245,3245,True,54deee0a0074435b,54deee0a0074435b,True
PET,pet3,101,iteration_end,114,0,4005,4005,True,8d5a31cc3efd9b7e,8d5a31cc3efd9b7e,True
PET,pet3,101,iteration_end,114,1,4005,4005,True,8d5a31cc3efd9b7e,8d5a31cc3efd9b7e,True
PET,pet3,101,iteration_end,114,2,4005,4005,True,8d5a31cc3efd9b7e,8d5a31cc3efd9b7e,True
PET,pet3,101,iteration_end,114,3,4005,4005,True,8d5a31cc3efd9b7e,8d5a31cc3efd9b7e,True
PET,pet3,101,iteration_end,114,4,4005,4005,True,8d5a31cc3efd9b7e,8d5a31cc3efd9b7e,True
PET,pet3,101,iteration_end,114,5,4005,4005,True,8d5a31cc3efd9b7e,8d5a31cc3efd9b7e,True
PET,pet3,101,iteration_end,114,6,4005,4005,True,8d5a31cc3efd9b7e,8d5a31cc3efd9b7e,True
PET,pet3,101,iteration_end,114,7,3945,3945,True,2d4d8d621436f304,2d4d8d621436f304,True
PET,pet3,101,iteration_end,114,8,3945,3945,True,2d4d8d621436f304,2d4d8d621436f304,True
PET,pet3,101,iteration_end,114,9,3945,3945,True,2d4d8d621436f304,2d4d8d621436f304,True
PET,pet3,101,iteration_end,114,10,3945,3945,True,2d4d8d621436f304,2d4d8d621436f304,True
PET,pet3,101,iteration_end,114,11,3945,3945,True,2d4d8d621436f304,2d4d8d621436f304,True
PET,pet3,101,iteration_end,114,12,3845,3845,True,c3b2965a420afede,c3b2965a420afede,True
PET,pet3,101,iteration_end,114,13,3245,3245,True,54deee0a0074435b,54deee0a0074435b,True
PET,pet3,101,iteration_end,114,14,3245,3245,True,54deee0a0074435b,54deee0a0074435b,True
PET,pet3,101,iteration_end,114,15,3245,3245,True,54deee0a0074435b,54deee0a0074435b,True
PET,pet3,101,iteration_end,114,16,3245,3245,True,54deee0a0074435b,54deee0a0074435b,True
PET,pet3,101,iteration_end,114,17,3245,3245,True,54deee0a0074435b,54deee0a0074435b,True
PET,pet3,101,iteration_end,114,18,3245,3245,True,54deee0a0074435b,54deee0a0074435b,True
PET,pet3,101,iteration_end,114,19,3245,3245,True,54deee0a0074435b,54deee0a0074435b,True
PET,pet3,101,iteration_end,115,0,4005,4005,True,8d5a31cc3efd9b7e,8d5a31cc3efd9b7e,True
PET,pet3,101,iteration_end,115,1,4005,4005,True,8d5a31cc3efd9b7e,8d5a31cc3efd9b7e,True
PET,pet3,101,iteration_end,115,2,4005,4005,True,8d5a31cc3efd9b7e,8d5a31cc3efd9b7e,True
PET,pet3,101,iteration_end,115,3,4005,4005,True,8d5a31cc3efd9b7e,8d5a31cc3efd9b7e,True
PET,pet3,101,iteration_end,115,4,4005,4005,True,8d5a31cc3efd9b7e,8d5a31cc3efd9b7e,True
PET,pet3,101,iteration_end,115,5,4005,4005,True,8d5a31cc3efd9b7e,8d5a31cc3efd9b7e,True
PET,pet3,101,iteration_end,115,6,3945,3945,True,2d4d8d621436f304,2d4d8d621436f304,True
PET,pet3,101,iteration_end,115,7,3945,3945,True,2d4d8d621436f304,2d4d8d621436f304,True
PET,pet3,101,iteration_end,115,8,3945,3945,True,2d4d8d621436f304,2d4d8d621436f304,True
PET,pet3,101,iteration_end,115,9,3945,3945,True,2d4d8d621436f304,2d4d8d621436f304,True
PET,pet3,101,iteration_end,115,10,3945,3945,True,2d4d8d621436f304,2d4d8d621436f304,True
PET,pet3,101,iteration_end,115,11,3745,3745,True,16c4744466765907,16c4744466765907,True
PET,pet3,101,iteration_end,115,12,3245,3245,True,54deee0a0074435b,54deee0a0074435b,True
PET,pet3,101,iteration_end,115,13,3245,3245,True,54deee0a0074435b,54deee0a0074435b,True
PET,pet3,101,iteration_end,115,14,3245,3245,True,54deee0a0074435b,54deee0a0074435b,True
PET,pet3,101,iteration_end,115,15,3245,3245,True,54deee0a0074435b,54deee0a0074435b,True
PET,pet3,101,iteration_end,115,16,3245,3245,True,54deee0a0074435b,54deee0a0074435b,True
PET,pet3,101,iteration_end,115,17,3245,3245,True,54deee0a0074435b,54deee0a0074435b,True
PET,pet3,101,iteration_end,115,18,3245,3245,True,54deee0a0074435b,54deee0a0074435b,True
PET,pet3,101,iteration_end,115,19,3245,3245,True,54deee0a0074435b,54deee0a0074435b,True
PET,pet3,101,iteration_end,116,0,4005,4005,True,8d5a31cc3efd9b7e,8d5a31cc3efd9b7e,True
PET,pet3,101,iteration_end,116,1,4005,4005,True,8d5a31cc3efd9b7e,8d5a31cc3efd9b7e,True
PET,pet3,101,iteration_end,116,2,4005,4005,True,8d5a31cc3efd9b7e,8d5a31cc3efd9b7e,True
PET,pet3,101,iteration_end,116,3,4005,4005,True,8d5a31cc3efd9b7e,8d5a31cc3efd9b7e,True
PET,pet3,101,iteration_end,116,4,4005,4005,True,8d5a31cc3efd9b7e,8d5a31cc3efd9b7e,True
PET,pet3,101,iteration_end,116,5,4005,4005,True,8d5a31cc3efd9b7e,8d5a31cc3efd9b7e,True
PET,pet3,101,iteration_end,116,6,4005,4005,True,8d5a31cc3efd9b7e,8d5a31cc3efd9b7e,True
PET,pet3,101,iteration_end,116,7,4005,4005,True,8d5a31cc3efd9b7e,8d5a31cc3efd9b7e,True
PET,pet3,101,iteration_end,116,8,4005,4005,True,8d5a31cc3efd9b7e,8d5a31cc3efd9b7e,True
PET,pet3,101,iteration_end,116,9,3945,3945,True,2d4d8d621436f304,2d4d8d621436f304,True
PET,pet3,101,iteration_end,116,10,3945,3945,True,2d4d8d621436f304,2d4d8d621436f304,True
PET,pet3,101,iteration_end,116,11,3915,3915,True,8be8c128b2f421a6,8be8c128b2f421a6,True
PET,pet3,101,iteration_end,116,12,3845,3845,True,c3b2965a420afede,c3b2965a420afede,True
PET,pet3,101,iteration_end,116,13,3845,3845,True,c3b2965a420afede,c3b2965a420afede,True
PET,pet3,101,iteration_end,116,14,3845,3845,True,3eb7d33383513482,3eb7d33383513482,True
PET,pet3,101,iteration_end,116,15,3745,3745,True,16c4744466765907,16c4744466765907,True
PET,pet3,101,iteration_end,116,16,3245,3245,True,54deee0a0074435b,54deee0a0074435b,True
PET,pet3,101,iteration_end,116,17,3245,3245,True,54deee0a0074435b,54deee0a0074435b,True
PET,pet3,101,iteration_end,116,18,3245,3245,True,54deee0a0074435b,54deee0a0074435b,True
PET,pet3,101,iteration_end,116,19,3245,3245,True,54deee0a0074435b,54deee0a0074435b,True
PET,pet3,101,iteration_end,117,0,4005,4005,True,8d5a31cc3efd9b7e,8d5a31cc3efd9b7e,True
PET,pet3,101,iteration_end,117,1,4005,4005,True,8d5a31cc3efd9b7e,8d5a31cc3efd9b7e,True
PET,pet3,101,iteration_end,117,2,4005,4005,True,8d5a31cc3efd9b7e,8d5a31cc3efd9b7e,True
PET,pet3,101,iteration_end,117,3,4005,4005,True,8d5a31cc3efd9b7e,8d5a31cc3efd9b7e,True
PET,pet3,101,iteration_end,117,4,4005,4005,True,8d5a31cc3efd9b7e,8d5a31cc3efd9b7e,True
PET,pet3,101,iteration_end,117,5,4005,4005,True,8d5a31cc3efd9b7e,8d5a31cc3efd9b7e,True
PET,pet3,101,iteration_end,117,6,4005,4005,True,8d5a31cc3efd9b7e,8d5a31cc3efd9b7e,True
PET,pet3,101,iteration_end,117,7,4005,4005,True,8d5a31cc3efd9b7e,8d5a31cc3efd9b7e,True
PET,pet3,101,iteration_end,117,8,3945,3945,True,2d4d8d621436f304,2d4d8d621436f304,True
PET,pet3,101,iteration_end,117,9,3945,3945,True,2d4d8d621436f304,2d4d8d621436f304,True
PET,pet3,101,iteration_end,117,10,3945,3945,True,2d4d8d621436f304,2d4d8d621436f304,True
PET,pet3,101,iteration_end,117,11,3915,3915,True,8be8c128b2f421a6,8be8c128b2f421a6,True
PET,pet3,101,iteration_end,117,12,3845,3845,True,c3b2965a420afede,c3b2965a420afede,True
PET,pet3,101,iteration_end,117,13,3245,3245,True,54deee0a0074435b,54deee0a0074435b,True
PET,pet3,101,iteration_end,117,14,3245,3245,True,54deee0a0074435b,54deee0a0074435b,True
PET,pet3,101,iteration_end,117,15,3245,3245,True,54deee0a0074435b,54deee0a0074435b,True
PET,pet3,101,iteration_end,117,16,3245,3245,True,54deee0a0074435b,54deee0a0074435b,True
PET,pet3,101,iteration_end,117,17,3245,3245,True,54deee0a0074435b,54deee0a0074435b,True
PET,pet3,101,iteration_end,117,18,3245,3245,True,54deee0a0074435b,54deee0a0074435b,True
PET,pet3,101,iteration_end,117,19,3245,3245,True,54deee0a0074435b,54deee0a0074435b,True
PET,pet3,101,iteration_end,118,0,4005,4005,True,8d5a31cc3efd9b7e,8d5a31cc3efd9b7e,True
PET,pet3,101,iteration_end,118,1,4005,4005,True,8d5a31cc3efd9b7e,8d5a31cc3efd9b7e,True
PET,pet3,101,iteration_end,118,2,4005,4005,True,8d5a31cc3efd9b7e,8d5a31cc3efd9b7e,True
PET,pet3,101,iteration_end,118,3,4005,4005,True,8d5a31cc3efd9b7e,8d5a31cc3efd9b7e,True
PET,pet3,101,iteration_end,118,4,4005,4005,True,8d5a31cc3efd9b7e,8d5a31cc3efd9b7e,True
PET,pet3,101,iteration_end,118,5,4005,4005,True,8d5a31cc3efd9b7e,8d5a31cc3efd9b7e,True
PET,pet3,101,iteration_end,118,6,4005,4005,True,8d5a31cc3efd9b7e,8d5a31cc3efd9b7e,True
PET,pet3,101,iteration_end,118,7,4005,4005,True,8d5a31cc3efd9b7e,8d5a31cc3efd9b7e,True
PET,pet3,101,iteration_end,118,8,4005,4005,True,8d5a31cc3efd9b7e,8d5a31cc3efd9b7e,True
PET,pet3,101,iteration_end,118,9,4005,4005,True,8d5a31cc3efd9b7e,8d5a31cc3efd9b7e,True
PET,pet3,101,iteration_end,118,10,3945,3945,True,2d4d8d621436f304,2d4d8d621436f304,True
PET,pet3,101,iteration_end,118,11,3945,3945,True,2d4d8d621436f304,2d4d8d621436f304,True
PET,pet3,101,iteration_end,118,12,3945,3945,True,2d4d8d621436f304,2d4d8d621436f304,True
PET,pet3,101,iteration_end,118,13,3845,3845,True,c3b2965a420afede,c3b2965a420afede,True
PET,pet3,101,iteration_end,118,14,3245,3245,True,54deee0a0074435b,54deee0a0074435b,True
PET,pet3,101,iteration_end,118,15,3245,3245,True,54deee0a0074435b,54deee0a0074435b,True
PET,pet3,101,iteration_end,118,16,3245,3245,True,54deee0a0074435b,54deee0a0074435b,True
PET,pet3,101,iteration_end,118,17,3245,3245,True,54deee0a0074435b,54deee0a0074435b,True
PET,pet3,101,iteration_end,118,18,3245,3245,True,54deee0a0074435b,54deee0a0074435b,True
PET,pet3,101,iteration_end,118,19,3245,3245,True,54deee0a0074435b,54deee0a0074435b,True
PET,pet3,101,iteration_end,119,0,4005,4005,True,8d5a31cc3efd9b7e,8d5a31cc3efd9b7e,True
PET,pet3,101,iteration_end,119,1,4005,4005,True,8d5a31cc3efd9b7e,8d5a31cc3efd9b7e,True
PET,pet3,101,iteration_end,119,2,4005,4005,True,8d5a31cc3efd9b7e,8d5a31cc3efd9b7e,True
PET,pet3,101,iteration_end,119,3,4005,4005,True,8d5a31cc3efd9b7e,8d5a31cc3efd9b7e,True
PET,pet3,101,iteration_end,119,4,4005,4005,True,8d5a31cc3efd9b7e,8d5a31cc3efd9b7e,True
PET,pet3,101,iteration_end,119,5,4005,4005,True,8d5a31cc3efd9b7e,8d5a31cc3efd9b7e,True
PET,pet3,101,iteration_end,119,6,4005,4005,True,8d5a31cc3efd9b7e,8d5a31cc3efd9b7e,True
PET,pet3,101,iteration_end,119,7,4005,4005,True,8d5a31cc3efd9b7e,8d5a31cc3efd9b7e,True
PET,pet3,101,iteration_end,119,8,4005,4005,True,8d5a31cc3efd9b7e,8d5a31cc3efd9b7e,True
PET,pet3,101,iteration_end,119,9,4005,4005,True,8d5a31cc3efd9b7e,8d5a31cc3efd9b7e,True
PET,pet3,101,iteration_end,119,10,4005,4005,True,8d5a31cc3efd9b7e,8d5a31cc3efd9b7e,True
PET,pet3,101,iteration_end,119,11,4005,4005,True,8d5a31cc3efd9b7e,8d5a31cc3efd9b7e,True
PET,pet3,101,iteration_end,119,12,3985,3985,True,4fa5a6dd546d2c38,4fa5a6dd546d2c38,True
PET,pet3,101,iteration_end,119,13,3945,3945,True,2d4d8d621436f304,2d4d8d621436f304,True
PET,pet3,101,iteration_end,119,14,3845,3845,True,c3b2965a420afede,c3b2965a420afede,True
PET,pet3,101,iteration_end,119,15,3245,3245,True,54deee0a0074435b,54deee0a0074435b,True
PET,pet3,101,iteration_end,119,16,3245,3245,True,54deee0a0074435b,54deee0a0074435b,True
PET,pet3,101,iteration_end,119,17,3245,3245,True,54deee0a0074435b,54deee0a0074435b,True
PET,pet3,101,iteration_end,119,18,3245,3245,True,54deee0a0074435b,54deee0a0074435b,True
PET,pet3,101,iteration_end,119,19,3245,3245,True,54deee0a0074435b,54deee0a0074435b,True
PET,pet3,101,iteration_end,120,0,4005,4005,True,8d5a31cc3efd9b7e,8d5a31cc3efd9b7e,True
PET,pet3,101,iteration_end,120,1,4005,4005,True,8d5a31cc3efd9b7e,8d5a31cc3efd9b7e,True
PET,pet3,101,iteration_end,120,2,4005,4005,True,8d5a31cc3efd9b7e,8d5a31cc3efd9b7e,True
PET,pet3,101,iteration_end,120,3,4005,4005,True,8d5a31cc3efd9b7e,8d5a31cc3efd9b7e,True
PET,pet3,101,iteration_end,120,4,4005,4005,True,8d5a31cc3efd9b7e,8d5a31cc3efd9b7e,True
PET,pet3,101,iteration_end,120,5,4005,4005,True,8d5a31cc3efd9b7e,8d5a31cc3efd9b7e,True
PET,pet3,101,iteration_end,120,6,4005,4005,True,8d5a31cc3efd9b7e,8d5a31cc3efd9b7e,True
PET,pet3,101,iteration_end,120,7,4005,4005,True,8d5a31cc3efd9b7e,8d5a31cc3efd9b7e,True
PET,pet3,101,iteration_end,120,8,3985,3985,True,4fa5a6dd546d2c38,4fa5a6dd546d2c38,True
PET,pet3,101,iteration_end,120,9,3945,3945,True,2d4d8d621436f304,2d4d8d621436f304,True
PET,pet3,101,iteration_end,120,10,3945,3945,True,2d4d8d621436f304,2d4d8d621436f304,True
PET,pet3,101,iteration_end,120,11,3845,3845,True,3afacda0ef5beeac,3afacda0ef5beeac,True
PET,pet3,101,iteration_end,120,12,3845,3845,True,3eb7d33383513482,3eb7d33383513482,True
PET,pet3,101,iteration_end,120,13,3245,3245,True,54deee0a0074435b,54deee0a0074435b,True
PET,pet3,101,iteration_end,120,14,3245,3245,True,54deee0a0074435b,54deee0a0074435b,True
PET,pet3,101,iteration_end,120,15,3245,3245,True,54deee0a0074435b,54deee0a0074435b,True
PET,pet3,101,iteration_end,120,16,3245,3245,True,54deee0a0074435b,54deee0a0074435b,True
PET,pet3,101,iteration_end,120,17,3245,3245,True,54deee0a0074435b,54deee0a0074435b,True
PET,pet3,101,iteration_end,120,18,3245,3245,True,54deee0a0074435b,54deee0a0074435b,True
PET,pet3,101,iteration_end,120,19,3245,3245,True,54deee0a0074435b,54deee0a0074435b,True
PET,pet3,101,iteration_end,121,0,4005,4005,True,8d5a31cc3efd9b7e,8d5a31cc3efd9b7e,True
PET,pet3,101,iteration_end,121,1,4005,4005,True,8d5a31cc3efd9b7e,8d5a31cc3efd9b7e,True
PET,pet3,101,iteration_end,121,2,4005,4005,True,8d5a31cc3efd9b7e,8d5a31cc3efd9b7e,True
PET,pet3,101,iteration_end,121,3,4005,4005,True,8d5a31cc3efd9b7e,8d5a31cc3efd9b7e,True
PET,pet3,101,iteration_end,121,4,4005,4005,True,8d5a31cc3efd9b7e,8d5a31cc3efd9b7e,True
PET,pet3,101,iteration_end,121,5,4005,4005,True,8d5a31cc3efd9b7e,8d5a31cc3efd9b7e,True
PET,pet3,101,iteration_end,121,6,4005,4005,True,8d5a31cc3efd9b7e,8d5a31cc3efd9b7e,True
PET,pet3,101,iteration_end,121,7,4005,4005,True,8d5a31cc3efd9b7e,8d5a31cc3efd9b7e,True
PET,pet3,101,iteration_end,121,8,4005,4005,True,8d5a31cc3efd9b7e,8d5a31cc3efd9b7e,True
PET,pet3,101,iteration_end,121,9,4005,4005,True,8d5a31cc3efd9b7e,8d5a31cc3efd9b7e,True
PET,pet3,101,iteration_end,121,10,4005,4005,True,8d5a31cc3efd9b7e,8d5a31cc3efd9b7e,True
PET,pet3,101,iteration_end,121,11,3945,3945,True,2d4d8d621436f304,2d4d8d621436f304,True
PET,pet3,101,iteration_end,121,12,3945,3945,True,2d4d8d621436f304,2d4d8d621436f304,True
PET,pet3,101,iteration_end,121,13,3945,3945,True,2d4d8d621436f304,2d4d8d621436f304,True
PET,pet3,101,iteration_end,121,14,3945,3945,True,2d4d8d621436f304,2d4d8d621436f304,True
PET,pet3,101,iteration_end,121,15,3945,3945,True,2d4d8d621436f304,2d4d8d621436f304,True
PET,pet3,101,iteration_end,121,16,3845,3845,True,3eb7d33383513482,3eb7d33383513482,True
PET,pet3,101,iteration_end,121,17,3245,3245,True,54deee0a0074435b,54deee0a0074435b,True
PET,pet3,101,iteration_end,121,18,3245,3245,True,54deee0a0074435b,54deee0a0074435b,True
PET,pet3,101,iteration_end,121,19,3245,3245,True,54deee0a0074435b,54deee0a0074435b,True
PET,pet3,101,iteration_end,122,0,4005,4005,True,8d5a31cc3efd9b7e,8d5a31cc3efd9b7e,True
PET,pet3,101,iteration_end,122,1,4005,4005,True,8d5a31cc3efd9b7e,8d5a31cc3efd9b7e,True
PET,pet3,101,iteration_end,122,2,4005,4005,True,8d5a31cc3efd9b7e,8d5a31cc3efd9b7e,True
PET,pet3,101,iteration_end,122,3,4005,4005,True,8d5a31cc3efd9b7e,8d5a31cc3efd9b7e,True
PET,pet3,101,iteration_end,122,4,4005,4005,True,8d5a31cc3efd9b7e,8d5a31cc3efd9b7e,True
PET,pet3,101,iteration_end,122,5,4005,4005,True,8d5a31cc3efd9b7e,8d5a31cc3efd9b7e,True
PET,pet3,101,iteration_end,122,6,4005,4005,True,8d5a31cc3efd9b7e,8d5a31cc3efd9b7e,True
PET,pet3,101,iteration_end,122,7,4005,4005,True,8d5a31cc3efd9b7e,8d5a31cc3efd9b7e,True
PET,pet3,101,iteration_end,122,8,4005,4005,True,8d5a31cc3efd9b7e,8d5a31cc3efd9b7e,True
PET,pet3,101,iteration_end,122,9,4005,4005,True,8d5a31cc3efd9b7e,8d5a31cc3efd9b7e,True
PET,pet3,101,iteration_end,122,10,4005,4005,True,8d5a31cc3efd9b7e,8d5a31cc3efd9b7e,True
PET,pet3,101,iteration_end,122,11,3945,3945,True,2d4d8d621436f304,2d4d8d621436f304,True
PET,pet3,101,iteration_end,122,12,3945,3945,True,2d4d8d621436f304,2d4d8d621436f304,True
PET,pet3,101,iteration_end,122,13,3945,3945,True,2d4d8d621436f304,2d4d8d621436f304,True
PET,pet3,101,iteration_end,122,14,3945,3945,True,2d4d8d621436f304,2d4d8d621436f304,True
PET,pet3,101,iteration_end,122,15,3845,3845,True,3afacda0ef5beeac,3afacda0ef5beeac,True
PET,pet3,101,iteration_end,122,16,3245,3245,True,54deee0a0074435b,54deee0a0074435b,True
PET,pet3,101,iteration_end,122,17,3245,3245,True,54deee0a0074435b,54deee0a0074435b,True
PET,pet3,101,iteration_end,122,18,3245,3245,True,54deee0a0074435b,54deee0a0074435b,True
PET,pet3,101,iteration_end,122,19,3245,3245,True,54deee0a0074435b,54deee0a0074435b,True
PET,pet3,101,iteration_end,123,0,4005,4005,True,8d5a31cc3efd9b7e,8d5a31cc3efd9b7e,True
PET,pet3,101,iteration_end,123,1,4005,4005,True,8d5a31cc3efd9b7e,8d5a31cc3efd9b7e,True
PET,pet3,101,iteration_end,123,2,4005,4005,True,8d5a31cc3efd9b7e,8d5a31cc3efd9b7e,True
PET,pet3,101,iteration_end,123,3,4005,4005,True,8d5a31cc3efd9b7e,8d5a31cc3efd9b7e,True
PET,pet3,101,iteration_end,123,4,4005,4005,True,8d5a31cc3efd9b7e,8d5a31cc3efd9b7e,True
PET,pet3,101,iteration_end,123,5,4005,4005,True,8d5a31cc3efd9b7e,8d5a31cc3efd9b7e,True
PET,pet3,101,iteration_end,123,6,4005,4005,True,8d5a31cc3efd9b7e,8d5a31cc3efd9b7e,True
PET,pet3,101,iteration_end,123,7,4005,4005,True,8d5a31cc3efd9b7e,8d5a31cc3efd9b7e,True
PET,pet3,101,iteration_end,123,8,4005,4005,True,8d5a31cc3efd9b7e,8d5a31cc3efd9b7e,True
PET,pet3,101,iteration_end,123,9,3945,3945,True,2d4d8d621436f304,2d4d8d621436f304,True
PET,pet3,101,iteration_end,123,10,3945,3945,True,2d4d8d621436f304,2d4d8d621436f304,True
PET,pet3,101,iteration_end,123,11,3945,3945,True,2d4d8d621436f304,2d4d8d621436f304,True
PET,pet3,101,iteration_end,123,12,3945,3945,True,2d4d8d621436f304,2d4d8d621436f304,True
PET,pet3,101,iteration_end,123,13,3945,3945,True,2d4d8d621436f304,2d4d8d621436f304,True
PET,pet3,101,iteration_end,123,14,3945,3945,True,2d4d8d621436f304,2d4d8d621436f304,True
PET,pet3,101,iteration_end,123,15,3940,3940,True,7f3cae141531d09c,7f3cae141531d09c,True
PET,pet3,101,iteration_end,123,16,3245,3245,True,54deee0a0074435b,54deee0a0074435b,True
PET,pet3,101,iteration_end,123,17,3245,3245,True,54deee0a0074435b,54deee0a0074435b,True
PET,pet3,101,iteration_end,123,18,3245,3245,True,54deee0a0074435b,54deee0a0074435b,True
PET,pet3,101,iteration_end,123,19,3245,3245,True,54deee0a0074435b,54deee0a0074435b,True
PET,pet3,101,iteration_end,124,0,4005,4005,True,8d5a31cc3efd9b7e,8d5a31cc3efd9b7e,True
PET,pet3,101,iteration_end,124,1,4005,4005,True,8d5a31cc3efd9b7e,8d5a31cc3efd9b7e,True
PET,pet3,101,iteration_end,124,2,4005,4005,True,8d5a31cc3efd9b7e,8d5a31cc3efd9b7e,True
PET,pet3,101,iteration_end,124,3,4005,4005,True,8d5a31cc3efd9b7e,8d5a31cc3efd9b7e,True
PET,pet3,101,iteration_end,124,4,4005,4005,True,8d5a31cc3efd9b7e,8d5a31cc3efd9b7e,True
PET,pet3,101,iteration_end,124,5,4005,4005,True,8d5a31cc3efd9b7e,8d5a31cc3efd9b7e,True
PET,pet3,101,iteration_end,124,6,4005,4005,True,8d5a31cc3efd9b7e,8d5a31cc3efd9b7e,True
PET,pet3,101,iteration_end,124,7,4005,4005,True,8d5a31cc3efd9b7e,8d5a31cc3efd9b7e,True
PET,pet3,101,iteration_end,124,8,3945,3945,True,2d4d8d621436f304,2d4d8d621436f304,True
PET,pet3,101,iteration_end,124,9,3945,3945,True,2d4d8d621436f304,2d4d8d621436f304,True
PET,pet3,101,iteration_end,124,10,3945,3945,True,2d4d8d621436f304,2d4d8d621436f304,True
PET,pet3,101,iteration_end,124,11,3940,3940,True,7f3cae141531d09c,7f3cae141531d09c,True
PET,pet3,101,iteration_end,124,12,3845,3845,True,3eb7d33383513482,3eb7d33383513482,True
PET,pet3,101,iteration_end,124,13,3245,3245,True,54deee0a0074435b,54deee0a0074435b,True
PET,pet3,101,iteration_end,124,14,3245,3245,True,54deee0a0074435b,54deee0a0074435b,True
PET,pet3,101,iteration_end,124,15,3245,3245,True,54deee0a0074435b,54deee0a0074435b,True
PET,pet3,101,iteration_end,124,16,3245,3245,True,54deee0a0074435b,54deee0a0074435b,True
PET,pet3,101,iteration_end,124,17,3245,3245,True,54deee0a0074435b,54deee0a0074435b,True
PET,pet3,101,iteration_end,124,18,3245,3245,True,54deee0a0074435b,54deee0a0074435b,True
PET,pet3,101,iteration_end,124,19,3245,3245,True,54deee0a0074435b,54deee0a0074435b,True
PET,pet3,101,iteration_end,125,0,4005,4005,True,8d5a31cc3efd9b7e,8d5a31cc3efd9b7e,True
PET,pet3,101,iteration_end,125,1,4005,4005,True,8d5a31cc3efd9b7e,8d5a31cc3efd9b7e,True
PET,pet3,101,iteration_end,125,2,4005,4005,True,8d5a31cc3efd9b7e,8d5a31cc3efd9b7e,True
PET,pet3,101,iteration_end,125,3,4005,4005,True,8d5a31cc3efd9b7e,8d5a31cc3efd9b7e,True
PET,pet3,101,iteration_end,125,4,4005,4005,True,8d5a31cc3efd9b7e,8d5a31cc3efd9b7e,True
PET,pet3,101,iteration_end,125,5,4005,4005,True,8d5a31cc3efd9b7e,8d5a31cc3efd9b7e,True
PET,pet3,101,iteration_end,125,6,3945,3945,True,2d4d8d621436f304,2d4d8d621436f304,True
PET,pet3,101,iteration_end,125,7,3945,3945,True,2d4d8d621436f304,2d4d8d621436f304,True
PET,pet3,101,iteration_end,125,8,3945,3945,True,2d4d8d621436f304,2d4d8d621436f304,True
PET,pet3,101,iteration_end,125,9,3940,3940,True,7f3cae141531d09c,7f3cae141531d09c,True
PET,pet3,101,iteration_end,125,10,3785,3785,True,e4507f7af0fe7613,e4507f7af0fe7613,True
PET,pet3,101,iteration_end,125,11,3325,3325,True,715d26fa0a53f1d2,715d26fa0a53f1d2,True
PET,pet3,101,iteration_end,125,12,3325,3325,True,715d26fa0a53f1d2,715d26fa0a53f1d2,True
PET,pet3,101,iteration_end,125,13,3245,3245,True,54deee0a0074435b,54deee0a0074435b,True
PET,pet3,101,iteration_end,125,14,3245,3245,True,54deee0a0074435b,54deee0a0074435b,True
PET,pet3,101,iteration_end,125,15,3245,3245,True,54deee0a0074435b,54deee0a0074435b,True
PET,pet3,101,iteration_end,125,16,3245,3245,True,54deee0a0074435b,54deee0a0074435b,True
PET,pet3,101,iteration_end,125,17,3245,3245,True,54deee0a0074435b,54deee0a0074435b,True
PET,pet3,101,iteration_end,125,18,3245,3245,True,54deee0a0074435b,54deee0a0074435b,True
PET,pet3,101,iteration_end,125,19,3245,3245,True,54deee0a0074435b,54deee0a0074435b,True
PET,pet3,101,iteration_end,126,0,4005,4005,True,8d5a31cc3efd9b7e,8d5a31cc3efd9b7e,True
PET,pet3,101,iteration_end,126,1,4005,4005,True,8d5a31cc3efd9b7e,8d5a31cc3efd9b7e,True
PET,pet3,101,iteration_end,126,2,4005,4005,True,8d5a31cc3efd9b7e,8d5a31cc3efd9b7e,True
PET,pet3,101,iteration_end,126,3,4005,4005,True,8d5a31cc3efd9b7e,8d5a31cc3efd9b7e,True
PET,pet3,101,iteration_end,126,4,3945,3945,True,2d4d8d621436f304,2d4d8d621436f304,True
PET,pet3,101,iteration_end,126,5,3945,3945,True,2d4d8d621436f304,2d4d8d621436f304,True
PET,pet3,101,iteration_end,126,6,3945,3945,True,2d4d8d621436f304,2d4d8d621436f304,True
PET,pet3,101,iteration_end,126,7,3845,3845,True,3eb7d33383513482,3eb7d33383513482,True
PET,pet3,101,iteration_end,126,8,3785,3785,True,e4507f7af0fe7613,e4507f7af0fe7613,True
PET,pet3,101,iteration_end,126,9,3765,3765,True,6858e37d43c3359a,6858e37d43c3359a,True
PET,pet3,101,iteration_end,126,10,3705,3705,True,33b1490aa209adc7,33b1490aa209adc7,True
PET,pet3,101,iteration_end,126,11,3530,3530,True,b9ecf23fafb4bc12,b9ecf23fafb4bc12,True
PET,pet3,101,iteration_end,126,12,3325,3325,True,715d26fa0a53f1d2,715d26fa0a53f1d2,True
PET,pet3,101,iteration_end,126,13,3325,3325,True,715d26fa0a53f1d2,715d26fa0a53f1d2,True
PET,pet3,101,iteration_end,126,14,3245,3245,True,54deee0a0074435b,54deee0a0074435b,True
PET,pet3,101,iteration_end,126,15,3245,3245,True,54deee0a0074435b,54deee0a0074435b,True
PET,pet3,101,iteration_end,126,16,3245,3245,True,54deee0a0074435b,54deee0a0074435b,True
PET,pet3,101,iteration_end,126,17,3245,3245,True,54deee0a0074435b,54deee0a0074435b,True
PET,pet3,101,iteration_end,126,18,3245,3245,True,54deee0a0074435b,54deee0a0074435b,True
PET,pet3,101,iteration_end,126,19,3245,3245,True,54deee0a0074435b,54deee0a0074435b,True
PET,pet3,101,iteration_end,127,0,4005,4005,True,8d5a31cc3efd9b7e,8d5a31cc3efd9b7e,True
PET,pet3,101,iteration_end,127,1,4005,4005,True,8d5a31cc3efd9b7e,8d5a31cc3efd9b7e,True
PET,pet3,101,iteration_end,127,2,4005,4005,True,8d5a31cc3efd9b7e,8d5a31cc3efd9b7e,True
PET,pet3,101,iteration_end,127,3,4005,4005,True,8d5a31cc3efd9b7e,8d5a31cc3efd9b7e,True
PET,pet3,101,iteration_end,127,4,4005,4005,True,8d5a31cc3efd9b7e,8d5a31cc3efd9b7e,True
PET,pet3,101,iteration_end,127,5,3945,3945,True,2d4d8d621436f304,2d4d8d621436f304,True
PET,pet3,101,iteration_end,127,6,3945,3945,True,2d4d8d621436f304,2d4d8d621436f304,True
PET,pet3,101,iteration_end,127,7,3945,3945,True,2d4d8d621436f304,2d4d8d621436f304,True
PET,pet3,101,iteration_end,127,8,3945,3945,True,2d4d8d621436f304,2d4d8d621436f304,True
PET,pet3,101,iteration_end,127,9,3945,3945,True,2d4d8d621436f304,2d4d8d621436f304,True
PET,pet3,101,iteration_end,127,10,3845,3845,True,3eb7d33383513482,3eb7d33383513482,True
PET,pet3,101,iteration_end,127,11,3845,3845,True,3eb7d33383513482,3eb7d33383513482,True
PET,pet3,101,iteration_end,127,12,3765,3765,True,6858e37d43c3359a,6858e37d43c3359a,True
PET,pet3,101,iteration_end,127,13,3530,3530,True,b9ecf23fafb4bc12,b9ecf23fafb4bc12,True
PET,pet3,101,iteration_end,127,14,3245,3245,True,54deee0a0074435b,54deee0a0074435b,True
PET,pet3,101,iteration_end,127,15,3245,3245,True,54deee0a0074435b,54deee0a0074435b,True
PET,pet3,101,iteration_end,127,16,3245,3245,True,54deee0a0074435b,54deee0a0074435b,True
PET,pet3,101,iteration_end,127,17,3245,3245,True,54deee0a0074435b,54deee0a0074435b,True
PET,pet3,101,iteration_end,127,18,3245,3245,True,54deee0a0074435b,54deee0a0074435b,True
PET,pet3,101,iteration_end,127,19,3245,3245,True,54deee0a0074435b,54deee0a0074435b,True
PET,pet3,101,iteration_end,128,0,4005,4005,True,8d5a31cc3efd9b7e,8d5a31cc3efd9b7e,True
PET,pet3,101,iteration_end,128,1,4005,4005,True,8d5a31cc3efd9b7e,8d5a31cc3efd9b7e,True
PET,pet3,101,iteration_end,128,2,4005,4005,True,8d5a31cc3efd9b7e,8d5a31cc3efd9b7e,True
PET,pet3,101,iteration_end,128,3,4005,4005,True,8d5a31cc3efd9b7e,8d5a31cc3efd9b7e,True
PET,pet3,101,iteration_end,128,4,4005,4005,True,8d5a31cc3efd9b7e,8d5a31cc3efd9b7e,True
PET,pet3,101,iteration_end,128,5,4005,4005,True,8d5a31cc3efd9b7e,8d5a31cc3efd9b7e,True
PET,pet3,101,iteration_end,128,6,3945,3945,True,2d4d8d621436f304,2d4d8d621436f304,True
PET,pet3,101,iteration_end,128,7,3945,3945,True,2d4d8d621436f304,2d4d8d621436f304,True
PET,pet3,101,iteration_end,128,8,3945,3945,True,2d4d8d621436f304,2d4d8d621436f304,True
PET,pet3,101,iteration_end,128,9,3945,3945,True,2d4d8d621436f304,2d4d8d621436f304,True
PET,pet3,101,iteration_end,128,10,3945,3945,True,2d4d8d621436f304,2d4d8d621436f304,True
PET,pet3,101,iteration_end,128,11,3845,3845,True,3eb7d33383513482,3eb7d33383513482,True
PET,pet3,101,iteration_end,128,12,3825,3825,True,edd57574913ccb4d,edd57574913ccb4d,True
PET,pet3,101,iteration_end,128,13,3530,3530,True,b9ecf23fafb4bc12,b9ecf23fafb4bc12,True
PET,pet3,101,iteration_end,128,14,3245,3245,True,54deee0a0074435b,54deee0a0074435b,True
PET,pet3,101,iteration_end,128,15,3245,3245,True,54deee0a0074435b,54deee0a0074435b,True
PET,pet3,101,iteration_end,128,16,3245,3245,True,54deee0a0074435b,54deee0a0074435b,True
PET,pet3,101,iteration_end,128,17,3245,3245,True,54deee0a0074435b,54deee0a0074435b,True
PET,pet3,101,iteration_end,128,18,3245,3245,True,54deee0a0074435b,54deee0a0074435b,True
PET,pet3,101,iteration_end,128,19,3245,3245,True,54deee0a0074435b,54deee0a0074435b,True
PET,pet3,101,iteration_end,129,0,4005,4005,True,8d5a31cc3efd9b7e,8d5a31cc3efd9b7e,True
PET,pet3,101,iteration_end,129,1,4005,4005,True,8d5a31cc3efd9b7e,8d5a31cc3efd9b7e,True
PET,pet3,101,iteration_end,129,2,4005,4005,True,8d5a31cc3efd9b7e,8d5a31cc3efd9b7e,True
PET,pet3,101,iteration_end,129,3,4005,4005,True,8d5a31cc3efd9b7e,8d5a31cc3efd9b7e,True
PET,pet3,101,iteration_end,129,4,4005,4005,True,8d5a31cc3efd9b7e,8d5a31cc3efd9b7e,True
PET,pet3,101,iteration_end,129,5,3950,3950,True,7679f79e6a425d07,7679f79e6a425d07,True
PET,pet3,101,iteration_end,129,6,3945,3945,True,2d4d8d621436f304,2d4d8d621436f304,True
PET,pet3,101,iteration_end,129,7,3945,3945,True,2d4d8d621436f304,2d4d8d621436f304,True
PET,pet3,101,iteration_end,129,8,3945,3945,True,2d4d8d621436f304,2d4d8d621436f304,True
PET,pet3,101,iteration_end,129,9,3945,3945,True,2d4d8d621436f304,2d4d8d621436f304,True
PET,pet3,101,iteration_end,129,10,3945,3945,True,2d4d8d621436f304,2d4d8d621436f304,True
PET,pet3,101,iteration_end,129,11,3945,3945,True,2d4d8d621436f304,2d4d8d621436f304,True
PET,pet3,101,iteration_end,129,12,3825,3825,True,edd57574913ccb4d,edd57574913ccb4d,True
PET,pet3,101,iteration_end,129,13,3325,3325,True,715d26fa0a53f1d2,715d26fa0a53f1d2,True
PET,pet3,101,iteration_end,129,14,3245,3245,True,54deee0a0074435b,54deee0a0074435b,True
PET,pet3,101,iteration_end,129,15,3245,3245,True,54deee0a0074435b,54deee0a0074435b,True
PET,pet3,101,iteration_end,129,16,3245,3245,True,54deee0a0074435b,54deee0a0074435b,True
PET,pet3,101,iteration_end,129,17,3245,3245,True,54deee0a0074435b,54deee0a0074435b,True
PET,pet3,101,iteration_end,129,18,3245,3245,True,54deee0a0074435b,54deee0a0074435b,True
PET,pet3,101,iteration_end,129,19,3245,3245,True,54deee0a0074435b,54deee0a0074435b,True
PET,pet3,101,iteration_end,130,0,4005,4005,True,8d5a31cc3efd9b7e,8d5a31cc3efd9b7e,True
PET,pet3,101,iteration_end,130,1,4005,4005,True,8d5a31cc3efd9b7e,8d5a31cc3efd9b7e,True
PET,pet3,101,iteration_end,130,2,4005,4005,True,8d5a31cc3efd9b7e,8d5a31cc3efd9b7e,True
PET,pet3,101,iteration_end,130,3,4005,4005,True,8d5a31cc3efd9b7e,8d5a31cc3efd9b7e,True
PET,pet3,101,iteration_end,130,4,4005,4005,True,8d5a31cc3efd9b7e,8d5a31cc3efd9b7e,True
PET,pet3,101,iteration_end,130,5,4005,4005,True,8d5a31cc3efd9b7e,8d5a31cc3efd9b7e,True
PET,pet3,101,iteration_end,130,6,4005,4005,True,8d5a31cc3efd9b7e,8d5a31cc3efd9b7e,True
PET,pet3,101,iteration_end,130,7,4005,4005,True,8d5a31cc3efd9b7e,8d5a31cc3efd9b7e,True
PET,pet3,101,iteration_end,130,8,3945,3945,True,2d4d8d621436f304,2d4d8d621436f304,True
PET,pet3,101,iteration_end,130,9,3945,3945,True,2d4d8d621436f304,2d4d8d621436f304,True
PET,pet3,101,iteration_end,130,10,3945,3945,True,2d4d8d621436f304,2d4d8d621436f304,True
PET,pet3,101,iteration_end,130,11,3845,3845,True,3eb7d33383513482,3eb7d33383513482,True
PET,pet3,101,iteration_end,130,12,3805,3805,True,95ac8afb2cc7eeaf,95ac8afb2cc7eeaf,True
PET,pet3,101,iteration_end,130,13,3325,3325,True,715d26fa0a53f1d2,715d26fa0a53f1d2,True
PET,pet3,101,iteration_end,130,14,3245,3245,True,54deee0a0074435b,54deee0a0074435b,True
PET,pet3,101,iteration_end,130,15,3245,3245,True,54deee0a0074435b,54deee0a0074435b,True
PET,pet3,101,iteration_end,130,16,3245,3245,True,54deee0a0074435b,54deee0a0074435b,True
PET,pet3,101,iteration_end,130,17,3245,3245,True,54deee0a0074435b,54deee0a0074435b,True
PET,pet3,101,iteration_end,130,18,3245,3245,True,54deee0a0074435b,54deee0a0074435b,True
PET,pet3,101,iteration_end,130,19,3245,3245,True,54deee0a0074435b,54deee0a0074435b,True
PET,pet3,101,iteration_end,131,0,4005,4005,True,8d5a31cc3efd9b7e,8d5a31cc3efd9b7e,True
PET,pet3,101,iteration_end,131,1,4005,4005,True,8d5a31cc3efd9b7e,8d5a31cc3efd9b7e,True
PET,pet3,101,iteration_end,131,2,4005,4005,True,8d5a31cc3efd9b7e,8d5a31cc3efd9b7e,True
PET,pet3,101,iteration_end,131,3,4005,4005,True,8d5a31cc3efd9b7e,8d5a31cc3efd9b7e,True
PET,pet3,101,iteration_end,131,4,4005,4005,True,8d5a31cc3efd9b7e,8d5a31cc3efd9b7e,True
PET,pet3,101,iteration_end,131,5,4005,4005,True,8d5a31cc3efd9b7e,8d5a31cc3efd9b7e,True
PET,pet3,101,iteration_end,131,6,3945,3945,True,2d4d8d621436f304,2d4d8d621436f304,True
PET,pet3,101,iteration_end,131,7,3945,3945,True,2d4d8d621436f304,2d4d8d621436f304,True
PET,pet3,101,iteration_end,131,8,3945,3945,True,2d4d8d621436f304,2d4d8d621436f304,True
PET,pet3,101,iteration_end,131,9,3945,3945,True,2d4d8d621436f304,2d4d8d621436f304,True
PET,pet3,101,iteration_end,131,10,3945,3945,True,2d4d8d621436f304,2d4d8d621436f304,True
PET,pet3,101,iteration_end,131,11,3945,3945,True,2d4d8d621436f304,2d4d8d621436f304,True
PET,pet3,101,iteration_end,131,12,3845,3845,True,3eb7d33383513482,3eb7d33383513482,True
PET,pet3,101,iteration_end,131,13,3245,3245,True,54deee0a0074435b,54deee0a0074435b,True
PET,pet3,101,iteration_end,131,14,3245,3245,True,54deee0a0074435b,54deee0a0074435b,True
PET,pet3,101,iteration_end,131,15,3245,3245,True,54deee0a0074435b,54deee0a0074435b,True
PET,pet3,101,iteration_end,131,16,3245,3245,True,54deee0a0074435b,54deee0a0074435b,True
PET,pet3,101,iteration_end,131,17,3245,3245,True,54deee0a0074435b,54deee0a0074435b,True
PET,pet3,101,iteration_end,131,18,3245,3245,True,54deee0a0074435b,54deee0a0074435b,True
PET,pet3,101,iteration_end,131,19,3245,3245,True,54deee0a0074435b,54deee0a0074435b,True
PET,pet3,101,iteration_end,132,0,4005,4005,True,8d5a31cc3efd9b7e,8d5a31cc3efd9b7e,True
PET,pet3,101,iteration_end,132,1,4005,4005,True,8d5a31cc3efd9b7e,8d5a31cc3efd9b7e,True
PET,pet3,101,iteration_end,132,2,4005,4005,True,8d5a31cc3efd9b7e,8d5a31cc3efd9b7e,True
PET,pet3,101,iteration_end,132,3,4005,4005,True,8d5a31cc3efd9b7e,8d5a31cc3efd9b7e,True
PET,pet3,101,iteration_end,132,4,4005,4005,True,8d5a31cc3efd9b7e,8d5a31cc3efd9b7e,True
PET,pet3,101,iteration_end,132,5,4005,4005,True,8d5a31cc3efd9b7e,8d5a31cc3efd9b7e,True
PET,pet3,101,iteration_end,132,6,4005,4005,True,8d5a31cc3efd9b7e,8d5a31cc3efd9b7e,True
PET,pet3,101,iteration_end,132,7,4005,4005,True,8d5a31cc3efd9b7e,8d5a31cc3efd9b7e,True
PET,pet3,101,iteration_end,132,8,4005,4005,True,8d5a31cc3efd9b7e,8d5a31cc3efd9b7e,True
PET,pet3,101,iteration_end,132,9,3945,3945,True,2d4d8d621436f304,2d4d8d621436f304,True
PET,pet3,101,iteration_end,132,10,3945,3945,True,2d4d8d621436f304,2d4d8d621436f304,True
PET,pet3,101,iteration_end,132,11,3945,3945,True,2d4d8d621436f304,2d4d8d621436f304,True
PET,pet3,101,iteration_end,132,12,3945,3945,True,2d4d8d621436f304,2d4d8d621436f304,True
PET,pet3,101,iteration_end,132,13,3945,3945,True,2d4d8d621436f304,2d4d8d621436f304,True
PET,pet3,101,iteration_end,132,14,3945,3945,True,2d4d8d621436f304,2d4d8d621436f304,True
PET,pet3,101,iteration_end,132,15,3245,3245,True,54deee0a0074435b,54deee0a0074435b,True
PET,pet3,101,iteration_end,132,16,3245,3245,True,54deee0a0074435b,54deee0a0074435b,True
PET,pet3,101,iteration_end,132,17,3245,3245,True,54deee0a0074435b,54deee0a0074435b,True
PET,pet3,101,iteration_end,132,18,3245,3245,True,54deee0a0074435b,54deee0a0074435b,True
PET,pet3,101,iteration_end,132,19,3245,3245,True,54deee0a0074435b,54deee0a0074435b,True
PET,pet3,101,iteration_end,133,0,4005,4005,True,8d5a31cc3efd9b7e,8d5a31cc3efd9b7e,True
PET,pet3,101,iteration_end,133,1,4005,4005,True,8d5a31cc3efd9b7e,8d5a31cc3efd9b7e,True
PET,pet3,101,iteration_end,133,2,4005,4005,True,8d5a31cc3efd9b7e,8d5a31cc3efd9b7e,True
PET,pet3,101,iteration_end,133,3,4005,4005,True,8d5a31cc3efd9b7e,8d5a31cc3efd9b7e,True
PET,pet3,101,iteration_end,133,4,4005,4005,True,8d5a31cc3efd9b7e,8d5a31cc3efd9b7e,True
PET,pet3,101,iteration_end,133,5,4005,4005,True,8d5a31cc3efd9b7e,8d5a31cc3efd9b7e,True
PET,pet3,101,iteration_end,133,6,4005,4005,True,8d5a31cc3efd9b7e,8d5a31cc3efd9b7e,True
PET,pet3,101,iteration_end,133,7,4005,4005,True,8d5a31cc3efd9b7e,8d5a31cc3efd9b7e,True
PET,pet3,101,iteration_end,133,8,4005,4005,True,8d5a31cc3efd9b7e,8d5a31cc3efd9b7e,True
PET,pet3,101,iteration_end,133,9,3945,3945,True,2d4d8d621436f304,2d4d8d621436f304,True
PET,pet3,101,iteration_end,133,10,3945,3945,True,2d4d8d621436f304,2d4d8d621436f304,True
PET,pet3,101,iteration_end,133,11,3945,3945,True,2d4d8d621436f304,2d4d8d621436f304,True
PET,pet3,101,iteration_end,133,12,3940,3940,True,7f3cae141531d09c,7f3cae141531d09c,True
PET,pet3,101,iteration_end,133,13,3845,3845,True,3eb7d33383513482,3eb7d33383513482,True
PET,pet3,101,iteration_end,133,14,3245,3245,True,54deee0a0074435b,54deee0a0074435b,True
PET,pet3,101,iteration_end,133,15,3245,3245,True,54deee0a0074435b,54deee0a0074435b,True
PET,pet3,101,iteration_end,133,16,3245,3245,True,54deee0a0074435b,54deee0a0074435b,True
PET,pet3,101,iteration_end,133,17,3245,3245,True,54deee0a0074435b,54deee0a0074435b,True
PET,pet3,101,iteration_end,133,18,3245,3245,True,54deee0a0074435b,54deee0a0074435b,True
PET,pet3,101,iteration_end,133,19,3245,3245,True,54deee0a0074435b,54deee0a0074435b,True
PET,pet3,101,iteration_end,134,0,4005,4005,True,8d5a31cc3efd9b7e,8d5a31cc3efd9b7e,True
PET,pet3,101,iteration_end,134,1,4005,4005,True,8d5a31cc3efd9b7e,8d5a31cc3efd9b7e,True
PET,pet3,101,iteration_end,134,2,4005,4005,True,8d5a31cc3efd9b7e,8d5a31cc3efd9b7e,True
PET,pet3,101,iteration_end,134,3,4005,4005,True,8d5a31cc3efd9b7e,8d5a31cc3efd9b7e,True
PET,pet3,101,iteration_end,134,4,4005,4005,True,8d5a31cc3efd9b7e,8d5a31cc3efd9b7e,True
PET,pet3,101,iteration_end,134,5,4005,4005,True,8d5a31cc3efd9b7e,8d5a31cc3efd9b7e,True
PET,pet3,101,iteration_end,134,6,4005,4005,True,8d5a31cc3efd9b7e,8d5a31cc3efd9b7e,True
PET,pet3,101,iteration_end,134,7,3945,3945,True,2d4d8d621436f304,2d4d8d621436f304,True
PET,pet3,101,iteration_end,134,8,3945,3945,True,2d4d8d621436f304,2d4d8d621436f304,True
PET,pet3,101,iteration_end,134,9,3945,3945,True,2d4d8d621436f304,2d4d8d621436f304,True
PET,pet3,101,iteration_end,134,10,3945,3945,True,2d4d8d621436f304,2d4d8d621436f304,True
PET,pet3,101,iteration_end,134,11,3945,3945,True,2d4d8d621436f304,2d4d8d621436f304,True
PET,pet3,101,iteration_end,134,12,3945,3945,True,2d4d8d621436f304,2d4d8d621436f304,True
PET,pet3,101,iteration_end,134,13,3845,3845,True,3eb7d33383513482,3eb7d33383513482,True
PET,pet3,101,iteration_end,134,14,3325,3325,True,715d26fa0a53f1d2,715d26fa0a53f1d2,True
PET,pet3,101,iteration_end,134,15,3245,3245,True,54deee0a0074435b,54deee0a0074435b,True
PET,pet3,101,iteration_end,134,16,3245,3245,True,54deee0a0074435b,54deee0a0074435b,True
PET,pet3,101,iteration_end,134,17,3245,3245,True,54deee0a0074435b,54deee0a0074435b,True
PET,pet3,101,iteration_end,134,18,3245,3245,True,54deee0a0074435b,54deee0a0074435b,True
PET,pet3,101,iteration_end,134,19,3245,3245,True,54deee0a0074435b,54deee0a0074435b,True
PET,pet3,101,iteration_end,135,0,4005,4005,True,8d5a31cc3efd9b7e,8d5a31cc3efd9b7e,True
PET,pet3,101,iteration_end,135,1,4005,4005,True,8d5a31cc3efd9b7e,8d5a31cc3efd9b7e,True
PET,pet3,101,iteration_end,135,2,4005,4005,True,8d5a31cc3efd9b7e,8d5a31cc3efd9b7e,True
PET,pet3,101,iteration_end,135,3,4005,4005,True,8d5a31cc3efd9b7e,8d5a31cc3efd9b7e,True
PET,pet3,101,iteration_end,135,4,4005,4005,True,8d5a31cc3efd9b7e,8d5a31cc3efd9b7e,True
PET,pet3,101,iteration_end,135,5,4005,4005,True,8d5a31cc3efd9b7e,8d5a31cc3efd9b7e,True
PET,pet3,101,iteration_end,135,6,3945,3945,True,2d4d8d621436f304,2d4d8d621436f304,True
PET,pet3,101,iteration_end,135,7,3945,3945,True,2d4d8d621436f304,2d4d8d621436f304,True
PET,pet3,101,iteration_end,135,8,3945,3945,True,2d4d8d621436f304,2d4d8d621436f304,True
PET,pet3,101,iteration_end,135,9,3945,3945,True,2d4d8d621436f304,2d4d8d621436f304,True
PET,pet3,101,iteration_end,135,10,3945,3945,True,2d4d8d621436f304,2d4d8d621436f304,True
PET,pet3,101,iteration_end,135,11,3945,3945,True,2d4d8d621436f304,2d4d8d621436f304,True
PET,pet3,101,iteration_end,135,12,3845,3845,True,3eb7d33383513482,3eb7d33383513482,True
PET,pet3,101,iteration_end,135,13,3845,3845,True,3eb7d33383513482,3eb7d33383513482,True
PET,pet3,101,iteration_end,135,14,3805,3805,True,95ac8afb2cc7eeaf,95ac8afb2cc7eeaf,True
PET,pet3,101,iteration_end,135,15,3325,3325,True,715d26fa0a53f1d2,715d26fa0a53f1d2,True
PET,pet3,101,iteration_end,135,16,3245,3245,True,54deee0a0074435b,54deee0a0074435b,True
PET,pet3,101,iteration_end,135,17,3245,3245,True,54deee0a0074435b,54deee0a0074435b,True
PET,pet3,101,iteration_end,135,18,3245,3245,True,54deee0a0074435b,54deee0a0074435b,True
PET,pet3,101,iteration_end,135,19,3245,3245,True,54deee0a0074435b,54deee0a0074435b,True
PET,pet3,101,iteration_end,136,0,4005,4005,True,8d5a31cc3efd9b7e,8d5a31cc3efd9b7e,True
PET,pet3,101,iteration_end,136,1,4005,4005,True,8d5a31cc3efd9b7e,8d5a31cc3efd9b7e,True
PET,pet3,101,iteration_end,136,2,4005,4005,True,8d5a31cc3efd9b7e,8d5a31cc3efd9b7e,True
PET,pet3,101,iteration_end,136,3,4005,4005,True,8d5a31cc3efd9b7e,8d5a31cc3efd9b7e,True
PET,pet3,101,iteration_end,136,4,4005,4005,True,8d5a31cc3efd9b7e,8d5a31cc3efd9b7e,True
PET,pet3,101,iteration_end,136,5,4005,4005,True,8d5a31cc3efd9b7e,8d5a31cc3efd9b7e,True
PET,pet3,101,iteration_end,136,6,4005,4005,True,8d5a31cc3efd9b7e,8d5a31cc3efd9b7e,True
PET,pet3,101,iteration_end,136,7,3985,3985,True,4fa5a6dd546d2c38,4fa5a6dd546d2c38,True
PET,pet3,101,iteration_end,136,8,3945,3945,True,2d4d8d621436f304,2d4d8d621436f304,True
PET,pet3,101,iteration_end,136,9,3945,3945,True,2d4d8d621436f304,2d4d8d621436f304,True
PET,pet3,101,iteration_end,136,10,3945,3945,True,2d4d8d621436f304,2d4d8d621436f304,True
PET,pet3,101,iteration_end,136,11,3945,3945,True,2d4d8d621436f304,2d4d8d621436f304,True
PET,pet3,101,iteration_end,136,12,3845,3845,True,3eb7d33383513482,3eb7d33383513482,True
PET,pet3,101,iteration_end,136,13,3325,3325,True,715d26fa0a53f1d2,715d26fa0a53f1d2,True
PET,pet3,101,iteration_end,136,14,3325,3325,True,715d26fa0a53f1d2,715d26fa0a53f1d2,True
PET,pet3,101,iteration_end,136,15,3325,3325,True,715d26fa0a53f1d2,715d26fa0a53f1d2,True
PET,pet3,101,iteration_end,136,16,3245,3245,True,54deee0a0074435b,54deee0a0074435b,True
PET,pet3,101,iteration_end,136,17,3245,3245,True,54deee0a0074435b,54deee0a0074435b,True
PET,pet3,101,iteration_end,136,18,3245,3245,True,54deee0a0074435b,54deee0a0074435b,True
PET,pet3,101,iteration_end,136,19,3245,3245,True,54deee0a0074435b,54deee0a0074435b,True
PET,pet3,101,iteration_end,137,0,4005,4005,True,8d5a31cc3efd9b7e,8d5a31cc3efd9b7e,True
PET,pet3,101,iteration_end,137,1,4005,4005,True,8d5a31cc3efd9b7e,8d5a31cc3efd9b7e,True
PET,pet3,101,iteration_end,137,2,4005,4005,True,8d5a31cc3efd9b7e,8d5a31cc3efd9b7e,True
PET,pet3,101,iteration_end,137,3,4005,4005,True,8d5a31cc3efd9b7e,8d5a31cc3efd9b7e,True
PET,pet3,101,iteration_end,137,4,4005,4005,True,8d5a31cc3efd9b7e,8d5a31cc3efd9b7e,True
PET,pet3,101,iteration_end,137,5,4005,4005,True,8d5a31cc3efd9b7e,8d5a31cc3efd9b7e,True
PET,pet3,101,iteration_end,137,6,4005,4005,True,8d5a31cc3efd9b7e,8d5a31cc3efd9b7e,True
PET,pet3,101,iteration_end,137,7,4005,4005,True,8d5a31cc3efd9b7e,8d5a31cc3efd9b7e,True
PET,pet3,101,iteration_end,137,8,4005,4005,True,8d5a31cc3efd9b7e,8d5a31cc3efd9b7e,True
PET,pet3,101,iteration_end,137,9,3985,3985,True,4fa5a6dd546d2c38,4fa5a6dd546d2c38,True
PET,pet3,101,iteration_end,137,10,3965,3965,True,759b0da13cb06a6e,759b0da13cb06a6e,True
PET,pet3,101,iteration_end,137,11,3945,3945,True,2d4d8d621436f304,2d4d8d621436f304,True
PET,pet3,101,iteration_end,137,12,3945,3945,True,2d4d8d621436f304,2d4d8d621436f304,True
PET,pet3,101,iteration_end,137,13,3845,3845,True,3eb7d33383513482,3eb7d33383513482,True
PET,pet3,101,iteration_end,137,14,3245,3245,True,54deee0a0074435b,54deee0a0074435b,True
PET,pet3,101,iteration_end,137,15,3245,3245,True,54deee0a0074435b,54deee0a0074435b,True
PET,pet3,101,iteration_end,137,16,3245,3245,True,54deee0a0074435b,54deee0a0074435b,True
PET,pet3,101,iteration_end,137,17,3245,3245,True,54deee0a0074435b,54deee0a0074435b,True
PET,pet3,101,iteration_end,137,18,3245,3245,True,54deee0a0074435b,54deee0a0074435b,True
PET,pet3,101,iteration_end,137,19,3245,3245,True,54deee0a0074435b,54deee0a0074435b,True
PET,pet3,101,iteration_end,138,0,4005,4005,True,8d5a31cc3efd9b7e,8d5a31cc3efd9b7e,True
PET,pet3,101,iteration_end,138,1,4005,4005,True,8d5a31cc3efd9b7e,8d5a31cc3efd9b7e,True
PET,pet3,101,iteration_end,138,2,4005,4005,True,8d5a31cc3efd9b7e,8d5a31cc3efd9b7e,True
PET,pet3,101,iteration_end,138,3,4005,4005,True,8d5a31cc3efd9b7e,8d5a31cc3efd9b7e,True
PET,pet3,101,iteration_end,138,4,4005,4005,True,8d5a31cc3efd9b7e,8d5a31cc3efd9b7e,True
PET,pet3,101,iteration_end,138,5,4005,4005,True,8d5a31cc3efd9b7e,8d5a31cc3efd9b7e,True
PET,pet3,101,iteration_end,138,6,4005,4005,True,8d5a31cc3efd9b7e,8d5a31cc3efd9b7e,True
PET,pet3,101,iteration_end,138,7,4005,4005,True,8d5a31cc3efd9b7e,8d5a31cc3efd9b7e,True
PET,pet3,101,iteration_end,138,8,3965,3965,True,759b0da13cb06a6e,759b0da13cb06a6e,True
PET,pet3,101,iteration_end,138,9,3945,3945,True,2d4d8d621436f304,2d4d8d621436f304,True
PET,pet3,101,iteration_end,138,10,3945,3945,True,2d4d8d621436f304,2d4d8d621436f304,True
PET,pet3,101,iteration_end,138,11,3945,3945,True,2d4d8d621436f304,2d4d8d621436f304,True
PET,pet3,101,iteration_end,138,12,3825,3825,True,bd17adae665c8391,bd17adae665c8391,True
PET,pet3,101,iteration_end,138,13,3760,3760,True,51c82161eb2bd524,51c82161eb2bd524,True
PET,pet3,101,iteration_end,138,14,3405,3405,True,dbe2166f7fb82a76,dbe2166f7fb82a76,True
PET,pet3,101,iteration_end,138,15,3245,3245,True,54deee0a0074435b,54deee0a0074435b,True
PET,pet3,101,iteration_end,138,16,3245,3245,True,54deee0a0074435b,54deee0a0074435b,True
PET,pet3,101,iteration_end,138,17,3245,3245,True,54deee0a0074435b,54deee0a0074435b,True
PET,pet3,101,iteration_end,138,18,3245,3245,True,54deee0a0074435b,54deee0a0074435b,True
PET,pet3,101,iteration_end,138,19,3245,3245,True,54deee0a0074435b,54deee0a0074435b,True
PET,pet3,101,iteration_end,139,0,4005,4005,True,8d5a31cc3efd9b7e,8d5a31cc3efd9b7e,True
PET,pet3,101,iteration_end,139,1,4005,4005,True,8d5a31cc3efd9b7e,8d5a31cc3efd9b7e,True
PET,pet3,101,iteration_end,139,2,4005,4005,True,8d5a31cc3efd9b7e,8d5a31cc3efd9b7e,True
PET,pet3,101,iteration_end,139,3,4005,4005,True,8d5a31cc3efd9b7e,8d5a31cc3efd9b7e,True
PET,pet3,101,iteration_end,139,4,4005,4005,True,8d5a31cc3efd9b7e,8d5a31cc3efd9b7e,True
PET,pet3,101,iteration_end,139,5,4005,4005,True,8d5a31cc3efd9b7e,8d5a31cc3efd9b7e,True
PET,pet3,101,iteration_end,139,6,4005,4005,True,8d5a31cc3efd9b7e,8d5a31cc3efd9b7e,True
PET,pet3,101,iteration_end,139,7,4005,4005,True,8d5a31cc3efd9b7e,8d5a31cc3efd9b7e,True
PET,pet3,101,iteration_end,139,8,4005,4005,True,8d5a31cc3efd9b7e,8d5a31cc3efd9b7e,True
PET,pet3,101,iteration_end,139,9,3945,3945,True,2d4d8d621436f304,2d4d8d621436f304,True
PET,pet3,101,iteration_end,139,10,3945,3945,True,2d4d8d621436f304,2d4d8d621436f304,True
PET,pet3,101,iteration_end,139,11,3945,3945,True,2d4d8d621436f304,2d4d8d621436f304,True
PET,pet3,101,iteration_end,139,12,3945,3945,True,2d4d8d621436f304,2d4d8d621436f304,True
PET,pet3,101,iteration_end,139,13,3945,3945,True,2d4d8d621436f304,2d4d8d621436f304,True
PET,pet3,101,iteration_end,139,14,3825,3825,True,2967b7b848315119,2967b7b848315119,True
PET,pet3,101,iteration_end,139,15,3760,3760,True,51c82161eb2bd524,51c82161eb2bd524,True
PET,pet3,101,iteration_end,139,16,3245,3245,True,54deee0a0074435b,54deee0a0074435b,True
PET,pet3,101,iteration_end,139,17,3245,3245,True,54deee0a0074435b,54deee0a0074435b,True
PET,pet3,101,iteration_end,139,18,3245,3245,True,54deee0a0074435b,54deee0a0074435b,True
PET,pet3,101,iteration_end,139,19,3245,3245,True,54deee0a0074435b,54deee0a0074435b,True
PET,pet3,101,iteration_end,140,0,4005,4005,True,8d5a31cc3efd9b7e,8d5a31cc3efd9b7e,True
PET,pet3,101,iteration_end,140,1,4005,4005,True,8d5a31cc3efd9b7e,8d5a31cc3efd9b7e,True
PET,pet3,101,iteration_end,140,2,4005,4005,True,8d5a31cc3efd9b7e,8d5a31cc3efd9b7e,True
PET,pet3,101,iteration_end,140,3,4005,4005,True,8d5a31cc3efd9b7e,8d5a31cc3efd9b7e,True
PET,pet3,101,iteration_end,140,4,4005,4005,True,8d5a31cc3efd9b7e,8d5a31cc3efd9b7e,True
PET,pet3,101,iteration_end,140,5,4005,4005,True,8d5a31cc3efd9b7e,8d5a31cc3efd9b7e,True
PET,pet3,101,iteration_end,140,6,4005,4005,True,8d5a31cc3efd9b7e,8d5a31cc3efd9b7e,True
PET,pet3,101,iteration_end,140,7,4005,4005,True,8d5a31cc3efd9b7e,8d5a31cc3efd9b7e,True
PET,pet3,101,iteration_end,140,8,4005,4005,True,8d5a31cc3efd9b7e,8d5a31cc3efd9b7e,True
PET,pet3,101,iteration_end,140,9,4005,4005,True,8d5a31cc3efd9b7e,8d5a31cc3efd9b7e,True
PET,pet3,101,iteration_end,140,10,3945,3945,True,2d4d8d621436f304,2d4d8d621436f304,True
PET,pet3,101,iteration_end,140,11,3945,3945,True,2d4d8d621436f304,2d4d8d621436f304,True
PET,pet3,101,iteration_end,140,12,3945,3945,True,2d4d8d621436f304,2d4d8d621436f304,True
PET,pet3,101,iteration_end,140,13,3825,3825,True,edd57574913ccb4d,edd57574913ccb4d,True
PET,pet3,101,iteration_end,140,14,3245,3245,True,54deee0a0074435b,54deee0a0074435b,True
PET,pet3,101,iteration_end,140,15,3245,3245,True,54deee0a0074435b,54deee0a0074435b,True
PET,pet3,101,iteration_end,140,16,3245,3245,True,54deee0a0074435b,54deee0a0074435b,True
PET,pet3,101,iteration_end,140,17,3245,3245,True,54deee0a0074435b,54deee0a0074435b,True
PET,pet3,101,iteration_end,140,18,3245,3245,True,54deee0a0074435b,54deee0a0074435b,True
PET,pet3,101,iteration_end,140,19,3245,3245,True,54deee0a0074435b,54deee0a0074435b,True
PET,pet3,101,iteration_end,141,0,4005,4005,True,8d5a31cc3efd9b7e,8d5a31cc3efd9b7e,True
PET,pet3,101,iteration_end,141,1,4005,4005,True,8d5a31cc3efd9b7e,8d5a31cc3efd9b7e,True
PET,pet3,101,iteration_end,141,2,4005,4005,True,8d5a31cc3efd9b7e,8d5a31cc3efd9b7e,True
PET,pet3,101,iteration_end,141,3,4005,4005,True,8d5a31cc3efd9b7e,8d5a31cc3efd9b7e,True
PET,pet3,101,iteration_end,141,4,4005,4005,True,8d5a31cc3efd9b7e,8d5a31cc3efd9b7e,True
PET,pet3,101,iteration_end,141,5,4005,4005,True,8d5a31cc3efd9b7e,8d5a31cc3efd9b7e,True
PET,pet3,101,iteration_end,141,6,4005,4005,True,8d5a31cc3efd9b7e,8d5a31cc3efd9b7e,True
PET,pet3,101,iteration_end,141,7,4005,4005,True,8d5a31cc3efd9b7e,8d5a31cc3efd9b7e,True
PET,pet3,101,iteration_end,141,8,4005,4005,True,8d5a31cc3efd9b7e,8d5a31cc3efd9b7e,True
PET,pet3,101,iteration_end,141,9,3945,3945,True,2d4d8d621436f304,2d4d8d621436f304,True
PET,pet3,101,iteration_end,141,10,3945,3945,True,2d4d8d621436f304,2d4d8d621436f304,True
PET,pet3,101,iteration_end,141,11,3845,3845,True,3afacda0ef5beeac,3afacda0ef5beeac,True
PET,pet3,101,iteration_end,141,12,3845,3845,True,3eb7d33383513482,3eb7d33383513482,True
PET,pet3,101,iteration_end,141,13,3245,3245,True,54deee0a0074435b,54deee0a0074435b,True
PET,pet3,101,iteration_end,141,14,3245,3245,True,54deee0a0074435b,54deee0a0074435b,True
PET,pet3,101,iteration_end,141,15,3245,3245,True,54deee0a0074435b,54deee0a0074435b,True
PET,pet3,101,iteration_end,141,16,3245,3245,True,54deee0a0074435b,54deee0a0074435b,True
PET,pet3,101,iteration_end,141,17,3245,3245,True,54deee0a0074435b,54deee0a0074435b,True
PET,pet3,101,iteration_end,141,18,3245,3245,True,54deee0a0074435b,54deee0a0074435b,True
PET,pet3,101,iteration_end,141,19,3245,3245,True,54deee0a0074435b,54deee0a0074435b,True
PET,pet3,101,iteration_end,142,0,4005,4005,True,8d5a31cc3efd9b7e,8d5a31cc3efd9b7e,True
PET,pet3,101,iteration_end,142,1,4005,4005,True,8d5a31cc3efd9b7e,8d5a31cc3efd9b7e,True
PET,pet3,101,iteration_end,142,2,4005,4005,True,8d5a31cc3efd9b7e,8d5a31cc3efd9b7e,True
PET,pet3,101,iteration_end,142,3,4005,4005,True,8d5a31cc3efd9b7e,8d5a31cc3efd9b7e,True
PET,pet3,101,iteration_end,142,4,4005,4005,True,8d5a31cc3efd9b7e,8d5a31cc3efd9b7e,True
PET,pet3,101,iteration_end,142,5,4005,4005,True,8d5a31cc3efd9b7e,8d5a31cc3efd9b7e,True
PET,pet3,101,iteration_end,142,6,4005,4005,True,8d5a31cc3efd9b7e,8d5a31cc3efd9b7e,True
PET,pet3,101,iteration_end,142,7,4005,4005,True,8d5a31cc3efd9b7e,8d5a31cc3efd9b7e,True
PET,pet3,101,iteration_end,142,8,4005,4005,True,8d5a31cc3efd9b7e,8d5a31cc3efd9b7e,True
PET,pet3,101,iteration_end,142,9,4005,4005,True,8d5a31cc3efd9b7e,8d5a31cc3efd9b7e,True
PET,pet3,101,iteration_end,142,10,3945,3945,True,2d4d8d621436f304,2d4d8d621436f304,True
PET,pet3,101,iteration_end,142,11,3945,3945,True,2d4d8d621436f304,2d4d8d621436f304,True
PET,pet3,101,iteration_end,142,12,3945,3945,True,2d4d8d621436f304,2d4d8d621436f304,True
PET,pet3,101,iteration_end,142,13,3945,3945,True,2d4d8d621436f304,2d4d8d621436f304,True
PET,pet3,101,iteration_end,142,14,3945,3945,True,2d4d8d621436f304,2d4d8d621436f304,True
PET,pet3,101,iteration_end,142,15,3845,3845,True,3afacda0ef5beeac,3afacda0ef5beeac,True
PET,pet3,101,iteration_end,142,16,3245,3245,True,54deee0a0074435b,54deee0a0074435b,True
PET,pet3,101,iteration_end,142,17,3245,3245,True,54deee0a0074435b,54deee0a0074435b,True
PET,pet3,101,iteration_end,142,18,3245,3245,True,54deee0a0074435b,54deee0a0074435b,True
PET,pet3,101,iteration_end,142,19,3245,3245,True,54deee0a0074435b,54deee0a0074435b,True
PET,pet3,101,iteration_end,143,0,4005,4005,True,8d5a31cc3efd9b7e,8d5a31cc3efd9b7e,True
PET,pet3,101,iteration_end,143,1,4005,4005,True,8d5a31cc3efd9b7e,8d5a31cc3efd9b7e,True
PET,pet3,101,iteration_end,143,2,4005,4005,True,8d5a31cc3efd9b7e,8d5a31cc3efd9b7e,True
PET,pet3,101,iteration_end,143,3,4005,4005,True,8d5a31cc3efd9b7e,8d5a31cc3efd9b7e,True
PET,pet3,101,iteration_end,143,4,4005,4005,True,8d5a31cc3efd9b7e,8d5a31cc3efd9b7e,True
PET,pet3,101,iteration_end,143,5,4005,4005,True,8d5a31cc3efd9b7e,8d5a31cc3efd9b7e,True
PET,pet3,101,iteration_end,143,6,4005,4005,True,8d5a31cc3efd9b7e,8d5a31cc3efd9b7e,True
PET,pet3,101,iteration_end,143,7,4005,4005,True,8d5a31cc3efd9b7e,8d5a31cc3efd9b7e,True
PET,pet3,101,iteration_end,143,8,4005,4005,True,8d5a31cc3efd9b7e,8d5a31cc3efd9b7e,True
PET,pet3,101,iteration_end,143,9,4005,4005,True,8d5a31cc3efd9b7e,8d5a31cc3efd9b7e,True
PET,pet3,101,iteration_end,143,10,4005,4005,True,8d5a31cc3efd9b7e,8d5a31cc3efd9b7e,True
PET,pet3,101,iteration_end,143,11,3945,3945,True,2d4d8d621436f304,2d4d8d621436f304,True
PET,pet3,101,iteration_end,143,12,3945,3945,True,2d4d8d621436f304,2d4d8d621436f304,True
PET,pet3,101,iteration_end,143,13,3945,3945,True,2d4d8d621436f304,2d4d8d621436f304,True
PET,pet3,101,iteration_end,143,14,3845,3845,True,3afacda0ef5beeac,3afacda0ef5beeac,True
PET,pet3,101,iteration_end,143,15,3245,3245,True,54deee0a0074435b,54deee0a0074435b,True
PET,pet3,101,iteration_end,143,16,3245,3245,True,54deee0a0074435b,54deee0a0074435b,True
PET,pet3,101,iteration_end,143,17,3245,3245,True,54deee0a0074435b,54deee0a0074435b,True
PET,pet3,101,iteration_end,143,18,3245,3245,True,54deee0a0074435b,54deee0a0074435b,True
PET,pet3,101,iteration_end,143,19,3245,3245,True,54deee0a0074435b,54deee0a0074435b,True
PET,pet3,101,iteration_end,144,0,4005,4005,True,8d5a31cc3efd9b7e,8d5a31cc3efd9b7e,True
PET,pet3,101,iteration_end,144,1,4005,4005,True,8d5a31cc3efd9b7e,8d5a31cc3efd9b7e,True
PET,pet3,101,iteration_end,144,2,4005,4005,True,8d5a31cc3efd9b7e,8d5a31cc3efd9b7e,True
PET,pet3,101,iteration_end,144,3,4005,4005,True,8d5a31cc3efd9b7e,8d5a31cc3efd9b7e,True
PET,pet3,101,iteration_end,144,4,4005,4005,True,8d5a31cc3efd9b7e,8d5a31cc3efd9b7e,True
PET,pet3,101,iteration_end,144,5,4005,4005,True,8d5a31cc3efd9b7e,8d5a31cc3efd9b7e,True
PET,pet3,101,iteration_end,144,6,4005,4005,True,8d5a31cc3efd9b7e,8d5a31cc3efd9b7e,True
PET,pet3,101,iteration_end,144,7,4005,4005,True,8d5a31cc3efd9b7e,8d5a31cc3efd9b7e,True
PET,pet3,101,iteration_end,144,8,4005,4005,True,8d5a31cc3efd9b7e,8d5a31cc3efd9b7e,True
PET,pet3,101,iteration_end,144,9,4005,4005,True,8d5a31cc3efd9b7e,8d5a31cc3efd9b7e,True
PET,pet3,101,iteration_end,144,10,4005,4005,True,8d5a31cc3efd9b7e,8d5a31cc3efd9b7e,True
PET,pet3,101,iteration_end,144,11,3945,3945,True,2d4d8d621436f304,2d4d8d621436f304,True
PET,pet3,101,iteration_end,144,12,3945,3945,True,2d4d8d621436f304,2d4d8d621436f304,True
PET,pet3,101,iteration_end,144,13,3945,3945,True,2d4d8d621436f304,2d4d8d621436f304,True
PET,pet3,101,iteration_end,144,14,3945,3945,True,2d4d8d621436f304,2d4d8d621436f304,True
PET,pet3,101,iteration_end,144,15,3945,3945,True,2d4d8d621436f304,2d4d8d621436f304,True
PET,pet3,101,iteration_end,144,16,3825,3825,True,bd17adae665c8391,bd17adae665c8391,True
PET,pet3,101,iteration_end,144,17,3245,3245,True,54deee0a0074435b,54deee0a0074435b,True
PET,pet3,101,iteration_end,144,18,3245,3245,True,54deee0a0074435b,54deee0a0074435b,True
PET,pet3,101,iteration_end,144,19,3245,3245,True,54deee0a0074435b,54deee0a0074435b,True
PET,pet3,101,iteration_end,145,0,4005,4005,True,8d5a31cc3efd9b7e,8d5a31cc3efd9b7e,True
PET,pet3,101,iteration_end,145,1,4005,4005,True,8d5a31cc3efd9b7e,8d5a31cc3efd9b7e,True
PET,pet3,101,iteration_end,145,2,4005,4005,True,8d5a31cc3efd9b7e,8d5a31cc3efd9b7e,True
PET,pet3,101,iteration_end,145,3,4005,4005,True,8d5a31cc3efd9b7e,8d5a31cc3efd9b7e,True
PET,pet3,101,iteration_end,145,4,4005,4005,True,8d5a31cc3efd9b7e,8d5a31cc3efd9b7e,True
PET,pet3,101,iteration_end,145,5,4005,4005,True,8d5a31cc3efd9b7e,8d5a31cc3efd9b7e,True
PET,pet3,101,iteration_end,145,6,4005,4005,True,8d5a31cc3efd9b7e,8d5a31cc3efd9b7e,True
PET,pet3,101,iteration_end,145,7,4005,4005,True,8d5a31cc3efd9b7e,8d5a31cc3efd9b7e,True
PET,pet3,101,iteration_end,145,8,4005,4005,True,8d5a31cc3efd9b7e,8d5a31cc3efd9b7e,True
PET,pet3,101,iteration_end,145,9,4005,4005,True,8d5a31cc3efd9b7e,8d5a31cc3efd9b7e,True
PET,pet3,101,iteration_end,145,10,4005,4005,True,8d5a31cc3efd9b7e,8d5a31cc3efd9b7e,True
PET,pet3,101,iteration_end,145,11,3945,3945,True,2d4d8d621436f304,2d4d8d621436f304,True
PET,pet3,101,iteration_end,145,12,3945,3945,True,2d4d8d621436f304,2d4d8d621436f304,True
PET,pet3,101,iteration_end,145,13,3825,3825,True,bd17adae665c8391,bd17adae665c8391,True
PET,pet3,101,iteration_end,145,14,3245,3245,True,54deee0a0074435b,54deee0a0074435b,True
PET,pet3,101,iteration_end,145,15,3245,3245,True,54deee0a0074435b,54deee0a0074435b,True
PET,pet3,101,iteration_end,145,16,3245,3245,True,54deee0a0074435b,54deee0a0074435b,True
PET,pet3,101,iteration_end,145,17,3245,3245,True,54deee0a0074435b,54deee0a0074435b,True
PET,pet3,101,iteration_end,145,18,3245,3245,True,54deee0a0074435b,54deee0a0074435b,True
PET,pet3,101,iteration_end,145,19,3245,3245,True,54deee0a0074435b,54deee0a0074435b,True
PET,pet3,101,iteration_end,146,0,4005,4005,True,8d5a31cc3efd9b7e,8d5a31cc3efd9b7e,True
PET,pet3,101,iteration_end,146,1,4005,4005,True,8d5a31cc3efd9b7e,8d5a31cc3efd9b7e,True
PET,pet3,101,iteration_end,146,2,4005,4005,True,8d5a31cc3efd9b7e,8d5a31cc3efd9b7e,True
PET,pet3,101,iteration_end,146,3,4005,4005,True,8d5a31cc3efd9b7e,8d5a31cc3efd9b7e,True
PET,pet3,101,iteration_end,146,4,4005,4005,True,8d5a31cc3efd9b7e,8d5a31cc3efd9b7e,True
PET,pet3,101,iteration_end,146,5,4005,4005,True,8d5a31cc3efd9b7e,8d5a31cc3efd9b7e,True
PET,pet3,101,iteration_end,146,6,4005,4005,True,8d5a31cc3efd9b7e,8d5a31cc3efd9b7e,True
PET,pet3,101,iteration_end,146,7,4005,4005,True,8d5a31cc3efd9b7e,8d5a31cc3efd9b7e,True
PET,pet3,101,iteration_end,146,8,3945,3945,True,2d4d8d621436f304,2d4d8d621436f304,True
PET,pet3,101,iteration_end,146,9,3945,3945,True,2d4d8d621436f304,2d4d8d621436f304,True
PET,pet3,101,iteration_end,146,10,3565,3565,True,24db1ef5485fdf50,24db1ef5485fdf50,True
PET,pet3,101,iteration_end,146,11,3245,3245,True,54deee0a0074435b,54deee0a0074435b,True
PET,pet3,101,iteration_end,146,12,3245,3245,True,54deee0a0074435b,54deee0a0074435b,True
PET,pet3,101,iteration_end,146,13,3245,3245,True,54deee0a0074435b,54deee0a0074435b,True
PET,pet3,101,iteration_end,146,14,3245,3245,True,54deee0a0074435b,54deee0a0074435b,True
PET,pet3,101,iteration_end,146,15,3245,3245,True,54deee0a0074435b,54deee0a0074435b,True
PET,pet3,101,iteration_end,146,16,3245,3245,True,54deee0a0074435b,54deee0a0074435b,True
PET,pet3,101,iteration_end,146,17,3245,3245,True,54deee0a0074435b,54deee0a0074435b,True
PET,pet3,101,iteration_end,146,18,3245,3245,True,54deee0a0074435b,54deee0a0074435b,True
PET,pet3,101,iteration_end,146,19,3245,3245,True,54deee0a0074435b,54deee0a0074435b,True
PET,pet3,101,iteration_end,147,0,4005,4005,True,8d5a31cc3efd9b7e,8d5a31cc3efd9b7e,True
PET,pet3,101,iteration_end,147,1,4005,4005,True,8d5a31cc3efd9b7e,8d5a31cc3efd9b7e,True
PET,pet3,101,iteration_end,147,2,4005,4005,True,8d5a31cc3efd9b7e,8d5a31cc3efd9b7e,True
PET,pet3,101,iteration_end,147,3,4005,4005,True,8d5a31cc3efd9b7e,8d5a31cc3efd9b7e,True
PET,pet3,101,iteration_end,147,4,4005,4005,True,8d5a31cc3efd9b7e,8d5a31cc3efd9b7e,True
PET,pet3,101,iteration_end,147,5,4005,4005,True,8d5a31cc3efd9b7e,8d5a31cc3efd9b7e,True
PET,pet3,101,iteration_end,147,6,3945,3945,True,2d4d8d621436f304,2d4d8d621436f304,True
PET,pet3,101,iteration_end,147,7,3945,3945,True,2d4d8d621436f304,2d4d8d621436f304,True
PET,pet3,101,iteration_end,147,8,3945,3945,True,2d4d8d621436f304,2d4d8d621436f304,True
PET,pet3,101,iteration_end,147,9,3645,3645,True,707e0881304a768c,707e0881304a768c,True
PET,pet3,101,iteration_end,147,10,3325,3325,True,715d26fa0a53f1d2,715d26fa0a53f1d2,True
PET,pet3,101,iteration_end,147,11,3325,3325,True,715d26fa0a53f1d2,715d26fa0a53f1d2,True
PET,pet3,101,iteration_end,147,12,3245,3245,True,54deee0a0074435b,54deee0a0074435b,True
PET,pet3,101,iteration_end,147,13,3245,3245,True,54deee0a0074435b,54deee0a0074435b,True
PET,pet3,101,iteration_end,147,14,3245,3245,True,54deee0a0074435b,54deee0a0074435b,True
PET,pet3,101,iteration_end,147,15,3245,3245,True,54deee0a0074435b,54deee0a0074435b,True
PET,pet3,101,iteration_end,147,16,3245,3245,True,54deee0a0074435b,54deee0a0074435b,True
PET,pet3,101,iteration_end,147,17,3245,3245,True,54deee0a0074435b,54deee0a0074435b,True
PET,pet3,101,iteration_end,147,18,3245,3245,True,54deee0a0074435b,54deee0a0074435b,True
PET,pet3,101,iteration_end,147,19,3245,3245,True,54deee0a0074435b,54deee0a0074435b,True
PET,pet3,101,iteration_end,148,0,4005,4005,True,8d5a31cc3efd9b7e,8d5a31cc3efd9b7e,True
PET,pet3,101,iteration_end,148,1,4005,4005,True,8d5a31cc3efd9b7e,8d5a31cc3efd9b7e,True
PET,pet3,101,iteration_end,148,2,4005,4005,True,8d5a31cc3efd9b7e,8d5a31cc3efd9b7e,True
PET,pet3,101,iteration_end,148,3,4005,4005,True,8d5a31cc3efd9b7e,8d5a31cc3efd9b7e,True
PET,pet3,101,iteration_end,148,4,4005,4005,True,8d5a31cc3efd9b7e,8d5a31cc3efd9b7e,True
PET,pet3,101,iteration_end,148,5,4005,4005,True,8d5a31cc3efd9b7e,8d5a31cc3efd9b7e,True
PET,pet3,101,iteration_end,148,6,4005,4005,True,8d5a31cc3efd9b7e,8d5a31cc3efd9b7e,True
PET,pet3,101,iteration_end,148,7,4005,4005,True,8d5a31cc3efd9b7e,8d5a31cc3efd9b7e,True
PET,pet3,101,iteration_end,148,8,3945,3945,True,2d4d8d621436f304,2d4d8d621436f304,True
PET,pet3,101,iteration_end,148,9,3945,3945,True,2d4d8d621436f304,2d4d8d621436f304,True
PET,pet3,101,iteration_end,148,10,3945,3945,True,2d4d8d621436f304,2d4d8d621436f304,True
PET,pet3,101,iteration_end,148,11,3845,3845,True,3eb7d33383513482,3eb7d33383513482,True
PET,pet3,101,iteration_end,148,12,3645,3645,True,707e0881304a768c,707e0881304a768c,True
PET,pet3,101,iteration_end,148,13,3325,3325,True,715d26fa0a53f1d2,715d26fa0a53f1d2,True
PET,pet3,101,iteration_end,148,14,3245,3245,True,54deee0a0074435b,54deee0a0074435b,True
PET,pet3,101,iteration_end,148,15,3245,3245,True,54deee0a0074435b,54deee0a0074435b,True
PET,pet3,101,iteration_end,148,16,3245,3245,True,54deee0a0074435b,54deee0a0074435b,True
PET,pet3,101,iteration_end,148,17,3245,3245,True,54deee0a0074435b,54deee0a0074435b,True
PET,pet3,101,iteration_end,148,18,3245,3245,True,54deee0a0074435b,54deee0a0074435b,True
PET,pet3,101,iteration_end,148,19,3245,3245,True,54deee0a0074435b,54deee0a0074435b,True
PET,pet3,101,iteration_end,149,0,4005,4005,True,8d5a31cc3efd9b7e,8d5a31cc3efd9b7e,True
PET,pet3,101,iteration_end,149,1,4005,4005,True,8d5a31cc3efd9b7e,8d5a31cc3efd9b7e,True
PET,pet3,101,iteration_end,149,2,4005,4005,True,8d5a31cc3efd9b7e,8d5a31cc3efd9b7e,True
PET,pet3,101,iteration_end,149,3,4005,4005,True,8d5a31cc3efd9b7e,8d5a31cc3efd9b7e,True
PET,pet3,101,iteration_end,149,4,4005,4005,True,8d5a31cc3efd9b7e,8d5a31cc3efd9b7e,True
PET,pet3,101,iteration_end,149,5,4005,4005,True,8d5a31cc3efd9b7e,8d5a31cc3efd9b7e,True
PET,pet3,101,iteration_end,149,6,4005,4005,True,8d5a31cc3efd9b7e,8d5a31cc3efd9b7e,True
PET,pet3,101,iteration_end,149,7,4005,4005,True,8d5a31cc3efd9b7e,8d5a31cc3efd9b7e,True
PET,pet3,101,iteration_end,149,8,3945,3945,True,2d4d8d621436f304,2d4d8d621436f304,True
PET,pet3,101,iteration_end,149,9,3945,3945,True,2d4d8d621436f304,2d4d8d621436f304,True
PET,pet3,101,iteration_end,149,10,3945,3945,True,2d4d8d621436f304,2d4d8d621436f304,True
PET,pet3,101,iteration_end,149,11,3945,3945,True,2d4d8d621436f304,2d4d8d621436f304,True
PET,pet3,101,iteration_end,149,12,3945,3945,True,2d4d8d621436f304,2d4d8d621436f304,True
PET,pet3,101,iteration_end,149,13,3845,3845,True,3eb7d33383513482,3eb7d33383513482,True
PET,pet3,101,iteration_end,149,14,3725,3725,True,0dc5dd3a80791e4b,0dc5dd3a80791e4b,True
PET,pet3,101,iteration_end,149,15,3325,3325,True,715d26fa0a53f1d2,715d26fa0a53f1d2,True
PET,pet3,101,iteration_end,149,16,3245,3245,True,54deee0a0074435b,54deee0a0074435b,True
PET,pet3,101,iteration_end,149,17,3245,3245,True,54deee0a0074435b,54deee0a0074435b,True
PET,pet3,101,iteration_end,149,18,3245,3245,True,54deee0a0074435b,54deee0a0074435b,True
PET,pet3,101,iteration_end,149,19,3245,3245,True,54deee0a0074435b,54deee0a0074435b,True
PET,pet3,101,iteration_end,150,0,4005,4005,True,8d5a31cc3efd9b7e,8d5a31cc3efd9b7e,True
PET,pet3,101,iteration_end,150,1,4005,4005,True,8d5a31cc3efd9b7e,8d5a31cc3efd9b7e,True
PET,pet3,101,iteration_end,150,2,4005,4005,True,8d5a31cc3efd9b7e,8d5a31cc3efd9b7e,True
PET,pet3,101,iteration_end,150,3,4005,4005,True,8d5a31cc3efd9b7e,8d5a31cc3efd9b7e,True
PET,pet3,101,iteration_end,150,4,4005,4005,True,8d5a31cc3efd9b7e,8d5a31cc3efd9b7e,True
PET,pet3,101,iteration_end,150,5,4005,4005,True,8d5a31cc3efd9b7e,8d5a31cc3efd9b7e,True
PET,pet3,101,iteration_end,150,6,4005,4005,True,8d5a31cc3efd9b7e,8d5a31cc3efd9b7e,True
PET,pet3,101,iteration_end,150,7,3945,3945,True,2d4d8d621436f304,2d4d8d621436f304,True
PET,pet3,101,iteration_end,150,8,3945,3945,True,2d4d8d621436f304,2d4d8d621436f304,True
PET,pet3,101,iteration_end,150,9,3945,3945,True,2d4d8d621436f304,2d4d8d621436f304,True
PET,pet3,101,iteration_end,150,10,3945,3945,True,2d4d8d621436f304,2d4d8d621436f304,True
PET,pet3,101,iteration_end,150,11,3945,3945,True,2d4d8d621436f304,2d4d8d621436f304,True
PET,pet3,101,iteration_end,150,12,3945,3945,True,2d4d8d621436f304,2d4d8d621436f304,True
PET,pet3,101,iteration_end,150,13,3845,3845,True,c3b2965a420afede,c3b2965a420afede,True
PET,pet3,101,iteration_end,150,14,3325,3325,True,715d26fa0a53f1d2,715d26fa0a53f1d2,True
PET,pet3,101,iteration_end,150,15,3325,3325,True,715d26fa0a53f1d2,715d26fa0a53f1d2,True
PET,pet3,101,iteration_end,150,16,3245,3245,True,54deee0a0074435b,54deee0a0074435b,True
PET,pet3,101,iteration_end,150,17,3245,3245,True,54deee0a0074435b,54deee0a0074435b,True
PET,pet3,101,iteration_end,150,18,3245,3245,True,54deee0a0074435b,54deee0a0074435b,True
PET,pet3,101,iteration_end,150,19,3245,3245,True,54deee0a0074435b,54deee0a0074435b,True
PET,pet3,101,iteration_end,151,0,4005,4005,True,8d5a31cc3efd9b7e,8d5a31cc3efd9b7e,True
PET,pet3,101,iteration_end,151,1,4005,4005,True,8d5a31cc3efd9b7e,8d5a31cc3efd9b7e,True
PET,pet3,101,iteration_end,151,2,4005,4005,True,8d5a31cc3efd9b7e,8d5a31cc3efd9b7e,True
PET,pet3,101,iteration_end,151,3,4005,4005,True,8d5a31cc3efd9b7e,8d5a31cc3efd9b7e,True
PET,pet3,101,iteration_end,151,4,4005,4005,True,8d5a31cc3efd9b7e,8d5a31cc3efd9b7e,True
PET,pet3,101,iteration_end,151,5,4005,4005,True,8d5a31cc3efd9b7e,8d5a31cc3efd9b7e,True
PET,pet3,101,iteration_end,151,6,3945,3945,True,2d4d8d621436f304,2d4d8d621436f304,True
PET,pet3,101,iteration_end,151,7,3945,3945,True,2d4d8d621436f304,2d4d8d621436f304,True
PET,pet3,101,iteration_end,151,8,3945,3945,True,2d4d8d621436f304,2d4d8d621436f304,True
PET,pet3,101,iteration_end,151,9,3945,3945,True,2d4d8d621436f304,2d4d8d621436f304,True
PET,pet3,101,iteration_end,151,10,3945,3945,True,2d4d8d621436f304,2d4d8d621436f304,True
PET,pet3,101,iteration_end,151,11,3845,3845,True,c3b2965a420afede,c3b2965a420afede,True
PET,pet3,101,iteration_end,151,12,3325,3325,True,715d26fa0a53f1d2,715d26fa0a53f1d2,True
PET,pet3,101,iteration_end,151,13,3245,3245,True,54deee0a0074435b,54deee0a0074435b,True
PET,pet3,101,iteration_end,151,14,3245,3245,True,54deee0a0074435b,54deee0a0074435b,True
PET,pet3,101,iteration_end,151,15,3245,3245,True,54deee0a0074435b,54deee0a0074435b,True
PET,pet3,101,iteration_end,151,16,3245,3245,True,54deee0a0074435b,54deee0a0074435b,True
PET,pet3,101,iteration_end,151,17,3245,3245,True,54deee0a0074435b,54deee0a0074435b,True
PET,pet3,101,iteration_end,151,18,3245,3245,True,54deee0a0074435b,54deee0a0074435b,True
PET,pet3,101,iteration_end,151,19,3245,3245,True,54deee0a0074435b,54deee0a0074435b,True
PET,pet3,101,iteration_end,152,0,4005,4005,True,8d5a31cc3efd9b7e,8d5a31cc3efd9b7e,True
PET,pet3,101,iteration_end,152,1,4005,4005,True,8d5a31cc3efd9b7e,8d5a31cc3efd9b7e,True
PET,pet3,101,iteration_end,152,2,4005,4005,True,8d5a31cc3efd9b7e,8d5a31cc3efd9b7e,True
PET,pet3,101,iteration_end,152,3,4005,4005,True,8d5a31cc3efd9b7e,8d5a31cc3efd9b7e,True
PET,pet3,101,iteration_end,152,4,4005,4005,True,8d5a31cc3efd9b7e,8d5a31cc3efd9b7e,True
PET,pet3,101,iteration_end,152,5,4005,4005,True,8d5a31cc3efd9b7e,8d5a31cc3efd9b7e,True
PET,pet3,101,iteration_end,152,6,4005,4005,True,8d5a31cc3efd9b7e,8d5a31cc3efd9b7e,True
PET,pet3,101,iteration_end,152,7,4005,4005,True,8d5a31cc3efd9b7e,8d5a31cc3efd9b7e,True
PET,pet3,101,iteration_end,152,8,4005,4005,True,8d5a31cc3efd9b7e,8d5a31cc3efd9b7e,True
PET,pet3,101,iteration_end,152,9,4005,4005,True,8d5a31cc3efd9b7e,8d5a31cc3efd9b7e,True
PET,pet3,101,iteration_end,152,10,3945,3945,True,2d4d8d621436f304,2d4d8d621436f304,True
PET,pet3,101,iteration_end,152,11,3945,3945,True,2d4d8d621436f304,2d4d8d621436f304,True
PET,pet3,101,iteration_end,152,12,3945,3945,True,2d4d8d621436f304,2d4d8d621436f304,True
PET,pet3,101,iteration_end,152,13,3945,3945,True,2d4d8d621436f304,2d4d8d621436f304,True
PET,pet3,101,iteration_end,152,14,3745,3745,True,16c4744466765907,16c4744466765907,True
PET,pet3,101,iteration_end,152,15,3325,3325,True,715d26fa0a53f1d2,715d26fa0a53f1d2,True
PET,pet3,101,iteration_end,152,16,3245,3245,True,54deee0a0074435b,54deee0a0074435b,True
PET,pet3,101,iteration_end,152,17,3245,3245,True,54deee0a0074435b,54deee0a0074435b,True
PET,pet3,101,iteration_end,152,18,3245,3245,True,54deee0a0074435b,54deee0a0074435b,True
PET,pet3,101,iteration_end,152,19,3245,3245,True,54deee0a0074435b,54deee0a0074435b,True
PET,pet3,101,iteration_end,153,0,4005,4005,True,8d5a31cc3efd9b7e,8d5a31cc3efd9b7e,True
PET,pet3,101,iteration_end,153,1,4005,4005,True,8d5a31cc3efd9b7e,8d5a31cc3efd9b7e,True
PET,pet3,101,iteration_end,153,2,4005,4005,True,8d5a31cc3efd9b7e,8d5a31cc3efd9b7e,True
PET,pet3,101,iteration_end,153,3,4005,4005,True,8d5a31cc3efd9b7e,8d5a31cc3efd9b7e,True
PET,pet3,101,iteration_end,153,4,4005,4005,True,8d5a31cc3efd9b7e,8d5a31cc3efd9b7e,True
PET,pet3,101,iteration_end,153,5,4005,4005,True,8d5a31cc3efd9b7e,8d5a31cc3efd9b7e,True
PET,pet3,101,iteration_end,153,6,3945,3945,True,2d4d8d621436f304,2d4d8d621436f304,True
PET,pet3,101,iteration_end,153,7,3945,3945,True,2d4d8d621436f304,2d4d8d621436f304,True
PET,pet3,101,iteration_end,153,8,3945,3945,True,2d4d8d621436f304,2d4d8d621436f304,True
PET,pet3,101,iteration_end,153,9,3945,3945,True,2d4d8d621436f304,2d4d8d621436f304,True
PET,pet3,101,iteration_end,153,10,3845,3845,True,3eb7d33383513482,3eb7d33383513482,True
PET,pet3,101,iteration_end,153,11,3245,3245,True,54deee0a0074435b,54deee0a0074435b,True
PET,pet3,101,iteration_end,153,12,3245,3245,True,54deee0a0074435b,54deee0a0074435b,True
PET,pet3,101,iteration_end,153,13,3245,3245,True,54deee0a0074435b,54deee0a0074435b,True
PET,pet3,101,iteration_end,153,14,3245,3245,True,54deee0a0074435b,54deee0a0074435b,True
PET,pet3,101,iteration_end,153,15,3245,3245,True,54deee0a0074435b,54deee0a0074435b,True
PET,pet3,101,iteration_end,153,16,3245,3245,True,54deee0a0074435b,54deee0a0074435b,True
PET,pet3,101,iteration_end,153,17,3245,3245,True,54deee0a0074435b,54deee0a0074435b,True
PET,pet3,101,iteration_end,153,18,3245,3245,True,54deee0a0074435b,54deee0a0074435b,True
PET,pet3,101,iteration_end,153,19,3245,3245,True,54deee0a0074435b,54deee0a0074435b,True
PET,pet3,101,iteration_end,154,0,4005,4005,True,8d5a31cc3efd9b7e,8d5a31cc3efd9b7e,True
PET,pet3,101,iteration_end,154,1,4005,4005,True,8d5a31cc3efd9b7e,8d5a31cc3efd9b7e,True
PET,pet3,101,iteration_end,154,2,4005,4005,True,8d5a31cc3efd9b7e,8d5a31cc3efd9b7e,True
PET,pet3,101,iteration_end,154,3,4005,4005,True,8d5a31cc3efd9b7e,8d5a31cc3efd9b7e,True
PET,pet3,101,iteration_end,154,4,4005,4005,True,8d5a31cc3efd9b7e,8d5a31cc3efd9b7e,True
PET,pet3,101,iteration_end,154,5,3950,3950,True,dc736e10c67b1d40,dc736e10c67b1d40,True
PET,pet3,101,iteration_end,154,6,3945,3945,True,2d4d8d621436f304,2d4d8d621436f304,True
PET,pet3,101,iteration_end,154,7,3945,3945,True,2d4d8d621436f304,2d4d8d621436f304,True
PET,pet3,101,iteration_end,154,8,3945,3945,True,2d4d8d621436f304,2d4d8d621436f304,True
PET,pet3,101,iteration_end,154,9,3845,3845,True,3eb7d33383513482,3eb7d33383513482,True
PET,pet3,101,iteration_end,154,10,3245,3245,True,54deee0a0074435b,54deee0a0074435b,True
PET,pet3,101,iteration_end,154,11,3245,3245,True,54deee0a0074435b,54deee0a0074435b,True
PET,pet3,101,iteration_end,154,12,3245,3245,True,54deee0a0074435b,54deee0a0074435b,True
PET,pet3,101,iteration_end,154,13,3245,3245,True,54deee0a0074435b,54deee0a0074435b,True
PET,pet3,101,iteration_end,154,14,3245,3245,True,54deee0a0074435b,54deee0a0074435b,True
PET,pet3,101,iteration_end,154,15,3245,3245,True,54deee0a0074435b,54deee0a0074435b,True
PET,pet3,101,iteration_end,154,16,3245,3245,True,54deee0a0074435b,54deee0a0074435b,True
PET,pet3,101,iteration_end,154,17,3245,3245,True,54deee0a0074435b,54deee0a0074435b,True
PET,pet3,101,iteration_end,154,18,3245,3245,True,54deee0a0074435b,54deee0a0074435b,True
PET,pet3,101,iteration_end,154,19,3245,3245,True,54deee0a0074435b,54deee0a0074435b,True
PET,pet3,101,iteration_end,155,0,4005,4005,True,8d5a31cc3efd9b7e,8d5a31cc3efd9b7e,True
PET,pet3,101,iteration_end,155,1,4005,4005,True,8d5a31cc3efd9b7e,8d5a31cc3efd9b7e,True
PET,pet3,101,iteration_end,155,2,4005,4005,True,8d5a31cc3efd9b7e,8d5a31cc3efd9b7e,True
PET,pet3,101,iteration_end,155,3,4005,4005,True,8d5a31cc3efd9b7e,8d5a31cc3efd9b7e,True
PET,pet3,101,iteration_end,155,4,4005,4005,True,8d5a31cc3efd9b7e,8d5a31cc3efd9b7e,True
PET,pet3,101,iteration_end,155,5,4005,4005,True,8d5a31cc3efd9b7e,8d5a31cc3efd9b7e,True
PET,pet3,101,iteration_end,155,6,3950,3950,True,dc736e10c67b1d40,dc736e10c67b1d40,True
PET,pet3,101,iteration_end,155,7,3945,3945,True,2d4d8d621436f304,2d4d8d621436f304,True
PET,pet3,101,iteration_end,155,8,3945,3945,True,2d4d8d621436f304,2d4d8d621436f304,True
PET,pet3,101,iteration_end,155,9,3945,3945,True,2d4d8d621436f304,2d4d8d621436f304,True
PET,pet3,101,iteration_end,155,10,3745,3745,True,16c4744466765907,16c4744466765907,True
PET,pet3,101,iteration_end,155,11,3245,3245,True,54deee0a0074435b,54deee0a0074435b,True
PET,pet3,101,iteration_end,155,12,3245,3245,True,54deee0a0074435b,54deee0a0074435b,True
PET,pet3,101,iteration_end,155,13,3245,3245,True,54deee0a0074435b,54deee0a0074435b,True
PET,pet3,101,iteration_end,155,14,3245,3245,True,54deee0a0074435b,54deee0a0074435b,True
PET,pet3,101,iteration_end,155,15,3245,3245,True,54deee0a0074435b,54deee0a0074435b,True
PET,pet3,101,iteration_end,155,16,3245,3245,True,54deee0a0074435b,54deee0a0074435b,True
PET,pet3,101,iteration_end,155,17,3245,3245,True,54deee0a0074435b,54deee0a0074435b,True
PET,pet3,101,iteration_end,155,18,3245,3245,True,54deee0a0074435b,54deee0a0074435b,True
PET,pet3,101,iteration_end,155,19,3245,3245,True,54deee0a0074435b,54deee0a0074435b,True
PET,pet3,101,iteration_end,156,0,4015,4015,True,010923e7db524223,010923e7db524223,True
PET,pet3,101,iteration_end,156,1,4005,4005,True,8d5a31cc3efd9b7e,8d5a31cc3efd9b7e,True
PET,pet3,101,iteration_end,156,2,4005,4005,True,8d5a31cc3efd9b7e,8d5a31cc3efd9b7e,True
PET,pet3,101,iteration_end,156,3,4005,4005,True,8d5a31cc3efd9b7e,8d5a31cc3efd9b7e,True
PET,pet3,101,iteration_end,156,4,4005,4005,True,8d5a31cc3efd9b7e,8d5a31cc3efd9b7e,True
PET,pet3,101,iteration_end,156,5,4005,4005,True,8d5a31cc3efd9b7e,8d5a31cc3efd9b7e,True
PET,pet3,101,iteration_end,156,6,4005,4005,True,8d5a31cc3efd9b7e,8d5a31cc3efd9b7e,True
PET,pet3,101,iteration_end,156,7,4005,4005,True,8d5a31cc3efd9b7e,8d5a31cc3efd9b7e,True
PET,pet3,101,iteration_end,156,8,4005,4005,True,8d5a31cc3efd9b7e,8d5a31cc3efd9b7e,True
PET,pet3,101,iteration_end,156,9,3945,3945,True,2d4d8d621436f304,2d4d8d621436f304,True
PET,pet3,101,iteration_end,156,10,3945,3945,True,2d4d8d621436f304,2d4d8d621436f304,True
PET,pet3,101,iteration_end,156,11,3945,3945,True,2d4d8d621436f304,2d4d8d621436f304,True
PET,pet3,101,iteration_end,156,12,3945,3945,True,2d4d8d621436f304,2d4d8d621436f304,True
PET,pet3,101,iteration_end,156,13,3845,3845,True,3eb7d33383513482,3eb7d33383513482,True
PET,pet3,101,iteration_end,156,14,3245,3245,True,54deee0a0074435b,54deee0a0074435b,True
PET,pet3,101,iteration_end,156,15,3245,3245,True,54deee0a0074435b,54deee0a0074435b,True
PET,pet3,101,iteration_end,156,16,3245,3245,True,54deee0a0074435b,54deee0a0074435b,True
PET,pet3,101,iteration_end,156,17,3245,3245,True,54deee0a0074435b,54deee0a0074435b,True
PET,pet3,101,iteration_end,156,18,3245,3245,True,54deee0a0074435b,54deee0a0074435b,True
PET,pet3,101,iteration_end,156,19,3245,3245,True,54deee0a0074435b,54deee0a0074435b,True
