problem_type,encoding,direction,problem_id,solver_id,repeat_index,seed,best_objective,feasible,objective_valid,objective_mismatch,best_known,best_known_reached,best_known_gap,stop_reason,runtime,linprog_runtime,evaluation_count,error,excluded_reason,metadata_json
mkp,binary,max,weish01,bsma_v1_008,0,84423235,4554,True,True,False,4554,True,0,best_known_reached,1.0875040178652853,0.17897523590363562,20020,,,"{""solve"": {""linprog_runtime"": 0.17897523590363562}, ""validation"": {}}"
mkp,binary,max,weish02,bsma_v1_008,0,655708457,4536,True,True,False,4536,True,0,best_known_reached,1.4246891778893769,0.08292826195247471,20020,,,"{""solve"": {""linprog_runtime"": 0.08292826195247471}, ""validation"": {}}"
mkp,binary,max,weish03,bsma_v1_008,0,2054550159,4115,True,True,False,4115,True,0,best_known_reached,3.668710401048884,0.06638918304815888,20020,,,"{""solve"": {""linprog_runtime"": 0.06638918304815888}, ""validation"": {}}"
mkp,binary,max,weish04,bsma_v1_008,0,1679993745,4561,True,True,False,4561,True,0,best_known_reached,1.0696796290576458,0.03401587205007672,20020,,,"{""solve"": {""linprog_runtime"": 0.03401587205007672}, ""validation"": {}}"
mkp,binary,max,weish05,bsma_v1_008,0,201576323,4514,True,True,False,4514,True,0,best_known_reached,1.4779785450082272,0.026766899973154068,20020,,,"{""solve"": {""linprog_runtime"": 0.026766899973154068}, ""validation"": {}}"
mkp,binary,max,weish06,bsma_v1_008,0,711763269,5557,True,True,False,5557,True,0,best_known_reached,23.863186750095338,0.0908860950730741,20020,,,"{""solve"": {""linprog_runtime"": 0.0908860950730741}, ""validation"": {}}"
mkp,binary,max,weish07,bsma_v1_008,0,1979146961,5567,True,True,False,5567,True,0,best_known_reached,3.1719983930233866,0.021891498006880283,20020,,,"{""solve"": {""linprog_runtime"": 0.021891498006880283}, ""validation"": {}}"
mkp,binary,max,weish08,bsma_v1_008,0,1538183489,5605,True,True,False,5605,True,0,best_known_reached,8.9359523919411,0.12929728417657316,20020,,,"{""solve"": {""linprog_runtime"": 0.12929728417657316}, ""validation"": {}}"
mkp,binary,max,weish09,bsma_v1_008,0,560455319,5246,True,True,False,5246,True,0,best_known_reached,2.394239237997681,0.0747793719638139,20020,,,"{""solve"": {""linprog_runtime"": 0.0747793719638139}, ""validation"": {}}"
mkp,binary,max,weish10,bsma_v1_008,0,1443646942,6339,True,True,False,6339,True,0,best_known_reached,27.305090392939746,0.0347979289945215,20020,,,"{""solve"": {""linprog_runtime"": 0.0347979289945215}, ""validation"": {}}"
mkp,binary,max,weish11,bsma_v1_008,0,1075993864,5643,True,True,False,5643,True,0,best_known_reached,2.2271298179402947,0.05538559379056096,20020,,,"{""solve"": {""linprog_runtime"": 0.05538559379056096}, ""validation"": {}}"
mkp,binary,max,weish12,bsma_v1_008,0,657139725,6339,True,True,False,6339,True,0,best_known_reached,21.42042189114727,0.03593059489503503,20020,,,"{""solve"": {""linprog_runtime"": 0.03593059489503503}, ""validation"": {}}"
mkp,binary,max,weish13,bsma_v1_008,0,89876245,6159,True,True,False,6159,True,0,best_known_reached,2.1438464052043855,0.027024109149351716,20020,,,"{""solve"": {""linprog_runtime"": 0.027024109149351716}, ""validation"": {}}"
mkp,binary,max,weish14,bsma_v1_008,0,500931189,6954,True,True,False,6954,True,0,best_known_reached,3.9577386849559844,0.0987902709748596,20020,,,"{""solve"": {""linprog_runtime"": 0.0987902709748596}, ""validation"": {}}"
mkp,binary,max,weish15,bsma_v1_008,0,123084166,7486,True,True,False,7486,True,0,best_known_reached,177.63930287607946,0.09141916898079216,20020,,,"{""solve"": {""linprog_runtime"": 0.09141916898079216}, ""validation"": {}}"
mkp,binary,max,weish16,bsma_v1_008,0,1781635866,7289,True,True,False,7289,True,0,best_known_reached,31.41838911618106,0.08499979181215167,20020,,,"{""solve"": {""linprog_runtime"": 0.08499979181215167}, ""validation"": {}}"
mkp,binary,max,weish17,bsma_v1_008,0,1172044099,8633,True,True,False,8633,True,0,best_known_reached,5.787515979027376,0.06681785499677062,20020,,,"{""solve"": {""linprog_runtime"": 0.06681785499677062}, ""validation"": {}}"
mkp,binary,max,weish18,bsma_v1_008,0,1325807667,9580,True,True,False,9580,True,0,best_known_reached,378.6658143559471,0.03921240591444075,20020,,,"{""solve"": {""linprog_runtime"": 0.03921240591444075}, ""validation"": {}}"
mkp,binary,max,weish19,bsma_v1_008,0,1662344057,7698,True,True,False,7698,True,0,best_known_reached,14.488690799102187,0.09064001985825598,20020,,,"{""solve"": {""linprog_runtime"": 0.09064001985825598}, ""validation"": {}}"
mkp,binary,max,weish20,bsma_v1_008,0,898237101,9450,True,True,False,9450,True,0,best_known_reached,40.965054124826565,0.0672501961234957,20020,,,"{""solve"": {""linprog_runtime"": 0.0672501961234957}, ""validation"": {}}"
mkp,binary,max,weish21,bsma_v1_008,0,1346829488,9074,True,True,False,9074,True,0,best_known_reached,63.092521554091945,0.14326426316983998,20020,,,"{""solve"": {""linprog_runtime"": 0.14326426316983998}, ""validation"": {}}"
mkp,binary,max,weish22,bsma_v1_008,0,1713175407,8947,True,True,False,8947,True,0,best_known_reached,48.85899255913682,0.020851155975833535,20020,,,"{""solve"": {""linprog_runtime"": 0.020851155975833535}, ""validation"": {}}"
mkp,binary,max,weish23,bsma_v1_008,0,1801938352,8344,True,True,False,8344,True,0,best_known_reached,285.5764881700743,0.06967752613127232,20020,,,"{""solve"": {""linprog_runtime"": 0.06967752613127232}, ""validation"": {}}"
mkp,binary,max,weish24,bsma_v1_008,0,808365409,10220,True,True,False,10220,True,0,best_known_reached,496.57997500896454,0.050676412181928754,20020,,,"{""solve"": {""linprog_runtime"": 0.050676412181928754}, ""validation"": {}}"
mkp,binary,max,weish25,bsma_v1_008,0,1533391870,9923,True,True,False,9939,False,16,max_iterations_reached,1237.1614856119268,0.04443524405360222,20020,,,"{""solve"": {""linprog_runtime"": 0.04443524405360222}, ""validation"": {}}"
mkp,binary,max,weish26,bsma_v1_008,0,2088688543,9584,True,True,False,9584,True,0,best_known_reached,11.06632737396285,0.032366069965064526,20020,,,"{""solve"": {""linprog_runtime"": 0.032366069965064526}, ""validation"": {}}"
mkp,binary,max,weish27,bsma_v1_008,0,1884739677,9819,True,True,False,9819,True,0,best_known_reached,18.330709740053862,0.03863552981056273,20020,,,"{""solve"": {""linprog_runtime"": 0.03863552981056273}, ""validation"": {}}"
mkp,binary,max,weish28,bsma_v1_008,0,542690081,9492,True,True,False,9492,True,0,best_known_reached,1.5047062260564417,0.024792554089799523,20020,,,"{""solve"": {""linprog_runtime"": 0.024792554089799523}, ""validation"": {}}"
mkp,binary,max,weish29,bsma_v1_008,0,2138923074,9410,True,True,False,9410,True,0,best_known_reached,1.4337517789099365,0.03472138405777514,20020,,,"{""solve"": {""linprog_runtime"": 0.03472138405777514}, ""validation"": {}}"
mkp,binary,max,weish30,bsma_v1_008,0,28164243,11191,True,True,False,11191,True,0,best_known_reached,115.30779534997419,0.015434900065883994,20020,,,"{""solve"": {""linprog_runtime"": 0.015434900065883994}, ""validation"": {}}"
mkp,binary,max,weish01,bsma_v1_008,1,1552476262,4554,True,True,False,4554,True,0,best_known_reached,10.973779793828726,0.043510732939466834,20020,,,"{""solve"": {""linprog_runtime"": 0.043510732939466834}, ""validation"": {}}"
mkp,binary,max,weish02,bsma_v1_008,1,1427978743,4536,True,True,False,4536,True,0,best_known_reached,5.6369914000388235,0.01726889912970364,20020,,,"{""solve"": {""linprog_runtime"": 0.01726889912970364}, ""validation"": {}}"
mkp,binary,max,weish03,bsma_v1_008,1,2057846204,4115,True,True,False,4115,True,0,best_known_reached,1.6745462990365922,0.07490878691896796,20020,,,"{""solve"": {""linprog_runtime"": 0.07490878691896796}, ""validation"": {}}"
mkp,binary,max,weish04,bsma_v1_008,1,732354600,4561,True,True,False,4561,True,0,best_known_reached,1.4903476040344685,0.03389429394155741,20020,,,"{""solve"": {""linprog_runtime"": 0.03389429394155741}, ""validation"": {}}"
mkp,binary,max,weish05,bsma_v1_008,1,1920159865,4514,True,True,False,4514,True,0,best_known_reached,3.0300869347993284,0.02676769415847957,20020,,,"{""solve"": {""linprog_runtime"": 0.02676769415847957}, ""validation"": {}}"
mkp,binary,max,weish06,bsma_v1_008,1,147162309,5557,True,True,False,5557,True,0,best_known_reached,5.615007206099108,0.1124863219447434,20020,,,"{""solve"": {""linprog_runtime"": 0.1124863219447434}, ""validation"": {}}"
mkp,binary,max,weish07,bsma_v1_008,1,592349587,5567,True,True,False,5567,True,0,best_known_reached,2.108728492865339,0.17415895592421293,20020,,,"{""solve"": {""linprog_runtime"": 0.17415895592421293}, ""validation"": {}}"
mkp,binary,max,weish08,bsma_v1_008,1,2017880792,5605,True,True,False,5605,True,0,best_known_reached,118.34027070691809,0.03579379804432392,20020,,,"{""solve"": {""linprog_runtime"": 0.03579379804432392}, ""validation"": {}}"
mkp,binary,max,weish09,bsma_v1_008,1,2030193097,5246,True,True,False,5246,True,0,best_known_reached,2.5025880951434374,0.06403908389620483,20020,,,"{""solve"": {""linprog_runtime"": 0.06403908389620483}, ""validation"": {}}"
mkp,binary,max,weish10,bsma_v1_008,1,1367315201,6339,True,True,False,6339,True,0,best_known_reached,6.545210665091872,0.05177282798103988,20020,,,"{""solve"": {""linprog_runtime"": 0.05177282798103988}, ""validation"": {}}"
mkp,binary,max,weish11,bsma_v1_008,1,839415973,5643,True,True,False,5643,True,0,best_known_reached,1.4290611681062728,0.027168092085048556,20020,,,"{""solve"": {""linprog_runtime"": 0.027168092085048556}, ""validation"": {}}"
mkp,binary,max,weish12,bsma_v1_008,1,1778864903,6339,True,True,False,6339,True,0,best_known_reached,90.77672854810953,0.10204174905084074,20020,,,"{""solve"": {""linprog_runtime"": 0.10204174905084074}, ""validation"": {}}"
mkp,binary,max,weish13,bsma_v1_008,1,1016384456,6159,True,True,False,6159,True,0,best_known_reached,5.802700967993587,0.10256971302442253,20020,,,"{""solve"": {""linprog_runtime"": 0.10256971302442253}, ""validation"": {}}"
mkp,binary,max,weish14,bsma_v1_008,1,272374753,6954,True,True,False,6954,True,0,best_known_reached,2.58425732399337,0.28678409405983984,20020,,,"{""solve"": {""linprog_runtime"": 0.28678409405983984}, ""validation"": {}}"
mkp,binary,max,weish15,bsma_v1_008,1,1224618441,7486,True,True,False,7486,True,0,best_known_reached,3.5564330050256103,0.08251689607277513,20020,,,"{""solve"": {""linprog_runtime"": 0.08251689607277513}, ""validation"": {}}"
mkp,binary,max,weish16,bsma_v1_008,1,955770535,7289,True,True,False,7289,True,0,best_known_reached,5.410486096981913,0.020343198906630278,20020,,,"{""solve"": {""linprog_runtime"": 0.020343198906630278}, ""validation"": {}}"
mkp,binary,max,weish17,bsma_v1_008,1,1815659669,8633,True,True,False,8633,True,0,best_known_reached,55.2694647971075,0.059879599837586284,20020,,,"{""solve"": {""linprog_runtime"": 0.059879599837586284}, ""validation"": {}}"
mkp,binary,max,weish18,bsma_v1_008,1,1236978861,9580,True,True,False,9580,True,0,best_known_reached,212.29827749403194,0.0224781041033566,20020,,,"{""solve"": {""linprog_runtime"": 0.0224781041033566}, ""validation"": {}}"
mkp,binary,max,weish19,bsma_v1_008,1,865860003,7698,True,True,False,7698,True,0,best_known_reached,2.9097740889992565,0.04004969401285052,20020,,,"{""solve"": {""linprog_runtime"": 0.04004969401285052}, ""validation"": {}}"
mkp,binary,max,weish20,bsma_v1_008,1,2023937695,9450,True,True,False,9450,True,0,best_known_reached,126.39826358784921,0.08882860699668527,20020,,,"{""solve"": {""linprog_runtime"": 0.08882860699668527}, ""validation"": {}}"
mkp,binary,max,weish21,bsma_v1_008,1,1585028635,9074,True,True,False,9074,True,0,best_known_reached,119.62939033587463,0.05621489812619984,20020,,,"{""solve"": {""linprog_runtime"": 0.05621489812619984}, ""validation"": {}}"
mkp,binary,max,weish22,bsma_v1_008,1,193901011,8947,True,True,False,8947,True,0,best_known_reached,566.4419333599508,0.09182827896438539,20020,,,"{""solve"": {""linprog_runtime"": 0.09182827896438539}, ""validation"": {}}"
mkp,binary,max,weish23,bsma_v1_008,1,490890073,8344,True,True,False,8344,True,0,best_known_reached,10.557130789849907,0.03592912503518164,20020,,,"{""solve"": {""linprog_runtime"": 0.03592912503518164}, ""validation"": {}}"
mkp,binary,max,weish24,bsma_v1_008,1,855951019,10215,True,True,False,10220,False,5,max_iterations_reached,1290.5914350368548,0.044057044899091125,20020,,,"{""solve"": {""linprog_runtime"": 0.044057044899091125}, ""validation"": {}}"
mkp,binary,max,weish25,bsma_v1_008,1,1146350841,9939,True,True,False,9939,True,0,best_known_reached,277.8757873729337,0.04189870390109718,20020,,,"{""solve"": {""linprog_runtime"": 0.04189870390109718}, ""validation"": {}}"
mkp,binary,max,weish26,bsma_v1_008,1,755495212,9584,True,True,False,9584,True,0,best_known_reached,13.066386700142175,0.04117246996611357,20020,,,"{""solve"": {""linprog_runtime"": 0.04117246996611357}, ""validation"": {}}"
mkp,binary,max,weish27,bsma_v1_008,1,1009247308,9819,True,True,False,9819,True,0,best_known_reached,9.25182768306695,0.020899513037875295,20020,,,"{""solve"": {""linprog_runtime"": 0.020899513037875295}, ""validation"": {}}"
mkp,binary,max,weish28,bsma_v1_008,1,577530081,9492,True,True,False,9492,True,0,best_known_reached,1.9707657180260867,0.027512707049027085,20020,,,"{""solve"": {""linprog_runtime"": 0.027512707049027085}, ""validation"": {}}"
mkp,binary,max,weish29,bsma_v1_008,1,1670031550,9410,True,True,False,9410,True,0,best_known_reached,8.013793224934489,0.02055388200096786,20020,,,"{""solve"": {""linprog_runtime"": 0.02055388200096786}, ""validation"": {}}"
mkp,binary,max,weish30,bsma_v1_008,1,1517012400,11191,True,True,False,11191,True,0,best_known_reached,73.95210636593401,0.01979598612524569,20020,,,"{""solve"": {""linprog_runtime"": 0.01979598612524569}, ""validation"": {}}"
mkp,binary,max,weish01,bsma_v1_008,2,1752238328,4554,True,True,False,4554,True,0,best_known_reached,1.2112791100516915,0.05751074384897947,20020,,,"{""solve"": {""linprog_runtime"": 0.05751074384897947}, ""validation"": {}}"
mkp,binary,max,weish02,bsma_v1_008,2,1351852846,4536,True,True,False,4536,True,0,best_known_reached,2.4102447309996933,0.0749750561080873,20020,,,"{""solve"": {""linprog_runtime"": 0.0749750561080873}, ""validation"": {}}"
mkp,binary,max,weish03,bsma_v1_008,2,1903420698,4115,True,True,False,4115,True,0,best_known_reached,6.322795724961907,0.3404536040034145,20020,,,"{""solve"": {""linprog_runtime"": 0.3404536040034145}, ""validation"": {}}"
mkp,binary,max,weish04,bsma_v1_008,2,1486362410,4561,True,True,False,4561,True,0,best_known_reached,1.0002970299683511,0.053308596136048436,20020,,,"{""solve"": {""linprog_runtime"": 0.053308596136048436}, ""validation"": {}}"
mkp,binary,max,weish05,bsma_v1_008,2,2069740121,4514,True,True,False,4514,True,0,best_known_reached,1.790141643024981,0.1723472869489342,20020,,,"{""solve"": {""linprog_runtime"": 0.1723472869489342}, ""validation"": {}}"
mkp,binary,max,weish06,bsma_v1_008,2,510080448,5557,True,True,False,5557,True,0,best_known_reached,4.541316335089505,0.1260557861533016,20020,,,"{""solve"": {""linprog_runtime"": 0.1260557861533016}, ""validation"": {}}"
mkp,binary,max,weish07,bsma_v1_008,2,141265890,5567,True,True,False,5567,True,0,best_known_reached,10.89686972904019,0.017525296891108155,20020,,,"{""solve"": {""linprog_runtime"": 0.017525296891108155}, ""validation"": {}}"
mkp,binary,max,weish08,bsma_v1_008,2,651075015,5605,True,True,False,5605,True,0,best_known_reached,22.3991355530452,0.0650433839764446,20020,,,"{""solve"": {""linprog_runtime"": 0.0650433839764446}, ""validation"": {}}"
mkp,binary,max,weish09,bsma_v1_008,2,641842095,5246,True,True,False,5246,True,0,best_known_reached,2.6717475820332766,0.044099284103140235,20020,,,"{""solve"": {""linprog_runtime"": 0.044099284103140235}, ""validation"": {}}"
mkp,binary,max,weish10,bsma_v1_008,2,2132034875,6339,True,True,False,6339,True,0,best_known_reached,16.449073364026845,0.18058760394342244,20020,,,"{""solve"": {""linprog_runtime"": 0.18058760394342244}, ""validation"": {}}"
mkp,binary,max,weish11,bsma_v1_008,2,1100575667,5643,True,True,False,5643,True,0,best_known_reached,2.0781663169618696,0.13717767084017396,20020,,,"{""solve"": {""linprog_runtime"": 0.13717767084017396}, ""validation"": {}}"
mkp,binary,max,weish12,bsma_v1_008,2,1730598967,6339,True,True,False,6339,True,0,best_known_reached,2.868414778029546,0.10458945296704769,20020,,,"{""solve"": {""linprog_runtime"": 0.10458945296704769}, ""validation"": {}}"
mkp,binary,max,weish13,bsma_v1_008,2,658610776,6159,True,True,False,6159,True,0,best_known_reached,2.163751520914957,0.017628097906708717,20020,,,"{""solve"": {""linprog_runtime"": 0.017628097906708717}, ""validation"": {}}"
mkp,binary,max,weish14,bsma_v1_008,2,1309079663,6954,True,True,False,6954,True,0,best_known_reached,4.319017014000565,0.06718128989450634,20020,,,"{""solve"": {""linprog_runtime"": 0.06718128989450634}, ""validation"": {}}"
mkp,binary,max,weish15,bsma_v1_008,2,33216727,7486,True,True,False,7486,True,0,best_known_reached,194.39967390196398,0.17105145403183997,20020,,,"{""solve"": {""linprog_runtime"": 0.17105145403183997}, ""validation"": {}}"
mkp,binary,max,weish16,bsma_v1_008,2,1732193439,7289,True,True,False,7289,True,0,best_known_reached,172.7291409270838,0.11277487594634295,20020,,,"{""solve"": {""linprog_runtime"": 0.11277487594634295}, ""validation"": {}}"
mkp,binary,max,weish17,bsma_v1_008,2,337333849,8633,True,True,False,8633,True,0,best_known_reached,24.469193320022896,0.1079445369541645,20020,,,"{""solve"": {""linprog_runtime"": 0.1079445369541645}, ""validation"": {}}"
mkp,binary,max,weish18,bsma_v1_008,2,1345111463,9580,True,True,False,9580,True,0,best_known_reached,428.4985217920039,0.03532649599947035,20020,,,"{""solve"": {""linprog_runtime"": 0.03532649599947035}, ""validation"": {}}"
mkp,binary,max,weish19,bsma_v1_008,2,368721273,7698,True,True,False,7698,True,0,best_known_reached,4.693345605162904,0.06371522508561611,20020,,,"{""solve"": {""linprog_runtime"": 0.06371522508561611}, ""validation"": {}}"
mkp,binary,max,weish20,bsma_v1_008,2,916717150,9450,True,True,False,9450,True,0,best_known_reached,9.314119959948584,0.026159966131672263,20020,,,"{""solve"": {""linprog_runtime"": 0.026159966131672263}, ""validation"": {}}"
mkp,binary,max,weish21,bsma_v1_008,2,1070651870,9074,True,True,False,9074,True,0,best_known_reached,31.346981745911762,0.032411946915090084,20020,,,"{""solve"": {""linprog_runtime"": 0.032411946915090084}, ""validation"": {}}"
mkp,binary,max,weish22,bsma_v1_008,2,748260028,8947,True,True,False,8947,True,0,best_known_reached,696.474266895093,0.057843639981001616,20020,,,"{""solve"": {""linprog_runtime"": 0.057843639981001616}, ""validation"": {}}"
mkp,binary,max,weish23,bsma_v1_008,2,1047743364,8344,True,True,False,8344,True,0,best_known_reached,21.70452205487527,0.06542497896589339,20020,,,"{""solve"": {""linprog_runtime"": 0.06542497896589339}, ""validation"": {}}"
mkp,binary,max,weish24,bsma_v1_008,2,150947871,10220,True,True,False,10220,True,0,best_known_reached,163.50964405108243,0.02660397393628955,20020,,,"{""solve"": {""linprog_runtime"": 0.02660397393628955}, ""validation"": {}}"
mkp,binary,max,weish25,bsma_v1_008,2,1369534230,9939,True,True,False,9939,True,0,best_known_reached,462.4049306998495,0.044623501831665635,20020,,,"{""solve"": {""linprog_runtime"": 0.044623501831665635}, ""validation"": {}}"
mkp,binary,max,weish26,bsma_v1_008,2,1713950271,9584,True,True,False,9584,True,0,best_known_reached,78.7477688670624,0.048887576907873154,20020,,,"{""solve"": {""linprog_runtime"": 0.048887576907873154}, ""validation"": {}}"
mkp,binary,max,weish27,bsma_v1_008,2,530468129,9819,True,True,False,9819,True,0,best_known_reached,9.40175228798762,0.028863393934443593,20020,,,"{""solve"": {""linprog_runtime"": 0.028863393934443593}, ""validation"": {}}"
mkp,binary,max,weish28,bsma_v1_008,2,335749896,9492,True,True,False,9492,True,0,best_known_reached,1.7207676160614938,0.018747693859040737,20020,,,"{""solve"": {""linprog_runtime"": 0.018747693859040737}, ""validation"": {}}"
mkp,binary,max,weish29,bsma_v1_008,2,1689641492,9410,True,True,False,9410,True,0,best_known_reached,13.960160384885967,0.10398527304641902,20020,,,"{""solve"": {""linprog_runtime"": 0.10398527304641902}, ""validation"": {}}"
mkp,binary,max,weish30,bsma_v1_008,2,1474062992,11191,True,True,False,11191,True,0,best_known_reached,480.7477330809925,0.036454686895012856,20020,,,"{""solve"": {""linprog_runtime"": 0.036454686895012856}, ""validation"": {}}"
mkp,binary,max,weish01,bsma_v1_008,3,1015094847,4554,True,True,False,4554,True,0,best_known_reached,1.7001041718758643,0.06850835192017257,20020,,,"{""solve"": {""linprog_runtime"": 0.06850835192017257}, ""validation"": {}}"
mkp,binary,max,weish02,bsma_v1_008,3,1429714095,4536,True,True,False,4536,True,0,best_known_reached,14.003649483900517,0.05572094116359949,20020,,,"{""solve"": {""linprog_runtime"": 0.05572094116359949}, ""validation"": {}}"
mkp,binary,max,weish03,bsma_v1_008,3,728482889,4115,True,True,False,4115,True,0,best_known_reached,4.319745603948832,0.06054149009287357,20020,,,"{""solve"": {""linprog_runtime"": 0.06054149009287357}, ""validation"": {}}"
mkp,binary,max,weish04,bsma_v1_008,3,1516123380,4561,True,True,False,4561,True,0,best_known_reached,1.6013724110089242,0.09325477993115783,20020,,,"{""solve"": {""linprog_runtime"": 0.09325477993115783}, ""validation"": {}}"
mkp,binary,max,weish05,bsma_v1_008,3,170424007,4514,True,True,False,4514,True,0,best_known_reached,1.7957255530636758,0.15102592995390296,20020,,,"{""solve"": {""linprog_runtime"": 0.15102592995390296}, ""validation"": {}}"
mkp,binary,max,weish06,bsma_v1_008,3,1628530770,5557,True,True,False,5557,True,0,best_known_reached,1.824284914880991,0.3096781561616808,20020,,,"{""solve"": {""linprog_runtime"": 0.3096781561616808}, ""validation"": {}}"
mkp,binary,max,weish07,bsma_v1_008,3,1670953463,5567,True,True,False,5567,True,0,best_known_reached,4.8901687890756875,0.021655403077602386,20020,,,"{""solve"": {""linprog_runtime"": 0.021655403077602386}, ""validation"": {}}"
mkp,binary,max,weish08,bsma_v1_008,3,323742734,5605,True,True,False,5605,True,0,best_known_reached,9.843888869974762,0.05027869786135852,20020,,,"{""solve"": {""linprog_runtime"": 0.05027869786135852}, ""validation"": {}}"
mkp,binary,max,weish09,bsma_v1_008,3,260415026,5246,True,True,False,5246,True,0,best_known_reached,2.1374740570317954,0.049247492803260684,20020,,,"{""solve"": {""linprog_runtime"": 0.049247492803260684}, ""validation"": {}}"
mkp,binary,max,weish10,bsma_v1_008,3,2066485248,6339,True,True,False,6339,True,0,best_known_reached,13.187471245182678,0.10321218217723072,20020,,,"{""solve"": {""linprog_runtime"": 0.10321218217723072}, ""validation"": {}}"
mkp,binary,max,weish11,bsma_v1_008,3,973819648,5643,True,True,False,5643,True,0,best_known_reached,1.5956051768735051,0.06844478100538254,20020,,,"{""solve"": {""linprog_runtime"": 0.06844478100538254}, ""validation"": {}}"
mkp,binary,max,weish12,bsma_v1_008,3,616346707,6339,True,True,False,6339,True,0,best_known_reached,77.76577922096476,0.03561214194633067,20020,,,"{""solve"": {""linprog_runtime"": 0.03561214194633067}, ""validation"": {}}"
mkp,binary,max,weish13,bsma_v1_008,3,1395145998,6159,True,True,False,6159,True,0,best_known_reached,2.5396501088980585,0.14306052401661873,20020,,,"{""solve"": {""linprog_runtime"": 0.14306052401661873}, ""validation"": {}}"
mkp,binary,max,weish14,bsma_v1_008,3,1103330312,6954,True,True,False,6954,True,0,best_known_reached,2.602158151101321,0.029659403953701258,20020,,,"{""solve"": {""linprog_runtime"": 0.029659403953701258}, ""validation"": {}}"
mkp,binary,max,weish15,bsma_v1_008,3,1707165803,7486,True,True,False,7486,True,0,best_known_reached,140.89157926104963,0.014024602016434073,20020,,,"{""solve"": {""linprog_runtime"": 0.014024602016434073}, ""validation"": {}}"
mkp,binary,max,weish16,bsma_v1_008,3,2000819353,7289,True,True,False,7289,True,0,best_known_reached,22.89739894797094,0.05243639484979212,20020,,,"{""solve"": {""linprog_runtime"": 0.05243639484979212}, ""validation"": {}}"
mkp,binary,max,weish17,bsma_v1_008,3,848686395,8633,True,True,False,8633,True,0,best_known_reached,17.476018046960235,0.027544694021344185,20020,,,"{""solve"": {""linprog_runtime"": 0.027544694021344185}, ""validation"": {}}"
mkp,binary,max,weish18,bsma_v1_008,3,207529009,9580,True,True,False,9580,True,0,best_known_reached,125.71274745906703,0.06668811105191708,20020,,,"{""solve"": {""linprog_runtime"": 0.06668811105191708}, ""validation"": {}}"
mkp,binary,max,weish19,bsma_v1_008,3,1819014462,7698,True,True,False,7698,True,0,best_known_reached,5.148892089026049,0.05214631790295243,20020,,,"{""solve"": {""linprog_runtime"": 0.05214631790295243}, ""validation"": {}}"
mkp,binary,max,weish20,bsma_v1_008,3,324682216,9450,True,True,False,9450,True,0,best_known_reached,44.788171753054485,0.1008721929974854,20020,,,"{""solve"": {""linprog_runtime"": 0.1008721929974854}, ""validation"": {}}"
mkp,binary,max,weish21,bsma_v1_008,3,1556925652,9074,True,True,False,9074,True,0,best_known_reached,250.9615505670663,0.06313479389064014,20020,,,"{""solve"": {""linprog_runtime"": 0.06313479389064014}, ""validation"": {}}"
mkp,binary,max,weish22,bsma_v1_008,3,828062537,8947,True,True,False,8947,True,0,best_known_reached,784.9671230199747,0.040212250081822276,20020,,,"{""solve"": {""linprog_runtime"": 0.040212250081822276}, ""validation"": {}}"
mkp,binary,max,weish23,bsma_v1_008,3,779695544,8344,True,True,False,8344,True,0,best_known_reached,4.66083199204877,0.07087512197904289,20020,,,"{""solve"": {""linprog_runtime"": 0.07087512197904289}, ""validation"": {}}"
mkp,binary,max,weish24,bsma_v1_008,3,4058652,10220,True,True,False,10220,True,0,best_known_reached,119.23471687291749,0.03909771307371557,20020,,,"{""solve"": {""linprog_runtime"": 0.03909771307371557}, ""validation"": {}}"
mkp,binary,max,weish25,bsma_v1_008,3,823442173,9939,True,True,False,9939,True,0,best_known_reached,186.57988924719393,0.052867833990603685,20020,,,"{""solve"": {""linprog_runtime"": 0.052867833990603685}, ""validation"": {}}"
mkp,binary,max,weish26,bsma_v1_008,3,2001849767,9584,True,True,False,9584,True,0,best_known_reached,55.85365855693817,0.07946436782367527,20020,,,"{""solve"": {""linprog_runtime"": 0.07946436782367527}, ""validation"": {}}"
mkp,binary,max,weish27,bsma_v1_008,3,1213611322,9819,True,True,False,9819,True,0,best_known_reached,19.181682219961658,0.026971037033945322,20020,,,"{""solve"": {""linprog_runtime"": 0.026971037033945322}, ""validation"": {}}"
mkp,binary,max,weish28,bsma_v1_008,3,422344371,9492,True,True,False,9492,True,0,best_known_reached,3.385832075960934,0.044588366989046335,20020,,,"{""solve"": {""linprog_runtime"": 0.044588366989046335}, ""validation"": {}}"
mkp,binary,max,weish29,bsma_v1_008,3,609964639,9410,True,True,False,9410,True,0,best_known_reached,34.26107101584785,0.026944377925246954,20020,,,"{""solve"": {""linprog_runtime"": 0.026944377925246954}, ""validation"": {}}"
mkp,binary,max,weish30,bsma_v1_008,3,1669663651,11191,True,True,False,11191,True,0,best_known_reached,223.78446954209358,0.03909058985300362,20020,,,"{""solve"": {""linprog_runtime"": 0.03909058985300362}, ""validation"": {}}"
mkp,binary,max,weish01,bsma_v1_008,4,1550472258,4554,True,True,False,4554,True,0,best_known_reached,1.138513854937628,0.2116505599115044,20020,,,"{""solve"": {""linprog_runtime"": 0.2116505599115044}, ""validation"": {}}"
mkp,binary,max,weish02,bsma_v1_008,4,968657842,4536,True,True,False,4536,True,0,best_known_reached,4.110874206991866,0.03723712801001966,20020,,,"{""solve"": {""linprog_runtime"": 0.03723712801001966}, ""validation"": {}}"
mkp,binary,max,weish03,bsma_v1_008,4,622557219,4115,True,True,False,4115,True,0,best_known_reached,3.2721751930657774,0.029120762832462788,20020,,,"{""solve"": {""linprog_runtime"": 0.029120762832462788}, ""validation"": {}}"
mkp,binary,max,weish04,bsma_v1_008,4,1106918113,4561,True,True,False,4561,True,0,best_known_reached,0.6717114669736475,0.03276899899356067,20020,,,"{""solve"": {""linprog_runtime"": 0.03276899899356067}, ""validation"": {}}"
mkp,binary,max,weish05,bsma_v1_008,4,1574607384,4514,True,True,False,4514,True,0,best_known_reached,0.7447309570852667,0.04073389805853367,20020,,,"{""solve"": {""linprog_runtime"": 0.04073389805853367}, ""validation"": {}}"
mkp,binary,max,weish06,bsma_v1_008,4,2127490825,5557,True,True,False,5557,True,0,best_known_reached,3.365737910848111,0.015068099135532975,20020,,,"{""solve"": {""linprog_runtime"": 0.015068099135532975}, ""validation"": {}}"
mkp,binary,max,weish07,bsma_v1_008,4,1669313312,5567,True,True,False,5567,True,0,best_known_reached,2.1677327011711895,0.15555258095264435,20020,,,"{""solve"": {""linprog_runtime"": 0.15555258095264435}, ""validation"": {}}"
mkp,binary,max,weish08,bsma_v1_008,4,1505357643,5605,True,True,False,5605,True,0,best_known_reached,117.9131828150712,0.017146597150713205,20020,,,"{""solve"": {""linprog_runtime"": 0.017146597150713205}, ""validation"": {}}"
mkp,binary,max,weish09,bsma_v1_008,4,40151138,5246,True,True,False,5246,True,0,best_known_reached,1.599051077850163,0.08016368793323636,20020,,,"{""solve"": {""linprog_runtime"": 0.08016368793323636}, ""validation"": {}}"
mkp,binary,max,weish10,bsma_v1_008,4,91974730,6339,True,True,False,6339,True,0,best_known_reached,1.0828427788801491,0.029555104905739427,20020,,,"{""solve"": {""linprog_runtime"": 0.029555104905739427}, ""validation"": {}}"
mkp,binary,max,weish11,bsma_v1_008,4,1163457228,5643,True,True,False,5643,True,0,best_known_reached,3.0124798349570483,0.04910010797902942,20020,,,"{""solve"": {""linprog_runtime"": 0.04910010797902942}, ""validation"": {}}"
mkp,binary,max,weish12,bsma_v1_008,4,788829563,6339,True,True,False,6339,True,0,best_known_reached,4.541104566073045,0.04867490706965327,20020,,,"{""solve"": {""linprog_runtime"": 0.04867490706965327}, ""validation"": {}}"
mkp,binary,max,weish13,bsma_v1_008,4,1117812147,6159,True,True,False,6159,True,0,best_known_reached,6.36838251282461,0.03732699295505881,20020,,,"{""solve"": {""linprog_runtime"": 0.03732699295505881}, ""validation"": {}}"
mkp,binary,max,weish14,bsma_v1_008,4,1812468372,6954,True,True,False,6954,True,0,best_known_reached,2.8661378789693117,0.024414993822574615,20020,,,"{""solve"": {""linprog_runtime"": 0.024414993822574615}, ""validation"": {}}"
mkp,binary,max,weish15,bsma_v1_008,4,2088313160,7486,True,True,False,7486,True,0,best_known_reached,1191.516832669964,0.04884972609579563,20020,,,"{""solve"": {""linprog_runtime"": 0.04884972609579563}, ""validation"": {}}"
mkp,binary,max,weish16,bsma_v1_008,4,2022055705,7289,True,True,False,7289,True,0,best_known_reached,173.29444216401316,0.048788934014737606,20020,,,"{""solve"": {""linprog_runtime"": 0.048788934014737606}, ""validation"": {}}"
mkp,binary,max,weish17,bsma_v1_008,4,2109178540,8633,True,True,False,8633,True,0,best_known_reached,5.21007670997642,0.03911254508420825,20020,,,"{""solve"": {""linprog_runtime"": 0.03911254508420825}, ""validation"": {}}"
mkp,binary,max,weish18,bsma_v1_008,4,1775500568,9580,True,True,False,9580,True,0,best_known_reached,49.371962796896696,0.039575058966875076,20020,,,"{""solve"": {""linprog_runtime"": 0.039575058966875076}, ""validation"": {}}"
mkp,binary,max,weish19,bsma_v1_008,4,1459876764,7698,True,True,False,7698,True,0,best_known_reached,1.653020819183439,0.03507246309891343,20020,,,"{""solve"": {""linprog_runtime"": 0.03507246309891343}, ""validation"": {}}"
mkp,binary,max,weish20,bsma_v1_008,4,790925886,9450,True,True,False,9450,True,0,best_known_reached,10.650498389964923,0.047767036128789186,20020,,,"{""solve"": {""linprog_runtime"": 0.047767036128789186}, ""validation"": {}}"
mkp,binary,max,weish21,bsma_v1_008,4,1044151210,9074,True,True,False,9074,True,0,best_known_reached,23.70930440304801,0.06900100782513618,20020,,,"{""solve"": {""linprog_runtime"": 0.06900100782513618}, ""validation"": {}}"
mkp,binary,max,weish22,bsma_v1_008,4,1828888744,8947,True,True,False,8947,True,0,best_known_reached,18.439456792082638,0.039066242054104805,20020,,,"{""solve"": {""linprog_runtime"": 0.039066242054104805}, ""validation"": {}}"
mkp,binary,max,weish23,bsma_v1_008,4,1164645011,8344,True,True,False,8344,True,0,best_known_reached,36.90229109209031,0.01769771589897573,20020,,,"{""solve"": {""linprog_runtime"": 0.01769771589897573}, ""validation"": {}}"
mkp,binary,max,weish24,bsma_v1_008,4,1869407540,10220,True,True,False,10220,True,0,best_known_reached,672.9309999691322,0.018928583012893796,20020,,,"{""solve"": {""linprog_runtime"": 0.018928583012893796}, ""validation"": {}}"
mkp,binary,max,weish25,bsma_v1_008,4,66990284,9939,True,True,False,9939,True,0,best_known_reached,50.35214562504552,0.019582100911065936,20020,,,"{""solve"": {""linprog_runtime"": 0.019582100911065936}, ""validation"": {}}"
mkp,binary,max,weish26,bsma_v1_008,4,1699917959,9584,True,True,False,9584,True,0,best_known_reached,4.683547873981297,0.0504034839104861,20020,,,"{""solve"": {""linprog_runtime"": 0.0504034839104861}, ""validation"": {}}"
mkp,binary,max,weish27,bsma_v1_008,4,500676321,9819,True,True,False,9819,True,0,best_known_reached,40.85295690596104,0.03260040795430541,20020,,,"{""solve"": {""linprog_runtime"": 0.03260040795430541}, ""validation"": {}}"
mkp,binary,max,weish28,bsma_v1_008,4,114887701,9492,True,True,False,9492,True,0,best_known_reached,4.594780307030305,0.04014658788219094,20020,,,"{""solve"": {""linprog_runtime"": 0.04014658788219094}, ""validation"": {}}"
mkp,binary,max,weish29,bsma_v1_008,4,1309247072,9410,True,True,False,9410,True,0,best_known_reached,2.0882854969240725,0.05572398495860398,20020,,,"{""solve"": {""linprog_runtime"": 0.05572398495860398}, ""validation"": {}}"
mkp,binary,max,weish30,bsma_v1_008,4,1692896761,11191,True,True,False,11191,True,0,best_known_reached,71.9543603011407,0.021604293957352638,20020,,,"{""solve"": {""linprog_runtime"": 0.021604293957352638}, ""validation"": {}}"
mkp,binary,max,weish01,bsma_v1_008,5,991279141,4554,True,True,False,4554,True,0,best_known_reached,1.2338981258217245,0.08525436418130994,20020,,,"{""solve"": {""linprog_runtime"": 0.08525436418130994}, ""validation"": {}}"
mkp,binary,max,weish02,bsma_v1_008,5,1452595594,4536,True,True,False,4536,True,0,best_known_reached,3.5698167320806533,0.020713215926662087,20020,,,"{""solve"": {""linprog_runtime"": 0.020713215926662087}, ""validation"": {}}"
mkp,binary,max,weish03,bsma_v1_008,5,95827612,4115,True,True,False,4115,True,0,best_known_reached,1.076252806931734,0.05935914092697203,20020,,,"{""solve"": {""linprog_runtime"": 0.05935914092697203}, ""validation"": {}}"
mkp,binary,max,weish04,bsma_v1_008,5,1789066337,4561,True,True,False,4561,True,0,best_known_reached,1.1087116450071335,0.053358413046225905,20020,,,"{""solve"": {""linprog_runtime"": 0.053358413046225905}, ""validation"": {}}"
mkp,binary,max,weish05,bsma_v1_008,5,202082383,4514,True,True,False,4514,True,0,best_known_reached,1.2167124599218369,0.09309659502469003,20020,,,"{""solve"": {""linprog_runtime"": 0.09309659502469003}, ""validation"": {}}"
mkp,binary,max,weish06,bsma_v1_008,5,1943111878,5557,True,True,False,5557,True,0,best_known_reached,1.8277786059770733,0.07521209702827036,20020,,,"{""solve"": {""linprog_runtime"": 0.07521209702827036}, ""validation"": {}}"
mkp,binary,max,weish07,bsma_v1_008,5,2123859930,5567,True,True,False,5567,True,0,best_known_reached,9.521572484867647,0.18977448786608875,20020,,,"{""solve"": {""linprog_runtime"": 0.18977448786608875}, ""validation"": {}}"
mkp,binary,max,weish08,bsma_v1_008,5,1947229908,5605,True,True,False,5605,True,0,best_known_reached,72.39203069801442,0.04365129116922617,20020,,,"{""solve"": {""linprog_runtime"": 0.04365129116922617}, ""validation"": {}}"
mkp,binary,max,weish09,bsma_v1_008,5,1636891854,5246,True,True,False,5246,True,0,best_known_reached,1.8932515839114785,0.05828098696656525,20020,,,"{""solve"": {""linprog_runtime"": 0.05828098696656525}, ""validation"": {}}"
mkp,binary,max,weish10,bsma_v1_008,5,226775451,6339,True,True,False,6339,True,0,best_known_reached,3.949011854827404,0.09220677916891873,20020,,,"{""solve"": {""linprog_runtime"": 0.09220677916891873}, ""validation"": {}}"
mkp,binary,max,weish11,bsma_v1_008,5,1192323563,5643,True,True,False,5643,True,0,best_known_reached,1.8969299760647118,0.05400231690146029,20020,,,"{""solve"": {""linprog_runtime"": 0.05400231690146029}, ""validation"": {}}"
mkp,binary,max,weish12,bsma_v1_008,5,482294131,6339,True,True,False,6339,True,0,best_known_reached,89.62270075082779,0.06552301906049252,20020,,,"{""solve"": {""linprog_runtime"": 0.06552301906049252}, ""validation"": {}}"
mkp,binary,max,weish13,bsma_v1_008,5,1509150508,6159,True,True,False,6159,True,0,best_known_reached,1.619158532936126,0.019144000951200724,20020,,,"{""solve"": {""linprog_runtime"": 0.019144000951200724}, ""validation"": {}}"
mkp,binary,max,weish14,bsma_v1_008,5,1738673533,6954,True,True,False,6954,True,0,best_known_reached,4.417942780070007,0.08239949797280133,20020,,,"{""solve"": {""linprog_runtime"": 0.08239949797280133}, ""validation"": {}}"
mkp,binary,max,weish15,bsma_v1_008,5,2075268776,7486,True,True,False,7486,True,0,best_known_reached,11.21153942705132,0.13726338394917548,20020,,,"{""solve"": {""linprog_runtime"": 0.13726338394917548}, ""validation"": {}}"
mkp,binary,max,weish16,bsma_v1_008,5,1593084962,7289,True,True,False,7289,True,0,best_known_reached,89.29449965315871,0.03509699204005301,20020,,,"{""solve"": {""linprog_runtime"": 0.03509699204005301}, ""validation"": {}}"
mkp,binary,max,weish17,bsma_v1_008,5,1795917070,8633,True,True,False,8633,True,0,best_known_reached,154.89630752196535,0.1878868518397212,20020,,,"{""solve"": {""linprog_runtime"": 0.1878868518397212}, ""validation"": {}}"
mkp,binary,max,weish18,bsma_v1_008,5,1338849394,9580,True,True,False,9580,True,0,best_known_reached,18.89753313199617,0.07453539595007896,20020,,,"{""solve"": {""linprog_runtime"": 0.07453539595007896}, ""validation"": {}}"
mkp,binary,max,weish19,bsma_v1_008,5,620890949,7698,True,True,False,7698,True,0,best_known_reached,13.088512318907306,0.05478733289055526,20020,,,"{""solve"": {""linprog_runtime"": 0.05478733289055526}, ""validation"": {}}"
mkp,binary,max,weish20,bsma_v1_008,5,522608078,9450,True,True,False,9450,True,0,best_known_reached,48.212937715929,0.02994459797628224,20020,,,"{""solve"": {""linprog_runtime"": 0.02994459797628224}, ""validation"": {}}"
mkp,binary,max,weish21,bsma_v1_008,5,433804834,9074,True,True,False,9074,True,0,best_known_reached,126.73804989899509,0.046935332007706165,20020,,,"{""solve"": {""linprog_runtime"": 0.046935332007706165}, ""validation"": {}}"
mkp,binary,max,weish22,bsma_v1_008,5,1096486888,8947,True,True,False,8947,True,0,best_known_reached,546.6861016310286,0.07558458298444748,20020,,,"{""solve"": {""linprog_runtime"": 0.07558458298444748}, ""validation"": {}}"
mkp,binary,max,weish23,bsma_v1_008,5,557128803,8344,True,True,False,8344,True,0,best_known_reached,50.7441013851203,0.05710983695462346,20020,,,"{""solve"": {""linprog_runtime"": 0.05710983695462346}, ""validation"": {}}"
mkp,binary,max,weish24,bsma_v1_008,5,714151206,10220,True,True,False,10220,True,0,best_known_reached,263.24922180199064,0.0573166380636394,20020,,,"{""solve"": {""linprog_runtime"": 0.0573166380636394}, ""validation"": {}}"
mkp,binary,max,weish25,bsma_v1_008,5,211816735,9923,True,True,False,9939,False,16,max_iterations_reached,1257.0849175120238,0.037618447095155716,20020,,,"{""solve"": {""linprog_runtime"": 0.037618447095155716}, ""validation"": {}}"
mkp,binary,max,weish26,bsma_v1_008,5,334281798,9584,True,True,False,9584,True,0,best_known_reached,3.7311651799827814,0.04573034611530602,20020,,,"{""solve"": {""linprog_runtime"": 0.04573034611530602}, ""validation"": {}}"
mkp,binary,max,weish27,bsma_v1_008,5,781204176,9819,True,True,False,9819,True,0,best_known_reached,73.99855850404128,0.04416960198432207,20020,,,"{""solve"": {""linprog_runtime"": 0.04416960198432207}, ""validation"": {}}"
mkp,binary,max,weish28,bsma_v1_008,5,1591848111,9492,True,True,False,9492,True,0,best_known_reached,8.524649551138282,0.018534858943894506,20020,,,"{""solve"": {""linprog_runtime"": 0.018534858943894506}, ""validation"": {}}"
mkp,binary,max,weish29,bsma_v1_008,5,365767314,9410,True,True,False,9410,True,0,best_known_reached,3.0955933509394526,0.06844934495165944,20020,,,"{""solve"": {""linprog_runtime"": 0.06844934495165944}, ""validation"": {}}"
mkp,binary,max,weish30,bsma_v1_008,5,517943124,11191,True,True,False,11191,True,0,best_known_reached,42.250968031119555,0.018344589043408632,20020,,,"{""solve"": {""linprog_runtime"": 0.018344589043408632}, ""validation"": {}}"
mkp,binary,max,weish01,bsma_v1_008,6,62644833,4554,True,True,False,4554,True,0,best_known_reached,11.171664049150422,0.1903716439846903,20020,,,"{""solve"": {""linprog_runtime"": 0.1903716439846903}, ""validation"": {}}"
mkp,binary,max,weish02,bsma_v1_008,6,2079055134,4536,True,True,False,4536,True,0,best_known_reached,1.0554567100480199,0.035143897170200944,20020,,,"{""solve"": {""linprog_runtime"": 0.035143897170200944}, ""validation"": {}}"
mkp,binary,max,weish03,bsma_v1_008,6,677080619,4115,True,True,False,4115,True,0,best_known_reached,12.785558490082622,0.1955144819803536,20020,,,"{""solve"": {""linprog_runtime"": 0.1955144819803536}, ""validation"": {}}"
mkp,binary,max,weish04,bsma_v1_008,6,752103524,4561,True,True,False,4561,True,0,best_known_reached,0.9037559449207038,0.07322571193799376,20020,,,"{""solve"": {""linprog_runtime"": 0.07322571193799376}, ""validation"": {}}"
mkp,binary,max,weish05,bsma_v1_008,6,467432574,4514,True,True,False,4514,True,0,best_known_reached,1.2198621360585093,0.12816021987237036,20020,,,"{""solve"": {""linprog_runtime"": 0.12816021987237036}, ""validation"": {}}"
mkp,binary,max,weish06,bsma_v1_008,6,537661318,5557,True,True,False,5557,True,0,best_known_reached,5.8237761000636965,0.03423369210213423,20020,,,"{""solve"": {""linprog_runtime"": 0.03423369210213423}, ""validation"": {}}"
mkp,binary,max,weish07,bsma_v1_008,6,2098015288,5567,True,True,False,5567,True,0,best_known_reached,5.7215348340105265,0.05621989513747394,20020,,,"{""solve"": {""linprog_runtime"": 0.05621989513747394}, ""validation"": {}}"
mkp,binary,max,weish08,bsma_v1_008,6,1897068976,5605,True,True,False,5605,True,0,best_known_reached,135.30275136884302,0.11998738395050168,20020,,,"{""solve"": {""linprog_runtime"": 0.11998738395050168}, ""validation"": {}}"
mkp,binary,max,weish09,bsma_v1_008,6,1585418939,5246,True,True,False,5246,True,0,best_known_reached,1.2805469289887697,0.01764630083926022,20020,,,"{""solve"": {""linprog_runtime"": 0.01764630083926022}, ""validation"": {}}"
mkp,binary,max,weish10,bsma_v1_008,6,1080254994,6339,True,True,False,6339,True,0,best_known_reached,21.718760946998373,0.05214990209788084,20020,,,"{""solve"": {""linprog_runtime"": 0.05214990209788084}, ""validation"": {}}"
mkp,binary,max,weish11,bsma_v1_008,6,999109928,5643,True,True,False,5643,True,0,best_known_reached,2.958923258120194,0.035104796057567,20020,,,"{""solve"": {""linprog_runtime"": 0.035104796057567}, ""validation"": {}}"
mkp,binary,max,weish12,bsma_v1_008,6,2084160782,6339,True,True,False,6339,True,0,best_known_reached,172.5954796001315,0.04853759193792939,20020,,,"{""solve"": {""linprog_runtime"": 0.04853759193792939}, ""validation"": {}}"
mkp,binary,max,weish13,bsma_v1_008,6,2079299873,6159,True,True,False,6159,True,0,best_known_reached,2.272723472910002,0.0452382848598063,20020,,,"{""solve"": {""linprog_runtime"": 0.0452382848598063}, ""validation"": {}}"
mkp,binary,max,weish14,bsma_v1_008,6,1869340773,6954,True,True,False,6954,True,0,best_known_reached,58.28450720803812,0.12021185993216932,20020,,,"{""solve"": {""linprog_runtime"": 0.12021185993216932}, ""validation"": {}}"
mkp,binary,max,weish15,bsma_v1_008,6,2014716520,7486,True,True,False,7486,True,0,best_known_reached,100.09990886086598,0.06288998201489449,20020,,,"{""solve"": {""linprog_runtime"": 0.06288998201489449}, ""validation"": {}}"
mkp,binary,max,weish16,bsma_v1_008,6,726003709,7289,True,True,False,7289,True,0,best_known_reached,110.98254046100192,0.03450972284190357,20020,,,"{""solve"": {""linprog_runtime"": 0.03450972284190357}, ""validation"": {}}"
mkp,binary,max,weish17,bsma_v1_008,6,982120668,8633,True,True,False,8633,True,0,best_known_reached,51.20450711506419,0.06358488905243576,20020,,,"{""solve"": {""linprog_runtime"": 0.06358488905243576}, ""validation"": {}}"
mkp,binary,max,weish18,bsma_v1_008,6,40580148,9580,True,True,False,9580,True,0,best_known_reached,409.4623877678532,0.05563100310973823,20020,,,"{""solve"": {""linprog_runtime"": 0.05563100310973823}, ""validation"": {}}"
mkp,binary,max,weish19,bsma_v1_008,6,1304355664,7698,True,True,False,7698,True,0,best_known_reached,4.954193726880476,0.029628012096509337,20020,,,"{""solve"": {""linprog_runtime"": 0.029628012096509337}, ""validation"": {}}"
mkp,binary,max,weish20,bsma_v1_008,6,989153996,9450,True,True,False,9450,True,0,best_known_reached,14.54993342794478,0.022934912936761975,20020,,,"{""solve"": {""linprog_runtime"": 0.022934912936761975}, ""validation"": {}}"
mkp,binary,max,weish21,bsma_v1_008,6,1534759873,9074,True,True,False,9074,True,0,best_known_reached,58.09863233496435,0.054930518846958876,20020,,,"{""solve"": {""linprog_runtime"": 0.054930518846958876}, ""validation"": {}}"
mkp,binary,max,weish22,bsma_v1_008,6,645022873,8929,True,True,False,8947,False,18,max_iterations_reached,1320.4942531138659,0.039609092054888606,20020,,,"{""solve"": {""linprog_runtime"": 0.039609092054888606}, ""validation"": {}}"
mkp,binary,max,weish23,bsma_v1_008,6,354587002,8344,True,True,False,8344,True,0,best_known_reached,168.18187587196007,0.03283462696708739,20020,,,"{""solve"": {""linprog_runtime"": 0.03283462696708739}, ""validation"": {}}"
mkp,binary,max,weish24,bsma_v1_008,6,1790916241,10220,True,True,False,10220,True,0,best_known_reached,353.68937067803927,0.04288549511693418,20020,,,"{""solve"": {""linprog_runtime"": 0.04288549511693418}, ""validation"": {}}"
mkp,binary,max,weish25,bsma_v1_008,6,737872680,9939,True,True,False,9939,True,0,best_known_reached,462.929031037027,0.031365443021059036,20020,,,"{""solve"": {""linprog_runtime"": 0.031365443021059036}, ""validation"": {}}"
mkp,binary,max,weish26,bsma_v1_008,6,1306857609,9584,True,True,False,9584,True,0,best_known_reached,36.34059940697625,0.046970324125140905,20020,,,"{""solve"": {""linprog_runtime"": 0.046970324125140905}, ""validation"": {}}"
mkp,binary,max,weish27,bsma_v1_008,6,828871638,9819,True,True,False,9819,True,0,best_known_reached,15.454471849137917,0.02290215902030468,20020,,,"{""solve"": {""linprog_runtime"": 0.02290215902030468}, ""validation"": {}}"
mkp,binary,max,weish28,bsma_v1_008,6,645969489,9492,True,True,False,9492,True,0,best_known_reached,1.3059177808463573,0.052078483859077096,20020,,,"{""solve"": {""linprog_runtime"": 0.052078483859077096}, ""validation"": {}}"
mkp,binary,max,weish29,bsma_v1_008,6,309306360,9410,True,True,False,9410,True,0,best_known_reached,5.872458240017295,0.029366944916546345,20020,,,"{""solve"": {""linprog_runtime"": 0.029366944916546345}, ""validation"": {}}"
mkp,binary,max,weish30,bsma_v1_008,6,1611058504,11191,True,True,False,11191,True,0,best_known_reached,99.34796002600342,0.02124435012228787,20020,,,"{""solve"": {""linprog_runtime"": 0.02124435012228787}, ""validation"": {}}"
mkp,binary,max,weish01,bsma_v1_008,7,799104359,4554,True,True,False,4554,True,0,best_known_reached,2.7890488910488784,0.14260910800658166,20020,,,"{""solve"": {""linprog_runtime"": 0.14260910800658166}, ""validation"": {}}"
mkp,binary,max,weish02,bsma_v1_008,7,1866566605,4536,True,True,False,4536,True,0,best_known_reached,3.9282431891188025,0.12660686601884663,20020,,,"{""solve"": {""linprog_runtime"": 0.12660686601884663}, ""validation"": {}}"
mkp,binary,max,weish03,bsma_v1_008,7,411036671,4115,True,True,False,4115,True,0,best_known_reached,6.628214552998543,0.018088737968355417,20020,,,"{""solve"": {""linprog_runtime"": 0.018088737968355417}, ""validation"": {}}"
mkp,binary,max,weish04,bsma_v1_008,7,2071606852,4561,True,True,False,4561,True,0,best_known_reached,0.8560304851271212,0.01704289810732007,20020,,,"{""solve"": {""linprog_runtime"": 0.01704289810732007}, ""validation"": {}}"
mkp,binary,max,weish05,bsma_v1_008,7,2011989415,4514,True,True,False,4514,True,0,best_known_reached,1.3346528010442853,0.11569978413172066,20020,,,"{""solve"": {""linprog_runtime"": 0.11569978413172066}, ""validation"": {}}"
mkp,binary,max,weish06,bsma_v1_008,7,1665114965,5557,True,True,False,5557,True,0,best_known_reached,1.78589269798249,0.014334596926346421,20020,,,"{""solve"": {""linprog_runtime"": 0.014334596926346421}, ""validation"": {}}"
mkp,binary,max,weish07,bsma_v1_008,7,1237850399,5567,True,True,False,5567,True,0,best_known_reached,3.167298560962081,0.17558806692250073,20020,,,"{""solve"": {""linprog_runtime"": 0.17558806692250073}, ""validation"": {}}"
mkp,binary,max,weish08,bsma_v1_008,7,998129739,5605,True,True,False,5605,True,0,best_known_reached,16.060838969191536,0.10400717612355947,20020,,,"{""solve"": {""linprog_runtime"": 0.10400717612355947}, ""validation"": {}}"
mkp,binary,max,weish09,bsma_v1_008,7,206335628,5246,True,True,False,5246,True,0,best_known_reached,1.8387759409379214,0.1235849829390645,20020,,,"{""solve"": {""linprog_runtime"": 0.1235849829390645}, ""validation"": {}}"
mkp,binary,max,weish10,bsma_v1_008,7,1890729621,6339,True,True,False,6339,True,0,best_known_reached,16.61156415496953,0.05420609307475388,20020,,,"{""solve"": {""linprog_runtime"": 0.05420609307475388}, ""validation"": {}}"
mkp,binary,max,weish11,bsma_v1_008,7,1195236827,5643,True,True,False,5643,True,0,best_known_reached,3.6351912759710103,0.04732255614362657,20020,,,"{""solve"": {""linprog_runtime"": 0.04732255614362657}, ""validation"": {}}"
mkp,binary,max,weish12,bsma_v1_008,7,451315610,6339,True,True,False,6339,True,0,best_known_reached,3.0318458278197795,0.0872007708530873,20020,,,"{""solve"": {""linprog_runtime"": 0.0872007708530873}, ""validation"": {}}"
mkp,binary,max,weish13,bsma_v1_008,7,1836364802,6159,True,True,False,6159,True,0,best_known_reached,1.2468245171476156,0.01650819997303188,20020,,,"{""solve"": {""linprog_runtime"": 0.01650819997303188}, ""validation"": {}}"
mkp,binary,max,weish14,bsma_v1_008,7,1144793013,6954,True,True,False,6954,True,0,best_known_reached,3.565256947185844,0.03363540000282228,20020,,,"{""solve"": {""linprog_runtime"": 0.03363540000282228}, ""validation"": {}}"
mkp,binary,max,weish15,bsma_v1_008,7,1252336082,7486,True,True,False,7486,True,0,best_known_reached,26.265275466023013,0.13848979398608208,20020,,,"{""solve"": {""linprog_runtime"": 0.13848979398608208}, ""validation"": {}}"
mkp,binary,max,weish16,bsma_v1_008,7,1137555650,7289,True,True,False,7289,True,0,best_known_reached,48.65571208484471,0.06396878603845835,20020,,,"{""solve"": {""linprog_runtime"": 0.06396878603845835}, ""validation"": {}}"
mkp,binary,max,weish17,bsma_v1_008,7,1225786415,8633,True,True,False,8633,True,0,best_known_reached,61.79126085015014,0.021917995996773243,20020,,,"{""solve"": {""linprog_runtime"": 0.021917995996773243}, ""validation"": {}}"
mkp,binary,max,weish18,bsma_v1_008,7,48673659,9580,True,True,False,9580,True,0,best_known_reached,103.59660420310684,0.038578693056479096,20020,,,"{""solve"": {""linprog_runtime"": 0.038578693056479096}, ""validation"": {}}"
mkp,binary,max,weish19,bsma_v1_008,7,1868051260,7698,True,True,False,7698,True,0,best_known_reached,1.8657160690054297,0.02970891003496945,20020,,,"{""solve"": {""linprog_runtime"": 0.02970891003496945}, ""validation"": {}}"
mkp,binary,max,weish20,bsma_v1_008,7,588745950,9450,True,True,False,9450,True,0,best_known_reached,65.41624799603596,0.07819972303695977,20020,,,"{""solve"": {""linprog_runtime"": 0.07819972303695977}, ""validation"": {}}"
mkp,binary,max,weish21,bsma_v1_008,7,2075114684,9074,True,True,False,9074,True,0,best_known_reached,49.74099182989448,0.05341388308443129,20020,,,"{""solve"": {""linprog_runtime"": 0.05341388308443129}, ""validation"": {}}"
mkp,binary,max,weish22,bsma_v1_008,7,933360997,8947,True,True,False,8947,True,0,best_known_reached,22.738247324014083,0.1456990612205118,20020,,,"{""solve"": {""linprog_runtime"": 0.1456990612205118}, ""validation"": {}}"
mkp,binary,max,weish23,bsma_v1_008,7,1935945444,8344,True,True,False,8344,True,0,best_known_reached,25.019883660133928,0.0667975228279829,20020,,,"{""solve"": {""linprog_runtime"": 0.0667975228279829}, ""validation"": {}}"
mkp,binary,max,weish24,bsma_v1_008,7,1731033884,10220,True,True,False,10220,True,0,best_known_reached,458.1244158768095,0.03175241895951331,20020,,,"{""solve"": {""linprog_runtime"": 0.03175241895951331}, ""validation"": {}}"
mkp,binary,max,weish25,bsma_v1_008,7,757533930,9939,True,True,False,9939,True,0,best_known_reached,414.40902464906685,0.10040128999389708,20020,,,"{""solve"": {""linprog_runtime"": 0.10040128999389708}, ""validation"": {}}"
mkp,binary,max,weish26,bsma_v1_008,7,1557586536,9584,True,True,False,9584,True,0,best_known_reached,86.86877827998251,0.06600464298389852,20020,,,"{""solve"": {""linprog_runtime"": 0.06600464298389852}, ""validation"": {}}"
mkp,binary,max,weish27,bsma_v1_008,7,432662323,9819,True,True,False,9819,True,0,best_known_reached,3.5455997539684176,0.08516217791475356,20020,,,"{""solve"": {""linprog_runtime"": 0.08516217791475356}, ""validation"": {}}"
mkp,binary,max,weish28,bsma_v1_008,7,857897409,9492,True,True,False,9492,True,0,best_known_reached,3.5407084338366985,0.03574764006771147,20020,,,"{""solve"": {""linprog_runtime"": 0.03574764006771147}, ""validation"": {}}"
mkp,binary,max,weish29,bsma_v1_008,7,1160715446,9410,True,True,False,9410,True,0,best_known_reached,8.683029666077346,0.0349395468365401,20020,,,"{""solve"": {""linprog_runtime"": 0.0349395468365401}, ""validation"": {}}"
mkp,binary,max,weish30,bsma_v1_008,7,39051102,11191,True,True,False,11191,True,0,best_known_reached,114.6990326831583,0.060271403985098004,20020,,,"{""solve"": {""linprog_runtime"": 0.060271403985098004}, ""validation"": {}}"
mkp,binary,max,weish01,bsma_v1_008,8,2048971704,4554,True,True,False,4554,True,0,best_known_reached,6.086792099988088,0.21377226198092103,20020,,,"{""solve"": {""linprog_runtime"": 0.21377226198092103}, ""validation"": {}}"
mkp,binary,max,weish02,bsma_v1_008,8,449412271,4536,True,True,False,4536,True,0,best_known_reached,27.22832396393642,0.05919442605227232,20020,,,"{""solve"": {""linprog_runtime"": 0.05919442605227232}, ""validation"": {}}"
mkp,binary,max,weish03,bsma_v1_008,8,254017362,4115,True,True,False,4115,True,0,best_known_reached,2.23730157292448,0.08719959296286106,20020,,,"{""solve"": {""linprog_runtime"": 0.08719959296286106}, ""validation"": {}}"
mkp,binary,max,weish04,bsma_v1_008,8,1805249812,4561,True,True,False,4561,True,0,best_known_reached,1.3381999270059168,0.056675093015655875,20020,,,"{""solve"": {""linprog_runtime"": 0.056675093015655875}, ""validation"": {}}"
mkp,binary,max,weish05,bsma_v1_008,8,1318863800,4514,True,True,False,4514,True,0,best_known_reached,3.171360259875655,0.05227408395148814,20020,,,"{""solve"": {""linprog_runtime"": 0.05227408395148814}, ""validation"": {}}"
mkp,binary,max,weish06,bsma_v1_008,8,2139068682,5557,True,True,False,5557,True,0,best_known_reached,12.038679250981659,0.022180096013471484,20020,,,"{""solve"": {""linprog_runtime"": 0.022180096013471484}, ""validation"": {}}"
mkp,binary,max,weish07,bsma_v1_008,8,458767370,5567,True,True,False,5567,True,0,best_known_reached,6.596261143917218,0.07023717416450381,20020,,,"{""solve"": {""linprog_runtime"": 0.07023717416450381}, ""validation"": {}}"
mkp,binary,max,weish08,bsma_v1_008,8,253436940,5605,True,True,False,5605,True,0,best_known_reached,14.469109853962436,0.0862505710683763,20020,,,"{""solve"": {""linprog_runtime"": 0.0862505710683763}, ""validation"": {}}"
mkp,binary,max,weish09,bsma_v1_008,8,1093833043,5246,True,True,False,5246,True,0,best_known_reached,2.0910476639401168,0.10370428999885917,20020,,,"{""solve"": {""linprog_runtime"": 0.10370428999885917}, ""validation"": {}}"
mkp,binary,max,weish10,bsma_v1_008,8,393779138,6339,True,True,False,6339,True,0,best_known_reached,31.052376620005816,0.09454428893513978,20020,,,"{""solve"": {""linprog_runtime"": 0.09454428893513978}, ""validation"": {}}"
mkp,binary,max,weish11,bsma_v1_008,8,2092146233,5643,True,True,False,5643,True,0,best_known_reached,1.3692652920726687,0.047670433996245265,20020,,,"{""solve"": {""linprog_runtime"": 0.047670433996245265}, ""validation"": {}}"
mkp,binary,max,weish12,bsma_v1_008,8,848075413,6339,True,True,False,6339,True,0,best_known_reached,350.6183224529959,0.2920687219593674,20020,,,"{""solve"": {""linprog_runtime"": 0.2920687219593674}, ""validation"": {}}"
mkp,binary,max,weish13,bsma_v1_008,8,297458459,6159,True,True,False,6159,True,0,best_known_reached,2.3687448389828205,0.02265644003637135,20020,,,"{""solve"": {""linprog_runtime"": 0.02265644003637135}, ""validation"": {}}"
mkp,binary,max,weish14,bsma_v1_008,8,603032435,6954,True,True,False,6954,True,0,best_known_reached,4.767869727918878,0.03740296489559114,20020,,,"{""solve"": {""linprog_runtime"": 0.03740296489559114}, ""validation"": {}}"
mkp,binary,max,weish15,bsma_v1_008,8,1202101935,7486,True,True,False,7486,True,0,best_known_reached,4.430858494946733,0.05780078796669841,20020,,,"{""solve"": {""linprog_runtime"": 0.05780078796669841}, ""validation"": {}}"
mkp,binary,max,weish16,bsma_v1_008,8,1087810610,7289,True,True,False,7289,True,0,best_known_reached,16.920568661065772,0.07105474290437996,20020,,,"{""solve"": {""linprog_runtime"": 0.07105474290437996}, ""validation"": {}}"
mkp,binary,max,weish17,bsma_v1_008,8,2023155498,8633,True,True,False,8633,True,0,best_known_reached,11.319401928922161,0.06031959503889084,20020,,,"{""solve"": {""linprog_runtime"": 0.06031959503889084}, ""validation"": {}}"
mkp,binary,max,weish18,bsma_v1_008,8,2057969779,9580,True,True,False,9580,True,0,best_known_reached,173.7563031539321,0.03717512194998562,20020,,,"{""solve"": {""linprog_runtime"": 0.03717512194998562}, ""validation"": {}}"
mkp,binary,max,weish19,bsma_v1_008,8,1446704747,7698,True,True,False,7698,True,0,best_known_reached,9.389848791994154,0.06905960687436163,20020,,,"{""solve"": {""linprog_runtime"": 0.06905960687436163}, ""validation"": {}}"
mkp,binary,max,weish20,bsma_v1_008,8,1974818431,9450,True,True,False,9450,True,0,best_known_reached,64.43030706909485,0.08853949909098446,20020,,,"{""solve"": {""linprog_runtime"": 0.08853949909098446}, ""validation"": {}}"
mkp,binary,max,weish21,bsma_v1_008,8,1631580443,9074,True,True,False,9074,True,0,best_known_reached,192.4681219740305,0.15360911400057375,20020,,,"{""solve"": {""linprog_runtime"": 0.15360911400057375}, ""validation"": {}}"
mkp,binary,max,weish22,bsma_v1_008,8,896284802,8947,True,True,False,8947,True,0,best_known_reached,26.266714581055567,0.04793430003337562,20020,,,"{""solve"": {""linprog_runtime"": 0.04793430003337562}, ""validation"": {}}"
mkp,binary,max,weish23,bsma_v1_008,8,1936333117,8344,True,True,False,8344,True,0,best_known_reached,150.5725175999105,0.0250235830899328,20020,,,"{""solve"": {""linprog_runtime"": 0.0250235830899328}, ""validation"": {}}"
mkp,binary,max,weish24,bsma_v1_008,8,32544057,10220,True,True,False,10220,True,0,best_known_reached,94.62378961592913,0.08291138289496303,20020,,,"{""solve"": {""linprog_runtime"": 0.08291138289496303}, ""validation"": {}}"
mkp,binary,max,weish25,bsma_v1_008,8,1987520560,9923,True,True,False,9939,False,16,max_iterations_reached,1331.9236697929446,0.0546436810400337,20020,,,"{""solve"": {""linprog_runtime"": 0.0546436810400337}, ""validation"": {}}"
mkp,binary,max,weish26,bsma_v1_008,8,169484235,9584,True,True,False,9584,True,0,best_known_reached,47.854294010903686,0.03884847811423242,20020,,,"{""solve"": {""linprog_runtime"": 0.03884847811423242}, ""validation"": {}}"
mkp,binary,max,weish27,bsma_v1_008,8,1998246661,9819,True,True,False,9819,True,0,best_known_reached,20.96199264889583,0.035883290925994515,20020,,,"{""solve"": {""linprog_runtime"": 0.035883290925994515}, ""validation"": {}}"
mkp,binary,max,weish28,bsma_v1_008,8,1038937220,9492,True,True,False,9492,True,0,best_known_reached,2.4694125649984926,0.04379361402243376,20020,,,"{""solve"": {""linprog_runtime"": 0.04379361402243376}, ""validation"": {}}"
mkp,binary,max,weish29,bsma_v1_008,8,1439771813,9410,True,True,False,9410,True,0,best_known_reached,4.4355129399336874,0.0195690980181098,20020,,,"{""solve"": {""linprog_runtime"": 0.0195690980181098}, ""validation"": {}}"
mkp,binary,max,weish30,bsma_v1_008,8,744252354,11191,True,True,False,11191,True,0,best_known_reached,179.87135696294717,0.07720438879914582,20020,,,"{""solve"": {""linprog_runtime"": 0.07720438879914582}, ""validation"": {}}"
mkp,binary,max,weish01,bsma_v1_008,9,1507673818,4554,True,True,False,4554,True,0,best_known_reached,13.110845081973821,0.0912429690361023,20020,,,"{""solve"": {""linprog_runtime"": 0.0912429690361023}, ""validation"": {}}"
mkp,binary,max,weish02,bsma_v1_008,9,1750465156,4536,True,True,False,4536,True,0,best_known_reached,1.9270490370690823,0.03403199603781104,20020,,,"{""solve"": {""linprog_runtime"": 0.03403199603781104}, ""validation"": {}}"
mkp,binary,max,weish03,bsma_v1_008,9,1203008886,4115,True,True,False,4115,True,0,best_known_reached,1.1643115179613233,0.021271597128361464,20020,,,"{""solve"": {""linprog_runtime"": 0.021271597128361464}, ""validation"": {}}"
mkp,binary,max,weish04,bsma_v1_008,9,15853017,4561,True,True,False,4561,True,0,best_known_reached,1.0061576280277222,0.05039589200168848,20020,,,"{""solve"": {""linprog_runtime"": 0.05039589200168848}, ""validation"": {}}"
mkp,binary,max,weish05,bsma_v1_008,9,725951578,4514,True,True,False,4514,True,0,best_known_reached,1.303142457967624,0.04184989305213094,20020,,,"{""solve"": {""linprog_runtime"": 0.04184989305213094}, ""validation"": {}}"
mkp,binary,max,weish06,bsma_v1_008,9,777444355,5557,True,True,False,5557,True,0,best_known_reached,2.4442214351147413,0.07191588589921594,20020,,,"{""solve"": {""linprog_runtime"": 0.07191588589921594}, ""validation"": {}}"
mkp,binary,max,weish07,bsma_v1_008,9,1990660265,5567,True,True,False,5567,True,0,best_known_reached,9.910048635909334,0.09645892004482448,20020,,,"{""solve"": {""linprog_runtime"": 0.09645892004482448}, ""validation"": {}}"
mkp,binary,max,weish08,bsma_v1_008,9,1463014893,5605,True,True,False,5605,True,0,best_known_reached,86.27782098785974,0.2615598849952221,20020,,,"{""solve"": {""linprog_runtime"": 0.2615598849952221}, ""validation"": {}}"
mkp,binary,max,weish09,bsma_v1_008,9,1057632480,5246,True,True,False,5246,True,0,best_known_reached,1.6933366749435663,0.1200182770844549,20020,,,"{""solve"": {""linprog_runtime"": 0.1200182770844549}, ""validation"": {}}"
mkp,binary,max,weish10,bsma_v1_008,9,610200493,6339,True,True,False,6339,True,0,best_known_reached,77.53679704782553,0.050234328024089336,20020,,,"{""solve"": {""linprog_runtime"": 0.050234328024089336}, ""validation"": {}}"
mkp,binary,max,weish11,bsma_v1_008,9,1929625377,5643,True,True,False,5643,True,0,best_known_reached,1.8636690429411829,0.15677907899953425,20020,,,"{""solve"": {""linprog_runtime"": 0.15677907899953425}, ""validation"": {}}"
mkp,binary,max,weish12,bsma_v1_008,9,866254966,6339,True,True,False,6339,True,0,best_known_reached,73.51717594289221,0.03871289500966668,20020,,,"{""solve"": {""linprog_runtime"": 0.03871289500966668}, ""validation"": {}}"
mkp,binary,max,weish13,bsma_v1_008,9,1243596698,6159,True,True,False,6159,True,0,best_known_reached,48.01246284204535,0.23748466814868152,20020,,,"{""solve"": {""linprog_runtime"": 0.23748466814868152}, ""validation"": {}}"
mkp,binary,max,weish14,bsma_v1_008,9,1517413071,6954,True,True,False,6954,True,0,best_known_reached,5.94948980002664,0.057598907966166735,20020,,,"{""solve"": {""linprog_runtime"": 0.057598907966166735}, ""validation"": {}}"
mkp,binary,max,weish15,bsma_v1_008,9,918070272,7486,True,True,False,7486,True,0,best_known_reached,3.742458689957857,0.054015706991776824,20020,,,"{""solve"": {""linprog_runtime"": 0.054015706991776824}, ""validation"": {}}"
mkp,binary,max,weish16,bsma_v1_008,9,32879786,7289,True,True,False,7289,True,0,best_known_reached,224.6086783790961,0.03525320184417069,20020,,,"{""solve"": {""linprog_runtime"": 0.03525320184417069}, ""validation"": {}}"
mkp,binary,max,weish17,bsma_v1_008,9,1027293644,8633,True,True,False,8633,True,0,best_known_reached,5.977820694912225,0.03527769888751209,20020,,,"{""solve"": {""linprog_runtime"": 0.03527769888751209}, ""validation"": {}}"
mkp,binary,max,weish18,bsma_v1_008,9,136550008,9580,True,True,False,9580,True,0,best_known_reached,486.0582262019161,0.042164098005741835,20020,,,"{""solve"": {""linprog_runtime"": 0.042164098005741835}, ""validation"": {}}"
mkp,binary,max,weish19,bsma_v1_008,9,835712617,7698,True,True,False,7698,True,0,best_known_reached,6.933767176000401,0.05637178895995021,20020,,,"{""solve"": {""linprog_runtime"": 0.05637178895995021}, ""validation"": {}}"
mkp,binary,max,weish20,bsma_v1_008,9,399951755,9450,True,True,False,9450,True,0,best_known_reached,5.642549487994984,0.03966463799588382,20020,,,"{""solve"": {""linprog_runtime"": 0.03966463799588382}, ""validation"": {}}"
mkp,binary,max,weish21,bsma_v1_008,9,768390950,9074,True,True,False,9074,True,0,best_known_reached,275.0706406510435,0.01863453211262822,20020,,,"{""solve"": {""linprog_runtime"": 0.01863453211262822}, ""validation"": {}}"
mkp,binary,max,weish22,bsma_v1_008,9,1165350293,8929,True,True,False,8947,False,18,max_iterations_reached,1286.5972883361392,0.09957985486835241,20020,,,"{""solve"": {""linprog_runtime"": 0.09957985486835241}, ""validation"": {}}"
mkp,binary,max,weish23,bsma_v1_008,9,413777049,8344,True,True,False,8344,True,0,best_known_reached,23.9403768919874,0.025033041834831238,20020,,,"{""solve"": {""linprog_runtime"": 0.025033041834831238}, ""validation"": {}}"
mkp,binary,max,weish24,bsma_v1_008,9,1438463426,10220,True,True,False,10220,True,0,best_known_reached,295.01247435994446,0.018199702026322484,20020,,,"{""solve"": {""linprog_runtime"": 0.018199702026322484}, ""validation"": {}}"
mkp,binary,max,weish25,bsma_v1_008,9,98489436,9939,True,True,False,9939,True,0,best_known_reached,67.27934520109557,0.0363417798653245,20020,,,"{""solve"": {""linprog_runtime"": 0.0363417798653245}, ""validation"": {}}"
mkp,binary,max,weish26,bsma_v1_008,9,571778009,9584,True,True,False,9584,True,0,best_known_reached,12.365429150871933,0.028886617859825492,20020,,,"{""solve"": {""linprog_runtime"": 0.028886617859825492}, ""validation"": {}}"
mkp,binary,max,weish27,bsma_v1_008,9,442612360,9819,True,True,False,9819,True,0,best_known_reached,15.35827640304342,0.018970394041389227,20020,,,"{""solve"": {""linprog_runtime"": 0.018970394041389227}, ""validation"": {}}"
mkp,binary,max,weish28,bsma_v1_008,9,1855941174,9492,True,True,False,9492,True,0,best_known_reached,2.266867185011506,0.04251121007837355,20020,,,"{""solve"": {""linprog_runtime"": 0.04251121007837355}, ""validation"": {}}"
mkp,binary,max,weish29,bsma_v1_008,9,438342982,9410,True,True,False,9410,True,0,best_known_reached,8.287617314141244,0.018300212221220136,20020,,,"{""solve"": {""linprog_runtime"": 0.018300212221220136}, ""validation"": {}}"
mkp,binary,max,weish30,bsma_v1_008,9,548218887,11191,True,True,False,11191,True,0,best_known_reached,133.2159011878539,0.02899370901286602,20020,,,"{""solve"": {""linprog_runtime"": 0.02899370901286602}, ""validation"": {}}"
mkp,binary,max,weish01,bsma_v1_008,10,1443189428,4554,True,True,False,4554,True,0,best_known_reached,2.43595161405392,0.23923528101295233,20020,,,"{""solve"": {""linprog_runtime"": 0.23923528101295233}, ""validation"": {}}"
mkp,binary,max,weish02,bsma_v1_008,10,2058844428,4536,True,True,False,4536,True,0,best_known_reached,2.2616110441740602,0.022692193975672126,20020,,,"{""solve"": {""linprog_runtime"": 0.022692193975672126}, ""validation"": {}}"
mkp,binary,max,weish03,bsma_v1_008,10,1639529195,4115,True,True,False,4115,True,0,best_known_reached,0.8128308320883662,0.02460405300371349,20020,,,"{""solve"": {""linprog_runtime"": 0.02460405300371349}, ""validation"": {}}"
mkp,binary,max,weish04,bsma_v1_008,10,1938441326,4561,True,True,False,4561,True,0,best_known_reached,1.3463345081545413,0.1395985959097743,20020,,,"{""solve"": {""linprog_runtime"": 0.1395985959097743}, ""validation"": {}}"
mkp,binary,max,weish05,bsma_v1_008,10,2012359255,4514,True,True,False,4514,True,0,best_known_reached,1.0638888659887016,0.051404599100351334,20020,,,"{""solve"": {""linprog_runtime"": 0.051404599100351334}, ""validation"": {}}"
mkp,binary,max,weish06,bsma_v1_008,10,1075552439,5557,True,True,False,5557,True,0,best_known_reached,3.9663583419751376,0.04766059899702668,20020,,,"{""solve"": {""linprog_runtime"": 0.04766059899702668}, ""validation"": {}}"
mkp,binary,max,weish07,bsma_v1_008,10,1891235044,5567,True,True,False,5567,True,0,best_known_reached,4.665340163046494,0.08481959206983447,20020,,,"{""solve"": {""linprog_runtime"": 0.08481959206983447}, ""validation"": {}}"
mkp,binary,max,weish08,bsma_v1_008,10,1206976319,5605,True,True,False,5605,True,0,best_known_reached,73.0276136980392,0.02692509489133954,20020,,,"{""solve"": {""linprog_runtime"": 0.02692509489133954}, ""validation"": {}}"
mkp,binary,max,weish09,bsma_v1_008,10,623281531,5246,True,True,False,5246,True,0,best_known_reached,3.3368828180246055,0.023174995090812445,20020,,,"{""solve"": {""linprog_runtime"": 0.023174995090812445}, ""validation"": {}}"
mkp,binary,max,weish10,bsma_v1_008,10,1667130607,6339,True,True,False,6339,True,0,best_known_reached,86.01694397605024,0.03389349300414324,20020,,,"{""solve"": {""linprog_runtime"": 0.03389349300414324}, ""validation"": {}}"
mkp,binary,max,weish11,bsma_v1_008,10,1649826048,5643,True,True,False,5643,True,0,best_known_reached,1.12384818890132,0.06774389906786382,20020,,,"{""solve"": {""linprog_runtime"": 0.06774389906786382}, ""validation"": {}}"
mkp,binary,max,weish12,bsma_v1_008,10,675011430,6339,True,True,False,6339,True,0,best_known_reached,3.275844480842352,0.08281759894452989,20020,,,"{""solve"": {""linprog_runtime"": 0.08281759894452989}, ""validation"": {}}"
mkp,binary,max,weish13,bsma_v1_008,10,81774689,6159,True,True,False,6159,True,0,best_known_reached,2.0726643491070718,0.06147290486842394,20020,,,"{""solve"": {""linprog_runtime"": 0.06147290486842394}, ""validation"": {}}"
mkp,binary,max,weish14,bsma_v1_008,10,727778997,6954,True,True,False,6954,True,0,best_known_reached,6.502517003100365,0.033387602074071765,20020,,,"{""solve"": {""linprog_runtime"": 0.033387602074071765}, ""validation"": {}}"
mkp,binary,max,weish15,bsma_v1_008,10,1808486410,7486,True,True,False,7486,True,0,best_known_reached,50.16171679389663,0.06506079412065446,20020,,,"{""solve"": {""linprog_runtime"": 0.06506079412065446}, ""validation"": {}}"
mkp,binary,max,weish16,bsma_v1_008,10,417620436,7289,True,True,False,7289,True,0,best_known_reached,106.51745920092799,0.012247439939528704,20020,,,"{""solve"": {""linprog_runtime"": 0.012247439939528704}, ""validation"": {}}"
mkp,binary,max,weish17,bsma_v1_008,10,861309115,8633,True,True,False,8633,True,0,best_known_reached,25.35556769114919,0.053078694036230445,20020,,,"{""solve"": {""linprog_runtime"": 0.053078694036230445}, ""validation"": {}}"
mkp,binary,max,weish18,bsma_v1_008,10,2075692287,9580,True,True,False,9580,True,0,best_known_reached,577.1281985479873,0.09612886910326779,20020,,,"{""solve"": {""linprog_runtime"": 0.09612886910326779}, ""validation"": {}}"
mkp,binary,max,weish19,bsma_v1_008,10,148758799,7698,True,True,False,7698,True,0,best_known_reached,3.5995141160674393,0.06447931309230626,20020,,,"{""solve"": {""linprog_runtime"": 0.06447931309230626}, ""validation"": {}}"
mkp,binary,max,weish20,bsma_v1_008,10,719504227,9450,True,True,False,9450,True,0,best_known_reached,7.091913249110803,0.050761968828737736,20020,,,"{""solve"": {""linprog_runtime"": 0.050761968828737736}, ""validation"": {}}"
mkp,binary,max,weish21,bsma_v1_008,10,699779980,9074,True,True,False,9074,True,0,best_known_reached,196.52642020210624,0.06232663709670305,20020,,,"{""solve"": {""linprog_runtime"": 0.06232663709670305}, ""validation"": {}}"
mkp,binary,max,weish22,bsma_v1_008,10,1038720883,8947,True,True,False,8947,True,0,best_known_reached,4.655226764967665,0.05572131206281483,20020,,,"{""solve"": {""linprog_runtime"": 0.05572131206281483}, ""validation"": {}}"
mkp,binary,max,weish23,bsma_v1_008,10,1650226304,8344,True,True,False,8344,True,0,best_known_reached,1075.005499372026,0.05240750196389854,20020,,,"{""solve"": {""linprog_runtime"": 0.05240750196389854}, ""validation"": {}}"
mkp,binary,max,weish24,bsma_v1_008,10,1071754443,10220,True,True,False,10220,True,0,best_known_reached,32.69381034001708,0.041242975974455476,20020,,,"{""solve"": {""linprog_runtime"": 0.041242975974455476}, ""validation"": {}}"
mkp,binary,max,weish25,bsma_v1_008,10,1356578015,9939,True,True,False,9939,True,0,best_known_reached,196.87022852688096,0.06700087408535182,20020,,,"{""solve"": {""linprog_runtime"": 0.06700087408535182}, ""validation"": {}}"
mkp,binary,max,weish26,bsma_v1_008,10,1872532084,9584,True,True,False,9584,True,0,best_known_reached,65.96230564080179,0.06266919989138842,20020,,,"{""solve"": {""linprog_runtime"": 0.06266919989138842}, ""validation"": {}}"
mkp,binary,max,weish27,bsma_v1_008,10,1248539467,9819,True,True,False,9819,True,0,best_known_reached,30.1559103729669,0.053493288112804294,20020,,,"{""solve"": {""linprog_runtime"": 0.053493288112804294}, ""validation"": {}}"
mkp,binary,max,weish28,bsma_v1_008,10,2005398639,9492,True,True,False,9492,True,0,best_known_reached,3.5331478889565915,0.028310302877798676,20020,,,"{""solve"": {""linprog_runtime"": 0.028310302877798676}, ""validation"": {}}"
mkp,binary,max,weish29,bsma_v1_008,10,148620600,9410,True,True,False,9410,True,0,best_known_reached,4.094389650039375,0.021718102041631937,20020,,,"{""solve"": {""linprog_runtime"": 0.021718102041631937}, ""validation"": {}}"
mkp,binary,max,weish30,bsma_v1_008,10,1873070626,11187,True,True,False,11191,False,4,max_iterations_reached,990.3424456741195,0.03435330302454531,20020,,,"{""solve"": {""linprog_runtime"": 0.03435330302454531}, ""validation"": {}}"
mkp,binary,max,weish01,bsma_v1_008,11,1904967065,4554,True,True,False,4554,True,0,best_known_reached,1.1294804469216615,0.15468101715669036,20020,,,"{""solve"": {""linprog_runtime"": 0.15468101715669036}, ""validation"": {}}"
mkp,binary,max,weish02,bsma_v1_008,11,1826435419,4536,True,True,False,4536,True,0,best_known_reached,8.276258469093591,0.0412953298073262,20020,,,"{""solve"": {""linprog_runtime"": 0.0412953298073262}, ""validation"": {}}"
mkp,binary,max,weish03,bsma_v1_008,11,621047390,4115,True,True,False,4115,True,0,best_known_reached,4.74247505585663,0.03398619801737368,20020,,,"{""solve"": {""linprog_runtime"": 0.03398619801737368}, ""validation"": {}}"
mkp,binary,max,weish04,bsma_v1_008,11,755819217,4561,True,True,False,4561,True,0,best_known_reached,1.5767257679253817,0.017813598038628697,20020,,,"{""solve"": {""linprog_runtime"": 0.017813598038628697}, ""validation"": {}}"
mkp,binary,max,weish05,bsma_v1_008,11,651484505,4514,True,True,False,4514,True,0,best_known_reached,0.9906988369766623,0.0829454860650003,20020,,,"{""solve"": {""linprog_runtime"": 0.0829454860650003}, ""validation"": {}}"
mkp,binary,max,weish06,bsma_v1_008,11,563828290,5557,True,True,False,5557,True,0,best_known_reached,3.634266692912206,0.07436278695240617,20020,,,"{""solve"": {""linprog_runtime"": 0.07436278695240617}, ""validation"": {}}"
mkp,binary,max,weish07,bsma_v1_008,11,233378543,5567,True,True,False,5567,True,0,best_known_reached,7.820570430951193,0.0763584841042757,20020,,,"{""solve"": {""linprog_runtime"": 0.0763584841042757}, ""validation"": {}}"
mkp,binary,max,weish08,bsma_v1_008,11,296570684,5605,True,True,False,5605,True,0,best_known_reached,35.915777711896226,0.0697393820155412,20020,,,"{""solve"": {""linprog_runtime"": 0.0697393820155412}, ""validation"": {}}"
mkp,binary,max,weish09,bsma_v1_008,11,1784556031,5246,True,True,False,5246,True,0,best_known_reached,2.8566713358741254,0.021748000057414174,20020,,,"{""solve"": {""linprog_runtime"": 0.021748000057414174}, ""validation"": {}}"
mkp,binary,max,weish10,bsma_v1_008,11,1256392820,6339,True,True,False,6339,True,0,best_known_reached,64.75929726008326,0.0645401980727911,20020,,,"{""solve"": {""linprog_runtime"": 0.0645401980727911}, ""validation"": {}}"
mkp,binary,max,weish11,bsma_v1_008,11,1606466800,5643,True,True,False,5643,True,0,best_known_reached,1.298887844895944,0.018108203075826168,20020,,,"{""solve"": {""linprog_runtime"": 0.018108203075826168}, ""validation"": {}}"
mkp,binary,max,weish12,bsma_v1_008,11,408748511,6339,True,True,False,6339,True,0,best_known_reached,154.63136299094185,0.02120139612816274,20020,,,"{""solve"": {""linprog_runtime"": 0.02120139612816274}, ""validation"": {}}"
mkp,binary,max,weish13,bsma_v1_008,11,1647172253,6159,True,True,False,6159,True,0,best_known_reached,5.3909988610539585,0.08890208695083857,20020,,,"{""solve"": {""linprog_runtime"": 0.08890208695083857}, ""validation"": {}}"
mkp,binary,max,weish14,bsma_v1_008,11,142557472,6954,True,True,False,6954,True,0,best_known_reached,6.735220327042043,0.037730790907517076,20020,,,"{""solve"": {""linprog_runtime"": 0.037730790907517076}, ""validation"": {}}"
mkp,binary,max,weish15,bsma_v1_008,11,468590535,7486,True,True,False,7486,True,0,best_known_reached,185.66275457199663,0.022597020957618952,20020,,,"{""solve"": {""linprog_runtime"": 0.022597020957618952}, ""validation"": {}}"
mkp,binary,max,weish16,bsma_v1_008,11,1646879876,7289,True,True,False,7289,True,0,best_known_reached,18.233790977858007,0.031055497005581856,20020,,,"{""solve"": {""linprog_runtime"": 0.031055497005581856}, ""validation"": {}}"
mkp,binary,max,weish17,bsma_v1_008,11,1874691491,8633,True,True,False,8633,True,0,best_known_reached,17.80674992594868,0.03859439794905484,20020,,,"{""solve"": {""linprog_runtime"": 0.03859439794905484}, ""validation"": {}}"
mkp,binary,max,weish18,bsma_v1_008,11,235418691,9580,True,True,False,9580,True,0,best_known_reached,452.09293968300335,0.06951509299688041,20020,,,"{""solve"": {""linprog_runtime"": 0.06951509299688041}, ""validation"": {}}"
mkp,binary,max,weish19,bsma_v1_008,11,1904124914,7698,True,True,False,7698,True,0,best_known_reached,3.606341094011441,0.0683103920891881,20020,,,"{""solve"": {""linprog_runtime"": 0.0683103920891881}, ""validation"": {}}"
mkp,binary,max,weish20,bsma_v1_008,11,1062481079,9450,True,True,False,9450,True,0,best_known_reached,45.92017203406431,0.06342736212536693,20020,,,"{""solve"": {""linprog_runtime"": 0.06342736212536693}, ""validation"": {}}"
mkp,binary,max,weish21,bsma_v1_008,11,909314706,9074,True,True,False,9074,True,0,best_known_reached,3.5009133119601756,0.027072970988228917,20020,,,"{""solve"": {""linprog_runtime"": 0.027072970988228917}, ""validation"": {}}"
mkp,binary,max,weish22,bsma_v1_008,11,765788760,8929,True,True,False,8947,False,18,max_iterations_reached,1358.5257930590305,0.07294250698760152,20020,,,"{""solve"": {""linprog_runtime"": 0.07294250698760152}, ""validation"": {}}"
mkp,binary,max,weish23,bsma_v1_008,11,864483679,8344,True,True,False,8344,True,0,best_known_reached,109.20911465398967,0.056635482935234904,20020,,,"{""solve"": {""linprog_runtime"": 0.056635482935234904}, ""validation"": {}}"
mkp,binary,max,weish24,bsma_v1_008,11,2014279120,10220,True,True,False,10220,True,0,best_known_reached,350.7754646691028,0.04040510789491236,20020,,,"{""solve"": {""linprog_runtime"": 0.04040510789491236}, ""validation"": {}}"
mkp,binary,max,weish25,bsma_v1_008,11,1630909149,9923,True,True,False,9939,False,16,max_iterations_reached,792.0027071821969,0.021176448091864586,20020,,,"{""solve"": {""linprog_runtime"": 0.021176448091864586}, ""validation"": {}}"
mkp,binary,max,weish26,bsma_v1_008,11,1766920250,9584,True,True,False,9584,True,0,best_known_reached,44.474789588013664,0.021923369029536843,20020,,,"{""solve"": {""linprog_runtime"": 0.021923369029536843}, ""validation"": {}}"
mkp,binary,max,weish27,bsma_v1_008,11,1599322610,9819,True,True,False,9819,True,0,best_known_reached,6.22649141214788,0.00861179013736546,20020,,,"{""solve"": {""linprog_runtime"": 0.00861179013736546}, ""validation"": {}}"
mkp,binary,max,weish28,bsma_v1_008,11,1815202203,9492,True,True,False,9492,True,0,best_known_reached,0.779767052968964,0.020301070995628834,20020,,,"{""solve"": {""linprog_runtime"": 0.020301070995628834}, ""validation"": {}}"
mkp,binary,max,weish29,bsma_v1_008,11,62239012,9410,True,True,False,9410,True,0,best_known_reached,2.2180098621174693,0.007094527129083872,20020,,,"{""solve"": {""linprog_runtime"": 0.007094527129083872}, ""validation"": {}}"
mkp,binary,max,weish30,bsma_v1_008,11,601391292,11187,True,True,False,11191,False,4,max_iterations_reached,432.7650699480437,0.02152087795548141,20020,,,"{""solve"": {""linprog_runtime"": 0.02152087795548141}, ""validation"": {}}"
mkp,binary,max,weish01,bsma_v1_008,12,46428277,4554,True,True,False,4554,True,0,best_known_reached,12.86609529494308,0.34771056403405964,20020,,,"{""solve"": {""linprog_runtime"": 0.34771056403405964}, ""validation"": {}}"
mkp,binary,max,weish02,bsma_v1_008,12,428982779,4536,True,True,False,4536,True,0,best_known_reached,1.3801790191791952,0.020997297950088978,20020,,,"{""solve"": {""linprog_runtime"": 0.020997297950088978}, ""validation"": {}}"
mkp,binary,max,weish03,bsma_v1_008,12,1043924177,4115,True,True,False,4115,True,0,best_known_reached,3.4035633420571685,0.031304895877838135,20020,,,"{""solve"": {""linprog_runtime"": 0.031304895877838135}, ""validation"": {}}"
mkp,binary,max,weish04,bsma_v1_008,12,1185842357,4561,True,True,False,4561,True,0,best_known_reached,0.858280235901475,0.04141459194943309,20020,,,"{""solve"": {""linprog_runtime"": 0.04141459194943309}, ""validation"": {}}"
mkp,binary,max,weish05,bsma_v1_008,12,277508959,4514,True,True,False,4514,True,0,best_known_reached,1.410045008175075,0.05404548905789852,20020,,,"{""solve"": {""linprog_runtime"": 0.05404548905789852}, ""validation"": {}}"
mkp,binary,max,weish06,bsma_v1_008,12,32217093,5557,True,True,False,5557,True,0,best_known_reached,7.263750173151493,0.035621893126517534,20020,,,"{""solve"": {""linprog_runtime"": 0.035621893126517534}, ""validation"": {}}"
mkp,binary,max,weish07,bsma_v1_008,12,107785375,5567,True,True,False,5567,True,0,best_known_reached,7.343802916118875,0.04199099098332226,20020,,,"{""solve"": {""linprog_runtime"": 0.04199099098332226}, ""validation"": {}}"
mkp,binary,max,weish08,bsma_v1_008,12,660116523,5605,True,True,False,5605,True,0,best_known_reached,32.76216722279787,0.08147549093700945,20020,,,"{""solve"": {""linprog_runtime"": 0.08147549093700945}, ""validation"": {}}"
mkp,binary,max,weish09,bsma_v1_008,12,1317389305,5246,True,True,False,5246,True,0,best_known_reached,4.406617935979739,0.1418078918941319,20020,,,"{""solve"": {""linprog_runtime"": 0.1418078918941319}, ""validation"": {}}"
mkp,binary,max,weish10,bsma_v1_008,12,490446377,6339,True,True,False,6339,True,0,best_known_reached,27.7302501660306,0.08554979297332466,20020,,,"{""solve"": {""linprog_runtime"": 0.08554979297332466}, ""validation"": {}}"
mkp,binary,max,weish11,bsma_v1_008,12,1954863837,5643,True,True,False,5643,True,0,best_known_reached,2.526642866898328,0.19118815497495234,20020,,,"{""solve"": {""linprog_runtime"": 0.19118815497495234}, ""validation"": {}}"
mkp,binary,max,weish12,bsma_v1_008,12,1605678050,6339,True,True,False,6339,True,0,best_known_reached,23.413162575103343,0.03464922704733908,20020,,,"{""solve"": {""linprog_runtime"": 0.03464922704733908}, ""validation"": {}}"
mkp,binary,max,weish13,bsma_v1_008,12,407015608,6159,True,True,False,6159,True,0,best_known_reached,66.87742029083893,0.023890295997262,20020,,,"{""solve"": {""linprog_runtime"": 0.023890295997262}, ""validation"": {}}"
mkp,binary,max,weish14,bsma_v1_008,12,1187684431,6954,True,True,False,6954,True,0,best_known_reached,3.6304159031715244,0.14296268695034087,20020,,,"{""solve"": {""linprog_runtime"": 0.14296268695034087}, ""validation"": {}}"
mkp,binary,max,weish15,bsma_v1_008,12,466017417,7486,True,True,False,7486,True,0,best_known_reached,10.507554992800578,0.010935298865661025,20020,,,"{""solve"": {""linprog_runtime"": 0.010935298865661025}, ""validation"": {}}"
mkp,binary,max,weish16,bsma_v1_008,12,1801651250,7289,True,True,False,7289,True,0,best_known_reached,9.327846308005974,0.03540649078786373,20020,,,"{""solve"": {""linprog_runtime"": 0.03540649078786373}, ""validation"": {}}"
mkp,binary,max,weish17,bsma_v1_008,12,1503904985,8633,True,True,False,8633,True,0,best_known_reached,111.77610393287614,0.10165477194823325,20020,,,"{""solve"": {""linprog_runtime"": 0.10165477194823325}, ""validation"": {}}"
mkp,binary,max,weish18,bsma_v1_008,12,1549671401,9580,True,True,False,9580,True,0,best_known_reached,748.4569176088553,0.043221805011853576,20020,,,"{""solve"": {""linprog_runtime"": 0.043221805011853576}, ""validation"": {}}"
mkp,binary,max,weish19,bsma_v1_008,12,273042472,7698,True,True,False,7698,True,0,best_known_reached,21.61850080289878,0.03429317590780556,20020,,,"{""solve"": {""linprog_runtime"": 0.03429317590780556}, ""validation"": {}}"
mkp,binary,max,weish20,bsma_v1_008,12,856426191,9450,True,True,False,9450,True,0,best_known_reached,8.565278874943033,0.05433140997774899,20020,,,"{""solve"": {""linprog_runtime"": 0.05433140997774899}, ""validation"": {}}"
mkp,binary,max,weish21,bsma_v1_008,12,1645709538,9074,True,True,False,9074,True,0,best_known_reached,52.34250468714163,0.029639808926731348,20020,,,"{""solve"": {""linprog_runtime"": 0.029639808926731348}, ""validation"": {}}"
mkp,binary,max,weish22,bsma_v1_008,12,842211708,8947,True,True,False,8947,True,0,best_known_reached,6.607699629152194,0.049766632029786706,20020,,,"{""solve"": {""linprog_runtime"": 0.049766632029786706}, ""validation"": {}}"
mkp,binary,max,weish23,bsma_v1_008,12,668731005,8341,True,True,False,8344,False,3,max_iterations_reached,1325.1002195640467,0.06671138084493577,20020,,,"{""solve"": {""linprog_runtime"": 0.06671138084493577}, ""validation"": {}}"
mkp,binary,max,weish24,bsma_v1_008,12,774610733,10220,True,True,False,10220,True,0,best_known_reached,831.6566830109805,0.05067689879797399,20020,,,"{""solve"": {""linprog_runtime"": 0.05067689879797399}, ""validation"": {}}"
mkp,binary,max,weish25,bsma_v1_008,12,215845034,9923,True,True,False,9939,False,16,max_iterations_reached,530.9890256060753,0.03960198210552335,20020,,,"{""solve"": {""linprog_runtime"": 0.03960198210552335}, ""validation"": {}}"
mkp,binary,max,weish26,bsma_v1_008,12,724722831,9584,True,True,False,9584,True,0,best_known_reached,23.22878591902554,0.013079288182780147,20020,,,"{""solve"": {""linprog_runtime"": 0.013079288182780147}, ""validation"": {}}"
mkp,binary,max,weish27,bsma_v1_008,12,442330366,9819,True,True,False,9819,True,0,best_known_reached,29.704237203113735,0.015503684990108013,20020,,,"{""solve"": {""linprog_runtime"": 0.015503684990108013}, ""validation"": {}}"
mkp,binary,max,weish28,bsma_v1_008,12,694603989,9492,True,True,False,9492,True,0,best_known_reached,0.4593586230184883,0.008769628824666142,20020,,,"{""solve"": {""linprog_runtime"": 0.008769628824666142}, ""validation"": {}}"
mkp,binary,max,weish29,bsma_v1_008,12,408937686,9410,True,True,False,9410,True,0,best_known_reached,4.264801260083914,0.011320336954668164,20020,,,"{""solve"": {""linprog_runtime"": 0.011320336954668164}, ""validation"": {}}"
mkp,binary,max,weish30,bsma_v1_008,12,1362010290,11187,True,True,False,11191,False,4,max_iterations_reached,290.2329259950202,0.011448793113231659,20020,,,"{""solve"": {""linprog_runtime"": 0.011448793113231659}, ""validation"": {}}"
mkp,binary,max,weish01,bsma_v1_008,13,274262074,4554,True,True,False,4554,True,0,best_known_reached,1.5638378669973463,0.39439519797451794,20020,,,"{""solve"": {""linprog_runtime"": 0.39439519797451794}, ""validation"": {}}"
mkp,binary,max,weish02,bsma_v1_008,13,251419756,4536,True,True,False,4536,True,0,best_known_reached,1.4575385849457234,0.0577873419970274,20020,,,"{""solve"": {""linprog_runtime"": 0.0577873419970274}, ""validation"": {}}"
mkp,binary,max,weish03,bsma_v1_008,13,448587090,4115,True,True,False,4115,True,0,best_known_reached,2.505991574143991,0.11543456907384098,20020,,,"{""solve"": {""linprog_runtime"": 0.11543456907384098}, ""validation"": {}}"
mkp,binary,max,weish04,bsma_v1_008,13,1304559760,4561,True,True,False,4561,True,0,best_known_reached,1.4254054760094732,0.12620396702550352,20020,,,"{""solve"": {""linprog_runtime"": 0.12620396702550352}, ""validation"": {}}"
mkp,binary,max,weish05,bsma_v1_008,13,1619969296,4514,True,True,False,4514,True,0,best_known_reached,1.4328554500825703,0.0140022998675704,20020,,,"{""solve"": {""linprog_runtime"": 0.0140022998675704}, ""validation"": {}}"
mkp,binary,max,weish06,bsma_v1_008,13,1321785669,5557,True,True,False,5557,True,0,best_known_reached,5.295124153839424,0.06243589683435857,20020,,,"{""solve"": {""linprog_runtime"": 0.06243589683435857}, ""validation"": {}}"
mkp,binary,max,weish07,bsma_v1_008,13,73020405,5567,True,True,False,5567,True,0,best_known_reached,3.3359516821801662,0.021942497929558158,20020,,,"{""solve"": {""linprog_runtime"": 0.021942497929558158}, ""validation"": {}}"
mkp,binary,max,weish08,bsma_v1_008,13,801296473,5605,True,True,False,5605,True,0,best_known_reached,103.00482568587177,0.11799448006786406,20020,,,"{""solve"": {""linprog_runtime"": 0.11799448006786406}, ""validation"": {}}"
mkp,binary,max,weish09,bsma_v1_008,13,1825723836,5246,True,True,False,5246,True,0,best_known_reached,4.184908767929301,0.09692965191788971,20020,,,"{""solve"": {""linprog_runtime"": 0.09692965191788971}, ""validation"": {}}"
mkp,binary,max,weish10,bsma_v1_008,13,309770128,6339,True,True,False,6339,True,0,best_known_reached,27.014821603894234,0.07220008899457753,20020,,,"{""solve"": {""linprog_runtime"": 0.07220008899457753}, ""validation"": {}}"
mkp,binary,max,weish11,bsma_v1_008,13,987526890,5643,True,True,False,5643,True,0,best_known_reached,2.2113009709864855,0.018587409984320402,20020,,,"{""solve"": {""linprog_runtime"": 0.018587409984320402}, ""validation"": {}}"
mkp,binary,max,weish12,bsma_v1_008,13,2099125530,6339,True,True,False,6339,True,0,best_known_reached,7.751383905066177,0.10913895606063306,20020,,,"{""solve"": {""linprog_runtime"": 0.10913895606063306}, ""validation"": {}}"
mkp,binary,max,weish13,bsma_v1_008,13,518816416,6159,True,True,False,6159,True,0,best_known_reached,2.68676127679646,0.034434448927640915,20020,,,"{""solve"": {""linprog_runtime"": 0.034434448927640915}, ""validation"": {}}"
mkp,binary,max,weish14,bsma_v1_008,13,811116034,6954,True,True,False,6954,True,0,best_known_reached,10.977636876981705,0.24296624585986137,20020,,,"{""solve"": {""linprog_runtime"": 0.24296624585986137}, ""validation"": {}}"
mkp,binary,max,weish15,bsma_v1_008,13,1056116813,7486,True,True,False,7486,True,0,best_known_reached,12.917221001116559,0.1301287051755935,20020,,,"{""solve"": {""linprog_runtime"": 0.1301287051755935}, ""validation"": {}}"
mkp,binary,max,weish16,bsma_v1_008,13,975572788,7289,True,True,False,7289,True,0,best_known_reached,16.387148638023064,0.02573330095037818,20020,,,"{""solve"": {""linprog_runtime"": 0.02573330095037818}, ""validation"": {}}"
mkp,binary,max,weish17,bsma_v1_008,13,819986686,8633,True,True,False,8633,True,0,best_known_reached,66.49470849009231,0.10365867801010609,20020,,,"{""solve"": {""linprog_runtime"": 0.10365867801010609}, ""validation"": {}}"
mkp,binary,max,weish18,bsma_v1_008,13,468895260,9580,True,True,False,9580,True,0,best_known_reached,94.13311903295107,0.0655216968152672,20020,,,"{""solve"": {""linprog_runtime"": 0.0655216968152672}, ""validation"": {}}"
mkp,binary,max,weish19,bsma_v1_008,13,1269513702,7698,True,True,False,7698,True,0,best_known_reached,2.8368512368761003,0.10133606987074018,20020,,,"{""solve"": {""linprog_runtime"": 0.10133606987074018}, ""validation"": {}}"
mkp,binary,max,weish20,bsma_v1_008,13,278525556,9450,True,True,False,9450,True,0,best_known_reached,82.55949257104658,0.08055517496541142,20020,,,"{""solve"": {""linprog_runtime"": 0.08055517496541142}, ""validation"": {}}"
mkp,binary,max,weish21,bsma_v1_008,13,1210502527,9074,True,True,False,9074,True,0,best_known_reached,27.607367992866784,0.0949501940049231,20020,,,"{""solve"": {""linprog_runtime"": 0.0949501940049231}, ""validation"": {}}"
mkp,binary,max,weish22,bsma_v1_008,13,218585761,8929,True,True,False,8947,False,18,max_iterations_reached,1505.1887585588265,0.05806340416893363,20020,,,"{""solve"": {""linprog_runtime"": 0.05806340416893363}, ""validation"": {}}"
mkp,binary,max,weish23,bsma_v1_008,13,1389979656,8344,True,True,False,8344,True,0,best_known_reached,75.06846559490077,0.03616530797444284,20020,,,"{""solve"": {""linprog_runtime"": 0.03616530797444284}, ""validation"": {}}"
mkp,binary,max,weish24,bsma_v1_008,13,1783889637,10220,True,True,False,10220,True,0,best_known_reached,368.6414329109248,0.17238342994824052,20020,,,"{""solve"": {""linprog_runtime"": 0.17238342994824052}, ""validation"": {}}"
mkp,binary,max,weish25,bsma_v1_008,13,120678205,9923,True,True,False,9939,False,16,max_iterations_reached,976.4791551080998,0.07492928695864975,20020,,,"{""solve"": {""linprog_runtime"": 0.07492928695864975}, ""validation"": {}}"
mkp,binary,max,weish26,bsma_v1_008,13,1377928074,9584,True,True,False,9584,True,0,best_known_reached,109.9984119660221,0.029430913971737027,20020,,,"{""solve"": {""linprog_runtime"": 0.029430913971737027}, ""validation"": {}}"
mkp,binary,max,weish27,bsma_v1_008,13,2146704572,9819,True,True,False,9819,True,0,best_known_reached,3.286559822037816,0.02126476913690567,20020,,,"{""solve"": {""linprog_runtime"": 0.02126476913690567}, ""validation"": {}}"
mkp,binary,max,weish28,bsma_v1_008,13,901884006,9492,True,True,False,9492,True,0,best_known_reached,2.889265506993979,0.02856984711252153,20020,,,"{""solve"": {""linprog_runtime"": 0.02856984711252153}, ""validation"": {}}"
mkp,binary,max,weish29,bsma_v1_008,13,713178994,9410,True,True,False,9410,True,0,best_known_reached,3.8360307121183723,0.016039967071264982,20020,,,"{""solve"": {""linprog_runtime"": 0.016039967071264982}, ""validation"": {}}"
mkp,binary,max,weish30,bsma_v1_008,13,1185852292,11191,True,True,False,11191,True,0,best_known_reached,112.18856333009899,0.007638510083779693,20020,,,"{""solve"": {""linprog_runtime"": 0.007638510083779693}, ""validation"": {}}"
mkp,binary,max,weish01,bsma_v1_008,14,200562899,4554,True,True,False,4554,True,0,best_known_reached,4.701316260034218,0.2975276249926537,20020,,,"{""solve"": {""linprog_runtime"": 0.2975276249926537}, ""validation"": {}}"
mkp,binary,max,weish02,bsma_v1_008,14,1523178528,4536,True,True,False,4536,True,0,best_known_reached,14.355726583860815,0.0432971918489784,20020,,,"{""solve"": {""linprog_runtime"": 0.0432971918489784}, ""validation"": {}}"
mkp,binary,max,weish03,bsma_v1_008,14,982187019,4115,True,True,False,4115,True,0,best_known_reached,6.572336704004556,0.03221139404922724,20020,,,"{""solve"": {""linprog_runtime"": 0.03221139404922724}, ""validation"": {}}"
mkp,binary,max,weish04,bsma_v1_008,14,1051679794,4561,True,True,False,4561,True,0,best_known_reached,1.3163313488475978,0.05215090815909207,20020,,,"{""solve"": {""linprog_runtime"": 0.05215090815909207}, ""validation"": {}}"
mkp,binary,max,weish05,bsma_v1_008,14,2132801731,4514,True,True,False,4514,True,0,best_known_reached,30.560632192064077,0.026204094057902694,20020,,,"{""solve"": {""linprog_runtime"": 0.026204094057902694}, ""validation"": {}}"
mkp,binary,max,weish06,bsma_v1_008,14,1020406218,5557,True,True,False,5557,True,0,best_known_reached,27.27347938180901,0.07899997499771416,20020,,,"{""solve"": {""linprog_runtime"": 0.07899997499771416}, ""validation"": {}}"
mkp,binary,max,weish07,bsma_v1_008,14,1080848666,5567,True,True,False,5567,True,0,best_known_reached,5.555177795002237,0.10191788477823138,20020,,,"{""solve"": {""linprog_runtime"": 0.10191788477823138}, ""validation"": {}}"
mkp,binary,max,weish08,bsma_v1_008,14,1226712331,5605,True,True,False,5605,True,0,best_known_reached,19.274651838000864,0.04660729086026549,20020,,,"{""solve"": {""linprog_runtime"": 0.04660729086026549}, ""validation"": {}}"
mkp,binary,max,weish09,bsma_v1_008,14,1395792330,5246,True,True,False,5246,True,0,best_known_reached,1.6458402210846543,0.07556957798078656,20020,,,"{""solve"": {""linprog_runtime"": 0.07556957798078656}, ""validation"": {}}"
mkp,binary,max,weish10,bsma_v1_008,14,46403021,6339,True,True,False,6339,True,0,best_known_reached,22.886895352974534,0.016342326067388058,20020,,,"{""solve"": {""linprog_runtime"": 0.016342326067388058}, ""validation"": {}}"
mkp,binary,max,weish11,bsma_v1_008,14,149883248,5643,True,True,False,5643,True,0,best_known_reached,2.177886042976752,0.01827769703231752,20020,,,"{""solve"": {""linprog_runtime"": 0.01827769703231752}, ""validation"": {}}"
mkp,binary,max,weish12,bsma_v1_008,14,356132265,6339,True,True,False,6339,True,0,best_known_reached,37.02955376985483,0.26731604104861617,20020,,,"{""solve"": {""linprog_runtime"": 0.26731604104861617}, ""validation"": {}}"
mkp,binary,max,weish13,bsma_v1_008,14,499628412,6159,True,True,False,6159,True,0,best_known_reached,3.5426330831833184,0.22137680486775935,20020,,,"{""solve"": {""linprog_runtime"": 0.22137680486775935}, ""validation"": {}}"
mkp,binary,max,weish14,bsma_v1_008,14,1193220332,6954,True,True,False,6954,True,0,best_known_reached,5.99697513715364,0.04332740092650056,20020,,,"{""solve"": {""linprog_runtime"": 0.04332740092650056}, ""validation"": {}}"
mkp,binary,max,weish15,bsma_v1_008,14,834739578,7486,True,True,False,7486,True,0,best_known_reached,5.9192707480397075,0.06688940501771867,20020,,,"{""solve"": {""linprog_runtime"": 0.06688940501771867}, ""validation"": {}}"
mkp,binary,max,weish16,bsma_v1_008,14,1092240502,7289,True,True,False,7289,True,0,best_known_reached,116.07295316597447,0.02172579988837242,20020,,,"{""solve"": {""linprog_runtime"": 0.02172579988837242}, ""validation"": {}}"
mkp,binary,max,weish17,bsma_v1_008,14,2137343815,8633,True,True,False,8633,True,0,best_known_reached,18.16434984910302,0.03677581204101443,20020,,,"{""solve"": {""linprog_runtime"": 0.03677581204101443}, ""validation"": {}}"
mkp,binary,max,weish18,bsma_v1_008,14,1309162369,9580,True,True,False,9580,True,0,best_known_reached,177.66534971795045,0.018555802991613746,20020,,,"{""solve"": {""linprog_runtime"": 0.018555802991613746}, ""validation"": {}}"
mkp,binary,max,weish19,bsma_v1_008,14,1039613003,7698,True,True,False,7698,True,0,best_known_reached,1.762098338920623,0.06066513597033918,20020,,,"{""solve"": {""linprog_runtime"": 0.06066513597033918}, ""validation"": {}}"
mkp,binary,max,weish20,bsma_v1_008,14,1287401046,9450,True,True,False,9450,True,0,best_known_reached,5.201443690108135,0.077230344992131,20020,,,"{""solve"": {""linprog_runtime"": 0.077230344992131}, ""validation"": {}}"
mkp,binary,max,weish21,bsma_v1_008,14,1950368724,9074,True,True,False,9074,True,0,best_known_reached,180.86145065701567,0.021882600151002407,20020,,,"{""solve"": {""linprog_runtime"": 0.021882600151002407}, ""validation"": {}}"
mkp,binary,max,weish22,bsma_v1_008,14,488200688,8947,True,True,False,8947,True,0,best_known_reached,288.1812419211492,0.14589575002901256,20020,,,"{""solve"": {""linprog_runtime"": 0.14589575002901256}, ""validation"": {}}"
mkp,binary,max,weish23,bsma_v1_008,14,308878001,8344,True,True,False,8344,True,0,best_known_reached,476.73415374802426,0.0928121309261769,20020,,,"{""solve"": {""linprog_runtime"": 0.0928121309261769}, ""validation"": {}}"
mkp,binary,max,weish24,bsma_v1_008,14,870136313,10220,True,True,False,10220,True,0,best_known_reached,243.2476138640195,0.05003161891363561,20020,,,"{""solve"": {""linprog_runtime"": 0.05003161891363561}, ""validation"": {}}"
mkp,binary,max,weish25,bsma_v1_008,14,1680577136,9939,True,True,False,9939,True,0,best_known_reached,364.8388626330998,0.05748623609542847,20020,,,"{""solve"": {""linprog_runtime"": 0.05748623609542847}, ""validation"": {}}"
mkp,binary,max,weish26,bsma_v1_008,14,1670947751,9584,True,True,False,9584,True,0,best_known_reached,84.572670198977,0.09584567393176258,20020,,,"{""solve"": {""linprog_runtime"": 0.09584567393176258}, ""validation"": {}}"
mkp,binary,max,weish27,bsma_v1_008,14,1081549182,9819,True,True,False,9819,True,0,best_known_reached,43.04914043704048,0.06621407810598612,20020,,,"{""solve"": {""linprog_runtime"": 0.06621407810598612}, ""validation"": {}}"
mkp,binary,max,weish28,bsma_v1_008,14,1404016538,9492,True,True,False,9492,True,0,best_known_reached,3.5391732428688556,0.03393716202117503,20020,,,"{""solve"": {""linprog_runtime"": 0.03393716202117503}, ""validation"": {}}"
mkp,binary,max,weish29,bsma_v1_008,14,552819976,9410,True,True,False,9410,True,0,best_known_reached,19.785930648911744,0.07184865698218346,20020,,,"{""solve"": {""linprog_runtime"": 0.07184865698218346}, ""validation"": {}}"
mkp,binary,max,weish30,bsma_v1_008,14,1750719478,11191,True,True,False,11191,True,0,best_known_reached,33.9640033650212,0.07012718310579658,20020,,,"{""solve"": {""linprog_runtime"": 0.07012718310579658}, ""validation"": {}}"
mkp,binary,max,weish01,bsma_v1_008,15,1340374119,4554,True,True,False,4554,True,0,best_known_reached,3.0079445810988545,0.3598921720404178,20020,,,"{""solve"": {""linprog_runtime"": 0.3598921720404178}, ""validation"": {}}"
mkp,binary,max,weish02,bsma_v1_008,15,1053509569,4536,True,True,False,4536,True,0,best_known_reached,1.5975512550212443,0.01697189616970718,20020,,,"{""solve"": {""linprog_runtime"": 0.01697189616970718}, ""validation"": {}}"
mkp,binary,max,weish03,bsma_v1_008,15,1660681633,4115,True,True,False,4115,True,0,best_known_reached,11.701502755982801,0.07814266718924046,20020,,,"{""solve"": {""linprog_runtime"": 0.07814266718924046}, ""validation"": {}}"
mkp,binary,max,weish04,bsma_v1_008,15,1885778201,4561,True,True,False,4561,True,0,best_known_reached,1.4553805331233889,0.036088092951104045,20020,,,"{""solve"": {""linprog_runtime"": 0.036088092951104045}, ""validation"": {}}"
mkp,binary,max,weish05,bsma_v1_008,15,743837694,4514,True,True,False,4514,True,0,best_known_reached,1.4762936979532242,0.04817769001238048,20020,,,"{""solve"": {""linprog_runtime"": 0.04817769001238048}, ""validation"": {}}"
mkp,binary,max,weish06,bsma_v1_008,15,1537106998,5557,True,True,False,5557,True,0,best_known_reached,68.07451652106829,0.1398416708689183,20020,,,"{""solve"": {""linprog_runtime"": 0.1398416708689183}, ""validation"": {}}"
mkp,binary,max,weish07,bsma_v1_008,15,1093311325,5567,True,True,False,5567,True,0,best_known_reached,10.038899275939912,0.1422824771143496,20020,,,"{""solve"": {""linprog_runtime"": 0.1422824771143496}, ""validation"": {}}"
mkp,binary,max,weish08,bsma_v1_008,15,1459890376,5605,True,True,False,5605,True,0,best_known_reached,153.1108741799835,0.01763030607253313,20020,,,"{""solve"": {""linprog_runtime"": 0.01763030607253313}, ""validation"": {}}"
mkp,binary,max,weish09,bsma_v1_008,15,980024831,5246,True,True,False,5246,True,0,best_known_reached,2.784232988022268,0.01786530204117298,20020,,,"{""solve"": {""linprog_runtime"": 0.01786530204117298}, ""validation"": {}}"
mkp,binary,max,weish10,bsma_v1_008,15,65881154,6339,True,True,False,6339,True,0,best_known_reached,2.880638703936711,0.09842950897291303,20020,,,"{""solve"": {""linprog_runtime"": 0.09842950897291303}, ""validation"": {}}"
mkp,binary,max,weish11,bsma_v1_008,15,1429903101,5643,True,True,False,5643,True,0,best_known_reached,1.766879437956959,0.13577619614079595,20020,,,"{""solve"": {""linprog_runtime"": 0.13577619614079595}, ""validation"": {}}"
mkp,binary,max,weish12,bsma_v1_008,15,646435077,6339,True,True,False,6339,True,0,best_known_reached,18.827785674016923,0.0920494960155338,20020,,,"{""solve"": {""linprog_runtime"": 0.0920494960155338}, ""validation"": {}}"
mkp,binary,max,weish13,bsma_v1_008,15,800339722,6159,True,True,False,6159,True,0,best_known_reached,1.7516757019329816,0.08112308196723461,20020,,,"{""solve"": {""linprog_runtime"": 0.08112308196723461}, ""validation"": {}}"
mkp,binary,max,weish14,bsma_v1_008,15,1211120517,6954,True,True,False,6954,True,0,best_known_reached,5.897990586003289,0.03302109194919467,20020,,,"{""solve"": {""linprog_runtime"": 0.03302109194919467}, ""validation"": {}}"
mkp,binary,max,weish15,bsma_v1_008,15,529676416,7486,True,True,False,7486,True,0,best_known_reached,2.3941093808971345,0.05558939301408827,20020,,,"{""solve"": {""linprog_runtime"": 0.05558939301408827}, ""validation"": {}}"
mkp,binary,max,weish16,bsma_v1_008,15,574288192,7289,True,True,False,7289,True,0,best_known_reached,118.99748648516834,0.0531634921208024,20020,,,"{""solve"": {""linprog_runtime"": 0.0531634921208024}, ""validation"": {}}"
mkp,binary,max,weish17,bsma_v1_008,15,1348687256,8633,True,True,False,8633,True,0,best_known_reached,127.06971836904995,0.03440769296139479,20020,,,"{""solve"": {""linprog_runtime"": 0.03440769296139479}, ""validation"": {}}"
mkp,binary,max,weish18,bsma_v1_008,15,61589848,9580,True,True,False,9580,True,0,best_known_reached,27.823208439862356,0.04210312897339463,20020,,,"{""solve"": {""linprog_runtime"": 0.04210312897339463}, ""validation"": {}}"
mkp,binary,max,weish19,bsma_v1_008,15,1035331267,7698,True,True,False,7698,True,0,best_known_reached,1.9588803879451007,0.03971659787930548,20020,,,"{""solve"": {""linprog_runtime"": 0.03971659787930548}, ""validation"": {}}"
mkp,binary,max,weish20,bsma_v1_008,15,1731814427,9450,True,True,False,9450,True,0,best_known_reached,16.66489387000911,0.05841549183242023,20020,,,"{""solve"": {""linprog_runtime"": 0.05841549183242023}, ""validation"": {}}"
mkp,binary,max,weish21,bsma_v1_008,15,1162786292,9074,True,True,False,9074,True,0,best_known_reached,52.88443702785298,0.06860608793795109,20020,,,"{""solve"": {""linprog_runtime"": 0.06860608793795109}, ""validation"": {}}"
mkp,binary,max,weish22,bsma_v1_008,15,1205652420,8947,True,True,False,8947,True,0,best_known_reached,127.71958456886932,0.09387011104263365,20020,,,"{""solve"": {""linprog_runtime"": 0.09387011104263365}, ""validation"": {}}"
mkp,binary,max,weish23,bsma_v1_008,15,1436633452,8341,True,True,False,8344,False,3,max_iterations_reached,1456.7999756471254,0.058295850874856114,20020,,,"{""solve"": {""linprog_runtime"": 0.058295850874856114}, ""validation"": {}}"
mkp,binary,max,weish24,bsma_v1_008,15,825876460,10220,True,True,False,10220,True,0,best_known_reached,321.1537812720053,0.029644391033798456,20020,,,"{""solve"": {""linprog_runtime"": 0.029644391033798456}, ""validation"": {}}"
mkp,binary,max,weish25,bsma_v1_008,15,1526225343,9923,True,True,False,9939,False,16,max_iterations_reached,933.1569925860967,0.023747394094243646,20020,,,"{""solve"": {""linprog_runtime"": 0.023747394094243646}, ""validation"": {}}"
mkp,binary,max,weish26,bsma_v1_008,15,202647743,9584,True,True,False,9584,True,0,best_known_reached,70.92638430395164,0.04257042892277241,20020,,,"{""solve"": {""linprog_runtime"": 0.04257042892277241}, ""validation"": {}}"
mkp,binary,max,weish27,bsma_v1_008,15,2106518343,9819,True,True,False,9819,True,0,best_known_reached,8.046038122149184,0.05800378299318254,20020,,,"{""solve"": {""linprog_runtime"": 0.05800378299318254}, ""validation"": {}}"
mkp,binary,max,weish28,bsma_v1_008,15,875854105,9492,True,True,False,9492,True,0,best_known_reached,2.058066267054528,0.012762675993144512,20020,,,"{""solve"": {""linprog_runtime"": 0.012762675993144512}, ""validation"": {}}"
mkp,binary,max,weish29,bsma_v1_008,15,25601559,9410,True,True,False,9410,True,0,best_known_reached,2.0707359281368554,0.025719478959217668,20020,,,"{""solve"": {""linprog_runtime"": 0.025719478959217668}, ""validation"": {}}"
mkp,binary,max,weish30,bsma_v1_008,15,1253466262,11191,True,True,False,11191,True,0,best_known_reached,57.98159494297579,0.015926185064017773,20020,,,"{""solve"": {""linprog_runtime"": 0.015926185064017773}, ""validation"": {}}"
mkp,binary,max,weish01,bsma_v1_008,16,882521541,4554,True,True,False,4554,True,0,best_known_reached,18.807872061850503,0.2755167088471353,20020,,,"{""solve"": {""linprog_runtime"": 0.2755167088471353}, ""validation"": {}}"
mkp,binary,max,weish02,bsma_v1_008,16,90222747,4536,True,True,False,4536,True,0,best_known_reached,8.477481222013012,0.12774447491392493,20020,,,"{""solve"": {""linprog_runtime"": 0.12774447491392493}, ""validation"": {}}"
mkp,binary,max,weish03,bsma_v1_008,16,1298280974,4115,True,True,False,4115,True,0,best_known_reached,3.0994695480912924,0.03926059091463685,20020,,,"{""solve"": {""linprog_runtime"": 0.03926059091463685}, ""validation"": {}}"
mkp,binary,max,weish04,bsma_v1_008,16,821610824,4561,True,True,False,4561,True,0,best_known_reached,2.636023520026356,0.09801849396899343,20020,,,"{""solve"": {""linprog_runtime"": 0.09801849396899343}, ""validation"": {}}"
mkp,binary,max,weish05,bsma_v1_008,16,246639584,4514,True,True,False,4514,True,0,best_known_reached,16.361994264181703,0.06558469403535128,20020,,,"{""solve"": {""linprog_runtime"": 0.06558469403535128}, ""validation"": {}}"
mkp,binary,max,weish06,bsma_v1_008,16,958096007,5557,True,True,False,5557,True,0,best_known_reached,2.1815531000029296,0.03313768794760108,20020,,,"{""solve"": {""linprog_runtime"": 0.03313768794760108}, ""validation"": {}}"
mkp,binary,max,weish07,bsma_v1_008,16,2045476842,5567,True,True,False,5567,True,0,best_known_reached,9.884354571113363,0.04431628296151757,20020,,,"{""solve"": {""linprog_runtime"": 0.04431628296151757}, ""validation"": {}}"
mkp,binary,max,weish08,bsma_v1_008,16,1144679440,5605,True,True,False,5605,True,0,best_known_reached,42.757786642061546,0.08244430087506771,20020,,,"{""solve"": {""linprog_runtime"": 0.08244430087506771}, ""validation"": {}}"
mkp,binary,max,weish09,bsma_v1_008,16,1978093141,5246,True,True,False,5246,True,0,best_known_reached,1.4911220979411155,0.12091648997738957,20020,,,"{""solve"": {""linprog_runtime"": 0.12091648997738957}, ""validation"": {}}"
mkp,binary,max,weish10,bsma_v1_008,16,1338777577,6339,True,True,False,6339,True,0,best_known_reached,5.81926504499279,0.023893618024885654,20020,,,"{""solve"": {""linprog_runtime"": 0.023893618024885654}, ""validation"": {}}"
mkp,binary,max,weish11,bsma_v1_008,16,897534259,5643,True,True,False,5643,True,0,best_known_reached,1.89263142994605,0.045754572143778205,20020,,,"{""solve"": {""linprog_runtime"": 0.045754572143778205}, ""validation"": {}}"
mkp,binary,max,weish12,bsma_v1_008,16,349652619,6339,True,True,False,6339,True,0,best_known_reached,214.5347663210705,0.035260593984276056,20020,,,"{""solve"": {""linprog_runtime"": 0.035260593984276056}, ""validation"": {}}"
mkp,binary,max,weish13,bsma_v1_008,16,1591868443,6159,True,True,False,6159,True,0,best_known_reached,1.0791551861912012,0.05423440597951412,20020,,,"{""solve"": {""linprog_runtime"": 0.05423440597951412}, ""validation"": {}}"
mkp,binary,max,weish14,bsma_v1_008,16,1897528943,6954,True,True,False,6954,True,0,best_known_reached,3.855382376117632,0.01352420006878674,20020,,,"{""solve"": {""linprog_runtime"": 0.01352420006878674}, ""validation"": {}}"
mkp,binary,max,weish15,bsma_v1_008,16,947740185,7486,True,True,False,7486,True,0,best_known_reached,61.827848333865404,0.01910010096617043,20020,,,"{""solve"": {""linprog_runtime"": 0.01910010096617043}, ""validation"": {}}"
mkp,binary,max,weish16,bsma_v1_008,16,1927298486,7289,True,True,False,7289,True,0,best_known_reached,73.81519226613455,0.03471910604275763,20020,,,"{""solve"": {""linprog_runtime"": 0.03471910604275763}, ""validation"": {}}"
mkp,binary,max,weish17,bsma_v1_008,16,533537236,8633,True,True,False,8633,True,0,best_known_reached,29.72865699417889,0.03074721898883581,20020,,,"{""solve"": {""linprog_runtime"": 0.03074721898883581}, ""validation"": {}}"
mkp,binary,max,weish18,bsma_v1_008,16,132943815,9580,True,True,False,9580,True,0,best_known_reached,558.4834810809698,0.061183637008070946,20020,,,"{""solve"": {""linprog_runtime"": 0.061183637008070946}, ""validation"": {}}"
mkp,binary,max,weish19,bsma_v1_008,16,1831832139,7698,True,True,False,7698,True,0,best_known_reached,2.629669367102906,0.035807347856462,20020,,,"{""solve"": {""linprog_runtime"": 0.035807347856462}, ""validation"": {}}"
mkp,binary,max,weish20,bsma_v1_008,16,414295834,9450,True,True,False,9450,True,0,best_known_reached,9.110372873023152,0.02903709001839161,20020,,,"{""solve"": {""linprog_runtime"": 0.02903709001839161}, ""validation"": {}}"
mkp,binary,max,weish21,bsma_v1_008,16,1125989210,9074,True,True,False,9074,True,0,best_known_reached,16.023832920007408,0.017374632880091667,20020,,,"{""solve"": {""linprog_runtime"": 0.017374632880091667}, ""validation"": {}}"
mkp,binary,max,weish22,bsma_v1_008,16,99705685,8929,True,True,False,8947,False,18,max_iterations_reached,1328.3759736709762,0.03956416598521173,20020,,,"{""solve"": {""linprog_runtime"": 0.03956416598521173}, ""validation"": {}}"
mkp,binary,max,weish23,bsma_v1_008,16,653974555,8341,True,True,False,8344,False,3,max_iterations_reached,977.3029174178373,0.07949005207046866,20020,,,"{""solve"": {""linprog_runtime"": 0.07949005207046866}, ""validation"": {}}"
mkp,binary,max,weish24,bsma_v1_008,16,667816774,10220,True,True,False,10220,True,0,best_known_reached,227.3310743109323,0.014190350892022252,20020,,,"{""solve"": {""linprog_runtime"": 0.014190350892022252}, ""validation"": {}}"
mkp,binary,max,weish25,bsma_v1_008,16,762886816,9923,True,True,False,9939,False,16,max_iterations_reached,410.7816964779049,0.022079935064539313,20020,,,"{""solve"": {""linprog_runtime"": 0.022079935064539313}, ""validation"": {}}"
mkp,binary,max,weish26,bsma_v1_008,16,1670458988,9584,True,True,False,9584,True,0,best_known_reached,7.331018591066822,0.032874594908207655,20020,,,"{""solve"": {""linprog_runtime"": 0.032874594908207655}, ""validation"": {}}"
mkp,binary,max,weish27,bsma_v1_008,16,527340878,9819,True,True,False,9819,True,0,best_known_reached,10.898990869056433,0.023841283982619643,20020,,,"{""solve"": {""linprog_runtime"": 0.023841283982619643}, ""validation"": {}}"
mkp,binary,max,weish28,bsma_v1_008,16,1275978395,9492,True,True,False,9492,True,0,best_known_reached,0.2938873351085931,0.007647993043065071,20020,,,"{""solve"": {""linprog_runtime"": 0.007647993043065071}, ""validation"": {}}"
mkp,binary,max,weish29,bsma_v1_008,16,32133472,9410,True,True,False,9410,True,0,best_known_reached,1.8703368708956987,0.0067817941308021545,20020,,,"{""solve"": {""linprog_runtime"": 0.0067817941308021545}, ""validation"": {}}"
mkp,binary,max,weish30,bsma_v1_008,16,1936310993,11191,True,True,False,11191,True,0,best_known_reached,92.70097508491017,0.007319592870771885,20020,,,"{""solve"": {""linprog_runtime"": 0.007319592870771885}, ""validation"": {}}"
mkp,binary,max,weish01,bsma_v1_008,17,290639672,4554,True,True,False,4554,True,0,best_known_reached,2.9272982829716057,0.5552153179887682,20020,,,"{""solve"": {""linprog_runtime"": 0.5552153179887682}, ""validation"": {}}"
mkp,binary,max,weish02,bsma_v1_008,17,1498334939,4536,True,True,False,4536,True,0,best_known_reached,11.811797415837646,0.03172279102727771,20020,,,"{""solve"": {""linprog_runtime"": 0.03172279102727771}, ""validation"": {}}"
mkp,binary,max,weish03,bsma_v1_008,17,753487146,4115,True,True,False,4115,True,0,best_known_reached,4.661878356942907,0.040712893940508366,20020,,,"{""solve"": {""linprog_runtime"": 0.040712893940508366}, ""validation"": {}}"
mkp,binary,max,weish04,bsma_v1_008,17,1702191948,4561,True,True,False,4561,True,0,best_known_reached,0.830651419935748,0.02102309511974454,20020,,,"{""solve"": {""linprog_runtime"": 0.02102309511974454}, ""validation"": {}}"
mkp,binary,max,weish05,bsma_v1_008,17,469650863,4514,True,True,False,4514,True,0,best_known_reached,1.416612904984504,0.00969599699601531,20020,,,"{""solve"": {""linprog_runtime"": 0.00969599699601531}, ""validation"": {}}"
mkp,binary,max,weish06,bsma_v1_008,17,267839886,5557,True,True,False,5557,True,0,best_known_reached,21.394756521098316,0.09192381892353296,20020,,,"{""solve"": {""linprog_runtime"": 0.09192381892353296}, ""validation"": {}}"
mkp,binary,max,weish07,bsma_v1_008,17,1196510559,5567,True,True,False,5567,True,0,best_known_reached,4.9637339289765805,0.039172091986984015,20020,,,"{""solve"": {""linprog_runtime"": 0.039172091986984015}, ""validation"": {}}"
mkp,binary,max,weish08,bsma_v1_008,17,221701978,5605,True,True,False,5605,True,0,best_known_reached,5.342060498893261,0.056204644963145256,20020,,,"{""solve"": {""linprog_runtime"": 0.056204644963145256}, ""validation"": {}}"
mkp,binary,max,weish09,bsma_v1_008,17,620910733,5246,True,True,False,5246,True,0,best_known_reached,1.8733557341620326,0.06755628110840917,20020,,,"{""solve"": {""linprog_runtime"": 0.06755628110840917}, ""validation"": {}}"
mkp,binary,max,weish10,bsma_v1_008,17,2035767364,6339,True,True,False,6339,True,0,best_known_reached,69.65926071512513,0.05088285985402763,20020,,,"{""solve"": {""linprog_runtime"": 0.05088285985402763}, ""validation"": {}}"
mkp,binary,max,weish11,bsma_v1_008,17,23085527,5643,True,True,False,5643,True,0,best_known_reached,1.7612272161059082,0.02144919685088098,20020,,,"{""solve"": {""linprog_runtime"": 0.02144919685088098}, ""validation"": {}}"
mkp,binary,max,weish12,bsma_v1_008,17,1433530973,6339,True,True,False,6339,True,0,best_known_reached,29.225388745078817,0.020448004826903343,20020,,,"{""solve"": {""linprog_runtime"": 0.020448004826903343}, ""validation"": {}}"
mkp,binary,max,weish13,bsma_v1_008,17,1513957076,6159,True,True,False,6159,True,0,best_known_reached,2.506201642099768,0.021921509876847267,20020,,,"{""solve"": {""linprog_runtime"": 0.021921509876847267}, ""validation"": {}}"
mkp,binary,max,weish14,bsma_v1_008,17,680450079,6954,True,True,False,6954,True,0,best_known_reached,7.146352333948016,0.03094764519482851,20020,,,"{""solve"": {""linprog_runtime"": 0.03094764519482851}, ""validation"": {}}"
mkp,binary,max,weish15,bsma_v1_008,17,748456673,7486,True,True,False,7486,True,0,best_known_reached,8.327076237881556,0.028077293187379837,20020,,,"{""solve"": {""linprog_runtime"": 0.028077293187379837}, ""validation"": {}}"
mkp,binary,max,weish16,bsma_v1_008,17,1948344204,7289,True,True,False,7289,True,0,best_known_reached,326.75917423400097,0.01852120109833777,20020,,,"{""solve"": {""linprog_runtime"": 0.01852120109833777}, ""validation"": {}}"
mkp,binary,max,weish17,bsma_v1_008,17,600574899,8633,True,True,False,8633,True,0,best_known_reached,38.12971575697884,0.023480314062908292,20020,,,"{""solve"": {""linprog_runtime"": 0.023480314062908292}, ""validation"": {}}"
mkp,binary,max,weish18,bsma_v1_008,17,722226027,9580,True,True,False,9580,True,0,best_known_reached,805.2681335769594,0.04626900400035083,20020,,,"{""solve"": {""linprog_runtime"": 0.04626900400035083}, ""validation"": {}}"
mkp,binary,max,weish19,bsma_v1_008,17,1189068895,7698,True,True,False,7698,True,0,best_known_reached,1.8437740101944655,0.05266023403964937,20020,,,"{""solve"": {""linprog_runtime"": 0.05266023403964937}, ""validation"": {}}"
mkp,binary,max,weish20,bsma_v1_008,17,1030017234,9450,True,True,False,9450,True,0,best_known_reached,14.943912981078029,0.06108222994953394,20020,,,"{""solve"": {""linprog_runtime"": 0.06108222994953394}, ""validation"": {}}"
mkp,binary,max,weish21,bsma_v1_008,17,1143908233,9074,True,True,False,9074,True,0,best_known_reached,93.1557666438166,0.04735785396769643,20020,,,"{""solve"": {""linprog_runtime"": 0.04735785396769643}, ""validation"": {}}"
mkp,binary,max,weish22,bsma_v1_008,17,1666245715,8929,True,True,False,8947,False,18,max_iterations_reached,1240.449088620022,0.03628633893094957,20020,,,"{""solve"": {""linprog_runtime"": 0.03628633893094957}, ""validation"": {}}"
mkp,binary,max,weish23,bsma_v1_008,17,1778566923,8341,True,True,False,8344,False,3,max_iterations_reached,863.6972433710471,0.022571396082639694,20020,,,"{""solve"": {""linprog_runtime"": 0.022571396082639694}, ""validation"": {}}"
mkp,binary,max,weish24,bsma_v1_008,17,1246018446,10220,True,True,False,10220,True,0,best_known_reached,12.395876989001408,0.03566535818390548,20020,,,"{""solve"": {""linprog_runtime"": 0.03566535818390548}, ""validation"": {}}"
mkp,binary,max,weish25,bsma_v1_008,17,234750190,9939,True,True,False,9939,True,0,best_known_reached,196.20346730900928,0.015382878016680479,20020,,,"{""solve"": {""linprog_runtime"": 0.015382878016680479}, ""validation"": {}}"
mkp,binary,max,weish26,bsma_v1_008,17,1508214662,9584,True,True,False,9584,True,0,best_known_reached,26.464446182828397,0.02521187113597989,20020,,,"{""solve"": {""linprog_runtime"": 0.02521187113597989}, ""validation"": {}}"
mkp,binary,max,weish27,bsma_v1_008,17,1644108629,9819,True,True,False,9819,True,0,best_known_reached,1.6716721430420876,0.016373796155676246,20020,,,"{""solve"": {""linprog_runtime"": 0.016373796155676246}, ""validation"": {}}"
mkp,binary,max,weish28,bsma_v1_008,17,433029691,9492,True,True,False,9492,True,0,best_known_reached,0.5826461119577289,0.012316795997321606,20020,,,"{""solve"": {""linprog_runtime"": 0.012316795997321606}, ""validation"": {}}"
mkp,binary,max,weish29,bsma_v1_008,17,500877916,9410,True,True,False,9410,True,0,best_known_reached,1.4790629791095853,0.006727197906002402,20020,,,"{""solve"": {""linprog_runtime"": 0.006727197906002402}, ""validation"": {}}"
mkp,binary,max,weish30,bsma_v1_008,17,2042458994,11191,True,True,False,11191,True,0,best_known_reached,106.79280414595269,0.019366991939023137,20020,,,"{""solve"": {""linprog_runtime"": 0.019366991939023137}, ""validation"": {}}"
mkp,binary,max,weish01,bsma_v1_008,18,121373002,4554,True,True,False,4554,True,0,best_known_reached,4.92885645898059,0.42856162297539413,20020,,,"{""solve"": {""linprog_runtime"": 0.42856162297539413}, ""validation"": {}}"
mkp,binary,max,weish02,bsma_v1_008,18,742203381,4536,True,True,False,4536,True,0,best_known_reached,9.56898971600458,0.07524135988205671,20020,,,"{""solve"": {""linprog_runtime"": 0.07524135988205671}, ""validation"": {}}"
mkp,binary,max,weish03,bsma_v1_008,18,1559328093,4115,True,True,False,4115,True,0,best_known_reached,2.5361816938966513,0.07779098814353347,20020,,,"{""solve"": {""linprog_runtime"": 0.07779098814353347}, ""validation"": {}}"
mkp,binary,max,weish04,bsma_v1_008,18,1719467296,4561,True,True,False,4561,True,0,best_known_reached,1.1115547951776534,0.09477368392981589,20020,,,"{""solve"": {""linprog_runtime"": 0.09477368392981589}, ""validation"": {}}"
mkp,binary,max,weish05,bsma_v1_008,18,2055928215,4514,True,True,False,4514,True,0,best_known_reached,13.397650270024315,0.032887694193050265,20020,,,"{""solve"": {""linprog_runtime"": 0.032887694193050265}, ""validation"": {}}"
mkp,binary,max,weish06,bsma_v1_008,18,1827442245,5557,True,True,False,5557,True,0,best_known_reached,15.198404116090387,0.13447369006462395,20020,,,"{""solve"": {""linprog_runtime"": 0.13447369006462395}, ""validation"": {}}"
mkp,binary,max,weish07,bsma_v1_008,18,1713087489,5567,True,True,False,5567,True,0,best_known_reached,21.833523778943345,0.045373436994850636,20020,,,"{""solve"": {""linprog_runtime"": 0.045373436994850636}, ""validation"": {}}"
mkp,binary,max,weish08,bsma_v1_008,18,1870811689,5605,True,True,False,5605,True,0,best_known_reached,80.65487685799599,0.18486778787337244,20020,,,"{""solve"": {""linprog_runtime"": 0.18486778787337244}, ""validation"": {}}"
mkp,binary,max,weish09,bsma_v1_008,18,1618003307,5246,True,True,False,5246,True,0,best_known_reached,2.383740757824853,0.12598436907865107,20020,,,"{""solve"": {""linprog_runtime"": 0.12598436907865107}, ""validation"": {}}"
mkp,binary,max,weish10,bsma_v1_008,18,1547413732,6339,True,True,False,6339,True,0,best_known_reached,82.96407724381424,0.03548281895928085,20020,,,"{""solve"": {""linprog_runtime"": 0.03548281895928085}, ""validation"": {}}"
mkp,binary,max,weish11,bsma_v1_008,18,1039696726,5643,True,True,False,5643,True,0,best_known_reached,2.1304606050252914,0.08851681789383292,20020,,,"{""solve"": {""linprog_runtime"": 0.08851681789383292}, ""validation"": {}}"
mkp,binary,max,weish12,bsma_v1_008,18,2133098862,6339,True,True,False,6339,True,0,best_known_reached,351.8279302380979,0.030123505974188447,20020,,,"{""solve"": {""linprog_runtime"": 0.030123505974188447}, ""validation"": {}}"
mkp,binary,max,weish13,bsma_v1_008,18,919760160,6159,True,True,False,6159,True,0,best_known_reached,2.258919205982238,0.028395608067512512,20020,,,"{""solve"": {""linprog_runtime"": 0.028395608067512512}, ""validation"": {}}"
mkp,binary,max,weish14,bsma_v1_008,18,1251106642,6954,True,True,False,6954,True,0,best_known_reached,6.118971996940672,0.03806430986151099,20020,,,"{""solve"": {""linprog_runtime"": 0.03806430986151099}, ""validation"": {}}"
mkp,binary,max,weish15,bsma_v1_008,18,1574604004,7486,True,True,False,7486,True,0,best_known_reached,13.50152419717051,0.19237318797968328,20020,,,"{""solve"": {""linprog_runtime"": 0.19237318797968328}, ""validation"": {}}"
mkp,binary,max,weish16,bsma_v1_008,18,343476354,7289,True,True,False,7289,True,0,best_known_reached,34.36581700807437,0.12347825895994902,20020,,,"{""solve"": {""linprog_runtime"": 0.12347825895994902}, ""validation"": {}}"
mkp,binary,max,weish17,bsma_v1_008,18,1060883285,8633,True,True,False,8633,True,0,best_known_reached,82.5803755579982,0.0415755920112133,20020,,,"{""solve"": {""linprog_runtime"": 0.0415755920112133}, ""validation"": {}}"
mkp,binary,max,weish18,bsma_v1_008,18,507908733,9580,True,True,False,9580,True,0,best_known_reached,184.75490156910382,0.04943969799205661,20020,,,"{""solve"": {""linprog_runtime"": 0.04943969799205661}, ""validation"": {}}"
mkp,binary,max,weish19,bsma_v1_008,18,984457090,7698,True,True,False,7698,True,0,best_known_reached,6.191827042028308,0.09604349196888506,20020,,,"{""solve"": {""linprog_runtime"": 0.09604349196888506}, ""validation"": {}}"
mkp,binary,max,weish20,bsma_v1_008,18,523887536,9450,True,True,False,9450,True,0,best_known_reached,76.83419001102448,0.052340788999572396,20020,,,"{""solve"": {""linprog_runtime"": 0.052340788999572396}, ""validation"": {}}"
mkp,binary,max,weish21,bsma_v1_008,18,183461947,9074,True,True,False,9074,True,0,best_known_reached,41.54775979183614,0.03035766980610788,20020,,,"{""solve"": {""linprog_runtime"": 0.03035766980610788}, ""validation"": {}}"
mkp,binary,max,weish22,bsma_v1_008,18,1500907310,8947,True,True,False,8947,True,0,best_known_reached,520.1801017848775,0.03021048102527857,20020,,,"{""solve"": {""linprog_runtime"": 0.03021048102527857}, ""validation"": {}}"
mkp,binary,max,weish23,bsma_v1_008,18,153666038,8344,True,True,False,8344,True,0,best_known_reached,193.38432662491687,0.09584358893334866,20020,,,"{""solve"": {""linprog_runtime"": 0.09584358893334866}, ""validation"": {}}"
mkp,binary,max,weish24,bsma_v1_008,18,1721189224,10200,True,True,False,10220,False,20,max_iterations_reached,1208.9639594540931,0.03808887209743261,20020,,,"{""solve"": {""linprog_runtime"": 0.03808887209743261}, ""validation"": {}}"
mkp,binary,max,weish25,bsma_v1_008,18,1147298495,9923,True,True,False,9939,False,16,max_iterations_reached,724.5176129259635,0.04215842601843178,20020,,,"{""solve"": {""linprog_runtime"": 0.04215842601843178}, ""validation"": {}}"
mkp,binary,max,weish26,bsma_v1_008,18,894129061,9584,True,True,False,9584,True,0,best_known_reached,14.347621530061588,0.01098128710873425,20020,,,"{""solve"": {""linprog_runtime"": 0.01098128710873425}, ""validation"": {}}"
mkp,binary,max,weish27,bsma_v1_008,18,1485222107,9819,True,True,False,9819,True,0,best_known_reached,2.3323963549919426,0.011289766058325768,20020,,,"{""solve"": {""linprog_runtime"": 0.011289766058325768}, ""validation"": {}}"
mkp,binary,max,weish28,bsma_v1_008,18,104753706,9492,True,True,False,9492,True,0,best_known_reached,0.8187546078115702,0.01680947793647647,20020,,,"{""solve"": {""linprog_runtime"": 0.01680947793647647}, ""validation"": {}}"
mkp,binary,max,weish29,bsma_v1_008,18,1103881163,9410,True,True,False,9410,True,0,best_known_reached,1.6457075059879571,0.00990558578632772,20020,,,"{""solve"": {""linprog_runtime"": 0.00990558578632772}, ""validation"": {}}"
mkp,binary,max,weish30,bsma_v1_008,18,18085348,11191,True,True,False,11191,True,0,best_known_reached,116.84789126599208,0.020819869823753834,20020,,,"{""solve"": {""linprog_runtime"": 0.020819869823753834}, ""validation"": {}}"
mkp,binary,max,weish01,bsma_v1_008,19,221726947,4554,True,True,False,4554,True,0,best_known_reached,9.954661612166092,0.44429283612407744,20020,,,"{""solve"": {""linprog_runtime"": 0.44429283612407744}, ""validation"": {}}"
mkp,binary,max,weish02,bsma_v1_008,19,67575478,4536,True,True,False,4536,True,0,best_known_reached,1.7883546620141715,0.061229296028614044,20020,,,"{""solve"": {""linprog_runtime"": 0.061229296028614044}, ""validation"": {}}"
mkp,binary,max,weish03,bsma_v1_008,19,167533369,4115,True,True,False,4115,True,0,best_known_reached,17.573481244966388,0.08815139206126332,20020,,,"{""solve"": {""linprog_runtime"": 0.08815139206126332}, ""validation"": {}}"
mkp,binary,max,weish04,bsma_v1_008,19,1318772176,4561,True,True,False,4561,True,0,best_known_reached,1.3648601360619068,0.04151499806903303,20020,,,"{""solve"": {""linprog_runtime"": 0.04151499806903303}, ""validation"": {}}"
mkp,binary,max,weish05,bsma_v1_008,19,241384107,4514,True,True,False,4514,True,0,best_known_reached,2.3304983389098197,0.04009479796513915,20020,,,"{""solve"": {""linprog_runtime"": 0.04009479796513915}, ""validation"": {}}"
mkp,binary,max,weish06,bsma_v1_008,19,1518010439,5557,True,True,False,5557,True,0,best_known_reached,3.7787437909282744,0.0679325950331986,20020,,,"{""solve"": {""linprog_runtime"": 0.0679325950331986}, ""validation"": {}}"
mkp,binary,max,weish07,bsma_v1_008,19,1802661600,5567,True,True,False,5567,True,0,best_known_reached,1.602116673020646,0.06877447804436088,20020,,,"{""solve"": {""linprog_runtime"": 0.06877447804436088}, ""validation"": {}}"
mkp,binary,max,weish08,bsma_v1_008,19,490466626,5605,True,True,False,5605,True,0,best_known_reached,17.641423113178462,0.03658389509655535,20020,,,"{""solve"": {""linprog_runtime"": 0.03658389509655535}, ""validation"": {}}"
mkp,binary,max,weish09,bsma_v1_008,19,884776024,5246,True,True,False,5246,True,0,best_known_reached,2.878404320916161,0.09263070905581117,20020,,,"{""solve"": {""linprog_runtime"": 0.09263070905581117}, ""validation"": {}}"
mkp,binary,max,weish10,bsma_v1_008,19,178455963,6339,True,True,False,6339,True,0,best_known_reached,96.10438777203672,0.03448498900979757,20020,,,"{""solve"": {""linprog_runtime"": 0.03448498900979757}, ""validation"": {}}"
mkp,binary,max,weish11,bsma_v1_008,19,1343348788,5643,True,True,False,5643,True,0,best_known_reached,1.5624458729289472,0.0951118478551507,20020,,,"{""solve"": {""linprog_runtime"": 0.0951118478551507}, ""validation"": {}}"
mkp,binary,max,weish12,bsma_v1_008,19,1889959752,6339,True,True,False,6339,True,0,best_known_reached,8.070692131994292,0.018911909079179168,20020,,,"{""solve"": {""linprog_runtime"": 0.018911909079179168}, ""validation"": {}}"
mkp,binary,max,weish13,bsma_v1_008,19,1430953242,6159,True,True,False,6159,True,0,best_known_reached,12.95922683714889,0.08175438083708286,20020,,,"{""solve"": {""linprog_runtime"": 0.08175438083708286}, ""validation"": {}}"
mkp,binary,max,weish14,bsma_v1_008,19,569074397,6954,True,True,False,6954,True,0,best_known_reached,7.751526428153738,0.045629499945789576,20020,,,"{""solve"": {""linprog_runtime"": 0.045629499945789576}, ""validation"": {}}"
mkp,binary,max,weish15,bsma_v1_008,19,543087303,7486,True,True,False,7486,True,0,best_known_reached,8.478875489905477,0.14533490920439363,20020,,,"{""solve"": {""linprog_runtime"": 0.14533490920439363}, ""validation"": {}}"
mkp,binary,max,weish16,bsma_v1_008,19,746029131,7289,True,True,False,7289,True,0,best_known_reached,32.128206162014976,0.08603639085777104,20020,,,"{""solve"": {""linprog_runtime"": 0.08603639085777104}, ""validation"": {}}"
mkp,binary,max,weish17,bsma_v1_008,19,2090003025,8633,True,True,False,8633,True,0,best_known_reached,32.25647345697507,0.09042593813501298,20020,,,"{""solve"": {""linprog_runtime"": 0.09042593813501298}, ""validation"": {}}"
mkp,binary,max,weish18,bsma_v1_008,19,1513696151,9580,True,True,False,9580,True,0,best_known_reached,268.67023268691264,0.04662609798833728,20020,,,"{""solve"": {""linprog_runtime"": 0.04662609798833728}, ""validation"": {}}"
mkp,binary,max,weish19,bsma_v1_008,19,1802171248,7698,True,True,False,7698,True,0,best_known_reached,11.692956563085318,0.09030642104335129,20020,,,"{""solve"": {""linprog_runtime"": 0.09030642104335129}, ""validation"": {}}"
mkp,binary,max,weish20,bsma_v1_008,19,818511529,9450,True,True,False,9450,True,0,best_known_reached,98.62207785085775,0.029716002056375146,20020,,,"{""solve"": {""linprog_runtime"": 0.029716002056375146}, ""validation"": {}}"
mkp,binary,max,weish21,bsma_v1_008,19,1111958487,9074,True,True,False,9074,True,0,best_known_reached,177.37979549192823,0.06402949686162174,20020,,,"{""solve"": {""linprog_runtime"": 0.06402949686162174}, ""validation"": {}}"
mkp,binary,max,weish22,bsma_v1_008,19,39046522,8929,True,True,False,8947,False,18,max_iterations_reached,1412.7336300748866,0.04723196290433407,20020,,,"{""solve"": {""linprog_runtime"": 0.04723196290433407}, ""validation"": {}}"
mkp,binary,max,weish23,bsma_v1_008,19,761574087,8344,True,True,False,8344,True,0,best_known_reached,32.69262917293236,0.1591898410115391,20020,,,"{""solve"": {""linprog_runtime"": 0.1591898410115391}, ""validation"": {}}"
mkp,binary,max,weish24,bsma_v1_008,19,1544012201,10220,True,True,False,10220,True,0,best_known_reached,33.92239617998712,0.05048941192217171,20020,,,"{""solve"": {""linprog_runtime"": 0.05048941192217171}, ""validation"": {}}"
mkp,binary,max,weish25,bsma_v1_008,19,1587900026,9923,True,True,False,9939,False,16,max_iterations_reached,1030.0819123180117,0.05894739693030715,20020,,,"{""solve"": {""linprog_runtime"": 0.05894739693030715}, ""validation"": {}}"
mkp,binary,max,weish26,bsma_v1_008,19,1497455657,9584,True,True,False,9584,True,0,best_known_reached,8.446117657003924,0.04433924495242536,20020,,,"{""solve"": {""linprog_runtime"": 0.04433924495242536}, ""validation"": {}}"
mkp,binary,max,weish27,bsma_v1_008,19,1813104546,9819,True,True,False,9819,True,0,best_known_reached,10.179824267048389,0.05785061209462583,20020,,,"{""solve"": {""linprog_runtime"": 0.05785061209462583}, ""validation"": {}}"
mkp,binary,max,weish28,bsma_v1_008,19,1529923624,9492,True,True,False,9492,True,0,best_known_reached,3.2819062368944287,0.052417939994484186,20020,,,"{""solve"": {""linprog_runtime"": 0.052417939994484186}, ""validation"": {}}"
mkp,binary,max,weish29,bsma_v1_008,19,771179740,9410,True,True,False,9410,True,0,best_known_reached,1.2153787831775844,0.015742060961201787,20020,,,"{""solve"": {""linprog_runtime"": 0.015742060961201787}, ""validation"": {}}"
mkp,binary,max,weish30,bsma_v1_008,19,1613942432,11191,True,True,False,11191,True,0,best_known_reached,24.722928358009085,0.0302191199734807,20020,,,"{""solve"": {""linprog_runtime"": 0.0302191199734807}, ""validation"": {}}"
