problem_type,encoding,direction,problem_id,solver_id,repeat_index,seed,best_objective,feasible,objective_valid,objective_mismatch,best_known,best_known_reached,best_known_gap,stop_reason,runtime,linprog_runtime,evaluation_count,error,excluded_reason,metadata_json
mkp,binary,max,weish01,bsma_numba,0,84423235,4554,True,True,False,4554,True,0,best_known_reached,6.340682035079226,0.04687011707574129,20020,,,"{""solve"": {""linprog_runtime"": 0.04687011707574129, ""numba"": true}, ""validation"": {}}"
mkp,binary,max,weish02,bsma_numba,0,655708457,4536,True,True,False,4536,True,0,best_known_reached,0.2431376539170742,0.026695659151300788,20020,,,"{""solve"": {""linprog_runtime"": 0.026695659151300788, ""numba"": true}, ""validation"": {}}"
mkp,binary,max,weish03,bsma_numba,0,2054550159,4115,True,True,False,4115,True,0,best_known_reached,0.3002122070174664,0.02505444292910397,20020,,,"{""solve"": {""linprog_runtime"": 0.02505444292910397, ""numba"": true}, ""validation"": {}}"
mkp,binary,max,weish04,bsma_numba,0,1679993745,4561,True,True,False,4561,True,0,best_known_reached,0.25228914292529225,0.05399082321673632,20020,,,"{""solve"": {""linprog_runtime"": 0.05399082321673632, ""numba"": true}, ""validation"": {}}"
mkp,binary,max,weish05,bsma_numba,0,201576323,4514,True,True,False,4514,True,0,best_known_reached,0.24729159008711576,0.0744739209767431,20020,,,"{""solve"": {""linprog_runtime"": 0.0744739209767431, ""numba"": true}, ""validation"": {}}"
mkp,binary,max,weish06,bsma_numba,0,711763269,5557,True,True,False,5557,True,0,best_known_reached,0.3239962039515376,0.073888607788831,20020,,,"{""solve"": {""linprog_runtime"": 0.073888607788831, ""numba"": true}, ""validation"": {}}"
mkp,binary,max,weish07,bsma_numba,0,1979146961,5567,True,True,False,5567,True,0,best_known_reached,0.22351184207946062,0.03691935306414962,20020,,,"{""solve"": {""linprog_runtime"": 0.03691935306414962, ""numba"": true}, ""validation"": {}}"
mkp,binary,max,weish08,bsma_numba,0,1538183489,5605,True,True,False,5605,True,0,best_known_reached,0.3155954871326685,0.038565370021387935,20020,,,"{""solve"": {""linprog_runtime"": 0.038565370021387935, ""numba"": true}, ""validation"": {}}"
mkp,binary,max,weish09,bsma_numba,0,560455319,5246,True,True,False,5246,True,0,best_known_reached,0.2174395800102502,0.040587892988696694,20020,,,"{""solve"": {""linprog_runtime"": 0.040587892988696694, ""numba"": true}, ""validation"": {}}"
mkp,binary,max,weish10,bsma_numba,0,1443646942,6339,True,True,False,6339,True,0,best_known_reached,0.3495206849183887,0.022624682867899537,20020,,,"{""solve"": {""linprog_runtime"": 0.022624682867899537, ""numba"": true}, ""validation"": {}}"
mkp,binary,max,weish11,bsma_numba,0,1075993864,5643,True,True,False,5643,True,0,best_known_reached,0.4032156050670892,0.06687985197640955,20020,,,"{""solve"": {""linprog_runtime"": 0.06687985197640955, ""numba"": true}, ""validation"": {}}"
mkp,binary,max,weish12,bsma_numba,0,657139725,6339,True,True,False,6339,True,0,best_known_reached,0.6278422849718481,0.056820605183020234,20020,,,"{""solve"": {""linprog_runtime"": 0.056820605183020234, ""numba"": true}, ""validation"": {}}"
mkp,binary,max,weish13,bsma_numba,0,89876245,6159,True,True,False,6159,True,0,best_known_reached,0.37372952001169324,0.029254944995045662,20020,,,"{""solve"": {""linprog_runtime"": 0.029254944995045662, ""numba"": true}, ""validation"": {}}"
mkp,binary,max,weish14,bsma_numba,0,500931189,6954,True,True,False,6954,True,0,best_known_reached,0.3947378769516945,0.06160867400467396,20020,,,"{""solve"": {""linprog_runtime"": 0.06160867400467396, ""numba"": true}, ""validation"": {}}"
mkp,binary,max,weish15,bsma_numba,0,123084166,7486,True,True,False,7486,True,0,best_known_reached,0.5437432629987597,0.05623059603385627,20020,,,"{""solve"": {""linprog_runtime"": 0.05623059603385627, ""numba"": true}, ""validation"": {}}"
mkp,binary,max,weish16,bsma_numba,0,1781635866,7289,True,True,False,7289,True,0,best_known_reached,6.117968129226938,0.022040880983695388,20020,,,"{""solve"": {""linprog_runtime"": 0.022040880983695388, ""numba"": true}, ""validation"": {}}"
mkp,binary,max,weish17,bsma_numba,0,1172044099,8633,True,True,False,8633,True,0,best_known_reached,0.5164636729750782,0.06868535210378468,20020,,,"{""solve"": {""linprog_runtime"": 0.06868535210378468, ""numba"": true}, ""validation"": {}}"
mkp,binary,max,weish18,bsma_numba,0,1325807667,9580,True,True,False,9580,True,0,best_known_reached,4.074787280056626,0.04986524605192244,20020,,,"{""solve"": {""linprog_runtime"": 0.04986524605192244, ""numba"": true}, ""validation"": {}}"
mkp,binary,max,weish19,bsma_numba,0,1662344057,7698,True,True,False,7698,True,0,best_known_reached,0.5281269440893084,0.0952397771179676,20020,,,"{""solve"": {""linprog_runtime"": 0.0952397771179676, ""numba"": true}, ""validation"": {}}"
mkp,binary,max,weish20,bsma_numba,0,898237101,9450,True,True,False,9450,True,0,best_known_reached,0.6276878998614848,0.028377099195495248,20020,,,"{""solve"": {""linprog_runtime"": 0.028377099195495248, ""numba"": true}, ""validation"": {}}"
mkp,binary,max,weish21,bsma_numba,0,1346829488,9074,True,True,False,9074,True,0,best_known_reached,0.5452984960284084,0.06794887618161738,20020,,,"{""solve"": {""linprog_runtime"": 0.06794887618161738, ""numba"": true}, ""validation"": {}}"
mkp,binary,max,weish22,bsma_numba,0,1713175407,8929,True,True,False,8947,False,18,max_iterations_reached,14.362069346942008,0.034165635937824845,20020,,,"{""solve"": {""linprog_runtime"": 0.034165635937824845, ""numba"": true}, ""validation"": {}}"
mkp,binary,max,weish23,bsma_numba,0,1801938352,8344,True,True,False,8344,True,0,best_known_reached,2.9180374320130795,0.05367942503653467,20020,,,"{""solve"": {""linprog_runtime"": 0.05367942503653467, ""numba"": true}, ""validation"": {}}"
mkp,binary,max,weish24,bsma_numba,0,808365409,10220,True,True,False,10220,True,0,best_known_reached,0.8796062839683145,0.029267964884638786,20020,,,"{""solve"": {""linprog_runtime"": 0.029267964884638786, ""numba"": true}, ""validation"": {}}"
mkp,binary,max,weish25,bsma_numba,0,1533391870,9923,True,True,False,9939,False,16,max_iterations_reached,9.663042325992137,0.08641539188101888,20020,,,"{""solve"": {""linprog_runtime"": 0.08641539188101888, ""numba"": true}, ""validation"": {}}"
mkp,binary,max,weish26,bsma_numba,0,2088688543,9584,True,True,False,9584,True,0,best_known_reached,0.22114911582320929,0.031455646036192775,20020,,,"{""solve"": {""linprog_runtime"": 0.031455646036192775, ""numba"": true}, ""validation"": {}}"
mkp,binary,max,weish27,bsma_numba,0,1884739677,9819,True,True,False,9819,True,0,best_known_reached,0.16849577496759593,0.013274134835228324,20020,,,"{""solve"": {""linprog_runtime"": 0.013274134835228324, ""numba"": true}, ""validation"": {}}"
mkp,binary,max,weish28,bsma_numba,0,542690081,9492,True,True,False,9492,True,0,best_known_reached,0.09467253601178527,0.009088154882192612,20020,,,"{""solve"": {""linprog_runtime"": 0.009088154882192612, ""numba"": true}, ""validation"": {}}"
mkp,binary,max,weish29,bsma_numba,0,2138923074,9410,True,True,False,9410,True,0,best_known_reached,0.1059287809766829,0.012381938984617591,20020,,,"{""solve"": {""linprog_runtime"": 0.012381938984617591, ""numba"": true}, ""validation"": {}}"
mkp,binary,max,weish30,bsma_numba,0,28164243,11191,True,True,False,11191,True,0,best_known_reached,0.5872111988719553,0.006442069076001644,20020,,,"{""solve"": {""linprog_runtime"": 0.006442069076001644, ""numba"": true}, ""validation"": {}}"
mkp,binary,max,weish01,bsma_numba,1,1552476262,4554,True,True,False,4554,True,0,best_known_reached,5.770028758095577,0.12256828299723566,20020,,,"{""solve"": {""linprog_runtime"": 0.12256828299723566, ""numba"": true}, ""validation"": {}}"
mkp,binary,max,weish02,bsma_numba,1,1427978743,4536,True,True,False,4536,True,0,best_known_reached,0.2779654210899025,0.01821437804028392,20020,,,"{""solve"": {""linprog_runtime"": 0.01821437804028392, ""numba"": true}, ""validation"": {}}"
mkp,binary,max,weish03,bsma_numba,1,2057846204,4115,True,True,False,4115,True,0,best_known_reached,0.2475476241670549,0.052102210000157356,20020,,,"{""solve"": {""linprog_runtime"": 0.052102210000157356, ""numba"": true}, ""validation"": {}}"
mkp,binary,max,weish04,bsma_numba,1,732354600,4561,True,True,False,4561,True,0,best_known_reached,0.2123904579784721,0.027821870055049658,20020,,,"{""solve"": {""linprog_runtime"": 0.027821870055049658, ""numba"": true}, ""validation"": {}}"
mkp,binary,max,weish05,bsma_numba,1,1920159865,4514,True,True,False,4514,True,0,best_known_reached,0.2648258649278432,0.037780765909701586,20020,,,"{""solve"": {""linprog_runtime"": 0.037780765909701586, ""numba"": true}, ""validation"": {}}"
mkp,binary,max,weish06,bsma_numba,1,147162309,5557,True,True,False,5557,True,0,best_known_reached,0.3085963891353458,0.04906357591971755,20020,,,"{""solve"": {""linprog_runtime"": 0.04906357591971755, ""numba"": true}, ""validation"": {}}"
mkp,binary,max,weish07,bsma_numba,1,592349587,5567,True,True,False,5567,True,0,best_known_reached,0.2140483718831092,0.021019303938373923,20020,,,"{""solve"": {""linprog_runtime"": 0.021019303938373923, ""numba"": true}, ""validation"": {}}"
mkp,binary,max,weish08,bsma_numba,1,2017880792,5605,True,True,False,5605,True,0,best_known_reached,0.2187962958123535,0.01758496812544763,20020,,,"{""solve"": {""linprog_runtime"": 0.01758496812544763, ""numba"": true}, ""validation"": {}}"
mkp,binary,max,weish09,bsma_numba,1,2030193097,5246,True,True,False,5246,True,0,best_known_reached,0.21459105610847473,0.03160570305772126,20020,,,"{""solve"": {""linprog_runtime"": 0.03160570305772126, ""numba"": true}, ""validation"": {}}"
mkp,binary,max,weish10,bsma_numba,1,1367315201,6339,True,True,False,6339,True,0,best_known_reached,0.2799224811606109,0.04769945703446865,20020,,,"{""solve"": {""linprog_runtime"": 0.04769945703446865, ""numba"": true}, ""validation"": {}}"
mkp,binary,max,weish11,bsma_numba,1,839415973,5643,True,True,False,5643,True,0,best_known_reached,0.22909368784166873,0.029411582043394446,20020,,,"{""solve"": {""linprog_runtime"": 0.029411582043394446, ""numba"": true}, ""validation"": {}}"
mkp,binary,max,weish12,bsma_numba,1,1778864903,6339,True,True,False,6339,True,0,best_known_reached,0.8450510120019317,0.03047034307383001,20020,,,"{""solve"": {""linprog_runtime"": 0.03047034307383001, ""numba"": true}, ""validation"": {}}"
mkp,binary,max,weish13,bsma_numba,1,1016384456,6159,True,True,False,6159,True,0,best_known_reached,0.2571640550158918,0.03319742786698043,20020,,,"{""solve"": {""linprog_runtime"": 0.03319742786698043, ""numba"": true}, ""validation"": {}}"
mkp,binary,max,weish14,bsma_numba,1,272374753,6954,True,True,False,6954,True,0,best_known_reached,0.3124654449056834,0.04921963904052973,20020,,,"{""solve"": {""linprog_runtime"": 0.04921963904052973, ""numba"": true}, ""validation"": {}}"
mkp,binary,max,weish15,bsma_numba,1,1224618441,7486,True,True,False,7486,True,0,best_known_reached,0.5383222480304539,0.06258426886051893,20020,,,"{""solve"": {""linprog_runtime"": 0.06258426886051893, ""numba"": true}, ""validation"": {}}"
mkp,binary,max,weish16,bsma_numba,1,955770535,7289,True,True,False,7289,True,0,best_known_reached,2.162764500826597,0.04204307706095278,20020,,,"{""solve"": {""linprog_runtime"": 0.04204307706095278, ""numba"": true}, ""validation"": {}}"
mkp,binary,max,weish17,bsma_numba,1,1815659669,8633,True,True,False,8633,True,0,best_known_reached,0.7498432958964258,0.07590727508068085,20020,,,"{""solve"": {""linprog_runtime"": 0.07590727508068085, ""numba"": true}, ""validation"": {}}"
mkp,binary,max,weish18,bsma_numba,1,1236978861,9580,True,True,False,9580,True,0,best_known_reached,3.372008111095056,0.06784761999733746,20020,,,"{""solve"": {""linprog_runtime"": 0.06784761999733746, ""numba"": true}, ""validation"": {}}"
mkp,binary,max,weish19,bsma_numba,1,865860003,7698,True,True,False,7698,True,0,best_known_reached,0.49292840203270316,0.04458931600674987,20020,,,"{""solve"": {""linprog_runtime"": 0.04458931600674987, ""numba"": true}, ""validation"": {}}"
mkp,binary,max,weish20,bsma_numba,1,2023937695,9450,True,True,False,9450,True,0,best_known_reached,1.0476040940266103,0.03455962799489498,20020,,,"{""solve"": {""linprog_runtime"": 0.03455962799489498, ""numba"": true}, ""validation"": {}}"
mkp,binary,max,weish21,bsma_numba,1,1585028635,9074,True,True,False,9074,True,0,best_known_reached,1.4114331749733537,0.09449101891368628,20020,,,"{""solve"": {""linprog_runtime"": 0.09449101891368628, ""numba"": true}, ""validation"": {}}"
mkp,binary,max,weish22,bsma_numba,1,193901011,8947,True,True,False,8947,True,0,best_known_reached,0.707012260099873,0.04941723821684718,20020,,,"{""solve"": {""linprog_runtime"": 0.04941723821684718, ""numba"": true}, ""validation"": {}}"
mkp,binary,max,weish23,bsma_numba,1,490890073,8344,True,True,False,8344,True,0,best_known_reached,1.9494783468544483,0.07574779912829399,20020,,,"{""solve"": {""linprog_runtime"": 0.07574779912829399, ""numba"": true}, ""validation"": {}}"
mkp,binary,max,weish24,bsma_numba,1,855951019,10220,True,True,False,10220,True,0,best_known_reached,6.253500635037199,0.050276556983590126,20020,,,"{""solve"": {""linprog_runtime"": 0.050276556983590126, ""numba"": true}, ""validation"": {}}"
mkp,binary,max,weish25,bsma_numba,1,1146350841,9923,True,True,False,9939,False,16,max_iterations_reached,14.868017885833979,0.1344108060002327,20020,,,"{""solve"": {""linprog_runtime"": 0.1344108060002327, ""numba"": true}, ""validation"": {}}"
mkp,binary,max,weish26,bsma_numba,1,755495212,9584,True,True,False,9584,True,0,best_known_reached,0.8811495769768953,0.02944955602288246,20020,,,"{""solve"": {""linprog_runtime"": 0.02944955602288246, ""numba"": true}, ""validation"": {}}"
mkp,binary,max,weish27,bsma_numba,1,1009247308,9819,True,True,False,9819,True,0,best_known_reached,0.33533583604730666,0.018590508960187435,20020,,,"{""solve"": {""linprog_runtime"": 0.018590508960187435, ""numba"": true}, ""validation"": {}}"
mkp,binary,max,weish28,bsma_numba,1,577530081,9492,True,True,False,9492,True,0,best_known_reached,0.3070354659575969,0.03165444196201861,20020,,,"{""solve"": {""linprog_runtime"": 0.03165444196201861, ""numba"": true}, ""validation"": {}}"
mkp,binary,max,weish29,bsma_numba,1,1670031550,9410,True,True,False,9410,True,0,best_known_reached,0.38866945705376565,0.05290423519909382,20020,,,"{""solve"": {""linprog_runtime"": 0.05290423519909382, ""numba"": true}, ""validation"": {}}"
mkp,binary,max,weish30,bsma_numba,1,1517012400,11191,True,True,False,11191,True,0,best_known_reached,2.1388927339576185,0.02655296679586172,20020,,,"{""solve"": {""linprog_runtime"": 0.02655296679586172, ""numba"": true}, ""validation"": {}}"
mkp,binary,max,weish01,bsma_numba,2,1752238328,4554,True,True,False,4554,True,0,best_known_reached,4.632828292902559,0.1178062919061631,20020,,,"{""solve"": {""linprog_runtime"": 0.1178062919061631, ""numba"": true}, ""validation"": {}}"
mkp,binary,max,weish02,bsma_numba,2,1351852846,4536,True,True,False,4536,True,0,best_known_reached,0.040471458807587624,0.016428503207862377,20020,,,"{""solve"": {""linprog_runtime"": 0.016428503207862377, ""numba"": true}, ""validation"": {}}"
mkp,binary,max,weish03,bsma_numba,2,1903420698,4115,True,True,False,4115,True,0,best_known_reached,0.05862535210326314,0.00940664391964674,20020,,,"{""solve"": {""linprog_runtime"": 0.00940664391964674, ""numba"": true}, ""validation"": {}}"
mkp,binary,max,weish04,bsma_numba,2,1486362410,4561,True,True,False,4561,True,0,best_known_reached,0.04161925311200321,0.005702466005459428,20020,,,"{""solve"": {""linprog_runtime"": 0.005702466005459428, ""numba"": true}, ""validation"": {}}"
mkp,binary,max,weish05,bsma_numba,2,2069740121,4514,True,True,False,4514,True,0,best_known_reached,0.1451535380911082,0.015207609860226512,20020,,,"{""solve"": {""linprog_runtime"": 0.015207609860226512, ""numba"": true}, ""validation"": {}}"
mkp,binary,max,weish06,bsma_numba,2,510080448,5557,True,True,False,5557,True,0,best_known_reached,0.24696833291091025,0.023722259094938636,20020,,,"{""solve"": {""linprog_runtime"": 0.023722259094938636, ""numba"": true}, ""validation"": {}}"
mkp,binary,max,weish07,bsma_numba,2,141265890,5567,True,True,False,5567,True,0,best_known_reached,0.24347843090072274,0.0340491971001029,20020,,,"{""solve"": {""linprog_runtime"": 0.0340491971001029, ""numba"": true}, ""validation"": {}}"
mkp,binary,max,weish08,bsma_numba,2,651075015,5605,True,True,False,5605,True,0,best_known_reached,0.32651119702495635,0.04790136916562915,20020,,,"{""solve"": {""linprog_runtime"": 0.04790136916562915, ""numba"": true}, ""validation"": {}}"
mkp,binary,max,weish09,bsma_numba,2,641842095,5246,True,True,False,5246,True,0,best_known_reached,0.34499337687157094,0.04179710894823074,20020,,,"{""solve"": {""linprog_runtime"": 0.04179710894823074, ""numba"": true}, ""validation"": {}}"
mkp,binary,max,weish10,bsma_numba,2,2132034875,6339,True,True,False,6339,True,0,best_known_reached,0.3766036711167544,0.04457743605598807,20020,,,"{""solve"": {""linprog_runtime"": 0.04457743605598807, ""numba"": true}, ""validation"": {}}"
mkp,binary,max,weish11,bsma_numba,2,1100575667,5643,True,True,False,5643,True,0,best_known_reached,0.28462175582535565,0.025863150134682655,20020,,,"{""solve"": {""linprog_runtime"": 0.025863150134682655, ""numba"": true}, ""validation"": {}}"
mkp,binary,max,weish12,bsma_numba,2,1730598967,6339,True,True,False,6339,True,0,best_known_reached,0.5140179779846221,0.047690060921013355,20020,,,"{""solve"": {""linprog_runtime"": 0.047690060921013355, ""numba"": true}, ""validation"": {}}"
mkp,binary,max,weish13,bsma_numba,2,658610776,6159,True,True,False,6159,True,0,best_known_reached,0.3291564560495317,0.06721584685146809,20020,,,"{""solve"": {""linprog_runtime"": 0.06721584685146809, ""numba"": true}, ""validation"": {}}"
mkp,binary,max,weish14,bsma_numba,2,1309079663,6954,True,True,False,6954,True,0,best_known_reached,0.2744702291674912,0.023924729088321328,20020,,,"{""solve"": {""linprog_runtime"": 0.023924729088321328, ""numba"": true}, ""validation"": {}}"
mkp,binary,max,weish15,bsma_numba,2,33216727,7486,True,True,False,7486,True,0,best_known_reached,0.4120824611745775,0.03652235004119575,20020,,,"{""solve"": {""linprog_runtime"": 0.03652235004119575, ""numba"": true}, ""validation"": {}}"
mkp,binary,max,weish16,bsma_numba,2,1732193439,7289,True,True,False,7289,True,0,best_known_reached,0.7365968739613891,0.029419247061014175,20020,,,"{""solve"": {""linprog_runtime"": 0.029419247061014175, ""numba"": true}, ""validation"": {}}"
mkp,binary,max,weish17,bsma_numba,2,337333849,8633,True,True,False,8633,True,0,best_known_reached,0.394725234946236,0.08057738095521927,20020,,,"{""solve"": {""linprog_runtime"": 0.08057738095521927, ""numba"": true}, ""validation"": {}}"
mkp,binary,max,weish18,bsma_numba,2,1345111463,9580,True,True,False,9580,True,0,best_known_reached,0.675708619877696,0.04384486796334386,20020,,,"{""solve"": {""linprog_runtime"": 0.04384486796334386, ""numba"": true}, ""validation"": {}}"
mkp,binary,max,weish19,bsma_numba,2,368721273,7698,True,True,False,7698,True,0,best_known_reached,0.5348573310766369,0.039694990031421185,20020,,,"{""solve"": {""linprog_runtime"": 0.039694990031421185, ""numba"": true}, ""validation"": {}}"
mkp,binary,max,weish20,bsma_numba,2,916717150,9450,True,True,False,9450,True,0,best_known_reached,0.5096345480997115,0.017602604813873768,20020,,,"{""solve"": {""linprog_runtime"": 0.017602604813873768, ""numba"": true}, ""validation"": {}}"
mkp,binary,max,weish21,bsma_numba,2,1070651870,9074,True,True,False,9074,True,0,best_known_reached,0.5561192540917546,0.04093907796777785,20020,,,"{""solve"": {""linprog_runtime"": 0.04093907796777785, ""numba"": true}, ""validation"": {}}"
mkp,binary,max,weish22,bsma_numba,2,748260028,8947,True,True,False,8947,True,0,best_known_reached,0.7037954139523208,0.02009908901527524,20020,,,"{""solve"": {""linprog_runtime"": 0.02009908901527524, ""numba"": true}, ""validation"": {}}"
mkp,binary,max,weish23,bsma_numba,2,1047743364,8344,True,True,False,8344,True,0,best_known_reached,0.5783975580707192,0.03855518391355872,20020,,,"{""solve"": {""linprog_runtime"": 0.03855518391355872, ""numba"": true}, ""validation"": {}}"
mkp,binary,max,weish24,bsma_numba,2,150947871,10220,True,True,False,10220,True,0,best_known_reached,7.304881504969671,0.03919118014164269,20020,,,"{""solve"": {""linprog_runtime"": 0.03919118014164269, ""numba"": true}, ""validation"": {}}"
mkp,binary,max,weish25,bsma_numba,2,1369534230,9939,True,True,False,9939,True,0,best_known_reached,6.056746107060462,0.0898822161834687,20020,,,"{""solve"": {""linprog_runtime"": 0.0898822161834687, ""numba"": true}, ""validation"": {}}"
mkp,binary,max,weish26,bsma_numba,2,1713950271,9584,True,True,False,9584,True,0,best_known_reached,0.5263050820212811,0.03833860903978348,20020,,,"{""solve"": {""linprog_runtime"": 0.03833860903978348, ""numba"": true}, ""validation"": {}}"
mkp,binary,max,weish27,bsma_numba,2,530468129,9819,True,True,False,9819,True,0,best_known_reached,0.7882989419158548,0.09787411405704916,20020,,,"{""solve"": {""linprog_runtime"": 0.09787411405704916, ""numba"": true}, ""validation"": {}}"
mkp,binary,max,weish28,bsma_numba,2,335749896,9492,True,True,False,9492,True,0,best_known_reached,0.34253776306286454,0.020325596909970045,20020,,,"{""solve"": {""linprog_runtime"": 0.020325596909970045, ""numba"": true}, ""validation"": {}}"
mkp,binary,max,weish29,bsma_numba,2,1689641492,9410,True,True,False,9410,True,0,best_known_reached,0.4566724670585245,0.06660226290114224,20020,,,"{""solve"": {""linprog_runtime"": 0.06660226290114224, ""numba"": true}, ""validation"": {}}"
mkp,binary,max,weish30,bsma_numba,2,1474062992,11191,True,True,False,11191,True,0,best_known_reached,1.5677284020930529,0.05139973480254412,20020,,,"{""solve"": {""linprog_runtime"": 0.05139973480254412, ""numba"": true}, ""validation"": {}}"
mkp,binary,max,weish01,bsma_numba,3,1015094847,4554,True,True,False,4554,True,0,best_known_reached,5.630842168116942,0.0986526261549443,20020,,,"{""solve"": {""linprog_runtime"": 0.0986526261549443, ""numba"": true}, ""validation"": {}}"
mkp,binary,max,weish02,bsma_numba,3,1429714095,4536,True,True,False,4536,True,0,best_known_reached,0.40407795598730445,0.02626715786755085,20020,,,"{""solve"": {""linprog_runtime"": 0.02626715786755085, ""numba"": true}, ""validation"": {}}"
mkp,binary,max,weish03,bsma_numba,3,728482889,4115,True,True,False,4115,True,0,best_known_reached,0.20280808513052762,0.05106090009212494,20020,,,"{""solve"": {""linprog_runtime"": 0.05106090009212494, ""numba"": true}, ""validation"": {}}"
mkp,binary,max,weish04,bsma_numba,3,1516123380,4561,True,True,False,4561,True,0,best_known_reached,0.2404808378778398,0.028664479963481426,20020,,,"{""solve"": {""linprog_runtime"": 0.028664479963481426, ""numba"": true}, ""validation"": {}}"
mkp,binary,max,weish05,bsma_numba,3,170424007,4514,True,True,False,4514,True,0,best_known_reached,0.2987357929814607,0.04568824195303023,20020,,,"{""solve"": {""linprog_runtime"": 0.04568824195303023, ""numba"": true}, ""validation"": {}}"
mkp,binary,max,weish06,bsma_numba,3,1628530770,5557,True,True,False,5557,True,0,best_known_reached,0.36535883811302483,0.06014528195373714,20020,,,"{""solve"": {""linprog_runtime"": 0.06014528195373714, ""numba"": true}, ""validation"": {}}"
mkp,binary,max,weish07,bsma_numba,3,1670953463,5567,True,True,False,5567,True,0,best_known_reached,0.24222773895598948,0.045975446002557874,20020,,,"{""solve"": {""linprog_runtime"": 0.045975446002557874, ""numba"": true}, ""validation"": {}}"
mkp,binary,max,weish08,bsma_numba,3,323742734,5605,True,True,False,5605,True,0,best_known_reached,0.48213932011276484,0.0715231851208955,20020,,,"{""solve"": {""linprog_runtime"": 0.0715231851208955, ""numba"": true}, ""validation"": {}}"
mkp,binary,max,weish09,bsma_numba,3,260415026,5246,True,True,False,5246,True,0,best_known_reached,0.18741369503550231,0.05915616685524583,20020,,,"{""solve"": {""linprog_runtime"": 0.05915616685524583, ""numba"": true}, ""validation"": {}}"
mkp,binary,max,weish10,bsma_numba,3,2066485248,6339,True,True,False,6339,True,0,best_known_reached,0.40030236006714404,0.04275861009955406,20020,,,"{""solve"": {""linprog_runtime"": 0.04275861009955406, ""numba"": true}, ""validation"": {}}"
mkp,binary,max,weish11,bsma_numba,3,973819648,5643,True,True,False,5643,True,0,best_known_reached,0.21622337703593075,0.01757120806723833,20020,,,"{""solve"": {""linprog_runtime"": 0.01757120806723833, ""numba"": true}, ""validation"": {}}"
mkp,binary,max,weish12,bsma_numba,3,616346707,6339,True,True,False,6339,True,0,best_known_reached,0.26542192115448415,0.04976564203388989,20020,,,"{""solve"": {""linprog_runtime"": 0.04976564203388989, ""numba"": true}, ""validation"": {}}"
mkp,binary,max,weish13,bsma_numba,3,1395145998,6159,True,True,False,6159,True,0,best_known_reached,0.38052192190662026,0.06433636602014303,20020,,,"{""solve"": {""linprog_runtime"": 0.06433636602014303, ""numba"": true}, ""validation"": {}}"
mkp,binary,max,weish14,bsma_numba,3,1103330312,6954,True,True,False,6954,True,0,best_known_reached,0.33124964497983456,0.0314257328864187,20020,,,"{""solve"": {""linprog_runtime"": 0.0314257328864187, ""numba"": true}, ""validation"": {}}"
mkp,binary,max,weish15,bsma_numba,3,1707165803,7486,True,True,False,7486,True,0,best_known_reached,0.35701290890574455,0.037002904107794166,20020,,,"{""solve"": {""linprog_runtime"": 0.037002904107794166, ""numba"": true}, ""validation"": {}}"
mkp,binary,max,weish16,bsma_numba,3,2000819353,7289,True,True,False,7289,True,0,best_known_reached,1.602358042029664,0.013378628995269537,20020,,,"{""solve"": {""linprog_runtime"": 0.013378628995269537, ""numba"": true}, ""validation"": {}}"
mkp,binary,max,weish17,bsma_numba,3,848686395,8633,True,True,False,8633,True,0,best_known_reached,0.3849557810463011,0.007190560922026634,20020,,,"{""solve"": {""linprog_runtime"": 0.007190560922026634, ""numba"": true}, ""validation"": {}}"
mkp,binary,max,weish18,bsma_numba,3,207529009,9580,True,True,False,9580,True,0,best_known_reached,0.7176494069863111,0.04159277118742466,20020,,,"{""solve"": {""linprog_runtime"": 0.04159277118742466, ""numba"": true}, ""validation"": {}}"
mkp,binary,max,weish19,bsma_numba,3,1819014462,7698,True,True,False,7698,True,0,best_known_reached,0.22283835103735328,0.01881649484857917,20020,,,"{""solve"": {""linprog_runtime"": 0.01881649484857917, ""numba"": true}, ""validation"": {}}"
mkp,binary,max,weish20,bsma_numba,3,324682216,9450,True,True,False,9450,True,0,best_known_reached,1.0768837640061975,0.011255737161263824,20020,,,"{""solve"": {""linprog_runtime"": 0.011255737161263824, ""numba"": true}, ""validation"": {}}"
mkp,binary,max,weish21,bsma_numba,3,1556925652,9074,True,True,False,9074,True,0,best_known_reached,2.005924057913944,0.04840233991853893,20020,,,"{""solve"": {""linprog_runtime"": 0.04840233991853893, ""numba"": true}, ""validation"": {}}"
mkp,binary,max,weish22,bsma_numba,3,828062537,8947,True,True,False,8947,True,0,best_known_reached,0.6510328128933907,0.0752097018994391,20020,,,"{""solve"": {""linprog_runtime"": 0.0752097018994391, ""numba"": true}, ""validation"": {}}"
mkp,binary,max,weish23,bsma_numba,3,779695544,8344,True,True,False,8344,True,0,best_known_reached,2.650128424866125,0.05138733400963247,20020,,,"{""solve"": {""linprog_runtime"": 0.05138733400963247, ""numba"": true}, ""validation"": {}}"
mkp,binary,max,weish24,bsma_numba,3,4058652,10220,True,True,False,10220,True,0,best_known_reached,2.8512834461871535,0.04726314987055957,20020,,,"{""solve"": {""linprog_runtime"": 0.04726314987055957, ""numba"": true}, ""validation"": {}}"
mkp,binary,max,weish25,bsma_numba,3,823442173,9923,True,True,False,9939,False,16,max_iterations_reached,15.042985399952158,0.0854198019951582,20020,,,"{""solve"": {""linprog_runtime"": 0.0854198019951582, ""numba"": true}, ""validation"": {}}"
mkp,binary,max,weish26,bsma_numba,3,2001849767,9584,True,True,False,9584,True,0,best_known_reached,1.1595282040070742,0.03241252503357828,20020,,,"{""solve"": {""linprog_runtime"": 0.03241252503357828, ""numba"": true}, ""validation"": {}}"
mkp,binary,max,weish27,bsma_numba,3,1213611322,9819,True,True,False,9819,True,0,best_known_reached,0.7726690971758217,0.02211223100312054,20020,,,"{""solve"": {""linprog_runtime"": 0.02211223100312054, ""numba"": true}, ""validation"": {}}"
mkp,binary,max,weish28,bsma_numba,3,422344371,9492,True,True,False,9492,True,0,best_known_reached,0.6081686660181731,0.013441979885101318,20020,,,"{""solve"": {""linprog_runtime"": 0.013441979885101318, ""numba"": true}, ""validation"": {}}"
mkp,binary,max,weish29,bsma_numba,3,609964639,9410,True,True,False,9410,True,0,best_known_reached,1.053242715075612,0.03300219285301864,20020,,,"{""solve"": {""linprog_runtime"": 0.03300219285301864, ""numba"": true}, ""validation"": {}}"
mkp,binary,max,weish30,bsma_numba,3,1669663651,11187,True,True,False,11191,False,4,max_iterations_reached,10.6084487689659,0.02107150200754404,20020,,,"{""solve"": {""linprog_runtime"": 0.02107150200754404, ""numba"": true}, ""validation"": {}}"
mkp,binary,max,weish01,bsma_numba,4,1550472258,4554,True,True,False,4554,True,0,best_known_reached,6.963258292991668,0.21431462187319994,20020,,,"{""solve"": {""linprog_runtime"": 0.21431462187319994, ""numba"": true}, ""validation"": {}}"
mkp,binary,max,weish02,bsma_numba,4,968657842,4536,True,True,False,4536,True,0,best_known_reached,0.2046380820684135,0.06124529312364757,20020,,,"{""solve"": {""linprog_runtime"": 0.06124529312364757, ""numba"": true}, ""validation"": {}}"
mkp,binary,max,weish03,bsma_numba,4,622557219,4115,True,True,False,4115,True,0,best_known_reached,0.28067140583880246,0.025032642064616084,20020,,,"{""solve"": {""linprog_runtime"": 0.025032642064616084, ""numba"": true}, ""validation"": {}}"
mkp,binary,max,weish04,bsma_numba,4,1106918113,4561,True,True,False,4561,True,0,best_known_reached,0.2733381181024015,0.04023248492740095,20020,,,"{""solve"": {""linprog_runtime"": 0.04023248492740095, ""numba"": true}, ""validation"": {}}"
mkp,binary,max,weish05,bsma_numba,4,1574607384,4514,True,True,False,4514,True,0,best_known_reached,0.24938198877498507,0.024837438017129898,20020,,,"{""solve"": {""linprog_runtime"": 0.024837438017129898, ""numba"": true}, ""validation"": {}}"
mkp,binary,max,weish06,bsma_numba,4,2127490825,5557,True,True,False,5557,True,0,best_known_reached,0.2474410159047693,0.01766606909222901,20020,,,"{""solve"": {""linprog_runtime"": 0.01766606909222901, ""numba"": true}, ""validation"": {}}"
mkp,binary,max,weish07,bsma_numba,4,1669313312,5567,True,True,False,5567,True,0,best_known_reached,0.19479510001838207,0.04011019482277334,20020,,,"{""solve"": {""linprog_runtime"": 0.04011019482277334, ""numba"": true}, ""validation"": {}}"
mkp,binary,max,weish08,bsma_numba,4,1505357643,5605,True,True,False,5605,True,0,best_known_reached,0.25987694994546473,0.025886665796861053,20020,,,"{""solve"": {""linprog_runtime"": 0.025886665796861053, ""numba"": true}, ""validation"": {}}"
mkp,binary,max,weish09,bsma_numba,4,40151138,5246,True,True,False,5246,True,0,best_known_reached,0.28186863590963185,0.01783530693501234,20020,,,"{""solve"": {""linprog_runtime"": 0.01783530693501234, ""numba"": true}, ""validation"": {}}"
mkp,binary,max,weish10,bsma_numba,4,91974730,6339,True,True,False,6339,True,0,best_known_reached,0.30088173714466393,0.06595535716041923,20020,,,"{""solve"": {""linprog_runtime"": 0.06595535716041923, ""numba"": true}, ""validation"": {}}"
mkp,binary,max,weish11,bsma_numba,4,1163457228,5643,True,True,False,5643,True,0,best_known_reached,0.2748851499054581,0.04765435215085745,20020,,,"{""solve"": {""linprog_runtime"": 0.04765435215085745, ""numba"": true}, ""validation"": {}}"
mkp,binary,max,weish12,bsma_numba,4,788829563,6339,True,True,False,6339,True,0,best_known_reached,0.25449445098638535,0.03700150386430323,20020,,,"{""solve"": {""linprog_runtime"": 0.03700150386430323, ""numba"": true}, ""validation"": {}}"
mkp,binary,max,weish13,bsma_numba,4,1117812147,6159,True,True,False,6159,True,0,best_known_reached,0.2801081158686429,0.017556506907567382,20020,,,"{""solve"": {""linprog_runtime"": 0.017556506907567382, ""numba"": true}, ""validation"": {}}"
mkp,binary,max,weish14,bsma_numba,4,1812468372,6954,True,True,False,6954,True,0,best_known_reached,0.364366359077394,0.05315111903473735,20020,,,"{""solve"": {""linprog_runtime"": 0.05315111903473735, ""numba"": true}, ""validation"": {}}"
mkp,binary,max,weish15,bsma_numba,4,2088313160,7486,True,True,False,7486,True,0,best_known_reached,0.4186740380246192,0.043451564852148294,20020,,,"{""solve"": {""linprog_runtime"": 0.043451564852148294, ""numba"": true}, ""validation"": {}}"
mkp,binary,max,weish16,bsma_numba,4,2022055705,7289,True,True,False,7289,True,0,best_known_reached,4.13862145296298,0.04254937102086842,20020,,,"{""solve"": {""linprog_runtime"": 0.04254937102086842, ""numba"": true}, ""validation"": {}}"
mkp,binary,max,weish17,bsma_numba,4,2109178540,8633,True,True,False,8633,True,0,best_known_reached,0.4038658228237182,0.10449959221296012,20020,,,"{""solve"": {""linprog_runtime"": 0.10449959221296012, ""numba"": true}, ""validation"": {}}"
mkp,binary,max,weish18,bsma_numba,4,1775500568,9580,True,True,False,9580,True,0,best_known_reached,5.668519384926185,0.05380004504695535,20020,,,"{""solve"": {""linprog_runtime"": 0.05380004504695535, ""numba"": true}, ""validation"": {}}"
mkp,binary,max,weish19,bsma_numba,4,1459876764,7698,True,True,False,7698,True,0,best_known_reached,0.42500401800498366,0.04062328115105629,20020,,,"{""solve"": {""linprog_runtime"": 0.04062328115105629, ""numba"": true}, ""validation"": {}}"
mkp,binary,max,weish20,bsma_numba,4,790925886,9450,True,True,False,9450,True,0,best_known_reached,1.1498162429779768,0.03398114209994674,20020,,,"{""solve"": {""linprog_runtime"": 0.03398114209994674, ""numba"": true}, ""validation"": {}}"
mkp,binary,max,weish21,bsma_numba,4,1044151210,9074,True,True,False,9074,True,0,best_known_reached,0.47447442705743015,0.04331790399737656,20020,,,"{""solve"": {""linprog_runtime"": 0.04331790399737656, ""numba"": true}, ""validation"": {}}"
mkp,binary,max,weish22,bsma_numba,4,1828888744,8947,True,True,False,8947,True,0,best_known_reached,0.6643683109432459,0.047451232094317675,20020,,,"{""solve"": {""linprog_runtime"": 0.047451232094317675, ""numba"": true}, ""validation"": {}}"
mkp,binary,max,weish23,bsma_numba,4,1164645011,8344,True,True,False,8344,True,0,best_known_reached,3.6249293140135705,0.042051590979099274,20020,,,"{""solve"": {""linprog_runtime"": 0.042051590979099274, ""numba"": true}, ""validation"": {}}"
mkp,binary,max,weish24,bsma_numba,4,1869407540,10220,True,True,False,10220,True,0,best_known_reached,2.840645593125373,0.04176628799177706,20020,,,"{""solve"": {""linprog_runtime"": 0.04176628799177706, ""numba"": true}, ""validation"": {}}"
mkp,binary,max,weish25,bsma_numba,4,66990284,9923,True,True,False,9939,False,16,max_iterations_reached,13.961851422209293,0.03928839019499719,20020,,,"{""solve"": {""linprog_runtime"": 0.03928839019499719, ""numba"": true}, ""validation"": {}}"
mkp,binary,max,weish26,bsma_numba,4,1699917959,9584,True,True,False,9584,True,0,best_known_reached,1.2222159870434552,0.02881765807978809,20020,,,"{""solve"": {""linprog_runtime"": 0.02881765807978809, ""numba"": true}, ""validation"": {}}"
mkp,binary,max,weish27,bsma_numba,4,500676321,9819,True,True,False,9819,True,0,best_known_reached,0.40757805202156305,0.04996704589575529,20020,,,"{""solve"": {""linprog_runtime"": 0.04996704589575529, ""numba"": true}, ""validation"": {}}"
mkp,binary,max,weish28,bsma_numba,4,114887701,9492,True,True,False,9492,True,0,best_known_reached,0.41620128182694316,0.06345212319865823,20020,,,"{""solve"": {""linprog_runtime"": 0.06345212319865823, ""numba"": true}, ""validation"": {}}"
mkp,binary,max,weish29,bsma_numba,4,1309247072,9410,True,True,False,9410,True,0,best_known_reached,0.3507799399085343,0.03657333902083337,20020,,,"{""solve"": {""linprog_runtime"": 0.03657333902083337, ""numba"": true}, ""validation"": {}}"
mkp,binary,max,weish30,bsma_numba,4,1692896761,11191,True,True,False,11191,True,0,best_known_reached,1.8932865369133651,0.033619850873947144,20020,,,"{""solve"": {""linprog_runtime"": 0.033619850873947144, ""numba"": true}, ""validation"": {}}"
mkp,binary,max,weish01,bsma_numba,5,991279141,4554,True,True,False,4554,True,0,best_known_reached,6.747781486948952,0.1144663980230689,20020,,,"{""solve"": {""linprog_runtime"": 0.1144663980230689, ""numba"": true}, ""validation"": {}}"
mkp,binary,max,weish02,bsma_numba,5,1452595594,4536,True,True,False,4536,True,0,best_known_reached,0.3045369489118457,0.040083188097923994,20020,,,"{""solve"": {""linprog_runtime"": 0.040083188097923994, ""numba"": true}, ""validation"": {}}"
mkp,binary,max,weish03,bsma_numba,5,95827612,4115,True,True,False,4115,True,0,best_known_reached,0.16672861389815807,0.01446164003573358,20020,,,"{""solve"": {""linprog_runtime"": 0.01446164003573358, ""numba"": true}, ""validation"": {}}"
mkp,binary,max,weish04,bsma_numba,5,1789066337,4561,True,True,False,4561,True,0,best_known_reached,0.2979235639795661,0.030666097067296505,20020,,,"{""solve"": {""linprog_runtime"": 0.030666097067296505, ""numba"": true}, ""validation"": {}}"
mkp,binary,max,weish05,bsma_numba,5,202082383,4514,True,True,False,4514,True,0,best_known_reached,0.23640006501227617,0.05480372509919107,20020,,,"{""solve"": {""linprog_runtime"": 0.05480372509919107, ""numba"": true}, ""validation"": {}}"
mkp,binary,max,weish06,bsma_numba,5,1943111878,5557,True,True,False,5557,True,0,best_known_reached,0.18399036303162575,0.03520493698306382,20020,,,"{""solve"": {""linprog_runtime"": 0.03520493698306382, ""numba"": true}, ""validation"": {}}"
mkp,binary,max,weish07,bsma_numba,5,2123859930,5567,True,True,False,5567,True,0,best_known_reached,0.4085027389228344,0.049172871047630906,20020,,,"{""solve"": {""linprog_runtime"": 0.049172871047630906, ""numba"": true}, ""validation"": {}}"
mkp,binary,max,weish08,bsma_numba,5,1947229908,5605,True,True,False,5605,True,0,best_known_reached,0.6925522028468549,0.029157547978684306,20020,,,"{""solve"": {""linprog_runtime"": 0.029157547978684306, ""numba"": true}, ""validation"": {}}"
mkp,binary,max,weish09,bsma_numba,5,1636891854,5246,True,True,False,5246,True,0,best_known_reached,0.265603416133672,0.02633666293695569,20020,,,"{""solve"": {""linprog_runtime"": 0.02633666293695569, ""numba"": true}, ""validation"": {}}"
mkp,binary,max,weish10,bsma_numba,5,226775451,6339,True,True,False,6339,True,0,best_known_reached,0.23163837287575006,0.016720211831852794,20020,,,"{""solve"": {""linprog_runtime"": 0.016720211831852794, ""numba"": true}, ""validation"": {}}"
mkp,binary,max,weish11,bsma_numba,5,1192323563,5643,True,True,False,5643,True,0,best_known_reached,0.38255837303586304,0.0171945090405643,20020,,,"{""solve"": {""linprog_runtime"": 0.0171945090405643, ""numba"": true}, ""validation"": {}}"
mkp,binary,max,weish12,bsma_numba,5,482294131,6339,True,True,False,6339,True,0,best_known_reached,0.8153747292235494,0.02807535114698112,20020,,,"{""solve"": {""linprog_runtime"": 0.02807535114698112, ""numba"": true}, ""validation"": {}}"
mkp,binary,max,weish13,bsma_numba,5,1509150508,6159,True,True,False,6159,True,0,best_known_reached,0.35658527398481965,0.08007676689885557,20020,,,"{""solve"": {""linprog_runtime"": 0.08007676689885557, ""numba"": true}, ""validation"": {}}"
mkp,binary,max,weish14,bsma_numba,5,1738673533,6954,True,True,False,6954,True,0,best_known_reached,0.3508727829903364,0.05849538394249976,20020,,,"{""solve"": {""linprog_runtime"": 0.05849538394249976, ""numba"": true}, ""validation"": {}}"
mkp,binary,max,weish15,bsma_numba,5,2075268776,7486,True,True,False,7486,True,0,best_known_reached,0.3662211839109659,0.030149033991619945,20020,,,"{""solve"": {""linprog_runtime"": 0.030149033991619945, ""numba"": true}, ""validation"": {}}"
mkp,binary,max,weish16,bsma_numba,5,1593084962,7289,True,True,False,7289,True,0,best_known_reached,0.4139211210422218,0.03825898887589574,20020,,,"{""solve"": {""linprog_runtime"": 0.03825898887589574, ""numba"": true}, ""validation"": {}}"
mkp,binary,max,weish17,bsma_numba,5,1795917070,8633,True,True,False,8633,True,0,best_known_reached,0.7152952898759395,0.04355445597320795,20020,,,"{""solve"": {""linprog_runtime"": 0.04355445597320795, ""numba"": true}, ""validation"": {}}"
mkp,binary,max,weish18,bsma_numba,5,1338849394,9580,True,True,False,9580,True,0,best_known_reached,0.7873604178894311,0.04804003098979592,20020,,,"{""solve"": {""linprog_runtime"": 0.04804003098979592, ""numba"": true}, ""validation"": {}}"
mkp,binary,max,weish19,bsma_numba,5,620890949,7698,True,True,False,7698,True,0,best_known_reached,0.4528307120781392,0.08493664604611695,20020,,,"{""solve"": {""linprog_runtime"": 0.08493664604611695, ""numba"": true}, ""validation"": {}}"
mkp,binary,max,weish20,bsma_numba,5,522608078,9450,True,True,False,9450,True,0,best_known_reached,1.036963997874409,0.0309426870662719,20020,,,"{""solve"": {""linprog_runtime"": 0.0309426870662719, ""numba"": true}, ""validation"": {}}"
mkp,binary,max,weish21,bsma_numba,5,433804834,9074,True,True,False,9074,True,0,best_known_reached,0.7615493540652096,0.0351025948766619,20020,,,"{""solve"": {""linprog_runtime"": 0.0351025948766619, ""numba"": true}, ""validation"": {}}"
mkp,binary,max,weish22,bsma_numba,5,1096486888,8947,True,True,False,8947,True,0,best_known_reached,0.5979055699426681,0.056009850930422544,20020,,,"{""solve"": {""linprog_runtime"": 0.056009850930422544, ""numba"": true}, ""validation"": {}}"
mkp,binary,max,weish23,bsma_numba,5,557128803,8344,True,True,False,8344,True,0,best_known_reached,3.9247330389916897,0.05189733486622572,20020,,,"{""solve"": {""linprog_runtime"": 0.05189733486622572, ""numba"": true}, ""validation"": {}}"
mkp,binary,max,weish24,bsma_numba,5,714151206,10220,True,True,False,10220,True,0,best_known_reached,5.091795205837116,0.12142364494502544,20020,,,"{""solve"": {""linprog_runtime"": 0.12142364494502544, ""numba"": true}, ""validation"": {}}"
mkp,binary,max,weish25,bsma_numba,5,211816735,9923,True,True,False,9939,False,16,max_iterations_reached,14.497342834016308,0.022005092119798064,20020,,,"{""solve"": {""linprog_runtime"": 0.022005092119798064, ""numba"": true}, ""validation"": {}}"
mkp,binary,max,weish26,bsma_numba,5,334281798,9584,True,True,False,9584,True,0,best_known_reached,0.49988098395988345,0.028706968063488603,20020,,,"{""solve"": {""linprog_runtime"": 0.028706968063488603, ""numba"": true}, ""validation"": {}}"
mkp,binary,max,weish27,bsma_numba,5,781204176,9819,True,True,False,9819,True,0,best_known_reached,0.5000014828983694,0.03410194208845496,20020,,,"{""solve"": {""linprog_runtime"": 0.03410194208845496, ""numba"": true}, ""validation"": {}}"
mkp,binary,max,weish28,bsma_numba,5,1591848111,9492,True,True,False,9492,True,0,best_known_reached,0.42635798593983054,0.03445543791167438,20020,,,"{""solve"": {""linprog_runtime"": 0.03445543791167438, ""numba"": true}, ""validation"": {}}"
mkp,binary,max,weish29,bsma_numba,5,365767314,9410,True,True,False,9410,True,0,best_known_reached,0.6111784088425338,0.12965728784911335,20020,,,"{""solve"": {""linprog_runtime"": 0.12965728784911335, ""numba"": true}, ""validation"": {}}"
mkp,binary,max,weish30,bsma_numba,5,517943124,11191,True,True,False,11191,True,0,best_known_reached,2.492087611928582,0.028494162019342184,20020,,,"{""solve"": {""linprog_runtime"": 0.028494162019342184, ""numba"": true}, ""validation"": {}}"
mkp,binary,max,weish01,bsma_numba,6,62644833,4554,True,True,False,4554,True,0,best_known_reached,5.603576730005443,0.17487979214638472,20020,,,"{""solve"": {""linprog_runtime"": 0.17487979214638472, ""numba"": true}, ""validation"": {}}"
mkp,binary,max,weish02,bsma_numba,6,2079055134,4536,True,True,False,4536,True,0,best_known_reached,0.17461200896650553,0.03416653396561742,20020,,,"{""solve"": {""linprog_runtime"": 0.03416653396561742, ""numba"": true}, ""validation"": {}}"
mkp,binary,max,weish03,bsma_numba,6,677080619,4115,True,True,False,4115,True,0,best_known_reached,0.15202728798612952,0.025608750991523266,20020,,,"{""solve"": {""linprog_runtime"": 0.025608750991523266, ""numba"": true}, ""validation"": {}}"
mkp,binary,max,weish04,bsma_numba,6,752103524,4561,True,True,False,4561,True,0,best_known_reached,0.10976737481541932,0.01878358400426805,20020,,,"{""solve"": {""linprog_runtime"": 0.01878358400426805, ""numba"": true}, ""validation"": {}}"
mkp,binary,max,weish05,bsma_numba,6,467432574,4514,True,True,False,4514,True,0,best_known_reached,0.11136879003606737,0.02294852491468191,20020,,,"{""solve"": {""linprog_runtime"": 0.02294852491468191, ""numba"": true}, ""validation"": {}}"
mkp,binary,max,weish06,bsma_numba,6,537661318,5557,True,True,False,5557,True,0,best_known_reached,0.2105161549989134,0.009425393072888255,20020,,,"{""solve"": {""linprog_runtime"": 0.009425393072888255, ""numba"": true}, ""validation"": {}}"
mkp,binary,max,weish07,bsma_numba,6,2098015288,5567,True,True,False,5567,True,0,best_known_reached,0.2100889349821955,0.02374742995016277,20020,,,"{""solve"": {""linprog_runtime"": 0.02374742995016277, ""numba"": true}, ""validation"": {}}"
mkp,binary,max,weish08,bsma_numba,6,1897068976,5605,True,True,False,5605,True,0,best_known_reached,0.3107031090185046,0.0568921510130167,20020,,,"{""solve"": {""linprog_runtime"": 0.0568921510130167, ""numba"": true}, ""validation"": {}}"
mkp,binary,max,weish09,bsma_numba,6,1585418939,5246,True,True,False,5246,True,0,best_known_reached,0.4461655199993402,0.0267453589476645,20020,,,"{""solve"": {""linprog_runtime"": 0.0267453589476645, ""numba"": true}, ""validation"": {}}"
mkp,binary,max,weish10,bsma_numba,6,1080254994,6339,True,True,False,6339,True,0,best_known_reached,0.3342471020296216,0.03423792799003422,20020,,,"{""solve"": {""linprog_runtime"": 0.03423792799003422, ""numba"": true}, ""validation"": {}}"
mkp,binary,max,weish11,bsma_numba,6,999109928,5643,True,True,False,5643,True,0,best_known_reached,0.2953117301221937,0.013612729962915182,20020,,,"{""solve"": {""linprog_runtime"": 0.013612729962915182, ""numba"": true}, ""validation"": {}}"
mkp,binary,max,weish12,bsma_numba,6,2084160782,6339,True,True,False,6339,True,0,best_known_reached,0.2504279192071408,0.03801926411688328,20020,,,"{""solve"": {""linprog_runtime"": 0.03801926411688328, ""numba"": true}, ""validation"": {}}"
mkp,binary,max,weish13,bsma_numba,6,2079299873,6159,True,True,False,6159,True,0,best_known_reached,0.30627911793999374,0.018672404112294316,20020,,,"{""solve"": {""linprog_runtime"": 0.018672404112294316, ""numba"": true}, ""validation"": {}}"
mkp,binary,max,weish14,bsma_numba,6,1869340773,6954,True,True,False,6954,True,0,best_known_reached,0.41926922206766903,0.02963944594375789,20020,,,"{""solve"": {""linprog_runtime"": 0.02963944594375789, ""numba"": true}, ""validation"": {}}"
mkp,binary,max,weish15,bsma_numba,6,2014716520,7486,True,True,False,7486,True,0,best_known_reached,0.25383638101629913,0.0212578889913857,20020,,,"{""solve"": {""linprog_runtime"": 0.0212578889913857, ""numba"": true}, ""validation"": {}}"
mkp,binary,max,weish16,bsma_numba,6,726003709,7289,True,True,False,7289,True,0,best_known_reached,1.0871276499237865,0.016183215891942382,20020,,,"{""solve"": {""linprog_runtime"": 0.016183215891942382, ""numba"": true}, ""validation"": {}}"
mkp,binary,max,weish17,bsma_numba,6,982120668,8633,True,True,False,8633,True,0,best_known_reached,1.1052706178743392,0.03434611507691443,20020,,,"{""solve"": {""linprog_runtime"": 0.03434611507691443, ""numba"": true}, ""validation"": {}}"
mkp,binary,max,weish18,bsma_numba,6,40580148,9580,True,True,False,9580,True,0,best_known_reached,4.344921353040263,0.053984002908691764,20020,,,"{""solve"": {""linprog_runtime"": 0.053984002908691764, ""numba"": true}, ""validation"": {}}"
mkp,binary,max,weish19,bsma_numba,6,1304355664,7698,True,True,False,7698,True,0,best_known_reached,0.4600014400202781,0.03082818305119872,20020,,,"{""solve"": {""linprog_runtime"": 0.03082818305119872, ""numba"": true}, ""validation"": {}}"
mkp,binary,max,weish20,bsma_numba,6,989153996,9450,True,True,False,9450,True,0,best_known_reached,0.5394285072106868,0.02632477111183107,20020,,,"{""solve"": {""linprog_runtime"": 0.02632477111183107, ""numba"": true}, ""validation"": {}}"
mkp,binary,max,weish21,bsma_numba,6,1534759873,9074,True,True,False,9074,True,0,best_known_reached,0.6532139270566404,0.04101329296827316,20020,,,"{""solve"": {""linprog_runtime"": 0.04101329296827316, ""numba"": true}, ""validation"": {}}"
mkp,binary,max,weish22,bsma_numba,6,645022873,8947,True,True,False,8947,True,0,best_known_reached,0.3541848969180137,0.022032688139006495,20020,,,"{""solve"": {""linprog_runtime"": 0.022032688139006495, ""numba"": true}, ""validation"": {}}"
mkp,binary,max,weish23,bsma_numba,6,354587002,8344,True,True,False,8344,True,0,best_known_reached,4.056148760020733,0.06986414501443505,20020,,,"{""solve"": {""linprog_runtime"": 0.06986414501443505, ""numba"": true}, ""validation"": {}}"
mkp,binary,max,weish24,bsma_numba,6,1790916241,10220,True,True,False,10220,True,0,best_known_reached,0.6564487449359149,0.18527911719866097,20020,,,"{""solve"": {""linprog_runtime"": 0.18527911719866097, ""numba"": true}, ""validation"": {}}"
mkp,binary,max,weish25,bsma_numba,6,737872680,9923,True,True,False,9939,False,16,max_iterations_reached,14.548533299937844,0.06168503290973604,20020,,,"{""solve"": {""linprog_runtime"": 0.06168503290973604, ""numba"": true}, ""validation"": {}}"
mkp,binary,max,weish26,bsma_numba,6,1306857609,9584,True,True,False,9584,True,0,best_known_reached,0.5661344998516142,0.08900922792963684,20020,,,"{""solve"": {""linprog_runtime"": 0.08900922792963684, ""numba"": true}, ""validation"": {}}"
mkp,binary,max,weish27,bsma_numba,6,828871638,9819,True,True,False,9819,True,0,best_known_reached,0.6451624990440905,0.04042304400354624,20020,,,"{""solve"": {""linprog_runtime"": 0.04042304400354624, ""numba"": true}, ""validation"": {}}"
mkp,binary,max,weish28,bsma_numba,6,645969489,9492,True,True,False,9492,True,0,best_known_reached,0.3419561358168721,0.03439890616573393,20020,,,"{""solve"": {""linprog_runtime"": 0.03439890616573393, ""numba"": true}, ""validation"": {}}"
mkp,binary,max,weish29,bsma_numba,6,309306360,9410,True,True,False,9410,True,0,best_known_reached,0.4380822069942951,0.041012144181877375,20020,,,"{""solve"": {""linprog_runtime"": 0.041012144181877375, ""numba"": true}, ""validation"": {}}"
mkp,binary,max,weish30,bsma_numba,6,1611058504,11191,True,True,False,11191,True,0,best_known_reached,3.644687411841005,0.039676035987213254,20020,,,"{""solve"": {""linprog_runtime"": 0.039676035987213254, ""numba"": true}, ""validation"": {}}"
mkp,binary,max,weish01,bsma_numba,7,799104359,4554,True,True,False,4554,True,0,best_known_reached,7.044424137799069,0.14284934801980853,20020,,,"{""solve"": {""linprog_runtime"": 0.14284934801980853, ""numba"": true}, ""validation"": {}}"
mkp,binary,max,weish02,bsma_numba,7,1866566605,4536,True,True,False,4536,True,0,best_known_reached,0.2614143311511725,0.04883927316404879,20020,,,"{""solve"": {""linprog_runtime"": 0.04883927316404879, ""numba"": true}, ""validation"": {}}"
mkp,binary,max,weish03,bsma_numba,7,411036671,4115,True,True,False,4115,True,0,best_known_reached,0.18295155395753682,0.018767781788483262,20020,,,"{""solve"": {""linprog_runtime"": 0.018767781788483262, ""numba"": true}, ""validation"": {}}"
mkp,binary,max,weish04,bsma_numba,7,2071606852,4561,True,True,False,4561,True,0,best_known_reached,0.15264776209369302,0.02899177698418498,20020,,,"{""solve"": {""linprog_runtime"": 0.02899177698418498, ""numba"": true}, ""validation"": {}}"
mkp,binary,max,weish05,bsma_numba,7,2011989415,4514,True,True,False,4514,True,0,best_known_reached,0.21543546416796744,0.04008738393895328,20020,,,"{""solve"": {""linprog_runtime"": 0.04008738393895328, ""numba"": true}, ""validation"": {}}"
mkp,binary,max,weish06,bsma_numba,7,1665114965,5557,True,True,False,5557,True,0,best_known_reached,0.312912258785218,0.02772486605681479,20020,,,"{""solve"": {""linprog_runtime"": 0.02772486605681479, ""numba"": true}, ""validation"": {}}"
mkp,binary,max,weish07,bsma_numba,7,1237850399,5567,True,True,False,5567,True,0,best_known_reached,0.32959880004636943,0.061158489203080535,20020,,,"{""solve"": {""linprog_runtime"": 0.061158489203080535, ""numba"": true}, ""validation"": {}}"
mkp,binary,max,weish08,bsma_numba,7,998129739,5605,True,True,False,5605,True,0,best_known_reached,0.248612908879295,0.03610371216200292,20020,,,"{""solve"": {""linprog_runtime"": 0.03610371216200292, ""numba"": true}, ""validation"": {}}"
mkp,binary,max,weish09,bsma_numba,7,206335628,5246,True,True,False,5246,True,0,best_known_reached,0.22658622288145125,0.022699082037433982,20020,,,"{""solve"": {""linprog_runtime"": 0.022699082037433982, ""numba"": true}, ""validation"": {}}"
mkp,binary,max,weish10,bsma_numba,7,1890729621,6339,True,True,False,6339,True,0,best_known_reached,0.5216890631709248,0.031651736004278064,20020,,,"{""solve"": {""linprog_runtime"": 0.031651736004278064, ""numba"": true}, ""validation"": {}}"
mkp,binary,max,weish11,bsma_numba,7,1195236827,5643,True,True,False,5643,True,0,best_known_reached,0.3421472869813442,0.06108317710459232,20020,,,"{""solve"": {""linprog_runtime"": 0.06108317710459232, ""numba"": true}, ""validation"": {}}"
mkp,binary,max,weish12,bsma_numba,7,451315610,6339,True,True,False,6339,True,0,best_known_reached,0.3706488360185176,0.0691885338164866,20020,,,"{""solve"": {""linprog_runtime"": 0.0691885338164866, ""numba"": true}, ""validation"": {}}"
mkp,binary,max,weish13,bsma_numba,7,1836364802,6159,True,True,False,6159,True,0,best_known_reached,0.3474845269229263,0.05045253015123308,20020,,,"{""solve"": {""linprog_runtime"": 0.05045253015123308, ""numba"": true}, ""validation"": {}}"
mkp,binary,max,weish14,bsma_numba,7,1144793013,6954,True,True,False,6954,True,0,best_known_reached,0.4776802200358361,0.035931605845689774,20020,,,"{""solve"": {""linprog_runtime"": 0.035931605845689774, ""numba"": true}, ""validation"": {}}"
mkp,binary,max,weish15,bsma_numba,7,1252336082,7486,True,True,False,7486,True,0,best_known_reached,1.5914917211048305,0.038975190138444304,20020,,,"{""solve"": {""linprog_runtime"": 0.038975190138444304, ""numba"": true}, ""validation"": {}}"
mkp,binary,max,weish16,bsma_numba,7,1137555650,7289,True,True,False,7289,True,0,best_known_reached,0.6135370591655374,0.10137923108413815,20020,,,"{""solve"": {""linprog_runtime"": 0.10137923108413815, ""numba"": true}, ""validation"": {}}"
mkp,binary,max,weish17,bsma_numba,7,1225786415,8633,True,True,False,8633,True,0,best_known_reached,0.677018771879375,0.03059499920345843,20020,,,"{""solve"": {""linprog_runtime"": 0.03059499920345843, ""numba"": true}, ""validation"": {}}"
mkp,binary,max,weish18,bsma_numba,7,48673659,9580,True,True,False,9580,True,0,best_known_reached,6.718183310935274,0.051313149044290185,20020,,,"{""solve"": {""linprog_runtime"": 0.051313149044290185, ""numba"": true}, ""validation"": {}}"
mkp,binary,max,weish19,bsma_numba,7,1868051260,7698,True,True,False,7698,True,0,best_known_reached,0.5383921980392188,0.1359215669799596,20020,,,"{""solve"": {""linprog_runtime"": 0.1359215669799596, ""numba"": true}, ""validation"": {}}"
mkp,binary,max,weish20,bsma_numba,7,588745950,9450,True,True,False,9450,True,0,best_known_reached,1.143767731031403,0.018603498814627528,20020,,,"{""solve"": {""linprog_runtime"": 0.018603498814627528, ""numba"": true}, ""validation"": {}}"
mkp,binary,max,weish21,bsma_numba,7,2075114684,9074,True,True,False,9074,True,0,best_known_reached,0.7985678990371525,0.0501666518393904,20020,,,"{""solve"": {""linprog_runtime"": 0.0501666518393904, ""numba"": true}, ""validation"": {}}"
mkp,binary,max,weish22,bsma_numba,7,933360997,8947,True,True,False,8947,True,0,best_known_reached,2.411841457011178,0.07286211079917848,20020,,,"{""solve"": {""linprog_runtime"": 0.07286211079917848, ""numba"": true}, ""validation"": {}}"
mkp,binary,max,weish23,bsma_numba,7,1935945444,8341,True,True,False,8344,False,3,max_iterations_reached,14.93365404009819,0.06434608600102365,20020,,,"{""solve"": {""linprog_runtime"": 0.06434608600102365, ""numba"": true}, ""validation"": {}}"
mkp,binary,max,weish24,bsma_numba,7,1731033884,10220,True,True,False,10220,True,0,best_known_reached,3.9243875108659267,0.09009998198598623,20020,,,"{""solve"": {""linprog_runtime"": 0.09009998198598623, ""numba"": true}, ""validation"": {}}"
mkp,binary,max,weish25,bsma_numba,7,757533930,9939,True,True,False,9939,True,0,best_known_reached,2.100855004042387,0.04978675092570484,20020,,,"{""solve"": {""linprog_runtime"": 0.04978675092570484, ""numba"": true}, ""validation"": {}}"
mkp,binary,max,weish26,bsma_numba,7,1557586536,9584,True,True,False,9584,True,0,best_known_reached,0.6255699130706489,0.0648081109393388,20020,,,"{""solve"": {""linprog_runtime"": 0.0648081109393388, ""numba"": true}, ""validation"": {}}"
mkp,binary,max,weish27,bsma_numba,7,432662323,9819,True,True,False,9819,True,0,best_known_reached,0.54163224902004,0.03409404889680445,20020,,,"{""solve"": {""linprog_runtime"": 0.03409404889680445, ""numba"": true}, ""validation"": {}}"
mkp,binary,max,weish28,bsma_numba,7,857897409,9492,True,True,False,9492,True,0,best_known_reached,0.2894134840462357,0.050142772030085325,20020,,,"{""solve"": {""linprog_runtime"": 0.050142772030085325, ""numba"": true}, ""validation"": {}}"
mkp,binary,max,weish29,bsma_numba,7,1160715446,9410,True,True,False,9410,True,0,best_known_reached,0.25810762704350054,0.020125907845795155,20020,,,"{""solve"": {""linprog_runtime"": 0.020125907845795155, ""numba"": true}, ""validation"": {}}"
mkp,binary,max,weish30,bsma_numba,7,39051102,11191,True,True,False,11191,True,0,best_known_reached,0.7573821928817779,0.027038475964218378,20020,,,"{""solve"": {""linprog_runtime"": 0.027038475964218378, ""numba"": true}, ""validation"": {}}"
mkp,binary,max,weish01,bsma_numba,8,2048971704,4554,True,True,False,4554,True,0,best_known_reached,6.44151931302622,0.2056838369462639,20020,,,"{""solve"": {""linprog_runtime"": 0.2056838369462639, ""numba"": true}, ""validation"": {}}"
mkp,binary,max,weish02,bsma_numba,8,449412271,4536,True,True,False,4536,True,0,best_known_reached,0.18984693917445838,0.033456624019891024,20020,,,"{""solve"": {""linprog_runtime"": 0.033456624019891024, ""numba"": true}, ""validation"": {}}"
mkp,binary,max,weish03,bsma_numba,8,254017362,4115,True,True,False,4115,True,0,best_known_reached,0.32446134299971163,0.08619113499298692,20020,,,"{""solve"": {""linprog_runtime"": 0.08619113499298692, ""numba"": true}, ""validation"": {}}"
mkp,binary,max,weish04,bsma_numba,8,1805249812,4561,True,True,False,4561,True,0,best_known_reached,0.34931297693401575,0.040783494943752885,20020,,,"{""solve"": {""linprog_runtime"": 0.040783494943752885, ""numba"": true}, ""validation"": {}}"
mkp,binary,max,weish05,bsma_numba,8,1318863800,4514,True,True,False,4514,True,0,best_known_reached,0.208453597035259,0.02903527789749205,20020,,,"{""solve"": {""linprog_runtime"": 0.02903527789749205, ""numba"": true}, ""validation"": {}}"
mkp,binary,max,weish06,bsma_numba,8,2139068682,5557,True,True,False,5557,True,0,best_known_reached,0.6495459040161222,0.0771149389911443,20020,,,"{""solve"": {""linprog_runtime"": 0.0771149389911443, ""numba"": true}, ""validation"": {}}"
mkp,binary,max,weish07,bsma_numba,8,458767370,5567,True,True,False,5567,True,0,best_known_reached,0.32158543705008924,0.08481746702454984,20020,,,"{""solve"": {""linprog_runtime"": 0.08481746702454984, ""numba"": true}, ""validation"": {}}"
mkp,binary,max,weish08,bsma_numba,8,253436940,5605,True,True,False,5605,True,0,best_known_reached,1.161018725950271,0.05286022508516908,20020,,,"{""solve"": {""linprog_runtime"": 0.05286022508516908, ""numba"": true}, ""validation"": {}}"
mkp,binary,max,weish09,bsma_numba,8,1093833043,5246,True,True,False,5246,True,0,best_known_reached,0.2402119270991534,0.04064558492973447,20020,,,"{""solve"": {""linprog_runtime"": 0.04064558492973447, ""numba"": true}, ""validation"": {}}"
mkp,binary,max,weish10,bsma_numba,8,393779138,6339,True,True,False,6339,True,0,best_known_reached,0.33719871286302805,0.03460591705515981,20020,,,"{""solve"": {""linprog_runtime"": 0.03460591705515981, ""numba"": true}, ""validation"": {}}"
mkp,binary,max,weish11,bsma_numba,8,2092146233,5643,True,True,False,5643,True,0,best_known_reached,0.2982146888971329,0.04611095110885799,20020,,,"{""solve"": {""linprog_runtime"": 0.04611095110885799, ""numba"": true}, ""validation"": {}}"
mkp,binary,max,weish12,bsma_numba,8,848075413,6339,True,True,False,6339,True,0,best_known_reached,0.3387884700205177,0.03789659612812102,20020,,,"{""solve"": {""linprog_runtime"": 0.03789659612812102, ""numba"": true}, ""validation"": {}}"
mkp,binary,max,weish13,bsma_numba,8,297458459,6159,True,True,False,6159,True,0,best_known_reached,0.4164355439133942,0.0644196521025151,20020,,,"{""solve"": {""linprog_runtime"": 0.0644196521025151, ""numba"": true}, ""validation"": {}}"
mkp,binary,max,weish14,bsma_numba,8,603032435,6954,True,True,False,6954,True,0,best_known_reached,0.5182143480051309,0.056357090128585696,20020,,,"{""solve"": {""linprog_runtime"": 0.056357090128585696, ""numba"": true}, ""validation"": {}}"
mkp,binary,max,weish15,bsma_numba,8,1202101935,7486,True,True,False,7486,True,0,best_known_reached,0.383768588071689,0.06206845794804394,20020,,,"{""solve"": {""linprog_runtime"": 0.06206845794804394, ""numba"": true}, ""validation"": {}}"
mkp,binary,max,weish16,bsma_numba,8,1087810610,7289,True,True,False,7289,True,0,best_known_reached,1.6162762080784887,0.054904795018956065,20020,,,"{""solve"": {""linprog_runtime"": 0.054904795018956065, ""numba"": true}, ""validation"": {}}"
mkp,binary,max,weish17,bsma_numba,8,2023155498,8633,True,True,False,8633,True,0,best_known_reached,0.5219564021099359,0.03734180796891451,20020,,,"{""solve"": {""linprog_runtime"": 0.03734180796891451, ""numba"": true}, ""validation"": {}}"
mkp,binary,max,weish18,bsma_numba,8,2057969779,9580,True,True,False,9580,True,0,best_known_reached,0.8873015819117427,0.06854199105873704,20020,,,"{""solve"": {""linprog_runtime"": 0.06854199105873704, ""numba"": true}, ""validation"": {}}"
mkp,binary,max,weish19,bsma_numba,8,1446704747,7698,True,True,False,7698,True,0,best_known_reached,0.6807292350567877,0.03602619701996446,20020,,,"{""solve"": {""linprog_runtime"": 0.03602619701996446, ""numba"": true}, ""validation"": {}}"
mkp,binary,max,weish20,bsma_numba,8,1974818431,9450,True,True,False,9450,True,0,best_known_reached,1.0852156640030444,0.036833399906754494,20020,,,"{""solve"": {""linprog_runtime"": 0.036833399906754494, ""numba"": true}, ""validation"": {}}"
mkp,binary,max,weish21,bsma_numba,8,1631580443,9074,True,True,False,9074,True,0,best_known_reached,0.8926997801754624,0.022358888993039727,20020,,,"{""solve"": {""linprog_runtime"": 0.022358888993039727, ""numba"": true}, ""validation"": {}}"
mkp,binary,max,weish22,bsma_numba,8,896284802,8947,True,True,False,8947,True,0,best_known_reached,1.2130580369848758,0.21974108112044632,20020,,,"{""solve"": {""linprog_runtime"": 0.21974108112044632, ""numba"": true}, ""validation"": {}}"
mkp,binary,max,weish23,bsma_numba,8,1936333117,8344,True,True,False,8344,True,0,best_known_reached,0.8367438840214163,0.03203963302075863,20020,,,"{""solve"": {""linprog_runtime"": 0.03203963302075863, ""numba"": true}, ""validation"": {}}"
mkp,binary,max,weish24,bsma_numba,8,32544057,10200,True,True,False,10220,False,20,max_iterations_reached,15.166405325988308,0.02198488381691277,20020,,,"{""solve"": {""linprog_runtime"": 0.02198488381691277, ""numba"": true}, ""validation"": {}}"
mkp,binary,max,weish25,bsma_numba,8,1987520560,9923,True,True,False,9939,False,16,max_iterations_reached,12.38361663511023,0.04607856506481767,20020,,,"{""solve"": {""linprog_runtime"": 0.04607856506481767, ""numba"": true}, ""validation"": {}}"
mkp,binary,max,weish26,bsma_numba,8,169484235,9584,True,True,False,9584,True,0,best_known_reached,1.6917356241028756,0.04044511588290334,20020,,,"{""solve"": {""linprog_runtime"": 0.04044511588290334, ""numba"": true}, ""validation"": {}}"
mkp,binary,max,weish27,bsma_numba,8,1998246661,9819,True,True,False,9819,True,0,best_known_reached,0.8431967201177031,0.03219785005785525,20020,,,"{""solve"": {""linprog_runtime"": 0.03219785005785525, ""numba"": true}, ""validation"": {}}"
mkp,binary,max,weish28,bsma_numba,8,1038937220,9492,True,True,False,9492,True,0,best_known_reached,0.3265670440159738,0.03429853799752891,20020,,,"{""solve"": {""linprog_runtime"": 0.03429853799752891, ""numba"": true}, ""validation"": {}}"
mkp,binary,max,weish29,bsma_numba,8,1439771813,9410,True,True,False,9410,True,0,best_known_reached,0.24785490799695253,0.036610624054446816,20020,,,"{""solve"": {""linprog_runtime"": 0.036610624054446816, ""numba"": true}, ""validation"": {}}"
mkp,binary,max,weish30,bsma_numba,8,744252354,11191,True,True,False,11191,True,0,best_known_reached,0.5118885380215943,0.012521940050646663,20020,,,"{""solve"": {""linprog_runtime"": 0.012521940050646663, ""numba"": true}, ""validation"": {}}"
mkp,binary,max,weish01,bsma_numba,9,1507673818,4554,True,True,False,4554,True,0,best_known_reached,5.524695269064978,0.17441869201138616,20020,,,"{""solve"": {""linprog_runtime"": 0.17441869201138616, ""numba"": true}, ""validation"": {}}"
mkp,binary,max,weish02,bsma_numba,9,1750465156,4536,True,True,False,4536,True,0,best_known_reached,1.7495589090976864,0.046860158909112215,20020,,,"{""solve"": {""linprog_runtime"": 0.046860158909112215, ""numba"": true}, ""validation"": {}}"
mkp,binary,max,weish03,bsma_numba,9,1203008886,4115,True,True,False,4115,True,0,best_known_reached,0.1799148239661008,0.06675813882611692,20020,,,"{""solve"": {""linprog_runtime"": 0.06675813882611692, ""numba"": true}, ""validation"": {}}"
mkp,binary,max,weish04,bsma_numba,9,15853017,4561,True,True,False,4561,True,0,best_known_reached,0.15224005794152617,0.01491574291139841,20020,,,"{""solve"": {""linprog_runtime"": 0.01491574291139841, ""numba"": true}, ""validation"": {}}"
mkp,binary,max,weish05,bsma_numba,9,725951578,4514,True,True,False,4514,True,0,best_known_reached,0.1776682019699365,0.02145200502127409,20020,,,"{""solve"": {""linprog_runtime"": 0.02145200502127409, ""numba"": true}, ""validation"": {}}"
mkp,binary,max,weish06,bsma_numba,9,777444355,5557,True,True,False,5557,True,0,best_known_reached,0.23529254598543048,0.039986683055758476,20020,,,"{""solve"": {""linprog_runtime"": 0.039986683055758476, ""numba"": true}, ""validation"": {}}"
mkp,binary,max,weish07,bsma_numba,9,1990660265,5567,True,True,False,5567,True,0,best_known_reached,0.24401264800690114,0.0179065081756562,20020,,,"{""solve"": {""linprog_runtime"": 0.0179065081756562, ""numba"": true}, ""validation"": {}}"
mkp,binary,max,weish08,bsma_numba,9,1463014893,5605,True,True,False,5605,True,0,best_known_reached,0.925025693140924,0.055852009914815426,20020,,,"{""solve"": {""linprog_runtime"": 0.055852009914815426, ""numba"": true}, ""validation"": {}}"
mkp,binary,max,weish09,bsma_numba,9,1057632480,5246,True,True,False,5246,True,0,best_known_reached,0.18229263392277062,0.03222582908347249,20020,,,"{""solve"": {""linprog_runtime"": 0.03222582908347249, ""numba"": true}, ""validation"": {}}"
mkp,binary,max,weish10,bsma_numba,9,610200493,6339,True,True,False,6339,True,0,best_known_reached,0.3506135430652648,0.025826162891462445,20020,,,"{""solve"": {""linprog_runtime"": 0.025826162891462445, ""numba"": true}, ""validation"": {}}"
mkp,binary,max,weish11,bsma_numba,9,1929625377,5643,True,True,False,5643,True,0,best_known_reached,0.24835318396799266,0.05258222110569477,20020,,,"{""solve"": {""linprog_runtime"": 0.05258222110569477, ""numba"": true}, ""validation"": {}}"
mkp,binary,max,weish12,bsma_numba,9,866254966,6339,True,True,False,6339,True,0,best_known_reached,0.3308044341392815,0.049812437035143375,20020,,,"{""solve"": {""linprog_runtime"": 0.049812437035143375, ""numba"": true}, ""validation"": {}}"
mkp,binary,max,weish13,bsma_numba,9,1243596698,6159,True,True,False,6159,True,0,best_known_reached,0.5218992808368057,0.029899837914854288,20020,,,"{""solve"": {""linprog_runtime"": 0.029899837914854288, ""numba"": true}, ""validation"": {}}"
mkp,binary,max,weish14,bsma_numba,9,1517413071,6954,True,True,False,6954,True,0,best_known_reached,0.3889458938501775,0.04931333404965699,20020,,,"{""solve"": {""linprog_runtime"": 0.04931333404965699, ""numba"": true}, ""validation"": {}}"
mkp,binary,max,weish15,bsma_numba,9,918070272,7486,True,True,False,7486,True,0,best_known_reached,0.755939339986071,0.022731874836608768,20020,,,"{""solve"": {""linprog_runtime"": 0.022731874836608768, ""numba"": true}, ""validation"": {}}"
mkp,binary,max,weish16,bsma_numba,9,32879786,7289,True,True,False,7289,True,0,best_known_reached,0.5902684100437909,0.026634352980181575,20020,,,"{""solve"": {""linprog_runtime"": 0.026634352980181575, ""numba"": true}, ""validation"": {}}"
mkp,binary,max,weish17,bsma_numba,9,1027293644,8633,True,True,False,8633,True,0,best_known_reached,1.0794012921396643,0.05222150799818337,20020,,,"{""solve"": {""linprog_runtime"": 0.05222150799818337, ""numba"": true}, ""validation"": {}}"
mkp,binary,max,weish18,bsma_numba,9,136550008,9580,True,True,False,9580,True,0,best_known_reached,5.085354804061353,0.041931322077289224,20020,,,"{""solve"": {""linprog_runtime"": 0.041931322077289224, ""numba"": true}, ""validation"": {}}"
mkp,binary,max,weish19,bsma_numba,9,835712617,7698,True,True,False,7698,True,0,best_known_reached,0.37797483894973993,0.027071960037574172,20020,,,"{""solve"": {""linprog_runtime"": 0.027071960037574172, ""numba"": true}, ""validation"": {}}"
mkp,binary,max,weish20,bsma_numba,9,399951755,9450,True,True,False,9450,True,0,best_known_reached,0.9109769868664443,0.03828350198455155,20020,,,"{""solve"": {""linprog_runtime"": 0.03828350198455155, ""numba"": true}, ""validation"": {}}"
mkp,binary,max,weish21,bsma_numba,9,768390950,9074,True,True,False,9074,True,0,best_known_reached,3.0000755139626563,0.03726640297099948,20020,,,"{""solve"": {""linprog_runtime"": 0.03726640297099948, ""numba"": true}, ""validation"": {}}"
mkp,binary,max,weish22,bsma_numba,9,1165350293,8947,True,True,False,8947,True,0,best_known_reached,3.102501479908824,0.035557050025090575,20020,,,"{""solve"": {""linprog_runtime"": 0.035557050025090575, ""numba"": true}, ""validation"": {}}"
mkp,binary,max,weish23,bsma_numba,9,413777049,8344,True,True,False,8344,True,0,best_known_reached,2.0592775538098067,0.04672606918029487,20020,,,"{""solve"": {""linprog_runtime"": 0.04672606918029487, ""numba"": true}, ""validation"": {}}"
mkp,binary,max,weish24,bsma_numba,9,1438463426,10200,True,True,False,10220,False,20,max_iterations_reached,14.460971717955545,0.05289622605778277,20020,,,"{""solve"": {""linprog_runtime"": 0.05289622605778277, ""numba"": true}, ""validation"": {}}"
mkp,binary,max,weish25,bsma_numba,9,98489436,9923,True,True,False,9939,False,16,max_iterations_reached,8.948830586159602,0.04066490405239165,20020,,,"{""solve"": {""linprog_runtime"": 0.04066490405239165, ""numba"": true}, ""validation"": {}}"
mkp,binary,max,weish26,bsma_numba,9,571778009,9584,True,True,False,9584,True,0,best_known_reached,0.2602514252066612,0.016286919824779034,20020,,,"{""solve"": {""linprog_runtime"": 0.016286919824779034, ""numba"": true}, ""validation"": {}}"
mkp,binary,max,weish27,bsma_numba,9,442612360,9819,True,True,False,9819,True,0,best_known_reached,0.12284989794716239,0.014848826918751001,20020,,,"{""solve"": {""linprog_runtime"": 0.014848826918751001, ""numba"": true}, ""validation"": {}}"
mkp,binary,max,weish28,bsma_numba,9,1855941174,9492,True,True,False,9492,True,0,best_known_reached,0.11998361209407449,0.014462029095739126,20020,,,"{""solve"": {""linprog_runtime"": 0.014462029095739126, ""numba"": true}, ""validation"": {}}"
mkp,binary,max,weish29,bsma_numba,9,438342982,9410,True,True,False,9410,True,0,best_known_reached,0.1483519640751183,0.007896261056885123,20020,,,"{""solve"": {""linprog_runtime"": 0.007896261056885123, ""numba"": true}, ""validation"": {}}"
mkp,binary,max,weish30,bsma_numba,9,548218887,11191,True,True,False,11191,True,0,best_known_reached,0.22180989407934248,0.010696646990254521,20020,,,"{""solve"": {""linprog_runtime"": 0.010696646990254521, ""numba"": true}, ""validation"": {}}"
mkp,binary,max,weish01,bsma_numba,10,1443189428,4554,True,True,False,4554,True,0,best_known_reached,6.888802333036438,0.1336145638488233,20020,,,"{""solve"": {""linprog_runtime"": 0.1336145638488233, ""numba"": true}, ""validation"": {}}"
mkp,binary,max,weish02,bsma_numba,10,2058844428,4536,True,True,False,4536,True,0,best_known_reached,0.24088663281872869,0.09783924790099263,20020,,,"{""solve"": {""linprog_runtime"": 0.09783924790099263, ""numba"": true}, ""validation"": {}}"
mkp,binary,max,weish03,bsma_numba,10,1639529195,4115,True,True,False,4115,True,0,best_known_reached,0.25913169304840267,0.029180882964283228,20020,,,"{""solve"": {""linprog_runtime"": 0.029180882964283228, ""numba"": true}, ""validation"": {}}"
mkp,binary,max,weish04,bsma_numba,10,1938441326,4561,True,True,False,4561,True,0,best_known_reached,0.24828677880577743,0.03167090308852494,20020,,,"{""solve"": {""linprog_runtime"": 0.03167090308852494, ""numba"": true}, ""validation"": {}}"
mkp,binary,max,weish05,bsma_numba,10,2012359255,4514,True,True,False,4514,True,0,best_known_reached,0.24560235301032662,0.03193250601179898,20020,,,"{""solve"": {""linprog_runtime"": 0.03193250601179898, ""numba"": true}, ""validation"": {}}"
mkp,binary,max,weish06,bsma_numba,10,1075552439,5557,True,True,False,5557,True,0,best_known_reached,0.31758314091712236,0.029986587120220065,20020,,,"{""solve"": {""linprog_runtime"": 0.029986587120220065, ""numba"": true}, ""validation"": {}}"
mkp,binary,max,weish07,bsma_numba,10,1891235044,5567,True,True,False,5567,True,0,best_known_reached,0.22527012997306883,0.03396022296510637,20020,,,"{""solve"": {""linprog_runtime"": 0.03396022296510637, ""numba"": true}, ""validation"": {}}"
mkp,binary,max,weish08,bsma_numba,10,1206976319,5605,True,True,False,5605,True,0,best_known_reached,0.20900251483544707,0.010744044091552496,20020,,,"{""solve"": {""linprog_runtime"": 0.010744044091552496, ""numba"": true}, ""validation"": {}}"
mkp,binary,max,weish09,bsma_numba,10,623281531,5246,True,True,False,5246,True,0,best_known_reached,0.20075345691293478,0.020818891935050488,20020,,,"{""solve"": {""linprog_runtime"": 0.020818891935050488, ""numba"": true}, ""validation"": {}}"
mkp,binary,max,weish10,bsma_numba,10,1667130607,6339,True,True,False,6339,True,0,best_known_reached,0.27817215491086245,0.036860907915979624,20020,,,"{""solve"": {""linprog_runtime"": 0.036860907915979624, ""numba"": true}, ""validation"": {}}"
mkp,binary,max,weish11,bsma_numba,10,1649826048,5643,True,True,False,5643,True,0,best_known_reached,0.24597120215184987,0.016942811897024512,20020,,,"{""solve"": {""linprog_runtime"": 0.016942811897024512, ""numba"": true}, ""validation"": {}}"
mkp,binary,max,weish12,bsma_numba,10,675011430,6339,True,True,False,6339,True,0,best_known_reached,0.2549805489834398,0.024700069101527333,20020,,,"{""solve"": {""linprog_runtime"": 0.024700069101527333, ""numba"": true}, ""validation"": {}}"
mkp,binary,max,weish13,bsma_numba,10,81774689,6159,True,True,False,6159,True,0,best_known_reached,0.4372279839590192,0.0741095079574734,20020,,,"{""solve"": {""linprog_runtime"": 0.0741095079574734, ""numba"": true}, ""validation"": {}}"
mkp,binary,max,weish14,bsma_numba,10,727778997,6954,True,True,False,6954,True,0,best_known_reached,0.44175212597474456,0.01791670499369502,20020,,,"{""solve"": {""linprog_runtime"": 0.01791670499369502, ""numba"": true}, ""validation"": {}}"
mkp,binary,max,weish15,bsma_numba,10,1808486410,7486,True,True,False,7486,True,0,best_known_reached,0.6671017969492823,0.08493214217014611,20020,,,"{""solve"": {""linprog_runtime"": 0.08493214217014611, ""numba"": true}, ""validation"": {}}"
mkp,binary,max,weish16,bsma_numba,10,417620436,7289,True,True,False,7289,True,0,best_known_reached,4.90466635604389,0.07534848502837121,20020,,,"{""solve"": {""linprog_runtime"": 0.07534848502837121, ""numba"": true}, ""validation"": {}}"
mkp,binary,max,weish17,bsma_numba,10,861309115,8633,True,True,False,8633,True,0,best_known_reached,1.3869005129672587,0.04294211603701115,20020,,,"{""solve"": {""linprog_runtime"": 0.04294211603701115, ""numba"": true}, ""validation"": {}}"
mkp,binary,max,weish18,bsma_numba,10,2075692287,9580,True,True,False,9580,True,0,best_known_reached,4.521116345888004,0.27153911790810525,20020,,,"{""solve"": {""linprog_runtime"": 0.27153911790810525, ""numba"": true}, ""validation"": {}}"
mkp,binary,max,weish19,bsma_numba,10,148758799,7698,True,True,False,7698,True,0,best_known_reached,0.4655668819323182,0.023703969083726406,20020,,,"{""solve"": {""linprog_runtime"": 0.023703969083726406, ""numba"": true}, ""validation"": {}}"
mkp,binary,max,weish20,bsma_numba,10,719504227,9450,True,True,False,9450,True,0,best_known_reached,0.6450633220374584,0.04320570291019976,20020,,,"{""solve"": {""linprog_runtime"": 0.04320570291019976, ""numba"": true}, ""validation"": {}}"
mkp,binary,max,weish21,bsma_numba,10,699779980,9074,True,True,False,9074,True,0,best_known_reached,0.8191600020509213,0.11394649487920105,20020,,,"{""solve"": {""linprog_runtime"": 0.11394649487920105, ""numba"": true}, ""validation"": {}}"
mkp,binary,max,weish22,bsma_numba,10,1038720883,8947,True,True,False,8947,True,0,best_known_reached,1.3171631218865514,0.03932911599986255,20020,,,"{""solve"": {""linprog_runtime"": 0.03932911599986255, ""numba"": true}, ""validation"": {}}"
mkp,binary,max,weish23,bsma_numba,10,1650226304,8344,True,True,False,8344,True,0,best_known_reached,12.27018441283144,0.02791136410087347,20020,,,"{""solve"": {""linprog_runtime"": 0.02791136410087347, ""numba"": true}, ""validation"": {}}"
mkp,binary,max,weish24,bsma_numba,10,1071754443,10220,True,True,False,10220,True,0,best_known_reached,4.137624291935936,0.039143336936831474,20020,,,"{""solve"": {""linprog_runtime"": 0.039143336936831474, ""numba"": true}, ""validation"": {}}"
mkp,binary,max,weish25,bsma_numba,10,1356578015,9923,True,True,False,9939,False,16,max_iterations_reached,9.064941508928314,0.03256384702399373,20020,,,"{""solve"": {""linprog_runtime"": 0.03256384702399373, ""numba"": true}, ""validation"": {}}"
mkp,binary,max,weish26,bsma_numba,10,1872532084,9584,True,True,False,9584,True,0,best_known_reached,0.8332020589150488,0.03538372996263206,20020,,,"{""solve"": {""linprog_runtime"": 0.03538372996263206, ""numba"": true}, ""validation"": {}}"
mkp,binary,max,weish27,bsma_numba,10,1248539467,9819,True,True,False,9819,True,0,best_known_reached,0.1276914740446955,0.010797347174957395,20020,,,"{""solve"": {""linprog_runtime"": 0.010797347174957395, ""numba"": true}, ""validation"": {}}"
mkp,binary,max,weish28,bsma_numba,10,2005398639,9492,True,True,False,9492,True,0,best_known_reached,0.1323989520315081,0.006527968216687441,20020,,,"{""solve"": {""linprog_runtime"": 0.006527968216687441, ""numba"": true}, ""validation"": {}}"
mkp,binary,max,weish29,bsma_numba,10,148620600,9410,True,True,False,9410,True,0,best_known_reached,0.12099500698968768,0.00653026788495481,20020,,,"{""solve"": {""linprog_runtime"": 0.00653026788495481, ""numba"": true}, ""validation"": {}}"
mkp,binary,max,weish30,bsma_numba,10,1873070626,11191,True,True,False,11191,True,0,best_known_reached,0.7001969311386347,0.007755662081763148,20020,,,"{""solve"": {""linprog_runtime"": 0.007755662081763148, ""numba"": true}, ""validation"": {}}"
mkp,binary,max,weish01,bsma_numba,11,1904967065,4554,True,True,False,4554,True,0,best_known_reached,6.390305595006794,0.13728695805184543,20020,,,"{""solve"": {""linprog_runtime"": 0.13728695805184543, ""numba"": true}, ""validation"": {}}"
mkp,binary,max,weish02,bsma_numba,11,1826435419,4536,True,True,False,4536,True,0,best_known_reached,0.11804964300245047,0.01610495592467487,20020,,,"{""solve"": {""linprog_runtime"": 0.01610495592467487, ""numba"": true}, ""validation"": {}}"
mkp,binary,max,weish03,bsma_numba,11,621047390,4115,True,True,False,4115,True,0,best_known_reached,0.1476508299820125,0.018957483116537333,20020,,,"{""solve"": {""linprog_runtime"": 0.018957483116537333, ""numba"": true}, ""validation"": {}}"
mkp,binary,max,weish04,bsma_numba,11,755819217,4561,True,True,False,4561,True,0,best_known_reached,0.11003616498783231,0.007421871880069375,20020,,,"{""solve"": {""linprog_runtime"": 0.007421871880069375, ""numba"": true}, ""validation"": {}}"
mkp,binary,max,weish05,bsma_numba,11,651484505,4514,True,True,False,4514,True,0,best_known_reached,0.09963196516036987,0.004955247975885868,20020,,,"{""solve"": {""linprog_runtime"": 0.004955247975885868, ""numba"": true}, ""validation"": {}}"
mkp,binary,max,weish06,bsma_numba,11,563828290,5557,True,True,False,5557,True,0,best_known_reached,0.16315388004295528,0.017744271084666252,20020,,,"{""solve"": {""linprog_runtime"": 0.017744271084666252, ""numba"": true}, ""validation"": {}}"
mkp,binary,max,weish07,bsma_numba,11,233378543,5567,True,True,False,5567,True,0,best_known_reached,0.21683309809304774,0.0664398439694196,20020,,,"{""solve"": {""linprog_runtime"": 0.0664398439694196, ""numba"": true}, ""validation"": {}}"
mkp,binary,max,weish08,bsma_numba,11,296570684,5605,True,True,False,5605,True,0,best_known_reached,0.30443261680193245,0.05364151392132044,20020,,,"{""solve"": {""linprog_runtime"": 0.05364151392132044, ""numba"": true}, ""validation"": {}}"
mkp,binary,max,weish09,bsma_numba,11,1784556031,5246,True,True,False,5246,True,0,best_known_reached,0.2524764188565314,0.049273372162133455,20020,,,"{""solve"": {""linprog_runtime"": 0.049273372162133455, ""numba"": true}, ""validation"": {}}"
mkp,binary,max,weish10,bsma_numba,11,1256392820,6339,True,True,False,6339,True,0,best_known_reached,0.22659685392864048,0.03150940197519958,20020,,,"{""solve"": {""linprog_runtime"": 0.03150940197519958, ""numba"": true}, ""validation"": {}}"
mkp,binary,max,weish11,bsma_numba,11,1606466800,5643,True,True,False,5643,True,0,best_known_reached,0.33597077103331685,0.021330890944227576,20020,,,"{""solve"": {""linprog_runtime"": 0.021330890944227576, ""numba"": true}, ""validation"": {}}"
mkp,binary,max,weish12,bsma_numba,11,408748511,6339,True,True,False,6339,True,0,best_known_reached,0.2488470079842955,0.026333363028243184,20020,,,"{""solve"": {""linprog_runtime"": 0.026333363028243184, ""numba"": true}, ""validation"": {}}"
mkp,binary,max,weish13,bsma_numba,11,1647172253,6159,True,True,False,6159,True,0,best_known_reached,0.22359943902119994,0.05812789802439511,20020,,,"{""solve"": {""linprog_runtime"": 0.05812789802439511, ""numba"": true}, ""validation"": {}}"
mkp,binary,max,weish14,bsma_numba,11,142557472,6954,True,True,False,6954,True,0,best_known_reached,0.3297481860499829,0.05398521991446614,20020,,,"{""solve"": {""linprog_runtime"": 0.05398521991446614, ""numba"": true}, ""validation"": {}}"
mkp,binary,max,weish15,bsma_numba,11,468590535,7486,True,True,False,7486,True,0,best_known_reached,0.3947005090303719,0.0867953400593251,20020,,,"{""solve"": {""linprog_runtime"": 0.0867953400593251, ""numba"": true}, ""validation"": {}}"
mkp,binary,max,weish16,bsma_numba,11,1646879876,7289,True,True,False,7289,True,0,best_known_reached,1.3115645782090724,0.05607730313204229,20020,,,"{""solve"": {""linprog_runtime"": 0.05607730313204229, ""numba"": true}, ""validation"": {}}"
mkp,binary,max,weish17,bsma_numba,11,1874691491,8633,True,True,False,8633,True,0,best_known_reached,0.45267283893190324,0.12388473120518029,20020,,,"{""solve"": {""linprog_runtime"": 0.12388473120518029, ""numba"": true}, ""validation"": {}}"
mkp,binary,max,weish18,bsma_numba,11,235418691,9580,True,True,False,9580,True,0,best_known_reached,0.8543591960333288,0.039944079937413335,20020,,,"{""solve"": {""linprog_runtime"": 0.039944079937413335, ""numba"": true}, ""validation"": {}}"
mkp,binary,max,weish19,bsma_numba,11,1904124914,7698,True,True,False,7698,True,0,best_known_reached,0.5645354350563139,0.08382183010689914,20020,,,"{""solve"": {""linprog_runtime"": 0.08382183010689914, ""numba"": true}, ""validation"": {}}"
mkp,binary,max,weish20,bsma_numba,11,1062481079,9450,True,True,False,9450,True,0,best_known_reached,0.9329167269170284,0.06986760790459812,20020,,,"{""solve"": {""linprog_runtime"": 0.06986760790459812, ""numba"": true}, ""validation"": {}}"
mkp,binary,max,weish21,bsma_numba,11,909314706,9074,True,True,False,9074,True,0,best_known_reached,0.42886034306138754,0.016574647976085544,20020,,,"{""solve"": {""linprog_runtime"": 0.016574647976085544, ""numba"": true}, ""validation"": {}}"
mkp,binary,max,weish22,bsma_numba,11,765788760,8947,True,True,False,8947,True,0,best_known_reached,0.626230456866324,0.03487620106898248,20020,,,"{""solve"": {""linprog_runtime"": 0.03487620106898248, ""numba"": true}, ""validation"": {}}"
mkp,binary,max,weish23,bsma_numba,11,864483679,8344,True,True,False,8344,True,0,best_known_reached,1.8535426950547844,0.06591098406352103,20020,,,"{""solve"": {""linprog_runtime"": 0.06591098406352103, ""numba"": true}, ""validation"": {}}"
mkp,binary,max,weish24,bsma_numba,11,2014279120,10220,True,True,False,10220,True,0,best_known_reached,2.5166187479626387,0.08496607281267643,20020,,,"{""solve"": {""linprog_runtime"": 0.08496607281267643, ""numba"": true}, ""validation"": {}}"
mkp,binary,max,weish25,bsma_numba,11,1630909149,9923,True,True,False,9939,False,16,max_iterations_reached,14.958079756004736,0.1499271069187671,20020,,,"{""solve"": {""linprog_runtime"": 0.1499271069187671, ""numba"": true}, ""validation"": {}}"
mkp,binary,max,weish26,bsma_numba,11,1766920250,9584,True,True,False,9584,True,0,best_known_reached,0.6494694850407541,0.05199413816444576,20020,,,"{""solve"": {""linprog_runtime"": 0.05199413816444576, ""numba"": true}, ""validation"": {}}"
mkp,binary,max,weish27,bsma_numba,11,1599322610,9819,True,True,False,9819,True,0,best_known_reached,0.3626666471827775,0.05753740598447621,20020,,,"{""solve"": {""linprog_runtime"": 0.05753740598447621, ""numba"": true}, ""validation"": {}}"
mkp,binary,max,weish28,bsma_numba,11,1815202203,9492,True,True,False,9492,True,0,best_known_reached,0.42877756990492344,0.05274892714805901,20020,,,"{""solve"": {""linprog_runtime"": 0.05274892714805901, ""numba"": true}, ""validation"": {}}"
mkp,binary,max,weish29,bsma_numba,11,62239012,9410,True,True,False,9410,True,0,best_known_reached,0.6637314388062805,0.022204785142093897,20020,,,"{""solve"": {""linprog_runtime"": 0.022204785142093897, ""numba"": true}, ""validation"": {}}"
mkp,binary,max,weish30,bsma_numba,11,601391292,11191,True,True,False,11191,True,0,best_known_reached,2.460550978081301,0.04426916595548391,20020,,,"{""solve"": {""linprog_runtime"": 0.04426916595548391, ""numba"": true}, ""validation"": {}}"
mkp,binary,max,weish01,bsma_numba,12,46428277,4554,True,True,False,4554,True,0,best_known_reached,5.7420746081043035,0.19670165283605456,20020,,,"{""solve"": {""linprog_runtime"": 0.19670165283605456, ""numba"": true}, ""validation"": {}}"
mkp,binary,max,weish02,bsma_numba,12,428982779,4536,True,True,False,4536,True,0,best_known_reached,0.2587991328909993,0.040956201031804085,20020,,,"{""solve"": {""linprog_runtime"": 0.040956201031804085, ""numba"": true}, ""validation"": {}}"
mkp,binary,max,weish03,bsma_numba,12,1043924177,4115,True,True,False,4115,True,0,best_known_reached,0.24550130008719862,0.02124850801192224,20020,,,"{""solve"": {""linprog_runtime"": 0.02124850801192224, ""numba"": true}, ""validation"": {}}"
mkp,binary,max,weish04,bsma_numba,12,1185842357,4561,True,True,False,4561,True,0,best_known_reached,0.2857716679573059,0.022058213828131557,20020,,,"{""solve"": {""linprog_runtime"": 0.022058213828131557, ""numba"": true}, ""validation"": {}}"
mkp,binary,max,weish05,bsma_numba,12,277508959,4514,True,True,False,4514,True,0,best_known_reached,0.32337703206576407,0.02135420683771372,20020,,,"{""solve"": {""linprog_runtime"": 0.02135420683771372, ""numba"": true}, ""validation"": {}}"
mkp,binary,max,weish06,bsma_numba,12,32217093,5557,True,True,False,5557,True,0,best_known_reached,0.4764300959650427,0.039300580974668264,20020,,,"{""solve"": {""linprog_runtime"": 0.039300580974668264, ""numba"": true}, ""validation"": {}}"
mkp,binary,max,weish07,bsma_numba,12,107785375,5567,True,True,False,5567,True,0,best_known_reached,0.19801449705846608,0.030340691097080708,20020,,,"{""solve"": {""linprog_runtime"": 0.030340691097080708, ""numba"": true}, ""validation"": {}}"
mkp,binary,max,weish08,bsma_numba,12,660116523,5605,True,True,False,5605,True,0,best_known_reached,0.4774810851085931,0.02801876817829907,20020,,,"{""solve"": {""linprog_runtime"": 0.02801876817829907, ""numba"": true}, ""validation"": {}}"
mkp,binary,max,weish09,bsma_numba,12,1317389305,5246,True,True,False,5246,True,0,best_known_reached,0.25510708801448345,0.016929614124819636,20020,,,"{""solve"": {""linprog_runtime"": 0.016929614124819636, ""numba"": true}, ""validation"": {}}"
mkp,binary,max,weish10,bsma_numba,12,490446377,6339,True,True,False,6339,True,0,best_known_reached,0.560601987875998,0.03994609205983579,20020,,,"{""solve"": {""linprog_runtime"": 0.03994609205983579, ""numba"": true}, ""validation"": {}}"
mkp,binary,max,weish11,bsma_numba,12,1954863837,5643,True,True,False,5643,True,0,best_known_reached,0.24357643513940275,0.021519487956538796,20020,,,"{""solve"": {""linprog_runtime"": 0.021519487956538796, ""numba"": true}, ""validation"": {}}"
mkp,binary,max,weish12,bsma_numba,12,1605678050,6339,True,True,False,6339,True,0,best_known_reached,0.28726578410714865,0.050867535173892975,20020,,,"{""solve"": {""linprog_runtime"": 0.050867535173892975, ""numba"": true}, ""validation"": {}}"
mkp,binary,max,weish13,bsma_numba,12,407015608,6159,True,True,False,6159,True,0,best_known_reached,0.2960982311051339,0.05406321422196925,20020,,,"{""solve"": {""linprog_runtime"": 0.05406321422196925, ""numba"": true}, ""validation"": {}}"
mkp,binary,max,weish14,bsma_numba,12,1187684431,6954,True,True,False,6954,True,0,best_known_reached,0.41444750409573317,0.05493680899962783,20020,,,"{""solve"": {""linprog_runtime"": 0.05493680899962783, ""numba"": true}, ""validation"": {}}"
mkp,binary,max,weish15,bsma_numba,12,466017417,7486,True,True,False,7486,True,0,best_known_reached,0.3617139528505504,0.023834672989323735,20020,,,"{""solve"": {""linprog_runtime"": 0.023834672989323735, ""numba"": true}, ""validation"": {}}"
mkp,binary,max,weish16,bsma_numba,12,1801651250,7289,True,True,False,7289,True,0,best_known_reached,0.9433288800064474,0.021608382929116488,20020,,,"{""solve"": {""linprog_runtime"": 0.021608382929116488, ""numba"": true}, ""validation"": {}}"
mkp,binary,max,weish17,bsma_numba,12,1503904985,8633,True,True,False,8633,True,0,best_known_reached,0.22563905804418027,0.04094687383621931,20020,,,"{""solve"": {""linprog_runtime"": 0.04094687383621931, ""numba"": true}, ""validation"": {}}"
mkp,binary,max,weish18,bsma_numba,12,1549671401,9580,True,True,False,9580,True,0,best_known_reached,3.532874650787562,0.02347667096182704,20020,,,"{""solve"": {""linprog_runtime"": 0.02347667096182704, ""numba"": true}, ""validation"": {}}"
mkp,binary,max,weish19,bsma_numba,12,273042472,7698,True,True,False,7698,True,0,best_known_reached,0.7885586270131171,0.1148206100333482,20020,,,"{""solve"": {""linprog_runtime"": 0.1148206100333482, ""numba"": true}, ""validation"": {}}"
mkp,binary,max,weish20,bsma_numba,12,856426191,9450,True,True,False,9450,True,0,best_known_reached,0.6404260799754411,0.08071241690777242,20020,,,"{""solve"": {""linprog_runtime"": 0.08071241690777242, ""numba"": true}, ""validation"": {}}"
mkp,binary,max,weish21,bsma_numba,12,1645709538,9074,True,True,False,9074,True,0,best_known_reached,1.3531342088244855,0.042491110041737556,20020,,,"{""solve"": {""linprog_runtime"": 0.042491110041737556, ""numba"": true}, ""validation"": {}}"
mkp,binary,max,weish22,bsma_numba,12,842211708,8947,True,True,False,8947,True,0,best_known_reached,0.577002224046737,0.0745213208720088,20020,,,"{""solve"": {""linprog_runtime"": 0.0745213208720088, ""numba"": true}, ""validation"": {}}"
mkp,binary,max,weish23,bsma_numba,12,668731005,8341,True,True,False,8344,False,3,max_iterations_reached,15.499164435081184,0.041785283014178276,20020,,,"{""solve"": {""linprog_runtime"": 0.041785283014178276, ""numba"": true}, ""validation"": {}}"
mkp,binary,max,weish24,bsma_numba,12,774610733,10220,True,True,False,10220,True,0,best_known_reached,0.7559527470730245,0.07638901611790061,20020,,,"{""solve"": {""linprog_runtime"": 0.07638901611790061, ""numba"": true}, ""validation"": {}}"
mkp,binary,max,weish25,bsma_numba,12,215845034,9923,True,True,False,9939,False,16,max_iterations_reached,12.920295750023797,0.09380712010897696,20020,,,"{""solve"": {""linprog_runtime"": 0.09380712010897696, ""numba"": true}, ""validation"": {}}"
mkp,binary,max,weish26,bsma_numba,12,724722831,9584,True,True,False,9584,True,0,best_known_reached,0.5566146590281278,0.033679245971143246,20020,,,"{""solve"": {""linprog_runtime"": 0.033679245971143246, ""numba"": true}, ""validation"": {}}"
mkp,binary,max,weish27,bsma_numba,12,442330366,9819,True,True,False,9819,True,0,best_known_reached,0.5449997750110924,0.02638667798601091,20020,,,"{""solve"": {""linprog_runtime"": 0.02638667798601091, ""numba"": true}, ""validation"": {}}"
mkp,binary,max,weish28,bsma_numba,12,694603989,9492,True,True,False,9492,True,0,best_known_reached,0.23387461598031223,0.019238111097365618,20020,,,"{""solve"": {""linprog_runtime"": 0.019238111097365618, ""numba"": true}, ""validation"": {}}"
mkp,binary,max,weish29,bsma_numba,12,408937686,9410,True,True,False,9410,True,0,best_known_reached,0.3096947451122105,0.02201509801670909,20020,,,"{""solve"": {""linprog_runtime"": 0.02201509801670909, ""numba"": true}, ""validation"": {}}"
mkp,binary,max,weish30,bsma_numba,12,1362010290,11191,True,True,False,11191,True,0,best_known_reached,0.8257748950272799,0.026676274137571454,20020,,,"{""solve"": {""linprog_runtime"": 0.026676274137571454, ""numba"": true}, ""validation"": {}}"
mkp,binary,max,weish01,bsma_numba,13,274262074,4554,True,True,False,4554,True,0,best_known_reached,6.980901510920376,0.14396204613149166,20020,,,"{""solve"": {""linprog_runtime"": 0.14396204613149166, ""numba"": true}, ""validation"": {}}"
mkp,binary,max,weish02,bsma_numba,13,251419756,4536,True,True,False,4536,True,0,best_known_reached,0.19273016694933176,0.02604785212315619,20020,,,"{""solve"": {""linprog_runtime"": 0.02604785212315619, ""numba"": true}, ""validation"": {}}"
mkp,binary,max,weish03,bsma_numba,13,448587090,4115,True,True,False,4115,True,0,best_known_reached,0.16307136812247336,0.04957878007553518,20020,,,"{""solve"": {""linprog_runtime"": 0.04957878007553518, ""numba"": true}, ""validation"": {}}"
mkp,binary,max,weish04,bsma_numba,13,1304559760,4561,True,True,False,4561,True,0,best_known_reached,0.21375134703703225,0.02864427398890257,20020,,,"{""solve"": {""linprog_runtime"": 0.02864427398890257, ""numba"": true}, ""validation"": {}}"
mkp,binary,max,weish05,bsma_numba,13,1619969296,4514,True,True,False,4514,True,0,best_known_reached,0.20120722707360983,0.045341834891587496,20020,,,"{""solve"": {""linprog_runtime"": 0.045341834891587496, ""numba"": true}, ""validation"": {}}"
mkp,binary,max,weish06,bsma_numba,13,1321785669,5557,True,True,False,5557,True,0,best_known_reached,0.5296565771568567,0.027330762008205056,20020,,,"{""solve"": {""linprog_runtime"": 0.027330762008205056, ""numba"": true}, ""validation"": {}}"
mkp,binary,max,weish07,bsma_numba,13,73020405,5567,True,True,False,5567,True,0,best_known_reached,0.31869454495608807,0.038045203080400825,20020,,,"{""solve"": {""linprog_runtime"": 0.038045203080400825, ""numba"": true}, ""validation"": {}}"
mkp,binary,max,weish08,bsma_numba,13,801296473,5605,True,True,False,5605,True,0,best_known_reached,0.5275210598483682,0.04304797714576125,20020,,,"{""solve"": {""linprog_runtime"": 0.04304797714576125, ""numba"": true}, ""validation"": {}}"
mkp,binary,max,weish09,bsma_numba,13,1825723836,5246,True,True,False,5246,True,0,best_known_reached,0.23967973701655865,0.055596710881218314,20020,,,"{""solve"": {""linprog_runtime"": 0.055596710881218314, ""numba"": true}, ""validation"": {}}"
mkp,binary,max,weish10,bsma_numba,13,309770128,6339,True,True,False,6339,True,0,best_known_reached,0.5561481539625674,0.07908238098025322,20020,,,"{""solve"": {""linprog_runtime"": 0.07908238098025322, ""numba"": true}, ""validation"": {}}"
mkp,binary,max,weish11,bsma_numba,13,987526890,5643,True,True,False,5643,True,0,best_known_reached,0.3565908030141145,0.0996347728651017,20020,,,"{""solve"": {""linprog_runtime"": 0.0996347728651017, ""numba"": true}, ""validation"": {}}"
mkp,binary,max,weish12,bsma_numba,13,2099125530,6339,True,True,False,6339,True,0,best_known_reached,0.35571027896367013,0.08764272695407271,20020,,,"{""solve"": {""linprog_runtime"": 0.08764272695407271, ""numba"": true}, ""validation"": {}}"
mkp,binary,max,weish13,bsma_numba,13,518816416,6159,True,True,False,6159,True,0,best_known_reached,0.5145930210128427,0.07029922003857791,20020,,,"{""solve"": {""linprog_runtime"": 0.07029922003857791, ""numba"": true}, ""validation"": {}}"
mkp,binary,max,weish14,bsma_numba,13,811116034,6954,True,True,False,6954,True,0,best_known_reached,0.3076947070658207,0.03501650714315474,20020,,,"{""solve"": {""linprog_runtime"": 0.03501650714315474, ""numba"": true}, ""validation"": {}}"
mkp,binary,max,weish15,bsma_numba,13,1056116813,7486,True,True,False,7486,True,0,best_known_reached,0.42823744285851717,0.07887086505070329,20020,,,"{""solve"": {""linprog_runtime"": 0.07887086505070329, ""numba"": true}, ""validation"": {}}"
mkp,binary,max,weish16,bsma_numba,13,975572788,7289,True,True,False,7289,True,0,best_known_reached,0.9649156180676073,0.03452411014586687,20020,,,"{""solve"": {""linprog_runtime"": 0.03452411014586687, ""numba"": true}, ""validation"": {}}"
mkp,binary,max,weish17,bsma_numba,13,819986686,8633,True,True,False,8633,True,0,best_known_reached,0.4731887939851731,0.052570804953575134,20020,,,"{""solve"": {""linprog_runtime"": 0.052570804953575134, ""numba"": true}, ""validation"": {}}"
mkp,binary,max,weish18,bsma_numba,13,468895260,9580,True,True,False,9580,True,0,best_known_reached,4.034539350075647,0.03759300918318331,20020,,,"{""solve"": {""linprog_runtime"": 0.03759300918318331, ""numba"": true}, ""validation"": {}}"
mkp,binary,max,weish19,bsma_numba,13,1269513702,7698,True,True,False,7698,True,0,best_known_reached,0.32751673297025263,0.03524221992120147,20020,,,"{""solve"": {""linprog_runtime"": 0.03524221992120147, ""numba"": true}, ""validation"": {}}"
mkp,binary,max,weish20,bsma_numba,13,278525556,9450,True,True,False,9450,True,0,best_known_reached,2.1496455201413482,0.05173883703537285,20020,,,"{""solve"": {""linprog_runtime"": 0.05173883703537285, ""numba"": true}, ""validation"": {}}"
mkp,binary,max,weish21,bsma_numba,13,1210502527,9074,True,True,False,9074,True,0,best_known_reached,0.4565193708986044,0.0778294880874455,20020,,,"{""solve"": {""linprog_runtime"": 0.0778294880874455, ""numba"": true}, ""validation"": {}}"
mkp,binary,max,weish22,bsma_numba,13,218585761,8947,True,True,False,8947,True,0,best_known_reached,6.469609414925799,0.11567097599618137,20020,,,"{""solve"": {""linprog_runtime"": 0.11567097599618137, ""numba"": true}, ""validation"": {}}"
mkp,binary,max,weish23,bsma_numba,13,1389979656,8344,True,True,False,8344,True,0,best_known_reached,0.5622803850565106,0.08358938503079116,20020,,,"{""solve"": {""linprog_runtime"": 0.08358938503079116, ""numba"": true}, ""validation"": {}}"
mkp,binary,max,weish24,bsma_numba,13,1783889637,10220,True,True,False,10220,True,0,best_known_reached,2.426518857013434,0.0945990199688822,20020,,,"{""solve"": {""linprog_runtime"": 0.0945990199688822, ""numba"": true}, ""validation"": {}}"
mkp,binary,max,weish25,bsma_numba,13,120678205,9939,True,True,False,9939,True,0,best_known_reached,6.051078238990158,0.09472047514282167,20020,,,"{""solve"": {""linprog_runtime"": 0.09472047514282167, ""numba"": true}, ""validation"": {}}"
mkp,binary,max,weish26,bsma_numba,13,1377928074,9584,True,True,False,9584,True,0,best_known_reached,1.0742282399442047,0.04755975189618766,20020,,,"{""solve"": {""linprog_runtime"": 0.04755975189618766, ""numba"": true}, ""validation"": {}}"
mkp,binary,max,weish27,bsma_numba,13,2146704572,9819,True,True,False,9819,True,0,best_known_reached,0.7978071081452072,0.046961951069533825,20020,,,"{""solve"": {""linprog_runtime"": 0.046961951069533825, ""numba"": true}, ""validation"": {}}"
mkp,binary,max,weish28,bsma_numba,13,901884006,9492,True,True,False,9492,True,0,best_known_reached,0.534116521012038,0.06263247807510197,20020,,,"{""solve"": {""linprog_runtime"": 0.06263247807510197, ""numba"": true}, ""validation"": {}}"
mkp,binary,max,weish29,bsma_numba,13,713178994,9410,True,True,False,9410,True,0,best_known_reached,0.49199162679724395,0.058718248968943954,20020,,,"{""solve"": {""linprog_runtime"": 0.058718248968943954, ""numba"": true}, ""validation"": {}}"
mkp,binary,max,weish30,bsma_numba,13,1185852292,11191,True,True,False,11191,True,0,best_known_reached,3.01262538600713,0.06781380390748382,20020,,,"{""solve"": {""linprog_runtime"": 0.06781380390748382, ""numba"": true}, ""validation"": {}}"
mkp,binary,max,weish01,bsma_numba,14,200562899,4554,True,True,False,4554,True,0,best_known_reached,6.476356445113197,0.18745456892065704,20020,,,"{""solve"": {""linprog_runtime"": 0.18745456892065704, ""numba"": true}, ""validation"": {}}"
mkp,binary,max,weish02,bsma_numba,14,1523178528,4536,True,True,False,4536,True,0,best_known_reached,0.13815063796937466,0.016778261866420507,20020,,,"{""solve"": {""linprog_runtime"": 0.016778261866420507, ""numba"": true}, ""validation"": {}}"
mkp,binary,max,weish03,bsma_numba,14,982187019,4115,True,True,False,4115,True,0,best_known_reached,0.09669423592276871,0.015487449942156672,20020,,,"{""solve"": {""linprog_runtime"": 0.015487449942156672, ""numba"": true}, ""validation"": {}}"
mkp,binary,max,weish04,bsma_numba,14,1051679794,4561,True,True,False,4561,True,0,best_known_reached,0.09270059783011675,0.010537802008911967,20020,,,"{""solve"": {""linprog_runtime"": 0.010537802008911967, ""numba"": true}, ""validation"": {}}"
mkp,binary,max,weish05,bsma_numba,14,2132801731,4514,True,True,False,4514,True,0,best_known_reached,0.1381491378415376,0.016376657877117395,20020,,,"{""solve"": {""linprog_runtime"": 0.016376657877117395, ""numba"": true}, ""validation"": {}}"
mkp,binary,max,weish06,bsma_numba,14,1020406218,5557,True,True,False,5557,True,0,best_known_reached,0.06792525784112513,0.00611985893920064,20020,,,"{""solve"": {""linprog_runtime"": 0.00611985893920064, ""numba"": true}, ""validation"": {}}"
mkp,binary,max,weish07,bsma_numba,14,1080848666,5567,True,True,False,5567,True,0,best_known_reached,0.04812376596964896,0.011287610046565533,20020,,,"{""solve"": {""linprog_runtime"": 0.011287610046565533, ""numba"": true}, ""validation"": {}}"
mkp,binary,max,weish08,bsma_numba,14,1226712331,5605,True,True,False,5605,True,0,best_known_reached,0.19476078310981393,0.005188550101593137,20020,,,"{""solve"": {""linprog_runtime"": 0.005188550101593137, ""numba"": true}, ""validation"": {}}"
mkp,binary,max,weish09,bsma_numba,14,1395792330,5246,True,True,False,5246,True,0,best_known_reached,0.12578900484368205,0.027897866908460855,20020,,,"{""solve"": {""linprog_runtime"": 0.027897866908460855, ""numba"": true}, ""validation"": {}}"
mkp,binary,max,weish10,bsma_numba,14,46403021,6339,True,True,False,6339,True,0,best_known_reached,0.17483677505515516,0.014252036111429334,20020,,,"{""solve"": {""linprog_runtime"": 0.014252036111429334, ""numba"": true}, ""validation"": {}}"
mkp,binary,max,weish11,bsma_numba,14,149883248,5643,True,True,False,5643,True,0,best_known_reached,0.2322251251898706,0.02754976414144039,20020,,,"{""solve"": {""linprog_runtime"": 0.02754976414144039, ""numba"": true}, ""validation"": {}}"
mkp,binary,max,weish12,bsma_numba,14,356132265,6339,True,True,False,6339,True,0,best_known_reached,0.36338778189383447,0.021863510133698583,20020,,,"{""solve"": {""linprog_runtime"": 0.021863510133698583, ""numba"": true}, ""validation"": {}}"
mkp,binary,max,weish13,bsma_numba,14,499628412,6159,True,True,False,6159,True,0,best_known_reached,0.3366553590167314,0.0494087478145957,20020,,,"{""solve"": {""linprog_runtime"": 0.0494087478145957, ""numba"": true}, ""validation"": {}}"
mkp,binary,max,weish14,bsma_numba,14,1193220332,6954,True,True,False,6954,True,0,best_known_reached,0.4132972531951964,0.04751205304637551,20020,,,"{""solve"": {""linprog_runtime"": 0.04751205304637551, ""numba"": true}, ""validation"": {}}"
mkp,binary,max,weish15,bsma_numba,14,834739578,7486,True,True,False,7486,True,0,best_known_reached,0.43974900408647954,0.06100868294015527,20020,,,"{""solve"": {""linprog_runtime"": 0.06100868294015527, ""numba"": true}, ""validation"": {}}"
mkp,binary,max,weish16,bsma_numba,14,1092240502,7289,True,True,False,7289,True,0,best_known_reached,0.642473696032539,0.03642390691675246,20020,,,"{""solve"": {""linprog_runtime"": 0.03642390691675246, ""numba"": true}, ""validation"": {}}"
mkp,binary,max,weish17,bsma_numba,14,2137343815,8633,True,True,False,8633,True,0,best_known_reached,0.8388994948472828,0.023469075094908476,20020,,,"{""solve"": {""linprog_runtime"": 0.023469075094908476, ""numba"": true}, ""validation"": {}}"
mkp,binary,max,weish18,bsma_numba,14,1309162369,9580,True,True,False,9580,True,0,best_known_reached,3.3243750219698995,0.019781192997470498,20020,,,"{""solve"": {""linprog_runtime"": 0.019781192997470498, ""numba"": true}, ""validation"": {}}"
mkp,binary,max,weish19,bsma_numba,14,1039613003,7698,True,True,False,7698,True,0,best_known_reached,0.49337428784929216,0.08621654799208045,20020,,,"{""solve"": {""linprog_runtime"": 0.08621654799208045, ""numba"": true}, ""validation"": {}}"
mkp,binary,max,weish20,bsma_numba,14,1287401046,9450,True,True,False,9450,True,0,best_known_reached,0.6058277911506593,0.0708020981401205,20020,,,"{""solve"": {""linprog_runtime"": 0.0708020981401205, ""numba"": true}, ""validation"": {}}"
mkp,binary,max,weish21,bsma_numba,14,1950368724,9074,True,True,False,9074,True,0,best_known_reached,1.247920734109357,0.17691967682912946,20020,,,"{""solve"": {""linprog_runtime"": 0.17691967682912946, ""numba"": true}, ""validation"": {}}"
mkp,binary,max,weish22,bsma_numba,14,488200688,8947,True,True,False,8947,True,0,best_known_reached,2.0559889799915254,0.059461253928020597,20020,,,"{""solve"": {""linprog_runtime"": 0.059461253928020597, ""numba"": true}, ""validation"": {}}"
mkp,binary,max,weish23,bsma_numba,14,308878001,8344,True,True,False,8344,True,0,best_known_reached,1.6206391910091043,0.04085588804446161,20020,,,"{""solve"": {""linprog_runtime"": 0.04085588804446161, ""numba"": true}, ""validation"": {}}"
mkp,binary,max,weish24,bsma_numba,14,870136313,10220,True,True,False,10220,True,0,best_known_reached,5.514706647954881,0.022149781929329038,20020,,,"{""solve"": {""linprog_runtime"": 0.022149781929329038, ""numba"": true}, ""validation"": {}}"
mkp,binary,max,weish25,bsma_numba,14,1680577136,9923,True,True,False,9939,False,16,max_iterations_reached,14.32373434305191,0.02256698999553919,20020,,,"{""solve"": {""linprog_runtime"": 0.02256698999553919, ""numba"": true}, ""validation"": {}}"
mkp,binary,max,weish26,bsma_numba,14,1670947751,9584,True,True,False,9584,True,0,best_known_reached,0.6847660951316357,0.06409767596051097,20020,,,"{""solve"": {""linprog_runtime"": 0.06409767596051097, ""numba"": true}, ""validation"": {}}"
mkp,binary,max,weish27,bsma_numba,14,1081549182,9819,True,True,False,9819,True,0,best_known_reached,0.6852148070465773,0.021835898980498314,20020,,,"{""solve"": {""linprog_runtime"": 0.021835898980498314, ""numba"": true}, ""validation"": {}}"
mkp,binary,max,weish28,bsma_numba,14,1404016538,9492,True,True,False,9492,True,0,best_known_reached,0.5266175121068954,0.039670213125646114,20020,,,"{""solve"": {""linprog_runtime"": 0.039670213125646114, ""numba"": true}, ""validation"": {}}"
mkp,binary,max,weish29,bsma_numba,14,552819976,9410,True,True,False,9410,True,0,best_known_reached,0.6356993629597127,0.02863286412321031,20020,,,"{""solve"": {""linprog_runtime"": 0.02863286412321031, ""numba"": true}, ""validation"": {}}"
mkp,binary,max,weish30,bsma_numba,14,1750719478,11191,True,True,False,11191,True,0,best_known_reached,2.396410231012851,0.04254589509218931,20020,,,"{""solve"": {""linprog_runtime"": 0.04254589509218931, ""numba"": true}, ""validation"": {}}"
mkp,binary,max,weish01,bsma_numba,15,1340374119,4554,True,True,False,4554,True,0,best_known_reached,6.263424226082861,0.17196039599366486,20020,,,"{""solve"": {""linprog_runtime"": 0.17196039599366486, ""numba"": true}, ""validation"": {}}"
mkp,binary,max,weish02,bsma_numba,15,1053509569,4536,True,True,False,4536,True,0,best_known_reached,0.1732584780547768,0.02331692515872419,20020,,,"{""solve"": {""linprog_runtime"": 0.02331692515872419, ""numba"": true}, ""validation"": {}}"
mkp,binary,max,weish03,bsma_numba,15,1660681633,4115,True,True,False,4115,True,0,best_known_reached,0.16453199298121035,0.015637452015653253,20020,,,"{""solve"": {""linprog_runtime"": 0.015637452015653253, ""numba"": true}, ""validation"": {}}"
mkp,binary,max,weish04,bsma_numba,15,1885778201,4561,True,True,False,4561,True,0,best_known_reached,0.20671070204116404,0.013022526167333126,20020,,,"{""solve"": {""linprog_runtime"": 0.013022526167333126, ""numba"": true}, ""validation"": {}}"
mkp,binary,max,weish05,bsma_numba,15,743837694,4514,True,True,False,4514,True,0,best_known_reached,0.21199015295132995,0.02938748407177627,20020,,,"{""solve"": {""linprog_runtime"": 0.02938748407177627, ""numba"": true}, ""validation"": {}}"
mkp,binary,max,weish06,bsma_numba,15,1537106998,5557,True,True,False,5557,True,0,best_known_reached,0.35513132088817656,0.039948685793206096,20020,,,"{""solve"": {""linprog_runtime"": 0.039948685793206096, ""numba"": true}, ""validation"": {}}"
mkp,binary,max,weish07,bsma_numba,15,1093311325,5567,True,True,False,5567,True,0,best_known_reached,0.32897655200213194,0.03424062789417803,20020,,,"{""solve"": {""linprog_runtime"": 0.03424062789417803, ""numba"": true}, ""validation"": {}}"
mkp,binary,max,weish08,bsma_numba,15,1459890376,5605,True,True,False,5605,True,0,best_known_reached,0.3695081959012896,0.044438426150009036,20020,,,"{""solve"": {""linprog_runtime"": 0.044438426150009036, ""numba"": true}, ""validation"": {}}"
mkp,binary,max,weish09,bsma_numba,15,980024831,5246,True,True,False,5246,True,0,best_known_reached,0.3169267631601542,0.07245513214729726,20020,,,"{""solve"": {""linprog_runtime"": 0.07245513214729726, ""numba"": true}, ""validation"": {}}"
mkp,binary,max,weish10,bsma_numba,15,65881154,6339,True,True,False,6339,True,0,best_known_reached,0.38417930505238473,0.03589051403105259,20020,,,"{""solve"": {""linprog_runtime"": 0.03589051403105259, ""numba"": true}, ""validation"": {}}"
mkp,binary,max,weish11,bsma_numba,15,1429903101,5643,True,True,False,5643,True,0,best_known_reached,0.32501911208964884,0.02122789015993476,20020,,,"{""solve"": {""linprog_runtime"": 0.02122789015993476, ""numba"": true}, ""validation"": {}}"
mkp,binary,max,weish12,bsma_numba,15,646435077,6339,True,True,False,6339,True,0,best_known_reached,0.3246865849941969,0.022726282011717558,20020,,,"{""solve"": {""linprog_runtime"": 0.022726282011717558, ""numba"": true}, ""validation"": {}}"
mkp,binary,max,weish13,bsma_numba,15,800339722,6159,True,True,False,6159,True,0,best_known_reached,0.3763258059043437,0.06046738009899855,20020,,,"{""solve"": {""linprog_runtime"": 0.06046738009899855, ""numba"": true}, ""validation"": {}}"
mkp,binary,max,weish14,bsma_numba,15,1211120517,6954,True,True,False,6954,True,0,best_known_reached,0.29961051302962005,0.035048015182837844,20020,,,"{""solve"": {""linprog_runtime"": 0.035048015182837844, ""numba"": true}, ""validation"": {}}"
mkp,binary,max,weish15,bsma_numba,15,529676416,7486,True,True,False,7486,True,0,best_known_reached,1.1332928738556802,0.03804819914512336,20020,,,"{""solve"": {""linprog_runtime"": 0.03804819914512336, ""numba"": true}, ""validation"": {}}"
mkp,binary,max,weish16,bsma_numba,15,574288192,7289,True,True,False,7289,True,0,best_known_reached,0.5460384951438755,0.08342964085750282,20020,,,"{""solve"": {""linprog_runtime"": 0.08342964085750282, ""numba"": true}, ""validation"": {}}"
mkp,binary,max,weish17,bsma_numba,15,1348687256,8633,True,True,False,8633,True,0,best_known_reached,0.7147067300975323,0.03384701395407319,20020,,,"{""solve"": {""linprog_runtime"": 0.03384701395407319, ""numba"": true}, ""validation"": {}}"
mkp,binary,max,weish18,bsma_numba,15,61589848,9580,True,True,False,9580,True,0,best_known_reached,2.460918794153258,0.33374462905339897,20020,,,"{""solve"": {""linprog_runtime"": 0.33374462905339897, ""numba"": true}, ""validation"": {}}"
mkp,binary,max,weish19,bsma_numba,15,1035331267,7698,True,True,False,7698,True,0,best_known_reached,0.3456500500906259,0.03125368803739548,20020,,,"{""solve"": {""linprog_runtime"": 0.03125368803739548, ""numba"": true}, ""validation"": {}}"
mkp,binary,max,weish20,bsma_numba,15,1731814427,9450,True,True,False,9450,True,0,best_known_reached,0.45907373703084886,0.047079827170819044,20020,,,"{""solve"": {""linprog_runtime"": 0.047079827170819044, ""numba"": true}, ""validation"": {}}"
mkp,binary,max,weish21,bsma_numba,15,1162786292,9074,True,True,False,9074,True,0,best_known_reached,0.62651596381329,0.1322280562017113,20020,,,"{""solve"": {""linprog_runtime"": 0.1322280562017113, ""numba"": true}, ""validation"": {}}"
mkp,binary,max,weish22,bsma_numba,15,1205652420,8947,True,True,False,8947,True,0,best_known_reached,3.3643581280484796,0.03898390103131533,20020,,,"{""solve"": {""linprog_runtime"": 0.03898390103131533, ""numba"": true}, ""validation"": {}}"
mkp,binary,max,weish23,bsma_numba,15,1436633452,8341,True,True,False,8344,False,3,max_iterations_reached,14.687684754142538,0.11843557399697602,20020,,,"{""solve"": {""linprog_runtime"": 0.11843557399697602, ""numba"": true}, ""validation"": {}}"
mkp,binary,max,weish24,bsma_numba,15,825876460,10220,True,True,False,10220,True,0,best_known_reached,5.2217336350586265,0.04293248080648482,20020,,,"{""solve"": {""linprog_runtime"": 0.04293248080648482, ""numba"": true}, ""validation"": {}}"
mkp,binary,max,weish25,bsma_numba,15,1526225343,9939,True,True,False,9939,True,0,best_known_reached,1.9314855178818107,0.10529351583682,20020,,,"{""solve"": {""linprog_runtime"": 0.10529351583682, ""numba"": true}, ""validation"": {}}"
mkp,binary,max,weish26,bsma_numba,15,202647743,9584,True,True,False,9584,True,0,best_known_reached,2.083495262078941,0.09703854098916054,20020,,,"{""solve"": {""linprog_runtime"": 0.09703854098916054, ""numba"": true}, ""validation"": {}}"
mkp,binary,max,weish27,bsma_numba,15,2106518343,9819,True,True,False,9819,True,0,best_known_reached,0.6236452229786664,0.0675783681217581,20020,,,"{""solve"": {""linprog_runtime"": 0.0675783681217581, ""numba"": true}, ""validation"": {}}"
mkp,binary,max,weish28,bsma_numba,15,875854105,9492,True,True,False,9492,True,0,best_known_reached,0.4313352438621223,0.1053860739339143,20020,,,"{""solve"": {""linprog_runtime"": 0.1053860739339143, ""numba"": true}, ""validation"": {}}"
mkp,binary,max,weish29,bsma_numba,15,25601559,9410,True,True,False,9410,True,0,best_known_reached,0.41729781217873096,0.05042954790405929,20020,,,"{""solve"": {""linprog_runtime"": 0.05042954790405929, ""numba"": true}, ""validation"": {}}"
mkp,binary,max,weish30,bsma_numba,15,1253466262,11191,True,True,False,11191,True,0,best_known_reached,1.7349804111290723,0.018536105984821916,20020,,,"{""solve"": {""linprog_runtime"": 0.018536105984821916, ""numba"": true}, ""validation"": {}}"
mkp,binary,max,weish01,bsma_numba,16,882521541,4554,True,True,False,4554,True,0,best_known_reached,7.690467557869852,0.279666201910004,20020,,,"{""solve"": {""linprog_runtime"": 0.279666201910004, ""numba"": true}, ""validation"": {}}"
mkp,binary,max,weish02,bsma_numba,16,90222747,4536,True,True,False,4536,True,0,best_known_reached,0.2290145941078663,0.02689325693063438,20020,,,"{""solve"": {""linprog_runtime"": 0.02689325693063438, ""numba"": true}, ""validation"": {}}"
mkp,binary,max,weish03,bsma_numba,16,1298280974,4115,True,True,False,4115,True,0,best_known_reached,0.29278838285245,0.03475793311372399,20020,,,"{""solve"": {""linprog_runtime"": 0.03475793311372399, ""numba"": true}, ""validation"": {}}"
mkp,binary,max,weish04,bsma_numba,16,821610824,4561,True,True,False,4561,True,0,best_known_reached,0.14271255815401673,0.026385362958535552,20020,,,"{""solve"": {""linprog_runtime"": 0.026385362958535552, ""numba"": true}, ""validation"": {}}"
mkp,binary,max,weish05,bsma_numba,16,246639584,4514,True,True,False,4514,True,0,best_known_reached,0.3771071410737932,0.04533756407909095,20020,,,"{""solve"": {""linprog_runtime"": 0.04533756407909095, ""numba"": true}, ""validation"": {}}"
mkp,binary,max,weish06,bsma_numba,16,958096007,5557,True,True,False,5557,True,0,best_known_reached,0.27514987089671195,0.02131328987888992,20020,,,"{""solve"": {""linprog_runtime"": 0.02131328987888992, ""numba"": true}, ""validation"": {}}"
mkp,binary,max,weish07,bsma_numba,16,2045476842,5567,True,True,False,5567,True,0,best_known_reached,0.2615836341865361,0.02151568792760372,20020,,,"{""solve"": {""linprog_runtime"": 0.02151568792760372, ""numba"": true}, ""validation"": {}}"
mkp,binary,max,weish08,bsma_numba,16,1144679440,5605,True,True,False,5605,True,0,best_known_reached,0.5430928231216967,0.026896057883277535,20020,,,"{""solve"": {""linprog_runtime"": 0.026896057883277535, ""numba"": true}, ""validation"": {}}"
mkp,binary,max,weish09,bsma_numba,16,1978093141,5246,True,True,False,5246,True,0,best_known_reached,0.2328958660364151,0.03916549310088158,20020,,,"{""solve"": {""linprog_runtime"": 0.03916549310088158, ""numba"": true}, ""validation"": {}}"
mkp,binary,max,weish10,bsma_numba,16,1338777577,6339,True,True,False,6339,True,0,best_known_reached,0.42011264618486166,0.02658845903351903,20020,,,"{""solve"": {""linprog_runtime"": 0.02658845903351903, ""numba"": true}, ""validation"": {}}"
mkp,binary,max,weish11,bsma_numba,16,897534259,5643,True,True,False,5643,True,0,best_known_reached,0.31794618209823966,0.03887208993546665,20020,,,"{""solve"": {""linprog_runtime"": 0.03887208993546665, ""numba"": true}, ""validation"": {}}"
mkp,binary,max,weish12,bsma_numba,16,349652619,6339,True,True,False,6339,True,0,best_known_reached,1.5275102208834141,0.03829609300009906,20020,,,"{""solve"": {""linprog_runtime"": 0.03829609300009906, ""numba"": true}, ""validation"": {}}"
mkp,binary,max,weish13,bsma_numba,16,1591868443,6159,True,True,False,6159,True,0,best_known_reached,0.2155571908224374,0.025411357171833515,20020,,,"{""solve"": {""linprog_runtime"": 0.025411357171833515, ""numba"": true}, ""validation"": {}}"
mkp,binary,max,weish14,bsma_numba,16,1897528943,6954,True,True,False,6954,True,0,best_known_reached,0.6173845389857888,0.27138847787864506,20020,,,"{""solve"": {""linprog_runtime"": 0.27138847787864506, ""numba"": true}, ""validation"": {}}"
mkp,binary,max,weish15,bsma_numba,16,947740185,7486,True,True,False,7486,True,0,best_known_reached,0.3786624039057642,0.06299928994849324,20020,,,"{""solve"": {""linprog_runtime"": 0.06299928994849324, ""numba"": true}, ""validation"": {}}"
mkp,binary,max,weish16,bsma_numba,16,1927298486,7289,True,True,False,7289,True,0,best_known_reached,1.7868117501493543,0.07409451506100595,20020,,,"{""solve"": {""linprog_runtime"": 0.07409451506100595, ""numba"": true}, ""validation"": {}}"
mkp,binary,max,weish17,bsma_numba,16,533537236,8633,True,True,False,8633,True,0,best_known_reached,1.7431646599434316,0.034646294079720974,20020,,,"{""solve"": {""linprog_runtime"": 0.034646294079720974, ""numba"": true}, ""validation"": {}}"
mkp,binary,max,weish18,bsma_numba,16,132943815,9580,True,True,False,9580,True,0,best_known_reached,3.529916121158749,0.051440644077956676,20020,,,"{""solve"": {""linprog_runtime"": 0.051440644077956676, ""numba"": true}, ""validation"": {}}"
mkp,binary,max,weish19,bsma_numba,16,1831832139,7698,True,True,False,7698,True,0,best_known_reached,0.45675953896716237,0.06148916878737509,20020,,,"{""solve"": {""linprog_runtime"": 0.06148916878737509, ""numba"": true}, ""validation"": {}}"
mkp,binary,max,weish20,bsma_numba,16,414295834,9450,True,True,False,9450,True,0,best_known_reached,0.4623166841920465,0.06317955907434225,20020,,,"{""solve"": {""linprog_runtime"": 0.06317955907434225, ""numba"": true}, ""validation"": {}}"
mkp,binary,max,weish21,bsma_numba,16,1125989210,9074,True,True,False,9074,True,0,best_known_reached,1.3373951420653611,0.034439744893461466,20020,,,"{""solve"": {""linprog_runtime"": 0.034439744893461466, ""numba"": true}, ""validation"": {}}"
mkp,binary,max,weish22,bsma_numba,16,99705685,8929,True,True,False,8947,False,18,max_iterations_reached,14.59299190202728,0.0511673588771373,20020,,,"{""solve"": {""linprog_runtime"": 0.0511673588771373, ""numba"": true}, ""validation"": {}}"
mkp,binary,max,weish23,bsma_numba,16,653974555,8344,True,True,False,8344,True,0,best_known_reached,0.828545198077336,0.022117533953860402,20020,,,"{""solve"": {""linprog_runtime"": 0.022117533953860402, ""numba"": true}, ""validation"": {}}"
mkp,binary,max,weish24,bsma_numba,16,667816774,10200,True,True,False,10220,False,20,max_iterations_reached,11.866754993097857,0.034651505993679166,20020,,,"{""solve"": {""linprog_runtime"": 0.034651505993679166, ""numba"": true}, ""validation"": {}}"
mkp,binary,max,weish25,bsma_numba,16,762886816,9923,True,True,False,9939,False,16,max_iterations_reached,2.8300319630652666,0.02023030398413539,20020,,,"{""solve"": {""linprog_runtime"": 0.02023030398413539, ""numba"": true}, ""validation"": {}}"
mkp,binary,max,weish26,bsma_numba,16,1670458988,9584,True,True,False,9584,True,0,best_known_reached,0.17437553009949625,0.008739457000046968,20020,,,"{""solve"": {""linprog_runtime"": 0.008739457000046968, ""numba"": true}, ""validation"": {}}"
mkp,binary,max,weish27,bsma_numba,16,527340878,9819,True,True,False,9819,True,0,best_known_reached,0.05009974888525903,0.004386678105220199,20020,,,"{""solve"": {""linprog_runtime"": 0.004386678105220199, ""numba"": true}, ""validation"": {}}"
mkp,binary,max,weish28,bsma_numba,16,1275978395,9492,True,True,False,9492,True,0,best_known_reached,0.0385004049167037,0.004592277109622955,20020,,,"{""solve"": {""linprog_runtime"": 0.004592277109622955, ""numba"": true}, ""validation"": {}}"
mkp,binary,max,weish29,bsma_numba,16,32133472,9410,True,True,False,9410,True,0,best_known_reached,0.046117566991597414,0.005005075130611658,20020,,,"{""solve"": {""linprog_runtime"": 0.005005075130611658, ""numba"": true}, ""validation"": {}}"
mkp,binary,max,weish30,bsma_numba,16,1936310993,11191,True,True,False,11191,True,0,best_known_reached,0.6190193030051887,0.006596666993573308,20020,,,"{""solve"": {""linprog_runtime"": 0.006596666993573308, ""numba"": true}, ""validation"": {}}"
mkp,binary,max,weish01,bsma_numba,17,290639672,4554,True,True,False,4554,True,0,best_known_reached,6.6825933021027595,0.19254675996489823,20020,,,"{""solve"": {""linprog_runtime"": 0.19254675996489823, ""numba"": true}, ""validation"": {}}"
mkp,binary,max,weish02,bsma_numba,17,1498334939,4531,True,True,False,4536,False,5,max_iterations_reached,5.6258167889900506,0.026300954865291715,20020,,,"{""solve"": {""linprog_runtime"": 0.026300954865291715, ""numba"": true}, ""validation"": {}}"
mkp,binary,max,weish03,bsma_numba,17,753487146,4115,True,True,False,4115,True,0,best_known_reached,0.40917990589514375,0.07048670505173504,20020,,,"{""solve"": {""linprog_runtime"": 0.07048670505173504, ""numba"": true}, ""validation"": {}}"
mkp,binary,max,weish04,bsma_numba,17,1702191948,4561,True,True,False,4561,True,0,best_known_reached,0.20394765702076256,0.08232403895817697,20020,,,"{""solve"": {""linprog_runtime"": 0.08232403895817697, ""numba"": true}, ""validation"": {}}"
mkp,binary,max,weish05,bsma_numba,17,469650863,4514,True,True,False,4514,True,0,best_known_reached,0.31745742284692824,0.01328232605010271,20020,,,"{""solve"": {""linprog_runtime"": 0.01328232605010271, ""numba"": true}, ""validation"": {}}"
mkp,binary,max,weish06,bsma_numba,17,267839886,5557,True,True,False,5557,True,0,best_known_reached,0.4180728120263666,0.07449241587892175,20020,,,"{""solve"": {""linprog_runtime"": 0.07449241587892175, ""numba"": true}, ""validation"": {}}"
mkp,binary,max,weish07,bsma_numba,17,1196510559,5567,True,True,False,5567,True,0,best_known_reached,0.3160105168353766,0.02476967195980251,20020,,,"{""solve"": {""linprog_runtime"": 0.02476967195980251, ""numba"": true}, ""validation"": {}}"
mkp,binary,max,weish08,bsma_numba,17,221701978,5605,True,True,False,5605,True,0,best_known_reached,0.2842397119384259,0.03800790989771485,20020,,,"{""solve"": {""linprog_runtime"": 0.03800790989771485, ""numba"": true}, ""validation"": {}}"
mkp,binary,max,weish09,bsma_numba,17,620910733,5246,True,True,False,5246,True,0,best_known_reached,0.2206722169648856,0.03485319786705077,20020,,,"{""solve"": {""linprog_runtime"": 0.03485319786705077, ""numba"": true}, ""validation"": {}}"
mkp,binary,max,weish10,bsma_numba,17,2035767364,6339,True,True,False,6339,True,0,best_known_reached,0.47914664121344686,0.02379226591438055,20020,,,"{""solve"": {""linprog_runtime"": 0.02379226591438055, ""numba"": true}, ""validation"": {}}"
mkp,binary,max,weish11,bsma_numba,17,23085527,5643,True,True,False,5643,True,0,best_known_reached,0.15192602504976094,0.025920072104781866,20020,,,"{""solve"": {""linprog_runtime"": 0.025920072104781866, ""numba"": true}, ""validation"": {}}"
mkp,binary,max,weish12,bsma_numba,17,1433530973,6339,True,True,False,6339,True,0,best_known_reached,0.20659076096490026,0.027530777035281062,20020,,,"{""solve"": {""linprog_runtime"": 0.027530777035281062, ""numba"": true}, ""validation"": {}}"
mkp,binary,max,weish13,bsma_numba,17,1513957076,6159,True,True,False,6159,True,0,best_known_reached,0.3619443760253489,0.038759703980758786,20020,,,"{""solve"": {""linprog_runtime"": 0.038759703980758786, ""numba"": true}, ""validation"": {}}"
mkp,binary,max,weish14,bsma_numba,17,680450079,6954,True,True,False,6954,True,0,best_known_reached,0.39450546400621533,0.013785337097942829,20020,,,"{""solve"": {""linprog_runtime"": 0.013785337097942829, ""numba"": true}, ""validation"": {}}"
mkp,binary,max,weish15,bsma_numba,17,748456673,7486,True,True,False,7486,True,0,best_known_reached,0.78124960209243,0.04696992598474026,20020,,,"{""solve"": {""linprog_runtime"": 0.04696992598474026, ""numba"": true}, ""validation"": {}}"
mkp,binary,max,weish16,bsma_numba,17,1948344204,7289,True,True,False,7289,True,0,best_known_reached,0.4670817519072443,0.017319514183327556,20020,,,"{""solve"": {""linprog_runtime"": 0.017319514183327556, ""numba"": true}, ""validation"": {}}"
mkp,binary,max,weish17,bsma_numba,17,600574899,8633,True,True,False,8633,True,0,best_known_reached,0.6565483580343425,0.039783398155122995,20020,,,"{""solve"": {""linprog_runtime"": 0.039783398155122995, ""numba"": true}, ""validation"": {}}"
mkp,binary,max,weish18,bsma_numba,17,722226027,9580,True,True,False,9580,True,0,best_known_reached,3.033182578161359,0.018365805968642235,20020,,,"{""solve"": {""linprog_runtime"": 0.018365805968642235, ""numba"": true}, ""validation"": {}}"
mkp,binary,max,weish19,bsma_numba,17,1189068895,7698,True,True,False,7698,True,0,best_known_reached,0.49941283790394664,0.02644905704073608,20020,,,"{""solve"": {""linprog_runtime"": 0.02644905704073608, ""numba"": true}, ""validation"": {}}"
mkp,binary,max,weish20,bsma_numba,17,1030017234,9450,True,True,False,9450,True,0,best_known_reached,1.0330274959560484,0.03663066099397838,20020,,,"{""solve"": {""linprog_runtime"": 0.03663066099397838, ""numba"": true}, ""validation"": {}}"
mkp,binary,max,weish21,bsma_numba,17,1143908233,9074,True,True,False,9074,True,0,best_known_reached,1.138638992793858,0.043403103947639465,20020,,,"{""solve"": {""linprog_runtime"": 0.043403103947639465, ""numba"": true}, ""validation"": {}}"
mkp,binary,max,weish22,bsma_numba,17,1666245715,8947,True,True,False,8947,True,0,best_known_reached,0.6591285869944841,0.05295805190689862,20020,,,"{""solve"": {""linprog_runtime"": 0.05295805190689862, ""numba"": true}, ""validation"": {}}"
mkp,binary,max,weish23,bsma_numba,17,1778566923,8344,True,True,False,8344,True,0,best_known_reached,0.9025050669442862,0.017813114915043116,20020,,,"{""solve"": {""linprog_runtime"": 0.017813114915043116, ""numba"": true}, ""validation"": {}}"
mkp,binary,max,weish24,bsma_numba,17,1246018446,10220,True,True,False,10220,True,0,best_known_reached,8.64019504794851,0.06194919813424349,20020,,,"{""solve"": {""linprog_runtime"": 0.06194919813424349, ""numba"": true}, ""validation"": {}}"
mkp,binary,max,weish25,bsma_numba,17,234750190,9939,True,True,False,9939,True,0,best_known_reached,3.482302096206695,0.02996154990978539,20020,,,"{""solve"": {""linprog_runtime"": 0.02996154990978539, ""numba"": true}, ""validation"": {}}"
mkp,binary,max,weish26,bsma_numba,17,1508214662,9584,True,True,False,9584,True,0,best_known_reached,0.5159003171138465,0.08484881301410496,20020,,,"{""solve"": {""linprog_runtime"": 0.08484881301410496, ""numba"": true}, ""validation"": {}}"
mkp,binary,max,weish27,bsma_numba,17,1644108629,9819,True,True,False,9819,True,0,best_known_reached,0.4847013968974352,0.02888247394002974,20020,,,"{""solve"": {""linprog_runtime"": 0.02888247394002974, ""numba"": true}, ""validation"": {}}"
mkp,binary,max,weish28,bsma_numba,17,433029691,9492,True,True,False,9492,True,0,best_known_reached,0.5355692869052291,0.0523086111061275,20020,,,"{""solve"": {""linprog_runtime"": 0.0523086111061275, ""numba"": true}, ""validation"": {}}"
mkp,binary,max,weish29,bsma_numba,17,500877916,9410,True,True,False,9410,True,0,best_known_reached,0.6478051049634814,0.06955271400511265,20020,,,"{""solve"": {""linprog_runtime"": 0.06955271400511265, ""numba"": true}, ""validation"": {}}"
mkp,binary,max,weish30,bsma_numba,17,2042458994,11191,True,True,False,11191,True,0,best_known_reached,1.1286472510546446,0.051692702108994126,20020,,,"{""solve"": {""linprog_runtime"": 0.051692702108994126, ""numba"": true}, ""validation"": {}}"
mkp,binary,max,weish01,bsma_numba,18,121373002,4554,True,True,False,4554,True,0,best_known_reached,6.367592914029956,0.13637515995651484,20020,,,"{""solve"": {""linprog_runtime"": 0.13637515995651484, ""numba"": true}, ""validation"": {}}"
mkp,binary,max,weish02,bsma_numba,18,742203381,4536,True,True,False,4536,True,0,best_known_reached,0.2769300821237266,0.04613514710217714,20020,,,"{""solve"": {""linprog_runtime"": 0.04613514710217714, ""numba"": true}, ""validation"": {}}"
mkp,binary,max,weish03,bsma_numba,18,1559328093,4115,True,True,False,4115,True,0,best_known_reached,0.19636790198273957,0.0252092438749969,20020,,,"{""solve"": {""linprog_runtime"": 0.0252092438749969, ""numba"": true}, ""validation"": {}}"
mkp,binary,max,weish04,bsma_numba,18,1719467296,4561,True,True,False,4561,True,0,best_known_reached,0.25623428099788725,0.028910279972478747,20020,,,"{""solve"": {""linprog_runtime"": 0.028910279972478747, ""numba"": true}, ""validation"": {}}"
mkp,binary,max,weish05,bsma_numba,18,2055928215,4514,True,True,False,4514,True,0,best_known_reached,0.23880478902719915,0.009946695994585752,20020,,,"{""solve"": {""linprog_runtime"": 0.009946695994585752, ""numba"": true}, ""validation"": {}}"
mkp,binary,max,weish06,bsma_numba,18,1827442245,5557,True,True,False,5557,True,0,best_known_reached,0.7136642739642411,0.026829957030713558,20020,,,"{""solve"": {""linprog_runtime"": 0.026829957030713558, ""numba"": true}, ""validation"": {}}"
mkp,binary,max,weish07,bsma_numba,18,1713087489,5567,True,True,False,5567,True,0,best_known_reached,0.25901625910773873,0.03780110692605376,20020,,,"{""solve"": {""linprog_runtime"": 0.03780110692605376, ""numba"": true}, ""validation"": {}}"
mkp,binary,max,weish08,bsma_numba,18,1870811689,5605,True,True,False,5605,True,0,best_known_reached,0.5036667841486633,0.027136559132486582,20020,,,"{""solve"": {""linprog_runtime"": 0.027136559132486582, ""numba"": true}, ""validation"": {}}"
mkp,binary,max,weish09,bsma_numba,18,1618003307,5246,True,True,False,5246,True,0,best_known_reached,0.27007489698007703,0.054003319004550576,20020,,,"{""solve"": {""linprog_runtime"": 0.054003319004550576, ""numba"": true}, ""validation"": {}}"
mkp,binary,max,weish10,bsma_numba,18,1547413732,6339,True,True,False,6339,True,0,best_known_reached,0.36044939095154405,0.025916762184351683,20020,,,"{""solve"": {""linprog_runtime"": 0.025916762184351683, ""numba"": true}, ""validation"": {}}"
mkp,binary,max,weish11,bsma_numba,18,1039696726,5643,True,True,False,5643,True,0,best_known_reached,0.3391202040947974,0.029855142114683986,20020,,,"{""solve"": {""linprog_runtime"": 0.029855142114683986, ""numba"": true}, ""validation"": {}}"
mkp,binary,max,weish12,bsma_numba,18,2133098862,6339,True,True,False,6339,True,0,best_known_reached,0.39389780489727855,0.01926359790377319,20020,,,"{""solve"": {""linprog_runtime"": 0.01926359790377319, ""numba"": true}, ""validation"": {}}"
mkp,binary,max,weish13,bsma_numba,18,919760160,6159,True,True,False,6159,True,0,best_known_reached,0.33077341387979686,0.05609929678030312,20020,,,"{""solve"": {""linprog_runtime"": 0.05609929678030312, ""numba"": true}, ""validation"": {}}"
mkp,binary,max,weish14,bsma_numba,18,1251106642,6954,True,True,False,6954,True,0,best_known_reached,0.4825322940014303,0.11590627394616604,20020,,,"{""solve"": {""linprog_runtime"": 0.11590627394616604, ""numba"": true}, ""validation"": {}}"
mkp,binary,max,weish15,bsma_numba,18,1574604004,7486,True,True,False,7486,True,0,best_known_reached,1.131587377982214,0.04017668287269771,20020,,,"{""solve"": {""linprog_runtime"": 0.04017668287269771, ""numba"": true}, ""validation"": {}}"
mkp,binary,max,weish16,bsma_numba,18,343476354,7289,True,True,False,7289,True,0,best_known_reached,3.5999814718961716,0.08142334409058094,20020,,,"{""solve"": {""linprog_runtime"": 0.08142334409058094, ""numba"": true}, ""validation"": {}}"
mkp,binary,max,weish17,bsma_numba,18,1060883285,8633,True,True,False,8633,True,0,best_known_reached,1.0178156329784542,0.1332267599646002,20020,,,"{""solve"": {""linprog_runtime"": 0.1332267599646002, ""numba"": true}, ""validation"": {}}"
mkp,binary,max,weish18,bsma_numba,18,507908733,9580,True,True,False,9580,True,0,best_known_reached,0.7345882961526513,0.06186679098755121,20020,,,"{""solve"": {""linprog_runtime"": 0.06186679098755121, ""numba"": true}, ""validation"": {}}"
mkp,binary,max,weish19,bsma_numba,18,984457090,7698,True,True,False,7698,True,0,best_known_reached,0.47449998487718403,0.03826980502344668,20020,,,"{""solve"": {""linprog_runtime"": 0.03826980502344668, ""numba"": true}, ""validation"": {}}"
mkp,binary,max,weish20,bsma_numba,18,523887536,9450,True,True,False,9450,True,0,best_known_reached,0.3810403330717236,0.04192468710243702,20020,,,"{""solve"": {""linprog_runtime"": 0.04192468710243702, ""numba"": true}, ""validation"": {}}"
mkp,binary,max,weish21,bsma_numba,18,183461947,9074,True,True,False,9074,True,0,best_known_reached,2.9278047478292137,0.07479001209139824,20020,,,"{""solve"": {""linprog_runtime"": 0.07479001209139824, ""numba"": true}, ""validation"": {}}"
mkp,binary,max,weish22,bsma_numba,18,1500907310,8947,True,True,False,8947,True,0,best_known_reached,1.269696980016306,0.09054504288360476,20020,,,"{""solve"": {""linprog_runtime"": 0.09054504288360476, ""numba"": true}, ""validation"": {}}"
mkp,binary,max,weish23,bsma_numba,18,153666038,8341,True,True,False,8344,False,3,max_iterations_reached,15.674336810829118,0.03600995289161801,20020,,,"{""solve"": {""linprog_runtime"": 0.03600995289161801, ""numba"": true}, ""validation"": {}}"
mkp,binary,max,weish24,bsma_numba,18,1721189224,10220,True,True,False,10220,True,0,best_known_reached,7.929122266126797,0.030772382859140635,20020,,,"{""solve"": {""linprog_runtime"": 0.030772382859140635, ""numba"": true}, ""validation"": {}}"
mkp,binary,max,weish25,bsma_numba,18,1147298495,9939,True,True,False,9939,True,0,best_known_reached,2.6697152799461037,0.028415773063898087,20020,,,"{""solve"": {""linprog_runtime"": 0.028415773063898087, ""numba"": true}, ""validation"": {}}"
mkp,binary,max,weish26,bsma_numba,18,894129061,9584,True,True,False,9584,True,0,best_known_reached,0.5855527569074184,0.02585058007389307,20020,,,"{""solve"": {""linprog_runtime"": 0.02585058007389307, ""numba"": true}, ""validation"": {}}"
mkp,binary,max,weish27,bsma_numba,18,1485222107,9819,True,True,False,9819,True,0,best_known_reached,0.2784845840651542,0.042005100985988975,20020,,,"{""solve"": {""linprog_runtime"": 0.042005100985988975, ""numba"": true}, ""validation"": {}}"
mkp,binary,max,weish28,bsma_numba,18,104753706,9492,True,True,False,9492,True,0,best_known_reached,0.31841219612397254,0.031093752942979336,20020,,,"{""solve"": {""linprog_runtime"": 0.031093752942979336, ""numba"": true}, ""validation"": {}}"
mkp,binary,max,weish29,bsma_numba,18,1103881163,9410,True,True,False,9410,True,0,best_known_reached,0.24809491098858416,0.050493362126871943,20020,,,"{""solve"": {""linprog_runtime"": 0.050493362126871943, ""numba"": true}, ""validation"": {}}"
mkp,binary,max,weish30,bsma_numba,18,18085348,11191,True,True,False,11191,True,0,best_known_reached,1.1523832259699702,0.00640706904232502,20020,,,"{""solve"": {""linprog_runtime"": 0.00640706904232502, ""numba"": true}, ""validation"": {}}"
mkp,binary,max,weish01,bsma_numba,19,221726947,4554,True,True,False,4554,True,0,best_known_reached,6.809822174021974,0.283535392023623,20020,,,"{""solve"": {""linprog_runtime"": 0.283535392023623, ""numba"": true}, ""validation"": {}}"
mkp,binary,max,weish02,bsma_numba,19,67575478,4536,True,True,False,4536,True,0,best_known_reached,0.3236266348976642,0.04193320614285767,20020,,,"{""solve"": {""linprog_runtime"": 0.04193320614285767, ""numba"": true}, ""validation"": {}}"
mkp,binary,max,weish03,bsma_numba,19,167533369,4115,True,True,False,4115,True,0,best_known_reached,0.35488760680891573,0.08208539290353656,20020,,,"{""solve"": {""linprog_runtime"": 0.08208539290353656, ""numba"": true}, ""validation"": {}}"
mkp,binary,max,weish04,bsma_numba,19,1318772176,4561,True,True,False,4561,True,0,best_known_reached,0.137868921039626,0.028872976079583168,20020,,,"{""solve"": {""linprog_runtime"": 0.028872976079583168, ""numba"": true}, ""validation"": {}}"
mkp,binary,max,weish05,bsma_numba,19,241384107,4514,True,True,False,4514,True,0,best_known_reached,0.21815018984489143,0.03834046679548919,20020,,,"{""solve"": {""linprog_runtime"": 0.03834046679548919, ""numba"": true}, ""validation"": {}}"
mkp,binary,max,weish06,bsma_numba,19,1518010439,5557,True,True,False,5557,True,0,best_known_reached,0.30699302605353296,0.07569332490675151,20020,,,"{""solve"": {""linprog_runtime"": 0.07569332490675151, ""numba"": true}, ""validation"": {}}"
mkp,binary,max,weish07,bsma_numba,19,1802661600,5567,True,True,False,5567,True,0,best_known_reached,0.2716228920035064,0.025239471113309264,20020,,,"{""solve"": {""linprog_runtime"": 0.025239471113309264, ""numba"": true}, ""validation"": {}}"
mkp,binary,max,weish08,bsma_numba,19,490466626,5605,True,True,False,5605,True,0,best_known_reached,0.5847645620815456,0.02706685895100236,20020,,,"{""solve"": {""linprog_runtime"": 0.02706685895100236, ""numba"": true}, ""validation"": {}}"
mkp,binary,max,weish09,bsma_numba,19,884776024,5246,True,True,False,5246,True,0,best_known_reached,0.24846859904937446,0.06566095887683332,20020,,,"{""solve"": {""linprog_runtime"": 0.06566095887683332, ""numba"": true}, ""validation"": {}}"
mkp,binary,max,weish10,bsma_numba,19,178455963,6339,True,True,False,6339,True,0,best_known_reached,0.39632579986937344,0.051665125880390406,20020,,,"{""solve"": {""linprog_runtime"": 0.051665125880390406, ""numba"": true}, ""validation"": {}}"
mkp,binary,max,weish11,bsma_numba,19,1343348788,5643,True,True,False,5643,True,0,best_known_reached,0.2899276639800519,0.05168662709183991,20020,,,"{""solve"": {""linprog_runtime"": 0.05168662709183991, ""numba"": true}, ""validation"": {}}"
mkp,binary,max,weish12,bsma_numba,19,1889959752,6339,True,True,False,6339,True,0,best_known_reached,0.28967075794935226,0.03056303784251213,20020,,,"{""solve"": {""linprog_runtime"": 0.03056303784251213, ""numba"": true}, ""validation"": {}}"
mkp,binary,max,weish13,bsma_numba,19,1430953242,6159,True,True,False,6159,True,0,best_known_reached,0.23502382985316217,0.0630859590601176,20020,,,"{""solve"": {""linprog_runtime"": 0.0630859590601176, ""numba"": true}, ""validation"": {}}"
mkp,binary,max,weish14,bsma_numba,19,569074397,6954,True,True,False,6954,True,0,best_known_reached,0.4381591340061277,0.01799650304019451,20020,,,"{""solve"": {""linprog_runtime"": 0.01799650304019451, ""numba"": true}, ""validation"": {}}"
mkp,binary,max,weish15,bsma_numba,19,543087303,7486,True,True,False,7486,True,0,best_known_reached,0.29400880681350827,0.01698580803349614,20020,,,"{""solve"": {""linprog_runtime"": 0.01698580803349614, ""numba"": true}, ""validation"": {}}"
mkp,binary,max,weish16,bsma_numba,19,746029131,7289,True,True,False,7289,True,0,best_known_reached,2.846761677181348,0.019735991023480892,20020,,,"{""solve"": {""linprog_runtime"": 0.019735991023480892, ""numba"": true}, ""validation"": {}}"
mkp,binary,max,weish17,bsma_numba,19,2090003025,8633,True,True,False,8633,True,0,best_known_reached,0.5683244990650564,0.1023898960556835,20020,,,"{""solve"": {""linprog_runtime"": 0.1023898960556835, ""numba"": true}, ""validation"": {}}"
mkp,binary,max,weish18,bsma_numba,19,1513696151,9580,True,True,False,9580,True,0,best_known_reached,1.80250378488563,0.1485546159092337,20020,,,"{""solve"": {""linprog_runtime"": 0.1485546159092337, ""numba"": true}, ""validation"": {}}"
mkp,binary,max,weish19,bsma_numba,19,1802171248,7698,True,True,False,7698,True,0,best_known_reached,0.44275852711871266,0.05472604185342789,20020,,,"{""solve"": {""linprog_runtime"": 0.05472604185342789, ""numba"": true}, ""validation"": {}}"
mkp,binary,max,weish20,bsma_numba,19,818511529,9450,True,True,False,9450,True,0,best_known_reached,0.7936770878732204,0.06230228906497359,20020,,,"{""solve"": {""linprog_runtime"": 0.06230228906497359, ""numba"": true}, ""validation"": {}}"
mkp,binary,max,weish21,bsma_numba,19,1111958487,9074,True,True,False,9074,True,0,best_known_reached,0.6456692970823497,0.06448197201825678,20020,,,"{""solve"": {""linprog_runtime"": 0.06448197201825678, ""numba"": true}, ""validation"": {}}"
mkp,binary,max,weish22,bsma_numba,19,39046522,8947,True,True,False,8947,True,0,best_known_reached,1.3907671270426363,0.08546775602735579,20020,,,"{""solve"": {""linprog_runtime"": 0.08546775602735579, ""numba"": true}, ""validation"": {}}"
mkp,binary,max,weish23,bsma_numba,19,761574087,8344,True,True,False,8344,True,0,best_known_reached,5.2816102928482,0.050679630832746625,20020,,,"{""solve"": {""linprog_runtime"": 0.050679630832746625, ""numba"": true}, ""validation"": {}}"
mkp,binary,max,weish24,bsma_numba,19,1544012201,10220,True,True,False,10220,True,0,best_known_reached,6.7804443328641355,0.05493723717518151,20020,,,"{""solve"": {""linprog_runtime"": 0.05493723717518151, ""numba"": true}, ""validation"": {}}"
mkp,binary,max,weish25,bsma_numba,19,1587900026,9939,True,True,False,9939,True,0,best_known_reached,4.485439793206751,0.07588276593014598,20020,,,"{""solve"": {""linprog_runtime"": 0.07588276593014598, ""numba"": true}, ""validation"": {}}"
mkp,binary,max,weish26,bsma_numba,19,1497455657,9584,True,True,False,9584,True,0,best_known_reached,0.7448619538918138,0.05788559396751225,20020,,,"{""solve"": {""linprog_runtime"": 0.05788559396751225, ""numba"": true}, ""validation"": {}}"
mkp,binary,max,weish27,bsma_numba,19,1813104546,9819,True,True,False,9819,True,0,best_known_reached,0.590578970964998,0.06049358006566763,20020,,,"{""solve"": {""linprog_runtime"": 0.06049358006566763, ""numba"": true}, ""validation"": {}}"
mkp,binary,max,weish28,bsma_numba,19,1529923624,9492,True,True,False,9492,True,0,best_known_reached,0.5373591470997781,0.0467610820196569,20020,,,"{""solve"": {""linprog_runtime"": 0.0467610820196569, ""numba"": true}, ""validation"": {}}"
mkp,binary,max,weish29,bsma_numba,19,771179740,9410,True,True,False,9410,True,0,best_known_reached,0.49718246003612876,0.017976308008655906,20020,,,"{""solve"": {""linprog_runtime"": 0.017976308008655906, ""numba"": true}, ""validation"": {}}"
mkp,binary,max,weish30,bsma_numba,19,1613942432,11187,True,True,False,11191,False,4,max_iterations_reached,11.746089180931449,0.02940507512539625,20020,,,"{""solve"": {""linprog_runtime"": 0.02940507512539625, ""numba"": true}, ""validation"": {}}"
