dataset,problem_id,seed,phase,iteration,rank,old_fit,new_fit,fit_match,old_solution_digest,new_solution_digest,solution_match
PB,pb2,101,initial_unsorted,-1,0,2375,2375,True,63dd5f84b529f329,63dd5f84b529f329,True
PB,pb2,101,initial_unsorted,-1,1,2155,2155,True,1349dc237bd7bccb,1349dc237bd7bccb,True
PB,pb2,101,initial_unsorted,-1,2,2484,2484,True,7a2257c4d9d6c0af,7a2257c4d9d6c0af,True
PB,pb2,101,initial_unsorted,-1,3,2274,2274,True,5d9a905c2c100ad5,5d9a905c2c100ad5,True
PB,pb2,101,initial_unsorted,-1,4,1599,1599,True,e7c166b883a11232,e7c166b883a11232,True
PB,pb2,101,initial_unsorted,-1,5,2147,2147,True,397acaabc925f188,397acaabc925f188,True
PB,pb2,101,initial_unsorted,-1,6,2490,2490,True,e50407bcb352b823,e50407bcb352b823,True
PB,pb2,101,initial_unsorted,-1,7,2438,2438,True,4449d37907e85f2f,4449d37907e85f2f,True
PB,pb2,101,initial_unsorted,-1,8,2078,2078,True,64f8695cb094ff98,64f8695cb094ff98,True
PB,pb2,101,initial_unsorted,-1,9,2121,2121,True,930b29a680e117a1,930b29a680e117a1,True
PB,pb2,101,initial_unsorted,-1,10,2768,2768,True,17940632a161ffc1,17940632a161ffc1,True
PB,pb2,101,initial_unsorted,-1,11,1975,1975,True,bb45558bec3e9359,bb45558bec3e9359,True
PB,pb2,101,initial_unsorted,-1,12,2488,2488,True,decb0a197d8fb2e0,decb0a197d8fb2e0,True
PB,pb2,101,initial_unsorted,-1,13,2611,2611,True,dacf2a9a063c9c4a,dacf2a9a063c9c4a,True
PB,pb2,101,initial_unsorted,-1,14,2664,2664,True,2c1768742bd082e2,2c1768742bd082e2,True
PB,pb2,101,initial_unsorted,-1,15,2671,2671,True,948b3351e88f1beb,948b3351e88f1beb,True
PB,pb2,101,initial_unsorted,-1,16,1826,1826,True,3d17cead81e679ae,3d17cead81e679ae,True
PB,pb2,101,initial_unsorted,-1,17,2660,2660,True,9d9344dacb82bd62,9d9344dacb82bd62,True
PB,pb2,101,initial_unsorted,-1,18,2818,2818,True,5907f755cce19633,5907f755cce19633,True
PB,pb2,101,initial_unsorted,-1,19,2442,2442,True,f822eabc528bdc52,f822eabc528bdc52,True
PB,pb2,101,initial_sorted,-1,0,2818,2818,True,5907f755cce19633,5907f755cce19633,True
PB,pb2,101,initial_sorted,-1,1,2768,2768,True,17940632a161ffc1,17940632a161ffc1,True
PB,pb2,101,initial_sorted,-1,2,2671,2671,True,948b3351e88f1beb,948b3351e88f1beb,True
PB,pb2,101,initial_sorted,-1,3,2664,2664,True,2c1768742bd082e2,2c1768742bd082e2,True
PB,pb2,101,initial_sorted,-1,4,2660,2660,True,9d9344dacb82bd62,9d9344dacb82bd62,True
PB,pb2,101,initial_sorted,-1,5,2611,2611,True,dacf2a9a063c9c4a,dacf2a9a063c9c4a,True
PB,pb2,101,initial_sorted,-1,6,2490,2490,True,e50407bcb352b823,e50407bcb352b823,True
PB,pb2,101,initial_sorted,-1,7,2488,2488,True,decb0a197d8fb2e0,decb0a197d8fb2e0,True
PB,pb2,101,initial_sorted,-1,8,2484,2484,True,7a2257c4d9d6c0af,7a2257c4d9d6c0af,True
PB,pb2,101,initial_sorted,-1,9,2442,2442,True,f822eabc528bdc52,f822eabc528bdc52,True
PB,pb2,101,initial_sorted,-1,10,2438,2438,True,4449d37907e85f2f,4449d37907e85f2f,True
PB,pb2,101,initial_sorted,-1,11,2375,2375,True,63dd5f84b529f329,63dd5f84b529f329,True
PB,pb2,101,initial_sorted,-1,12,2274,2274,True,5d9a905c2c100ad5,5d9a905c2c100ad5,True
PB,pb2,101,initial_sorted,-1,13,2155,2155,True,1349dc237bd7bccb,1349dc237bd7bccb,True
PB,pb2,101,initial_sorted,-1,14,2147,2147,True,397acaabc925f188,397acaabc925f188,True
PB,pb2,101,initial_sorted,-1,15,2121,2121,True,930b29a680e117a1,930b29a680e117a1,True
PB,pb2,101,initial_sorted,-1,16,2078,2078,True,64f8695cb094ff98,64f8695cb094ff98,True
PB,pb2,101,initial_sorted,-1,17,1975,1975,True,bb45558bec3e9359,bb45558bec3e9359,True
PB,pb2,101,initial_sorted,-1,18,1826,1826,True,3d17cead81e679ae,3d17cead81e679ae,True
PB,pb2,101,initial_sorted,-1,19,1599,1599,True,e7c166b883a11232,e7c166b883a11232,True
PB,pb2,101,iteration_end,0,0,3031,3031,True,c4099ccf90e59894,c4099ccf90e59894,True
PB,pb2,101,iteration_end,0,1,2978,2978,True,374c7c1afc580c55,374c7c1afc580c55,True
PB,pb2,101,iteration_end,0,2,2918,2918,True,194d3063ba2b5569,194d3063ba2b5569,True
PB,pb2,101,iteration_end,0,3,2877,2877,True,fe77857c1de72638,fe77857c1de72638,True
PB,pb2,101,iteration_end,0,4,2876,2876,True,ecc2307f28fbd6d2,ecc2307f28fbd6d2,True
PB,pb2,101,iteration_end,0,5,2802,2802,True,171c3b2d2efae55b,171c3b2d2efae55b,True
PB,pb2,101,iteration_end,0,6,2788,2788,True,140265258d5a41bb,140265258d5a41bb,True
PB,pb2,101,iteration_end,0,7,2788,2788,True,140265258d5a41bb,140265258d5a41bb,True
PB,pb2,101,iteration_end,0,8,2788,2788,True,140265258d5a41bb,140265258d5a41bb,True
PB,pb2,101,iteration_end,0,9,2788,2788,True,38114711787fe6eb,38114711787fe6eb,True
PB,pb2,101,iteration_end,0,10,2769,2769,True,46140ca8314aa84b,46140ca8314aa84b,True
PB,pb2,101,iteration_end,0,11,2742,2742,True,0dba00dfd96dbf29,0dba00dfd96dbf29,True
PB,pb2,101,iteration_end,0,12,2704,2704,True,2f4814c806884bf7,2f4814c806884bf7,True
PB,pb2,101,iteration_end,0,13,2694,2694,True,e2cdf9590a8faf5a,e2cdf9590a8faf5a,True
PB,pb2,101,iteration_end,0,14,2692,2692,True,df471f79ea1b9602,df471f79ea1b9602,True
PB,pb2,101,iteration_end,0,15,2678,2678,True,460998de24f0d29c,460998de24f0d29c,True
PB,pb2,101,iteration_end,0,16,2678,2678,True,98977664973616bc,98977664973616bc,True
PB,pb2,101,iteration_end,0,17,2590,2590,True,9e900d15198622be,9e900d15198622be,True
PB,pb2,101,iteration_end,0,18,2569,2569,True,0f1b6efd4d8eb6d5,0f1b6efd4d8eb6d5,True
PB,pb2,101,iteration_end,0,19,2500,2500,True,a399a0cd378f8f77,a399a0cd378f8f77,True
PB,pb2,101,iteration_end,1,0,3072,3072,True,4cbb752bd9ad3283,4cbb752bd9ad3283,True
PB,pb2,101,iteration_end,1,1,3052,3052,True,4a96e5b58cb0333a,4a96e5b58cb0333a,True
PB,pb2,101,iteration_end,1,2,2978,2978,True,2302ced6ca42263d,2302ced6ca42263d,True
PB,pb2,101,iteration_end,1,3,2949,2949,True,e9e72137a7ea011b,e9e72137a7ea011b,True
PB,pb2,101,iteration_end,1,4,2929,2929,True,cd8d9888d23cdf75,cd8d9888d23cdf75,True
PB,pb2,101,iteration_end,1,5,2861,2861,True,b813e096fc03aac8,b813e096fc03aac8,True
PB,pb2,101,iteration_end,1,6,2852,2852,True,0455c50123f372aa,0455c50123f372aa,True
PB,pb2,101,iteration_end,1,7,2788,2788,True,140265258d5a41bb,140265258d5a41bb,True
PB,pb2,101,iteration_end,1,8,2788,2788,True,140265258d5a41bb,140265258d5a41bb,True
PB,pb2,101,iteration_end,1,9,2752,2752,True,67f3dd55e56e7906,67f3dd55e56e7906,True
PB,pb2,101,iteration_end,1,10,2739,2739,True,40b3b8b8de804621,40b3b8b8de804621,True
PB,pb2,101,iteration_end,1,11,2692,2692,True,df471f79ea1b9602,df471f79ea1b9602,True
PB,pb2,101,iteration_end,1,12,2685,2685,True,06eaad1972ca7d37,06eaad1972ca7d37,True
PB,pb2,101,iteration_end,1,13,2647,2647,True,df6773811fb35617,df6773811fb35617,True
PB,pb2,101,iteration_end,1,14,2647,2647,True,df6773811fb35617,df6773811fb35617,True
PB,pb2,101,iteration_end,1,15,2633,2633,True,9fa66d74004e1797,9fa66d74004e1797,True
PB,pb2,101,iteration_end,1,16,2625,2625,True,067625273fd9051f,067625273fd9051f,True
PB,pb2,101,iteration_end,1,17,2572,2572,True,1ae09f0c367abcfe,1ae09f0c367abcfe,True
PB,pb2,101,iteration_end,1,18,2555,2555,True,04d8338bd342c459,04d8338bd342c459,True
PB,pb2,101,iteration_end,1,19,2125,2125,True,dc5599fe5334eeac,dc5599fe5334eeac,True
PB,pb2,101,iteration_end,2,0,2964,2964,True,ca10dd05afdfc6fb,ca10dd05afdfc6fb,True
PB,pb2,101,iteration_end,2,1,2950,2950,True,66fea92c2b02ba9b,66fea92c2b02ba9b,True
PB,pb2,101,iteration_end,2,2,2936,2936,True,c04833d3f4494bce,c04833d3f4494bce,True
PB,pb2,101,iteration_end,2,3,2910,2910,True,96a02ff0d8dec09a,96a02ff0d8dec09a,True
PB,pb2,101,iteration_end,2,4,2898,2898,True,42d30262d3575565,42d30262d3575565,True
PB,pb2,101,iteration_end,2,5,2891,2891,True,38c78d172560b50c,38c78d172560b50c,True
PB,pb2,101,iteration_end,2,6,2865,2865,True,dcce818bac957054,dcce818bac957054,True
PB,pb2,101,iteration_end,2,7,2861,2861,True,2132b0b061cd42b2,2132b0b061cd42b2,True
PB,pb2,101,iteration_end,2,8,2854,2854,True,be39ae30b5e2588b,be39ae30b5e2588b,True
PB,pb2,101,iteration_end,2,9,2851,2851,True,7ee70919cd870762,7ee70919cd870762,True
PB,pb2,101,iteration_end,2,10,2845,2845,True,6c119f3d171dd7a4,6c119f3d171dd7a4,True
PB,pb2,101,iteration_end,2,11,2833,2833,True,1d3cb6c0d826f303,1d3cb6c0d826f303,True
PB,pb2,101,iteration_end,2,12,2788,2788,True,140265258d5a41bb,140265258d5a41bb,True
PB,pb2,101,iteration_end,2,13,2777,2777,True,3cb30a7913f8029b,3cb30a7913f8029b,True
PB,pb2,101,iteration_end,2,14,2776,2776,True,0146e234322804a5,0146e234322804a5,True
PB,pb2,101,iteration_end,2,15,2694,2694,True,e1e3690105b4028b,e1e3690105b4028b,True
PB,pb2,101,iteration_end,2,16,2689,2689,True,203261458d00a32e,203261458d00a32e,True
PB,pb2,101,iteration_end,2,17,2646,2646,True,b78e2bfa18400e90,b78e2bfa18400e90,True
PB,pb2,101,iteration_end,2,18,2616,2616,True,2eb0c78cb9245c66,2eb0c78cb9245c66,True
PB,pb2,101,iteration_end,2,19,2456,2456,True,af8f9317bc655fad,af8f9317bc655fad,True
PB,pb2,101,iteration_end,3,0,3025,3025,True,98e4030c1ec14686,98e4030c1ec14686,True
PB,pb2,101,iteration_end,3,1,3015,3015,True,d284e19001666e4e,d284e19001666e4e,True
PB,pb2,101,iteration_end,3,2,3014,3014,True,6f85fdfd18745078,6f85fdfd18745078,True
PB,pb2,101,iteration_end,3,3,2999,2999,True,088eacf2cf903b25,088eacf2cf903b25,True
PB,pb2,101,iteration_end,3,4,2978,2978,True,3e9e5b138ec5f415,3e9e5b138ec5f415,True
PB,pb2,101,iteration_end,3,5,2968,2968,True,54d94eeb089a31d7,54d94eeb089a31d7,True
PB,pb2,101,iteration_end,3,6,2916,2916,True,6c777243b38d3111,6c777243b38d3111,True
PB,pb2,101,iteration_end,3,7,2883,2883,True,77e9b1e40921dc3b,77e9b1e40921dc3b,True
PB,pb2,101,iteration_end,3,8,2863,2863,True,71cd3ef92a09c73a,71cd3ef92a09c73a,True
PB,pb2,101,iteration_end,3,9,2856,2856,True,512d7428ac792d9c,512d7428ac792d9c,True
PB,pb2,101,iteration_end,3,10,2837,2837,True,5f36f8536940b76c,5f36f8536940b76c,True
PB,pb2,101,iteration_end,3,11,2827,2827,True,406ef1bcd1b3c941,406ef1bcd1b3c941,True
PB,pb2,101,iteration_end,3,12,2803,2803,True,7258fc3160b18ac5,7258fc3160b18ac5,True
PB,pb2,101,iteration_end,3,13,2788,2788,True,140265258d5a41bb,140265258d5a41bb,True
PB,pb2,101,iteration_end,3,14,2788,2788,True,140265258d5a41bb,140265258d5a41bb,True
PB,pb2,101,iteration_end,3,15,2763,2763,True,f4f717999abdeef6,f4f717999abdeef6,True
PB,pb2,101,iteration_end,3,16,2720,2720,True,26b3d3ff4e520ef8,26b3d3ff4e520ef8,True
PB,pb2,101,iteration_end,3,17,2711,2711,True,9a22e9e1aa9055d4,9a22e9e1aa9055d4,True
PB,pb2,101,iteration_end,3,18,2607,2607,True,8e3dd629a2c20a7e,8e3dd629a2c20a7e,True
PB,pb2,101,iteration_end,3,19,2599,2599,True,d111dc9a337a3bae,d111dc9a337a3bae,True
PB,pb2,101,iteration_end,4,0,3072,3072,True,4cbb752bd9ad3283,4cbb752bd9ad3283,True
PB,pb2,101,iteration_end,4,1,3028,3028,True,3ad022ca46d732e9,3ad022ca46d732e9,True
PB,pb2,101,iteration_end,4,2,3016,3016,True,09deb9d6e6a0e655,09deb9d6e6a0e655,True
PB,pb2,101,iteration_end,4,3,2968,2968,True,5d71b1f7b7651167,5d71b1f7b7651167,True
PB,pb2,101,iteration_end,4,4,2946,2946,True,df923e05e8950457,df923e05e8950457,True
PB,pb2,101,iteration_end,4,5,2894,2894,True,70806a180ebccb1b,70806a180ebccb1b,True
PB,pb2,101,iteration_end,4,6,2862,2862,True,3c18fb0e4348dc19,3c18fb0e4348dc19,True
PB,pb2,101,iteration_end,4,7,2832,2832,True,9bb6ec2e062be7bb,9bb6ec2e062be7bb,True
PB,pb2,101,iteration_end,4,8,2826,2826,True,ea42c0ad4a0e5d22,ea42c0ad4a0e5d22,True
PB,pb2,101,iteration_end,4,9,2788,2788,True,140265258d5a41bb,140265258d5a41bb,True
PB,pb2,101,iteration_end,4,10,2788,2788,True,140265258d5a41bb,140265258d5a41bb,True
PB,pb2,101,iteration_end,4,11,2737,2737,True,e63b9ab82fb3fc29,e63b9ab82fb3fc29,True
PB,pb2,101,iteration_end,4,12,2730,2730,True,820e56714f7b8969,820e56714f7b8969,True
PB,pb2,101,iteration_end,4,13,2703,2703,True,6bc42c1f437043d2,6bc42c1f437043d2,True
PB,pb2,101,iteration_end,4,14,2700,2700,True,e233af23ebf4bd15,e233af23ebf4bd15,True
PB,pb2,101,iteration_end,4,15,2675,2675,True,a18bb20b54e2ee8c,a18bb20b54e2ee8c,True
PB,pb2,101,iteration_end,4,16,2532,2532,True,26d1df0608510b4b,26d1df0608510b4b,True
PB,pb2,101,iteration_end,4,17,2390,2390,True,03dfde149e435752,03dfde149e435752,True
PB,pb2,101,iteration_end,4,18,2373,2373,True,6c85062d1e3e4256,6c85062d1e3e4256,True
PB,pb2,101,iteration_end,4,19,2283,2283,True,a688f6dabd7d9b1d,a688f6dabd7d9b1d,True
PB,pb2,101,iteration_end,5,0,3063,3063,True,4f11c2e1e48224cb,4f11c2e1e48224cb,True
PB,pb2,101,iteration_end,5,1,3028,3028,True,7f365640d79fd72b,7f365640d79fd72b,True
PB,pb2,101,iteration_end,5,2,2990,2990,True,a932a8caf447e5fd,a932a8caf447e5fd,True
PB,pb2,101,iteration_end,5,3,2954,2954,True,76660c27a3568826,76660c27a3568826,True
PB,pb2,101,iteration_end,5,4,2927,2927,True,34a8636a8e59b81c,34a8636a8e59b81c,True
PB,pb2,101,iteration_end,5,5,2922,2922,True,907d0c2afb65a9c8,907d0c2afb65a9c8,True
PB,pb2,101,iteration_end,5,6,2921,2921,True,558039dca11b3d64,558039dca11b3d64,True
PB,pb2,101,iteration_end,5,7,2918,2918,True,d930ad0934efbc40,d930ad0934efbc40,True
PB,pb2,101,iteration_end,5,8,2916,2916,True,6c777243b38d3111,6c777243b38d3111,True
PB,pb2,101,iteration_end,5,9,2907,2907,True,8f49f2c3e5faa214,8f49f2c3e5faa214,True
PB,pb2,101,iteration_end,5,10,2892,2892,True,b2e3d2cc0bf5e6b1,b2e3d2cc0bf5e6b1,True
PB,pb2,101,iteration_end,5,11,2825,2825,True,813a936d55230162,813a936d55230162,True
PB,pb2,101,iteration_end,5,12,2788,2788,True,140265258d5a41bb,140265258d5a41bb,True
PB,pb2,101,iteration_end,5,13,2753,2753,True,51b4845e21cf9ca6,51b4845e21cf9ca6,True
PB,pb2,101,iteration_end,5,14,2707,2707,True,b7e71f39f479434e,b7e71f39f479434e,True
PB,pb2,101,iteration_end,5,15,2605,2605,True,2b712f96f371655e,2b712f96f371655e,True
PB,pb2,101,iteration_end,5,16,2558,2558,True,3af87b6d22e35df0,3af87b6d22e35df0,True
PB,pb2,101,iteration_end,5,17,2505,2505,True,37abb9d01fbf6384,37abb9d01fbf6384,True
PB,pb2,101,iteration_end,5,18,2450,2450,True,b2d2f12830a06e10,b2d2f12830a06e10,True
PB,pb2,101,iteration_end,5,19,2449,2449,True,0e246d9d297e8758,0e246d9d297e8758,True
PB,pb2,101,iteration_end,6,0,3099,3099,True,796b5be98fe3f770,796b5be98fe3f770,True
PB,pb2,101,iteration_end,6,1,3063,3063,True,4f11c2e1e48224cb,4f11c2e1e48224cb,True
PB,pb2,101,iteration_end,6,2,3063,3063,True,4f11c2e1e48224cb,4f11c2e1e48224cb,True
PB,pb2,101,iteration_end,6,3,2954,2954,True,76660c27a3568826,76660c27a3568826,True
PB,pb2,101,iteration_end,6,4,2907,2907,True,b6648133661f489e,b6648133661f489e,True
PB,pb2,101,iteration_end,6,5,2896,2896,True,b67d6904727f5d59,b67d6904727f5d59,True
PB,pb2,101,iteration_end,6,6,2896,2896,True,aac41890a17d1b71,aac41890a17d1b71,True
PB,pb2,101,iteration_end,6,7,2886,2886,True,153f68753986d646,153f68753986d646,True
PB,pb2,101,iteration_end,6,8,2828,2828,True,5ffe2d7b676fe51e,5ffe2d7b676fe51e,True
PB,pb2,101,iteration_end,6,9,2824,2824,True,e2a65471be585580,e2a65471be585580,True
PB,pb2,101,iteration_end,6,10,2819,2819,True,534bc3bd51e3f03f,534bc3bd51e3f03f,True
PB,pb2,101,iteration_end,6,11,2788,2788,True,140265258d5a41bb,140265258d5a41bb,True
PB,pb2,101,iteration_end,6,12,2753,2753,True,aec5227c96c6e627,aec5227c96c6e627,True
PB,pb2,101,iteration_end,6,13,2680,2680,True,5f654c38eccf92e7,5f654c38eccf92e7,True
PB,pb2,101,iteration_end,6,14,2677,2677,True,22f29a6da0e79fe3,22f29a6da0e79fe3,True
PB,pb2,101,iteration_end,6,15,2647,2647,True,df6773811fb35617,df6773811fb35617,True
PB,pb2,101,iteration_end,6,16,2613,2613,True,1f09166fa9d996da,1f09166fa9d996da,True
PB,pb2,101,iteration_end,6,17,2597,2597,True,abdfe3d3ab81aedc,abdfe3d3ab81aedc,True
PB,pb2,101,iteration_end,6,18,2369,2369,True,0bf5da7fd7b2a218,0bf5da7fd7b2a218,True
PB,pb2,101,iteration_end,6,19,2165,2165,True,ae670c6e61951c90,ae670c6e61951c90,True
PB,pb2,101,iteration_end,7,0,3052,3052,True,4a96e5b58cb0333a,4a96e5b58cb0333a,True
PB,pb2,101,iteration_end,7,1,3022,3022,True,11b3a78ca9581f4f,11b3a78ca9581f4f,True
PB,pb2,101,iteration_end,7,2,3021,3021,True,fe53da643120fbc4,fe53da643120fbc4,True
PB,pb2,101,iteration_end,7,3,3003,3003,True,016f57809bba94d6,016f57809bba94d6,True
PB,pb2,101,iteration_end,7,4,3001,3001,True,8587b5ac18814aa7,8587b5ac18814aa7,True
PB,pb2,101,iteration_end,7,5,2946,2946,True,edd7df21a8154b58,edd7df21a8154b58,True
PB,pb2,101,iteration_end,7,6,2925,2925,True,f78c421d13b1f50a,f78c421d13b1f50a,True
PB,pb2,101,iteration_end,7,7,2911,2911,True,b05b8d0249bdb156,b05b8d0249bdb156,True
PB,pb2,101,iteration_end,7,8,2903,2903,True,969a437ff58f5ef4,969a437ff58f5ef4,True
PB,pb2,101,iteration_end,7,9,2890,2890,True,0911f9f087535230,0911f9f087535230,True
PB,pb2,101,iteration_end,7,10,2836,2836,True,ee103f3726f49107,ee103f3726f49107,True
PB,pb2,101,iteration_end,7,11,2835,2835,True,f191987d2d1de62f,f191987d2d1de62f,True
PB,pb2,101,iteration_end,7,12,2788,2788,True,140265258d5a41bb,140265258d5a41bb,True
PB,pb2,101,iteration_end,7,13,2788,2788,True,140265258d5a41bb,140265258d5a41bb,True
PB,pb2,101,iteration_end,7,14,2788,2788,True,140265258d5a41bb,140265258d5a41bb,True
PB,pb2,101,iteration_end,7,15,2788,2788,True,140265258d5a41bb,140265258d5a41bb,True
PB,pb2,101,iteration_end,7,16,2788,2788,True,140265258d5a41bb,140265258d5a41bb,True
PB,pb2,101,iteration_end,7,17,2687,2687,True,dd77833a7fd8ebb3,dd77833a7fd8ebb3,True
PB,pb2,101,iteration_end,7,18,2482,2482,True,fcf8752878525d71,fcf8752878525d71,True
PB,pb2,101,iteration_end,7,19,2460,2460,True,649c0c4e38446140,649c0c4e38446140,True
PB,pb2,101,iteration_end,8,0,3099,3099,True,796b5be98fe3f770,796b5be98fe3f770,True
PB,pb2,101,iteration_end,8,1,3099,3099,True,796b5be98fe3f770,796b5be98fe3f770,True
PB,pb2,101,iteration_end,8,2,3099,3099,True,796b5be98fe3f770,796b5be98fe3f770,True
PB,pb2,101,iteration_end,8,3,3099,3099,True,796b5be98fe3f770,796b5be98fe3f770,True
PB,pb2,101,iteration_end,8,4,2984,2984,True,485b14da0c51f9b6,485b14da0c51f9b6,True
PB,pb2,101,iteration_end,8,5,2971,2971,True,a6808744ab70047f,a6808744ab70047f,True
PB,pb2,101,iteration_end,8,6,2967,2967,True,522a6951b8d17ad1,522a6951b8d17ad1,True
PB,pb2,101,iteration_end,8,7,2930,2930,True,8ee93da015b7b681,8ee93da015b7b681,True
PB,pb2,101,iteration_end,8,8,2903,2903,True,969a437ff58f5ef4,969a437ff58f5ef4,True
PB,pb2,101,iteration_end,8,9,2901,2901,True,865df410b37e4b69,865df410b37e4b69,True
PB,pb2,101,iteration_end,8,10,2891,2891,True,383026f23da68646,383026f23da68646,True
PB,pb2,101,iteration_end,8,11,2884,2884,True,c2f07ad127b03088,c2f07ad127b03088,True
PB,pb2,101,iteration_end,8,12,2856,2856,True,04dd3666c9808a3a,04dd3666c9808a3a,True
PB,pb2,101,iteration_end,8,13,2799,2799,True,b60c774187367ff1,b60c774187367ff1,True
PB,pb2,101,iteration_end,8,14,2788,2788,True,140265258d5a41bb,140265258d5a41bb,True
PB,pb2,101,iteration_end,8,15,2731,2731,True,333d2d628d127c0f,333d2d628d127c0f,True
PB,pb2,101,iteration_end,8,16,2493,2493,True,a78a219747ba781c,a78a219747ba781c,True
PB,pb2,101,iteration_end,8,17,2489,2489,True,2983c3605cd81f2e,2983c3605cd81f2e,True
PB,pb2,101,iteration_end,8,18,2465,2465,True,caa17ce35c3716ed,caa17ce35c3716ed,True
PB,pb2,101,iteration_end,8,19,2383,2383,True,bcf98c84bf55faba,bcf98c84bf55faba,True
PB,pb2,101,iteration_end,9,0,3117,3117,True,f1e94d6204ee1903,f1e94d6204ee1903,True
PB,pb2,101,iteration_end,9,1,3099,3099,True,796b5be98fe3f770,796b5be98fe3f770,True
PB,pb2,101,iteration_end,9,2,3056,3056,True,42f8b52dece5a529,42f8b52dece5a529,True
PB,pb2,101,iteration_end,9,3,3033,3033,True,b759a6566dfd3a2f,b759a6566dfd3a2f,True
PB,pb2,101,iteration_end,9,4,2984,2984,True,485b14da0c51f9b6,485b14da0c51f9b6,True
PB,pb2,101,iteration_end,9,5,2953,2953,True,7485dbb83935a29e,7485dbb83935a29e,True
PB,pb2,101,iteration_end,9,6,2928,2928,True,e716dfd2dbc4e22c,e716dfd2dbc4e22c,True
PB,pb2,101,iteration_end,9,7,2925,2925,True,53dcac8c77ab9462,53dcac8c77ab9462,True
PB,pb2,101,iteration_end,9,8,2891,2891,True,383026f23da68646,383026f23da68646,True
PB,pb2,101,iteration_end,9,9,2857,2857,True,0055a077ae4d3fb7,0055a077ae4d3fb7,True
PB,pb2,101,iteration_end,9,10,2856,2856,True,04dd3666c9808a3a,04dd3666c9808a3a,True
PB,pb2,101,iteration_end,9,11,2856,2856,True,04dd3666c9808a3a,04dd3666c9808a3a,True
PB,pb2,101,iteration_end,9,12,2828,2828,True,f0752bb07214eccb,f0752bb07214eccb,True
PB,pb2,101,iteration_end,9,13,2811,2811,True,f43f14cd4886e283,f43f14cd4886e283,True
PB,pb2,101,iteration_end,9,14,2788,2788,True,140265258d5a41bb,140265258d5a41bb,True
PB,pb2,101,iteration_end,9,15,2788,2788,True,140265258d5a41bb,140265258d5a41bb,True
PB,pb2,101,iteration_end,9,16,2788,2788,True,140265258d5a41bb,140265258d5a41bb,True
PB,pb2,101,iteration_end,9,17,2566,2566,True,5e4c918bc3e1fae3,5e4c918bc3e1fae3,True
PB,pb2,101,iteration_end,9,18,2523,2523,True,0457ef2f1da9c666,0457ef2f1da9c666,True
PB,pb2,101,iteration_end,9,19,2518,2518,True,b84ecd9a2ed97708,b84ecd9a2ed97708,True
PB,pb2,101,iteration_end,10,0,3117,3117,True,f1e94d6204ee1903,f1e94d6204ee1903,True
PB,pb2,101,iteration_end,10,1,3070,3070,True,c3e62d7d90dc4aab,c3e62d7d90dc4aab,True
PB,pb2,101,iteration_end,10,2,3070,3070,True,c3e62d7d90dc4aab,c3e62d7d90dc4aab,True
PB,pb2,101,iteration_end,10,3,3070,3070,True,c3e62d7d90dc4aab,c3e62d7d90dc4aab,True
PB,pb2,101,iteration_end,10,4,3041,3041,True,1e0fef290699a2b1,1e0fef290699a2b1,True
PB,pb2,101,iteration_end,10,5,3031,3031,True,d816c6257cd9848b,d816c6257cd9848b,True
PB,pb2,101,iteration_end,10,6,3024,3024,True,75e0f86da282b950,75e0f86da282b950,True
PB,pb2,101,iteration_end,10,7,3009,3009,True,4f512c54ee23d249,4f512c54ee23d249,True
PB,pb2,101,iteration_end,10,8,2944,2944,True,0e91cc2c39571ccd,0e91cc2c39571ccd,True
PB,pb2,101,iteration_end,10,9,2921,2921,True,9c042e065af55943,9c042e065af55943,True
PB,pb2,101,iteration_end,10,10,2903,2903,True,969a437ff58f5ef4,969a437ff58f5ef4,True
PB,pb2,101,iteration_end,10,11,2817,2817,True,4e3e3a1c3a06bb55,4e3e3a1c3a06bb55,True
PB,pb2,101,iteration_end,10,12,2808,2808,True,bfed7561fead69bf,bfed7561fead69bf,True
PB,pb2,101,iteration_end,10,13,2770,2770,True,1e760ffd19598b2e,1e760ffd19598b2e,True
PB,pb2,101,iteration_end,10,14,2761,2761,True,f8910a04e4424d4e,f8910a04e4424d4e,True
PB,pb2,101,iteration_end,10,15,2701,2701,True,6ad82a1022c42ebd,6ad82a1022c42ebd,True
PB,pb2,101,iteration_end,10,16,2624,2624,True,7a2fe6884edb6ed4,7a2fe6884edb6ed4,True
PB,pb2,101,iteration_end,10,17,2621,2621,True,96b4edb6b3f1dd01,96b4edb6b3f1dd01,True
PB,pb2,101,iteration_end,10,18,2587,2587,True,9d06d51c2040fd39,9d06d51c2040fd39,True
PB,pb2,101,iteration_end,10,19,2556,2556,True,52cce899ff7ad3c6,52cce899ff7ad3c6,True
PB,pb2,101,iteration_end,11,0,3117,3117,True,f1e94d6204ee1903,f1e94d6204ee1903,True
PB,pb2,101,iteration_end,11,1,3070,3070,True,c3e62d7d90dc4aab,c3e62d7d90dc4aab,True
PB,pb2,101,iteration_end,11,2,3031,3031,True,d816c6257cd9848b,d816c6257cd9848b,True
PB,pb2,101,iteration_end,11,3,3031,3031,True,d816c6257cd9848b,d816c6257cd9848b,True
PB,pb2,101,iteration_end,11,4,3024,3024,True,981b30abcd678dc8,981b30abcd678dc8,True
PB,pb2,101,iteration_end,11,5,3011,3011,True,20bbb65ac0b0ad5d,20bbb65ac0b0ad5d,True
PB,pb2,101,iteration_end,11,6,2984,2984,True,485b14da0c51f9b6,485b14da0c51f9b6,True
PB,pb2,101,iteration_end,11,7,2971,2971,True,3ca1075ba239109d,3ca1075ba239109d,True
PB,pb2,101,iteration_end,11,8,2942,2942,True,52d875895914ad9d,52d875895914ad9d,True
PB,pb2,101,iteration_end,11,9,2921,2921,True,9c042e065af55943,9c042e065af55943,True
PB,pb2,101,iteration_end,11,10,2874,2874,True,ff42e2e6887701a6,ff42e2e6887701a6,True
PB,pb2,101,iteration_end,11,11,2851,2851,True,e538b745e77152c6,e538b745e77152c6,True
PB,pb2,101,iteration_end,11,12,2835,2835,True,f191987d2d1de62f,f191987d2d1de62f,True
PB,pb2,101,iteration_end,11,13,2829,2829,True,bdea8a98cf05bfdd,bdea8a98cf05bfdd,True
PB,pb2,101,iteration_end,11,14,2701,2701,True,87a82ae769c5f83a,87a82ae769c5f83a,True
PB,pb2,101,iteration_end,11,15,2685,2685,True,fda3509208c10bba,fda3509208c10bba,True
PB,pb2,101,iteration_end,11,16,2681,2681,True,3d960fd1fcad7545,3d960fd1fcad7545,True
PB,pb2,101,iteration_end,11,17,2663,2663,True,074cda0dc5ce91a9,074cda0dc5ce91a9,True
PB,pb2,101,iteration_end,11,18,2565,2565,True,5caccb9e430203d7,5caccb9e430203d7,True
PB,pb2,101,iteration_end,11,19,2515,2515,True,2a6890c26883a9d7,2a6890c26883a9d7,True
PB,pb2,101,iteration_end,12,0,3117,3117,True,f1e94d6204ee1903,f1e94d6204ee1903,True
PB,pb2,101,iteration_end,12,1,3070,3070,True,c3e62d7d90dc4aab,c3e62d7d90dc4aab,True
PB,pb2,101,iteration_end,12,2,3020,3020,True,7a6f98b280434dc0,7a6f98b280434dc0,True
PB,pb2,101,iteration_end,12,3,3013,3013,True,5fdfec0d6dd1773a,5fdfec0d6dd1773a,True
PB,pb2,101,iteration_end,12,4,3008,3008,True,5926734030b970ed,5926734030b970ed,True
PB,pb2,101,iteration_end,12,5,2961,2961,True,ee88db1076f10a08,ee88db1076f10a08,True
PB,pb2,101,iteration_end,12,6,2950,2950,True,66fea92c2b02ba9b,66fea92c2b02ba9b,True
PB,pb2,101,iteration_end,12,7,2925,2925,True,8d9df238d49459af,8d9df238d49459af,True
PB,pb2,101,iteration_end,12,8,2921,2921,True,9c042e065af55943,9c042e065af55943,True
PB,pb2,101,iteration_end,12,9,2903,2903,True,969a437ff58f5ef4,969a437ff58f5ef4,True
PB,pb2,101,iteration_end,12,10,2888,2888,True,1a7ab8bbae372cb7,1a7ab8bbae372cb7,True
PB,pb2,101,iteration_end,12,11,2878,2878,True,7b1fdb178ca7bd86,7b1fdb178ca7bd86,True
PB,pb2,101,iteration_end,12,12,2792,2792,True,b6049bec4dfee9a8,b6049bec4dfee9a8,True
PB,pb2,101,iteration_end,12,13,2746,2746,True,30a634922142441b,30a634922142441b,True
PB,pb2,101,iteration_end,12,14,2732,2732,True,429c584c0facb068,429c584c0facb068,True
PB,pb2,101,iteration_end,12,15,2702,2702,True,81edcddc1af4fcec,81edcddc1af4fcec,True
PB,pb2,101,iteration_end,12,16,2665,2665,True,bb2857ea21d10397,bb2857ea21d10397,True
PB,pb2,101,iteration_end,12,17,2652,2652,True,ee4108d67a6907aa,ee4108d67a6907aa,True
PB,pb2,101,iteration_end,12,18,2640,2640,True,d9d4f4bff47db66f,d9d4f4bff47db66f,True
PB,pb2,101,iteration_end,12,19,2560,2560,True,045751fc73ed56d9,045751fc73ed56d9,True
PB,pb2,101,iteration_end,13,0,3117,3117,True,f1e94d6204ee1903,f1e94d6204ee1903,True
PB,pb2,101,iteration_end,13,1,3036,3036,True,220e9b5f9fc88bca,220e9b5f9fc88bca,True
PB,pb2,101,iteration_end,13,2,3031,3031,True,d816c6257cd9848b,d816c6257cd9848b,True
PB,pb2,101,iteration_end,13,3,3010,3010,True,23019f7cd17ba0d7,23019f7cd17ba0d7,True
PB,pb2,101,iteration_end,13,4,2999,2999,True,3145a858d37f0ba5,3145a858d37f0ba5,True
PB,pb2,101,iteration_end,13,5,2934,2934,True,c2a80a6ed1dca2a3,c2a80a6ed1dca2a3,True
PB,pb2,101,iteration_end,13,6,2921,2921,True,994637bb320f90a3,994637bb320f90a3,True
PB,pb2,101,iteration_end,13,7,2895,2895,True,e08441e5ccfc11e1,e08441e5ccfc11e1,True
PB,pb2,101,iteration_end,13,8,2884,2884,True,826ef8e59b791baf,826ef8e59b791baf,True
PB,pb2,101,iteration_end,13,9,2874,2874,True,ff42e2e6887701a6,ff42e2e6887701a6,True
PB,pb2,101,iteration_end,13,10,2874,2874,True,ff42e2e6887701a6,ff42e2e6887701a6,True
PB,pb2,101,iteration_end,13,11,2837,2837,True,6f4405e1e2bf4e97,6f4405e1e2bf4e97,True
PB,pb2,101,iteration_end,13,12,2799,2799,True,b60c774187367ff1,b60c774187367ff1,True
PB,pb2,101,iteration_end,13,13,2763,2763,True,708963bfc971bb64,708963bfc971bb64,True
PB,pb2,101,iteration_end,13,14,2746,2746,True,30a634922142441b,30a634922142441b,True
PB,pb2,101,iteration_end,13,15,2728,2728,True,9ba20a19b7676a49,9ba20a19b7676a49,True
PB,pb2,101,iteration_end,13,16,2691,2691,True,fbfdd339d227a4f3,fbfdd339d227a4f3,True
PB,pb2,101,iteration_end,13,17,2633,2633,True,c75de7f5414886da,c75de7f5414886da,True
PB,pb2,101,iteration_end,13,18,2633,2633,True,c75de7f5414886da,c75de7f5414886da,True
PB,pb2,101,iteration_end,13,19,2536,2536,True,2b95b1f43435d02d,2b95b1f43435d02d,True
PB,pb2,101,iteration_end,14,0,3117,3117,True,f1e94d6204ee1903,f1e94d6204ee1903,True
PB,pb2,101,iteration_end,14,1,3090,3090,True,0dbcc271ba930f63,0dbcc271ba930f63,True
PB,pb2,101,iteration_end,14,2,3082,3082,True,db4d9e0624d8b9c2,db4d9e0624d8b9c2,True
PB,pb2,101,iteration_end,14,3,3028,3028,True,a4fe9ed7016fb4dc,a4fe9ed7016fb4dc,True
PB,pb2,101,iteration_end,14,4,2936,2936,True,db8bc980094ec8e9,db8bc980094ec8e9,True
PB,pb2,101,iteration_end,14,5,2923,2923,True,62416a1be0a05832,62416a1be0a05832,True
PB,pb2,101,iteration_end,14,6,2921,2921,True,9c042e065af55943,9c042e065af55943,True
PB,pb2,101,iteration_end,14,7,2899,2899,True,7d66c6efa60171bf,7d66c6efa60171bf,True
PB,pb2,101,iteration_end,14,8,2885,2885,True,cd664e68ff915f4f,cd664e68ff915f4f,True
PB,pb2,101,iteration_end,14,9,2884,2884,True,826ef8e59b791baf,826ef8e59b791baf,True
PB,pb2,101,iteration_end,14,10,2835,2835,True,f191987d2d1de62f,f191987d2d1de62f,True
PB,pb2,101,iteration_end,14,11,2835,2835,True,f191987d2d1de62f,f191987d2d1de62f,True
PB,pb2,101,iteration_end,14,12,2829,2829,True,bdea8a98cf05bfdd,bdea8a98cf05bfdd,True
PB,pb2,101,iteration_end,14,13,2817,2817,True,4e3e3a1c3a06bb55,4e3e3a1c3a06bb55,True
PB,pb2,101,iteration_end,14,14,2796,2796,True,8440474096c70927,8440474096c70927,True
PB,pb2,101,iteration_end,14,15,2793,2793,True,6cd69747d735f56d,6cd69747d735f56d,True
PB,pb2,101,iteration_end,14,16,2707,2707,True,f1d42cd3b728774d,f1d42cd3b728774d,True
PB,pb2,101,iteration_end,14,17,2678,2678,True,ec2d8bbd4f2b32dd,ec2d8bbd4f2b32dd,True
PB,pb2,101,iteration_end,14,18,2668,2668,True,6a9e59527e8948d7,6a9e59527e8948d7,True
PB,pb2,101,iteration_end,14,19,2501,2501,True,edc81a6934da6220,edc81a6934da6220,True
PB,pb2,101,iteration_end,15,0,3119,3119,True,5f7c63216cdc37d7,5f7c63216cdc37d7,True
PB,pb2,101,iteration_end,15,1,3117,3117,True,f1e94d6204ee1903,f1e94d6204ee1903,True
PB,pb2,101,iteration_end,15,2,3099,3099,True,796b5be98fe3f770,796b5be98fe3f770,True
PB,pb2,101,iteration_end,15,3,3099,3099,True,796b5be98fe3f770,796b5be98fe3f770,True
PB,pb2,101,iteration_end,15,4,3089,3089,True,34becc63e4ba7e70,34becc63e4ba7e70,True
PB,pb2,101,iteration_end,15,5,3045,3045,True,b9aebdb6233eef1a,b9aebdb6233eef1a,True
PB,pb2,101,iteration_end,15,6,2965,2965,True,a1b9de168d299b7a,a1b9de168d299b7a,True
PB,pb2,101,iteration_end,15,7,2945,2945,True,f2e2ee98e89e0711,f2e2ee98e89e0711,True
PB,pb2,101,iteration_end,15,8,2944,2944,True,071cdf126428c36a,071cdf126428c36a,True
PB,pb2,101,iteration_end,15,9,2921,2921,True,9c042e065af55943,9c042e065af55943,True
PB,pb2,101,iteration_end,15,10,2874,2874,True,0323debee07625e8,0323debee07625e8,True
PB,pb2,101,iteration_end,15,11,2868,2868,True,44a304ec5610bdc2,44a304ec5610bdc2,True
PB,pb2,101,iteration_end,15,12,2823,2823,True,d3fe69765a2034ad,d3fe69765a2034ad,True
PB,pb2,101,iteration_end,15,13,2788,2788,True,140265258d5a41bb,140265258d5a41bb,True
PB,pb2,101,iteration_end,15,14,2718,2718,True,183d413dfa7b12cb,183d413dfa7b12cb,True
PB,pb2,101,iteration_end,15,15,2697,2697,True,d3fc21daec67916c,d3fc21daec67916c,True
PB,pb2,101,iteration_end,15,16,2581,2581,True,ddb7319dc9e2007a,ddb7319dc9e2007a,True
PB,pb2,101,iteration_end,15,17,2543,2543,True,6b1e1f843ce7d9e3,6b1e1f843ce7d9e3,True
PB,pb2,101,iteration_end,15,18,2523,2523,True,0457ef2f1da9c666,0457ef2f1da9c666,True
PB,pb2,101,iteration_end,15,19,2522,2522,True,365adc82683eb9b6,365adc82683eb9b6,True
PB,pb2,101,iteration_end,16,0,3080,3080,True,88bd74f9d2ec0235,88bd74f9d2ec0235,True
PB,pb2,101,iteration_end,16,1,3059,3059,True,dfd8d100a6e7153e,dfd8d100a6e7153e,True
PB,pb2,101,iteration_end,16,2,3045,3045,True,6760ecfdedb6c8d9,6760ecfdedb6c8d9,True
PB,pb2,101,iteration_end,16,3,2964,2964,True,4e3b60dc2f1bc1c6,4e3b60dc2f1bc1c6,True
PB,pb2,101,iteration_end,16,4,2921,2921,True,9c042e065af55943,9c042e065af55943,True
PB,pb2,101,iteration_end,16,5,2921,2921,True,fee4a02d54ae3358,fee4a02d54ae3358,True
PB,pb2,101,iteration_end,16,6,2904,2904,True,f01e70c5da4a6a6f,f01e70c5da4a6a6f,True
PB,pb2,101,iteration_end,16,7,2895,2895,True,5e9f9aeb46471869,5e9f9aeb46471869,True
PB,pb2,101,iteration_end,16,8,2866,2866,True,f24c11400faa2fcc,f24c11400faa2fcc,True
PB,pb2,101,iteration_end,16,9,2853,2853,True,36236b56df93b489,36236b56df93b489,True
PB,pb2,101,iteration_end,16,10,2850,2850,True,2551983a31ef7010,2551983a31ef7010,True
PB,pb2,101,iteration_end,16,11,2824,2824,True,ff8e3c88d79288eb,ff8e3c88d79288eb,True
PB,pb2,101,iteration_end,16,12,2813,2813,True,f6b6b3b46432b34b,f6b6b3b46432b34b,True
PB,pb2,101,iteration_end,16,13,2812,2812,True,622ebca40ae52ed2,622ebca40ae52ed2,True
PB,pb2,101,iteration_end,16,14,2788,2788,True,140265258d5a41bb,140265258d5a41bb,True
PB,pb2,101,iteration_end,16,15,2642,2642,True,a0e1ec5e450eaea1,a0e1ec5e450eaea1,True
PB,pb2,101,iteration_end,16,16,2585,2585,True,e8dd3ea337fbd7f8,e8dd3ea337fbd7f8,True
PB,pb2,101,iteration_end,16,17,2523,2523,True,0457ef2f1da9c666,0457ef2f1da9c666,True
PB,pb2,101,iteration_end,16,18,2493,2493,True,7f45748ddb135cae,7f45748ddb135cae,True
PB,pb2,101,iteration_end,16,19,2357,2357,True,fcd30bf684aa933e,fcd30bf684aa933e,True
PB,pb2,101,iteration_end,17,0,3143,3143,True,564eb43b610b69a4,564eb43b610b69a4,True
PB,pb2,101,iteration_end,17,1,3061,3061,True,0c786ba9c49cd827,0c786ba9c49cd827,True
PB,pb2,101,iteration_end,17,2,3035,3035,True,bc7a2276f7bfd700,bc7a2276f7bfd700,True
PB,pb2,101,iteration_end,17,3,2977,2977,True,751772e55f5e18a6,751772e55f5e18a6,True
PB,pb2,101,iteration_end,17,4,2950,2950,True,66fea92c2b02ba9b,66fea92c2b02ba9b,True
PB,pb2,101,iteration_end,17,5,2867,2867,True,998aed910d5c96cf,998aed910d5c96cf,True
PB,pb2,101,iteration_end,17,6,2862,2862,True,58d9b27d3f06b37b,58d9b27d3f06b37b,True
PB,pb2,101,iteration_end,17,7,2819,2819,True,ffbbaabc36a042fb,ffbbaabc36a042fb,True
PB,pb2,101,iteration_end,17,8,2788,2788,True,140265258d5a41bb,140265258d5a41bb,True
PB,pb2,101,iteration_end,17,9,2780,2780,True,4082017a26f22b9b,4082017a26f22b9b,True
PB,pb2,101,iteration_end,17,10,2772,2772,True,d3ee4ceaf065a73e,d3ee4ceaf065a73e,True
PB,pb2,101,iteration_end,17,11,2733,2733,True,81c01dcfdf4c742a,81c01dcfdf4c742a,True
PB,pb2,101,iteration_end,17,12,2680,2680,True,b914b709bb78b950,b914b709bb78b950,True
PB,pb2,101,iteration_end,17,13,2661,2661,True,6c140ebfb358bcf7,6c140ebfb358bcf7,True
PB,pb2,101,iteration_end,17,14,2636,2636,True,c94bc02cdb1ca388,c94bc02cdb1ca388,True
PB,pb2,101,iteration_end,17,15,2629,2629,True,638bf36f71f826ca,638bf36f71f826ca,True
PB,pb2,101,iteration_end,17,16,2565,2565,True,e6ffcad9d31ff79f,e6ffcad9d31ff79f,True
PB,pb2,101,iteration_end,17,17,2466,2466,True,da979424619ca339,da979424619ca339,True
PB,pb2,101,iteration_end,17,18,2459,2459,True,385ac9f3c3971d64,385ac9f3c3971d64,True
PB,pb2,101,iteration_end,17,19,2390,2390,True,c30654133fc4d8f6,c30654133fc4d8f6,True
PB,pb2,101,iteration_end,18,0,3025,3025,True,98e4030c1ec14686,98e4030c1ec14686,True
PB,pb2,101,iteration_end,18,1,3013,3013,True,0784e1c4c9ad227c,0784e1c4c9ad227c,True
PB,pb2,101,iteration_end,18,2,2984,2984,True,485b14da0c51f9b6,485b14da0c51f9b6,True
PB,pb2,101,iteration_end,18,3,2952,2952,True,77131c109f2174ce,77131c109f2174ce,True
PB,pb2,101,iteration_end,18,4,2906,2906,True,73596d61f336c26c,73596d61f336c26c,True
PB,pb2,101,iteration_end,18,5,2903,2903,True,f9e3266bfeaf0225,f9e3266bfeaf0225,True
PB,pb2,101,iteration_end,18,6,2864,2864,True,859c94a4f230524d,859c94a4f230524d,True
PB,pb2,101,iteration_end,18,7,2837,2837,True,6f4405e1e2bf4e97,6f4405e1e2bf4e97,True
PB,pb2,101,iteration_end,18,8,2820,2820,True,156253247f392c4f,156253247f392c4f,True
PB,pb2,101,iteration_end,18,9,2788,2788,True,140265258d5a41bb,140265258d5a41bb,True
PB,pb2,101,iteration_end,18,10,2788,2788,True,140265258d5a41bb,140265258d5a41bb,True
PB,pb2,101,iteration_end,18,11,2788,2788,True,140265258d5a41bb,140265258d5a41bb,True
PB,pb2,101,iteration_end,18,12,2788,2788,True,140265258d5a41bb,140265258d5a41bb,True
PB,pb2,101,iteration_end,18,13,2746,2746,True,7d5db839749be266,7d5db839749be266,True
PB,pb2,101,iteration_end,18,14,2679,2679,True,9cc7abdc721235bc,9cc7abdc721235bc,True
PB,pb2,101,iteration_end,18,15,2575,2575,True,fb53108ddddfcef1,fb53108ddddfcef1,True
PB,pb2,101,iteration_end,18,16,2553,2553,True,76ca5e6c8168fa66,76ca5e6c8168fa66,True
PB,pb2,101,iteration_end,18,17,2466,2466,True,f3f2bd15c8d29b31,f3f2bd15c8d29b31,True
PB,pb2,101,iteration_end,18,18,2454,2454,True,cd9eaff811110d8b,cd9eaff811110d8b,True
PB,pb2,101,iteration_end,18,19,2374,2374,True,f12fc6d73e4620ff,f12fc6d73e4620ff,True
PB,pb2,101,iteration_end,19,0,3143,3143,True,564eb43b610b69a4,564eb43b610b69a4,True
PB,pb2,101,iteration_end,19,1,3070,3070,True,c3e62d7d90dc4aab,c3e62d7d90dc4aab,True
PB,pb2,101,iteration_end,19,2,3057,3057,True,a9e7c7e1e5f6677a,a9e7c7e1e5f6677a,True
PB,pb2,101,iteration_end,19,3,2919,2919,True,535a4ede97d0e815,535a4ede97d0e815,True
PB,pb2,101,iteration_end,19,4,2878,2878,True,34b7fb6629766aad,34b7fb6629766aad,True
PB,pb2,101,iteration_end,19,5,2865,2865,True,2d2db1789a098d47,2d2db1789a098d47,True
PB,pb2,101,iteration_end,19,6,2853,2853,True,7cff26d991cbdd64,7cff26d991cbdd64,True
PB,pb2,101,iteration_end,19,7,2849,2849,True,86af663104355819,86af663104355819,True
PB,pb2,101,iteration_end,19,8,2825,2825,True,4d2d52afd561e972,4d2d52afd561e972,True
PB,pb2,101,iteration_end,19,9,2788,2788,True,140265258d5a41bb,140265258d5a41bb,True
PB,pb2,101,iteration_end,19,10,2788,2788,True,140265258d5a41bb,140265258d5a41bb,True
PB,pb2,101,iteration_end,19,11,2788,2788,True,140265258d5a41bb,140265258d5a41bb,True
PB,pb2,101,iteration_end,19,12,2788,2788,True,140265258d5a41bb,140265258d5a41bb,True
PB,pb2,101,iteration_end,19,13,2788,2788,True,140265258d5a41bb,140265258d5a41bb,True
PB,pb2,101,iteration_end,19,14,2745,2745,True,8c98a8497a829bbb,8c98a8497a829bbb,True
PB,pb2,101,iteration_end,19,15,2666,2666,True,37304ee2380d132f,37304ee2380d132f,True
PB,pb2,101,iteration_end,19,16,2643,2643,True,936521084a4711ff,936521084a4711ff,True
PB,pb2,101,iteration_end,19,17,2640,2640,True,eec1039574e4f413,eec1039574e4f413,True
PB,pb2,101,iteration_end,19,18,2599,2599,True,e35aff66e267b96e,e35aff66e267b96e,True
PB,pb2,101,iteration_end,19,19,2312,2312,True,a0bfd3d055ecb7de,a0bfd3d055ecb7de,True
PB,pb2,101,iteration_end,20,0,3143,3143,True,564eb43b610b69a4,564eb43b610b69a4,True
PB,pb2,101,iteration_end,20,1,3143,3143,True,564eb43b610b69a4,564eb43b610b69a4,True
PB,pb2,101,iteration_end,20,2,3085,3085,True,52816c6a0c89a2f2,52816c6a0c89a2f2,True
PB,pb2,101,iteration_end,20,3,3070,3070,True,c3e62d7d90dc4aab,c3e62d7d90dc4aab,True
PB,pb2,101,iteration_end,20,4,3038,3038,True,91fefa0dbce566d9,91fefa0dbce566d9,True
PB,pb2,101,iteration_end,20,5,3008,3008,True,5926734030b970ed,5926734030b970ed,True
PB,pb2,101,iteration_end,20,6,2984,2984,True,485b14da0c51f9b6,485b14da0c51f9b6,True
PB,pb2,101,iteration_end,20,7,2945,2945,True,e4887e4c9e0a3bb6,e4887e4c9e0a3bb6,True
PB,pb2,101,iteration_end,20,8,2940,2940,True,24fbe9a0fd3696d4,24fbe9a0fd3696d4,True
PB,pb2,101,iteration_end,20,9,2903,2903,True,33544206e0ce584a,33544206e0ce584a,True
PB,pb2,101,iteration_end,20,10,2903,2903,True,33544206e0ce584a,33544206e0ce584a,True
PB,pb2,101,iteration_end,20,11,2836,2836,True,a7e4957f1265a471,a7e4957f1265a471,True
PB,pb2,101,iteration_end,20,12,2788,2788,True,140265258d5a41bb,140265258d5a41bb,True
PB,pb2,101,iteration_end,20,13,2786,2786,True,76eed690ec2cbd5c,76eed690ec2cbd5c,True
PB,pb2,101,iteration_end,20,14,2739,2739,True,f9d58b5c1c24b66a,f9d58b5c1c24b66a,True
PB,pb2,101,iteration_end,20,15,2736,2736,True,55aaeeab8abf9d2d,55aaeeab8abf9d2d,True
PB,pb2,101,iteration_end,20,16,2565,2565,True,e1e0ef16c7ea83a8,e1e0ef16c7ea83a8,True
PB,pb2,101,iteration_end,20,17,2479,2479,True,2f37f9cc6cab54cf,2f37f9cc6cab54cf,True
PB,pb2,101,iteration_end,20,18,2478,2478,True,88f839a2a7457c12,88f839a2a7457c12,True
PB,pb2,101,iteration_end,20,19,2439,2439,True,4250ff8720d00118,4250ff8720d00118,True
PB,pb2,101,iteration_end,21,0,3143,3143,True,564eb43b610b69a4,564eb43b610b69a4,True
PB,pb2,101,iteration_end,21,1,3143,3143,True,564eb43b610b69a4,564eb43b610b69a4,True
PB,pb2,101,iteration_end,21,2,3070,3070,True,c3e62d7d90dc4aab,c3e62d7d90dc4aab,True
PB,pb2,101,iteration_end,21,3,3036,3036,True,220e9b5f9fc88bca,220e9b5f9fc88bca,True
PB,pb2,101,iteration_end,21,4,3034,3034,True,9c2ca383260e1293,9c2ca383260e1293,True
PB,pb2,101,iteration_end,21,5,3011,3011,True,411f61c8454b079e,411f61c8454b079e,True
PB,pb2,101,iteration_end,21,6,3004,3004,True,f882ee5357759dc1,f882ee5357759dc1,True
PB,pb2,101,iteration_end,21,7,2996,2996,True,9c183a8856caab41,9c183a8856caab41,True
PB,pb2,101,iteration_end,21,8,2972,2972,True,a7eee80b328b4c5b,a7eee80b328b4c5b,True
PB,pb2,101,iteration_end,21,9,2956,2956,True,7a1861bb0104e4ed,7a1861bb0104e4ed,True
PB,pb2,101,iteration_end,21,10,2944,2944,True,6b05f521f87ba6c1,6b05f521f87ba6c1,True
PB,pb2,101,iteration_end,21,11,2903,2903,True,33544206e0ce584a,33544206e0ce584a,True
PB,pb2,101,iteration_end,21,12,2903,2903,True,33544206e0ce584a,33544206e0ce584a,True
PB,pb2,101,iteration_end,21,13,2878,2878,True,0b5221e224a1a2a0,0b5221e224a1a2a0,True
PB,pb2,101,iteration_end,21,14,2835,2835,True,f191987d2d1de62f,f191987d2d1de62f,True
PB,pb2,101,iteration_end,21,15,2788,2788,True,140265258d5a41bb,140265258d5a41bb,True
PB,pb2,101,iteration_end,21,16,2770,2770,True,1e760ffd19598b2e,1e760ffd19598b2e,True
PB,pb2,101,iteration_end,21,17,2765,2765,True,b075a1c11215f7b7,b075a1c11215f7b7,True
PB,pb2,101,iteration_end,21,18,2631,2631,True,29c89adfea45932b,29c89adfea45932b,True
PB,pb2,101,iteration_end,21,19,2622,2622,True,370790c8bddb7791,370790c8bddb7791,True
PB,pb2,101,iteration_end,22,0,3143,3143,True,564eb43b610b69a4,564eb43b610b69a4,True
PB,pb2,101,iteration_end,22,1,3143,3143,True,564eb43b610b69a4,564eb43b610b69a4,True
PB,pb2,101,iteration_end,22,2,3076,3076,True,b60675c43abaf6d5,b60675c43abaf6d5,True
PB,pb2,101,iteration_end,22,3,2997,2997,True,c7f5369dec6a9844,c7f5369dec6a9844,True
PB,pb2,101,iteration_end,22,4,2989,2989,True,b20db43510866ae2,b20db43510866ae2,True
PB,pb2,101,iteration_end,22,5,2984,2984,True,485b14da0c51f9b6,485b14da0c51f9b6,True
PB,pb2,101,iteration_end,22,6,2980,2980,True,3b22f666695adb2d,3b22f666695adb2d,True
PB,pb2,101,iteration_end,22,7,2956,2956,True,2515a0fc9310899a,2515a0fc9310899a,True
PB,pb2,101,iteration_end,22,8,2917,2917,True,c6694fc930d4c065,c6694fc930d4c065,True
PB,pb2,101,iteration_end,22,9,2916,2916,True,749f339da5a7a3a2,749f339da5a7a3a2,True
PB,pb2,101,iteration_end,22,10,2903,2903,True,33544206e0ce584a,33544206e0ce584a,True
PB,pb2,101,iteration_end,22,11,2890,2890,True,fc2ad8ab835e6b9d,fc2ad8ab835e6b9d,True
PB,pb2,101,iteration_end,22,12,2874,2874,True,ff42e2e6887701a6,ff42e2e6887701a6,True
PB,pb2,101,iteration_end,22,13,2810,2810,True,8a1fa9ae0523e585,8a1fa9ae0523e585,True
PB,pb2,101,iteration_end,22,14,2788,2788,True,140265258d5a41bb,140265258d5a41bb,True
PB,pb2,101,iteration_end,22,15,2788,2788,True,140265258d5a41bb,140265258d5a41bb,True
PB,pb2,101,iteration_end,22,16,2788,2788,True,140265258d5a41bb,140265258d5a41bb,True
PB,pb2,101,iteration_end,22,17,2565,2565,True,e1e0ef16c7ea83a8,e1e0ef16c7ea83a8,True
PB,pb2,101,iteration_end,22,18,2565,2565,True,e1e0ef16c7ea83a8,e1e0ef16c7ea83a8,True
PB,pb2,101,iteration_end,22,19,2563,2563,True,0a1cb86255d2bb41,0a1cb86255d2bb41,True
PB,pb2,101,iteration_end,23,0,3143,3143,True,564eb43b610b69a4,564eb43b610b69a4,True
PB,pb2,101,iteration_end,23,1,3117,3117,True,f1e94d6204ee1903,f1e94d6204ee1903,True
PB,pb2,101,iteration_end,23,2,3088,3088,True,7688f9666c704d2d,7688f9666c704d2d,True
PB,pb2,101,iteration_end,23,3,3070,3070,True,c3e62d7d90dc4aab,c3e62d7d90dc4aab,True
PB,pb2,101,iteration_end,23,4,3070,3070,True,c3e62d7d90dc4aab,c3e62d7d90dc4aab,True
PB,pb2,101,iteration_end,23,5,3070,3070,True,c3e62d7d90dc4aab,c3e62d7d90dc4aab,True
PB,pb2,101,iteration_end,23,6,3057,3057,True,a9e7c7e1e5f6677a,a9e7c7e1e5f6677a,True
PB,pb2,101,iteration_end,23,7,3041,3041,True,19e01585648cac06,19e01585648cac06,True
PB,pb2,101,iteration_end,23,8,3036,3036,True,220e9b5f9fc88bca,220e9b5f9fc88bca,True
PB,pb2,101,iteration_end,23,9,3033,3033,True,069b3abd735514e4,069b3abd735514e4,True
PB,pb2,101,iteration_end,23,10,2882,2882,True,65c2c4baa2fcef13,65c2c4baa2fcef13,True
PB,pb2,101,iteration_end,23,11,2874,2874,True,ff42e2e6887701a6,ff42e2e6887701a6,True
PB,pb2,101,iteration_end,23,12,2835,2835,True,f191987d2d1de62f,f191987d2d1de62f,True
PB,pb2,101,iteration_end,23,13,2791,2791,True,72a8a5592267b329,72a8a5592267b329,True
PB,pb2,101,iteration_end,23,14,2788,2788,True,140265258d5a41bb,140265258d5a41bb,True
PB,pb2,101,iteration_end,23,15,2721,2721,True,53d01b2006f3ff51,53d01b2006f3ff51,True
PB,pb2,101,iteration_end,23,16,2704,2704,True,b0b0aa73e776a127,b0b0aa73e776a127,True
PB,pb2,101,iteration_end,23,17,2541,2541,True,a70f61371db7ad27,a70f61371db7ad27,True
PB,pb2,101,iteration_end,23,18,2496,2496,True,56a30832e8a1b68e,56a30832e8a1b68e,True
PB,pb2,101,iteration_end,23,19,2484,2484,True,5a7044366f5586a0,5a7044366f5586a0,True
PB,pb2,101,iteration_end,24,0,3143,3143,True,564eb43b610b69a4,564eb43b610b69a4,True
PB,pb2,101,iteration_end,24,1,3143,3143,True,564eb43b610b69a4,564eb43b610b69a4,True
PB,pb2,101,iteration_end,24,2,3143,3143,True,564eb43b610b69a4,564eb43b610b69a4,True
PB,pb2,101,iteration_end,24,3,3117,3117,True,f1e94d6204ee1903,f1e94d6204ee1903,True
PB,pb2,101,iteration_end,24,4,3070,3070,True,c3e62d7d90dc4aab,c3e62d7d90dc4aab,True
PB,pb2,101,iteration_end,24,5,3070,3070,True,c3e62d7d90dc4aab,c3e62d7d90dc4aab,True
PB,pb2,101,iteration_end,24,6,3066,3066,True,ac1f248e5ac0c21c,ac1f248e5ac0c21c,True
PB,pb2,101,iteration_end,24,7,3065,3065,True,14b1d15507baf5f7,14b1d15507baf5f7,True
PB,pb2,101,iteration_end,24,8,3042,3042,True,673feb9866e2d138,673feb9866e2d138,True
PB,pb2,101,iteration_end,24,9,2911,2911,True,4588834af2154437,4588834af2154437,True
PB,pb2,101,iteration_end,24,10,2903,2903,True,33544206e0ce584a,33544206e0ce584a,True
PB,pb2,101,iteration_end,24,11,2884,2884,True,7a62db884f6f923a,7a62db884f6f923a,True
PB,pb2,101,iteration_end,24,12,2873,2873,True,5c41263dd02e8382,5c41263dd02e8382,True
PB,pb2,101,iteration_end,24,13,2862,2862,True,58d9b27d3f06b37b,58d9b27d3f06b37b,True
PB,pb2,101,iteration_end,24,14,2788,2788,True,140265258d5a41bb,140265258d5a41bb,True
PB,pb2,101,iteration_end,24,15,2788,2788,True,140265258d5a41bb,140265258d5a41bb,True
PB,pb2,101,iteration_end,24,16,2788,2788,True,140265258d5a41bb,140265258d5a41bb,True
PB,pb2,101,iteration_end,24,17,2705,2705,True,b7e1466a3cf80ca0,b7e1466a3cf80ca0,True
PB,pb2,101,iteration_end,24,18,2538,2538,True,75b1abc18e878ccc,75b1abc18e878ccc,True
PB,pb2,101,iteration_end,24,19,2437,2437,True,905d674124b60c6c,905d674124b60c6c,True
PB,pb2,101,iteration_end,25,0,3143,3143,True,564eb43b610b69a4,564eb43b610b69a4,True
PB,pb2,101,iteration_end,25,1,3117,3117,True,f1e94d6204ee1903,f1e94d6204ee1903,True
PB,pb2,101,iteration_end,25,2,3057,3057,True,a9e7c7e1e5f6677a,a9e7c7e1e5f6677a,True
PB,pb2,101,iteration_end,25,3,3057,3057,True,a9e7c7e1e5f6677a,a9e7c7e1e5f6677a,True
PB,pb2,101,iteration_end,25,4,3037,3037,True,8207fe9dee7ce853,8207fe9dee7ce853,True
PB,pb2,101,iteration_end,25,5,3013,3013,True,35bc50850374270d,35bc50850374270d,True
PB,pb2,101,iteration_end,25,6,3011,3011,True,20bbb65ac0b0ad5d,20bbb65ac0b0ad5d,True
PB,pb2,101,iteration_end,25,7,2989,2989,True,b20db43510866ae2,b20db43510866ae2,True
PB,pb2,101,iteration_end,25,8,2978,2978,True,3e9e5b138ec5f415,3e9e5b138ec5f415,True
PB,pb2,101,iteration_end,25,9,2915,2915,True,4bc58dd49900f5ad,4bc58dd49900f5ad,True
PB,pb2,101,iteration_end,25,10,2903,2903,True,33544206e0ce584a,33544206e0ce584a,True
PB,pb2,101,iteration_end,25,11,2874,2874,True,ff42e2e6887701a6,ff42e2e6887701a6,True
PB,pb2,101,iteration_end,25,12,2847,2847,True,99d2b34f2c8ece61,99d2b34f2c8ece61,True
PB,pb2,101,iteration_end,25,13,2812,2812,True,40b2b5db7a380cd5,40b2b5db7a380cd5,True
PB,pb2,101,iteration_end,25,14,2788,2788,True,140265258d5a41bb,140265258d5a41bb,True
PB,pb2,101,iteration_end,25,15,2757,2757,True,f70ca72f2c0e8735,f70ca72f2c0e8735,True
PB,pb2,101,iteration_end,25,16,2711,2711,True,37c0cc60e9bb4316,37c0cc60e9bb4316,True
PB,pb2,101,iteration_end,25,17,2634,2634,True,0e8a23f88bd7b28a,0e8a23f88bd7b28a,True
PB,pb2,101,iteration_end,25,18,2557,2557,True,034dc4cd110e28cf,034dc4cd110e28cf,True
PB,pb2,101,iteration_end,25,19,2548,2548,True,9297d0fc58be2da6,9297d0fc58be2da6,True
PB,pb2,101,iteration_end,26,0,3143,3143,True,564eb43b610b69a4,564eb43b610b69a4,True
PB,pb2,101,iteration_end,26,1,3070,3070,True,c3e62d7d90dc4aab,c3e62d7d90dc4aab,True
PB,pb2,101,iteration_end,26,2,3066,3066,True,08cefb9ed086751d,08cefb9ed086751d,True
PB,pb2,101,iteration_end,26,3,3057,3057,True,a9e7c7e1e5f6677a,a9e7c7e1e5f6677a,True
PB,pb2,101,iteration_end,26,4,2965,2965,True,7d7e417f7b190d17,7d7e417f7b190d17,True
PB,pb2,101,iteration_end,26,5,2919,2919,True,b9f4342850853008,b9f4342850853008,True
PB,pb2,101,iteration_end,26,6,2906,2906,True,8688ae58d36db200,8688ae58d36db200,True
PB,pb2,101,iteration_end,26,7,2903,2903,True,33544206e0ce584a,33544206e0ce584a,True
PB,pb2,101,iteration_end,26,8,2899,2899,True,e74e81d92130fe46,e74e81d92130fe46,True
PB,pb2,101,iteration_end,26,9,2857,2857,True,bbe89cfa9615d099,bbe89cfa9615d099,True
PB,pb2,101,iteration_end,26,10,2789,2789,True,732ce2100f8fc37c,732ce2100f8fc37c,True
PB,pb2,101,iteration_end,26,11,2788,2788,True,140265258d5a41bb,140265258d5a41bb,True
PB,pb2,101,iteration_end,26,12,2788,2788,True,140265258d5a41bb,140265258d5a41bb,True
PB,pb2,101,iteration_end,26,13,2788,2788,True,140265258d5a41bb,140265258d5a41bb,True
PB,pb2,101,iteration_end,26,14,2788,2788,True,140265258d5a41bb,140265258d5a41bb,True
PB,pb2,101,iteration_end,26,15,2655,2655,True,7dfce8ae1368fa38,7dfce8ae1368fa38,True
PB,pb2,101,iteration_end,26,16,2589,2589,True,4406a6591918ccd9,4406a6591918ccd9,True
PB,pb2,101,iteration_end,26,17,2586,2586,True,b0df73fe9bd28466,b0df73fe9bd28466,True
PB,pb2,101,iteration_end,26,18,2530,2530,True,edc029024bf941f4,edc029024bf941f4,True
PB,pb2,101,iteration_end,26,19,2416,2416,True,ed255ea197c149d7,ed255ea197c149d7,True
PB,pb2,101,iteration_end,27,0,3117,3117,True,2a8905763709edad,2a8905763709edad,True
PB,pb2,101,iteration_end,27,1,3064,3064,True,265d88e09c80d835,265d88e09c80d835,True
PB,pb2,101,iteration_end,27,2,3019,3019,True,ff77d02049ebda78,ff77d02049ebda78,True
PB,pb2,101,iteration_end,27,3,3002,3002,True,3f7811c409b71a63,3f7811c409b71a63,True
PB,pb2,101,iteration_end,27,4,2990,2990,True,d8c5aae3dc6d420c,d8c5aae3dc6d420c,True
PB,pb2,101,iteration_end,27,5,2989,2989,True,b20db43510866ae2,b20db43510866ae2,True
PB,pb2,101,iteration_end,27,6,2989,2989,True,dc55177362a96a76,dc55177362a96a76,True
PB,pb2,101,iteration_end,27,7,2986,2986,True,726801b6999d87ad,726801b6999d87ad,True
PB,pb2,101,iteration_end,27,8,2984,2984,True,485b14da0c51f9b6,485b14da0c51f9b6,True
PB,pb2,101,iteration_end,27,9,2915,2915,True,876bc239792d03fe,876bc239792d03fe,True
PB,pb2,101,iteration_end,27,10,2902,2902,True,4976ddab9c47bb52,4976ddab9c47bb52,True
PB,pb2,101,iteration_end,27,11,2848,2848,True,302c13b20957c61f,302c13b20957c61f,True
PB,pb2,101,iteration_end,27,12,2840,2840,True,6712c719e796b6a1,6712c719e796b6a1,True
PB,pb2,101,iteration_end,27,13,2804,2804,True,c2d359a15a4dac5e,c2d359a15a4dac5e,True
PB,pb2,101,iteration_end,27,14,2790,2790,True,20074a27d13d8563,20074a27d13d8563,True
PB,pb2,101,iteration_end,27,15,2751,2751,True,be24bc0c411a4efe,be24bc0c411a4efe,True
PB,pb2,101,iteration_end,27,16,2683,2683,True,65bea3b24b6d2c8f,65bea3b24b6d2c8f,True
PB,pb2,101,iteration_end,27,17,2664,2664,True,ed09d6dd48d91563,ed09d6dd48d91563,True
PB,pb2,101,iteration_end,27,18,2659,2659,True,2e5be4818be40390,2e5be4818be40390,True
PB,pb2,101,iteration_end,27,19,2546,2546,True,a5fe52df7e85c182,a5fe52df7e85c182,True
PB,pb2,101,iteration_end,28,0,3081,3081,True,cf5eb902f19dd6ad,cf5eb902f19dd6ad,True
PB,pb2,101,iteration_end,28,1,3071,3071,True,eb6062b928f60353,eb6062b928f60353,True
PB,pb2,101,iteration_end,28,2,3039,3039,True,01878eac17499047,01878eac17499047,True
PB,pb2,101,iteration_end,28,3,2987,2987,True,be01e425d6c0d463,be01e425d6c0d463,True
PB,pb2,101,iteration_end,28,4,2962,2962,True,b1b27f10aa9d4b23,b1b27f10aa9d4b23,True
PB,pb2,101,iteration_end,28,5,2937,2937,True,572b52c41ad0d82e,572b52c41ad0d82e,True
PB,pb2,101,iteration_end,28,6,2934,2934,True,e29904e37025f547,e29904e37025f547,True
PB,pb2,101,iteration_end,28,7,2912,2912,True,eea26436871a8ddc,eea26436871a8ddc,True
PB,pb2,101,iteration_end,28,8,2884,2884,True,826ef8e59b791baf,826ef8e59b791baf,True
PB,pb2,101,iteration_end,28,9,2882,2882,True,8043b58ecbd74a27,8043b58ecbd74a27,True
PB,pb2,101,iteration_end,28,10,2837,2837,True,ca189c34a5784bf1,ca189c34a5784bf1,True
PB,pb2,101,iteration_end,28,11,2825,2825,True,d73e81da2b9a5af4,d73e81da2b9a5af4,True
PB,pb2,101,iteration_end,28,12,2792,2792,True,124d3d2d08dd320e,124d3d2d08dd320e,True
PB,pb2,101,iteration_end,28,13,2718,2718,True,2b5ebc3708e5ca0b,2b5ebc3708e5ca0b,True
PB,pb2,101,iteration_end,28,14,2694,2694,True,d6647f3189f52ebc,d6647f3189f52ebc,True
PB,pb2,101,iteration_end,28,15,2682,2682,True,5102f896a8f08ce9,5102f896a8f08ce9,True
PB,pb2,101,iteration_end,28,16,2675,2675,True,3d0e0c20028e426d,3d0e0c20028e426d,True
PB,pb2,101,iteration_end,28,17,2642,2642,True,a0e1ec5e450eaea1,a0e1ec5e450eaea1,True
PB,pb2,101,iteration_end,28,18,2563,2563,True,5e3d0af48eebdade,5e3d0af48eebdade,True
PB,pb2,101,iteration_end,28,19,2317,2317,True,7600c0e488bb0056,7600c0e488bb0056,True
PB,pb2,101,iteration_end,29,0,3143,3143,True,564eb43b610b69a4,564eb43b610b69a4,True
PB,pb2,101,iteration_end,29,1,3119,3119,True,7688fcbf6a0d5817,7688fcbf6a0d5817,True
PB,pb2,101,iteration_end,29,2,3057,3057,True,a9e7c7e1e5f6677a,a9e7c7e1e5f6677a,True
PB,pb2,101,iteration_end,29,3,3041,3041,True,2683c59e6ba429e2,2683c59e6ba429e2,True
PB,pb2,101,iteration_end,29,4,3038,3038,True,91fefa0dbce566d9,91fefa0dbce566d9,True
PB,pb2,101,iteration_end,29,5,2972,2972,True,f90df4b4ba8a3814,f90df4b4ba8a3814,True
PB,pb2,101,iteration_end,29,6,2947,2947,True,47eb6ba7dc1d3dfc,47eb6ba7dc1d3dfc,True
PB,pb2,101,iteration_end,29,7,2945,2945,True,d0c1604ed512bd11,d0c1604ed512bd11,True
PB,pb2,101,iteration_end,29,8,2938,2938,True,8383ff7540feadfd,8383ff7540feadfd,True
PB,pb2,101,iteration_end,29,9,2916,2916,True,f43707b3074071b2,f43707b3074071b2,True
PB,pb2,101,iteration_end,29,10,2907,2907,True,54f2f3603c61d008,54f2f3603c61d008,True
PB,pb2,101,iteration_end,29,11,2803,2803,True,e9de6028196e023b,e9de6028196e023b,True
PB,pb2,101,iteration_end,29,12,2788,2788,True,140265258d5a41bb,140265258d5a41bb,True
PB,pb2,101,iteration_end,29,13,2788,2788,True,140265258d5a41bb,140265258d5a41bb,True
PB,pb2,101,iteration_end,29,14,2788,2788,True,140265258d5a41bb,140265258d5a41bb,True
PB,pb2,101,iteration_end,29,15,2780,2780,True,5ca24badf487749b,5ca24badf487749b,True
PB,pb2,101,iteration_end,29,16,2629,2629,True,de70d66348eeb7c7,de70d66348eeb7c7,True
PB,pb2,101,iteration_end,29,17,2486,2486,True,f12edaa490eaace6,f12edaa490eaace6,True
PB,pb2,101,iteration_end,29,18,2448,2448,True,5b38f8d4bc1c4a21,5b38f8d4bc1c4a21,True
PB,pb2,101,iteration_end,29,19,2071,2071,True,65174806dd41a8b0,65174806dd41a8b0,True
PB,pb2,101,iteration_end,30,0,3057,3057,True,a9e7c7e1e5f6677a,a9e7c7e1e5f6677a,True
PB,pb2,101,iteration_end,30,1,3057,3057,True,a9e7c7e1e5f6677a,a9e7c7e1e5f6677a,True
PB,pb2,101,iteration_end,30,2,2984,2984,True,485b14da0c51f9b6,485b14da0c51f9b6,True
PB,pb2,101,iteration_end,30,3,2960,2960,True,ac45f0c1293d2733,ac45f0c1293d2733,True
PB,pb2,101,iteration_end,30,4,2921,2921,True,9c042e065af55943,9c042e065af55943,True
PB,pb2,101,iteration_end,30,5,2908,2908,True,4b843d8b8d1c1d09,4b843d8b8d1c1d09,True
PB,pb2,101,iteration_end,30,6,2888,2888,True,a96d1c8946d0aa18,a96d1c8946d0aa18,True
PB,pb2,101,iteration_end,30,7,2869,2869,True,7d9a593427af19a8,7d9a593427af19a8,True
PB,pb2,101,iteration_end,30,8,2868,2868,True,d5edcd01355bdc84,d5edcd01355bdc84,True
PB,pb2,101,iteration_end,30,9,2856,2856,True,c89f9da87e22c5f3,c89f9da87e22c5f3,True
PB,pb2,101,iteration_end,30,10,2849,2849,True,3edb66e8fc473435,3edb66e8fc473435,True
PB,pb2,101,iteration_end,30,11,2788,2788,True,140265258d5a41bb,140265258d5a41bb,True
PB,pb2,101,iteration_end,30,12,2788,2788,True,140265258d5a41bb,140265258d5a41bb,True
PB,pb2,101,iteration_end,30,13,2788,2788,True,140265258d5a41bb,140265258d5a41bb,True
PB,pb2,101,iteration_end,30,14,2784,2784,True,5714c830a75ddb52,5714c830a75ddb52,True
PB,pb2,101,iteration_end,30,15,2758,2758,True,93c331c34658870e,93c331c34658870e,True
PB,pb2,101,iteration_end,30,16,2710,2710,True,64469fe1b474a949,64469fe1b474a949,True
PB,pb2,101,iteration_end,30,17,2579,2579,True,4c678db0958ed9b5,4c678db0958ed9b5,True
PB,pb2,101,iteration_end,30,18,2479,2479,True,39ec4e3b4b8c648e,39ec4e3b4b8c648e,True
PB,pb2,101,iteration_end,30,19,2467,2467,True,969e158e9c38129d,969e158e9c38129d,True
PB,pb2,101,iteration_end,31,0,3143,3143,True,564eb43b610b69a4,564eb43b610b69a4,True
PB,pb2,101,iteration_end,31,1,3070,3070,True,c3e62d7d90dc4aab,c3e62d7d90dc4aab,True
PB,pb2,101,iteration_end,31,2,3057,3057,True,a9e7c7e1e5f6677a,a9e7c7e1e5f6677a,True
PB,pb2,101,iteration_end,31,3,3051,3051,True,7f9fa8c320f150c0,7f9fa8c320f150c0,True
PB,pb2,101,iteration_end,31,4,3042,3042,True,d286c26517bb6937,d286c26517bb6937,True
PB,pb2,101,iteration_end,31,5,3013,3013,True,694fbbb6d5a2a193,694fbbb6d5a2a193,True
PB,pb2,101,iteration_end,31,6,2971,2971,True,a6808744ab70047f,a6808744ab70047f,True
PB,pb2,101,iteration_end,31,7,2950,2950,True,66fea92c2b02ba9b,66fea92c2b02ba9b,True
PB,pb2,101,iteration_end,31,8,2946,2946,True,ff419711371a8f62,ff419711371a8f62,True
PB,pb2,101,iteration_end,31,9,2930,2930,True,209848f02d983d0d,209848f02d983d0d,True
PB,pb2,101,iteration_end,31,10,2903,2903,True,33544206e0ce584a,33544206e0ce584a,True
PB,pb2,101,iteration_end,31,11,2901,2901,True,31d1ca8006e2e90f,31d1ca8006e2e90f,True
PB,pb2,101,iteration_end,31,12,2865,2865,True,ded9c493bdcce605,ded9c493bdcce605,True
PB,pb2,101,iteration_end,31,13,2837,2837,True,e2435f342326e81d,e2435f342326e81d,True
PB,pb2,101,iteration_end,31,14,2788,2788,True,a4e10a3fa457ab5e,a4e10a3fa457ab5e,True
PB,pb2,101,iteration_end,31,15,2788,2788,True,140265258d5a41bb,140265258d5a41bb,True
PB,pb2,101,iteration_end,31,16,2781,2781,True,132b6bcc9972fca0,132b6bcc9972fca0,True
PB,pb2,101,iteration_end,31,17,2727,2727,True,69ff63f23c30ccb3,69ff63f23c30ccb3,True
PB,pb2,101,iteration_end,31,18,2676,2676,True,43d1e61c0e802abf,43d1e61c0e802abf,True
PB,pb2,101,iteration_end,31,19,2614,2614,True,aa6db09919e25699,aa6db09919e25699,True
PB,pb2,101,iteration_end,32,0,3143,3143,True,564eb43b610b69a4,564eb43b610b69a4,True
PB,pb2,101,iteration_end,32,1,3025,3025,True,07d4d6c012b39aa1,07d4d6c012b39aa1,True
PB,pb2,101,iteration_end,32,2,2989,2989,True,b20db43510866ae2,b20db43510866ae2,True
PB,pb2,101,iteration_end,32,3,2989,2989,True,b20db43510866ae2,b20db43510866ae2,True
PB,pb2,101,iteration_end,32,4,2989,2989,True,b20db43510866ae2,b20db43510866ae2,True
PB,pb2,101,iteration_end,32,5,2972,2972,True,a7eee80b328b4c5b,a7eee80b328b4c5b,True
PB,pb2,101,iteration_end,32,6,2959,2959,True,6b38c4f4c2d84b5f,6b38c4f4c2d84b5f,True
PB,pb2,101,iteration_end,32,7,2952,2952,True,77131c109f2174ce,77131c109f2174ce,True
PB,pb2,101,iteration_end,32,8,2912,2912,True,cf2320ef3c23b2ba,cf2320ef3c23b2ba,True
PB,pb2,101,iteration_end,32,9,2903,2903,True,33544206e0ce584a,33544206e0ce584a,True
PB,pb2,101,iteration_end,32,10,2895,2895,True,393c36575d53a6ed,393c36575d53a6ed,True
PB,pb2,101,iteration_end,32,11,2890,2890,True,e60f4d8911497d8a,e60f4d8911497d8a,True
PB,pb2,101,iteration_end,32,12,2887,2887,True,5ac36c852dade33e,5ac36c852dade33e,True
PB,pb2,101,iteration_end,32,13,2797,2797,True,7a2a66dce0bf839c,7a2a66dce0bf839c,True
PB,pb2,101,iteration_end,32,14,2788,2788,True,140265258d5a41bb,140265258d5a41bb,True
PB,pb2,101,iteration_end,32,15,2788,2788,True,140265258d5a41bb,140265258d5a41bb,True
PB,pb2,101,iteration_end,32,16,2788,2788,True,140265258d5a41bb,140265258d5a41bb,True
PB,pb2,101,iteration_end,32,17,2788,2788,True,140265258d5a41bb,140265258d5a41bb,True
PB,pb2,101,iteration_end,32,18,2788,2788,True,140265258d5a41bb,140265258d5a41bb,True
PB,pb2,101,iteration_end,32,19,2772,2772,True,140cdc7d2653bd5c,140cdc7d2653bd5c,True
PB,pb2,101,iteration_end,33,0,3143,3143,True,564eb43b610b69a4,564eb43b610b69a4,True
PB,pb2,101,iteration_end,33,1,3143,3143,True,564eb43b610b69a4,564eb43b610b69a4,True
PB,pb2,101,iteration_end,33,2,3060,3060,True,6c3f502e46fa8f58,6c3f502e46fa8f58,True
PB,pb2,101,iteration_end,33,3,3038,3038,True,91fefa0dbce566d9,91fefa0dbce566d9,True
PB,pb2,101,iteration_end,33,4,3036,3036,True,220e9b5f9fc88bca,220e9b5f9fc88bca,True
PB,pb2,101,iteration_end,33,5,2946,2946,True,222469ca5054a82e,222469ca5054a82e,True
PB,pb2,101,iteration_end,33,6,2916,2916,True,4fe6f28bf7fdbcd0,4fe6f28bf7fdbcd0,True
PB,pb2,101,iteration_end,33,7,2891,2891,True,54a613075bf98e23,54a613075bf98e23,True
PB,pb2,101,iteration_end,33,8,2884,2884,True,826ef8e59b791baf,826ef8e59b791baf,True
PB,pb2,101,iteration_end,33,9,2863,2863,True,ac92d3130d3f33b4,ac92d3130d3f33b4,True
PB,pb2,101,iteration_end,33,10,2832,2832,True,dc7260d9546060f7,dc7260d9546060f7,True
PB,pb2,101,iteration_end,33,11,2829,2829,True,e452083cf94e0b1d,e452083cf94e0b1d,True
PB,pb2,101,iteration_end,33,12,2788,2788,True,140265258d5a41bb,140265258d5a41bb,True
PB,pb2,101,iteration_end,33,13,2788,2788,True,140265258d5a41bb,140265258d5a41bb,True
PB,pb2,101,iteration_end,33,14,2788,2788,True,140265258d5a41bb,140265258d5a41bb,True
PB,pb2,101,iteration_end,33,15,2719,2719,True,16f2e88dd8c8b4ea,16f2e88dd8c8b4ea,True
PB,pb2,101,iteration_end,33,16,2689,2689,True,01f8d2917ea3fd6d,01f8d2917ea3fd6d,True
PB,pb2,101,iteration_end,33,17,2622,2622,True,f771b23e9d1cda6d,f771b23e9d1cda6d,True
PB,pb2,101,iteration_end,33,18,2461,2461,True,56d185308f19342d,56d185308f19342d,True
PB,pb2,101,iteration_end,33,19,2446,2446,True,c773e223eef266dc,c773e223eef266dc,True
PB,pb2,101,iteration_end,34,0,3143,3143,True,564eb43b610b69a4,564eb43b610b69a4,True
PB,pb2,101,iteration_end,34,1,3045,3045,True,161e43352d9d8eec,161e43352d9d8eec,True
PB,pb2,101,iteration_end,34,2,2984,2984,True,485b14da0c51f9b6,485b14da0c51f9b6,True
PB,pb2,101,iteration_end,34,3,2970,2970,True,8b227952ea282a8c,8b227952ea282a8c,True
PB,pb2,101,iteration_end,34,4,2953,2953,True,293f5ec4dd00840b,293f5ec4dd00840b,True
PB,pb2,101,iteration_end,34,5,2921,2921,True,9c042e065af55943,9c042e065af55943,True
PB,pb2,101,iteration_end,34,6,2920,2920,True,a92d1d6869516c19,a92d1d6869516c19,True
PB,pb2,101,iteration_end,34,7,2890,2890,True,fc2ad8ab835e6b9d,fc2ad8ab835e6b9d,True
PB,pb2,101,iteration_end,34,8,2874,2874,True,ff42e2e6887701a6,ff42e2e6887701a6,True
PB,pb2,101,iteration_end,34,9,2872,2872,True,3fceff0f9c113a07,3fceff0f9c113a07,True
PB,pb2,101,iteration_end,34,10,2853,2853,True,894299c241c380a6,894299c241c380a6,True
PB,pb2,101,iteration_end,34,11,2828,2828,True,ceb41998dfbe4874,ceb41998dfbe4874,True
PB,pb2,101,iteration_end,34,12,2788,2788,True,140265258d5a41bb,140265258d5a41bb,True
PB,pb2,101,iteration_end,34,13,2788,2788,True,140265258d5a41bb,140265258d5a41bb,True
PB,pb2,101,iteration_end,34,14,2760,2760,True,3fb78d6ba45a322a,3fb78d6ba45a322a,True
PB,pb2,101,iteration_end,34,15,2750,2750,True,ac216853fea63db2,ac216853fea63db2,True
PB,pb2,101,iteration_end,34,16,2733,2733,True,7357c88fc7f4bf8d,7357c88fc7f4bf8d,True
PB,pb2,101,iteration_end,34,17,2631,2631,True,2f10e335d4c10095,2f10e335d4c10095,True
PB,pb2,101,iteration_end,34,18,2625,2625,True,d72e90cee26e7547,d72e90cee26e7547,True
PB,pb2,101,iteration_end,34,19,2612,2612,True,cba70801b20ad7d4,cba70801b20ad7d4,True
PB,pb2,101,iteration_end,35,0,3057,3057,True,a9e7c7e1e5f6677a,a9e7c7e1e5f6677a,True
PB,pb2,101,iteration_end,35,1,3057,3057,True,a9e7c7e1e5f6677a,a9e7c7e1e5f6677a,True
PB,pb2,101,iteration_end,35,2,3042,3042,True,9a66a786a3dc35a8,9a66a786a3dc35a8,True
PB,pb2,101,iteration_end,35,3,3020,3020,True,294382820e315e87,294382820e315e87,True
PB,pb2,101,iteration_end,35,4,2955,2955,True,fff1310a7e0e9b9b,fff1310a7e0e9b9b,True
PB,pb2,101,iteration_end,35,5,2935,2935,True,a1cdb0e8aa444478,a1cdb0e8aa444478,True
PB,pb2,101,iteration_end,35,6,2864,2864,True,859c94a4f230524d,859c94a4f230524d,True
PB,pb2,101,iteration_end,35,7,2837,2837,True,6f4405e1e2bf4e97,6f4405e1e2bf4e97,True
PB,pb2,101,iteration_end,35,8,2836,2836,True,c1de72e87e3ca145,c1de72e87e3ca145,True
PB,pb2,101,iteration_end,35,9,2799,2799,True,6489487da35facdc,6489487da35facdc,True
PB,pb2,101,iteration_end,35,10,2788,2788,True,140265258d5a41bb,140265258d5a41bb,True
PB,pb2,101,iteration_end,35,11,2788,2788,True,140265258d5a41bb,140265258d5a41bb,True
PB,pb2,101,iteration_end,35,12,2766,2766,True,cd1b329e071e2ad6,cd1b329e071e2ad6,True
PB,pb2,101,iteration_end,35,13,2755,2755,True,21e2182732f3ab21,21e2182732f3ab21,True
PB,pb2,101,iteration_end,35,14,2753,2753,True,d44d3709330d0cb5,d44d3709330d0cb5,True
PB,pb2,101,iteration_end,35,15,2725,2725,True,76231672a59636c6,76231672a59636c6,True
PB,pb2,101,iteration_end,35,16,2708,2708,True,379abd03d0765164,379abd03d0765164,True
PB,pb2,101,iteration_end,35,17,2668,2668,True,cf741028d9fe8430,cf741028d9fe8430,True
PB,pb2,101,iteration_end,35,18,2626,2626,True,e79515559220e65f,e79515559220e65f,True
PB,pb2,101,iteration_end,35,19,2624,2624,True,5693ad8ecf2fbd28,5693ad8ecf2fbd28,True
PB,pb2,101,iteration_end,36,0,3143,3143,True,564eb43b610b69a4,564eb43b610b69a4,True
PB,pb2,101,iteration_end,36,1,3070,3070,True,c3e62d7d90dc4aab,c3e62d7d90dc4aab,True
PB,pb2,101,iteration_end,36,2,3037,3037,True,21809eaaa1102067,21809eaaa1102067,True
PB,pb2,101,iteration_end,36,3,3036,3036,True,220e9b5f9fc88bca,220e9b5f9fc88bca,True
PB,pb2,101,iteration_end,36,4,2999,2999,True,3145a858d37f0ba5,3145a858d37f0ba5,True
PB,pb2,101,iteration_end,36,5,2936,2936,True,7e9e0d342ac7b56a,7e9e0d342ac7b56a,True
PB,pb2,101,iteration_end,36,6,2827,2827,True,65fd4430f3b347d7,65fd4430f3b347d7,True
PB,pb2,101,iteration_end,36,7,2825,2825,True,5e03a25b6e72a2b9,5e03a25b6e72a2b9,True
PB,pb2,101,iteration_end,36,8,2788,2788,True,140265258d5a41bb,140265258d5a41bb,True
PB,pb2,101,iteration_end,36,9,2788,2788,True,140265258d5a41bb,140265258d5a41bb,True
PB,pb2,101,iteration_end,36,10,2788,2788,True,140265258d5a41bb,140265258d5a41bb,True
PB,pb2,101,iteration_end,36,11,2788,2788,True,140265258d5a41bb,140265258d5a41bb,True
PB,pb2,101,iteration_end,36,12,2770,2770,True,1e760ffd19598b2e,1e760ffd19598b2e,True
PB,pb2,101,iteration_end,36,13,2759,2759,True,5efebfbbcaa094ea,5efebfbbcaa094ea,True
PB,pb2,101,iteration_end,36,14,2757,2757,True,1f9d317a9152e12f,1f9d317a9152e12f,True
PB,pb2,101,iteration_end,36,15,2732,2732,True,429c584c0facb068,429c584c0facb068,True
PB,pb2,101,iteration_end,36,16,2674,2674,True,fa0cb521f138c345,fa0cb521f138c345,True
PB,pb2,101,iteration_end,36,17,2615,2615,True,716dd1fd2d733987,716dd1fd2d733987,True
PB,pb2,101,iteration_end,36,18,2526,2526,True,90a06b572074f514,90a06b572074f514,True
PB,pb2,101,iteration_end,36,19,2372,2372,True,5c420a3e2358281a,5c420a3e2358281a,True
PB,pb2,101,iteration_end,37,0,3143,3143,True,564eb43b610b69a4,564eb43b610b69a4,True
PB,pb2,101,iteration_end,37,1,3143,3143,True,564eb43b610b69a4,564eb43b610b69a4,True
PB,pb2,101,iteration_end,37,2,3088,3088,True,7688f9666c704d2d,7688f9666c704d2d,True
PB,pb2,101,iteration_end,37,3,3070,3070,True,c3e62d7d90dc4aab,c3e62d7d90dc4aab,True
PB,pb2,101,iteration_end,37,4,3070,3070,True,c3e62d7d90dc4aab,c3e62d7d90dc4aab,True
PB,pb2,101,iteration_end,37,5,3070,3070,True,af002c505d5bdb11,af002c505d5bdb11,True
PB,pb2,101,iteration_end,37,6,3057,3057,True,a9e7c7e1e5f6677a,a9e7c7e1e5f6677a,True
PB,pb2,101,iteration_end,37,7,3036,3036,True,220e9b5f9fc88bca,220e9b5f9fc88bca,True
PB,pb2,101,iteration_end,37,8,2989,2989,True,b20db43510866ae2,b20db43510866ae2,True
PB,pb2,101,iteration_end,37,9,2936,2936,True,81826b514458863b,81826b514458863b,True
PB,pb2,101,iteration_end,37,10,2903,2903,True,33544206e0ce584a,33544206e0ce584a,True
PB,pb2,101,iteration_end,37,11,2835,2835,True,35f4af928be7a593,35f4af928be7a593,True
PB,pb2,101,iteration_end,37,12,2809,2809,True,7b16c9ebe260c676,7b16c9ebe260c676,True
PB,pb2,101,iteration_end,37,13,2770,2770,True,1e760ffd19598b2e,1e760ffd19598b2e,True
PB,pb2,101,iteration_end,37,14,2614,2614,True,aa6db09919e25699,aa6db09919e25699,True
PB,pb2,101,iteration_end,37,15,2612,2612,True,cba70801b20ad7d4,cba70801b20ad7d4,True
PB,pb2,101,iteration_end,37,16,2565,2565,True,e1e0ef16c7ea83a8,e1e0ef16c7ea83a8,True
PB,pb2,101,iteration_end,37,17,2557,2557,True,0374b2c422c836a1,0374b2c422c836a1,True
PB,pb2,101,iteration_end,37,18,2491,2491,True,acb1e2dae95c8573,acb1e2dae95c8573,True
PB,pb2,101,iteration_end,37,19,2419,2419,True,eeaaef30ddfbdeb0,eeaaef30ddfbdeb0,True
PB,pb2,101,iteration_end,38,0,3143,3143,True,564eb43b610b69a4,564eb43b610b69a4,True
PB,pb2,101,iteration_end,38,1,3143,3143,True,564eb43b610b69a4,564eb43b610b69a4,True
PB,pb2,101,iteration_end,38,2,3143,3143,True,564eb43b610b69a4,564eb43b610b69a4,True
PB,pb2,101,iteration_end,38,3,3070,3070,True,c3e62d7d90dc4aab,c3e62d7d90dc4aab,True
PB,pb2,101,iteration_end,38,4,3036,3036,True,220e9b5f9fc88bca,220e9b5f9fc88bca,True
PB,pb2,101,iteration_end,38,5,3035,3035,True,4699e2517662c11b,4699e2517662c11b,True
PB,pb2,101,iteration_end,38,6,3025,3025,True,c0e646922c5af4ae,c0e646922c5af4ae,True
PB,pb2,101,iteration_end,38,7,2999,2999,True,3d596f3babdb9328,3d596f3babdb9328,True
PB,pb2,101,iteration_end,38,8,2951,2951,True,7293b2777c887379,7293b2777c887379,True
PB,pb2,101,iteration_end,38,9,2874,2874,True,ff42e2e6887701a6,ff42e2e6887701a6,True
PB,pb2,101,iteration_end,38,10,2836,2836,True,4590116284c43be8,4590116284c43be8,True
PB,pb2,101,iteration_end,38,11,2836,2836,True,ac3502002c7987b3,ac3502002c7987b3,True
PB,pb2,101,iteration_end,38,12,2788,2788,True,140265258d5a41bb,140265258d5a41bb,True
PB,pb2,101,iteration_end,38,13,2788,2788,True,140265258d5a41bb,140265258d5a41bb,True
PB,pb2,101,iteration_end,38,14,2788,2788,True,140265258d5a41bb,140265258d5a41bb,True
PB,pb2,101,iteration_end,38,15,2751,2751,True,5691a0f1f785a5ed,5691a0f1f785a5ed,True
PB,pb2,101,iteration_end,38,16,2667,2667,True,aac1c660032d44b1,aac1c660032d44b1,True
PB,pb2,101,iteration_end,38,17,2663,2663,True,edc68bde75caa488,edc68bde75caa488,True
PB,pb2,101,iteration_end,38,18,2644,2644,True,779cea8fa2c72790,779cea8fa2c72790,True
PB,pb2,101,iteration_end,38,19,2412,2412,True,fa7b2b89dcb3b93b,fa7b2b89dcb3b93b,True
PB,pb2,101,iteration_end,39,0,3143,3143,True,564eb43b610b69a4,564eb43b610b69a4,True
PB,pb2,101,iteration_end,39,1,3070,3070,True,c3e62d7d90dc4aab,c3e62d7d90dc4aab,True
PB,pb2,101,iteration_end,39,2,3070,3070,True,c3e62d7d90dc4aab,c3e62d7d90dc4aab,True
PB,pb2,101,iteration_end,39,3,3046,3046,True,cbce88d20d376eaf,cbce88d20d376eaf,True
PB,pb2,101,iteration_end,39,4,2989,2989,True,b20db43510866ae2,b20db43510866ae2,True
PB,pb2,101,iteration_end,39,5,2946,2946,True,df923e05e8950457,df923e05e8950457,True
PB,pb2,101,iteration_end,39,6,2896,2896,True,b67d6904727f5d59,b67d6904727f5d59,True
PB,pb2,101,iteration_end,39,7,2874,2874,True,ff42e2e6887701a6,ff42e2e6887701a6,True
PB,pb2,101,iteration_end,39,8,2836,2836,True,c1e124d8ec2dd49b,c1e124d8ec2dd49b,True
PB,pb2,101,iteration_end,39,9,2788,2788,True,140265258d5a41bb,140265258d5a41bb,True
PB,pb2,101,iteration_end,39,10,2788,2788,True,140265258d5a41bb,140265258d5a41bb,True
PB,pb2,101,iteration_end,39,11,2788,2788,True,140265258d5a41bb,140265258d5a41bb,True
PB,pb2,101,iteration_end,39,12,2788,2788,True,140265258d5a41bb,140265258d5a41bb,True
PB,pb2,101,iteration_end,39,13,2788,2788,True,140265258d5a41bb,140265258d5a41bb,True
PB,pb2,101,iteration_end,39,14,2780,2780,True,9d7103bbd4437f4d,9d7103bbd4437f4d,True
PB,pb2,101,iteration_end,39,15,2661,2661,True,ebc93bdc7112570e,ebc93bdc7112570e,True
PB,pb2,101,iteration_end,39,16,2578,2578,True,25b6e9097acce8a9,25b6e9097acce8a9,True
PB,pb2,101,iteration_end,39,17,2563,2563,True,19f2092b1fb396ef,19f2092b1fb396ef,True
PB,pb2,101,iteration_end,39,18,2542,2542,True,ce9573e6ad358a88,ce9573e6ad358a88,True
PB,pb2,101,iteration_end,39,19,2333,2333,True,4d690d475d0ade21,4d690d475d0ade21,True
PB,pb2,101,iteration_end,40,0,3143,3143,True,564eb43b610b69a4,564eb43b610b69a4,True
PB,pb2,101,iteration_end,40,1,3070,3070,True,c3e62d7d90dc4aab,c3e62d7d90dc4aab,True
PB,pb2,101,iteration_end,40,2,3070,3070,True,c3e62d7d90dc4aab,c3e62d7d90dc4aab,True
PB,pb2,101,iteration_end,40,3,3070,3070,True,c3e62d7d90dc4aab,c3e62d7d90dc4aab,True
PB,pb2,101,iteration_end,40,4,3057,3057,True,a9e7c7e1e5f6677a,a9e7c7e1e5f6677a,True
PB,pb2,101,iteration_end,40,5,3021,3021,True,ffd30e397cdcbff2,ffd30e397cdcbff2,True
PB,pb2,101,iteration_end,40,6,2989,2989,True,b20db43510866ae2,b20db43510866ae2,True
PB,pb2,101,iteration_end,40,7,2989,2989,True,b20db43510866ae2,b20db43510866ae2,True
PB,pb2,101,iteration_end,40,8,2874,2874,True,ff42e2e6887701a6,ff42e2e6887701a6,True
PB,pb2,101,iteration_end,40,9,2788,2788,True,140265258d5a41bb,140265258d5a41bb,True
PB,pb2,101,iteration_end,40,10,2788,2788,True,140265258d5a41bb,140265258d5a41bb,True
PB,pb2,101,iteration_end,40,11,2788,2788,True,140265258d5a41bb,140265258d5a41bb,True
PB,pb2,101,iteration_end,40,12,2788,2788,True,140265258d5a41bb,140265258d5a41bb,True
PB,pb2,101,iteration_end,40,13,2788,2788,True,140265258d5a41bb,140265258d5a41bb,True
PB,pb2,101,iteration_end,40,14,2788,2788,True,140265258d5a41bb,140265258d5a41bb,True
PB,pb2,101,iteration_end,40,15,2717,2717,True,d3f566d270784deb,d3f566d270784deb,True
PB,pb2,101,iteration_end,40,16,2679,2679,True,9cc7abdc721235bc,9cc7abdc721235bc,True
PB,pb2,101,iteration_end,40,17,2679,2679,True,9cc7abdc721235bc,9cc7abdc721235bc,True
PB,pb2,101,iteration_end,40,18,2620,2620,True,a78387b1d29644c4,a78387b1d29644c4,True
PB,pb2,101,iteration_end,40,19,2618,2618,True,c90f066cc32fa1d5,c90f066cc32fa1d5,True
PB,pb2,101,iteration_end,41,0,3119,3119,True,7688fcbf6a0d5817,7688fcbf6a0d5817,True
PB,pb2,101,iteration_end,41,1,3070,3070,True,c3e62d7d90dc4aab,c3e62d7d90dc4aab,True
PB,pb2,101,iteration_end,41,2,3070,3070,True,c3e62d7d90dc4aab,c3e62d7d90dc4aab,True
PB,pb2,101,iteration_end,41,3,3070,3070,True,c3e62d7d90dc4aab,c3e62d7d90dc4aab,True
PB,pb2,101,iteration_end,41,4,3057,3057,True,a9e7c7e1e5f6677a,a9e7c7e1e5f6677a,True
PB,pb2,101,iteration_end,41,5,2989,2989,True,b20db43510866ae2,b20db43510866ae2,True
PB,pb2,101,iteration_end,41,6,2989,2989,True,b20db43510866ae2,b20db43510866ae2,True
PB,pb2,101,iteration_end,41,7,2933,2933,True,ed2303e2a1d1c117,ed2303e2a1d1c117,True
PB,pb2,101,iteration_end,41,8,2915,2915,True,e2e945c2286dc51f,e2e945c2286dc51f,True
PB,pb2,101,iteration_end,41,9,2903,2903,True,33544206e0ce584a,33544206e0ce584a,True
PB,pb2,101,iteration_end,41,10,2831,2831,True,cf8a1948fdd7e8c9,cf8a1948fdd7e8c9,True
PB,pb2,101,iteration_end,41,11,2788,2788,True,140265258d5a41bb,140265258d5a41bb,True
PB,pb2,101,iteration_end,41,12,2788,2788,True,140265258d5a41bb,140265258d5a41bb,True
PB,pb2,101,iteration_end,41,13,2781,2781,True,3e1533351be71ea6,3e1533351be71ea6,True
PB,pb2,101,iteration_end,41,14,2761,2761,True,e180cf672c4faea4,e180cf672c4faea4,True
PB,pb2,101,iteration_end,41,15,2718,2718,True,973333327b246a54,973333327b246a54,True
PB,pb2,101,iteration_end,41,16,2699,2699,True,8dac9888059fa042,8dac9888059fa042,True
PB,pb2,101,iteration_end,41,17,2623,2623,True,a52df0b07308d8db,a52df0b07308d8db,True
PB,pb2,101,iteration_end,41,18,2588,2588,True,f2a7fdb2b4688e53,f2a7fdb2b4688e53,True
PB,pb2,101,iteration_end,41,19,2565,2565,True,e1e0ef16c7ea83a8,e1e0ef16c7ea83a8,True
PB,pb2,101,iteration_end,42,0,3143,3143,True,564eb43b610b69a4,564eb43b610b69a4,True
PB,pb2,101,iteration_end,42,1,3016,3016,True,09deb9d6e6a0e655,09deb9d6e6a0e655,True
PB,pb2,101,iteration_end,42,2,2989,2989,True,b20db43510866ae2,b20db43510866ae2,True
PB,pb2,101,iteration_end,42,3,2944,2944,True,2e3a43948170c144,2e3a43948170c144,True
PB,pb2,101,iteration_end,42,4,2911,2911,True,6a4c017ec67347fa,6a4c017ec67347fa,True
PB,pb2,101,iteration_end,42,5,2902,2902,True,e58410862c1dfac8,e58410862c1dfac8,True
PB,pb2,101,iteration_end,42,6,2891,2891,True,03585c33f37d3fcc,03585c33f37d3fcc,True
PB,pb2,101,iteration_end,42,7,2883,2883,True,283ba956576343d5,283ba956576343d5,True
PB,pb2,101,iteration_end,42,8,2876,2876,True,ceaf7357a0dfcc51,ceaf7357a0dfcc51,True
PB,pb2,101,iteration_end,42,9,2874,2874,True,ff42e2e6887701a6,ff42e2e6887701a6,True
PB,pb2,101,iteration_end,42,10,2845,2845,True,31d305f812c2feeb,31d305f812c2feeb,True
PB,pb2,101,iteration_end,42,11,2814,2814,True,10612547d9f3a900,10612547d9f3a900,True
PB,pb2,101,iteration_end,42,12,2796,2796,True,243b8459f0785900,243b8459f0785900,True
PB,pb2,101,iteration_end,42,13,2788,2788,True,140265258d5a41bb,140265258d5a41bb,True
PB,pb2,101,iteration_end,42,14,2788,2788,True,140265258d5a41bb,140265258d5a41bb,True
PB,pb2,101,iteration_end,42,15,2788,2788,True,140265258d5a41bb,140265258d5a41bb,True
PB,pb2,101,iteration_end,42,16,2780,2780,True,e8f12146dc45e14d,e8f12146dc45e14d,True
PB,pb2,101,iteration_end,42,17,2712,2712,True,3096aa41a6a8f496,3096aa41a6a8f496,True
PB,pb2,101,iteration_end,42,18,2650,2650,True,690ec9984afa9a68,690ec9984afa9a68,True
PB,pb2,101,iteration_end,42,19,2565,2565,True,e1e0ef16c7ea83a8,e1e0ef16c7ea83a8,True
PB,pb2,101,iteration_end,43,0,3143,3143,True,564eb43b610b69a4,564eb43b610b69a4,True
PB,pb2,101,iteration_end,43,1,3143,3143,True,564eb43b610b69a4,564eb43b610b69a4,True
PB,pb2,101,iteration_end,43,2,3074,3074,True,c605393d78147a1f,c605393d78147a1f,True
PB,pb2,101,iteration_end,43,3,3070,3070,True,c3e62d7d90dc4aab,c3e62d7d90dc4aab,True
PB,pb2,101,iteration_end,43,4,3057,3057,True,a9e7c7e1e5f6677a,a9e7c7e1e5f6677a,True
PB,pb2,101,iteration_end,43,5,2989,2989,True,b20db43510866ae2,b20db43510866ae2,True
PB,pb2,101,iteration_end,43,6,2989,2989,True,b20db43510866ae2,b20db43510866ae2,True
PB,pb2,101,iteration_end,43,7,2989,2989,True,b20db43510866ae2,b20db43510866ae2,True
PB,pb2,101,iteration_end,43,8,2984,2984,True,485b14da0c51f9b6,485b14da0c51f9b6,True
PB,pb2,101,iteration_end,43,9,2984,2984,True,485b14da0c51f9b6,485b14da0c51f9b6,True
PB,pb2,101,iteration_end,43,10,2939,2939,True,46ced6843ca13d2e,46ced6843ca13d2e,True
PB,pb2,101,iteration_end,43,11,2825,2825,True,5e03a25b6e72a2b9,5e03a25b6e72a2b9,True
PB,pb2,101,iteration_end,43,12,2810,2810,True,c87d99662ae55344,c87d99662ae55344,True
PB,pb2,101,iteration_end,43,13,2809,2809,True,0f55b50ef30ecc28,0f55b50ef30ecc28,True
PB,pb2,101,iteration_end,43,14,2788,2788,True,140265258d5a41bb,140265258d5a41bb,True
PB,pb2,101,iteration_end,43,15,2788,2788,True,140265258d5a41bb,140265258d5a41bb,True
PB,pb2,101,iteration_end,43,16,2788,2788,True,140265258d5a41bb,140265258d5a41bb,True
PB,pb2,101,iteration_end,43,17,2770,2770,True,1e760ffd19598b2e,1e760ffd19598b2e,True
PB,pb2,101,iteration_end,43,18,2686,2686,True,ab4ba20ce980e524,ab4ba20ce980e524,True
PB,pb2,101,iteration_end,43,19,2565,2565,True,c132a65053062eaa,c132a65053062eaa,True
PB,pb2,101,iteration_end,44,0,3143,3143,True,564eb43b610b69a4,564eb43b610b69a4,True
PB,pb2,101,iteration_end,44,1,3143,3143,True,564eb43b610b69a4,564eb43b610b69a4,True
PB,pb2,101,iteration_end,44,2,3117,3117,True,f1e94d6204ee1903,f1e94d6204ee1903,True
PB,pb2,101,iteration_end,44,3,3117,3117,True,f1e94d6204ee1903,f1e94d6204ee1903,True
PB,pb2,101,iteration_end,44,4,3057,3057,True,a9e7c7e1e5f6677a,a9e7c7e1e5f6677a,True
PB,pb2,101,iteration_end,44,5,2989,2989,True,b20db43510866ae2,b20db43510866ae2,True
PB,pb2,101,iteration_end,44,6,2989,2989,True,b20db43510866ae2,b20db43510866ae2,True
PB,pb2,101,iteration_end,44,7,2978,2978,True,0e2f93d72d8c114d,0e2f93d72d8c114d,True
PB,pb2,101,iteration_end,44,8,2951,2951,True,7293b2777c887379,7293b2777c887379,True
PB,pb2,101,iteration_end,44,9,2868,2868,True,0f2931b1cb7aee40,0f2931b1cb7aee40,True
PB,pb2,101,iteration_end,44,10,2849,2849,True,3edb66e8fc473435,3edb66e8fc473435,True
PB,pb2,101,iteration_end,44,11,2846,2846,True,5fb710c766310ec3,5fb710c766310ec3,True
PB,pb2,101,iteration_end,44,12,2823,2823,True,135fa467b13c685b,135fa467b13c685b,True
PB,pb2,101,iteration_end,44,13,2788,2788,True,140265258d5a41bb,140265258d5a41bb,True
PB,pb2,101,iteration_end,44,14,2776,2776,True,94ef4dd2976f77f4,94ef4dd2976f77f4,True
PB,pb2,101,iteration_end,44,15,2772,2772,True,161bd97d893ddd45,161bd97d893ddd45,True
PB,pb2,101,iteration_end,44,16,2655,2655,True,9c17daae5a742d95,9c17daae5a742d95,True
PB,pb2,101,iteration_end,44,17,2565,2565,True,e1e0ef16c7ea83a8,e1e0ef16c7ea83a8,True
PB,pb2,101,iteration_end,44,18,2477,2477,True,d9da621c75030022,d9da621c75030022,True
PB,pb2,101,iteration_end,44,19,2477,2477,True,9ac330d26976a77c,9ac330d26976a77c,True
PB,pb2,101,iteration_end,45,0,3119,3119,True,7688fcbf6a0d5817,7688fcbf6a0d5817,True
PB,pb2,101,iteration_end,45,1,3087,3087,True,afe75cebc3c34171,afe75cebc3c34171,True
PB,pb2,101,iteration_end,45,2,3057,3057,True,a9e7c7e1e5f6677a,a9e7c7e1e5f6677a,True
PB,pb2,101,iteration_end,45,3,3038,3038,True,91fefa0dbce566d9,91fefa0dbce566d9,True
PB,pb2,101,iteration_end,45,4,3028,3028,True,cb062e48395c6e34,cb062e48395c6e34,True
PB,pb2,101,iteration_end,45,5,2989,2989,True,b20db43510866ae2,b20db43510866ae2,True
PB,pb2,101,iteration_end,45,6,2940,2940,True,619051fe0847fb68,619051fe0847fb68,True
PB,pb2,101,iteration_end,45,7,2907,2907,True,8a4e0e82d6065b5c,8a4e0e82d6065b5c,True
PB,pb2,101,iteration_end,45,8,2904,2904,True,c3c2a8e32dd1f580,c3c2a8e32dd1f580,True
PB,pb2,101,iteration_end,45,9,2903,2903,True,33544206e0ce584a,33544206e0ce584a,True
PB,pb2,101,iteration_end,45,10,2862,2862,True,58d9b27d3f06b37b,58d9b27d3f06b37b,True
PB,pb2,101,iteration_end,45,11,2827,2827,True,de305cd29003118a,de305cd29003118a,True
PB,pb2,101,iteration_end,45,12,2770,2770,True,1e760ffd19598b2e,1e760ffd19598b2e,True
PB,pb2,101,iteration_end,45,13,2684,2684,True,c1083da5cf6ecd56,c1083da5cf6ecd56,True
PB,pb2,101,iteration_end,45,14,2681,2681,True,9534e4dc1c86ba22,9534e4dc1c86ba22,True
PB,pb2,101,iteration_end,45,15,2623,2623,True,6fcf929e95e7807b,6fcf929e95e7807b,True
PB,pb2,101,iteration_end,45,16,2484,2484,True,4fdbd81003aa81ed,4fdbd81003aa81ed,True
PB,pb2,101,iteration_end,45,17,2346,2346,True,136297f20b0abcb7,136297f20b0abcb7,True
PB,pb2,101,iteration_end,45,18,2265,2265,True,e9e8384d055d806a,e9e8384d055d806a,True
PB,pb2,101,iteration_end,45,19,2192,2192,True,b12b90a0373fa51b,b12b90a0373fa51b,True
PB,pb2,101,iteration_end,46,0,3143,3143,True,564eb43b610b69a4,564eb43b610b69a4,True
PB,pb2,101,iteration_end,46,1,3143,3143,True,564eb43b610b69a4,564eb43b610b69a4,True
PB,pb2,101,iteration_end,46,2,3022,3022,True,5f7bf3d2c1dc28d2,5f7bf3d2c1dc28d2,True
PB,pb2,101,iteration_end,46,3,3012,3012,True,3734f3c809e29270,3734f3c809e29270,True
PB,pb2,101,iteration_end,46,4,2999,2999,True,af4b61c85f332bb9,af4b61c85f332bb9,True
PB,pb2,101,iteration_end,46,5,2984,2984,True,485b14da0c51f9b6,485b14da0c51f9b6,True
PB,pb2,101,iteration_end,46,6,2965,2965,True,0863fe814b80278d,0863fe814b80278d,True
PB,pb2,101,iteration_end,46,7,2959,2959,True,36d55c4621637508,36d55c4621637508,True
PB,pb2,101,iteration_end,46,8,2921,2921,True,9c042e065af55943,9c042e065af55943,True
PB,pb2,101,iteration_end,46,9,2903,2903,True,33544206e0ce584a,33544206e0ce584a,True
PB,pb2,101,iteration_end,46,10,2862,2862,True,58d9b27d3f06b37b,58d9b27d3f06b37b,True
PB,pb2,101,iteration_end,46,11,2838,2838,True,72237b30bbd6294d,72237b30bbd6294d,True
PB,pb2,101,iteration_end,46,12,2806,2806,True,8c8783c391371752,8c8783c391371752,True
PB,pb2,101,iteration_end,46,13,2788,2788,True,140265258d5a41bb,140265258d5a41bb,True
PB,pb2,101,iteration_end,46,14,2770,2770,True,1e760ffd19598b2e,1e760ffd19598b2e,True
PB,pb2,101,iteration_end,46,15,2641,2641,True,b81b6d9ba4858654,b81b6d9ba4858654,True
PB,pb2,101,iteration_end,46,16,2623,2623,True,6fcf929e95e7807b,6fcf929e95e7807b,True
PB,pb2,101,iteration_end,46,17,2612,2612,True,18d1585c6d954747,18d1585c6d954747,True
PB,pb2,101,iteration_end,46,18,2553,2553,True,76ca5e6c8168fa66,76ca5e6c8168fa66,True
PB,pb2,101,iteration_end,46,19,2511,2511,True,9e25b8f1162553ea,9e25b8f1162553ea,True
PB,pb2,101,iteration_end,47,0,3143,3143,True,564eb43b610b69a4,564eb43b610b69a4,True
PB,pb2,101,iteration_end,47,1,3004,3004,True,7cfb687479b6c175,7cfb687479b6c175,True
PB,pb2,101,iteration_end,47,2,2999,2999,True,3145a858d37f0ba5,3145a858d37f0ba5,True
PB,pb2,101,iteration_end,47,3,2989,2989,True,b20db43510866ae2,b20db43510866ae2,True
PB,pb2,101,iteration_end,47,4,2984,2984,True,485b14da0c51f9b6,485b14da0c51f9b6,True
PB,pb2,101,iteration_end,47,5,2962,2962,True,5fc2a84106873564,5fc2a84106873564,True
PB,pb2,101,iteration_end,47,6,2903,2903,True,33544206e0ce584a,33544206e0ce584a,True
PB,pb2,101,iteration_end,47,7,2891,2891,True,afa50a6dcd189404,afa50a6dcd189404,True
PB,pb2,101,iteration_end,47,8,2883,2883,True,f6a9a05ce8d87f6a,f6a9a05ce8d87f6a,True
PB,pb2,101,iteration_end,47,9,2874,2874,True,ff42e2e6887701a6,ff42e2e6887701a6,True
PB,pb2,101,iteration_end,47,10,2788,2788,True,140265258d5a41bb,140265258d5a41bb,True
PB,pb2,101,iteration_end,47,11,2742,2742,True,ff07db9a929146f6,ff07db9a929146f6,True
PB,pb2,101,iteration_end,47,12,2720,2720,True,9fd298d6f56b5283,9fd298d6f56b5283,True
PB,pb2,101,iteration_end,47,13,2675,2675,True,529e938ea83a7b50,529e938ea83a7b50,True
PB,pb2,101,iteration_end,47,14,2665,2665,True,de29057bc6ba5881,de29057bc6ba5881,True
PB,pb2,101,iteration_end,47,15,2646,2646,True,68cee8a78df6239c,68cee8a78df6239c,True
PB,pb2,101,iteration_end,47,16,2565,2565,True,e1e0ef16c7ea83a8,e1e0ef16c7ea83a8,True
PB,pb2,101,iteration_end,47,17,2564,2564,True,d256c7764e5ea081,d256c7764e5ea081,True
PB,pb2,101,iteration_end,47,18,2533,2533,True,e835d18fe9ff5b84,e835d18fe9ff5b84,True
PB,pb2,101,iteration_end,47,19,2390,2390,True,6f35756b033dc90f,6f35756b033dc90f,True
PB,pb2,101,iteration_end,48,0,3143,3143,True,564eb43b610b69a4,564eb43b610b69a4,True
PB,pb2,101,iteration_end,48,1,3061,3061,True,c3150d5d88d84588,c3150d5d88d84588,True
PB,pb2,101,iteration_end,48,2,2990,2990,True,1156b6f66b7e1f71,1156b6f66b7e1f71,True
PB,pb2,101,iteration_end,48,3,2974,2974,True,e7471ae26c049005,e7471ae26c049005,True
PB,pb2,101,iteration_end,48,4,2971,2971,True,5072efa96bc9d642,5072efa96bc9d642,True
PB,pb2,101,iteration_end,48,5,2970,2970,True,8b227952ea282a8c,8b227952ea282a8c,True
PB,pb2,101,iteration_end,48,6,2967,2967,True,7a8e13000e1d6db7,7a8e13000e1d6db7,True
PB,pb2,101,iteration_end,48,7,2954,2954,True,43c28e4a2f0a622c,43c28e4a2f0a622c,True
PB,pb2,101,iteration_end,48,8,2931,2931,True,7b283a8399c15fc1,7b283a8399c15fc1,True
PB,pb2,101,iteration_end,48,9,2930,2930,True,53ae920f4e97d36c,53ae920f4e97d36c,True
PB,pb2,101,iteration_end,48,10,2910,2910,True,1a74db00cca938d2,1a74db00cca938d2,True
PB,pb2,101,iteration_end,48,11,2880,2880,True,0e6e53c107feac2b,0e6e53c107feac2b,True
PB,pb2,101,iteration_end,48,12,2851,2851,True,6e416579e408ab76,6e416579e408ab76,True
PB,pb2,101,iteration_end,48,13,2788,2788,True,140265258d5a41bb,140265258d5a41bb,True
PB,pb2,101,iteration_end,48,14,2788,2788,True,140265258d5a41bb,140265258d5a41bb,True
PB,pb2,101,iteration_end,48,15,2788,2788,True,140265258d5a41bb,140265258d5a41bb,True
PB,pb2,101,iteration_end,48,16,2645,2645,True,15b64131554f6537,15b64131554f6537,True
PB,pb2,101,iteration_end,48,17,2634,2634,True,7dce2167df5aca59,7dce2167df5aca59,True
PB,pb2,101,iteration_end,48,18,2612,2612,True,cba70801b20ad7d4,cba70801b20ad7d4,True
PB,pb2,101,iteration_end,48,19,2385,2385,True,4655267a8085045f,4655267a8085045f,True
PB,pb2,101,iteration_end,49,0,3087,3087,True,8c6cbe2901755082,8c6cbe2901755082,True
PB,pb2,101,iteration_end,49,1,3057,3057,True,a9e7c7e1e5f6677a,a9e7c7e1e5f6677a,True
PB,pb2,101,iteration_end,49,2,3008,3008,True,5926734030b970ed,5926734030b970ed,True
PB,pb2,101,iteration_end,49,3,2972,2972,True,a7eee80b328b4c5b,a7eee80b328b4c5b,True
PB,pb2,101,iteration_end,49,4,2928,2928,True,519d8bb9e422f645,519d8bb9e422f645,True
PB,pb2,101,iteration_end,49,5,2885,2885,True,c0ced18d00228505,c0ced18d00228505,True
PB,pb2,101,iteration_end,49,6,2874,2874,True,ff42e2e6887701a6,ff42e2e6887701a6,True
PB,pb2,101,iteration_end,49,7,2837,2837,True,6f4405e1e2bf4e97,6f4405e1e2bf4e97,True
PB,pb2,101,iteration_end,49,8,2829,2829,True,f1a11447798b210d,f1a11447798b210d,True
PB,pb2,101,iteration_end,49,9,2788,2788,True,140265258d5a41bb,140265258d5a41bb,True
PB,pb2,101,iteration_end,49,10,2788,2788,True,140265258d5a41bb,140265258d5a41bb,True
PB,pb2,101,iteration_end,49,11,2788,2788,True,140265258d5a41bb,140265258d5a41bb,True
PB,pb2,101,iteration_end,49,12,2788,2788,True,140265258d5a41bb,140265258d5a41bb,True
PB,pb2,101,iteration_end,49,13,2769,2769,True,9a681a74f79619a1,9a681a74f79619a1,True
PB,pb2,101,iteration_end,49,14,2766,2766,True,410ecddbd151ee8a,410ecddbd151ee8a,True
PB,pb2,101,iteration_end,49,15,2709,2709,True,8f29bf3c334d1f52,8f29bf3c334d1f52,True
PB,pb2,101,iteration_end,49,16,2565,2565,True,e1e0ef16c7ea83a8,e1e0ef16c7ea83a8,True
PB,pb2,101,iteration_end,49,17,2524,2524,True,4ebbffaf8732fb05,4ebbffaf8732fb05,True
PB,pb2,101,iteration_end,49,18,2476,2476,True,07322cbce3bd9380,07322cbce3bd9380,True
PB,pb2,101,iteration_end,49,19,2318,2318,True,6db1a40fe863ef0b,6db1a40fe863ef0b,True
PB,pb2,101,iteration_end,50,0,3143,3143,True,564eb43b610b69a4,564eb43b610b69a4,True
PB,pb2,101,iteration_end,50,1,3073,3073,True,d9c6a7d89c827f77,d9c6a7d89c827f77,True
PB,pb2,101,iteration_end,50,2,3070,3070,True,c3e62d7d90dc4aab,c3e62d7d90dc4aab,True
PB,pb2,101,iteration_end,50,3,3012,3012,True,8f02ed911aeb3538,8f02ed911aeb3538,True
PB,pb2,101,iteration_end,50,4,3009,3009,True,ce05843cebbaf352,ce05843cebbaf352,True
PB,pb2,101,iteration_end,50,5,2999,2999,True,3145a858d37f0ba5,3145a858d37f0ba5,True
PB,pb2,101,iteration_end,50,6,2984,2984,True,485b14da0c51f9b6,485b14da0c51f9b6,True
PB,pb2,101,iteration_end,50,7,2979,2979,True,1d021e55720cc465,1d021e55720cc465,True
PB,pb2,101,iteration_end,50,8,2921,2921,True,9c042e065af55943,9c042e065af55943,True
PB,pb2,101,iteration_end,50,9,2915,2915,True,22c92108c8df1460,22c92108c8df1460,True
PB,pb2,101,iteration_end,50,10,2914,2914,True,042c4566ff0dfd7b,042c4566ff0dfd7b,True
PB,pb2,101,iteration_end,50,11,2903,2903,True,ff0bbb14a30c8a25,ff0bbb14a30c8a25,True
PB,pb2,101,iteration_end,50,12,2780,2780,True,de6a808a32d6c0a5,de6a808a32d6c0a5,True
PB,pb2,101,iteration_end,50,13,2772,2772,True,161bd97d893ddd45,161bd97d893ddd45,True
PB,pb2,101,iteration_end,50,14,2742,2742,True,ff07db9a929146f6,ff07db9a929146f6,True
PB,pb2,101,iteration_end,50,15,2669,2669,True,0629606f82d3ad47,0629606f82d3ad47,True
PB,pb2,101,iteration_end,50,16,2635,2635,True,ec2dccafdd1afbd1,ec2dccafdd1afbd1,True
PB,pb2,101,iteration_end,50,17,2594,2594,True,b6be96b44c0e2b9b,b6be96b44c0e2b9b,True
PB,pb2,101,iteration_end,50,18,2544,2544,True,f03c7659440253b4,f03c7659440253b4,True
PB,pb2,101,iteration_end,50,19,2375,2375,True,adcd3a0afb198207,adcd3a0afb198207,True
PB,pb2,101,iteration_end,51,0,3143,3143,True,564eb43b610b69a4,564eb43b610b69a4,True
PB,pb2,101,iteration_end,51,1,3143,3143,True,564eb43b610b69a4,564eb43b610b69a4,True
PB,pb2,101,iteration_end,51,2,3080,3080,True,9018a45d3c576046,9018a45d3c576046,True
PB,pb2,101,iteration_end,51,3,3070,3070,True,c3e62d7d90dc4aab,c3e62d7d90dc4aab,True
PB,pb2,101,iteration_end,51,4,3036,3036,True,220e9b5f9fc88bca,220e9b5f9fc88bca,True
PB,pb2,101,iteration_end,51,5,3036,3036,True,220e9b5f9fc88bca,220e9b5f9fc88bca,True
PB,pb2,101,iteration_end,51,6,3010,3010,True,fee08016a00973d4,fee08016a00973d4,True
PB,pb2,101,iteration_end,51,7,2960,2960,True,b7642ade9b1dcfbd,b7642ade9b1dcfbd,True
PB,pb2,101,iteration_end,51,8,2903,2903,True,33544206e0ce584a,33544206e0ce584a,True
PB,pb2,101,iteration_end,51,9,2903,2903,True,33544206e0ce584a,33544206e0ce584a,True
PB,pb2,101,iteration_end,51,10,2879,2879,True,905640e1f72fcf9c,905640e1f72fcf9c,True
PB,pb2,101,iteration_end,51,11,2846,2846,True,a58768988efd28d2,a58768988efd28d2,True
PB,pb2,101,iteration_end,51,12,2788,2788,True,140265258d5a41bb,140265258d5a41bb,True
PB,pb2,101,iteration_end,51,13,2745,2745,True,15c42a3318556d76,15c42a3318556d76,True
PB,pb2,101,iteration_end,51,14,2704,2704,True,2a815c5c2d126102,2a815c5c2d126102,True
PB,pb2,101,iteration_end,51,15,2694,2694,True,d6647f3189f52ebc,d6647f3189f52ebc,True
PB,pb2,101,iteration_end,51,16,2686,2686,True,ab4ba20ce980e524,ab4ba20ce980e524,True
PB,pb2,101,iteration_end,51,17,2684,2684,True,c1083da5cf6ecd56,c1083da5cf6ecd56,True
PB,pb2,101,iteration_end,51,18,2613,2613,True,10e289408146d03a,10e289408146d03a,True
PB,pb2,101,iteration_end,51,19,2602,2602,True,60e0d072a384ad84,60e0d072a384ad84,True
PB,pb2,101,iteration_end,52,0,3036,3036,True,220e9b5f9fc88bca,220e9b5f9fc88bca,True
PB,pb2,101,iteration_end,52,1,3031,3031,True,d816c6257cd9848b,d816c6257cd9848b,True
PB,pb2,101,iteration_end,52,2,3017,3017,True,e81964237d4a3878,e81964237d4a3878,True
PB,pb2,101,iteration_end,52,3,2999,2999,True,3145a858d37f0ba5,3145a858d37f0ba5,True
PB,pb2,101,iteration_end,52,4,2984,2984,True,485b14da0c51f9b6,485b14da0c51f9b6,True
PB,pb2,101,iteration_end,52,5,2965,2965,True,59aa60290e438a25,59aa60290e438a25,True
PB,pb2,101,iteration_end,52,6,2962,2962,True,400edad9fc026826,400edad9fc026826,True
PB,pb2,101,iteration_end,52,7,2874,2874,True,ff42e2e6887701a6,ff42e2e6887701a6,True
PB,pb2,101,iteration_end,52,8,2833,2833,True,47e360bf14123c51,47e360bf14123c51,True
PB,pb2,101,iteration_end,52,9,2788,2788,True,140265258d5a41bb,140265258d5a41bb,True
PB,pb2,101,iteration_end,52,10,2787,2787,True,55e9b4d9f137c70d,55e9b4d9f137c70d,True
PB,pb2,101,iteration_end,52,11,2785,2785,True,7fb20d5b762d24a5,7fb20d5b762d24a5,True
PB,pb2,101,iteration_end,52,12,2781,2781,True,440494c80e4d9732,440494c80e4d9732,True
PB,pb2,101,iteration_end,52,13,2772,2772,True,161bd97d893ddd45,161bd97d893ddd45,True
PB,pb2,101,iteration_end,52,14,2758,2758,True,2049bc81a8f9b3ef,2049bc81a8f9b3ef,True
PB,pb2,101,iteration_end,52,15,2738,2738,True,80699297cc86f906,80699297cc86f906,True
PB,pb2,101,iteration_end,52,16,2686,2686,True,ab4ba20ce980e524,ab4ba20ce980e524,True
PB,pb2,101,iteration_end,52,17,2605,2605,True,2b712f96f371655e,2b712f96f371655e,True
PB,pb2,101,iteration_end,52,18,2571,2571,True,9adcc856a2d1e5df,9adcc856a2d1e5df,True
PB,pb2,101,iteration_end,52,19,2565,2565,True,e1e0ef16c7ea83a8,e1e0ef16c7ea83a8,True
PB,pb2,101,iteration_end,53,0,3143,3143,True,564eb43b610b69a4,564eb43b610b69a4,True
PB,pb2,101,iteration_end,53,1,3119,3119,True,7688fcbf6a0d5817,7688fcbf6a0d5817,True
PB,pb2,101,iteration_end,53,2,3119,3119,True,7688fcbf6a0d5817,7688fcbf6a0d5817,True
PB,pb2,101,iteration_end,53,3,3082,3082,True,275f8ffefbd894d5,275f8ffefbd894d5,True
PB,pb2,101,iteration_end,53,4,3057,3057,True,3c0e1a71fbd9db03,3c0e1a71fbd9db03,True
PB,pb2,101,iteration_end,53,5,3038,3038,True,91fefa0dbce566d9,91fefa0dbce566d9,True
PB,pb2,101,iteration_end,53,6,3038,3038,True,91fefa0dbce566d9,91fefa0dbce566d9,True
PB,pb2,101,iteration_end,53,7,3011,3011,True,8ffbb9a0046ba485,8ffbb9a0046ba485,True
PB,pb2,101,iteration_end,53,8,2999,2999,True,8805f00d1800fefd,8805f00d1800fefd,True
PB,pb2,101,iteration_end,53,9,2932,2932,True,3d93ae37f8dd0f4a,3d93ae37f8dd0f4a,True
PB,pb2,101,iteration_end,53,10,2903,2903,True,33544206e0ce584a,33544206e0ce584a,True
PB,pb2,101,iteration_end,53,11,2874,2874,True,ff42e2e6887701a6,ff42e2e6887701a6,True
PB,pb2,101,iteration_end,53,12,2806,2806,True,bf923eecb39693eb,bf923eecb39693eb,True
PB,pb2,101,iteration_end,53,13,2788,2788,True,140265258d5a41bb,140265258d5a41bb,True
PB,pb2,101,iteration_end,53,14,2788,2788,True,140265258d5a41bb,140265258d5a41bb,True
PB,pb2,101,iteration_end,53,15,2788,2788,True,140265258d5a41bb,140265258d5a41bb,True
PB,pb2,101,iteration_end,53,16,2770,2770,True,1e760ffd19598b2e,1e760ffd19598b2e,True
PB,pb2,101,iteration_end,53,17,2717,2717,True,bbbe9998fa473d29,bbbe9998fa473d29,True
PB,pb2,101,iteration_end,53,18,2689,2689,True,2ab71db11549ec3a,2ab71db11549ec3a,True
PB,pb2,101,iteration_end,53,19,2572,2572,True,e543f377213e42ed,e543f377213e42ed,True
PB,pb2,101,iteration_end,54,0,3143,3143,True,564eb43b610b69a4,564eb43b610b69a4,True
PB,pb2,101,iteration_end,54,1,3143,3143,True,564eb43b610b69a4,564eb43b610b69a4,True
PB,pb2,101,iteration_end,54,2,3070,3070,True,c3e62d7d90dc4aab,c3e62d7d90dc4aab,True
PB,pb2,101,iteration_end,54,3,3070,3070,True,c3e62d7d90dc4aab,c3e62d7d90dc4aab,True
PB,pb2,101,iteration_end,54,4,3048,3048,True,6bc4aa7b9e389b50,6bc4aa7b9e389b50,True
PB,pb2,101,iteration_end,54,5,2989,2989,True,b20db43510866ae2,b20db43510866ae2,True
PB,pb2,101,iteration_end,54,6,2989,2989,True,b20db43510866ae2,b20db43510866ae2,True
PB,pb2,101,iteration_end,54,7,2984,2984,True,485b14da0c51f9b6,485b14da0c51f9b6,True
PB,pb2,101,iteration_end,54,8,2925,2925,True,e20d519949828e81,e20d519949828e81,True
PB,pb2,101,iteration_end,54,9,2912,2912,True,d291c3d7c533c901,d291c3d7c533c901,True
PB,pb2,101,iteration_end,54,10,2879,2879,True,a0871b5af3e2bf25,a0871b5af3e2bf25,True
PB,pb2,101,iteration_end,54,11,2843,2843,True,81a86fd0e0996052,81a86fd0e0996052,True
PB,pb2,101,iteration_end,54,12,2814,2814,True,10612547d9f3a900,10612547d9f3a900,True
PB,pb2,101,iteration_end,54,13,2814,2814,True,10612547d9f3a900,10612547d9f3a900,True
PB,pb2,101,iteration_end,54,14,2788,2788,True,140265258d5a41bb,140265258d5a41bb,True
PB,pb2,101,iteration_end,54,15,2788,2788,True,140265258d5a41bb,140265258d5a41bb,True
PB,pb2,101,iteration_end,54,16,2788,2788,True,140265258d5a41bb,140265258d5a41bb,True
PB,pb2,101,iteration_end,54,17,2788,2788,True,140265258d5a41bb,140265258d5a41bb,True
PB,pb2,101,iteration_end,54,18,2686,2686,True,ab4ba20ce980e524,ab4ba20ce980e524,True
PB,pb2,101,iteration_end,54,19,2566,2566,True,f1b62b5b42036f1d,f1b62b5b42036f1d,True
PB,pb2,101,iteration_end,55,0,3143,3143,True,564eb43b610b69a4,564eb43b610b69a4,True
PB,pb2,101,iteration_end,55,1,3117,3117,True,f1e94d6204ee1903,f1e94d6204ee1903,True
PB,pb2,101,iteration_end,55,2,3094,3094,True,bc289797e31bc73b,bc289797e31bc73b,True
PB,pb2,101,iteration_end,55,3,3057,3057,True,a9e7c7e1e5f6677a,a9e7c7e1e5f6677a,True
PB,pb2,101,iteration_end,55,4,3051,3051,True,035665ce49ab1ceb,035665ce49ab1ceb,True
PB,pb2,101,iteration_end,55,5,3003,3003,True,f40f3200bef0dd92,f40f3200bef0dd92,True
PB,pb2,101,iteration_end,55,6,3003,3003,True,3ff3cb52a31a1e86,3ff3cb52a31a1e86,True
PB,pb2,101,iteration_end,55,7,3002,3002,True,349fc32e2ba578c0,349fc32e2ba578c0,True
PB,pb2,101,iteration_end,55,8,2989,2989,True,b20db43510866ae2,b20db43510866ae2,True
PB,pb2,101,iteration_end,55,9,2989,2989,True,b20db43510866ae2,b20db43510866ae2,True
PB,pb2,101,iteration_end,55,10,2984,2984,True,485b14da0c51f9b6,485b14da0c51f9b6,True
PB,pb2,101,iteration_end,55,11,2965,2965,True,d4914546f6bfeffb,d4914546f6bfeffb,True
PB,pb2,101,iteration_end,55,12,2936,2936,True,702aa3dfc3c959cb,702aa3dfc3c959cb,True
PB,pb2,101,iteration_end,55,13,2886,2886,True,08c9437d2398b939,08c9437d2398b939,True
PB,pb2,101,iteration_end,55,14,2870,2870,True,3ee19ff1e87e53fb,3ee19ff1e87e53fb,True
PB,pb2,101,iteration_end,55,15,2788,2788,True,140265258d5a41bb,140265258d5a41bb,True
PB,pb2,101,iteration_end,55,16,2788,2788,True,140265258d5a41bb,140265258d5a41bb,True
PB,pb2,101,iteration_end,55,17,2770,2770,True,fef339d34e7b7e2f,fef339d34e7b7e2f,True
PB,pb2,101,iteration_end,55,18,2769,2769,True,9f175624bb9722e7,9f175624bb9722e7,True
PB,pb2,101,iteration_end,55,19,2764,2764,True,864a537399a7d6d0,864a537399a7d6d0,True
PB,pb2,101,iteration_end,56,0,3117,3117,True,f1e94d6204ee1903,f1e94d6204ee1903,True
PB,pb2,101,iteration_end,56,1,3077,3077,True,64bfff28c96328e5,64bfff28c96328e5,True
PB,pb2,101,iteration_end,56,2,3070,3070,True,c3e62d7d90dc4aab,c3e62d7d90dc4aab,True
PB,pb2,101,iteration_end,56,3,3060,3060,True,e27301df6ade5b19,e27301df6ade5b19,True
PB,pb2,101,iteration_end,56,4,3057,3057,True,a9e7c7e1e5f6677a,a9e7c7e1e5f6677a,True
PB,pb2,101,iteration_end,56,5,3048,3048,True,a7ebfbbcc126c8a6,a7ebfbbcc126c8a6,True
PB,pb2,101,iteration_end,56,6,3038,3038,True,91fefa0dbce566d9,91fefa0dbce566d9,True
PB,pb2,101,iteration_end,56,7,3038,3038,True,91fefa0dbce566d9,91fefa0dbce566d9,True
PB,pb2,101,iteration_end,56,8,2894,2894,True,c7a4841e01f84baf,c7a4841e01f84baf,True
PB,pb2,101,iteration_end,56,9,2874,2874,True,ff42e2e6887701a6,ff42e2e6887701a6,True
PB,pb2,101,iteration_end,56,10,2864,2864,True,859c94a4f230524d,859c94a4f230524d,True
PB,pb2,101,iteration_end,56,11,2788,2788,True,140265258d5a41bb,140265258d5a41bb,True
PB,pb2,101,iteration_end,56,12,2788,2788,True,140265258d5a41bb,140265258d5a41bb,True
PB,pb2,101,iteration_end,56,13,2788,2788,True,140265258d5a41bb,140265258d5a41bb,True
PB,pb2,101,iteration_end,56,14,2778,2778,True,0444636aad8b2ebe,0444636aad8b2ebe,True
PB,pb2,101,iteration_end,56,15,2734,2734,True,250e74a5a9c5ee31,250e74a5a9c5ee31,True
PB,pb2,101,iteration_end,56,16,2572,2572,True,e543f377213e42ed,e543f377213e42ed,True
PB,pb2,101,iteration_end,56,17,2572,2572,True,e543f377213e42ed,e543f377213e42ed,True
PB,pb2,101,iteration_end,56,18,2533,2533,True,ac2dfd0dc4556c33,ac2dfd0dc4556c33,True
PB,pb2,101,iteration_end,56,19,2467,2467,True,9fae632db42c8c66,9fae632db42c8c66,True
PB,pb2,101,iteration_end,57,0,3143,3143,True,564eb43b610b69a4,564eb43b610b69a4,True
PB,pb2,101,iteration_end,57,1,3057,3057,True,a9e7c7e1e5f6677a,a9e7c7e1e5f6677a,True
PB,pb2,101,iteration_end,57,2,3038,3038,True,91fefa0dbce566d9,91fefa0dbce566d9,True
PB,pb2,101,iteration_end,57,3,2989,2989,True,b20db43510866ae2,b20db43510866ae2,True
PB,pb2,101,iteration_end,57,4,2984,2984,True,485b14da0c51f9b6,485b14da0c51f9b6,True
PB,pb2,101,iteration_end,57,5,2950,2950,True,66fea92c2b02ba9b,66fea92c2b02ba9b,True
PB,pb2,101,iteration_end,57,6,2946,2946,True,457fd1f8e0f8ade7,457fd1f8e0f8ade7,True
PB,pb2,101,iteration_end,57,7,2908,2908,True,498884a2a6673859,498884a2a6673859,True
PB,pb2,101,iteration_end,57,8,2903,2903,True,33544206e0ce584a,33544206e0ce584a,True
PB,pb2,101,iteration_end,57,9,2900,2900,True,69fb79b95c789692,69fb79b95c789692,True
PB,pb2,101,iteration_end,57,10,2862,2862,True,58d9b27d3f06b37b,58d9b27d3f06b37b,True
PB,pb2,101,iteration_end,57,11,2834,2834,True,ee01c7a08d18d54e,ee01c7a08d18d54e,True
PB,pb2,101,iteration_end,57,12,2788,2788,True,140265258d5a41bb,140265258d5a41bb,True
PB,pb2,101,iteration_end,57,13,2788,2788,True,140265258d5a41bb,140265258d5a41bb,True
PB,pb2,101,iteration_end,57,14,2788,2788,True,140265258d5a41bb,140265258d5a41bb,True
PB,pb2,101,iteration_end,57,15,2712,2712,True,f15572f2c8f9728f,f15572f2c8f9728f,True
PB,pb2,101,iteration_end,57,16,2679,2679,True,9cc7abdc721235bc,9cc7abdc721235bc,True
PB,pb2,101,iteration_end,57,17,2671,2671,True,e08019bdcf841334,e08019bdcf841334,True
PB,pb2,101,iteration_end,57,18,2619,2619,True,ba97137bda34a921,ba97137bda34a921,True
PB,pb2,101,iteration_end,57,19,2106,2106,True,620d14c92bc31ebc,620d14c92bc31ebc,True
PB,pb2,101,iteration_end,58,0,3143,3143,True,564eb43b610b69a4,564eb43b610b69a4,True
PB,pb2,101,iteration_end,58,1,3070,3070,True,c3e62d7d90dc4aab,c3e62d7d90dc4aab,True
PB,pb2,101,iteration_end,58,2,3070,3070,True,c3e62d7d90dc4aab,c3e62d7d90dc4aab,True
PB,pb2,101,iteration_end,58,3,3036,3036,True,220e9b5f9fc88bca,220e9b5f9fc88bca,True
PB,pb2,101,iteration_end,58,4,2984,2984,True,485b14da0c51f9b6,485b14da0c51f9b6,True
PB,pb2,101,iteration_end,58,5,2970,2970,True,8b227952ea282a8c,8b227952ea282a8c,True
PB,pb2,101,iteration_end,58,6,2965,2965,True,dd46b4abd8fc61f9,dd46b4abd8fc61f9,True
PB,pb2,101,iteration_end,58,7,2893,2893,True,e3644a0c527789f8,e3644a0c527789f8,True
PB,pb2,101,iteration_end,58,8,2892,2892,True,20c143db6c1f9cea,20c143db6c1f9cea,True
PB,pb2,101,iteration_end,58,9,2886,2886,True,345f080ac090008a,345f080ac090008a,True
PB,pb2,101,iteration_end,58,10,2857,2857,True,bbe89cfa9615d099,bbe89cfa9615d099,True
PB,pb2,101,iteration_end,58,11,2838,2838,True,07b8ae7b6d8367dd,07b8ae7b6d8367dd,True
PB,pb2,101,iteration_end,58,12,2836,2836,True,a7e4957f1265a471,a7e4957f1265a471,True
PB,pb2,101,iteration_end,58,13,2788,2788,True,140265258d5a41bb,140265258d5a41bb,True
PB,pb2,101,iteration_end,58,14,2788,2788,True,140265258d5a41bb,140265258d5a41bb,True
PB,pb2,101,iteration_end,58,15,2788,2788,True,140265258d5a41bb,140265258d5a41bb,True
PB,pb2,101,iteration_end,58,16,2720,2720,True,adff3a935ffc3cbc,adff3a935ffc3cbc,True
PB,pb2,101,iteration_end,58,17,2439,2439,True,fb73e570573e5b87,fb73e570573e5b87,True
PB,pb2,101,iteration_end,58,18,2426,2426,True,b4030cd0b436dbed,b4030cd0b436dbed,True
PB,pb2,101,iteration_end,58,19,2347,2347,True,bdc731d14af76bd5,bdc731d14af76bd5,True
PB,pb2,101,iteration_end,59,0,3143,3143,True,564eb43b610b69a4,564eb43b610b69a4,True
PB,pb2,101,iteration_end,59,1,3117,3117,True,f1e94d6204ee1903,f1e94d6204ee1903,True
PB,pb2,101,iteration_end,59,2,3085,3085,True,52816c6a0c89a2f2,52816c6a0c89a2f2,True
PB,pb2,101,iteration_end,59,3,3070,3070,True,c3e62d7d90dc4aab,c3e62d7d90dc4aab,True
PB,pb2,101,iteration_end,59,4,3036,3036,True,220e9b5f9fc88bca,220e9b5f9fc88bca,True
PB,pb2,101,iteration_end,59,5,3033,3033,True,f8ced544c40e981c,f8ced544c40e981c,True
PB,pb2,101,iteration_end,59,6,3031,3031,True,d816c6257cd9848b,d816c6257cd9848b,True
PB,pb2,101,iteration_end,59,7,2984,2984,True,485b14da0c51f9b6,485b14da0c51f9b6,True
PB,pb2,101,iteration_end,59,8,2983,2983,True,2a2f2ae913363546,2a2f2ae913363546,True
PB,pb2,101,iteration_end,59,9,2968,2968,True,1c3a0c5990ff117b,1c3a0c5990ff117b,True
PB,pb2,101,iteration_end,59,10,2906,2906,True,73596d61f336c26c,73596d61f336c26c,True
PB,pb2,101,iteration_end,59,11,2874,2874,True,ff42e2e6887701a6,ff42e2e6887701a6,True
PB,pb2,101,iteration_end,59,12,2859,2859,True,3db52170e7d05c41,3db52170e7d05c41,True
PB,pb2,101,iteration_end,59,13,2788,2788,True,140265258d5a41bb,140265258d5a41bb,True
PB,pb2,101,iteration_end,59,14,2788,2788,True,140265258d5a41bb,140265258d5a41bb,True
PB,pb2,101,iteration_end,59,15,2788,2788,True,140265258d5a41bb,140265258d5a41bb,True
PB,pb2,101,iteration_end,59,16,2694,2694,True,d6647f3189f52ebc,d6647f3189f52ebc,True
PB,pb2,101,iteration_end,59,17,2565,2565,True,e1e0ef16c7ea83a8,e1e0ef16c7ea83a8,True
PB,pb2,101,iteration_end,59,18,2565,2565,True,e1e0ef16c7ea83a8,e1e0ef16c7ea83a8,True
PB,pb2,101,iteration_end,59,19,2542,2542,True,70db9d3d8e488c48,70db9d3d8e488c48,True
PB,pb2,101,iteration_end,60,0,3143,3143,True,564eb43b610b69a4,564eb43b610b69a4,True
PB,pb2,101,iteration_end,60,1,3143,3143,True,564eb43b610b69a4,564eb43b610b69a4,True
PB,pb2,101,iteration_end,60,2,3143,3143,True,564eb43b610b69a4,564eb43b610b69a4,True
PB,pb2,101,iteration_end,60,3,3143,3143,True,564eb43b610b69a4,564eb43b610b69a4,True
PB,pb2,101,iteration_end,60,4,3078,3078,True,a7a2ec2f3a06ceea,a7a2ec2f3a06ceea,True
PB,pb2,101,iteration_end,60,5,3057,3057,True,a9e7c7e1e5f6677a,a9e7c7e1e5f6677a,True
PB,pb2,101,iteration_end,60,6,3031,3031,True,d816c6257cd9848b,d816c6257cd9848b,True
PB,pb2,101,iteration_end,60,7,2993,2993,True,0188fbe3a524fb0a,0188fbe3a524fb0a,True
PB,pb2,101,iteration_end,60,8,2989,2989,True,b20db43510866ae2,b20db43510866ae2,True
PB,pb2,101,iteration_end,60,9,2989,2989,True,b20db43510866ae2,b20db43510866ae2,True
PB,pb2,101,iteration_end,60,10,2984,2984,True,485b14da0c51f9b6,485b14da0c51f9b6,True
PB,pb2,101,iteration_end,60,11,2935,2935,True,455e6a55056d8cc9,455e6a55056d8cc9,True
PB,pb2,101,iteration_end,60,12,2903,2903,True,33544206e0ce584a,33544206e0ce584a,True
PB,pb2,101,iteration_end,60,13,2839,2839,True,a4095d115f6100ca,a4095d115f6100ca,True
PB,pb2,101,iteration_end,60,14,2833,2833,True,39334c1e1f3b5f39,39334c1e1f3b5f39,True
PB,pb2,101,iteration_end,60,15,2815,2815,True,cc528104389edb90,cc528104389edb90,True
PB,pb2,101,iteration_end,60,16,2780,2780,True,e8f12146dc45e14d,e8f12146dc45e14d,True
PB,pb2,101,iteration_end,60,17,2764,2764,True,f7531c8755aefbd8,f7531c8755aefbd8,True
PB,pb2,101,iteration_end,60,18,2756,2756,True,ae45dde97a5e5ba3,ae45dde97a5e5ba3,True
PB,pb2,101,iteration_end,60,19,2693,2693,True,31634ea1677357e9,31634ea1677357e9,True
PB,pb2,101,iteration_end,61,0,3143,3143,True,564eb43b610b69a4,564eb43b610b69a4,True
PB,pb2,101,iteration_end,61,1,3119,3119,True,7688fcbf6a0d5817,7688fcbf6a0d5817,True
PB,pb2,101,iteration_end,61,2,3070,3070,True,c3e62d7d90dc4aab,c3e62d7d90dc4aab,True
PB,pb2,101,iteration_end,61,3,3070,3070,True,c3e62d7d90dc4aab,c3e62d7d90dc4aab,True
PB,pb2,101,iteration_end,61,4,3029,3029,True,6c87127ae5ca5a8e,6c87127ae5ca5a8e,True
PB,pb2,101,iteration_end,61,5,3001,3001,True,ce17b2f1738b009b,ce17b2f1738b009b,True
PB,pb2,101,iteration_end,61,6,3001,3001,True,1cb9fb75382ce007,1cb9fb75382ce007,True
PB,pb2,101,iteration_end,61,7,2989,2989,True,b20db43510866ae2,b20db43510866ae2,True
PB,pb2,101,iteration_end,61,8,2906,2906,True,e45a76156236f5e4,e45a76156236f5e4,True
PB,pb2,101,iteration_end,61,9,2903,2903,True,33544206e0ce584a,33544206e0ce584a,True
PB,pb2,101,iteration_end,61,10,2874,2874,True,ff42e2e6887701a6,ff42e2e6887701a6,True
PB,pb2,101,iteration_end,61,11,2865,2865,True,97903353602e413f,97903353602e413f,True
PB,pb2,101,iteration_end,61,12,2853,2853,True,1aff6f7c0a53cca0,1aff6f7c0a53cca0,True
PB,pb2,101,iteration_end,61,13,2818,2818,True,a07d934534430f48,a07d934534430f48,True
PB,pb2,101,iteration_end,61,14,2730,2730,True,b7a548813e49a5cd,b7a548813e49a5cd,True
PB,pb2,101,iteration_end,61,15,2652,2652,True,7d1e56039c431c49,7d1e56039c431c49,True
PB,pb2,101,iteration_end,61,16,2641,2641,True,4792da4b12c955a1,4792da4b12c955a1,True
PB,pb2,101,iteration_end,61,17,2633,2633,True,6862ff6a4f00ec04,6862ff6a4f00ec04,True
PB,pb2,101,iteration_end,61,18,2486,2486,True,5d32cf3f38f056c8,5d32cf3f38f056c8,True
PB,pb2,101,iteration_end,61,19,2164,2164,True,2d5271b4de225f57,2d5271b4de225f57,True
PB,pb2,101,iteration_end,62,0,3070,3070,True,c3e62d7d90dc4aab,c3e62d7d90dc4aab,True
PB,pb2,101,iteration_end,62,1,3057,3057,True,a9e7c7e1e5f6677a,a9e7c7e1e5f6677a,True
PB,pb2,101,iteration_end,62,2,3057,3057,True,a9e7c7e1e5f6677a,a9e7c7e1e5f6677a,True
PB,pb2,101,iteration_end,62,3,3019,3019,True,33b6e0e888121bf6,33b6e0e888121bf6,True
PB,pb2,101,iteration_end,62,4,2989,2989,True,b20db43510866ae2,b20db43510866ae2,True
PB,pb2,101,iteration_end,62,5,2943,2943,True,8e160793fe623cf1,8e160793fe623cf1,True
PB,pb2,101,iteration_end,62,6,2922,2922,True,0b6e6d5fd31c1917,0b6e6d5fd31c1917,True
PB,pb2,101,iteration_end,62,7,2825,2825,True,269d47453ed787d2,269d47453ed787d2,True
PB,pb2,101,iteration_end,62,8,2788,2788,True,140265258d5a41bb,140265258d5a41bb,True
PB,pb2,101,iteration_end,62,9,2788,2788,True,140265258d5a41bb,140265258d5a41bb,True
PB,pb2,101,iteration_end,62,10,2788,2788,True,140265258d5a41bb,140265258d5a41bb,True
PB,pb2,101,iteration_end,62,11,2754,2754,True,f719e61523f67670,f719e61523f67670,True
PB,pb2,101,iteration_end,62,12,2740,2740,True,68505c20686fc216,68505c20686fc216,True
PB,pb2,101,iteration_end,62,13,2730,2730,True,18bff60c07f72204,18bff60c07f72204,True
PB,pb2,101,iteration_end,62,14,2692,2692,True,518411233f2e1ea8,518411233f2e1ea8,True
PB,pb2,101,iteration_end,62,15,2623,2623,True,6fcf929e95e7807b,6fcf929e95e7807b,True
PB,pb2,101,iteration_end,62,16,2591,2591,True,0379e74c0fa2d563,0379e74c0fa2d563,True
PB,pb2,101,iteration_end,62,17,2566,2566,True,839a38ed43f6076c,839a38ed43f6076c,True
PB,pb2,101,iteration_end,62,18,2417,2417,True,980ec01c4f508778,980ec01c4f508778,True
PB,pb2,101,iteration_end,62,19,2367,2367,True,422aac6bba31e200,422aac6bba31e200,True
PB,pb2,101,iteration_end,63,0,3042,3042,True,39907658986bce1d,39907658986bce1d,True
PB,pb2,101,iteration_end,63,1,3026,3026,True,fe6f6ef2ad381604,fe6f6ef2ad381604,True
PB,pb2,101,iteration_end,63,2,2989,2989,True,b20db43510866ae2,b20db43510866ae2,True
PB,pb2,101,iteration_end,63,3,2973,2973,True,ce485546b744efa7,ce485546b744efa7,True
PB,pb2,101,iteration_end,63,4,2946,2946,True,df923e05e8950457,df923e05e8950457,True
PB,pb2,101,iteration_end,63,5,2932,2932,True,5d7920044fe6f6eb,5d7920044fe6f6eb,True
PB,pb2,101,iteration_end,63,6,2925,2925,True,40a88010b253b9fb,40a88010b253b9fb,True
PB,pb2,101,iteration_end,63,7,2886,2886,True,08c9437d2398b939,08c9437d2398b939,True
PB,pb2,101,iteration_end,63,8,2854,2854,True,b1ae2b677ad63f3d,b1ae2b677ad63f3d,True
PB,pb2,101,iteration_end,63,9,2825,2825,True,59728048db942d3e,59728048db942d3e,True
PB,pb2,101,iteration_end,63,10,2788,2788,True,140265258d5a41bb,140265258d5a41bb,True
PB,pb2,101,iteration_end,63,11,2788,2788,True,140265258d5a41bb,140265258d5a41bb,True
PB,pb2,101,iteration_end,63,12,2788,2788,True,140265258d5a41bb,140265258d5a41bb,True
PB,pb2,101,iteration_end,63,13,2736,2736,True,77d3c8320ec26608,77d3c8320ec26608,True
PB,pb2,101,iteration_end,63,14,2693,2693,True,181556819b18bb57,181556819b18bb57,True
PB,pb2,101,iteration_end,63,15,2652,2652,True,ddfe5c7a7f2eca18,ddfe5c7a7f2eca18,True
PB,pb2,101,iteration_end,63,16,2603,2603,True,809db8b092ddac04,809db8b092ddac04,True
PB,pb2,101,iteration_end,63,17,2603,2603,True,4bd58293af8898c4,4bd58293af8898c4,True
PB,pb2,101,iteration_end,63,18,2559,2559,True,9a00db83ec1ec0f2,9a00db83ec1ec0f2,True
PB,pb2,101,iteration_end,63,19,2477,2477,True,511d52b630a3868c,511d52b630a3868c,True
PB,pb2,101,iteration_end,64,0,3143,3143,True,564eb43b610b69a4,564eb43b610b69a4,True
PB,pb2,101,iteration_end,64,1,3117,3117,True,f1e94d6204ee1903,f1e94d6204ee1903,True
PB,pb2,101,iteration_end,64,2,3117,3117,True,f1e94d6204ee1903,f1e94d6204ee1903,True
PB,pb2,101,iteration_end,64,3,3085,3085,True,52816c6a0c89a2f2,52816c6a0c89a2f2,True
PB,pb2,101,iteration_end,64,4,3038,3038,True,91fefa0dbce566d9,91fefa0dbce566d9,True
PB,pb2,101,iteration_end,64,5,3036,3036,True,220e9b5f9fc88bca,220e9b5f9fc88bca,True
PB,pb2,101,iteration_end,64,6,2950,2950,True,66fea92c2b02ba9b,66fea92c2b02ba9b,True
PB,pb2,101,iteration_end,64,7,2950,2950,True,66fea92c2b02ba9b,66fea92c2b02ba9b,True
PB,pb2,101,iteration_end,64,8,2935,2935,True,831dd2bf6b96837a,831dd2bf6b96837a,True
PB,pb2,101,iteration_end,64,9,2919,2919,True,e00f64a06cdb7627,e00f64a06cdb7627,True
PB,pb2,101,iteration_end,64,10,2894,2894,True,d4c3f563ba320e2f,d4c3f563ba320e2f,True
PB,pb2,101,iteration_end,64,11,2855,2855,True,bf5d4f75aebe807d,bf5d4f75aebe807d,True
PB,pb2,101,iteration_end,64,12,2797,2797,True,f6e61a92482c5c7a,f6e61a92482c5c7a,True
PB,pb2,101,iteration_end,64,13,2788,2788,True,140265258d5a41bb,140265258d5a41bb,True
PB,pb2,101,iteration_end,64,14,2733,2733,True,eeecb782dc65c085,eeecb782dc65c085,True
PB,pb2,101,iteration_end,64,15,2725,2725,True,487a4c1d1f9a10ea,487a4c1d1f9a10ea,True
PB,pb2,101,iteration_end,64,16,2658,2658,True,63daf34336a45a30,63daf34336a45a30,True
PB,pb2,101,iteration_end,64,17,2615,2615,True,35d2b264dca0934f,35d2b264dca0934f,True
PB,pb2,101,iteration_end,64,18,2577,2577,True,b34e8fffd0ce8e1f,b34e8fffd0ce8e1f,True
PB,pb2,101,iteration_end,64,19,2565,2565,True,e1e0ef16c7ea83a8,e1e0ef16c7ea83a8,True
PB,pb2,101,iteration_end,65,0,3143,3143,True,564eb43b610b69a4,564eb43b610b69a4,True
PB,pb2,101,iteration_end,65,1,3070,3070,True,c3e62d7d90dc4aab,c3e62d7d90dc4aab,True
PB,pb2,101,iteration_end,65,2,3070,3070,True,c3e62d7d90dc4aab,c3e62d7d90dc4aab,True
PB,pb2,101,iteration_end,65,3,3059,3059,True,0287aecbb8175097,0287aecbb8175097,True
PB,pb2,101,iteration_end,65,4,3057,3057,True,a9e7c7e1e5f6677a,a9e7c7e1e5f6677a,True
PB,pb2,101,iteration_end,65,5,3029,3029,True,7689adf78a42239f,7689adf78a42239f,True
PB,pb2,101,iteration_end,65,6,3021,3021,True,546e9cd644efe826,546e9cd644efe826,True
PB,pb2,101,iteration_end,65,7,2989,2989,True,b20db43510866ae2,b20db43510866ae2,True
PB,pb2,101,iteration_end,65,8,2989,2989,True,b20db43510866ae2,b20db43510866ae2,True
PB,pb2,101,iteration_end,65,9,2989,2989,True,b20db43510866ae2,b20db43510866ae2,True
PB,pb2,101,iteration_end,65,10,2971,2971,True,cec044959ff39f8a,cec044959ff39f8a,True
PB,pb2,101,iteration_end,65,11,2912,2912,True,84bed7221f66b008,84bed7221f66b008,True
PB,pb2,101,iteration_end,65,12,2903,2903,True,33544206e0ce584a,33544206e0ce584a,True
PB,pb2,101,iteration_end,65,13,2903,2903,True,33544206e0ce584a,33544206e0ce584a,True
PB,pb2,101,iteration_end,65,14,2874,2874,True,ff42e2e6887701a6,ff42e2e6887701a6,True
PB,pb2,101,iteration_end,65,15,2792,2792,True,c7afa82f879a49f8,c7afa82f879a49f8,True
PB,pb2,101,iteration_end,65,16,2788,2788,True,140265258d5a41bb,140265258d5a41bb,True
PB,pb2,101,iteration_end,65,17,2788,2788,True,140265258d5a41bb,140265258d5a41bb,True
PB,pb2,101,iteration_end,65,18,2765,2765,True,b075a1c11215f7b7,b075a1c11215f7b7,True
PB,pb2,101,iteration_end,65,19,2634,2634,True,7dce2167df5aca59,7dce2167df5aca59,True
PB,pb2,101,iteration_end,66,0,3143,3143,True,564eb43b610b69a4,564eb43b610b69a4,True
PB,pb2,101,iteration_end,66,1,3143,3143,True,564eb43b610b69a4,564eb43b610b69a4,True
PB,pb2,101,iteration_end,66,2,3143,3143,True,564eb43b610b69a4,564eb43b610b69a4,True
PB,pb2,101,iteration_end,66,3,3070,3070,True,c3e62d7d90dc4aab,c3e62d7d90dc4aab,True
PB,pb2,101,iteration_end,66,4,3057,3057,True,a9e7c7e1e5f6677a,a9e7c7e1e5f6677a,True
PB,pb2,101,iteration_end,66,5,2989,2989,True,b20db43510866ae2,b20db43510866ae2,True
PB,pb2,101,iteration_end,66,6,2989,2989,True,b20db43510866ae2,b20db43510866ae2,True
PB,pb2,101,iteration_end,66,7,2980,2980,True,3b22f666695adb2d,3b22f666695adb2d,True
PB,pb2,101,iteration_end,66,8,2970,2970,True,7ad20de60e6b0fa6,7ad20de60e6b0fa6,True
PB,pb2,101,iteration_end,66,9,2903,2903,True,33544206e0ce584a,33544206e0ce584a,True
PB,pb2,101,iteration_end,66,10,2818,2818,True,99660062297680ba,99660062297680ba,True
PB,pb2,101,iteration_end,66,11,2788,2788,True,140265258d5a41bb,140265258d5a41bb,True
PB,pb2,101,iteration_end,66,12,2788,2788,True,140265258d5a41bb,140265258d5a41bb,True
PB,pb2,101,iteration_end,66,13,2788,2788,True,140265258d5a41bb,140265258d5a41bb,True
PB,pb2,101,iteration_end,66,14,2788,2788,True,140265258d5a41bb,140265258d5a41bb,True
PB,pb2,101,iteration_end,66,15,2772,2772,True,ff8a70f79790cabd,ff8a70f79790cabd,True
PB,pb2,101,iteration_end,66,16,2712,2712,True,df47b884b72d3124,df47b884b72d3124,True
PB,pb2,101,iteration_end,66,17,2679,2679,True,9cc7abdc721235bc,9cc7abdc721235bc,True
PB,pb2,101,iteration_end,66,18,2522,2522,True,fcf2fb2668190dc1,fcf2fb2668190dc1,True
PB,pb2,101,iteration_end,66,19,2246,2246,True,0107109f4bbf0c21,0107109f4bbf0c21,True
PB,pb2,101,iteration_end,67,0,3070,3070,True,c3e62d7d90dc4aab,c3e62d7d90dc4aab,True
PB,pb2,101,iteration_end,67,1,3070,3070,True,c3e62d7d90dc4aab,c3e62d7d90dc4aab,True
PB,pb2,101,iteration_end,67,2,3070,3070,True,c3e62d7d90dc4aab,c3e62d7d90dc4aab,True
PB,pb2,101,iteration_end,67,3,3052,3052,True,4a96e5b58cb0333a,4a96e5b58cb0333a,True
PB,pb2,101,iteration_end,67,4,3001,3001,True,ce17b2f1738b009b,ce17b2f1738b009b,True
PB,pb2,101,iteration_end,67,5,2941,2941,True,7822bde42c2dbcf2,7822bde42c2dbcf2,True
PB,pb2,101,iteration_end,67,6,2903,2903,True,33544206e0ce584a,33544206e0ce584a,True
PB,pb2,101,iteration_end,67,7,2903,2903,True,33544206e0ce584a,33544206e0ce584a,True
PB,pb2,101,iteration_end,67,8,2903,2903,True,33544206e0ce584a,33544206e0ce584a,True
PB,pb2,101,iteration_end,67,9,2874,2874,True,ff42e2e6887701a6,ff42e2e6887701a6,True
PB,pb2,101,iteration_end,67,10,2839,2839,True,b33526b78acd73a1,b33526b78acd73a1,True
PB,pb2,101,iteration_end,67,11,2800,2800,True,3662f5f9301bfd8c,3662f5f9301bfd8c,True
PB,pb2,101,iteration_end,67,12,2788,2788,True,140265258d5a41bb,140265258d5a41bb,True
PB,pb2,101,iteration_end,67,13,2788,2788,True,140265258d5a41bb,140265258d5a41bb,True
PB,pb2,101,iteration_end,67,14,2788,2788,True,140265258d5a41bb,140265258d5a41bb,True
PB,pb2,101,iteration_end,67,15,2765,2765,True,b075a1c11215f7b7,b075a1c11215f7b7,True
PB,pb2,101,iteration_end,67,16,2691,2691,True,05f92c85ef6d2624,05f92c85ef6d2624,True
PB,pb2,101,iteration_end,67,17,2666,2666,True,02d47504bfbe1bfc,02d47504bfbe1bfc,True
PB,pb2,101,iteration_end,67,18,2597,2597,True,1b97674542d5e919,1b97674542d5e919,True
PB,pb2,101,iteration_end,67,19,2314,2314,True,ddb21ff13f8bda50,ddb21ff13f8bda50,True
PB,pb2,101,iteration_end,68,0,3143,3143,True,564eb43b610b69a4,564eb43b610b69a4,True
PB,pb2,101,iteration_end,68,1,3119,3119,True,7688fcbf6a0d5817,7688fcbf6a0d5817,True
PB,pb2,101,iteration_end,68,2,3118,3118,True,e594280227a79a34,e594280227a79a34,True
PB,pb2,101,iteration_end,68,3,3071,3071,True,2fde037cb288ef2a,2fde037cb288ef2a,True
PB,pb2,101,iteration_end,68,4,3070,3070,True,c3e62d7d90dc4aab,c3e62d7d90dc4aab,True
PB,pb2,101,iteration_end,68,5,3069,3069,True,0eb3082ad6b5d57a,0eb3082ad6b5d57a,True
PB,pb2,101,iteration_end,68,6,3038,3038,True,91fefa0dbce566d9,91fefa0dbce566d9,True
PB,pb2,101,iteration_end,68,7,3033,3033,True,3121a7f52f3d3cb9,3121a7f52f3d3cb9,True
PB,pb2,101,iteration_end,68,8,3004,3004,True,71a3cc2b82968998,71a3cc2b82968998,True
PB,pb2,101,iteration_end,68,9,2982,2982,True,eed41869e0e4ea9f,eed41869e0e4ea9f,True
PB,pb2,101,iteration_end,68,10,2864,2864,True,859c94a4f230524d,859c94a4f230524d,True
PB,pb2,101,iteration_end,68,11,2858,2858,True,69a196508eb56065,69a196508eb56065,True
PB,pb2,101,iteration_end,68,12,2806,2806,True,76f37543aa21fae8,76f37543aa21fae8,True
PB,pb2,101,iteration_end,68,13,2788,2788,True,140265258d5a41bb,140265258d5a41bb,True
PB,pb2,101,iteration_end,68,14,2782,2782,True,f7b794c094769d07,f7b794c094769d07,True
PB,pb2,101,iteration_end,68,15,2765,2765,True,b075a1c11215f7b7,b075a1c11215f7b7,True
PB,pb2,101,iteration_end,68,16,2694,2694,True,b87d8d1808619033,b87d8d1808619033,True
PB,pb2,101,iteration_end,68,17,2676,2676,True,0bca5ff570b3b67c,0bca5ff570b3b67c,True
PB,pb2,101,iteration_end,68,18,2655,2655,True,7dfce8ae1368fa38,7dfce8ae1368fa38,True
PB,pb2,101,iteration_end,68,19,2655,2655,True,b37bc6d3fcb9f0aa,b37bc6d3fcb9f0aa,True
PB,pb2,101,iteration_end,69,0,3143,3143,True,564eb43b610b69a4,564eb43b610b69a4,True
PB,pb2,101,iteration_end,69,1,3143,3143,True,564eb43b610b69a4,564eb43b610b69a4,True
PB,pb2,101,iteration_end,69,2,3143,3143,True,564eb43b610b69a4,564eb43b610b69a4,True
PB,pb2,101,iteration_end,69,3,3143,3143,True,564eb43b610b69a4,564eb43b610b69a4,True
PB,pb2,101,iteration_end,69,4,3070,3070,True,c3e62d7d90dc4aab,c3e62d7d90dc4aab,True
PB,pb2,101,iteration_end,69,5,3070,3070,True,c3e62d7d90dc4aab,c3e62d7d90dc4aab,True
PB,pb2,101,iteration_end,69,6,3034,3034,True,ef66d23970b63e91,ef66d23970b63e91,True
PB,pb2,101,iteration_end,69,7,3028,3028,True,2594084a5aeb55e9,2594084a5aeb55e9,True
PB,pb2,101,iteration_end,69,8,3023,3023,True,b32ea1fee55387a3,b32ea1fee55387a3,True
PB,pb2,101,iteration_end,69,9,3016,3016,True,2fcc42628f53919a,2fcc42628f53919a,True
PB,pb2,101,iteration_end,69,10,2875,2875,True,4b70f3112ac17497,4b70f3112ac17497,True
PB,pb2,101,iteration_end,69,11,2792,2792,True,bbf78bfa77537d0e,bbf78bfa77537d0e,True
PB,pb2,101,iteration_end,69,12,2788,2788,True,140265258d5a41bb,140265258d5a41bb,True
PB,pb2,101,iteration_end,69,13,2788,2788,True,140265258d5a41bb,140265258d5a41bb,True
PB,pb2,101,iteration_end,69,14,2754,2754,True,4146d122f70f2d45,4146d122f70f2d45,True
PB,pb2,101,iteration_end,69,15,2733,2733,True,677aa2f79409fd65,677aa2f79409fd65,True
PB,pb2,101,iteration_end,69,16,2659,2659,True,2e5be4818be40390,2e5be4818be40390,True
PB,pb2,101,iteration_end,69,17,2559,2559,True,182bc82b17b8b4be,182bc82b17b8b4be,True
PB,pb2,101,iteration_end,69,18,2459,2459,True,acdfa43d46050e5b,acdfa43d46050e5b,True
PB,pb2,101,iteration_end,69,19,2326,2326,True,7606ec6f35f4c6cb,7606ec6f35f4c6cb,True
PB,pb2,101,iteration_end,70,0,3143,3143,True,564eb43b610b69a4,564eb43b610b69a4,True
PB,pb2,101,iteration_end,70,1,3100,3100,True,7dcae92b65a2c367,7dcae92b65a2c367,True
PB,pb2,101,iteration_end,70,2,3070,3070,True,c3e62d7d90dc4aab,c3e62d7d90dc4aab,True
PB,pb2,101,iteration_end,70,3,3057,3057,True,a9e7c7e1e5f6677a,a9e7c7e1e5f6677a,True
PB,pb2,101,iteration_end,70,4,3029,3029,True,7689adf78a42239f,7689adf78a42239f,True
PB,pb2,101,iteration_end,70,5,3001,3001,True,34f9bf831ba20d8e,34f9bf831ba20d8e,True
PB,pb2,101,iteration_end,70,6,2997,2997,True,4e7f08022a6e6b2e,4e7f08022a6e6b2e,True
PB,pb2,101,iteration_end,70,7,2989,2989,True,b20db43510866ae2,b20db43510866ae2,True
PB,pb2,101,iteration_end,70,8,2984,2984,True,485b14da0c51f9b6,485b14da0c51f9b6,True
PB,pb2,101,iteration_end,70,9,2970,2970,True,22ebcae0eea6bab5,22ebcae0eea6bab5,True
PB,pb2,101,iteration_end,70,10,2903,2903,True,33544206e0ce584a,33544206e0ce584a,True
PB,pb2,101,iteration_end,70,11,2871,2871,True,763e064d0791090d,763e064d0791090d,True
PB,pb2,101,iteration_end,70,12,2853,2853,True,5bd0cccf291099f0,5bd0cccf291099f0,True
PB,pb2,101,iteration_end,70,13,2834,2834,True,3053d06156032054,3053d06156032054,True
PB,pb2,101,iteration_end,70,14,2832,2832,True,dc7260d9546060f7,dc7260d9546060f7,True
PB,pb2,101,iteration_end,70,15,2738,2738,True,04d877f296e02ffe,04d877f296e02ffe,True
PB,pb2,101,iteration_end,70,16,2726,2726,True,f95245bb1f7c412d,f95245bb1f7c412d,True
PB,pb2,101,iteration_end,70,17,2564,2564,True,85810eec6c30fab1,85810eec6c30fab1,True
PB,pb2,101,iteration_end,70,18,2453,2453,True,5caa9827b7071e68,5caa9827b7071e68,True
PB,pb2,101,iteration_end,70,19,2438,2438,True,58c8d416135da8f4,58c8d416135da8f4,True
PB,pb2,101,iteration_end,71,0,3069,3069,True,d6373ed426efd17f,d6373ed426efd17f,True
PB,pb2,101,iteration_end,71,1,3052,3052,True,cadf7f0babf15889,cadf7f0babf15889,True
PB,pb2,101,iteration_end,71,2,3049,3049,True,4bdd705f4982b095,4bdd705f4982b095,True
PB,pb2,101,iteration_end,71,3,3007,3007,True,ddb3ddde89d877e1,ddb3ddde89d877e1,True
PB,pb2,101,iteration_end,71,4,2989,2989,True,b20db43510866ae2,b20db43510866ae2,True
PB,pb2,101,iteration_end,71,5,2984,2984,True,485b14da0c51f9b6,485b14da0c51f9b6,True
PB,pb2,101,iteration_end,71,6,2936,2936,True,58d2b24a22bb84e4,58d2b24a22bb84e4,True
PB,pb2,101,iteration_end,71,7,2925,2925,True,53dcac8c77ab9462,53dcac8c77ab9462,True
PB,pb2,101,iteration_end,71,8,2911,2911,True,fb2b5105fe532222,fb2b5105fe532222,True
PB,pb2,101,iteration_end,71,9,2871,2871,True,9eefaf3d38321ab7,9eefaf3d38321ab7,True
PB,pb2,101,iteration_end,71,10,2853,2853,True,362939d726fa6ea4,362939d726fa6ea4,True
PB,pb2,101,iteration_end,71,11,2818,2818,True,5b8d8f4f050a48b0,5b8d8f4f050a48b0,True
PB,pb2,101,iteration_end,71,12,2799,2799,True,ce1ec34cb9dafd74,ce1ec34cb9dafd74,True
PB,pb2,101,iteration_end,71,13,2798,2798,True,f2276fc22cdc517b,f2276fc22cdc517b,True
PB,pb2,101,iteration_end,71,14,2788,2788,True,140265258d5a41bb,140265258d5a41bb,True
PB,pb2,101,iteration_end,71,15,2765,2765,True,b075a1c11215f7b7,b075a1c11215f7b7,True
PB,pb2,101,iteration_end,71,16,2726,2726,True,d0bae91c676b361a,d0bae91c676b361a,True
PB,pb2,101,iteration_end,71,17,2665,2665,True,6c335ba781d7007d,6c335ba781d7007d,True
PB,pb2,101,iteration_end,71,18,2584,2584,True,a27d500e3335361f,a27d500e3335361f,True
PB,pb2,101,iteration_end,71,19,2577,2577,True,d32d97c4465826e0,d32d97c4465826e0,True
PB,pb2,101,iteration_end,72,0,3143,3143,True,564eb43b610b69a4,564eb43b610b69a4,True
PB,pb2,101,iteration_end,72,1,3082,3082,True,360af7f3a59976e4,360af7f3a59976e4,True
PB,pb2,101,iteration_end,72,2,3067,3067,True,83f589477709bf9c,83f589477709bf9c,True
PB,pb2,101,iteration_end,72,3,3045,3045,True,bba796f5b4cc16b2,bba796f5b4cc16b2,True
PB,pb2,101,iteration_end,72,4,3033,3033,True,f8ced544c40e981c,f8ced544c40e981c,True
PB,pb2,101,iteration_end,72,5,3029,3029,True,e475f5dacb1cd335,e475f5dacb1cd335,True
PB,pb2,101,iteration_end,72,6,3011,3011,True,20bbb65ac0b0ad5d,20bbb65ac0b0ad5d,True
PB,pb2,101,iteration_end,72,7,2996,2996,True,ea6e9ac8c92d7eed,ea6e9ac8c92d7eed,True
PB,pb2,101,iteration_end,72,8,2984,2984,True,485b14da0c51f9b6,485b14da0c51f9b6,True
PB,pb2,101,iteration_end,72,9,2978,2978,True,db17003466c4985d,db17003466c4985d,True
PB,pb2,101,iteration_end,72,10,2906,2906,True,a76661f782f54fdf,a76661f782f54fdf,True
PB,pb2,101,iteration_end,72,11,2903,2903,True,33544206e0ce584a,33544206e0ce584a,True
PB,pb2,101,iteration_end,72,12,2886,2886,True,08c9437d2398b939,08c9437d2398b939,True
PB,pb2,101,iteration_end,72,13,2884,2884,True,3c6108f43b4ec22d,3c6108f43b4ec22d,True
PB,pb2,101,iteration_end,72,14,2884,2884,True,317aa26d1e1f9d9c,317aa26d1e1f9d9c,True
PB,pb2,101,iteration_end,72,15,2838,2838,True,e368cf65e9f1ca88,e368cf65e9f1ca88,True
PB,pb2,101,iteration_end,72,16,2780,2780,True,fb905c67ea34bd56,fb905c67ea34bd56,True
PB,pb2,101,iteration_end,72,17,2733,2733,True,55ad9b1c7ff8f881,55ad9b1c7ff8f881,True
PB,pb2,101,iteration_end,72,18,2711,2711,True,70d89198446dd5e3,70d89198446dd5e3,True
PB,pb2,101,iteration_end,72,19,2538,2538,True,572d35fa23e57c02,572d35fa23e57c02,True
PB,pb2,101,iteration_end,73,0,3143,3143,True,564eb43b610b69a4,564eb43b610b69a4,True
PB,pb2,101,iteration_end,73,1,3143,3143,True,564eb43b610b69a4,564eb43b610b69a4,True
PB,pb2,101,iteration_end,73,2,3094,3094,True,bc289797e31bc73b,bc289797e31bc73b,True
PB,pb2,101,iteration_end,73,3,3070,3070,True,c3e62d7d90dc4aab,c3e62d7d90dc4aab,True
PB,pb2,101,iteration_end,73,4,3070,3070,True,c3e62d7d90dc4aab,c3e62d7d90dc4aab,True
PB,pb2,101,iteration_end,73,5,3023,3023,True,1166399c1bee3b44,1166399c1bee3b44,True
PB,pb2,101,iteration_end,73,6,3009,3009,True,ffce970740a9c660,ffce970740a9c660,True
PB,pb2,101,iteration_end,73,7,2981,2981,True,94c9e54486fee907,94c9e54486fee907,True
PB,pb2,101,iteration_end,73,8,2959,2959,True,36d55c4621637508,36d55c4621637508,True
PB,pb2,101,iteration_end,73,9,2957,2957,True,f26dffceab7ef0f8,f26dffceab7ef0f8,True
PB,pb2,101,iteration_end,73,10,2952,2952,True,77131c109f2174ce,77131c109f2174ce,True
PB,pb2,101,iteration_end,73,11,2907,2907,True,56f4f7eafd0825c7,56f4f7eafd0825c7,True
PB,pb2,101,iteration_end,73,12,2900,2900,True,69fb79b95c789692,69fb79b95c789692,True
PB,pb2,101,iteration_end,73,13,2884,2884,True,826ef8e59b791baf,826ef8e59b791baf,True
PB,pb2,101,iteration_end,73,14,2843,2843,True,621e9d4013bdf4e2,621e9d4013bdf4e2,True
PB,pb2,101,iteration_end,73,15,2837,2837,True,6f4405e1e2bf4e97,6f4405e1e2bf4e97,True
PB,pb2,101,iteration_end,73,16,2829,2829,True,c9778bc30b407eaa,c9778bc30b407eaa,True
PB,pb2,101,iteration_end,73,17,2791,2791,True,541633e90a2b400e,541633e90a2b400e,True
PB,pb2,101,iteration_end,73,18,2689,2689,True,2ab71db11549ec3a,2ab71db11549ec3a,True
PB,pb2,101,iteration_end,73,19,2614,2614,True,97c325e8e381ca47,97c325e8e381ca47,True
PB,pb2,101,iteration_end,74,0,3143,3143,True,564eb43b610b69a4,564eb43b610b69a4,True
PB,pb2,101,iteration_end,74,1,3119,3119,True,7688fcbf6a0d5817,7688fcbf6a0d5817,True
PB,pb2,101,iteration_end,74,2,3036,3036,True,220e9b5f9fc88bca,220e9b5f9fc88bca,True
PB,pb2,101,iteration_end,74,3,3034,3034,True,3f88dc14ad6a1fe6,3f88dc14ad6a1fe6,True
PB,pb2,101,iteration_end,74,4,2997,2997,True,c30fbbdbfd8579dd,c30fbbdbfd8579dd,True
PB,pb2,101,iteration_end,74,5,2977,2977,True,179c9815ae1af749,179c9815ae1af749,True
PB,pb2,101,iteration_end,74,6,2928,2928,True,519d8bb9e422f645,519d8bb9e422f645,True
PB,pb2,101,iteration_end,74,7,2903,2903,True,33544206e0ce584a,33544206e0ce584a,True
PB,pb2,101,iteration_end,74,8,2900,2900,True,69fb79b95c789692,69fb79b95c789692,True
PB,pb2,101,iteration_end,74,9,2900,2900,True,d956d92be24fb517,d956d92be24fb517,True
PB,pb2,101,iteration_end,74,10,2858,2858,True,fe92e3a03fdc841c,fe92e3a03fdc841c,True
PB,pb2,101,iteration_end,74,11,2845,2845,True,67b589df1649b5a8,67b589df1649b5a8,True
PB,pb2,101,iteration_end,74,12,2814,2814,True,c931b0d61979fc2d,c931b0d61979fc2d,True
PB,pb2,101,iteration_end,74,13,2788,2788,True,140265258d5a41bb,140265258d5a41bb,True
PB,pb2,101,iteration_end,74,14,2778,2778,True,489e41c5cf27b63f,489e41c5cf27b63f,True
PB,pb2,101,iteration_end,74,15,2765,2765,True,b075a1c11215f7b7,b075a1c11215f7b7,True
PB,pb2,101,iteration_end,74,16,2661,2661,True,6ce745abea876731,6ce745abea876731,True
PB,pb2,101,iteration_end,74,17,2630,2630,True,184f60e0739f152f,184f60e0739f152f,True
PB,pb2,101,iteration_end,74,18,2552,2552,True,f428a433a0f33096,f428a433a0f33096,True
PB,pb2,101,iteration_end,74,19,2504,2504,True,063bb08df5870752,063bb08df5870752,True
PB,pb2,101,iteration_end,75,0,3143,3143,True,564eb43b610b69a4,564eb43b610b69a4,True
PB,pb2,101,iteration_end,75,1,3143,3143,True,564eb43b610b69a4,564eb43b610b69a4,True
PB,pb2,101,iteration_end,75,2,3143,3143,True,564eb43b610b69a4,564eb43b610b69a4,True
PB,pb2,101,iteration_end,75,3,3102,3102,True,afba3ae7f6733e67,afba3ae7f6733e67,True
PB,pb2,101,iteration_end,75,4,3085,3085,True,52816c6a0c89a2f2,52816c6a0c89a2f2,True
PB,pb2,101,iteration_end,75,5,3070,3070,True,c3e62d7d90dc4aab,c3e62d7d90dc4aab,True
PB,pb2,101,iteration_end,75,6,3070,3070,True,c3e62d7d90dc4aab,c3e62d7d90dc4aab,True
PB,pb2,101,iteration_end,75,7,3070,3070,True,c3e62d7d90dc4aab,c3e62d7d90dc4aab,True
PB,pb2,101,iteration_end,75,8,3057,3057,True,a9e7c7e1e5f6677a,a9e7c7e1e5f6677a,True
PB,pb2,101,iteration_end,75,9,3057,3057,True,a9e7c7e1e5f6677a,a9e7c7e1e5f6677a,True
PB,pb2,101,iteration_end,75,10,2989,2989,True,b20db43510866ae2,b20db43510866ae2,True
PB,pb2,101,iteration_end,75,11,2874,2874,True,ff42e2e6887701a6,ff42e2e6887701a6,True
PB,pb2,101,iteration_end,75,12,2823,2823,True,135fa467b13c685b,135fa467b13c685b,True
PB,pb2,101,iteration_end,75,13,2794,2794,True,aab609b851efa809,aab609b851efa809,True
PB,pb2,101,iteration_end,75,14,2791,2791,True,72a8a5592267b329,72a8a5592267b329,True
PB,pb2,101,iteration_end,75,15,2681,2681,True,e9b17ef962d4ffcd,e9b17ef962d4ffcd,True
PB,pb2,101,iteration_end,75,16,2624,2624,True,edd85246822fe2f2,edd85246822fe2f2,True
PB,pb2,101,iteration_end,75,17,2598,2598,True,1458a4fc772bd92e,1458a4fc772bd92e,True
PB,pb2,101,iteration_end,75,18,2565,2565,True,e1e0ef16c7ea83a8,e1e0ef16c7ea83a8,True
PB,pb2,101,iteration_end,75,19,2484,2484,True,918a554e81a7ea69,918a554e81a7ea69,True
PB,pb2,101,iteration_end,76,0,3143,3143,True,564eb43b610b69a4,564eb43b610b69a4,True
PB,pb2,101,iteration_end,76,1,3143,3143,True,564eb43b610b69a4,564eb43b610b69a4,True
PB,pb2,101,iteration_end,76,2,3143,3143,True,564eb43b610b69a4,564eb43b610b69a4,True
PB,pb2,101,iteration_end,76,3,3143,3143,True,564eb43b610b69a4,564eb43b610b69a4,True
PB,pb2,101,iteration_end,76,4,3070,3070,True,c3e62d7d90dc4aab,c3e62d7d90dc4aab,True
PB,pb2,101,iteration_end,76,5,3070,3070,True,c3e62d7d90dc4aab,c3e62d7d90dc4aab,True
PB,pb2,101,iteration_end,76,6,3070,3070,True,c3e62d7d90dc4aab,c3e62d7d90dc4aab,True
PB,pb2,101,iteration_end,76,7,3036,3036,True,220e9b5f9fc88bca,220e9b5f9fc88bca,True
PB,pb2,101,iteration_end,76,8,3024,3024,True,55f90045401458ca,55f90045401458ca,True
PB,pb2,101,iteration_end,76,9,2965,2965,True,dd46b4abd8fc61f9,dd46b4abd8fc61f9,True
PB,pb2,101,iteration_end,76,10,2874,2874,True,ff42e2e6887701a6,ff42e2e6887701a6,True
PB,pb2,101,iteration_end,76,11,2788,2788,True,140265258d5a41bb,140265258d5a41bb,True
PB,pb2,101,iteration_end,76,12,2788,2788,True,140265258d5a41bb,140265258d5a41bb,True
PB,pb2,101,iteration_end,76,13,2788,2788,True,140265258d5a41bb,140265258d5a41bb,True
PB,pb2,101,iteration_end,76,14,2788,2788,True,140265258d5a41bb,140265258d5a41bb,True
PB,pb2,101,iteration_end,76,15,2770,2770,True,1e760ffd19598b2e,1e760ffd19598b2e,True
PB,pb2,101,iteration_end,76,16,2765,2765,True,b075a1c11215f7b7,b075a1c11215f7b7,True
PB,pb2,101,iteration_end,76,17,2671,2671,True,0d213d1a080ca46b,0d213d1a080ca46b,True
PB,pb2,101,iteration_end,76,18,2572,2572,True,e543f377213e42ed,e543f377213e42ed,True
PB,pb2,101,iteration_end,76,19,2484,2484,True,918a554e81a7ea69,918a554e81a7ea69,True
PB,pb2,101,iteration_end,77,0,3143,3143,True,564eb43b610b69a4,564eb43b610b69a4,True
PB,pb2,101,iteration_end,77,1,3143,3143,True,564eb43b610b69a4,564eb43b610b69a4,True
PB,pb2,101,iteration_end,77,2,3143,3143,True,564eb43b610b69a4,564eb43b610b69a4,True
PB,pb2,101,iteration_end,77,3,2984,2984,True,485b14da0c51f9b6,485b14da0c51f9b6,True
PB,pb2,101,iteration_end,77,4,2984,2984,True,485b14da0c51f9b6,485b14da0c51f9b6,True
PB,pb2,101,iteration_end,77,5,2977,2977,True,c91ed0c5c17c0e23,c91ed0c5c17c0e23,True
PB,pb2,101,iteration_end,77,6,2975,2975,True,d0f8a06f83f9dd6d,d0f8a06f83f9dd6d,True
PB,pb2,101,iteration_end,77,7,2957,2957,True,95eda2d213d63aa1,95eda2d213d63aa1,True
PB,pb2,101,iteration_end,77,8,2950,2950,True,66fea92c2b02ba9b,66fea92c2b02ba9b,True
PB,pb2,101,iteration_end,77,9,2874,2874,True,ff42e2e6887701a6,ff42e2e6887701a6,True
PB,pb2,101,iteration_end,77,10,2874,2874,True,ff42e2e6887701a6,ff42e2e6887701a6,True
PB,pb2,101,iteration_end,77,11,2857,2857,True,64117e7170225831,64117e7170225831,True
PB,pb2,101,iteration_end,77,12,2838,2838,True,e368cf65e9f1ca88,e368cf65e9f1ca88,True
PB,pb2,101,iteration_end,77,13,2820,2820,True,fafa4e02c0ffada9,fafa4e02c0ffada9,True
PB,pb2,101,iteration_end,77,14,2796,2796,True,327117872cea3366,327117872cea3366,True
PB,pb2,101,iteration_end,77,15,2788,2788,True,140265258d5a41bb,140265258d5a41bb,True
PB,pb2,101,iteration_end,77,16,2778,2778,True,0444636aad8b2ebe,0444636aad8b2ebe,True
PB,pb2,101,iteration_end,77,17,2772,2772,True,161bd97d893ddd45,161bd97d893ddd45,True
PB,pb2,101,iteration_end,77,18,2767,2767,True,74ef39f17067b9ca,74ef39f17067b9ca,True
PB,pb2,101,iteration_end,77,19,2679,2679,True,9cc7abdc721235bc,9cc7abdc721235bc,True
PB,pb2,101,iteration_end,78,0,3143,3143,True,564eb43b610b69a4,564eb43b610b69a4,True
PB,pb2,101,iteration_end,78,1,3143,3143,True,564eb43b610b69a4,564eb43b610b69a4,True
PB,pb2,101,iteration_end,78,2,3143,3143,True,564eb43b610b69a4,564eb43b610b69a4,True
PB,pb2,101,iteration_end,78,3,3077,3077,True,f91b839a2cf82c81,f91b839a2cf82c81,True
PB,pb2,101,iteration_end,78,4,3038,3038,True,91fefa0dbce566d9,91fefa0dbce566d9,True
PB,pb2,101,iteration_end,78,5,3033,3033,True,069b3abd735514e4,069b3abd735514e4,True
PB,pb2,101,iteration_end,78,6,3011,3011,True,20bbb65ac0b0ad5d,20bbb65ac0b0ad5d,True
PB,pb2,101,iteration_end,78,7,2997,2997,True,e5af4df20e6a19af,e5af4df20e6a19af,True
PB,pb2,101,iteration_end,78,8,2989,2989,True,b20db43510866ae2,b20db43510866ae2,True
PB,pb2,101,iteration_end,78,9,2948,2948,True,aaa874643b9d0814,aaa874643b9d0814,True
PB,pb2,101,iteration_end,78,10,2923,2923,True,62416a1be0a05832,62416a1be0a05832,True
PB,pb2,101,iteration_end,78,11,2903,2903,True,33544206e0ce584a,33544206e0ce584a,True
PB,pb2,101,iteration_end,78,12,2882,2882,True,562bebd7ffd7a0f5,562bebd7ffd7a0f5,True
PB,pb2,101,iteration_end,78,13,2874,2874,True,ff42e2e6887701a6,ff42e2e6887701a6,True
PB,pb2,101,iteration_end,78,14,2847,2847,True,7b162e2c428f44f2,7b162e2c428f44f2,True
PB,pb2,101,iteration_end,78,15,2820,2820,True,a2949d9ea7c3f08d,a2949d9ea7c3f08d,True
PB,pb2,101,iteration_end,78,16,2788,2788,True,140265258d5a41bb,140265258d5a41bb,True
PB,pb2,101,iteration_end,78,17,2721,2721,True,70e1769a191722d4,70e1769a191722d4,True
PB,pb2,101,iteration_end,78,18,2663,2663,True,edc68bde75caa488,edc68bde75caa488,True
PB,pb2,101,iteration_end,78,19,2462,2462,True,3f5daa4b7329e543,3f5daa4b7329e543,True
PB,pb2,101,iteration_end,79,0,3143,3143,True,564eb43b610b69a4,564eb43b610b69a4,True
PB,pb2,101,iteration_end,79,1,3143,3143,True,564eb43b610b69a4,564eb43b610b69a4,True
PB,pb2,101,iteration_end,79,2,3035,3035,True,2144037c94fd3472,2144037c94fd3472,True
PB,pb2,101,iteration_end,79,3,3003,3003,True,f40f3200bef0dd92,f40f3200bef0dd92,True
PB,pb2,101,iteration_end,79,4,2991,2991,True,e4874da2d1c3acd9,e4874da2d1c3acd9,True
PB,pb2,101,iteration_end,79,5,2989,2989,True,b20db43510866ae2,b20db43510866ae2,True
PB,pb2,101,iteration_end,79,6,2984,2984,True,485b14da0c51f9b6,485b14da0c51f9b6,True
PB,pb2,101,iteration_end,79,7,2970,2970,True,d2d6f95cb13adadc,d2d6f95cb13adadc,True
PB,pb2,101,iteration_end,79,8,2961,2961,True,55d0c6ef0a8f0ff4,55d0c6ef0a8f0ff4,True
PB,pb2,101,iteration_end,79,9,2952,2952,True,77131c109f2174ce,77131c109f2174ce,True
PB,pb2,101,iteration_end,79,10,2903,2903,True,33544206e0ce584a,33544206e0ce584a,True
PB,pb2,101,iteration_end,79,11,2887,2887,True,5ac36c852dade33e,5ac36c852dade33e,True
PB,pb2,101,iteration_end,79,12,2886,2886,True,08c9437d2398b939,08c9437d2398b939,True
PB,pb2,101,iteration_end,79,13,2840,2840,True,69218460dea89bea,69218460dea89bea,True
PB,pb2,101,iteration_end,79,14,2837,2837,True,6f4405e1e2bf4e97,6f4405e1e2bf4e97,True
PB,pb2,101,iteration_end,79,15,2835,2835,True,0a89e18a4477dfe6,0a89e18a4477dfe6,True
PB,pb2,101,iteration_end,79,16,2825,2825,True,851bf4d881fdbf67,851bf4d881fdbf67,True
PB,pb2,101,iteration_end,79,17,2788,2788,True,140265258d5a41bb,140265258d5a41bb,True
PB,pb2,101,iteration_end,79,18,2780,2780,True,e7f86763b3d614e8,e7f86763b3d614e8,True
PB,pb2,101,iteration_end,79,19,2663,2663,True,edc68bde75caa488,edc68bde75caa488,True
PB,pb2,101,iteration_end,80,0,3085,3085,True,52816c6a0c89a2f2,52816c6a0c89a2f2,True
PB,pb2,101,iteration_end,80,1,3070,3070,True,c3e62d7d90dc4aab,c3e62d7d90dc4aab,True
PB,pb2,101,iteration_end,80,2,3033,3033,True,f8ced544c40e981c,f8ced544c40e981c,True
PB,pb2,101,iteration_end,80,3,2977,2977,True,c91ed0c5c17c0e23,c91ed0c5c17c0e23,True
PB,pb2,101,iteration_end,80,4,2955,2955,True,8dd3a2964188d46d,8dd3a2964188d46d,True
PB,pb2,101,iteration_end,80,5,2952,2952,True,77131c109f2174ce,77131c109f2174ce,True
PB,pb2,101,iteration_end,80,6,2936,2936,True,702aa3dfc3c959cb,702aa3dfc3c959cb,True
PB,pb2,101,iteration_end,80,7,2929,2929,True,97685694702d5a13,97685694702d5a13,True
PB,pb2,101,iteration_end,80,8,2929,2929,True,1b04011ed305e13c,1b04011ed305e13c,True
PB,pb2,101,iteration_end,80,9,2923,2923,True,62416a1be0a05832,62416a1be0a05832,True
PB,pb2,101,iteration_end,80,10,2874,2874,True,ff42e2e6887701a6,ff42e2e6887701a6,True
PB,pb2,101,iteration_end,80,11,2870,2870,True,7d122bfd9438e74e,7d122bfd9438e74e,True
PB,pb2,101,iteration_end,80,12,2788,2788,True,140265258d5a41bb,140265258d5a41bb,True
PB,pb2,101,iteration_end,80,13,2788,2788,True,140265258d5a41bb,140265258d5a41bb,True
PB,pb2,101,iteration_end,80,14,2782,2782,True,3ee3f54bc4846538,3ee3f54bc4846538,True
PB,pb2,101,iteration_end,80,15,2770,2770,True,f0f201ec31d9cac7,f0f201ec31d9cac7,True
PB,pb2,101,iteration_end,80,16,2752,2752,True,5519e6e7b2999b95,5519e6e7b2999b95,True
PB,pb2,101,iteration_end,80,17,2565,2565,True,e1e0ef16c7ea83a8,e1e0ef16c7ea83a8,True
PB,pb2,101,iteration_end,80,18,2416,2416,True,f469061537763e0b,f469061537763e0b,True
PB,pb2,101,iteration_end,80,19,2313,2313,True,736aad6305002792,736aad6305002792,True
PB,pb2,101,iteration_end,81,0,3143,3143,True,564eb43b610b69a4,564eb43b610b69a4,True
PB,pb2,101,iteration_end,81,1,2989,2989,True,b20db43510866ae2,b20db43510866ae2,True
PB,pb2,101,iteration_end,81,2,2917,2917,True,33ccc793a0811ec7,33ccc793a0811ec7,True
PB,pb2,101,iteration_end,81,3,2896,2896,True,b67d6904727f5d59,b67d6904727f5d59,True
PB,pb2,101,iteration_end,81,4,2854,2854,True,b1ae2b677ad63f3d,b1ae2b677ad63f3d,True
PB,pb2,101,iteration_end,81,5,2788,2788,True,140265258d5a41bb,140265258d5a41bb,True
PB,pb2,101,iteration_end,81,6,2788,2788,True,140265258d5a41bb,140265258d5a41bb,True
PB,pb2,101,iteration_end,81,7,2788,2788,True,140265258d5a41bb,140265258d5a41bb,True
PB,pb2,101,iteration_end,81,8,2788,2788,True,140265258d5a41bb,140265258d5a41bb,True
PB,pb2,101,iteration_end,81,9,2788,2788,True,140265258d5a41bb,140265258d5a41bb,True
PB,pb2,101,iteration_end,81,10,2788,2788,True,140265258d5a41bb,140265258d5a41bb,True
PB,pb2,101,iteration_end,81,11,2788,2788,True,140265258d5a41bb,140265258d5a41bb,True
PB,pb2,101,iteration_end,81,12,2788,2788,True,140265258d5a41bb,140265258d5a41bb,True
PB,pb2,101,iteration_end,81,13,2788,2788,True,140265258d5a41bb,140265258d5a41bb,True
PB,pb2,101,iteration_end,81,14,2774,2774,True,e5fdc07527a1980d,e5fdc07527a1980d,True
PB,pb2,101,iteration_end,81,15,2744,2744,True,4ddf83347dc92a78,4ddf83347dc92a78,True
PB,pb2,101,iteration_end,81,16,2692,2692,True,623f692714b6651f,623f692714b6651f,True
PB,pb2,101,iteration_end,81,17,2676,2676,True,43d1e61c0e802abf,43d1e61c0e802abf,True
PB,pb2,101,iteration_end,81,18,2649,2649,True,c706f07deb2a41e9,c706f07deb2a41e9,True
PB,pb2,101,iteration_end,81,19,2557,2557,True,21ce069fcadb4cef,21ce069fcadb4cef,True
PB,pb2,101,iteration_end,82,0,3143,3143,True,564eb43b610b69a4,564eb43b610b69a4,True
PB,pb2,101,iteration_end,82,1,3143,3143,True,564eb43b610b69a4,564eb43b610b69a4,True
PB,pb2,101,iteration_end,82,2,3070,3070,True,c3e62d7d90dc4aab,c3e62d7d90dc4aab,True
PB,pb2,101,iteration_end,82,3,3070,3070,True,c3e62d7d90dc4aab,c3e62d7d90dc4aab,True
PB,pb2,101,iteration_end,82,4,2984,2984,True,ec977ac6cad3ed48,ec977ac6cad3ed48,True
PB,pb2,101,iteration_end,82,5,2969,2969,True,192062c7af4cd03c,192062c7af4cd03c,True
PB,pb2,101,iteration_end,82,6,2959,2959,True,36d55c4621637508,36d55c4621637508,True
PB,pb2,101,iteration_end,82,7,2950,2950,True,bbc1ee3840f5404f,bbc1ee3840f5404f,True
PB,pb2,101,iteration_end,82,8,2915,2915,True,b7f5080ce1b2835c,b7f5080ce1b2835c,True
PB,pb2,101,iteration_end,82,9,2901,2901,True,47ff03ead94d991a,47ff03ead94d991a,True
PB,pb2,101,iteration_end,82,10,2874,2874,True,ff42e2e6887701a6,ff42e2e6887701a6,True
PB,pb2,101,iteration_end,82,11,2855,2855,True,2e3c737aab5139ec,2e3c737aab5139ec,True
PB,pb2,101,iteration_end,82,12,2801,2801,True,6e78cfdd634b693d,6e78cfdd634b693d,True
PB,pb2,101,iteration_end,82,13,2799,2799,True,147f143a16cd5900,147f143a16cd5900,True
PB,pb2,101,iteration_end,82,14,2788,2788,True,140265258d5a41bb,140265258d5a41bb,True
PB,pb2,101,iteration_end,82,15,2788,2788,True,140265258d5a41bb,140265258d5a41bb,True
PB,pb2,101,iteration_end,82,16,2788,2788,True,140265258d5a41bb,140265258d5a41bb,True
PB,pb2,101,iteration_end,82,17,2765,2765,True,b075a1c11215f7b7,b075a1c11215f7b7,True
PB,pb2,101,iteration_end,82,18,2565,2565,True,e1e0ef16c7ea83a8,e1e0ef16c7ea83a8,True
PB,pb2,101,iteration_end,82,19,2520,2520,True,e50f381ef64dc450,e50f381ef64dc450,True
PB,pb2,101,iteration_end,83,0,3143,3143,True,564eb43b610b69a4,564eb43b610b69a4,True
PB,pb2,101,iteration_end,83,1,3057,3057,True,a9e7c7e1e5f6677a,a9e7c7e1e5f6677a,True
PB,pb2,101,iteration_end,83,2,3057,3057,True,a9e7c7e1e5f6677a,a9e7c7e1e5f6677a,True
PB,pb2,101,iteration_end,83,3,3026,3026,True,d40f9eceda27fdcc,d40f9eceda27fdcc,True
PB,pb2,101,iteration_end,83,4,2989,2989,True,b20db43510866ae2,b20db43510866ae2,True
PB,pb2,101,iteration_end,83,5,2989,2989,True,b20db43510866ae2,b20db43510866ae2,True
PB,pb2,101,iteration_end,83,6,2989,2989,True,b20db43510866ae2,b20db43510866ae2,True
PB,pb2,101,iteration_end,83,7,2989,2989,True,b20db43510866ae2,b20db43510866ae2,True
PB,pb2,101,iteration_end,83,8,2984,2984,True,485b14da0c51f9b6,485b14da0c51f9b6,True
PB,pb2,101,iteration_end,83,9,2984,2984,True,485b14da0c51f9b6,485b14da0c51f9b6,True
PB,pb2,101,iteration_end,83,10,2944,2944,True,983123f62cf63a5a,983123f62cf63a5a,True
PB,pb2,101,iteration_end,83,11,2903,2903,True,33544206e0ce584a,33544206e0ce584a,True
PB,pb2,101,iteration_end,83,12,2874,2874,True,ff42e2e6887701a6,ff42e2e6887701a6,True
PB,pb2,101,iteration_end,83,13,2857,2857,True,bbe89cfa9615d099,bbe89cfa9615d099,True
PB,pb2,101,iteration_end,83,14,2857,2857,True,bbe89cfa9615d099,bbe89cfa9615d099,True
PB,pb2,101,iteration_end,83,15,2843,2843,True,81a86fd0e0996052,81a86fd0e0996052,True
PB,pb2,101,iteration_end,83,16,2627,2627,True,bd0209948c086160,bd0209948c086160,True
PB,pb2,101,iteration_end,83,17,2611,2611,True,e6def40e025118b4,e6def40e025118b4,True
PB,pb2,101,iteration_end,83,18,2565,2565,True,e1e0ef16c7ea83a8,e1e0ef16c7ea83a8,True
PB,pb2,101,iteration_end,83,19,2543,2543,True,849f9a2a2463f968,849f9a2a2463f968,True
PB,pb2,101,iteration_end,84,0,3143,3143,True,564eb43b610b69a4,564eb43b610b69a4,True
PB,pb2,101,iteration_end,84,1,3143,3143,True,564eb43b610b69a4,564eb43b610b69a4,True
PB,pb2,101,iteration_end,84,2,3143,3143,True,564eb43b610b69a4,564eb43b610b69a4,True
PB,pb2,101,iteration_end,84,3,3057,3057,True,a9e7c7e1e5f6677a,a9e7c7e1e5f6677a,True
PB,pb2,101,iteration_end,84,4,3052,3052,True,4a96e5b58cb0333a,4a96e5b58cb0333a,True
PB,pb2,101,iteration_end,84,5,3027,3027,True,216ee73b901fddba,216ee73b901fddba,True
PB,pb2,101,iteration_end,84,6,2989,2989,True,b20db43510866ae2,b20db43510866ae2,True
PB,pb2,101,iteration_end,84,7,2989,2989,True,1662064b93890740,1662064b93890740,True
PB,pb2,101,iteration_end,84,8,2989,2989,True,b20db43510866ae2,b20db43510866ae2,True
PB,pb2,101,iteration_end,84,9,2923,2923,True,f92f759b5e322591,f92f759b5e322591,True
PB,pb2,101,iteration_end,84,10,2907,2907,True,6ab063c412eec988,6ab063c412eec988,True
PB,pb2,101,iteration_end,84,11,2900,2900,True,69fb79b95c789692,69fb79b95c789692,True
PB,pb2,101,iteration_end,84,12,2886,2886,True,c34237ed4037e257,c34237ed4037e257,True
PB,pb2,101,iteration_end,84,13,2883,2883,True,f625f035b462e707,f625f035b462e707,True
PB,pb2,101,iteration_end,84,14,2623,2623,True,6fcf929e95e7807b,6fcf929e95e7807b,True
PB,pb2,101,iteration_end,84,15,2610,2610,True,46c02400dc82cbc3,46c02400dc82cbc3,True
PB,pb2,101,iteration_end,84,16,2591,2591,True,0379e74c0fa2d563,0379e74c0fa2d563,True
PB,pb2,101,iteration_end,84,17,2591,2591,True,0379e74c0fa2d563,0379e74c0fa2d563,True
PB,pb2,101,iteration_end,84,18,2479,2479,True,f2f4d24b6a43a172,f2f4d24b6a43a172,True
PB,pb2,101,iteration_end,84,19,2386,2386,True,224a9b86d50600ca,224a9b86d50600ca,True
PB,pb2,101,iteration_end,85,0,3143,3143,True,564eb43b610b69a4,564eb43b610b69a4,True
PB,pb2,101,iteration_end,85,1,3143,3143,True,564eb43b610b69a4,564eb43b610b69a4,True
PB,pb2,101,iteration_end,85,2,3143,3143,True,564eb43b610b69a4,564eb43b610b69a4,True
PB,pb2,101,iteration_end,85,3,3070,3070,True,c3e62d7d90dc4aab,c3e62d7d90dc4aab,True
PB,pb2,101,iteration_end,85,4,3057,3057,True,a9e7c7e1e5f6677a,a9e7c7e1e5f6677a,True
PB,pb2,101,iteration_end,85,5,3052,3052,True,4a96e5b58cb0333a,4a96e5b58cb0333a,True
PB,pb2,101,iteration_end,85,6,3038,3038,True,91fefa0dbce566d9,91fefa0dbce566d9,True
PB,pb2,101,iteration_end,85,7,3020,3020,True,da14607500da887a,da14607500da887a,True
PB,pb2,101,iteration_end,85,8,3020,3020,True,da14607500da887a,da14607500da887a,True
PB,pb2,101,iteration_end,85,9,2935,2935,True,a1cdb0e8aa444478,a1cdb0e8aa444478,True
PB,pb2,101,iteration_end,85,10,2874,2874,True,ff42e2e6887701a6,ff42e2e6887701a6,True
PB,pb2,101,iteration_end,85,11,2858,2858,True,6106b37718c0e048,6106b37718c0e048,True
PB,pb2,101,iteration_end,85,12,2791,2791,True,72a8a5592267b329,72a8a5592267b329,True
PB,pb2,101,iteration_end,85,13,2788,2788,True,140265258d5a41bb,140265258d5a41bb,True
PB,pb2,101,iteration_end,85,14,2725,2725,True,a543abdb75d842d8,a543abdb75d842d8,True
PB,pb2,101,iteration_end,85,15,2654,2654,True,b67086ea9331ba41,b67086ea9331ba41,True
PB,pb2,101,iteration_end,85,16,2652,2652,True,ddfe5c7a7f2eca18,ddfe5c7a7f2eca18,True
PB,pb2,101,iteration_end,85,17,2565,2565,True,e1e0ef16c7ea83a8,e1e0ef16c7ea83a8,True
PB,pb2,101,iteration_end,85,18,2518,2518,True,b84ecd9a2ed97708,b84ecd9a2ed97708,True
PB,pb2,101,iteration_end,85,19,2419,2419,True,71f25d3a6f31b9df,71f25d3a6f31b9df,True
PB,pb2,101,iteration_end,86,0,3143,3143,True,564eb43b610b69a4,564eb43b610b69a4,True
PB,pb2,101,iteration_end,86,1,3143,3143,True,564eb43b610b69a4,564eb43b610b69a4,True
PB,pb2,101,iteration_end,86,2,3070,3070,True,c3e62d7d90dc4aab,c3e62d7d90dc4aab,True
PB,pb2,101,iteration_end,86,3,3057,3057,True,a9e7c7e1e5f6677a,a9e7c7e1e5f6677a,True
PB,pb2,101,iteration_end,86,4,3057,3057,True,a9e7c7e1e5f6677a,a9e7c7e1e5f6677a,True
PB,pb2,101,iteration_end,86,5,3027,3027,True,faddce8bf3e1a5f1,faddce8bf3e1a5f1,True
PB,pb2,101,iteration_end,86,6,2989,2989,True,b20db43510866ae2,b20db43510866ae2,True
PB,pb2,101,iteration_end,86,7,2982,2982,True,ebba959a6cd891db,ebba959a6cd891db,True
PB,pb2,101,iteration_end,86,8,2971,2971,True,a6808744ab70047f,a6808744ab70047f,True
PB,pb2,101,iteration_end,86,9,2971,2971,True,a6808744ab70047f,a6808744ab70047f,True
PB,pb2,101,iteration_end,86,10,2961,2961,True,df939f4824b5c5dd,df939f4824b5c5dd,True
PB,pb2,101,iteration_end,86,11,2953,2953,True,4ae280fa5765422f,4ae280fa5765422f,True
PB,pb2,101,iteration_end,86,12,2837,2837,True,6f4405e1e2bf4e97,6f4405e1e2bf4e97,True
PB,pb2,101,iteration_end,86,13,2779,2779,True,04b857c8bc4e5614,04b857c8bc4e5614,True
PB,pb2,101,iteration_end,86,14,2778,2778,True,0444636aad8b2ebe,0444636aad8b2ebe,True
PB,pb2,101,iteration_end,86,15,2687,2687,True,0753f0bbedb4544d,0753f0bbedb4544d,True
PB,pb2,101,iteration_end,86,16,2554,2554,True,9171e17037adab39,9171e17037adab39,True
PB,pb2,101,iteration_end,86,17,2524,2524,True,69f38b8a0213f44b,69f38b8a0213f44b,True
PB,pb2,101,iteration_end,86,18,2499,2499,True,d5f799ae65301e1d,d5f799ae65301e1d,True
PB,pb2,101,iteration_end,86,19,2497,2497,True,04d743c24aa2b379,04d743c24aa2b379,True
PB,pb2,101,iteration_end,87,0,3143,3143,True,564eb43b610b69a4,564eb43b610b69a4,True
PB,pb2,101,iteration_end,87,1,3101,3101,True,ad266a2a61d13e16,ad266a2a61d13e16,True
PB,pb2,101,iteration_end,87,2,3025,3025,True,07d4d6c012b39aa1,07d4d6c012b39aa1,True
PB,pb2,101,iteration_end,87,3,3024,3024,True,cc3c05e2fdf9bd90,cc3c05e2fdf9bd90,True
PB,pb2,101,iteration_end,87,4,2967,2967,True,5b06a2bf9ceb9cf5,5b06a2bf9ceb9cf5,True
PB,pb2,101,iteration_end,87,5,2961,2961,True,df939f4824b5c5dd,df939f4824b5c5dd,True
PB,pb2,101,iteration_end,87,6,2874,2874,True,ff42e2e6887701a6,ff42e2e6887701a6,True
PB,pb2,101,iteration_end,87,7,2861,2861,True,6bab602782fd3162,6bab602782fd3162,True
PB,pb2,101,iteration_end,87,8,2788,2788,True,140265258d5a41bb,140265258d5a41bb,True
PB,pb2,101,iteration_end,87,9,2788,2788,True,140265258d5a41bb,140265258d5a41bb,True
PB,pb2,101,iteration_end,87,10,2788,2788,True,140265258d5a41bb,140265258d5a41bb,True
PB,pb2,101,iteration_end,87,11,2788,2788,True,140265258d5a41bb,140265258d5a41bb,True
PB,pb2,101,iteration_end,87,12,2768,2768,True,8450ed3075be7c90,8450ed3075be7c90,True
PB,pb2,101,iteration_end,87,13,2735,2735,True,121e8cebea526a23,121e8cebea526a23,True
PB,pb2,101,iteration_end,87,14,2733,2733,True,486a7841ecee1151,486a7841ecee1151,True
PB,pb2,101,iteration_end,87,15,2637,2637,True,a60cfa21507d55e5,a60cfa21507d55e5,True
PB,pb2,101,iteration_end,87,16,2614,2614,True,0306e3307f7551b5,0306e3307f7551b5,True
PB,pb2,101,iteration_end,87,17,2603,2603,True,03ed5e828d84d456,03ed5e828d84d456,True
PB,pb2,101,iteration_end,87,18,2456,2456,True,75bedc7c793c2b68,75bedc7c793c2b68,True
PB,pb2,101,iteration_end,87,19,2413,2413,True,8b9a0a185a1cd48a,8b9a0a185a1cd48a,True
PB,pb2,101,iteration_end,88,0,3082,3082,True,360af7f3a59976e4,360af7f3a59976e4,True
PB,pb2,101,iteration_end,88,1,3057,3057,True,a9e7c7e1e5f6677a,a9e7c7e1e5f6677a,True
PB,pb2,101,iteration_end,88,2,2989,2989,True,b20db43510866ae2,b20db43510866ae2,True
PB,pb2,101,iteration_end,88,3,2989,2989,True,b20db43510866ae2,b20db43510866ae2,True
PB,pb2,101,iteration_end,88,4,2963,2963,True,267628f395f59f0e,267628f395f59f0e,True
PB,pb2,101,iteration_end,88,5,2928,2928,True,8661e7834e3adada,8661e7834e3adada,True
PB,pb2,101,iteration_end,88,6,2890,2890,True,5fd63e9e0e7a979a,5fd63e9e0e7a979a,True
PB,pb2,101,iteration_end,88,7,2888,2888,True,42d2b70335ae8946,42d2b70335ae8946,True
PB,pb2,101,iteration_end,88,8,2874,2874,True,ff42e2e6887701a6,ff42e2e6887701a6,True
PB,pb2,101,iteration_end,88,9,2874,2874,True,ff42e2e6887701a6,ff42e2e6887701a6,True
PB,pb2,101,iteration_end,88,10,2788,2788,True,140265258d5a41bb,140265258d5a41bb,True
PB,pb2,101,iteration_end,88,11,2788,2788,True,140265258d5a41bb,140265258d5a41bb,True
PB,pb2,101,iteration_end,88,12,2788,2788,True,140265258d5a41bb,140265258d5a41bb,True
PB,pb2,101,iteration_end,88,13,2770,2770,True,1e760ffd19598b2e,1e760ffd19598b2e,True
PB,pb2,101,iteration_end,88,14,2738,2738,True,2bcd380746fa046e,2bcd380746fa046e,True
PB,pb2,101,iteration_end,88,15,2684,2684,True,c1083da5cf6ecd56,c1083da5cf6ecd56,True
PB,pb2,101,iteration_end,88,16,2613,2613,True,2f34f13eccc5a36b,2f34f13eccc5a36b,True
PB,pb2,101,iteration_end,88,17,2580,2580,True,8c484b77b8a322ee,8c484b77b8a322ee,True
PB,pb2,101,iteration_end,88,18,2575,2575,True,38d78053b01ef71b,38d78053b01ef71b,True
PB,pb2,101,iteration_end,88,19,2507,2507,True,ec93d71c656a9cbe,ec93d71c656a9cbe,True
PB,pb2,101,iteration_end,89,0,3070,3070,True,c3e62d7d90dc4aab,c3e62d7d90dc4aab,True
PB,pb2,101,iteration_end,89,1,3057,3057,True,a9e7c7e1e5f6677a,a9e7c7e1e5f6677a,True
PB,pb2,101,iteration_end,89,2,2983,2983,True,f84f2c02e896e647,f84f2c02e896e647,True
PB,pb2,101,iteration_end,89,3,2935,2935,True,375978196d65ab9a,375978196d65ab9a,True
PB,pb2,101,iteration_end,89,4,2932,2932,True,4b6a6b884b90c201,4b6a6b884b90c201,True
PB,pb2,101,iteration_end,89,5,2908,2908,True,914073cc4332a188,914073cc4332a188,True
PB,pb2,101,iteration_end,89,6,2835,2835,True,f191987d2d1de62f,f191987d2d1de62f,True
PB,pb2,101,iteration_end,89,7,2808,2808,True,81a8664ac229c203,81a8664ac229c203,True
PB,pb2,101,iteration_end,89,8,2788,2788,True,140265258d5a41bb,140265258d5a41bb,True
PB,pb2,101,iteration_end,89,9,2788,2788,True,140265258d5a41bb,140265258d5a41bb,True
PB,pb2,101,iteration_end,89,10,2788,2788,True,140265258d5a41bb,140265258d5a41bb,True
PB,pb2,101,iteration_end,89,11,2788,2788,True,140265258d5a41bb,140265258d5a41bb,True
PB,pb2,101,iteration_end,89,12,2788,2788,True,140265258d5a41bb,140265258d5a41bb,True
PB,pb2,101,iteration_end,89,13,2774,2774,True,558ffc989239ac0e,558ffc989239ac0e,True
PB,pb2,101,iteration_end,89,14,2706,2706,True,2f310b1e2a3bcb9f,2f310b1e2a3bcb9f,True
PB,pb2,101,iteration_end,89,15,2676,2676,True,43d1e61c0e802abf,43d1e61c0e802abf,True
PB,pb2,101,iteration_end,89,16,2631,2631,True,c27685051dae56f7,c27685051dae56f7,True
PB,pb2,101,iteration_end,89,17,2613,2613,True,2f34f13eccc5a36b,2f34f13eccc5a36b,True
PB,pb2,101,iteration_end,89,18,2577,2577,True,c2f5e0061503dbda,c2f5e0061503dbda,True
PB,pb2,101,iteration_end,89,19,2576,2576,True,e488831646a3be2c,e488831646a3be2c,True
PB,pb2,101,iteration_end,90,0,3143,3143,True,564eb43b610b69a4,564eb43b610b69a4,True
PB,pb2,101,iteration_end,90,1,3036,3036,True,220e9b5f9fc88bca,220e9b5f9fc88bca,True
PB,pb2,101,iteration_end,90,2,2969,2969,True,76e4c9b37cef8cde,76e4c9b37cef8cde,True
PB,pb2,101,iteration_end,90,3,2934,2934,True,f43f4e83fdd63af5,f43f4e83fdd63af5,True
PB,pb2,101,iteration_end,90,4,2894,2894,True,3e2a622aa8628b19,3e2a622aa8628b19,True
PB,pb2,101,iteration_end,90,5,2848,2848,True,458a129ee524709a,458a129ee524709a,True
PB,pb2,101,iteration_end,90,6,2836,2836,True,a7e4957f1265a471,a7e4957f1265a471,True
PB,pb2,101,iteration_end,90,7,2828,2828,True,cb0f57c0f1121dbb,cb0f57c0f1121dbb,True
PB,pb2,101,iteration_end,90,8,2788,2788,True,140265258d5a41bb,140265258d5a41bb,True
PB,pb2,101,iteration_end,90,9,2788,2788,True,140265258d5a41bb,140265258d5a41bb,True
PB,pb2,101,iteration_end,90,10,2778,2778,True,1b8f2d25746248ba,1b8f2d25746248ba,True
PB,pb2,101,iteration_end,90,11,2777,2777,True,886f6a283eb52163,886f6a283eb52163,True
PB,pb2,101,iteration_end,90,12,2698,2698,True,5be67c9b4aeac266,5be67c9b4aeac266,True
PB,pb2,101,iteration_end,90,13,2649,2649,True,c706f07deb2a41e9,c706f07deb2a41e9,True
PB,pb2,101,iteration_end,90,14,2589,2589,True,9455d6735b351710,9455d6735b351710,True
PB,pb2,101,iteration_end,90,15,2517,2517,True,e54aac71803783a3,e54aac71803783a3,True
PB,pb2,101,iteration_end,90,16,2458,2458,True,0d22cfe7c1a9ee5f,0d22cfe7c1a9ee5f,True
PB,pb2,101,iteration_end,90,17,2429,2429,True,0f850e54423894c5,0f850e54423894c5,True
PB,pb2,101,iteration_end,90,18,2395,2395,True,e74a9720e7c3f4e2,e74a9720e7c3f4e2,True
PB,pb2,101,iteration_end,90,19,2286,2286,True,79ad4ac0f49b6297,79ad4ac0f49b6297,True
PB,pb2,101,iteration_end,91,0,3117,3117,True,f1e94d6204ee1903,f1e94d6204ee1903,True
PB,pb2,101,iteration_end,91,1,3117,3117,True,f1e94d6204ee1903,f1e94d6204ee1903,True
PB,pb2,101,iteration_end,91,2,3117,3117,True,f1e94d6204ee1903,f1e94d6204ee1903,True
PB,pb2,101,iteration_end,91,3,3070,3070,True,c3e62d7d90dc4aab,c3e62d7d90dc4aab,True
PB,pb2,101,iteration_end,91,4,3070,3070,True,c3e62d7d90dc4aab,c3e62d7d90dc4aab,True
PB,pb2,101,iteration_end,91,5,2984,2984,True,485b14da0c51f9b6,485b14da0c51f9b6,True
PB,pb2,101,iteration_end,91,6,2984,2984,True,485b14da0c51f9b6,485b14da0c51f9b6,True
PB,pb2,101,iteration_end,91,7,2887,2887,True,5ac36c852dade33e,5ac36c852dade33e,True
PB,pb2,101,iteration_end,91,8,2886,2886,True,2657059c07547a81,2657059c07547a81,True
PB,pb2,101,iteration_end,91,9,2886,2886,True,2657059c07547a81,2657059c07547a81,True
PB,pb2,101,iteration_end,91,10,2857,2857,True,abc3a47098e99920,abc3a47098e99920,True
PB,pb2,101,iteration_end,91,11,2852,2852,True,8ebf597338e97c7e,8ebf597338e97c7e,True
PB,pb2,101,iteration_end,91,12,2843,2843,True,c2e106ff1a3f719a,c2e106ff1a3f719a,True
PB,pb2,101,iteration_end,91,13,2788,2788,True,140265258d5a41bb,140265258d5a41bb,True
PB,pb2,101,iteration_end,91,14,2788,2788,True,140265258d5a41bb,140265258d5a41bb,True
PB,pb2,101,iteration_end,91,15,2788,2788,True,140265258d5a41bb,140265258d5a41bb,True
PB,pb2,101,iteration_end,91,16,2788,2788,True,140265258d5a41bb,140265258d5a41bb,True
PB,pb2,101,iteration_end,91,17,2770,2770,True,1e760ffd19598b2e,1e760ffd19598b2e,True
PB,pb2,101,iteration_end,91,18,2701,2701,True,87a82ae769c5f83a,87a82ae769c5f83a,True
PB,pb2,101,iteration_end,91,19,2421,2421,True,6a630ca7891550c1,6a630ca7891550c1,True
PB,pb2,101,iteration_end,92,0,3143,3143,True,564eb43b610b69a4,564eb43b610b69a4,True
PB,pb2,101,iteration_end,92,1,3070,3070,True,c3e62d7d90dc4aab,c3e62d7d90dc4aab,True
PB,pb2,101,iteration_end,92,2,3070,3070,True,c3e62d7d90dc4aab,c3e62d7d90dc4aab,True
PB,pb2,101,iteration_end,92,3,3030,3030,True,448ff27c05ba1342,448ff27c05ba1342,True
PB,pb2,101,iteration_end,92,4,2989,2989,True,b20db43510866ae2,b20db43510866ae2,True
PB,pb2,101,iteration_end,92,5,2989,2989,True,b20db43510866ae2,b20db43510866ae2,True
PB,pb2,101,iteration_end,92,6,2947,2947,True,645fb4ee03d70a01,645fb4ee03d70a01,True
PB,pb2,101,iteration_end,92,7,2910,2910,True,5444782681011ec1,5444782681011ec1,True
PB,pb2,101,iteration_end,92,8,2886,2886,True,2657059c07547a81,2657059c07547a81,True
PB,pb2,101,iteration_end,92,9,2874,2874,True,edfacea3dbdce2a9,edfacea3dbdce2a9,True
PB,pb2,101,iteration_end,92,10,2874,2874,True,ff42e2e6887701a6,ff42e2e6887701a6,True
PB,pb2,101,iteration_end,92,11,2866,2866,True,ba8d3aa3b50e7d71,ba8d3aa3b50e7d71,True
PB,pb2,101,iteration_end,92,12,2819,2819,True,ffbbaabc36a042fb,ffbbaabc36a042fb,True
PB,pb2,101,iteration_end,92,13,2788,2788,True,140265258d5a41bb,140265258d5a41bb,True
PB,pb2,101,iteration_end,92,14,2788,2788,True,140265258d5a41bb,140265258d5a41bb,True
PB,pb2,101,iteration_end,92,15,2788,2788,True,140265258d5a41bb,140265258d5a41bb,True
PB,pb2,101,iteration_end,92,16,2770,2770,True,8d92b303cf41ce3a,8d92b303cf41ce3a,True
PB,pb2,101,iteration_end,92,17,2565,2565,True,e1e0ef16c7ea83a8,e1e0ef16c7ea83a8,True
PB,pb2,101,iteration_end,92,18,2565,2565,True,e1e0ef16c7ea83a8,e1e0ef16c7ea83a8,True
PB,pb2,101,iteration_end,92,19,2382,2382,True,f5475aa2e8ee36a8,f5475aa2e8ee36a8,True
PB,pb2,101,iteration_end,93,0,3143,3143,True,564eb43b610b69a4,564eb43b610b69a4,True
PB,pb2,101,iteration_end,93,1,3089,3089,True,36794667c5f03022,36794667c5f03022,True
PB,pb2,101,iteration_end,93,2,3070,3070,True,c3e62d7d90dc4aab,c3e62d7d90dc4aab,True
PB,pb2,101,iteration_end,93,3,3043,3043,True,86141110c778614a,86141110c778614a,True
PB,pb2,101,iteration_end,93,4,3023,3023,True,70413a13ad901ba4,70413a13ad901ba4,True
PB,pb2,101,iteration_end,93,5,3011,3011,True,71c9ddb0518d64e1,71c9ddb0518d64e1,True
PB,pb2,101,iteration_end,93,6,2970,2970,True,d2d6f95cb13adadc,d2d6f95cb13adadc,True
PB,pb2,101,iteration_end,93,7,2903,2903,True,33544206e0ce584a,33544206e0ce584a,True
PB,pb2,101,iteration_end,93,8,2878,2878,True,0b5221e224a1a2a0,0b5221e224a1a2a0,True
PB,pb2,101,iteration_end,93,9,2856,2856,True,8694c7fdf499854f,8694c7fdf499854f,True
PB,pb2,101,iteration_end,93,10,2788,2788,True,140265258d5a41bb,140265258d5a41bb,True
PB,pb2,101,iteration_end,93,11,2788,2788,True,140265258d5a41bb,140265258d5a41bb,True
PB,pb2,101,iteration_end,93,12,2726,2726,True,f29ae0811c725a41,f29ae0811c725a41,True
PB,pb2,101,iteration_end,93,13,2644,2644,True,bc0fa580d6315347,bc0fa580d6315347,True
PB,pb2,101,iteration_end,93,14,2619,2619,True,daa20b61342143fb,daa20b61342143fb,True
PB,pb2,101,iteration_end,93,15,2610,2610,True,70fd96447ad34f2e,70fd96447ad34f2e,True
PB,pb2,101,iteration_end,93,16,2589,2589,True,447f786951640287,447f786951640287,True
PB,pb2,101,iteration_end,93,17,2570,2570,True,222c55b2bdd88705,222c55b2bdd88705,True
PB,pb2,101,iteration_end,93,18,2508,2508,True,0dafc14328342d7a,0dafc14328342d7a,True
PB,pb2,101,iteration_end,93,19,2351,2351,True,9f6735041e72c395,9f6735041e72c395,True
PB,pb2,101,iteration_end,94,0,3085,3085,True,52816c6a0c89a2f2,52816c6a0c89a2f2,True
PB,pb2,101,iteration_end,94,1,3063,3063,True,ae5426033fd9ab66,ae5426033fd9ab66,True
PB,pb2,101,iteration_end,94,2,3062,3062,True,3f7ea171a01ee24b,3f7ea171a01ee24b,True
PB,pb2,101,iteration_end,94,3,3022,3022,True,4b2a2c758d35dcf1,4b2a2c758d35dcf1,True
PB,pb2,101,iteration_end,94,4,3020,3020,True,da14607500da887a,da14607500da887a,True
PB,pb2,101,iteration_end,94,5,3011,3011,True,3fc02156fe164a8b,3fc02156fe164a8b,True
PB,pb2,101,iteration_end,94,6,3010,3010,True,a80288d128f2c58e,a80288d128f2c58e,True
PB,pb2,101,iteration_end,94,7,2990,2990,True,d186ffe859314970,d186ffe859314970,True
PB,pb2,101,iteration_end,94,8,2950,2950,True,66fea92c2b02ba9b,66fea92c2b02ba9b,True
PB,pb2,101,iteration_end,94,9,2932,2932,True,06b1c216aa64c1b4,06b1c216aa64c1b4,True
PB,pb2,101,iteration_end,94,10,2906,2906,True,4dea4ce0875b57f2,4dea4ce0875b57f2,True
PB,pb2,101,iteration_end,94,11,2874,2874,True,ff42e2e6887701a6,ff42e2e6887701a6,True
PB,pb2,101,iteration_end,94,12,2856,2856,True,8a88f9a2f5e36c9d,8a88f9a2f5e36c9d,True
PB,pb2,101,iteration_end,94,13,2837,2837,True,6f4405e1e2bf4e97,6f4405e1e2bf4e97,True
PB,pb2,101,iteration_end,94,14,2804,2804,True,6925ec68c5c99995,6925ec68c5c99995,True
PB,pb2,101,iteration_end,94,15,2787,2787,True,bc2fe75863194b80,bc2fe75863194b80,True
PB,pb2,101,iteration_end,94,16,2785,2785,True,7fb20d5b762d24a5,7fb20d5b762d24a5,True
PB,pb2,101,iteration_end,94,17,2783,2783,True,61801a93d34e4a3d,61801a93d34e4a3d,True
PB,pb2,101,iteration_end,94,18,2738,2738,True,215c5840294ce369,215c5840294ce369,True
PB,pb2,101,iteration_end,94,19,2373,2373,True,52dd7d28757371ce,52dd7d28757371ce,True
PB,pb2,101,iteration_end,95,0,3143,3143,True,564eb43b610b69a4,564eb43b610b69a4,True
PB,pb2,101,iteration_end,95,1,3114,3114,True,50ccc3ab9f03f66d,50ccc3ab9f03f66d,True
PB,pb2,101,iteration_end,95,2,3019,3019,True,01e2e05c416868b8,01e2e05c416868b8,True
PB,pb2,101,iteration_end,95,3,2987,2987,True,909abf960ca029e2,909abf960ca029e2,True
PB,pb2,101,iteration_end,95,4,2961,2961,True,df939f4824b5c5dd,df939f4824b5c5dd,True
PB,pb2,101,iteration_end,95,5,2961,2961,True,df939f4824b5c5dd,df939f4824b5c5dd,True
PB,pb2,101,iteration_end,95,6,2948,2948,True,b3ec732403f93aa9,b3ec732403f93aa9,True
PB,pb2,101,iteration_end,95,7,2946,2946,True,6399cf01533f072a,6399cf01533f072a,True
PB,pb2,101,iteration_end,95,8,2922,2922,True,dc888bd82b83a466,dc888bd82b83a466,True
PB,pb2,101,iteration_end,95,9,2908,2908,True,585bfd229e40d430,585bfd229e40d430,True
PB,pb2,101,iteration_end,95,10,2876,2876,True,cd40e737fab4f662,cd40e737fab4f662,True
PB,pb2,101,iteration_end,95,11,2857,2857,True,91c0df1e0a0b3706,91c0df1e0a0b3706,True
PB,pb2,101,iteration_end,95,12,2806,2806,True,8c8783c391371752,8c8783c391371752,True
PB,pb2,101,iteration_end,95,13,2788,2788,True,140265258d5a41bb,140265258d5a41bb,True
PB,pb2,101,iteration_end,95,14,2720,2720,True,0c1c99b0cedb2771,0c1c99b0cedb2771,True
PB,pb2,101,iteration_end,95,15,2694,2694,True,479e7e36cc40cefc,479e7e36cc40cefc,True
PB,pb2,101,iteration_end,95,16,2680,2680,True,bf85a76cd9d1b630,bf85a76cd9d1b630,True
PB,pb2,101,iteration_end,95,17,2669,2669,True,871f138f108b866f,871f138f108b866f,True
PB,pb2,101,iteration_end,95,18,2606,2606,True,8f0dfc2b1f9c1211,8f0dfc2b1f9c1211,True
PB,pb2,101,iteration_end,95,19,2402,2402,True,4de26ba44db87ebd,4de26ba44db87ebd,True
PB,pb2,101,iteration_end,96,0,3062,3062,True,d58542c3be50da55,d58542c3be50da55,True
PB,pb2,101,iteration_end,96,1,2989,2989,True,b20db43510866ae2,b20db43510866ae2,True
PB,pb2,101,iteration_end,96,2,2989,2989,True,b20db43510866ae2,b20db43510866ae2,True
PB,pb2,101,iteration_end,96,3,2967,2967,True,5b44c52ec5f25f2f,5b44c52ec5f25f2f,True
PB,pb2,101,iteration_end,96,4,2925,2925,True,298edf89ce6bb13a,298edf89ce6bb13a,True
PB,pb2,101,iteration_end,96,5,2906,2906,True,73596d61f336c26c,73596d61f336c26c,True
PB,pb2,101,iteration_end,96,6,2874,2874,True,ff42e2e6887701a6,ff42e2e6887701a6,True
PB,pb2,101,iteration_end,96,7,2837,2837,True,e47144797c757cf4,e47144797c757cf4,True
PB,pb2,101,iteration_end,96,8,2803,2803,True,79145595822e08b5,79145595822e08b5,True
PB,pb2,101,iteration_end,96,9,2788,2788,True,140265258d5a41bb,140265258d5a41bb,True
PB,pb2,101,iteration_end,96,10,2788,2788,True,140265258d5a41bb,140265258d5a41bb,True
PB,pb2,101,iteration_end,96,11,2788,2788,True,140265258d5a41bb,140265258d5a41bb,True
PB,pb2,101,iteration_end,96,12,2772,2772,True,161bd97d893ddd45,161bd97d893ddd45,True
PB,pb2,101,iteration_end,96,13,2725,2725,True,0d9ff7943f82522e,0d9ff7943f82522e,True
PB,pb2,101,iteration_end,96,14,2634,2634,True,7dce2167df5aca59,7dce2167df5aca59,True
PB,pb2,101,iteration_end,96,15,2606,2606,True,624f49c6cb2e960b,624f49c6cb2e960b,True
PB,pb2,101,iteration_end,96,16,2501,2501,True,8850191ab08039d7,8850191ab08039d7,True
PB,pb2,101,iteration_end,96,17,2446,2446,True,b4ab26e41cb3791c,b4ab26e41cb3791c,True
PB,pb2,101,iteration_end,96,18,2435,2435,True,fcd1b288cc43f8cb,fcd1b288cc43f8cb,True
PB,pb2,101,iteration_end,96,19,2425,2425,True,3ab29b647b6f7778,3ab29b647b6f7778,True
PB,pb2,101,iteration_end,97,0,3148,3148,True,b7809124c7d26d9d,b7809124c7d26d9d,True
PB,pb2,101,iteration_end,97,1,3057,3057,True,a9e7c7e1e5f6677a,a9e7c7e1e5f6677a,True
PB,pb2,101,iteration_end,97,2,2971,2971,True,a6808744ab70047f,a6808744ab70047f,True
PB,pb2,101,iteration_end,97,3,2903,2903,True,33544206e0ce584a,33544206e0ce584a,True
PB,pb2,101,iteration_end,97,4,2874,2874,True,f688a3914ef46233,f688a3914ef46233,True
PB,pb2,101,iteration_end,97,5,2848,2848,True,f3ef369bf26750ad,f3ef369bf26750ad,True
PB,pb2,101,iteration_end,97,6,2845,2845,True,b61c5002cc104f18,b61c5002cc104f18,True
PB,pb2,101,iteration_end,97,7,2813,2813,True,2bcf43d469c27641,2bcf43d469c27641,True
PB,pb2,101,iteration_end,97,8,2806,2806,True,8c8783c391371752,8c8783c391371752,True
PB,pb2,101,iteration_end,97,9,2788,2788,True,140265258d5a41bb,140265258d5a41bb,True
PB,pb2,101,iteration_end,97,10,2776,2776,True,07fb2b2a8bb51590,07fb2b2a8bb51590,True
PB,pb2,101,iteration_end,97,11,2765,2765,True,b075a1c11215f7b7,b075a1c11215f7b7,True
PB,pb2,101,iteration_end,97,12,2731,2731,True,fa30c83ff2a5163b,fa30c83ff2a5163b,True
PB,pb2,101,iteration_end,97,13,2709,2709,True,ffac7fd73c2b9fa3,ffac7fd73c2b9fa3,True
PB,pb2,101,iteration_end,97,14,2640,2640,True,25f3f924fc8da94a,25f3f924fc8da94a,True
PB,pb2,101,iteration_end,97,15,2640,2640,True,25f3f924fc8da94a,25f3f924fc8da94a,True
PB,pb2,101,iteration_end,97,16,2639,2639,True,93078d249b768bf6,93078d249b768bf6,True
PB,pb2,101,iteration_end,97,17,2616,2616,True,2eb0c78cb9245c66,2eb0c78cb9245c66,True
PB,pb2,101,iteration_end,97,18,2554,2554,True,9171e17037adab39,9171e17037adab39,True
PB,pb2,101,iteration_end,97,19,2476,2476,True,cb5fd5c579911ae3,cb5fd5c579911ae3,True
PB,pb2,101,iteration_end,98,0,3148,3148,True,b7809124c7d26d9d,b7809124c7d26d9d,True
PB,pb2,101,iteration_end,98,1,3099,3099,True,796b5be98fe3f770,796b5be98fe3f770,True
PB,pb2,101,iteration_end,98,2,3099,3099,True,796b5be98fe3f770,796b5be98fe3f770,True
PB,pb2,101,iteration_end,98,3,2930,2930,True,98d8210ca113eb1b,98d8210ca113eb1b,True
PB,pb2,101,iteration_end,98,4,2903,2903,True,969a437ff58f5ef4,969a437ff58f5ef4,True
PB,pb2,101,iteration_end,98,5,2884,2884,True,826ef8e59b791baf,826ef8e59b791baf,True
PB,pb2,101,iteration_end,98,6,2862,2862,True,f8afa32093d1ca05,f8afa32093d1ca05,True
PB,pb2,101,iteration_end,98,7,2835,2835,True,f191987d2d1de62f,f191987d2d1de62f,True
PB,pb2,101,iteration_end,98,8,2813,2813,True,1dde1b9676953a62,1dde1b9676953a62,True
PB,pb2,101,iteration_end,98,9,2810,2810,True,aaaaf048236bf437,aaaaf048236bf437,True
PB,pb2,101,iteration_end,98,10,2788,2788,True,140265258d5a41bb,140265258d5a41bb,True
PB,pb2,101,iteration_end,98,11,2788,2788,True,140265258d5a41bb,140265258d5a41bb,True
PB,pb2,101,iteration_end,98,12,2788,2788,True,140265258d5a41bb,140265258d5a41bb,True
PB,pb2,101,iteration_end,98,13,2788,2788,True,140265258d5a41bb,140265258d5a41bb,True
PB,pb2,101,iteration_end,98,14,2713,2713,True,95666fe520c7087a,95666fe520c7087a,True
PB,pb2,101,iteration_end,98,15,2699,2699,True,dd4ee41ec5a9ea4d,dd4ee41ec5a9ea4d,True
PB,pb2,101,iteration_end,98,16,2683,2683,True,000fd8eb390fb45d,000fd8eb390fb45d,True
PB,pb2,101,iteration_end,98,17,2600,2600,True,9eea4067280249fa,9eea4067280249fa,True
PB,pb2,101,iteration_end,98,18,2561,2561,True,217edc46ae31a5a6,217edc46ae31a5a6,True
PB,pb2,101,iteration_end,98,19,2307,2307,True,0aea9b72b5d46f19,0aea9b72b5d46f19,True
PB,pb2,101,iteration_end,99,0,3099,3099,True,796b5be98fe3f770,796b5be98fe3f770,True
PB,pb2,101,iteration_end,99,1,3080,3080,True,88bd74f9d2ec0235,88bd74f9d2ec0235,True
PB,pb2,101,iteration_end,99,2,3063,3063,True,01be01932b1997ab,01be01932b1997ab,True
PB,pb2,101,iteration_end,99,3,3045,3045,True,b9aebdb6233eef1a,b9aebdb6233eef1a,True
PB,pb2,101,iteration_end,99,4,2970,2970,True,8b227952ea282a8c,8b227952ea282a8c,True
PB,pb2,101,iteration_end,99,5,2952,2952,True,7c16d48404fb9a07,7c16d48404fb9a07,True
PB,pb2,101,iteration_end,99,6,2952,2952,True,7c16d48404fb9a07,7c16d48404fb9a07,True
PB,pb2,101,iteration_end,99,7,2937,2937,True,b3a5a689a882e7c5,b3a5a689a882e7c5,True
PB,pb2,101,iteration_end,99,8,2905,2905,True,f4a8c90729497b5c,f4a8c90729497b5c,True
PB,pb2,101,iteration_end,99,9,2903,2903,True,969a437ff58f5ef4,969a437ff58f5ef4,True
PB,pb2,101,iteration_end,99,10,2884,2884,True,826ef8e59b791baf,826ef8e59b791baf,True
PB,pb2,101,iteration_end,99,11,2861,2861,True,3022455000eefb76,3022455000eefb76,True
PB,pb2,101,iteration_end,99,12,2844,2844,True,1054c56b4517224f,1054c56b4517224f,True
PB,pb2,101,iteration_end,99,13,2824,2824,True,ff8e3c88d79288eb,ff8e3c88d79288eb,True
PB,pb2,101,iteration_end,99,14,2772,2772,True,86656528e603c512,86656528e603c512,True
PB,pb2,101,iteration_end,99,15,2691,2691,True,b7655d8e7c6a560f,b7655d8e7c6a560f,True
PB,pb2,101,iteration_end,99,16,2689,2689,True,c93af93856085bb1,c93af93856085bb1,True
PB,pb2,101,iteration_end,99,17,2647,2647,True,e769f7eef504f0cc,e769f7eef504f0cc,True
PB,pb2,101,iteration_end,99,18,2643,2643,True,66efd3091b23c5e9,66efd3091b23c5e9,True
PB,pb2,101,iteration_end,99,19,2174,2174,True,467585541c7eb0c0,467585541c7eb0c0,True
PB,pb2,101,iteration_end,100,0,3148,3148,True,b7809124c7d26d9d,b7809124c7d26d9d,True
PB,pb2,101,iteration_end,100,1,3099,3099,True,796b5be98fe3f770,796b5be98fe3f770,True
PB,pb2,101,iteration_end,100,2,3099,3099,True,796b5be98fe3f770,796b5be98fe3f770,True
PB,pb2,101,iteration_end,100,3,3099,3099,True,796b5be98fe3f770,796b5be98fe3f770,True
PB,pb2,101,iteration_end,100,4,3052,3052,True,4a96e5b58cb0333a,4a96e5b58cb0333a,True
PB,pb2,101,iteration_end,100,5,3025,3025,True,422d3405cab1baec,422d3405cab1baec,True
PB,pb2,101,iteration_end,100,6,2984,2984,True,485b14da0c51f9b6,485b14da0c51f9b6,True
PB,pb2,101,iteration_end,100,7,2962,2962,True,9c63d883068266f7,9c63d883068266f7,True
PB,pb2,101,iteration_end,100,8,2960,2960,True,13febd275d862023,13febd275d862023,True
PB,pb2,101,iteration_end,100,9,2906,2906,True,fe579d63f4c76601,fe579d63f4c76601,True
PB,pb2,101,iteration_end,100,10,2884,2884,True,826ef8e59b791baf,826ef8e59b791baf,True
PB,pb2,101,iteration_end,100,11,2876,2876,True,6650637a19545613,6650637a19545613,True
PB,pb2,101,iteration_end,100,12,2869,2869,True,8b6ebdf5b9c3cbad,8b6ebdf5b9c3cbad,True
PB,pb2,101,iteration_end,100,13,2847,2847,True,6776f90d6a06450b,6776f90d6a06450b,True
PB,pb2,101,iteration_end,100,14,2825,2825,True,20722324c1a6de56,20722324c1a6de56,True
PB,pb2,101,iteration_end,100,15,2806,2806,True,2421a177aa96e30b,2421a177aa96e30b,True
PB,pb2,101,iteration_end,100,16,2788,2788,True,140265258d5a41bb,140265258d5a41bb,True
PB,pb2,101,iteration_end,100,17,2743,2743,True,ffc075eae15fc1ff,ffc075eae15fc1ff,True
PB,pb2,101,iteration_end,100,18,2714,2714,True,492c8827c97e3a77,492c8827c97e3a77,True
PB,pb2,101,iteration_end,100,19,2647,2647,True,e769f7eef504f0cc,e769f7eef504f0cc,True
PB,pb2,101,iteration_end,101,0,3101,3101,True,ad266a2a61d13e16,ad266a2a61d13e16,True
PB,pb2,101,iteration_end,101,1,3090,3090,True,49ec005c1cdbe333,49ec005c1cdbe333,True
PB,pb2,101,iteration_end,101,2,3080,3080,True,88bd74f9d2ec0235,88bd74f9d2ec0235,True
PB,pb2,101,iteration_end,101,3,3057,3057,True,2afd733b8a1e4b0e,2afd733b8a1e4b0e,True
PB,pb2,101,iteration_end,101,4,2953,2953,True,98726c8d73b01d44,98726c8d73b01d44,True
PB,pb2,101,iteration_end,101,5,2903,2903,True,969a437ff58f5ef4,969a437ff58f5ef4,True
PB,pb2,101,iteration_end,101,6,2884,2884,True,c1b70519eabb1dc5,c1b70519eabb1dc5,True
PB,pb2,101,iteration_end,101,7,2884,2884,True,826ef8e59b791baf,826ef8e59b791baf,True
PB,pb2,101,iteration_end,101,8,2884,2884,True,826ef8e59b791baf,826ef8e59b791baf,True
PB,pb2,101,iteration_end,101,9,2856,2856,True,54fd19d7669a31bf,54fd19d7669a31bf,True
PB,pb2,101,iteration_end,101,10,2814,2814,True,269d75a73ecd93ff,269d75a73ecd93ff,True
PB,pb2,101,iteration_end,101,11,2788,2788,True,140265258d5a41bb,140265258d5a41bb,True
PB,pb2,101,iteration_end,101,12,2788,2788,True,140265258d5a41bb,140265258d5a41bb,True
PB,pb2,101,iteration_end,101,13,2780,2780,True,4082017a26f22b9b,4082017a26f22b9b,True
PB,pb2,101,iteration_end,101,14,2746,2746,True,30a634922142441b,30a634922142441b,True
PB,pb2,101,iteration_end,101,15,2509,2509,True,2ef2138960f7d5a6,2ef2138960f7d5a6,True
PB,pb2,101,iteration_end,101,16,2492,2492,True,1743fb4f99a3bdd0,1743fb4f99a3bdd0,True
PB,pb2,101,iteration_end,101,17,2491,2491,True,6904d74d5ae61108,6904d74d5ae61108,True
PB,pb2,101,iteration_end,101,18,2475,2475,True,de520898bc257d13,de520898bc257d13,True
PB,pb2,101,iteration_end,101,19,2456,2456,True,fc73708353a58173,fc73708353a58173,True
PB,pb2,101,iteration_end,102,0,3148,3148,True,b7809124c7d26d9d,b7809124c7d26d9d,True
PB,pb2,101,iteration_end,102,1,3148,3148,True,b7809124c7d26d9d,b7809124c7d26d9d,True
PB,pb2,101,iteration_end,102,2,3148,3148,True,b7809124c7d26d9d,b7809124c7d26d9d,True
PB,pb2,101,iteration_end,102,3,3101,3101,True,ad266a2a61d13e16,ad266a2a61d13e16,True
PB,pb2,101,iteration_end,102,4,3101,3101,True,ad266a2a61d13e16,ad266a2a61d13e16,True
PB,pb2,101,iteration_end,102,5,3099,3099,True,796b5be98fe3f770,796b5be98fe3f770,True
PB,pb2,101,iteration_end,102,6,3080,3080,True,88bd74f9d2ec0235,88bd74f9d2ec0235,True
PB,pb2,101,iteration_end,102,7,3033,3033,True,f8ced544c40e981c,f8ced544c40e981c,True
PB,pb2,101,iteration_end,102,8,2858,2858,True,eb318387d1368653,eb318387d1368653,True
PB,pb2,101,iteration_end,102,9,2855,2855,True,91d0188da7c00b4e,91d0188da7c00b4e,True
PB,pb2,101,iteration_end,102,10,2837,2837,True,6f4405e1e2bf4e97,6f4405e1e2bf4e97,True
PB,pb2,101,iteration_end,102,11,2824,2824,True,b2268a5aa0c4dd77,b2268a5aa0c4dd77,True
PB,pb2,101,iteration_end,102,12,2801,2801,True,b135bae7e84f9bf2,b135bae7e84f9bf2,True
PB,pb2,101,iteration_end,102,13,2788,2788,True,140265258d5a41bb,140265258d5a41bb,True
PB,pb2,101,iteration_end,102,14,2779,2779,True,87638a371245f373,87638a371245f373,True
PB,pb2,101,iteration_end,102,15,2739,2739,True,23fff1969642c691,23fff1969642c691,True
PB,pb2,101,iteration_end,102,16,2705,2705,True,b7e1466a3cf80ca0,b7e1466a3cf80ca0,True
PB,pb2,101,iteration_end,102,17,2642,2642,True,a0e1ec5e450eaea1,a0e1ec5e450eaea1,True
PB,pb2,101,iteration_end,102,18,2569,2569,True,b8c2389a990c06e9,b8c2389a990c06e9,True
PB,pb2,101,iteration_end,102,19,2539,2539,True,e7e2111541997951,e7e2111541997951,True
PB,pb2,101,iteration_end,103,0,3148,3148,True,b7809124c7d26d9d,b7809124c7d26d9d,True
PB,pb2,101,iteration_end,103,1,3099,3099,True,796b5be98fe3f770,796b5be98fe3f770,True
PB,pb2,101,iteration_end,103,2,3099,3099,True,796b5be98fe3f770,796b5be98fe3f770,True
PB,pb2,101,iteration_end,103,3,3087,3087,True,eebfbc225a2f94ec,eebfbc225a2f94ec,True
PB,pb2,101,iteration_end,103,4,3080,3080,True,88bd74f9d2ec0235,88bd74f9d2ec0235,True
PB,pb2,101,iteration_end,103,5,3031,3031,True,d816c6257cd9848b,d816c6257cd9848b,True
PB,pb2,101,iteration_end,103,6,2952,2952,True,7c16d48404fb9a07,7c16d48404fb9a07,True
PB,pb2,101,iteration_end,103,7,2938,2938,True,9c4699413e1da0fb,9c4699413e1da0fb,True
PB,pb2,101,iteration_end,103,8,2918,2918,True,8536976535c86784,8536976535c86784,True
PB,pb2,101,iteration_end,103,9,2837,2837,True,6f4405e1e2bf4e97,6f4405e1e2bf4e97,True
PB,pb2,101,iteration_end,103,10,2825,2825,True,059d2c63983fbff1,059d2c63983fbff1,True
PB,pb2,101,iteration_end,103,11,2819,2819,True,8d08682d5974634b,8d08682d5974634b,True
PB,pb2,101,iteration_end,103,12,2788,2788,True,140265258d5a41bb,140265258d5a41bb,True
PB,pb2,101,iteration_end,103,13,2788,2788,True,140265258d5a41bb,140265258d5a41bb,True
PB,pb2,101,iteration_end,103,14,2788,2788,True,140265258d5a41bb,140265258d5a41bb,True
PB,pb2,101,iteration_end,103,15,2788,2788,True,140265258d5a41bb,140265258d5a41bb,True
PB,pb2,101,iteration_end,103,16,2739,2739,True,c56696c5b932566b,c56696c5b932566b,True
PB,pb2,101,iteration_end,103,17,2578,2578,True,80807e6e0aef95d7,80807e6e0aef95d7,True
PB,pb2,101,iteration_end,103,18,2507,2507,True,61d992efd1b2364b,61d992efd1b2364b,True
PB,pb2,101,iteration_end,103,19,2418,2418,True,6dde9511aecba740,6dde9511aecba740,True
PB,pb2,101,iteration_end,104,0,3148,3148,True,b7809124c7d26d9d,b7809124c7d26d9d,True
PB,pb2,101,iteration_end,104,1,3119,3119,True,7688fcbf6a0d5817,7688fcbf6a0d5817,True
PB,pb2,101,iteration_end,104,2,3101,3101,True,ad266a2a61d13e16,ad266a2a61d13e16,True
PB,pb2,101,iteration_end,104,3,3101,3101,True,ad266a2a61d13e16,ad266a2a61d13e16,True
PB,pb2,101,iteration_end,104,4,3080,3080,True,88bd74f9d2ec0235,88bd74f9d2ec0235,True
PB,pb2,101,iteration_end,104,5,3073,3073,True,4f864ba9c161a33c,4f864ba9c161a33c,True
PB,pb2,101,iteration_end,104,6,3052,3052,True,4a96e5b58cb0333a,4a96e5b58cb0333a,True
PB,pb2,101,iteration_end,104,7,3036,3036,True,220e9b5f9fc88bca,220e9b5f9fc88bca,True
PB,pb2,101,iteration_end,104,8,2970,2970,True,8b227952ea282a8c,8b227952ea282a8c,True
PB,pb2,101,iteration_end,104,9,2952,2952,True,7c16d48404fb9a07,7c16d48404fb9a07,True
PB,pb2,101,iteration_end,104,10,2952,2952,True,7c16d48404fb9a07,7c16d48404fb9a07,True
PB,pb2,101,iteration_end,104,11,2952,2952,True,77131c109f2174ce,77131c109f2174ce,True
PB,pb2,101,iteration_end,104,12,2938,2938,True,da56225b479a8c7b,da56225b479a8c7b,True
PB,pb2,101,iteration_end,104,13,2835,2835,True,f191987d2d1de62f,f191987d2d1de62f,True
PB,pb2,101,iteration_end,104,14,2814,2814,True,269d75a73ecd93ff,269d75a73ecd93ff,True
PB,pb2,101,iteration_end,104,15,2788,2788,True,140265258d5a41bb,140265258d5a41bb,True
PB,pb2,101,iteration_end,104,16,2761,2761,True,a8e96327033d97c2,a8e96327033d97c2,True
PB,pb2,101,iteration_end,104,17,2598,2598,True,5ae826360df3f48a,5ae826360df3f48a,True
PB,pb2,101,iteration_end,104,18,2518,2518,True,b84ecd9a2ed97708,b84ecd9a2ed97708,True
PB,pb2,101,iteration_end,104,19,2515,2515,True,1e4a58e7062bb2fd,1e4a58e7062bb2fd,True
PB,pb2,101,iteration_end,105,0,3119,3119,True,7688fcbf6a0d5817,7688fcbf6a0d5817,True
PB,pb2,101,iteration_end,105,1,3101,3101,True,ad266a2a61d13e16,ad266a2a61d13e16,True
PB,pb2,101,iteration_end,105,2,3089,3089,True,36794667c5f03022,36794667c5f03022,True
PB,pb2,101,iteration_end,105,3,3080,3080,True,88bd74f9d2ec0235,88bd74f9d2ec0235,True
PB,pb2,101,iteration_end,105,4,3026,3026,True,25b2e8206569ec60,25b2e8206569ec60,True
PB,pb2,101,iteration_end,105,5,3020,3020,True,da14607500da887a,da14607500da887a,True
PB,pb2,101,iteration_end,105,6,3009,3009,True,cb97da0a5158bd35,cb97da0a5158bd35,True
PB,pb2,101,iteration_end,105,7,2984,2984,True,485b14da0c51f9b6,485b14da0c51f9b6,True
PB,pb2,101,iteration_end,105,8,2916,2916,True,19bc820ec203a9a3,19bc820ec203a9a3,True
PB,pb2,101,iteration_end,105,9,2903,2903,True,969a437ff58f5ef4,969a437ff58f5ef4,True
PB,pb2,101,iteration_end,105,10,2884,2884,True,826ef8e59b791baf,826ef8e59b791baf,True
PB,pb2,101,iteration_end,105,11,2866,2866,True,15627ae30f6ae570,15627ae30f6ae570,True
PB,pb2,101,iteration_end,105,12,2788,2788,True,140265258d5a41bb,140265258d5a41bb,True
PB,pb2,101,iteration_end,105,13,2788,2788,True,140265258d5a41bb,140265258d5a41bb,True
PB,pb2,101,iteration_end,105,14,2778,2778,True,adea3f74478d1151,adea3f74478d1151,True
PB,pb2,101,iteration_end,105,15,2614,2614,True,c754f12c2c3726bc,c754f12c2c3726bc,True
PB,pb2,101,iteration_end,105,16,2528,2528,True,4875ea95b13d6fbd,4875ea95b13d6fbd,True
PB,pb2,101,iteration_end,105,17,2523,2523,True,b928ac49290c51c3,b928ac49290c51c3,True
PB,pb2,101,iteration_end,105,18,2492,2492,True,a56288704455fd1e,a56288704455fd1e,True
PB,pb2,101,iteration_end,105,19,2223,2223,True,2c0a1796045ee81f,2c0a1796045ee81f,True
PB,pb2,101,iteration_end,106,0,3121,3121,True,f7a3f221864821fb,f7a3f221864821fb,True
PB,pb2,101,iteration_end,106,1,3101,3101,True,ad266a2a61d13e16,ad266a2a61d13e16,True
PB,pb2,101,iteration_end,106,2,3099,3099,True,796b5be98fe3f770,796b5be98fe3f770,True
PB,pb2,101,iteration_end,106,3,3080,3080,True,88bd74f9d2ec0235,88bd74f9d2ec0235,True
PB,pb2,101,iteration_end,106,4,3052,3052,True,4a96e5b58cb0333a,4a96e5b58cb0333a,True
PB,pb2,101,iteration_end,106,5,3047,3047,True,f6eea04fd09b0c88,f6eea04fd09b0c88,True
PB,pb2,101,iteration_end,106,6,2952,2952,True,7c16d48404fb9a07,7c16d48404fb9a07,True
PB,pb2,101,iteration_end,106,7,2947,2947,True,4f37dd6ab7789c48,4f37dd6ab7789c48,True
PB,pb2,101,iteration_end,106,8,2905,2905,True,f4a8c90729497b5c,f4a8c90729497b5c,True
PB,pb2,101,iteration_end,106,9,2889,2889,True,1b399f0f70cb85f1,1b399f0f70cb85f1,True
PB,pb2,101,iteration_end,106,10,2888,2888,True,abfa4a862ffad0c7,abfa4a862ffad0c7,True
PB,pb2,101,iteration_end,106,11,2884,2884,True,826ef8e59b791baf,826ef8e59b791baf,True
PB,pb2,101,iteration_end,106,12,2884,2884,True,826ef8e59b791baf,826ef8e59b791baf,True
PB,pb2,101,iteration_end,106,13,2881,2881,True,73b4846ccca382c7,73b4846ccca382c7,True
PB,pb2,101,iteration_end,106,14,2788,2788,True,140265258d5a41bb,140265258d5a41bb,True
PB,pb2,101,iteration_end,106,15,2747,2747,True,38a5827aa31956db,38a5827aa31956db,True
PB,pb2,101,iteration_end,106,16,2740,2740,True,b00d1059e15c0de2,b00d1059e15c0de2,True
PB,pb2,101,iteration_end,106,17,2601,2601,True,9f33b6d0ffb94f0c,9f33b6d0ffb94f0c,True
PB,pb2,101,iteration_end,106,18,2545,2545,True,5d92cc72f2c7c3d1,5d92cc72f2c7c3d1,True
PB,pb2,101,iteration_end,106,19,2426,2426,True,b4030cd0b436dbed,b4030cd0b436dbed,True
PB,pb2,101,iteration_end,107,0,3148,3148,True,b7809124c7d26d9d,b7809124c7d26d9d,True
PB,pb2,101,iteration_end,107,1,3080,3080,True,88bd74f9d2ec0235,88bd74f9d2ec0235,True
PB,pb2,101,iteration_end,107,2,3035,3035,True,662cbe8ef277cbff,662cbe8ef277cbff,True
PB,pb2,101,iteration_end,107,3,3031,3031,True,d816c6257cd9848b,d816c6257cd9848b,True
PB,pb2,101,iteration_end,107,4,3020,3020,True,da14607500da887a,da14607500da887a,True
PB,pb2,101,iteration_end,107,5,2976,2976,True,9879c7938d7456a1,9879c7938d7456a1,True
PB,pb2,101,iteration_end,107,6,2952,2952,True,7c16d48404fb9a07,7c16d48404fb9a07,True
PB,pb2,101,iteration_end,107,7,2917,2917,True,49b830dfa8a66d97,49b830dfa8a66d97,True
PB,pb2,101,iteration_end,107,8,2903,2903,True,1c4fe0cc75abdc8d,1c4fe0cc75abdc8d,True
PB,pb2,101,iteration_end,107,9,2806,2806,True,80e9156eff6a2a87,80e9156eff6a2a87,True
PB,pb2,101,iteration_end,107,10,2788,2788,True,140265258d5a41bb,140265258d5a41bb,True
PB,pb2,101,iteration_end,107,11,2788,2788,True,140265258d5a41bb,140265258d5a41bb,True
PB,pb2,101,iteration_end,107,12,2788,2788,True,140265258d5a41bb,140265258d5a41bb,True
PB,pb2,101,iteration_end,107,13,2783,2783,True,aa22bfdf1d05ef12,aa22bfdf1d05ef12,True
PB,pb2,101,iteration_end,107,14,2733,2733,True,7d82e78232a82e3b,7d82e78232a82e3b,True
PB,pb2,101,iteration_end,107,15,2711,2711,True,b0427de60e1267ed,b0427de60e1267ed,True
PB,pb2,101,iteration_end,107,16,2643,2643,True,66efd3091b23c5e9,66efd3091b23c5e9,True
PB,pb2,101,iteration_end,107,17,2554,2554,True,9171e17037adab39,9171e17037adab39,True
PB,pb2,101,iteration_end,107,18,2427,2427,True,15389ffa4c5387a4,15389ffa4c5387a4,True
PB,pb2,101,iteration_end,107,19,2323,2323,True,6bae8add4905f9e6,6bae8add4905f9e6,True
PB,pb2,101,iteration_end,108,0,3101,3101,True,ad266a2a61d13e16,ad266a2a61d13e16,True
PB,pb2,101,iteration_end,108,1,3099,3099,True,796b5be98fe3f770,796b5be98fe3f770,True
PB,pb2,101,iteration_end,108,2,3079,3079,True,f5dd6cb6f4538848,f5dd6cb6f4538848,True
PB,pb2,101,iteration_end,108,3,2989,2989,True,cb19afb2b7f8715a,cb19afb2b7f8715a,True
PB,pb2,101,iteration_end,108,4,2952,2952,True,7c16d48404fb9a07,7c16d48404fb9a07,True
PB,pb2,101,iteration_end,108,5,2935,2935,True,39e6170fd911a168,39e6170fd911a168,True
PB,pb2,101,iteration_end,108,6,2884,2884,True,826ef8e59b791baf,826ef8e59b791baf,True
PB,pb2,101,iteration_end,108,7,2843,2843,True,64cf3a9b122e50c2,64cf3a9b122e50c2,True
PB,pb2,101,iteration_end,108,8,2808,2808,True,edaa552c4ef65f94,edaa552c4ef65f94,True
PB,pb2,101,iteration_end,108,9,2798,2798,True,8c17ec6640099db6,8c17ec6640099db6,True
PB,pb2,101,iteration_end,108,10,2792,2792,True,c2fb0d5e0a90b39d,c2fb0d5e0a90b39d,True
PB,pb2,101,iteration_end,108,11,2791,2791,True,27f35ce8804667ed,27f35ce8804667ed,True
PB,pb2,101,iteration_end,108,12,2788,2788,True,140265258d5a41bb,140265258d5a41bb,True
PB,pb2,101,iteration_end,108,13,2788,2788,True,140265258d5a41bb,140265258d5a41bb,True
PB,pb2,101,iteration_end,108,14,2788,2788,True,140265258d5a41bb,140265258d5a41bb,True
PB,pb2,101,iteration_end,108,15,2788,2788,True,140265258d5a41bb,140265258d5a41bb,True
PB,pb2,101,iteration_end,108,16,2710,2710,True,806c3b101c75618f,806c3b101c75618f,True
PB,pb2,101,iteration_end,108,17,2706,2706,True,9d6cae8d1cdabc48,9d6cae8d1cdabc48,True
PB,pb2,101,iteration_end,108,18,2687,2687,True,cf71187941e3e5a7,cf71187941e3e5a7,True
PB,pb2,101,iteration_end,108,19,2516,2516,True,0c7bdb87d335feae,0c7bdb87d335feae,True
PB,pb2,101,iteration_end,109,0,3148,3148,True,b7809124c7d26d9d,b7809124c7d26d9d,True
PB,pb2,101,iteration_end,109,1,3148,3148,True,b7809124c7d26d9d,b7809124c7d26d9d,True
PB,pb2,101,iteration_end,109,2,3148,3148,True,b7809124c7d26d9d,b7809124c7d26d9d,True
PB,pb2,101,iteration_end,109,3,3148,3148,True,b7809124c7d26d9d,b7809124c7d26d9d,True
PB,pb2,101,iteration_end,109,4,3148,3148,True,b7809124c7d26d9d,b7809124c7d26d9d,True
PB,pb2,101,iteration_end,109,5,3101,3101,True,ad266a2a61d13e16,ad266a2a61d13e16,True
PB,pb2,101,iteration_end,109,6,3080,3080,True,88bd74f9d2ec0235,88bd74f9d2ec0235,True
PB,pb2,101,iteration_end,109,7,3052,3052,True,4a96e5b58cb0333a,4a96e5b58cb0333a,True
PB,pb2,101,iteration_end,109,8,3031,3031,True,d816c6257cd9848b,d816c6257cd9848b,True
PB,pb2,101,iteration_end,109,9,2952,2952,True,7c16d48404fb9a07,7c16d48404fb9a07,True
PB,pb2,101,iteration_end,109,10,2945,2945,True,375263842be49333,375263842be49333,True
PB,pb2,101,iteration_end,109,11,2891,2891,True,383026f23da68646,383026f23da68646,True
PB,pb2,101,iteration_end,109,12,2839,2839,True,36d3beed88e00f96,36d3beed88e00f96,True
PB,pb2,101,iteration_end,109,13,2835,2835,True,f191987d2d1de62f,f191987d2d1de62f,True
PB,pb2,101,iteration_end,109,14,2813,2813,True,eedae0c8aa6960f5,eedae0c8aa6960f5,True
PB,pb2,101,iteration_end,109,15,2788,2788,True,140265258d5a41bb,140265258d5a41bb,True
PB,pb2,101,iteration_end,109,16,2759,2759,True,46d2ec1f43c4fde3,46d2ec1f43c4fde3,True
PB,pb2,101,iteration_end,109,17,2701,2701,True,ffacf80312b4f856,ffacf80312b4f856,True
PB,pb2,101,iteration_end,109,18,2640,2640,True,0542a869a90f9668,0542a869a90f9668,True
PB,pb2,101,iteration_end,109,19,2498,2498,True,894e3c61bd91e9cc,894e3c61bd91e9cc,True
PB,pb2,101,iteration_end,110,0,3108,3108,True,8a54daa1c11fa7bc,8a54daa1c11fa7bc,True
PB,pb2,101,iteration_end,110,1,3080,3080,True,88bd74f9d2ec0235,88bd74f9d2ec0235,True
PB,pb2,101,iteration_end,110,2,3080,3080,True,88bd74f9d2ec0235,88bd74f9d2ec0235,True
PB,pb2,101,iteration_end,110,3,3052,3052,True,4a96e5b58cb0333a,4a96e5b58cb0333a,True
PB,pb2,101,iteration_end,110,4,3038,3038,True,31939d7e3263cec3,31939d7e3263cec3,True
PB,pb2,101,iteration_end,110,5,3031,3031,True,d816c6257cd9848b,d816c6257cd9848b,True
PB,pb2,101,iteration_end,110,6,3019,3019,True,bba93f0d7c58f8bd,bba93f0d7c58f8bd,True
PB,pb2,101,iteration_end,110,7,2984,2984,True,485b14da0c51f9b6,485b14da0c51f9b6,True
PB,pb2,101,iteration_end,110,8,2905,2905,True,f4a8c90729497b5c,f4a8c90729497b5c,True
PB,pb2,101,iteration_end,110,9,2905,2905,True,f4a8c90729497b5c,f4a8c90729497b5c,True
PB,pb2,101,iteration_end,110,10,2894,2894,True,bf21c36fe5e705fa,bf21c36fe5e705fa,True
PB,pb2,101,iteration_end,110,11,2884,2884,True,826ef8e59b791baf,826ef8e59b791baf,True
PB,pb2,101,iteration_end,110,12,2854,2854,True,81e1d9066e4f145d,81e1d9066e4f145d,True
PB,pb2,101,iteration_end,110,13,2854,2854,True,81e1d9066e4f145d,81e1d9066e4f145d,True
PB,pb2,101,iteration_end,110,14,2835,2835,True,f191987d2d1de62f,f191987d2d1de62f,True
PB,pb2,101,iteration_end,110,15,2835,2835,True,f191987d2d1de62f,f191987d2d1de62f,True
PB,pb2,101,iteration_end,110,16,2826,2826,True,95aba3252cea2732,95aba3252cea2732,True
PB,pb2,101,iteration_end,110,17,2823,2823,True,5b64641a039aa7c2,5b64641a039aa7c2,True
PB,pb2,101,iteration_end,110,18,2788,2788,True,140265258d5a41bb,140265258d5a41bb,True
PB,pb2,101,iteration_end,110,19,2589,2589,True,1d18796259178892,1d18796259178892,True
PB,pb2,101,iteration_end,111,0,3148,3148,True,b7809124c7d26d9d,b7809124c7d26d9d,True
PB,pb2,101,iteration_end,111,1,3148,3148,True,b7809124c7d26d9d,b7809124c7d26d9d,True
PB,pb2,101,iteration_end,111,2,3148,3148,True,b7809124c7d26d9d,b7809124c7d26d9d,True
PB,pb2,101,iteration_end,111,3,3148,3148,True,b7809124c7d26d9d,b7809124c7d26d9d,True
PB,pb2,101,iteration_end,111,4,3101,3101,True,ad266a2a61d13e16,ad266a2a61d13e16,True
PB,pb2,101,iteration_end,111,5,3101,3101,True,ad266a2a61d13e16,ad266a2a61d13e16,True
PB,pb2,101,iteration_end,111,6,3101,3101,True,ad266a2a61d13e16,ad266a2a61d13e16,True
PB,pb2,101,iteration_end,111,7,3099,3099,True,796b5be98fe3f770,796b5be98fe3f770,True
PB,pb2,101,iteration_end,111,8,3080,3080,True,88bd74f9d2ec0235,88bd74f9d2ec0235,True
PB,pb2,101,iteration_end,111,9,3057,3057,True,afe9d96401ebaf84,afe9d96401ebaf84,True
PB,pb2,101,iteration_end,111,10,3020,3020,True,da14607500da887a,da14607500da887a,True
PB,pb2,101,iteration_end,111,11,3017,3017,True,c51279d19f8e4416,c51279d19f8e4416,True
PB,pb2,101,iteration_end,111,12,2993,2993,True,1bfb08ed05c80cf3,1bfb08ed05c80cf3,True
PB,pb2,101,iteration_end,111,13,2952,2952,True,7c16d48404fb9a07,7c16d48404fb9a07,True
PB,pb2,101,iteration_end,111,14,2934,2934,True,86c5e2940db884f5,86c5e2940db884f5,True
PB,pb2,101,iteration_end,111,15,2902,2902,True,1372d139676309de,1372d139676309de,True
PB,pb2,101,iteration_end,111,16,2856,2856,True,04dd3666c9808a3a,04dd3666c9808a3a,True
PB,pb2,101,iteration_end,111,17,2837,2837,True,6f4405e1e2bf4e97,6f4405e1e2bf4e97,True
PB,pb2,101,iteration_end,111,18,2835,2835,True,f191987d2d1de62f,f191987d2d1de62f,True
PB,pb2,101,iteration_end,111,19,2772,2772,True,4a4b0c577aa7aeff,4a4b0c577aa7aeff,True
PB,pb2,101,iteration_end,112,0,3148,3148,True,b7809124c7d26d9d,b7809124c7d26d9d,True
PB,pb2,101,iteration_end,112,1,3148,3148,True,b7809124c7d26d9d,b7809124c7d26d9d,True
PB,pb2,101,iteration_end,112,2,3148,3148,True,b7809124c7d26d9d,b7809124c7d26d9d,True
PB,pb2,101,iteration_end,112,3,3099,3099,True,796b5be98fe3f770,796b5be98fe3f770,True
PB,pb2,101,iteration_end,112,4,3099,3099,True,796b5be98fe3f770,796b5be98fe3f770,True
PB,pb2,101,iteration_end,112,5,3080,3080,True,88bd74f9d2ec0235,88bd74f9d2ec0235,True
PB,pb2,101,iteration_end,112,6,3074,3074,True,c3e300a82471d4a0,c3e300a82471d4a0,True
PB,pb2,101,iteration_end,112,7,3052,3052,True,4a96e5b58cb0333a,4a96e5b58cb0333a,True
PB,pb2,101,iteration_end,112,8,3031,3031,True,d816c6257cd9848b,d816c6257cd9848b,True
PB,pb2,101,iteration_end,112,9,3008,3008,True,5926734030b970ed,5926734030b970ed,True
PB,pb2,101,iteration_end,112,10,2935,2935,True,832dc421ddc08527,832dc421ddc08527,True
PB,pb2,101,iteration_end,112,11,2892,2892,True,387902c6c8784175,387902c6c8784175,True
PB,pb2,101,iteration_end,112,12,2811,2811,True,504c156ff2fc3776,504c156ff2fc3776,True
PB,pb2,101,iteration_end,112,13,2788,2788,True,140265258d5a41bb,140265258d5a41bb,True
PB,pb2,101,iteration_end,112,14,2788,2788,True,140265258d5a41bb,140265258d5a41bb,True
PB,pb2,101,iteration_end,112,15,2765,2765,True,a52faf6260e5f869,a52faf6260e5f869,True
PB,pb2,101,iteration_end,112,16,2754,2754,True,153093d9df422771,153093d9df422771,True
PB,pb2,101,iteration_end,112,17,2743,2743,True,ca47d541d2bfc067,ca47d541d2bfc067,True
PB,pb2,101,iteration_end,112,18,2700,2700,True,4ec64f3369397702,4ec64f3369397702,True
PB,pb2,101,iteration_end,112,19,2619,2619,True,e841153f0a7c6300,e841153f0a7c6300,True
PB,pb2,101,iteration_end,113,0,3101,3101,True,1de6fc5c45e0ac1d,1de6fc5c45e0ac1d,True
PB,pb2,101,iteration_end,113,1,3080,3080,True,88bd74f9d2ec0235,88bd74f9d2ec0235,True
PB,pb2,101,iteration_end,113,2,3057,3057,True,2afd733b8a1e4b0e,2afd733b8a1e4b0e,True
PB,pb2,101,iteration_end,113,3,3033,3033,True,f8ced544c40e981c,f8ced544c40e981c,True
PB,pb2,101,iteration_end,113,4,2997,2997,True,23770d380ae6e2fe,23770d380ae6e2fe,True
PB,pb2,101,iteration_end,113,5,2926,2926,True,0f6a910f7fb1c7b9,0f6a910f7fb1c7b9,True
PB,pb2,101,iteration_end,113,6,2912,2912,True,4b49f3f2684d29dc,4b49f3f2684d29dc,True
PB,pb2,101,iteration_end,113,7,2893,2893,True,04b75c889f3c49ee,04b75c889f3c49ee,True
PB,pb2,101,iteration_end,113,8,2869,2869,True,ee66271d509ab656,ee66271d509ab656,True
PB,pb2,101,iteration_end,113,9,2840,2840,True,9864b9050f8c1978,9864b9050f8c1978,True
PB,pb2,101,iteration_end,113,10,2833,2833,True,71ae17bcba331d44,71ae17bcba331d44,True
PB,pb2,101,iteration_end,113,11,2816,2816,True,8cd3acf3a6524aa0,8cd3acf3a6524aa0,True
PB,pb2,101,iteration_end,113,12,2800,2800,True,70fbcdacd5bcc02c,70fbcdacd5bcc02c,True
PB,pb2,101,iteration_end,113,13,2775,2775,True,6221ef4eb3e34ac6,6221ef4eb3e34ac6,True
PB,pb2,101,iteration_end,113,14,2768,2768,True,2008ba8ac618c875,2008ba8ac618c875,True
PB,pb2,101,iteration_end,113,15,2743,2743,True,ca47d541d2bfc067,ca47d541d2bfc067,True
PB,pb2,101,iteration_end,113,16,2726,2726,True,65b60de62c48a28a,65b60de62c48a28a,True
PB,pb2,101,iteration_end,113,17,2643,2643,True,66efd3091b23c5e9,66efd3091b23c5e9,True
PB,pb2,101,iteration_end,113,18,2632,2632,True,99cedf11d1cd52cc,99cedf11d1cd52cc,True
PB,pb2,101,iteration_end,113,19,2567,2567,True,9e6b59ddea1bdc12,9e6b59ddea1bdc12,True
PB,pb2,101,iteration_end,114,0,3080,3080,True,88bd74f9d2ec0235,88bd74f9d2ec0235,True
PB,pb2,101,iteration_end,114,1,3052,3052,True,bbeb0cfb3de43fa5,bbeb0cfb3de43fa5,True
PB,pb2,101,iteration_end,114,2,2989,2989,True,a3d704846242258d,a3d704846242258d,True
PB,pb2,101,iteration_end,114,3,2988,2988,True,1244f2fe52042497,1244f2fe52042497,True
PB,pb2,101,iteration_end,114,4,2972,2972,True,23d7f532819480ff,23d7f532819480ff,True
PB,pb2,101,iteration_end,114,5,2960,2960,True,0532a0709db5e1f1,0532a0709db5e1f1,True
PB,pb2,101,iteration_end,114,6,2952,2952,True,277b9c6b3012fa42,277b9c6b3012fa42,True
PB,pb2,101,iteration_end,114,7,2917,2917,True,49b830dfa8a66d97,49b830dfa8a66d97,True
PB,pb2,101,iteration_end,114,8,2912,2912,True,18610e7c5077334f,18610e7c5077334f,True
PB,pb2,101,iteration_end,114,9,2877,2877,True,bfceac14ae7c7dc3,bfceac14ae7c7dc3,True
PB,pb2,101,iteration_end,114,10,2857,2857,True,91c0df1e0a0b3706,91c0df1e0a0b3706,True
PB,pb2,101,iteration_end,114,11,2848,2848,True,73192a58d2a5296f,73192a58d2a5296f,True
PB,pb2,101,iteration_end,114,12,2801,2801,True,b135bae7e84f9bf2,b135bae7e84f9bf2,True
PB,pb2,101,iteration_end,114,13,2788,2788,True,140265258d5a41bb,140265258d5a41bb,True
PB,pb2,101,iteration_end,114,14,2788,2788,True,140265258d5a41bb,140265258d5a41bb,True
PB,pb2,101,iteration_end,114,15,2788,2788,True,140265258d5a41bb,140265258d5a41bb,True
PB,pb2,101,iteration_end,114,16,2696,2696,True,92b616a9ac17decf,92b616a9ac17decf,True
PB,pb2,101,iteration_end,114,17,2623,2623,True,0901529bd68a2c84,0901529bd68a2c84,True
PB,pb2,101,iteration_end,114,18,2387,2387,True,6fb9ef3b9ea128ac,6fb9ef3b9ea128ac,True
PB,pb2,101,iteration_end,114,19,2377,2377,True,63c55b48c4fc725f,63c55b48c4fc725f,True
PB,pb2,101,iteration_end,115,0,3148,3148,True,b7809124c7d26d9d,b7809124c7d26d9d,True
PB,pb2,101,iteration_end,115,1,3101,3101,True,ad266a2a61d13e16,ad266a2a61d13e16,True
PB,pb2,101,iteration_end,115,2,3101,3101,True,ad266a2a61d13e16,ad266a2a61d13e16,True
PB,pb2,101,iteration_end,115,3,3101,3101,True,ad266a2a61d13e16,ad266a2a61d13e16,True
PB,pb2,101,iteration_end,115,4,3099,3099,True,796b5be98fe3f770,796b5be98fe3f770,True
PB,pb2,101,iteration_end,115,5,3049,3049,True,9e69c941338285d9,9e69c941338285d9,True
PB,pb2,101,iteration_end,115,6,3031,3031,True,d816c6257cd9848b,d816c6257cd9848b,True
PB,pb2,101,iteration_end,115,7,2988,2988,True,1244f2fe52042497,1244f2fe52042497,True
PB,pb2,101,iteration_end,115,8,2952,2952,True,7c16d48404fb9a07,7c16d48404fb9a07,True
PB,pb2,101,iteration_end,115,9,2952,2952,True,7c16d48404fb9a07,7c16d48404fb9a07,True
PB,pb2,101,iteration_end,115,10,2947,2947,True,7be294851897ef8a,7be294851897ef8a,True
PB,pb2,101,iteration_end,115,11,2935,2935,True,39e6170fd911a168,39e6170fd911a168,True
PB,pb2,101,iteration_end,115,12,2906,2906,True,76bdb6b4906e62a8,76bdb6b4906e62a8,True
PB,pb2,101,iteration_end,115,13,2884,2884,True,826ef8e59b791baf,826ef8e59b791baf,True
PB,pb2,101,iteration_end,115,14,2799,2799,True,b60c774187367ff1,b60c774187367ff1,True
PB,pb2,101,iteration_end,115,15,2788,2788,True,140265258d5a41bb,140265258d5a41bb,True
PB,pb2,101,iteration_end,115,16,2788,2788,True,140265258d5a41bb,140265258d5a41bb,True
PB,pb2,101,iteration_end,115,17,2700,2700,True,4ec64f3369397702,4ec64f3369397702,True
PB,pb2,101,iteration_end,115,18,2649,2649,True,f07239321507acce,f07239321507acce,True
PB,pb2,101,iteration_end,115,19,2465,2465,True,908667cb7708adaf,908667cb7708adaf,True
PB,pb2,101,iteration_end,116,0,3148,3148,True,b7809124c7d26d9d,b7809124c7d26d9d,True
PB,pb2,101,iteration_end,116,1,3148,3148,True,b7809124c7d26d9d,b7809124c7d26d9d,True
PB,pb2,101,iteration_end,116,2,3148,3148,True,b7809124c7d26d9d,b7809124c7d26d9d,True
PB,pb2,101,iteration_end,116,3,3148,3148,True,b7809124c7d26d9d,b7809124c7d26d9d,True
PB,pb2,101,iteration_end,116,4,3148,3148,True,b7809124c7d26d9d,b7809124c7d26d9d,True
PB,pb2,101,iteration_end,116,5,3148,3148,True,b7809124c7d26d9d,b7809124c7d26d9d,True
PB,pb2,101,iteration_end,116,6,3101,3101,True,ad266a2a61d13e16,ad266a2a61d13e16,True
PB,pb2,101,iteration_end,116,7,3099,3099,True,796b5be98fe3f770,796b5be98fe3f770,True
PB,pb2,101,iteration_end,116,8,3099,3099,True,796b5be98fe3f770,796b5be98fe3f770,True
PB,pb2,101,iteration_end,116,9,3033,3033,True,f8ced544c40e981c,f8ced544c40e981c,True
PB,pb2,101,iteration_end,116,10,2952,2952,True,7c16d48404fb9a07,7c16d48404fb9a07,True
PB,pb2,101,iteration_end,116,11,2905,2905,True,f4a8c90729497b5c,f4a8c90729497b5c,True
PB,pb2,101,iteration_end,116,12,2903,2903,True,969a437ff58f5ef4,969a437ff58f5ef4,True
PB,pb2,101,iteration_end,116,13,2884,2884,True,826ef8e59b791baf,826ef8e59b791baf,True
PB,pb2,101,iteration_end,116,14,2869,2869,True,d2f785c5557e4200,d2f785c5557e4200,True
PB,pb2,101,iteration_end,116,15,2856,2856,True,04dd3666c9808a3a,04dd3666c9808a3a,True
PB,pb2,101,iteration_end,116,16,2850,2850,True,02ec894308afbce5,02ec894308afbce5,True
PB,pb2,101,iteration_end,116,17,2835,2835,True,f191987d2d1de62f,f191987d2d1de62f,True
PB,pb2,101,iteration_end,116,18,2835,2835,True,f191987d2d1de62f,f191987d2d1de62f,True
PB,pb2,101,iteration_end,116,19,2682,2682,True,9e7d53b630da3e3f,9e7d53b630da3e3f,True
PB,pb2,101,iteration_end,117,0,3148,3148,True,b7809124c7d26d9d,b7809124c7d26d9d,True
PB,pb2,101,iteration_end,117,1,3148,3148,True,b7809124c7d26d9d,b7809124c7d26d9d,True
PB,pb2,101,iteration_end,117,2,3148,3148,True,b7809124c7d26d9d,b7809124c7d26d9d,True
PB,pb2,101,iteration_end,117,3,3101,3101,True,ad266a2a61d13e16,ad266a2a61d13e16,True
PB,pb2,101,iteration_end,117,4,3052,3052,True,4a96e5b58cb0333a,4a96e5b58cb0333a,True
PB,pb2,101,iteration_end,117,5,3033,3033,True,f8ced544c40e981c,f8ced544c40e981c,True
PB,pb2,101,iteration_end,117,6,2905,2905,True,f4a8c90729497b5c,f4a8c90729497b5c,True
PB,pb2,101,iteration_end,117,7,2903,2903,True,969a437ff58f5ef4,969a437ff58f5ef4,True
PB,pb2,101,iteration_end,117,8,2884,2884,True,826ef8e59b791baf,826ef8e59b791baf,True
PB,pb2,101,iteration_end,117,9,2856,2856,True,04dd3666c9808a3a,04dd3666c9808a3a,True
PB,pb2,101,iteration_end,117,10,2856,2856,True,04dd3666c9808a3a,04dd3666c9808a3a,True
PB,pb2,101,iteration_end,117,11,2837,2837,True,6f4405e1e2bf4e97,6f4405e1e2bf4e97,True
PB,pb2,101,iteration_end,117,12,2788,2788,True,140265258d5a41bb,140265258d5a41bb,True
PB,pb2,101,iteration_end,117,13,2788,2788,True,140265258d5a41bb,140265258d5a41bb,True
PB,pb2,101,iteration_end,117,14,2746,2746,True,30a634922142441b,30a634922142441b,True
PB,pb2,101,iteration_end,117,15,2656,2656,True,357f87c276dbb8a3,357f87c276dbb8a3,True
PB,pb2,101,iteration_end,117,16,2609,2609,True,e605c786c2eb030f,e605c786c2eb030f,True
PB,pb2,101,iteration_end,117,17,2520,2520,True,db66ba2c429614b4,db66ba2c429614b4,True
PB,pb2,101,iteration_end,117,18,2511,2511,True,d0395f548b49a464,d0395f548b49a464,True
PB,pb2,101,iteration_end,117,19,2375,2375,True,84168c94f317e054,84168c94f317e054,True
PB,pb2,101,iteration_end,118,0,3148,3148,True,b7809124c7d26d9d,b7809124c7d26d9d,True
PB,pb2,101,iteration_end,118,1,3100,3100,True,ecadd066a353c632,ecadd066a353c632,True
PB,pb2,101,iteration_end,118,2,3052,3052,True,4a96e5b58cb0333a,4a96e5b58cb0333a,True
PB,pb2,101,iteration_end,118,3,2986,2986,True,0b0c6ecccbae1cdf,0b0c6ecccbae1cdf,True
PB,pb2,101,iteration_end,118,4,2905,2905,True,f4a8c90729497b5c,f4a8c90729497b5c,True
PB,pb2,101,iteration_end,118,5,2893,2893,True,04b75c889f3c49ee,04b75c889f3c49ee,True
PB,pb2,101,iteration_end,118,6,2884,2884,True,826ef8e59b791baf,826ef8e59b791baf,True
PB,pb2,101,iteration_end,118,7,2876,2876,True,7e6e52258c6c631b,7e6e52258c6c631b,True
PB,pb2,101,iteration_end,118,8,2874,2874,True,ff42e2e6887701a6,ff42e2e6887701a6,True
PB,pb2,101,iteration_end,118,9,2844,2844,True,1054c56b4517224f,1054c56b4517224f,True
PB,pb2,101,iteration_end,118,10,2835,2835,True,f191987d2d1de62f,f191987d2d1de62f,True
PB,pb2,101,iteration_end,118,11,2835,2835,True,f191987d2d1de62f,f191987d2d1de62f,True
PB,pb2,101,iteration_end,118,12,2788,2788,True,140265258d5a41bb,140265258d5a41bb,True
PB,pb2,101,iteration_end,118,13,2774,2774,True,4fc7c3fa041decda,4fc7c3fa041decda,True
PB,pb2,101,iteration_end,118,14,2746,2746,True,30a634922142441b,30a634922142441b,True
PB,pb2,101,iteration_end,118,15,2599,2599,True,fdf3a5e8250b1831,fdf3a5e8250b1831,True
PB,pb2,101,iteration_end,118,16,2595,2595,True,51e5ec6543bad420,51e5ec6543bad420,True
PB,pb2,101,iteration_end,118,17,2567,2567,True,9e6b59ddea1bdc12,9e6b59ddea1bdc12,True
PB,pb2,101,iteration_end,118,18,2559,2559,True,eeb182c7239a2097,eeb182c7239a2097,True
PB,pb2,101,iteration_end,118,19,2552,2552,True,4b0ef2a36d5740cd,4b0ef2a36d5740cd,True
PB,pb2,101,iteration_end,119,0,3148,3148,True,b7809124c7d26d9d,b7809124c7d26d9d,True
PB,pb2,101,iteration_end,119,1,3148,3148,True,b7809124c7d26d9d,b7809124c7d26d9d,True
PB,pb2,101,iteration_end,119,2,3101,3101,True,ad266a2a61d13e16,ad266a2a61d13e16,True
PB,pb2,101,iteration_end,119,3,3101,3101,True,ad266a2a61d13e16,ad266a2a61d13e16,True
PB,pb2,101,iteration_end,119,4,3099,3099,True,796b5be98fe3f770,796b5be98fe3f770,True
PB,pb2,101,iteration_end,119,5,3074,3074,True,c3e300a82471d4a0,c3e300a82471d4a0,True
PB,pb2,101,iteration_end,119,6,3038,3038,True,43584d088517a480,43584d088517a480,True
PB,pb2,101,iteration_end,119,7,3033,3033,True,f8ced544c40e981c,f8ced544c40e981c,True
PB,pb2,101,iteration_end,119,8,2993,2993,True,cbb3a4f430b4c001,cbb3a4f430b4c001,True
PB,pb2,101,iteration_end,119,9,2987,2987,True,be01e425d6c0d463,be01e425d6c0d463,True
PB,pb2,101,iteration_end,119,10,2985,2985,True,0c77abc6af6e4b0b,0c77abc6af6e4b0b,True
PB,pb2,101,iteration_end,119,11,2984,2984,True,485b14da0c51f9b6,485b14da0c51f9b6,True
PB,pb2,101,iteration_end,119,12,2952,2952,True,7c16d48404fb9a07,7c16d48404fb9a07,True
PB,pb2,101,iteration_end,119,13,2905,2905,True,f4a8c90729497b5c,f4a8c90729497b5c,True
PB,pb2,101,iteration_end,119,14,2903,2903,True,969a437ff58f5ef4,969a437ff58f5ef4,True
PB,pb2,101,iteration_end,119,15,2847,2847,True,99d2b34f2c8ece61,99d2b34f2c8ece61,True
PB,pb2,101,iteration_end,119,16,2759,2759,True,46d2ec1f43c4fde3,46d2ec1f43c4fde3,True
PB,pb2,101,iteration_end,119,17,2748,2748,True,8aefc8ec7d3ac985,8aefc8ec7d3ac985,True
PB,pb2,101,iteration_end,119,18,2705,2705,True,9e1fdc9fc67bd133,9e1fdc9fc67bd133,True
PB,pb2,101,iteration_end,119,19,2230,2230,True,80ed6a9abeb5b285,80ed6a9abeb5b285,True
PB,pb2,101,iteration_end,120,0,3148,3148,True,b7809124c7d26d9d,b7809124c7d26d9d,True
PB,pb2,101,iteration_end,120,1,3099,3099,True,796b5be98fe3f770,796b5be98fe3f770,True
PB,pb2,101,iteration_end,120,2,3052,3052,True,4a96e5b58cb0333a,4a96e5b58cb0333a,True
PB,pb2,101,iteration_end,120,3,2988,2988,True,1244f2fe52042497,1244f2fe52042497,True
PB,pb2,101,iteration_end,120,4,2971,2971,True,79ca3c5fea1afb3c,79ca3c5fea1afb3c,True
PB,pb2,101,iteration_end,120,5,2955,2955,True,6c6f7a5f0ef6d99d,6c6f7a5f0ef6d99d,True
PB,pb2,101,iteration_end,120,6,2948,2948,True,8b16fa0db7fc0609,8b16fa0db7fc0609,True
PB,pb2,101,iteration_end,120,7,2939,2939,True,57f77f3c612ae7e6,57f77f3c612ae7e6,True
PB,pb2,101,iteration_end,120,8,2896,2896,True,908e24e2cb811b39,908e24e2cb811b39,True
PB,pb2,101,iteration_end,120,9,2875,2875,True,a92d3f9fdafb60f6,a92d3f9fdafb60f6,True
PB,pb2,101,iteration_end,120,10,2856,2856,True,b3ec27e15bd01ed9,b3ec27e15bd01ed9,True
PB,pb2,101,iteration_end,120,11,2826,2826,True,605ab4ad1b947d4c,605ab4ad1b947d4c,True
PB,pb2,101,iteration_end,120,12,2803,2803,True,832d04b35b3c1ae6,832d04b35b3c1ae6,True
PB,pb2,101,iteration_end,120,13,2788,2788,True,140265258d5a41bb,140265258d5a41bb,True
PB,pb2,101,iteration_end,120,14,2788,2788,True,140265258d5a41bb,140265258d5a41bb,True
PB,pb2,101,iteration_end,120,15,2788,2788,True,140265258d5a41bb,140265258d5a41bb,True
PB,pb2,101,iteration_end,120,16,2747,2747,True,38a5827aa31956db,38a5827aa31956db,True
PB,pb2,101,iteration_end,120,17,2745,2745,True,2273b99246fedcb7,2273b99246fedcb7,True
PB,pb2,101,iteration_end,120,18,2698,2698,True,c38754ae3bb7f078,c38754ae3bb7f078,True
PB,pb2,101,iteration_end,120,19,2686,2686,True,5eed3961deda1b3e,5eed3961deda1b3e,True
PB,pb2,101,iteration_end,121,0,3099,3099,True,796b5be98fe3f770,796b5be98fe3f770,True
PB,pb2,101,iteration_end,121,1,3080,3080,True,88bd74f9d2ec0235,88bd74f9d2ec0235,True
PB,pb2,101,iteration_end,121,2,3068,3068,True,69e93a2798419cb6,69e93a2798419cb6,True
PB,pb2,101,iteration_end,121,3,3035,3035,True,2721250c12bfb7f5,2721250c12bfb7f5,True
PB,pb2,101,iteration_end,121,4,2988,2988,True,1244f2fe52042497,1244f2fe52042497,True
PB,pb2,101,iteration_end,121,5,2952,2952,True,7c16d48404fb9a07,7c16d48404fb9a07,True
PB,pb2,101,iteration_end,121,6,2952,2952,True,7c16d48404fb9a07,7c16d48404fb9a07,True
PB,pb2,101,iteration_end,121,7,2952,2952,True,7c16d48404fb9a07,7c16d48404fb9a07,True
PB,pb2,101,iteration_end,121,8,2927,2927,True,b320571396a3a970,b320571396a3a970,True
PB,pb2,101,iteration_end,121,9,2884,2884,True,826ef8e59b791baf,826ef8e59b791baf,True
PB,pb2,101,iteration_end,121,10,2877,2877,True,e5eda77c9ba55767,e5eda77c9ba55767,True
PB,pb2,101,iteration_end,121,11,2867,2867,True,5bb2692980eff0c2,5bb2692980eff0c2,True
PB,pb2,101,iteration_end,121,12,2837,2837,True,6f4405e1e2bf4e97,6f4405e1e2bf4e97,True
PB,pb2,101,iteration_end,121,13,2828,2828,True,c63dc65e3cd5941e,c63dc65e3cd5941e,True
PB,pb2,101,iteration_end,121,14,2827,2827,True,eb22c9fa09206cb9,eb22c9fa09206cb9,True
PB,pb2,101,iteration_end,121,15,2814,2814,True,e65c1a4b0d796a6b,e65c1a4b0d796a6b,True
PB,pb2,101,iteration_end,121,16,2788,2788,True,140265258d5a41bb,140265258d5a41bb,True
PB,pb2,101,iteration_end,121,17,2788,2788,True,140265258d5a41bb,140265258d5a41bb,True
PB,pb2,101,iteration_end,121,18,2689,2689,True,77f5c17ef369d8c4,77f5c17ef369d8c4,True
PB,pb2,101,iteration_end,121,19,2489,2489,True,bda8e9b451e72161,bda8e9b451e72161,True
PB,pb2,101,iteration_end,122,0,3148,3148,True,b7809124c7d26d9d,b7809124c7d26d9d,True
PB,pb2,101,iteration_end,122,1,3148,3148,True,b7809124c7d26d9d,b7809124c7d26d9d,True
PB,pb2,101,iteration_end,122,2,3080,3080,True,88bd74f9d2ec0235,88bd74f9d2ec0235,True
PB,pb2,101,iteration_end,122,3,3080,3080,True,88bd74f9d2ec0235,88bd74f9d2ec0235,True
PB,pb2,101,iteration_end,122,4,3052,3052,True,4a96e5b58cb0333a,4a96e5b58cb0333a,True
PB,pb2,101,iteration_end,122,5,2952,2952,True,7c16d48404fb9a07,7c16d48404fb9a07,True
PB,pb2,101,iteration_end,122,6,2952,2952,True,7c16d48404fb9a07,7c16d48404fb9a07,True
PB,pb2,101,iteration_end,122,7,2927,2927,True,44c156c9e63946b2,44c156c9e63946b2,True
PB,pb2,101,iteration_end,122,8,2908,2908,True,a48efe347efdb7e8,a48efe347efdb7e8,True
PB,pb2,101,iteration_end,122,9,2903,2903,True,969a437ff58f5ef4,969a437ff58f5ef4,True
PB,pb2,101,iteration_end,122,10,2884,2884,True,826ef8e59b791baf,826ef8e59b791baf,True
PB,pb2,101,iteration_end,122,11,2837,2837,True,6f4405e1e2bf4e97,6f4405e1e2bf4e97,True
PB,pb2,101,iteration_end,122,12,2806,2806,True,f14eef52482ef984,f14eef52482ef984,True
PB,pb2,101,iteration_end,122,13,2788,2788,True,140265258d5a41bb,140265258d5a41bb,True
PB,pb2,101,iteration_end,122,14,2788,2788,True,140265258d5a41bb,140265258d5a41bb,True
PB,pb2,101,iteration_end,122,15,2788,2788,True,140265258d5a41bb,140265258d5a41bb,True
PB,pb2,101,iteration_end,122,16,2754,2754,True,67d5a5809b35f9c1,67d5a5809b35f9c1,True
PB,pb2,101,iteration_end,122,17,2688,2688,True,020aa7debde6c0f0,020aa7debde6c0f0,True
PB,pb2,101,iteration_end,122,18,2626,2626,True,3cbb1d7f11e11c98,3cbb1d7f11e11c98,True
PB,pb2,101,iteration_end,122,19,2419,2419,True,71f25d3a6f31b9df,71f25d3a6f31b9df,True
PB,pb2,101,iteration_end,123,0,3148,3148,True,b7809124c7d26d9d,b7809124c7d26d9d,True
PB,pb2,101,iteration_end,123,1,3148,3148,True,b7809124c7d26d9d,b7809124c7d26d9d,True
PB,pb2,101,iteration_end,123,2,3148,3148,True,b7809124c7d26d9d,b7809124c7d26d9d,True
PB,pb2,101,iteration_end,123,3,3148,3148,True,b7809124c7d26d9d,b7809124c7d26d9d,True
PB,pb2,101,iteration_end,123,4,3148,3148,True,b7809124c7d26d9d,b7809124c7d26d9d,True
PB,pb2,101,iteration_end,123,5,3148,3148,True,b7809124c7d26d9d,b7809124c7d26d9d,True
PB,pb2,101,iteration_end,123,6,3099,3099,True,796b5be98fe3f770,796b5be98fe3f770,True
PB,pb2,101,iteration_end,123,7,3080,3080,True,88bd74f9d2ec0235,88bd74f9d2ec0235,True
PB,pb2,101,iteration_end,123,8,2981,2981,True,93db7b1e78063c0c,93db7b1e78063c0c,True
PB,pb2,101,iteration_end,123,9,2911,2911,True,9e3fd2e776892451,9e3fd2e776892451,True
PB,pb2,101,iteration_end,123,10,2903,2903,True,969a437ff58f5ef4,969a437ff58f5ef4,True
PB,pb2,101,iteration_end,123,11,2892,2892,True,b5ca5266a888d647,b5ca5266a888d647,True
PB,pb2,101,iteration_end,123,12,2884,2884,True,826ef8e59b791baf,826ef8e59b791baf,True
PB,pb2,101,iteration_end,123,13,2884,2884,True,826ef8e59b791baf,826ef8e59b791baf,True
PB,pb2,101,iteration_end,123,14,2856,2856,True,04dd3666c9808a3a,04dd3666c9808a3a,True
PB,pb2,101,iteration_end,123,15,2788,2788,True,140265258d5a41bb,140265258d5a41bb,True
PB,pb2,101,iteration_end,123,16,2714,2714,True,918718c697a4f6f5,918718c697a4f6f5,True
PB,pb2,101,iteration_end,123,17,2693,2693,True,3d36a708a60d3095,3d36a708a60d3095,True
PB,pb2,101,iteration_end,123,18,2579,2579,True,b2f2ed3dd7b31c28,b2f2ed3dd7b31c28,True
PB,pb2,101,iteration_end,123,19,2447,2447,True,dee792686c5e1265,dee792686c5e1265,True
PB,pb2,101,iteration_end,124,0,3148,3148,True,b7809124c7d26d9d,b7809124c7d26d9d,True
PB,pb2,101,iteration_end,124,1,3099,3099,True,796b5be98fe3f770,796b5be98fe3f770,True
PB,pb2,101,iteration_end,124,2,3099,3099,True,796b5be98fe3f770,796b5be98fe3f770,True
PB,pb2,101,iteration_end,124,3,3099,3099,True,796b5be98fe3f770,796b5be98fe3f770,True
PB,pb2,101,iteration_end,124,4,3080,3080,True,88bd74f9d2ec0235,88bd74f9d2ec0235,True
PB,pb2,101,iteration_end,124,5,3052,3052,True,4a96e5b58cb0333a,4a96e5b58cb0333a,True
PB,pb2,101,iteration_end,124,6,3031,3031,True,d816c6257cd9848b,d816c6257cd9848b,True
PB,pb2,101,iteration_end,124,7,2984,2984,True,485b14da0c51f9b6,485b14da0c51f9b6,True
PB,pb2,101,iteration_end,124,8,2923,2923,True,5cdb9294776121e3,5cdb9294776121e3,True
PB,pb2,101,iteration_end,124,9,2903,2903,True,969a437ff58f5ef4,969a437ff58f5ef4,True
PB,pb2,101,iteration_end,124,10,2886,2886,True,2657059c07547a81,2657059c07547a81,True
PB,pb2,101,iteration_end,124,11,2788,2788,True,140265258d5a41bb,140265258d5a41bb,True
PB,pb2,101,iteration_end,124,12,2788,2788,True,140265258d5a41bb,140265258d5a41bb,True
PB,pb2,101,iteration_end,124,13,2788,2788,True,140265258d5a41bb,140265258d5a41bb,True
PB,pb2,101,iteration_end,124,14,2788,2788,True,140265258d5a41bb,140265258d5a41bb,True
PB,pb2,101,iteration_end,124,15,2734,2734,True,fed2d2e975f411c6,fed2d2e975f411c6,True
PB,pb2,101,iteration_end,124,16,2586,2586,True,5d34631e9cba31c6,5d34631e9cba31c6,True
PB,pb2,101,iteration_end,124,17,2543,2543,True,39293287a59f8622,39293287a59f8622,True
PB,pb2,101,iteration_end,124,18,2475,2475,True,695a6ba0eeb27e60,695a6ba0eeb27e60,True
PB,pb2,101,iteration_end,124,19,2472,2472,True,917ac91e799f45e6,917ac91e799f45e6,True
PB,pb2,101,iteration_end,125,0,3148,3148,True,b7809124c7d26d9d,b7809124c7d26d9d,True
PB,pb2,101,iteration_end,125,1,3148,3148,True,b7809124c7d26d9d,b7809124c7d26d9d,True
PB,pb2,101,iteration_end,125,2,3148,3148,True,b7809124c7d26d9d,b7809124c7d26d9d,True
PB,pb2,101,iteration_end,125,3,3099,3099,True,796b5be98fe3f770,796b5be98fe3f770,True
PB,pb2,101,iteration_end,125,4,3099,3099,True,796b5be98fe3f770,796b5be98fe3f770,True
PB,pb2,101,iteration_end,125,5,3080,3080,True,88bd74f9d2ec0235,88bd74f9d2ec0235,True
PB,pb2,101,iteration_end,125,6,3080,3080,True,88bd74f9d2ec0235,88bd74f9d2ec0235,True
PB,pb2,101,iteration_end,125,7,3080,3080,True,88bd74f9d2ec0235,88bd74f9d2ec0235,True
PB,pb2,101,iteration_end,125,8,3052,3052,True,4a96e5b58cb0333a,4a96e5b58cb0333a,True
PB,pb2,101,iteration_end,125,9,3033,3033,True,f8ced544c40e981c,f8ced544c40e981c,True
PB,pb2,101,iteration_end,125,10,2978,2978,True,7837036b49c14560,7837036b49c14560,True
PB,pb2,101,iteration_end,125,11,2952,2952,True,7c16d48404fb9a07,7c16d48404fb9a07,True
PB,pb2,101,iteration_end,125,12,2952,2952,True,7c16d48404fb9a07,7c16d48404fb9a07,True
PB,pb2,101,iteration_end,125,13,2856,2856,True,04dd3666c9808a3a,04dd3666c9808a3a,True
PB,pb2,101,iteration_end,125,14,2837,2837,True,6f4405e1e2bf4e97,6f4405e1e2bf4e97,True
PB,pb2,101,iteration_end,125,15,2809,2809,True,087ed92b06501920,087ed92b06501920,True
PB,pb2,101,iteration_end,125,16,2788,2788,True,140265258d5a41bb,140265258d5a41bb,True
PB,pb2,101,iteration_end,125,17,2788,2788,True,140265258d5a41bb,140265258d5a41bb,True
PB,pb2,101,iteration_end,125,18,2725,2725,True,59e6d82e35bb6676,59e6d82e35bb6676,True
PB,pb2,101,iteration_end,125,19,2692,2692,True,db6799edf165d992,db6799edf165d992,True
PB,pb2,101,iteration_end,126,0,3148,3148,True,b7809124c7d26d9d,b7809124c7d26d9d,True
PB,pb2,101,iteration_end,126,1,3148,3148,True,b7809124c7d26d9d,b7809124c7d26d9d,True
PB,pb2,101,iteration_end,126,2,3148,3148,True,b7809124c7d26d9d,b7809124c7d26d9d,True
PB,pb2,101,iteration_end,126,3,3148,3148,True,b7809124c7d26d9d,b7809124c7d26d9d,True
PB,pb2,101,iteration_end,126,4,3119,3119,True,7688fcbf6a0d5817,7688fcbf6a0d5817,True
PB,pb2,101,iteration_end,126,5,3099,3099,True,796b5be98fe3f770,796b5be98fe3f770,True
PB,pb2,101,iteration_end,126,6,3052,3052,True,4a96e5b58cb0333a,4a96e5b58cb0333a,True
PB,pb2,101,iteration_end,126,7,2952,2952,True,7c16d48404fb9a07,7c16d48404fb9a07,True
PB,pb2,101,iteration_end,126,8,2952,2952,True,7c16d48404fb9a07,7c16d48404fb9a07,True
PB,pb2,101,iteration_end,126,9,2952,2952,True,7c16d48404fb9a07,7c16d48404fb9a07,True
PB,pb2,101,iteration_end,126,10,2905,2905,True,f4a8c90729497b5c,f4a8c90729497b5c,True
PB,pb2,101,iteration_end,126,11,2884,2884,True,826ef8e59b791baf,826ef8e59b791baf,True
PB,pb2,101,iteration_end,126,12,2873,2873,True,6ff8549ab03a3b82,6ff8549ab03a3b82,True
PB,pb2,101,iteration_end,126,13,2863,2863,True,f62d03cf54ef5475,f62d03cf54ef5475,True
PB,pb2,101,iteration_end,126,14,2856,2856,True,04dd3666c9808a3a,04dd3666c9808a3a,True
PB,pb2,101,iteration_end,126,15,2837,2837,True,6f4405e1e2bf4e97,6f4405e1e2bf4e97,True
PB,pb2,101,iteration_end,126,16,2788,2788,True,140265258d5a41bb,140265258d5a41bb,True
PB,pb2,101,iteration_end,126,17,2788,2788,True,140265258d5a41bb,140265258d5a41bb,True
PB,pb2,101,iteration_end,126,18,2671,2671,True,1697f78fd0a1d766,1697f78fd0a1d766,True
PB,pb2,101,iteration_end,126,19,2461,2461,True,60a465079aefaea3,60a465079aefaea3,True
PB,pb2,101,iteration_end,127,0,3148,3148,True,b7809124c7d26d9d,b7809124c7d26d9d,True
PB,pb2,101,iteration_end,127,1,3099,3099,True,796b5be98fe3f770,796b5be98fe3f770,True
PB,pb2,101,iteration_end,127,2,3080,3080,True,88bd74f9d2ec0235,88bd74f9d2ec0235,True
PB,pb2,101,iteration_end,127,3,2941,2941,True,8a129087cd801b89,8a129087cd801b89,True
PB,pb2,101,iteration_end,127,4,2896,2896,True,908e24e2cb811b39,908e24e2cb811b39,True
PB,pb2,101,iteration_end,127,5,2856,2856,True,04dd3666c9808a3a,04dd3666c9808a3a,True
PB,pb2,101,iteration_end,127,6,2840,2840,True,c8dabd4d7ef37704,c8dabd4d7ef37704,True
PB,pb2,101,iteration_end,127,7,2836,2836,True,65e289f1f17075f8,65e289f1f17075f8,True
PB,pb2,101,iteration_end,127,8,2788,2788,True,140265258d5a41bb,140265258d5a41bb,True
PB,pb2,101,iteration_end,127,9,2788,2788,True,140265258d5a41bb,140265258d5a41bb,True
PB,pb2,101,iteration_end,127,10,2788,2788,True,140265258d5a41bb,140265258d5a41bb,True
PB,pb2,101,iteration_end,127,11,2788,2788,True,140265258d5a41bb,140265258d5a41bb,True
PB,pb2,101,iteration_end,127,12,2786,2786,True,e2485518ac858741,e2485518ac858741,True
PB,pb2,101,iteration_end,127,13,2779,2779,True,1d19b5954ce3589f,1d19b5954ce3589f,True
PB,pb2,101,iteration_end,127,14,2729,2729,True,2f0d2d93fb03a187,2f0d2d93fb03a187,True
PB,pb2,101,iteration_end,127,15,2701,2701,True,ce607de3b205cce6,ce607de3b205cce6,True
PB,pb2,101,iteration_end,127,16,2676,2676,True,1e86b22112dd3a4f,1e86b22112dd3a4f,True
PB,pb2,101,iteration_end,127,17,2599,2599,True,fdf3a5e8250b1831,fdf3a5e8250b1831,True
PB,pb2,101,iteration_end,127,18,2565,2565,True,e6ffcad9d31ff79f,e6ffcad9d31ff79f,True
PB,pb2,101,iteration_end,127,19,2529,2529,True,85426b12e2b9d8dc,85426b12e2b9d8dc,True
PB,pb2,101,iteration_end,128,0,3099,3099,True,796b5be98fe3f770,796b5be98fe3f770,True
PB,pb2,101,iteration_end,128,1,3084,3084,True,198250a79c27f6b9,198250a79c27f6b9,True
PB,pb2,101,iteration_end,128,2,3052,3052,True,4a96e5b58cb0333a,4a96e5b58cb0333a,True
PB,pb2,101,iteration_end,128,3,2980,2980,True,171d3d80f99e141d,171d3d80f99e141d,True
PB,pb2,101,iteration_end,128,4,2970,2970,True,eac99cf145eb3a46,eac99cf145eb3a46,True
PB,pb2,101,iteration_end,128,5,2947,2947,True,645fb4ee03d70a01,645fb4ee03d70a01,True
PB,pb2,101,iteration_end,128,6,2916,2916,True,c936d63922ac4dd5,c936d63922ac4dd5,True
PB,pb2,101,iteration_end,128,7,2880,2880,True,4f3c399ab33d9443,4f3c399ab33d9443,True
PB,pb2,101,iteration_end,128,8,2872,2872,True,032a0114428e6348,032a0114428e6348,True
PB,pb2,101,iteration_end,128,9,2859,2859,True,5f51a2476bf49b94,5f51a2476bf49b94,True
PB,pb2,101,iteration_end,128,10,2856,2856,True,04dd3666c9808a3a,04dd3666c9808a3a,True
PB,pb2,101,iteration_end,128,11,2853,2853,True,53b26f3e2d40b8c8,53b26f3e2d40b8c8,True
PB,pb2,101,iteration_end,128,12,2814,2814,True,269d75a73ecd93ff,269d75a73ecd93ff,True
PB,pb2,101,iteration_end,128,13,2803,2803,True,0a131e0f8ba2be38,0a131e0f8ba2be38,True
PB,pb2,101,iteration_end,128,14,2788,2788,True,140265258d5a41bb,140265258d5a41bb,True
PB,pb2,101,iteration_end,128,15,2773,2773,True,60e3ba97eddb7ca7,60e3ba97eddb7ca7,True
PB,pb2,101,iteration_end,128,16,2746,2746,True,30a634922142441b,30a634922142441b,True
PB,pb2,101,iteration_end,128,17,2704,2704,True,2a815c5c2d126102,2a815c5c2d126102,True
PB,pb2,101,iteration_end,128,18,2564,2564,True,e695e3e201644c8e,e695e3e201644c8e,True
PB,pb2,101,iteration_end,128,19,2430,2430,True,5da25505a9a40121,5da25505a9a40121,True
PB,pb2,101,iteration_end,129,0,3148,3148,True,b7809124c7d26d9d,b7809124c7d26d9d,True
PB,pb2,101,iteration_end,129,1,3148,3148,True,b7809124c7d26d9d,b7809124c7d26d9d,True
PB,pb2,101,iteration_end,129,2,3148,3148,True,b7809124c7d26d9d,b7809124c7d26d9d,True
PB,pb2,101,iteration_end,129,3,3117,3117,True,f1e94d6204ee1903,f1e94d6204ee1903,True
PB,pb2,101,iteration_end,129,4,3080,3080,True,88bd74f9d2ec0235,88bd74f9d2ec0235,True
PB,pb2,101,iteration_end,129,5,2996,2996,True,bd75fb28c032d389,bd75fb28c032d389,True
PB,pb2,101,iteration_end,129,6,2988,2988,True,9591a25df2fa91ac,9591a25df2fa91ac,True
PB,pb2,101,iteration_end,129,7,2955,2955,True,df91e96fc2c0f5ce,df91e96fc2c0f5ce,True
PB,pb2,101,iteration_end,129,8,2913,2913,True,f3627c99b18b36d3,f3627c99b18b36d3,True
PB,pb2,101,iteration_end,129,9,2905,2905,True,f4a8c90729497b5c,f4a8c90729497b5c,True
PB,pb2,101,iteration_end,129,10,2886,2886,True,2657059c07547a81,2657059c07547a81,True
PB,pb2,101,iteration_end,129,11,2867,2867,True,f31c7d319b91a7cc,f31c7d319b91a7cc,True
PB,pb2,101,iteration_end,129,12,2863,2863,True,a026f716027209d5,a026f716027209d5,True
PB,pb2,101,iteration_end,129,13,2838,2838,True,74732bccdae69f10,74732bccdae69f10,True
PB,pb2,101,iteration_end,129,14,2799,2799,True,b60c774187367ff1,b60c774187367ff1,True
PB,pb2,101,iteration_end,129,15,2788,2788,True,140265258d5a41bb,140265258d5a41bb,True
PB,pb2,101,iteration_end,129,16,2788,2788,True,140265258d5a41bb,140265258d5a41bb,True
PB,pb2,101,iteration_end,129,17,2788,2788,True,140265258d5a41bb,140265258d5a41bb,True
PB,pb2,101,iteration_end,129,18,2611,2611,True,b9d4359592b125d3,b9d4359592b125d3,True
PB,pb2,101,iteration_end,129,19,2118,2118,True,60e953d07678aa54,60e953d07678aa54,True
PB,pb2,101,iteration_end,130,0,3101,3101,True,ad266a2a61d13e16,ad266a2a61d13e16,True
PB,pb2,101,iteration_end,130,1,3080,3080,True,88bd74f9d2ec0235,88bd74f9d2ec0235,True
PB,pb2,101,iteration_end,130,2,3052,3052,True,4a96e5b58cb0333a,4a96e5b58cb0333a,True
PB,pb2,101,iteration_end,130,3,3033,3033,True,f8ced544c40e981c,f8ced544c40e981c,True
PB,pb2,101,iteration_end,130,4,3031,3031,True,d816c6257cd9848b,d816c6257cd9848b,True
PB,pb2,101,iteration_end,130,5,3031,3031,True,d816c6257cd9848b,d816c6257cd9848b,True
PB,pb2,101,iteration_end,130,6,3031,3031,True,d816c6257cd9848b,d816c6257cd9848b,True
PB,pb2,101,iteration_end,130,7,3002,3002,True,fbc1f58950af7064,fbc1f58950af7064,True
PB,pb2,101,iteration_end,130,8,2975,2975,True,e1da47e221367a1e,e1da47e221367a1e,True
PB,pb2,101,iteration_end,130,9,2952,2952,True,7c16d48404fb9a07,7c16d48404fb9a07,True
PB,pb2,101,iteration_end,130,10,2892,2892,True,9c88bca2112e89a2,9c88bca2112e89a2,True
PB,pb2,101,iteration_end,130,11,2886,2886,True,a2aa409cab505b8a,a2aa409cab505b8a,True
PB,pb2,101,iteration_end,130,12,2788,2788,True,140265258d5a41bb,140265258d5a41bb,True
PB,pb2,101,iteration_end,130,13,2745,2745,True,95ffac325c55e0a9,95ffac325c55e0a9,True
PB,pb2,101,iteration_end,130,14,2724,2724,True,189eb65179f96e28,189eb65179f96e28,True
PB,pb2,101,iteration_end,130,15,2654,2654,True,1065dab5e83122b9,1065dab5e83122b9,True
PB,pb2,101,iteration_end,130,16,2639,2639,True,9de8362bce2ba54b,9de8362bce2ba54b,True
PB,pb2,101,iteration_end,130,17,2601,2601,True,df1f4967e0878287,df1f4967e0878287,True
PB,pb2,101,iteration_end,130,18,2586,2586,True,3f91f694bbfe603b,3f91f694bbfe603b,True
PB,pb2,101,iteration_end,130,19,2399,2399,True,1343bbd5aba5ee55,1343bbd5aba5ee55,True
PB,pb2,101,iteration_end,131,0,3101,3101,True,ad266a2a61d13e16,ad266a2a61d13e16,True
PB,pb2,101,iteration_end,131,1,3057,3057,True,2afd733b8a1e4b0e,2afd733b8a1e4b0e,True
PB,pb2,101,iteration_end,131,2,3033,3033,True,28c40b17b30b14b8,28c40b17b30b14b8,True
PB,pb2,101,iteration_end,131,3,2956,2956,True,92e1c09d043a77b6,92e1c09d043a77b6,True
PB,pb2,101,iteration_end,131,4,2946,2946,True,99709ba6e18d9d69,99709ba6e18d9d69,True
PB,pb2,101,iteration_end,131,5,2905,2905,True,f4a8c90729497b5c,f4a8c90729497b5c,True
PB,pb2,101,iteration_end,131,6,2884,2884,True,826ef8e59b791baf,826ef8e59b791baf,True
PB,pb2,101,iteration_end,131,7,2865,2865,True,36876c224588c40a,36876c224588c40a,True
PB,pb2,101,iteration_end,131,8,2861,2861,True,2fd3ce76a7f48497,2fd3ce76a7f48497,True
PB,pb2,101,iteration_end,131,9,2835,2835,True,f191987d2d1de62f,f191987d2d1de62f,True
PB,pb2,101,iteration_end,131,10,2830,2830,True,1edc7054adec7f58,1edc7054adec7f58,True
PB,pb2,101,iteration_end,131,11,2829,2829,True,a7b2d6b3cd9f80da,a7b2d6b3cd9f80da,True
PB,pb2,101,iteration_end,131,12,2826,2826,True,4297252c506111f8,4297252c506111f8,True
PB,pb2,101,iteration_end,131,13,2812,2812,True,fd8f3a4cfbf22e6d,fd8f3a4cfbf22e6d,True
PB,pb2,101,iteration_end,131,14,2788,2788,True,140265258d5a41bb,140265258d5a41bb,True
PB,pb2,101,iteration_end,131,15,2788,2788,True,140265258d5a41bb,140265258d5a41bb,True
PB,pb2,101,iteration_end,131,16,2670,2670,True,8f414d8dd8ce0704,8f414d8dd8ce0704,True
PB,pb2,101,iteration_end,131,17,2567,2567,True,9e6b59ddea1bdc12,9e6b59ddea1bdc12,True
PB,pb2,101,iteration_end,131,18,2497,2497,True,f7f14444fba16211,f7f14444fba16211,True
PB,pb2,101,iteration_end,131,19,2393,2393,True,f2ce2b2db7a5dccd,f2ce2b2db7a5dccd,True
PB,pb2,101,iteration_end,132,0,3080,3080,True,88bd74f9d2ec0235,88bd74f9d2ec0235,True
PB,pb2,101,iteration_end,132,1,3080,3080,True,88bd74f9d2ec0235,88bd74f9d2ec0235,True
PB,pb2,101,iteration_end,132,2,3031,3031,True,d816c6257cd9848b,d816c6257cd9848b,True
PB,pb2,101,iteration_end,132,3,3003,3003,True,d8077bd3283218dc,d8077bd3283218dc,True
PB,pb2,101,iteration_end,132,4,2996,2996,True,0547849bda8c0240,0547849bda8c0240,True
PB,pb2,101,iteration_end,132,5,2905,2905,True,f4a8c90729497b5c,f4a8c90729497b5c,True
PB,pb2,101,iteration_end,132,6,2862,2862,True,19066dd60a74024a,19066dd60a74024a,True
PB,pb2,101,iteration_end,132,7,2837,2837,True,6f4405e1e2bf4e97,6f4405e1e2bf4e97,True
PB,pb2,101,iteration_end,132,8,2808,2808,True,78402a1e7fe5d3ee,78402a1e7fe5d3ee,True
PB,pb2,101,iteration_end,132,9,2798,2798,True,960a9dea96332016,960a9dea96332016,True
PB,pb2,101,iteration_end,132,10,2788,2788,True,140265258d5a41bb,140265258d5a41bb,True
PB,pb2,101,iteration_end,132,11,2788,2788,True,140265258d5a41bb,140265258d5a41bb,True
PB,pb2,101,iteration_end,132,12,2788,2788,True,140265258d5a41bb,140265258d5a41bb,True
PB,pb2,101,iteration_end,132,13,2743,2743,True,ca47d541d2bfc067,ca47d541d2bfc067,True
PB,pb2,101,iteration_end,132,14,2741,2741,True,5b32fcd4bd954843,5b32fcd4bd954843,True
PB,pb2,101,iteration_end,132,15,2722,2722,True,71652b20ae533079,71652b20ae533079,True
PB,pb2,101,iteration_end,132,16,2677,2677,True,274a4081136ade5b,274a4081136ade5b,True
PB,pb2,101,iteration_end,132,17,2677,2677,True,7b90215804d8d166,7b90215804d8d166,True
PB,pb2,101,iteration_end,132,18,2608,2608,True,d7772e47bf8e7914,d7772e47bf8e7914,True
PB,pb2,101,iteration_end,132,19,2588,2588,True,4c1bbcee0e344a62,4c1bbcee0e344a62,True
PB,pb2,101,iteration_end,133,0,3148,3148,True,b7809124c7d26d9d,b7809124c7d26d9d,True
PB,pb2,101,iteration_end,133,1,3099,3099,True,796b5be98fe3f770,796b5be98fe3f770,True
PB,pb2,101,iteration_end,133,2,2976,2976,True,b6bd072bc6dec435,b6bd072bc6dec435,True
PB,pb2,101,iteration_end,133,3,2943,2943,True,bff1f8e47fea463c,bff1f8e47fea463c,True
PB,pb2,101,iteration_end,133,4,2884,2884,True,826ef8e59b791baf,826ef8e59b791baf,True
PB,pb2,101,iteration_end,133,5,2884,2884,True,826ef8e59b791baf,826ef8e59b791baf,True
PB,pb2,101,iteration_end,133,6,2835,2835,True,f9b88bebf4092ea2,f9b88bebf4092ea2,True
PB,pb2,101,iteration_end,133,7,2806,2806,True,2421a177aa96e30b,2421a177aa96e30b,True
PB,pb2,101,iteration_end,133,8,2788,2788,True,140265258d5a41bb,140265258d5a41bb,True
PB,pb2,101,iteration_end,133,9,2788,2788,True,140265258d5a41bb,140265258d5a41bb,True
PB,pb2,101,iteration_end,133,10,2788,2788,True,140265258d5a41bb,140265258d5a41bb,True
PB,pb2,101,iteration_end,133,11,2788,2788,True,140265258d5a41bb,140265258d5a41bb,True
PB,pb2,101,iteration_end,133,12,2788,2788,True,140265258d5a41bb,140265258d5a41bb,True
PB,pb2,101,iteration_end,133,13,2788,2788,True,140265258d5a41bb,140265258d5a41bb,True
PB,pb2,101,iteration_end,133,14,2788,2788,True,140265258d5a41bb,140265258d5a41bb,True
PB,pb2,101,iteration_end,133,15,2762,2762,True,d1e412b0cfc7d902,d1e412b0cfc7d902,True
PB,pb2,101,iteration_end,133,16,2542,2542,True,1f127a2f2c0a23c1,1f127a2f2c0a23c1,True
PB,pb2,101,iteration_end,133,17,2523,2523,True,b341de27e3079170,b341de27e3079170,True
PB,pb2,101,iteration_end,133,18,2521,2521,True,6584fd7e14be4568,6584fd7e14be4568,True
PB,pb2,101,iteration_end,133,19,2505,2505,True,40124b8f9cdfd818,40124b8f9cdfd818,True
PB,pb2,101,iteration_end,134,0,3101,3101,True,ad266a2a61d13e16,ad266a2a61d13e16,True
PB,pb2,101,iteration_end,134,1,3072,3072,True,4fec8c456ff40a7e,4fec8c456ff40a7e,True
PB,pb2,101,iteration_end,134,2,3067,3067,True,87d639247418c999,87d639247418c999,True
PB,pb2,101,iteration_end,134,3,3031,3031,True,d816c6257cd9848b,d816c6257cd9848b,True
PB,pb2,101,iteration_end,134,4,2988,2988,True,1244f2fe52042497,1244f2fe52042497,True
PB,pb2,101,iteration_end,134,5,2978,2978,True,d3911df164a3baa1,d3911df164a3baa1,True
PB,pb2,101,iteration_end,134,6,2970,2970,True,14b874e861d5ad32,14b874e861d5ad32,True
PB,pb2,101,iteration_end,134,7,2967,2967,True,786d40df391fd7ec,786d40df391fd7ec,True
PB,pb2,101,iteration_end,134,8,2952,2952,True,7c16d48404fb9a07,7c16d48404fb9a07,True
PB,pb2,101,iteration_end,134,9,2946,2946,True,e0cf1046cb7c011f,e0cf1046cb7c011f,True
PB,pb2,101,iteration_end,134,10,2850,2850,True,f75870e85810de1b,f75870e85810de1b,True
PB,pb2,101,iteration_end,134,11,2848,2848,True,51319672959bf3d5,51319672959bf3d5,True
PB,pb2,101,iteration_end,134,12,2821,2821,True,8bc48928667d2d18,8bc48928667d2d18,True
PB,pb2,101,iteration_end,134,13,2788,2788,True,140265258d5a41bb,140265258d5a41bb,True
PB,pb2,101,iteration_end,134,14,2788,2788,True,140265258d5a41bb,140265258d5a41bb,True
PB,pb2,101,iteration_end,134,15,2765,2765,True,a52faf6260e5f869,a52faf6260e5f869,True
PB,pb2,101,iteration_end,134,16,2671,2671,True,1697f78fd0a1d766,1697f78fd0a1d766,True
PB,pb2,101,iteration_end,134,17,2559,2559,True,f90516375d58458b,f90516375d58458b,True
PB,pb2,101,iteration_end,134,18,2525,2525,True,9addfdbe220e13bb,9addfdbe220e13bb,True
PB,pb2,101,iteration_end,134,19,2403,2403,True,de366a1d52932c9d,de366a1d52932c9d,True
PB,pb2,101,iteration_end,135,0,3101,3101,True,ad266a2a61d13e16,ad266a2a61d13e16,True
PB,pb2,101,iteration_end,135,1,3099,3099,True,796b5be98fe3f770,796b5be98fe3f770,True
PB,pb2,101,iteration_end,135,2,3099,3099,True,796b5be98fe3f770,796b5be98fe3f770,True
PB,pb2,101,iteration_end,135,3,3080,3080,True,88bd74f9d2ec0235,88bd74f9d2ec0235,True
PB,pb2,101,iteration_end,135,4,3031,3031,True,d816c6257cd9848b,d816c6257cd9848b,True
PB,pb2,101,iteration_end,135,5,3001,3001,True,a61f93364a6adcb6,a61f93364a6adcb6,True
PB,pb2,101,iteration_end,135,6,2888,2888,True,8a34210bfe5f1ba7,8a34210bfe5f1ba7,True
PB,pb2,101,iteration_end,135,7,2863,2863,True,05e403d05a1e4736,05e403d05a1e4736,True
PB,pb2,101,iteration_end,135,8,2860,2860,True,3d7b790117c6a5bb,3d7b790117c6a5bb,True
PB,pb2,101,iteration_end,135,9,2828,2828,True,f0752bb07214eccb,f0752bb07214eccb,True
PB,pb2,101,iteration_end,135,10,2815,2815,True,1917f3af6153df46,1917f3af6153df46,True
PB,pb2,101,iteration_end,135,11,2811,2811,True,9bbc7a6b46b80e17,9bbc7a6b46b80e17,True
PB,pb2,101,iteration_end,135,12,2788,2788,True,140265258d5a41bb,140265258d5a41bb,True
PB,pb2,101,iteration_end,135,13,2788,2788,True,140265258d5a41bb,140265258d5a41bb,True
PB,pb2,101,iteration_end,135,14,2768,2768,True,8e0da61844b3d674,8e0da61844b3d674,True
PB,pb2,101,iteration_end,135,15,2740,2740,True,a881c316f4f0589c,a881c316f4f0589c,True
PB,pb2,101,iteration_end,135,16,2671,2671,True,5bb676bbe80cd495,5bb676bbe80cd495,True
PB,pb2,101,iteration_end,135,17,2620,2620,True,8796b4497343f935,8796b4497343f935,True
PB,pb2,101,iteration_end,135,18,2415,2415,True,aa942835da7c6af0,aa942835da7c6af0,True
PB,pb2,101,iteration_end,135,19,2254,2254,True,9d1eabc118145f48,9d1eabc118145f48,True
PB,pb2,101,iteration_end,136,0,3148,3148,True,b7809124c7d26d9d,b7809124c7d26d9d,True
PB,pb2,101,iteration_end,136,1,3080,3080,True,88bd74f9d2ec0235,88bd74f9d2ec0235,True
PB,pb2,101,iteration_end,136,2,2984,2984,True,ec977ac6cad3ed48,ec977ac6cad3ed48,True
PB,pb2,101,iteration_end,136,3,2965,2965,True,8020190fd06acaa1,8020190fd06acaa1,True
PB,pb2,101,iteration_end,136,4,2952,2952,True,7c16d48404fb9a07,7c16d48404fb9a07,True
PB,pb2,101,iteration_end,136,5,2945,2945,True,06b81dec5ffda986,06b81dec5ffda986,True
PB,pb2,101,iteration_end,136,6,2910,2910,True,67ac74a240ba5a26,67ac74a240ba5a26,True
PB,pb2,101,iteration_end,136,7,2905,2905,True,f4a8c90729497b5c,f4a8c90729497b5c,True
PB,pb2,101,iteration_end,136,8,2880,2880,True,01bad410bec68104,01bad410bec68104,True
PB,pb2,101,iteration_end,136,9,2848,2848,True,c9c6a296f53fbd32,c9c6a296f53fbd32,True
PB,pb2,101,iteration_end,136,10,2847,2847,True,4254daebc7076359,4254daebc7076359,True
PB,pb2,101,iteration_end,136,11,2842,2842,True,1b25e1b5d7305741,1b25e1b5d7305741,True
PB,pb2,101,iteration_end,136,12,2802,2802,True,0ef834ea6c81395a,0ef834ea6c81395a,True
PB,pb2,101,iteration_end,136,13,2788,2788,True,140265258d5a41bb,140265258d5a41bb,True
PB,pb2,101,iteration_end,136,14,2788,2788,True,140265258d5a41bb,140265258d5a41bb,True
PB,pb2,101,iteration_end,136,15,2788,2788,True,140265258d5a41bb,140265258d5a41bb,True
PB,pb2,101,iteration_end,136,16,2788,2788,True,140265258d5a41bb,140265258d5a41bb,True
PB,pb2,101,iteration_end,136,17,2655,2655,True,d618db8fe5bbcf83,d618db8fe5bbcf83,True
PB,pb2,101,iteration_end,136,18,2649,2649,True,82fc858003cb030b,82fc858003cb030b,True
PB,pb2,101,iteration_end,136,19,2497,2497,True,aaead9ce588dc2ef,aaead9ce588dc2ef,True
PB,pb2,101,iteration_end,137,0,3125,3125,True,faac3ed26de957d6,faac3ed26de957d6,True
PB,pb2,101,iteration_end,137,1,3099,3099,True,796b5be98fe3f770,796b5be98fe3f770,True
PB,pb2,101,iteration_end,137,2,3099,3099,True,796b5be98fe3f770,796b5be98fe3f770,True
PB,pb2,101,iteration_end,137,3,3099,3099,True,796b5be98fe3f770,796b5be98fe3f770,True
PB,pb2,101,iteration_end,137,4,3052,3052,True,4a96e5b58cb0333a,4a96e5b58cb0333a,True
PB,pb2,101,iteration_end,137,5,3031,3031,True,d816c6257cd9848b,d816c6257cd9848b,True
PB,pb2,101,iteration_end,137,6,2903,2903,True,969a437ff58f5ef4,969a437ff58f5ef4,True
PB,pb2,101,iteration_end,137,7,2884,2884,True,826ef8e59b791baf,826ef8e59b791baf,True
PB,pb2,101,iteration_end,137,8,2839,2839,True,9e285fd37ac8c372,9e285fd37ac8c372,True
PB,pb2,101,iteration_end,137,9,2837,2837,True,6f4405e1e2bf4e97,6f4405e1e2bf4e97,True
PB,pb2,101,iteration_end,137,10,2835,2835,True,f191987d2d1de62f,f191987d2d1de62f,True
PB,pb2,101,iteration_end,137,11,2818,2818,True,3f2e150c7fc45386,3f2e150c7fc45386,True
PB,pb2,101,iteration_end,137,12,2788,2788,True,140265258d5a41bb,140265258d5a41bb,True
PB,pb2,101,iteration_end,137,13,2788,2788,True,140265258d5a41bb,140265258d5a41bb,True
PB,pb2,101,iteration_end,137,14,2724,2724,True,7220b2fe20e308d5,7220b2fe20e308d5,True
PB,pb2,101,iteration_end,137,15,2638,2638,True,558168be42b0b1c5,558168be42b0b1c5,True
PB,pb2,101,iteration_end,137,16,2543,2543,True,39293287a59f8622,39293287a59f8622,True
PB,pb2,101,iteration_end,137,17,2543,2543,True,8bc62e4ea442c978,8bc62e4ea442c978,True
PB,pb2,101,iteration_end,137,18,2501,2501,True,10ffa8558ff7bf3e,10ffa8558ff7bf3e,True
PB,pb2,101,iteration_end,137,19,2268,2268,True,d1f7c39efd80e162,d1f7c39efd80e162,True
PB,pb2,101,iteration_end,138,0,3148,3148,True,b7809124c7d26d9d,b7809124c7d26d9d,True
PB,pb2,101,iteration_end,138,1,3148,3148,True,b7809124c7d26d9d,b7809124c7d26d9d,True
PB,pb2,101,iteration_end,138,2,3148,3148,True,b7809124c7d26d9d,b7809124c7d26d9d,True
PB,pb2,101,iteration_end,138,3,3101,3101,True,ad266a2a61d13e16,ad266a2a61d13e16,True
PB,pb2,101,iteration_end,138,4,3101,3101,True,ad266a2a61d13e16,ad266a2a61d13e16,True
PB,pb2,101,iteration_end,138,5,3096,3096,True,9b3195af2b1e8d0d,9b3195af2b1e8d0d,True
PB,pb2,101,iteration_end,138,6,3080,3080,True,88bd74f9d2ec0235,88bd74f9d2ec0235,True
PB,pb2,101,iteration_end,138,7,3033,3033,True,f8ced544c40e981c,f8ced544c40e981c,True
PB,pb2,101,iteration_end,138,8,2952,2952,True,7c16d48404fb9a07,7c16d48404fb9a07,True
PB,pb2,101,iteration_end,138,9,2952,2952,True,7c16d48404fb9a07,7c16d48404fb9a07,True
PB,pb2,101,iteration_end,138,10,2911,2911,True,9fe41db638cad01e,9fe41db638cad01e,True
PB,pb2,101,iteration_end,138,11,2903,2903,True,969a437ff58f5ef4,969a437ff58f5ef4,True
PB,pb2,101,iteration_end,138,12,2903,2903,True,969a437ff58f5ef4,969a437ff58f5ef4,True
PB,pb2,101,iteration_end,138,13,2886,2886,True,07fcc09b318ea0d3,07fcc09b318ea0d3,True
PB,pb2,101,iteration_end,138,14,2875,2875,True,95cf9da0e4f89ea1,95cf9da0e4f89ea1,True
PB,pb2,101,iteration_end,138,15,2856,2856,True,04dd3666c9808a3a,04dd3666c9808a3a,True
PB,pb2,101,iteration_end,138,16,2790,2790,True,10d8fd5cdfc05d9f,10d8fd5cdfc05d9f,True
PB,pb2,101,iteration_end,138,17,2788,2788,True,ec1c853e6a9ff0d5,ec1c853e6a9ff0d5,True
PB,pb2,101,iteration_end,138,18,2788,2788,True,140265258d5a41bb,140265258d5a41bb,True
PB,pb2,101,iteration_end,138,19,2660,2660,True,57c1bb969b885f9d,57c1bb969b885f9d,True
PB,pb2,101,iteration_end,139,0,3148,3148,True,b7809124c7d26d9d,b7809124c7d26d9d,True
PB,pb2,101,iteration_end,139,1,3148,3148,True,b7809124c7d26d9d,b7809124c7d26d9d,True
PB,pb2,101,iteration_end,139,2,3148,3148,True,b7809124c7d26d9d,b7809124c7d26d9d,True
PB,pb2,101,iteration_end,139,3,3148,3148,True,b7809124c7d26d9d,b7809124c7d26d9d,True
PB,pb2,101,iteration_end,139,4,3148,3148,True,b7809124c7d26d9d,b7809124c7d26d9d,True
PB,pb2,101,iteration_end,139,5,3148,3148,True,b7809124c7d26d9d,b7809124c7d26d9d,True
PB,pb2,101,iteration_end,139,6,3101,3101,True,ad266a2a61d13e16,ad266a2a61d13e16,True
PB,pb2,101,iteration_end,139,7,3080,3080,True,88bd74f9d2ec0235,88bd74f9d2ec0235,True
PB,pb2,101,iteration_end,139,8,3080,3080,True,88bd74f9d2ec0235,88bd74f9d2ec0235,True
PB,pb2,101,iteration_end,139,9,3080,3080,True,88bd74f9d2ec0235,88bd74f9d2ec0235,True
PB,pb2,101,iteration_end,139,10,3052,3052,True,4a96e5b58cb0333a,4a96e5b58cb0333a,True
PB,pb2,101,iteration_end,139,11,3033,3033,True,f8ced544c40e981c,f8ced544c40e981c,True
PB,pb2,101,iteration_end,139,12,3033,3033,True,f8ced544c40e981c,f8ced544c40e981c,True
PB,pb2,101,iteration_end,139,13,3031,3031,True,d816c6257cd9848b,d816c6257cd9848b,True
PB,pb2,101,iteration_end,139,14,2967,2967,True,ce559acd1f3232d3,ce559acd1f3232d3,True
PB,pb2,101,iteration_end,139,15,2963,2963,True,be3e9e5cef6c0b04,be3e9e5cef6c0b04,True
PB,pb2,101,iteration_end,139,16,2938,2938,True,32831bc060a9ac90,32831bc060a9ac90,True
PB,pb2,101,iteration_end,139,17,2894,2894,True,f68616e734143a11,f68616e734143a11,True
PB,pb2,101,iteration_end,139,18,2856,2856,True,04dd3666c9808a3a,04dd3666c9808a3a,True
PB,pb2,101,iteration_end,139,19,2579,2579,True,59cf2ced393b8a8f,59cf2ced393b8a8f,True
PB,pb2,101,iteration_end,140,0,3148,3148,True,b7809124c7d26d9d,b7809124c7d26d9d,True
PB,pb2,101,iteration_end,140,1,3148,3148,True,b7809124c7d26d9d,b7809124c7d26d9d,True
PB,pb2,101,iteration_end,140,2,3097,3097,True,1b88e7c55ca9f0a9,1b88e7c55ca9f0a9,True
PB,pb2,101,iteration_end,140,3,3080,3080,True,88bd74f9d2ec0235,88bd74f9d2ec0235,True
PB,pb2,101,iteration_end,140,4,3031,3031,True,d816c6257cd9848b,d816c6257cd9848b,True
PB,pb2,101,iteration_end,140,5,2999,2999,True,3145a858d37f0ba5,3145a858d37f0ba5,True
PB,pb2,101,iteration_end,140,6,2952,2952,True,7c16d48404fb9a07,7c16d48404fb9a07,True
PB,pb2,101,iteration_end,140,7,2938,2938,True,cd713e5dc79a7cce,cd713e5dc79a7cce,True
PB,pb2,101,iteration_end,140,8,2905,2905,True,f4a8c90729497b5c,f4a8c90729497b5c,True
PB,pb2,101,iteration_end,140,9,2903,2903,True,969a437ff58f5ef4,969a437ff58f5ef4,True
PB,pb2,101,iteration_end,140,10,2864,2864,True,3effb7d8be9edc36,3effb7d8be9edc36,True
PB,pb2,101,iteration_end,140,11,2857,2857,True,191dc9fb46d13ca6,191dc9fb46d13ca6,True
PB,pb2,101,iteration_end,140,12,2848,2848,True,76c1cf02ac413cf2,76c1cf02ac413cf2,True
PB,pb2,101,iteration_end,140,13,2837,2837,True,6f4405e1e2bf4e97,6f4405e1e2bf4e97,True
PB,pb2,101,iteration_end,140,14,2837,2837,True,6f4405e1e2bf4e97,6f4405e1e2bf4e97,True
PB,pb2,101,iteration_end,140,15,2800,2800,True,8a6a9e331a8216fb,8a6a9e331a8216fb,True
PB,pb2,101,iteration_end,140,16,2788,2788,True,140265258d5a41bb,140265258d5a41bb,True
PB,pb2,101,iteration_end,140,17,2788,2788,True,140265258d5a41bb,140265258d5a41bb,True
PB,pb2,101,iteration_end,140,18,2660,2660,True,57c1bb969b885f9d,57c1bb969b885f9d,True
PB,pb2,101,iteration_end,140,19,2651,2651,True,ce97a405777925ec,ce97a405777925ec,True
PB,pb2,101,iteration_end,141,0,3148,3148,True,b7809124c7d26d9d,b7809124c7d26d9d,True
PB,pb2,101,iteration_end,141,1,3101,3101,True,ad266a2a61d13e16,ad266a2a61d13e16,True
PB,pb2,101,iteration_end,141,2,3101,3101,True,ad266a2a61d13e16,ad266a2a61d13e16,True
PB,pb2,101,iteration_end,141,3,3101,3101,True,ad266a2a61d13e16,ad266a2a61d13e16,True
PB,pb2,101,iteration_end,141,4,3054,3054,True,8dd7bc635ff2ade2,8dd7bc635ff2ade2,True
PB,pb2,101,iteration_end,141,5,3052,3052,True,4a96e5b58cb0333a,4a96e5b58cb0333a,True
PB,pb2,101,iteration_end,141,6,3033,3033,True,f8ced544c40e981c,f8ced544c40e981c,True
PB,pb2,101,iteration_end,141,7,3031,3031,True,d816c6257cd9848b,d816c6257cd9848b,True
PB,pb2,101,iteration_end,141,8,2952,2952,True,7c16d48404fb9a07,7c16d48404fb9a07,True
PB,pb2,101,iteration_end,141,9,2924,2924,True,8b784adaf71e6df5,8b784adaf71e6df5,True
PB,pb2,101,iteration_end,141,10,2912,2912,True,d628ddae13f76494,d628ddae13f76494,True
PB,pb2,101,iteration_end,141,11,2905,2905,True,f4a8c90729497b5c,f4a8c90729497b5c,True
PB,pb2,101,iteration_end,141,12,2835,2835,True,f191987d2d1de62f,f191987d2d1de62f,True
PB,pb2,101,iteration_end,141,13,2788,2788,True,140265258d5a41bb,140265258d5a41bb,True
PB,pb2,101,iteration_end,141,14,2788,2788,True,140265258d5a41bb,140265258d5a41bb,True
PB,pb2,101,iteration_end,141,15,2757,2757,True,a9b0c617fc6b750b,a9b0c617fc6b750b,True
PB,pb2,101,iteration_end,141,16,2709,2709,True,7a9d100648fda008,7a9d100648fda008,True
PB,pb2,101,iteration_end,141,17,2569,2569,True,90cd3ac9d9242b26,90cd3ac9d9242b26,True
PB,pb2,101,iteration_end,141,18,2482,2482,True,297f5542c2148f57,297f5542c2148f57,True
PB,pb2,101,iteration_end,141,19,2415,2415,True,0b8d2baf21f7d923,0b8d2baf21f7d923,True
PB,pb2,101,iteration_end,142,0,3148,3148,True,b7809124c7d26d9d,b7809124c7d26d9d,True
PB,pb2,101,iteration_end,142,1,3148,3148,True,b7809124c7d26d9d,b7809124c7d26d9d,True
PB,pb2,101,iteration_end,142,2,3101,3101,True,ad266a2a61d13e16,ad266a2a61d13e16,True
PB,pb2,101,iteration_end,142,3,3101,3101,True,ad266a2a61d13e16,ad266a2a61d13e16,True
PB,pb2,101,iteration_end,142,4,3099,3099,True,796b5be98fe3f770,796b5be98fe3f770,True
PB,pb2,101,iteration_end,142,5,3080,3080,True,88bd74f9d2ec0235,88bd74f9d2ec0235,True
PB,pb2,101,iteration_end,142,6,3080,3080,True,88bd74f9d2ec0235,88bd74f9d2ec0235,True
PB,pb2,101,iteration_end,142,7,3052,3052,True,4a96e5b58cb0333a,4a96e5b58cb0333a,True
PB,pb2,101,iteration_end,142,8,2952,2952,True,7c16d48404fb9a07,7c16d48404fb9a07,True
PB,pb2,101,iteration_end,142,9,2903,2903,True,969a437ff58f5ef4,969a437ff58f5ef4,True
PB,pb2,101,iteration_end,142,10,2881,2881,True,13cfb8dfd0f59f40,13cfb8dfd0f59f40,True
PB,pb2,101,iteration_end,142,11,2870,2870,True,7d122bfd9438e74e,7d122bfd9438e74e,True
PB,pb2,101,iteration_end,142,12,2788,2788,True,140265258d5a41bb,140265258d5a41bb,True
PB,pb2,101,iteration_end,142,13,2658,2658,True,81fc9fd7b7edb924,81fc9fd7b7edb924,True
PB,pb2,101,iteration_end,142,14,2644,2644,True,964793b58c1897fb,964793b58c1897fb,True
PB,pb2,101,iteration_end,142,15,2617,2617,True,2d8389db7e11adea,2d8389db7e11adea,True
PB,pb2,101,iteration_end,142,16,2613,2613,True,ac9fc981fce5867b,ac9fc981fce5867b,True
PB,pb2,101,iteration_end,142,17,2503,2503,True,e1f4c4a0a2f2197f,e1f4c4a0a2f2197f,True
PB,pb2,101,iteration_end,142,18,2464,2464,True,4358f3a15a8642fd,4358f3a15a8642fd,True
PB,pb2,101,iteration_end,142,19,2455,2455,True,97f225aeec89ecad,97f225aeec89ecad,True
PB,pb2,101,iteration_end,143,0,3099,3099,True,796b5be98fe3f770,796b5be98fe3f770,True
PB,pb2,101,iteration_end,143,1,3099,3099,True,796b5be98fe3f770,796b5be98fe3f770,True
PB,pb2,101,iteration_end,143,2,3099,3099,True,796b5be98fe3f770,796b5be98fe3f770,True
PB,pb2,101,iteration_end,143,3,3080,3080,True,88bd74f9d2ec0235,88bd74f9d2ec0235,True
PB,pb2,101,iteration_end,143,4,3074,3074,True,c3e300a82471d4a0,c3e300a82471d4a0,True
PB,pb2,101,iteration_end,143,5,3052,3052,True,4a96e5b58cb0333a,4a96e5b58cb0333a,True
PB,pb2,101,iteration_end,143,6,2973,2973,True,b5c65cece0e75001,b5c65cece0e75001,True
PB,pb2,101,iteration_end,143,7,2939,2939,True,57f77f3c612ae7e6,57f77f3c612ae7e6,True
PB,pb2,101,iteration_end,143,8,2903,2903,True,969a437ff58f5ef4,969a437ff58f5ef4,True
PB,pb2,101,iteration_end,143,9,2903,2903,True,969a437ff58f5ef4,969a437ff58f5ef4,True
PB,pb2,101,iteration_end,143,10,2878,2878,True,639506d51a1cd884,639506d51a1cd884,True
PB,pb2,101,iteration_end,143,11,2840,2840,True,cc526de66245e535,cc526de66245e535,True
PB,pb2,101,iteration_end,143,12,2835,2835,True,f191987d2d1de62f,f191987d2d1de62f,True
PB,pb2,101,iteration_end,143,13,2819,2819,True,17933b2b7bc0117e,17933b2b7bc0117e,True
PB,pb2,101,iteration_end,143,14,2788,2788,True,140265258d5a41bb,140265258d5a41bb,True
PB,pb2,101,iteration_end,143,15,2788,2788,True,140265258d5a41bb,140265258d5a41bb,True
PB,pb2,101,iteration_end,143,16,2788,2788,True,140265258d5a41bb,140265258d5a41bb,True
PB,pb2,101,iteration_end,143,17,2713,2713,True,977321ea4d67f194,977321ea4d67f194,True
PB,pb2,101,iteration_end,143,18,2662,2662,True,159ddc324a454fd9,159ddc324a454fd9,True
PB,pb2,101,iteration_end,143,19,2508,2508,True,deaf4eb7b243efce,deaf4eb7b243efce,True
PB,pb2,101,iteration_end,144,0,3148,3148,True,b7809124c7d26d9d,b7809124c7d26d9d,True
PB,pb2,101,iteration_end,144,1,3148,3148,True,b7809124c7d26d9d,b7809124c7d26d9d,True
PB,pb2,101,iteration_end,144,2,3148,3148,True,b7809124c7d26d9d,b7809124c7d26d9d,True
PB,pb2,101,iteration_end,144,3,3101,3101,True,ad266a2a61d13e16,ad266a2a61d13e16,True
PB,pb2,101,iteration_end,144,4,3033,3033,True,f8ced544c40e981c,f8ced544c40e981c,True
PB,pb2,101,iteration_end,144,5,3033,3033,True,f8ced544c40e981c,f8ced544c40e981c,True
PB,pb2,101,iteration_end,144,6,3031,3031,True,d816c6257cd9848b,d816c6257cd9848b,True
PB,pb2,101,iteration_end,144,7,2984,2984,True,485b14da0c51f9b6,485b14da0c51f9b6,True
PB,pb2,101,iteration_end,144,8,2952,2952,True,7c16d48404fb9a07,7c16d48404fb9a07,True
PB,pb2,101,iteration_end,144,9,2914,2914,True,f74e335f5d6f898c,f74e335f5d6f898c,True
PB,pb2,101,iteration_end,144,10,2825,2825,True,5e03a25b6e72a2b9,5e03a25b6e72a2b9,True
PB,pb2,101,iteration_end,144,11,2822,2822,True,4998e13307fe3229,4998e13307fe3229,True
PB,pb2,101,iteration_end,144,12,2788,2788,True,140265258d5a41bb,140265258d5a41bb,True
PB,pb2,101,iteration_end,144,13,2788,2788,True,140265258d5a41bb,140265258d5a41bb,True
PB,pb2,101,iteration_end,144,14,2788,2788,True,140265258d5a41bb,140265258d5a41bb,True
PB,pb2,101,iteration_end,144,15,2788,2788,True,140265258d5a41bb,140265258d5a41bb,True
PB,pb2,101,iteration_end,144,16,2788,2788,True,140265258d5a41bb,140265258d5a41bb,True
PB,pb2,101,iteration_end,144,17,2743,2743,True,ca47d541d2bfc067,ca47d541d2bfc067,True
PB,pb2,101,iteration_end,144,18,2473,2473,True,bc56c17f6d22548b,bc56c17f6d22548b,True
PB,pb2,101,iteration_end,144,19,2429,2429,True,8b72da9660b27572,8b72da9660b27572,True
PB,pb2,101,iteration_end,145,0,3148,3148,True,b7809124c7d26d9d,b7809124c7d26d9d,True
PB,pb2,101,iteration_end,145,1,3148,3148,True,b7809124c7d26d9d,b7809124c7d26d9d,True
PB,pb2,101,iteration_end,145,2,3148,3148,True,b7809124c7d26d9d,b7809124c7d26d9d,True
PB,pb2,101,iteration_end,145,3,3099,3099,True,796b5be98fe3f770,796b5be98fe3f770,True
PB,pb2,101,iteration_end,145,4,3031,3031,True,d816c6257cd9848b,d816c6257cd9848b,True
PB,pb2,101,iteration_end,145,5,2952,2952,True,7c16d48404fb9a07,7c16d48404fb9a07,True
PB,pb2,101,iteration_end,145,6,2952,2952,True,7c16d48404fb9a07,7c16d48404fb9a07,True
PB,pb2,101,iteration_end,145,7,2952,2952,True,7c16d48404fb9a07,7c16d48404fb9a07,True
PB,pb2,101,iteration_end,145,8,2903,2903,True,969a437ff58f5ef4,969a437ff58f5ef4,True
PB,pb2,101,iteration_end,145,9,2896,2896,True,908e24e2cb811b39,908e24e2cb811b39,True
PB,pb2,101,iteration_end,145,10,2837,2837,True,6f4405e1e2bf4e97,6f4405e1e2bf4e97,True
PB,pb2,101,iteration_end,145,11,2835,2835,True,b27ff13d5c76eefb,b27ff13d5c76eefb,True
PB,pb2,101,iteration_end,145,12,2835,2835,True,f191987d2d1de62f,f191987d2d1de62f,True
PB,pb2,101,iteration_end,145,13,2818,2818,True,275956b61f6e6802,275956b61f6e6802,True
PB,pb2,101,iteration_end,145,14,2815,2815,True,1c873fb9d3574098,1c873fb9d3574098,True
PB,pb2,101,iteration_end,145,15,2813,2813,True,7508cf5b748d96e3,7508cf5b748d96e3,True
PB,pb2,101,iteration_end,145,16,2788,2788,True,140265258d5a41bb,140265258d5a41bb,True
PB,pb2,101,iteration_end,145,17,2601,2601,True,9f33b6d0ffb94f0c,9f33b6d0ffb94f0c,True
PB,pb2,101,iteration_end,145,18,2579,2579,True,4994d0974d76523b,4994d0974d76523b,True
PB,pb2,101,iteration_end,145,19,2498,2498,True,894e3c61bd91e9cc,894e3c61bd91e9cc,True
PB,pb2,101,iteration_end,146,0,3101,3101,True,ad266a2a61d13e16,ad266a2a61d13e16,True
PB,pb2,101,iteration_end,146,1,3099,3099,True,796b5be98fe3f770,796b5be98fe3f770,True
PB,pb2,101,iteration_end,146,2,3099,3099,True,796b5be98fe3f770,796b5be98fe3f770,True
PB,pb2,101,iteration_end,146,3,3080,3080,True,88bd74f9d2ec0235,88bd74f9d2ec0235,True
PB,pb2,101,iteration_end,146,4,2971,2971,True,a6808744ab70047f,a6808744ab70047f,True
PB,pb2,101,iteration_end,146,5,2971,2971,True,a6808744ab70047f,a6808744ab70047f,True
PB,pb2,101,iteration_end,146,6,2905,2905,True,f4a8c90729497b5c,f4a8c90729497b5c,True
PB,pb2,101,iteration_end,146,7,2903,2903,True,969a437ff58f5ef4,969a437ff58f5ef4,True
PB,pb2,101,iteration_end,146,8,2890,2890,True,719e0a887c89b39f,719e0a887c89b39f,True
PB,pb2,101,iteration_end,146,9,2870,2870,True,7d122bfd9438e74e,7d122bfd9438e74e,True
PB,pb2,101,iteration_end,146,10,2854,2854,True,81e1d9066e4f145d,81e1d9066e4f145d,True
PB,pb2,101,iteration_end,146,11,2846,2846,True,10365528105fdb31,10365528105fdb31,True
PB,pb2,101,iteration_end,146,12,2788,2788,True,140265258d5a41bb,140265258d5a41bb,True
PB,pb2,101,iteration_end,146,13,2788,2788,True,140265258d5a41bb,140265258d5a41bb,True
PB,pb2,101,iteration_end,146,14,2788,2788,True,9d464d51f4e0ef97,9d464d51f4e0ef97,True
PB,pb2,101,iteration_end,146,15,2788,2788,True,140265258d5a41bb,140265258d5a41bb,True
PB,pb2,101,iteration_end,146,16,2788,2788,True,140265258d5a41bb,140265258d5a41bb,True
PB,pb2,101,iteration_end,146,17,2647,2647,True,e769f7eef504f0cc,e769f7eef504f0cc,True
PB,pb2,101,iteration_end,146,18,2528,2528,True,1f66b2f613e78531,1f66b2f613e78531,True
PB,pb2,101,iteration_end,146,19,2473,2473,True,bc56c17f6d22548b,bc56c17f6d22548b,True
PB,pb2,101,iteration_end,147,0,3148,3148,True,b7809124c7d26d9d,b7809124c7d26d9d,True
PB,pb2,101,iteration_end,147,1,3148,3148,True,b7809124c7d26d9d,b7809124c7d26d9d,True
PB,pb2,101,iteration_end,147,2,3101,3101,True,ad266a2a61d13e16,ad266a2a61d13e16,True
PB,pb2,101,iteration_end,147,3,3101,3101,True,ad266a2a61d13e16,ad266a2a61d13e16,True
PB,pb2,101,iteration_end,147,4,3099,3099,True,796b5be98fe3f770,796b5be98fe3f770,True
PB,pb2,101,iteration_end,147,5,3099,3099,True,796b5be98fe3f770,796b5be98fe3f770,True
PB,pb2,101,iteration_end,147,6,3099,3099,True,796b5be98fe3f770,796b5be98fe3f770,True
PB,pb2,101,iteration_end,147,7,3080,3080,True,88bd74f9d2ec0235,88bd74f9d2ec0235,True
PB,pb2,101,iteration_end,147,8,3031,3031,True,d816c6257cd9848b,d816c6257cd9848b,True
PB,pb2,101,iteration_end,147,9,2952,2952,True,7c16d48404fb9a07,7c16d48404fb9a07,True
PB,pb2,101,iteration_end,147,10,2950,2950,True,66fea92c2b02ba9b,66fea92c2b02ba9b,True
PB,pb2,101,iteration_end,147,11,2935,2935,True,832dc421ddc08527,832dc421ddc08527,True
PB,pb2,101,iteration_end,147,12,2903,2903,True,969a437ff58f5ef4,969a437ff58f5ef4,True
PB,pb2,101,iteration_end,147,13,2903,2903,True,969a437ff58f5ef4,969a437ff58f5ef4,True
PB,pb2,101,iteration_end,147,14,2885,2885,True,276ea7e8236d0ef3,276ea7e8236d0ef3,True
PB,pb2,101,iteration_end,147,15,2884,2884,True,826ef8e59b791baf,826ef8e59b791baf,True
PB,pb2,101,iteration_end,147,16,2867,2867,True,a9fc5a812b23f9a9,a9fc5a812b23f9a9,True
PB,pb2,101,iteration_end,147,17,2835,2835,True,f191987d2d1de62f,f191987d2d1de62f,True
PB,pb2,101,iteration_end,147,18,2788,2788,True,140265258d5a41bb,140265258d5a41bb,True
PB,pb2,101,iteration_end,147,19,2486,2486,True,5d32cf3f38f056c8,5d32cf3f38f056c8,True
PB,pb2,101,iteration_end,148,0,3148,3148,True,b7809124c7d26d9d,b7809124c7d26d9d,True
PB,pb2,101,iteration_end,148,1,3148,3148,True,b7809124c7d26d9d,b7809124c7d26d9d,True
PB,pb2,101,iteration_end,148,2,3148,3148,True,b7809124c7d26d9d,b7809124c7d26d9d,True
PB,pb2,101,iteration_end,148,3,3101,3101,True,ad266a2a61d13e16,ad266a2a61d13e16,True
PB,pb2,101,iteration_end,148,4,3101,3101,True,ad266a2a61d13e16,ad266a2a61d13e16,True
PB,pb2,101,iteration_end,148,5,3039,3039,True,938690ba1a1f6902,938690ba1a1f6902,True
PB,pb2,101,iteration_end,148,6,3033,3033,True,f8ced544c40e981c,f8ced544c40e981c,True
PB,pb2,101,iteration_end,148,7,3025,3025,True,422d3405cab1baec,422d3405cab1baec,True
PB,pb2,101,iteration_end,148,8,2999,2999,True,3145a858d37f0ba5,3145a858d37f0ba5,True
PB,pb2,101,iteration_end,148,9,2952,2952,True,77131c109f2174ce,77131c109f2174ce,True
PB,pb2,101,iteration_end,148,10,2952,2952,True,7c16d48404fb9a07,7c16d48404fb9a07,True
PB,pb2,101,iteration_end,148,11,2952,2952,True,7c16d48404fb9a07,7c16d48404fb9a07,True
PB,pb2,101,iteration_end,148,12,2935,2935,True,832dc421ddc08527,832dc421ddc08527,True
PB,pb2,101,iteration_end,148,13,2905,2905,True,f4a8c90729497b5c,f4a8c90729497b5c,True
PB,pb2,101,iteration_end,148,14,2884,2884,True,826ef8e59b791baf,826ef8e59b791baf,True
PB,pb2,101,iteration_end,148,15,2884,2884,True,826ef8e59b791baf,826ef8e59b791baf,True
PB,pb2,101,iteration_end,148,16,2867,2867,True,9918d982a0f3f4ab,9918d982a0f3f4ab,True
PB,pb2,101,iteration_end,148,17,2686,2686,True,ab4ba20ce980e524,ab4ba20ce980e524,True
PB,pb2,101,iteration_end,148,18,2575,2575,True,fb53108ddddfcef1,fb53108ddddfcef1,True
PB,pb2,101,iteration_end,148,19,2575,2575,True,fb53108ddddfcef1,fb53108ddddfcef1,True
PB,pb2,101,iteration_end,149,0,3148,3148,True,b7809124c7d26d9d,b7809124c7d26d9d,True
PB,pb2,101,iteration_end,149,1,3101,3101,True,ad266a2a61d13e16,ad266a2a61d13e16,True
PB,pb2,101,iteration_end,149,2,3101,3101,True,ad266a2a61d13e16,ad266a2a61d13e16,True
PB,pb2,101,iteration_end,149,3,3080,3080,True,88bd74f9d2ec0235,88bd74f9d2ec0235,True
PB,pb2,101,iteration_end,149,4,3052,3052,True,4a96e5b58cb0333a,4a96e5b58cb0333a,True
PB,pb2,101,iteration_end,149,5,3031,3031,True,d816c6257cd9848b,d816c6257cd9848b,True
PB,pb2,101,iteration_end,149,6,3020,3020,True,da14607500da887a,da14607500da887a,True
PB,pb2,101,iteration_end,149,7,2984,2984,True,485b14da0c51f9b6,485b14da0c51f9b6,True
PB,pb2,101,iteration_end,149,8,2984,2984,True,485b14da0c51f9b6,485b14da0c51f9b6,True
PB,pb2,101,iteration_end,149,9,2952,2952,True,3a63338e1f3211f4,3a63338e1f3211f4,True
PB,pb2,101,iteration_end,149,10,2952,2952,True,7c16d48404fb9a07,7c16d48404fb9a07,True
PB,pb2,101,iteration_end,149,11,2952,2952,True,7c16d48404fb9a07,7c16d48404fb9a07,True
PB,pb2,101,iteration_end,149,12,2952,2952,True,7c16d48404fb9a07,7c16d48404fb9a07,True
PB,pb2,101,iteration_end,149,13,2884,2884,True,826ef8e59b791baf,826ef8e59b791baf,True
PB,pb2,101,iteration_end,149,14,2837,2837,True,6f4405e1e2bf4e97,6f4405e1e2bf4e97,True
PB,pb2,101,iteration_end,149,15,2835,2835,True,f191987d2d1de62f,f191987d2d1de62f,True
PB,pb2,101,iteration_end,149,16,2788,2788,True,140265258d5a41bb,140265258d5a41bb,True
PB,pb2,101,iteration_end,149,17,2788,2788,True,140265258d5a41bb,140265258d5a41bb,True
PB,pb2,101,iteration_end,149,18,2647,2647,True,e769f7eef504f0cc,e769f7eef504f0cc,True
PB,pb2,101,iteration_end,149,19,2447,2447,True,06c66988d3d415e4,06c66988d3d415e4,True
PB,pb2,101,iteration_end,150,0,3148,3148,True,b7809124c7d26d9d,b7809124c7d26d9d,True
PB,pb2,101,iteration_end,150,1,3148,3148,True,b7809124c7d26d9d,b7809124c7d26d9d,True
PB,pb2,101,iteration_end,150,2,3148,3148,True,b7809124c7d26d9d,b7809124c7d26d9d,True
PB,pb2,101,iteration_end,150,3,3148,3148,True,b7809124c7d26d9d,b7809124c7d26d9d,True
PB,pb2,101,iteration_end,150,4,3148,3148,True,b7809124c7d26d9d,b7809124c7d26d9d,True
PB,pb2,101,iteration_end,150,5,3080,3080,True,88bd74f9d2ec0235,88bd74f9d2ec0235,True
PB,pb2,101,iteration_end,150,6,3052,3052,True,4a96e5b58cb0333a,4a96e5b58cb0333a,True
PB,pb2,101,iteration_end,150,7,2984,2984,True,485b14da0c51f9b6,485b14da0c51f9b6,True
PB,pb2,101,iteration_end,150,8,2977,2977,True,94576f763cd389f8,94576f763cd389f8,True
PB,pb2,101,iteration_end,150,9,2952,2952,True,7c16d48404fb9a07,7c16d48404fb9a07,True
PB,pb2,101,iteration_end,150,10,2952,2952,True,7c16d48404fb9a07,7c16d48404fb9a07,True
PB,pb2,101,iteration_end,150,11,2905,2905,True,f4a8c90729497b5c,f4a8c90729497b5c,True
PB,pb2,101,iteration_end,150,12,2903,2903,True,969a437ff58f5ef4,969a437ff58f5ef4,True
PB,pb2,101,iteration_end,150,13,2885,2885,True,f826bc8e19610de1,f826bc8e19610de1,True
PB,pb2,101,iteration_end,150,14,2884,2884,True,826ef8e59b791baf,826ef8e59b791baf,True
PB,pb2,101,iteration_end,150,15,2876,2876,True,043a48af028afcad,043a48af028afcad,True
PB,pb2,101,iteration_end,150,16,2837,2837,True,6f4405e1e2bf4e97,6f4405e1e2bf4e97,True
PB,pb2,101,iteration_end,150,17,2835,2835,True,f191987d2d1de62f,f191987d2d1de62f,True
PB,pb2,101,iteration_end,150,18,2728,2728,True,d3b81194358c429a,d3b81194358c429a,True
PB,pb2,101,iteration_end,150,19,2570,2570,True,0d7589a562ce4dfb,0d7589a562ce4dfb,True
PB,pb2,101,iteration_end,151,0,3148,3148,True,b7809124c7d26d9d,b7809124c7d26d9d,True
PB,pb2,101,iteration_end,151,1,3148,3148,True,b7809124c7d26d9d,b7809124c7d26d9d,True
PB,pb2,101,iteration_end,151,2,3101,3101,True,ad266a2a61d13e16,ad266a2a61d13e16,True
PB,pb2,101,iteration_end,151,3,3101,3101,True,ad266a2a61d13e16,ad266a2a61d13e16,True
PB,pb2,101,iteration_end,151,4,3101,3101,True,ad266a2a61d13e16,ad266a2a61d13e16,True
PB,pb2,101,iteration_end,151,5,3099,3099,True,796b5be98fe3f770,796b5be98fe3f770,True
PB,pb2,101,iteration_end,151,6,3099,3099,True,796b5be98fe3f770,796b5be98fe3f770,True
PB,pb2,101,iteration_end,151,7,3052,3052,True,4a96e5b58cb0333a,4a96e5b58cb0333a,True
PB,pb2,101,iteration_end,151,8,3033,3033,True,f8ced544c40e981c,f8ced544c40e981c,True
PB,pb2,101,iteration_end,151,9,3031,3031,True,d816c6257cd9848b,d816c6257cd9848b,True
PB,pb2,101,iteration_end,151,10,3027,3027,True,43bbb4c814419a09,43bbb4c814419a09,True
PB,pb2,101,iteration_end,151,11,3020,3020,True,da14607500da887a,da14607500da887a,True
PB,pb2,101,iteration_end,151,12,2999,2999,True,3145a858d37f0ba5,3145a858d37f0ba5,True
PB,pb2,101,iteration_end,151,13,2971,2971,True,a6808744ab70047f,a6808744ab70047f,True
PB,pb2,101,iteration_end,151,14,2952,2952,True,7c16d48404fb9a07,7c16d48404fb9a07,True
PB,pb2,101,iteration_end,151,15,2856,2856,True,04dd3666c9808a3a,04dd3666c9808a3a,True
PB,pb2,101,iteration_end,151,16,2788,2788,True,140265258d5a41bb,140265258d5a41bb,True
PB,pb2,101,iteration_end,151,17,2754,2754,True,153093d9df422771,153093d9df422771,True
PB,pb2,101,iteration_end,151,18,2709,2709,True,512b8924c7814226,512b8924c7814226,True
PB,pb2,101,iteration_end,151,19,2546,2546,True,84c6517441785815,84c6517441785815,True
PB,pb2,101,iteration_end,152,0,3148,3148,True,b7809124c7d26d9d,b7809124c7d26d9d,True
PB,pb2,101,iteration_end,152,1,3101,3101,True,ad266a2a61d13e16,ad266a2a61d13e16,True
PB,pb2,101,iteration_end,152,2,3099,3099,True,796b5be98fe3f770,796b5be98fe3f770,True
PB,pb2,101,iteration_end,152,3,3087,3087,True,a5fc6bee1b6d76ee,a5fc6bee1b6d76ee,True
PB,pb2,101,iteration_end,152,4,3080,3080,True,88bd74f9d2ec0235,88bd74f9d2ec0235,True
PB,pb2,101,iteration_end,152,5,3080,3080,True,b357325779036c92,b357325779036c92,True
PB,pb2,101,iteration_end,152,6,3052,3052,True,4a96e5b58cb0333a,4a96e5b58cb0333a,True
PB,pb2,101,iteration_end,152,7,2984,2984,True,485b14da0c51f9b6,485b14da0c51f9b6,True
PB,pb2,101,iteration_end,152,8,2884,2884,True,826ef8e59b791baf,826ef8e59b791baf,True
PB,pb2,101,iteration_end,152,9,2881,2881,True,9952e7b91b3e0be5,9952e7b91b3e0be5,True
PB,pb2,101,iteration_end,152,10,2848,2848,True,73192a58d2a5296f,73192a58d2a5296f,True
PB,pb2,101,iteration_end,152,11,2837,2837,True,6f4405e1e2bf4e97,6f4405e1e2bf4e97,True
PB,pb2,101,iteration_end,152,12,2811,2811,True,504c156ff2fc3776,504c156ff2fc3776,True
PB,pb2,101,iteration_end,152,13,2808,2808,True,c7fb06468a0584a9,c7fb06468a0584a9,True
PB,pb2,101,iteration_end,152,14,2788,2788,True,140265258d5a41bb,140265258d5a41bb,True
PB,pb2,101,iteration_end,152,15,2788,2788,True,140265258d5a41bb,140265258d5a41bb,True
PB,pb2,101,iteration_end,152,16,2643,2643,True,66efd3091b23c5e9,66efd3091b23c5e9,True
PB,pb2,101,iteration_end,152,17,2596,2596,True,feca629e38d25b03,feca629e38d25b03,True
PB,pb2,101,iteration_end,152,18,2566,2566,True,dfa8f18d990e6c4a,dfa8f18d990e6c4a,True
PB,pb2,101,iteration_end,152,19,2466,2466,True,a7e4dc71b6df817d,a7e4dc71b6df817d,True
PB,pb2,101,iteration_end,153,0,3148,3148,True,b7809124c7d26d9d,b7809124c7d26d9d,True
PB,pb2,101,iteration_end,153,1,3148,3148,True,b7809124c7d26d9d,b7809124c7d26d9d,True
PB,pb2,101,iteration_end,153,2,3148,3148,True,b7809124c7d26d9d,b7809124c7d26d9d,True
PB,pb2,101,iteration_end,153,3,3080,3080,True,88bd74f9d2ec0235,88bd74f9d2ec0235,True
PB,pb2,101,iteration_end,153,4,3031,3031,True,d816c6257cd9848b,d816c6257cd9848b,True
PB,pb2,101,iteration_end,153,5,3025,3025,True,422d3405cab1baec,422d3405cab1baec,True
PB,pb2,101,iteration_end,153,6,2999,2999,True,3145a858d37f0ba5,3145a858d37f0ba5,True
PB,pb2,101,iteration_end,153,7,2952,2952,True,7c16d48404fb9a07,7c16d48404fb9a07,True
PB,pb2,101,iteration_end,153,8,2921,2921,True,0a96fdc7b5f9671e,0a96fdc7b5f9671e,True
PB,pb2,101,iteration_end,153,9,2907,2907,True,5d5f3bc50b3c2a17,5d5f3bc50b3c2a17,True
PB,pb2,101,iteration_end,153,10,2837,2837,True,6f4405e1e2bf4e97,6f4405e1e2bf4e97,True
PB,pb2,101,iteration_end,153,11,2788,2788,True,140265258d5a41bb,140265258d5a41bb,True
PB,pb2,101,iteration_end,153,12,2788,2788,True,140265258d5a41bb,140265258d5a41bb,True
PB,pb2,101,iteration_end,153,13,2788,2788,True,140265258d5a41bb,140265258d5a41bb,True
PB,pb2,101,iteration_end,153,14,2788,2788,True,140265258d5a41bb,140265258d5a41bb,True
PB,pb2,101,iteration_end,153,15,2788,2788,True,140265258d5a41bb,140265258d5a41bb,True
PB,pb2,101,iteration_end,153,16,2704,2704,True,5a5393685d27d314,5a5393685d27d314,True
PB,pb2,101,iteration_end,153,17,2620,2620,True,9662e030a1aadbe6,9662e030a1aadbe6,True
PB,pb2,101,iteration_end,153,18,2575,2575,True,fb53108ddddfcef1,fb53108ddddfcef1,True
PB,pb2,101,iteration_end,153,19,2223,2223,True,2c0a1796045ee81f,2c0a1796045ee81f,True
PB,pb2,101,iteration_end,154,0,3148,3148,True,b7809124c7d26d9d,b7809124c7d26d9d,True
PB,pb2,101,iteration_end,154,1,3148,3148,True,b7809124c7d26d9d,b7809124c7d26d9d,True
PB,pb2,101,iteration_end,154,2,3101,3101,True,ad266a2a61d13e16,ad266a2a61d13e16,True
PB,pb2,101,iteration_end,154,3,3099,3099,True,796b5be98fe3f770,796b5be98fe3f770,True
PB,pb2,101,iteration_end,154,4,3080,3080,True,88bd74f9d2ec0235,88bd74f9d2ec0235,True
PB,pb2,101,iteration_end,154,5,3080,3080,True,88bd74f9d2ec0235,88bd74f9d2ec0235,True
PB,pb2,101,iteration_end,154,6,3052,3052,True,4a96e5b58cb0333a,4a96e5b58cb0333a,True
PB,pb2,101,iteration_end,154,7,3052,3052,True,4a96e5b58cb0333a,4a96e5b58cb0333a,True
PB,pb2,101,iteration_end,154,8,2973,2973,True,b5c65cece0e75001,b5c65cece0e75001,True
PB,pb2,101,iteration_end,154,9,2952,2952,True,7c16d48404fb9a07,7c16d48404fb9a07,True
PB,pb2,101,iteration_end,154,10,2952,2952,True,7c16d48404fb9a07,7c16d48404fb9a07,True
PB,pb2,101,iteration_end,154,11,2905,2905,True,f4a8c90729497b5c,f4a8c90729497b5c,True
PB,pb2,101,iteration_end,154,12,2856,2856,True,04dd3666c9808a3a,04dd3666c9808a3a,True
PB,pb2,101,iteration_end,154,13,2837,2837,True,6f4405e1e2bf4e97,6f4405e1e2bf4e97,True
PB,pb2,101,iteration_end,154,14,2835,2835,True,f191987d2d1de62f,f191987d2d1de62f,True
PB,pb2,101,iteration_end,154,15,2788,2788,True,140265258d5a41bb,140265258d5a41bb,True
PB,pb2,101,iteration_end,154,16,2788,2788,True,140265258d5a41bb,140265258d5a41bb,True
PB,pb2,101,iteration_end,154,17,2717,2717,True,ef2713485fa3ed60,ef2713485fa3ed60,True
PB,pb2,101,iteration_end,154,18,2548,2548,True,a685031b796cf258,a685031b796cf258,True
PB,pb2,101,iteration_end,154,19,2427,2427,True,0b35632778841734,0b35632778841734,True
PB,pb2,101,iteration_end,155,0,3148,3148,True,b7809124c7d26d9d,b7809124c7d26d9d,True
PB,pb2,101,iteration_end,155,1,3148,3148,True,b7809124c7d26d9d,b7809124c7d26d9d,True
PB,pb2,101,iteration_end,155,2,3148,3148,True,b7809124c7d26d9d,b7809124c7d26d9d,True
PB,pb2,101,iteration_end,155,3,3148,3148,True,b7809124c7d26d9d,b7809124c7d26d9d,True
PB,pb2,101,iteration_end,155,4,3101,3101,True,ad266a2a61d13e16,ad266a2a61d13e16,True
PB,pb2,101,iteration_end,155,5,3099,3099,True,796b5be98fe3f770,796b5be98fe3f770,True
PB,pb2,101,iteration_end,155,6,3099,3099,True,796b5be98fe3f770,796b5be98fe3f770,True
PB,pb2,101,iteration_end,155,7,3099,3099,True,796b5be98fe3f770,796b5be98fe3f770,True
PB,pb2,101,iteration_end,155,8,3080,3080,True,88bd74f9d2ec0235,88bd74f9d2ec0235,True
PB,pb2,101,iteration_end,155,9,2996,2996,True,7a8a98d3f942a476,7a8a98d3f942a476,True
PB,pb2,101,iteration_end,155,10,2988,2988,True,78bc12f379dea774,78bc12f379dea774,True
PB,pb2,101,iteration_end,155,11,2948,2948,True,5230d856106a90c6,5230d856106a90c6,True
PB,pb2,101,iteration_end,155,12,2939,2939,True,e8c1984c0a3a521c,e8c1984c0a3a521c,True
PB,pb2,101,iteration_end,155,13,2911,2911,True,71a1f8bd188e2d35,71a1f8bd188e2d35,True
PB,pb2,101,iteration_end,155,14,2884,2884,True,41505ecb65852ec9,41505ecb65852ec9,True
PB,pb2,101,iteration_end,155,15,2884,2884,True,826ef8e59b791baf,826ef8e59b791baf,True
PB,pb2,101,iteration_end,155,16,2835,2835,True,f191987d2d1de62f,f191987d2d1de62f,True
PB,pb2,101,iteration_end,155,17,2788,2788,True,140265258d5a41bb,140265258d5a41bb,True
PB,pb2,101,iteration_end,155,18,2705,2705,True,8c108318c54c8d84,8c108318c54c8d84,True
PB,pb2,101,iteration_end,155,19,2671,2671,True,3f17e23e32da988b,3f17e23e32da988b,True
PB,pb2,101,iteration_end,156,0,3148,3148,True,b7809124c7d26d9d,b7809124c7d26d9d,True
PB,pb2,101,iteration_end,156,1,3101,3101,True,ad266a2a61d13e16,ad266a2a61d13e16,True
PB,pb2,101,iteration_end,156,2,3099,3099,True,796b5be98fe3f770,796b5be98fe3f770,True
PB,pb2,101,iteration_end,156,3,3080,3080,True,88bd74f9d2ec0235,88bd74f9d2ec0235,True
PB,pb2,101,iteration_end,156,4,3080,3080,True,88bd74f9d2ec0235,88bd74f9d2ec0235,True
PB,pb2,101,iteration_end,156,5,3062,3062,True,9a43786d45e827b8,9a43786d45e827b8,True
PB,pb2,101,iteration_end,156,6,3031,3031,True,d816c6257cd9848b,d816c6257cd9848b,True
PB,pb2,101,iteration_end,156,7,3031,3031,True,d816c6257cd9848b,d816c6257cd9848b,True
PB,pb2,101,iteration_end,156,8,3017,3017,True,c51279d19f8e4416,c51279d19f8e4416,True
PB,pb2,101,iteration_end,156,9,2952,2952,True,7c16d48404fb9a07,7c16d48404fb9a07,True
PB,pb2,101,iteration_end,156,10,2924,2924,True,09859bcae3d2c172,09859bcae3d2c172,True
PB,pb2,101,iteration_end,156,11,2905,2905,True,f4a8c90729497b5c,f4a8c90729497b5c,True
PB,pb2,101,iteration_end,156,12,2884,2884,True,826ef8e59b791baf,826ef8e59b791baf,True
PB,pb2,101,iteration_end,156,13,2879,2879,True,c0060f2b3638046e,c0060f2b3638046e,True
PB,pb2,101,iteration_end,156,14,2850,2850,True,613e65fb629906e9,613e65fb629906e9,True
PB,pb2,101,iteration_end,156,15,2837,2837,True,6f4405e1e2bf4e97,6f4405e1e2bf4e97,True
PB,pb2,101,iteration_end,156,16,2837,2837,True,6f4405e1e2bf4e97,6f4405e1e2bf4e97,True
PB,pb2,101,iteration_end,156,17,2788,2788,True,140265258d5a41bb,140265258d5a41bb,True
PB,pb2,101,iteration_end,156,18,2788,2788,True,140265258d5a41bb,140265258d5a41bb,True
PB,pb2,101,iteration_end,156,19,2747,2747,True,38a5827aa31956db,38a5827aa31956db,True
PB,pb2,101,iteration_end,157,0,3148,3148,True,b7809124c7d26d9d,b7809124c7d26d9d,True
PB,pb2,101,iteration_end,157,1,3148,3148,True,b7809124c7d26d9d,b7809124c7d26d9d,True
PB,pb2,101,iteration_end,157,2,3105,3105,True,9ac1fb9e4ce360e9,9ac1fb9e4ce360e9,True
PB,pb2,101,iteration_end,157,3,3101,3101,True,ad266a2a61d13e16,ad266a2a61d13e16,True
PB,pb2,101,iteration_end,157,4,3080,3080,True,88bd74f9d2ec0235,88bd74f9d2ec0235,True
PB,pb2,101,iteration_end,157,5,3080,3080,True,88bd74f9d2ec0235,88bd74f9d2ec0235,True
PB,pb2,101,iteration_end,157,6,2975,2975,True,de0e941f3a56b5ca,de0e941f3a56b5ca,True
PB,pb2,101,iteration_end,157,7,2971,2971,True,36eea50c6ed840d7,36eea50c6ed840d7,True
PB,pb2,101,iteration_end,157,8,2952,2952,True,7c16d48404fb9a07,7c16d48404fb9a07,True
PB,pb2,101,iteration_end,157,9,2952,2952,True,7c16d48404fb9a07,7c16d48404fb9a07,True
PB,pb2,101,iteration_end,157,10,2857,2857,True,6416a8e6847cb3cf,6416a8e6847cb3cf,True
PB,pb2,101,iteration_end,157,11,2856,2856,True,04dd3666c9808a3a,04dd3666c9808a3a,True
PB,pb2,101,iteration_end,157,12,2844,2844,True,4473d3ad42b413b3,4473d3ad42b413b3,True
PB,pb2,101,iteration_end,157,13,2843,2843,True,64cf3a9b122e50c2,64cf3a9b122e50c2,True
PB,pb2,101,iteration_end,157,14,2803,2803,True,da2e0034ac781fa2,da2e0034ac781fa2,True
PB,pb2,101,iteration_end,157,15,2795,2795,True,8d9d5ab0d4dea122,8d9d5ab0d4dea122,True
PB,pb2,101,iteration_end,157,16,2788,2788,True,140265258d5a41bb,140265258d5a41bb,True
PB,pb2,101,iteration_end,157,17,2788,2788,True,140265258d5a41bb,140265258d5a41bb,True
PB,pb2,101,iteration_end,157,18,2745,2745,True,5dedc0bdbac5aa7c,5dedc0bdbac5aa7c,True
PB,pb2,101,iteration_end,157,19,2743,2743,True,ca47d541d2bfc067,ca47d541d2bfc067,True
PB,pb2,101,iteration_end,158,0,3148,3148,True,b7809124c7d26d9d,b7809124c7d26d9d,True
PB,pb2,101,iteration_end,158,1,3148,3148,True,b7809124c7d26d9d,b7809124c7d26d9d,True
PB,pb2,101,iteration_end,158,2,3147,3147,True,72533e974813bbf1,72533e974813bbf1,True
PB,pb2,101,iteration_end,158,3,3065,3065,True,5f996ab8e4e1b07c,5f996ab8e4e1b07c,True
PB,pb2,101,iteration_end,158,4,3052,3052,True,4a96e5b58cb0333a,4a96e5b58cb0333a,True
PB,pb2,101,iteration_end,158,5,2984,2984,True,485b14da0c51f9b6,485b14da0c51f9b6,True
PB,pb2,101,iteration_end,158,6,2952,2952,True,7c16d48404fb9a07,7c16d48404fb9a07,True
PB,pb2,101,iteration_end,158,7,2943,2943,True,81e7bf9a797b416c,81e7bf9a797b416c,True
PB,pb2,101,iteration_end,158,8,2928,2928,True,519d8bb9e422f645,519d8bb9e422f645,True
PB,pb2,101,iteration_end,158,9,2901,2901,True,b365da755034ae0b,b365da755034ae0b,True
PB,pb2,101,iteration_end,158,10,2856,2856,True,04dd3666c9808a3a,04dd3666c9808a3a,True
PB,pb2,101,iteration_end,158,11,2824,2824,True,94f9607136806a30,94f9607136806a30,True
PB,pb2,101,iteration_end,158,12,2819,2819,True,839450fe23201b11,839450fe23201b11,True
PB,pb2,101,iteration_end,158,13,2788,2788,True,140265258d5a41bb,140265258d5a41bb,True
PB,pb2,101,iteration_end,158,14,2788,2788,True,140265258d5a41bb,140265258d5a41bb,True
PB,pb2,101,iteration_end,158,15,2788,2788,True,140265258d5a41bb,140265258d5a41bb,True
PB,pb2,101,iteration_end,158,16,2614,2614,True,c754f12c2c3726bc,c754f12c2c3726bc,True
PB,pb2,101,iteration_end,158,17,2543,2543,True,5e7641100e9771d2,5e7641100e9771d2,True
PB,pb2,101,iteration_end,158,18,2397,2397,True,9359d9f458d90f48,9359d9f458d90f48,True
PB,pb2,101,iteration_end,158,19,2286,2286,True,3d442296c0ed368d,3d442296c0ed368d,True
PB,pb2,101,iteration_end,159,0,3148,3148,True,b7809124c7d26d9d,b7809124c7d26d9d,True
PB,pb2,101,iteration_end,159,1,3148,3148,True,b7809124c7d26d9d,b7809124c7d26d9d,True
PB,pb2,101,iteration_end,159,2,3148,3148,True,b7809124c7d26d9d,b7809124c7d26d9d,True
PB,pb2,101,iteration_end,159,3,3101,3101,True,ad266a2a61d13e16,ad266a2a61d13e16,True
PB,pb2,101,iteration_end,159,4,3101,3101,True,ad266a2a61d13e16,ad266a2a61d13e16,True
PB,pb2,101,iteration_end,159,5,3101,3101,True,ad266a2a61d13e16,ad266a2a61d13e16,True
PB,pb2,101,iteration_end,159,6,3101,3101,True,ad266a2a61d13e16,ad266a2a61d13e16,True
PB,pb2,101,iteration_end,159,7,3099,3099,True,796b5be98fe3f770,796b5be98fe3f770,True
PB,pb2,101,iteration_end,159,8,3080,3080,True,88bd74f9d2ec0235,88bd74f9d2ec0235,True
PB,pb2,101,iteration_end,159,9,3080,3080,True,88bd74f9d2ec0235,88bd74f9d2ec0235,True
PB,pb2,101,iteration_end,159,10,3031,3031,True,d816c6257cd9848b,d816c6257cd9848b,True
PB,pb2,101,iteration_end,159,11,2952,2952,True,7c16d48404fb9a07,7c16d48404fb9a07,True
PB,pb2,101,iteration_end,159,12,2905,2905,True,f4a8c90729497b5c,f4a8c90729497b5c,True
PB,pb2,101,iteration_end,159,13,2903,2903,True,969a437ff58f5ef4,969a437ff58f5ef4,True
PB,pb2,101,iteration_end,159,14,2884,2884,True,826ef8e59b791baf,826ef8e59b791baf,True
PB,pb2,101,iteration_end,159,15,2884,2884,True,826ef8e59b791baf,826ef8e59b791baf,True
PB,pb2,101,iteration_end,159,16,2856,2856,True,04dd3666c9808a3a,04dd3666c9808a3a,True
PB,pb2,101,iteration_end,159,17,2802,2802,True,2f2bad889f17f31f,2f2bad889f17f31f,True
PB,pb2,101,iteration_end,159,18,2788,2788,True,140265258d5a41bb,140265258d5a41bb,True
PB,pb2,101,iteration_end,159,19,2739,2739,True,58933fb0a0f5a30a,58933fb0a0f5a30a,True
PB,pb2,101,iteration_end,160,0,3148,3148,True,b7809124c7d26d9d,b7809124c7d26d9d,True
PB,pb2,101,iteration_end,160,1,3148,3148,True,b7809124c7d26d9d,b7809124c7d26d9d,True
PB,pb2,101,iteration_end,160,2,3148,3148,True,b7809124c7d26d9d,b7809124c7d26d9d,True
PB,pb2,101,iteration_end,160,3,3101,3101,True,ad266a2a61d13e16,ad266a2a61d13e16,True
PB,pb2,101,iteration_end,160,4,3101,3101,True,ad266a2a61d13e16,ad266a2a61d13e16,True
PB,pb2,101,iteration_end,160,5,3099,3099,True,796b5be98fe3f770,796b5be98fe3f770,True
PB,pb2,101,iteration_end,160,6,3099,3099,True,796b5be98fe3f770,796b5be98fe3f770,True
PB,pb2,101,iteration_end,160,7,3080,3080,True,88bd74f9d2ec0235,88bd74f9d2ec0235,True
PB,pb2,101,iteration_end,160,8,3080,3080,True,88bd74f9d2ec0235,88bd74f9d2ec0235,True
PB,pb2,101,iteration_end,160,9,3080,3080,True,88bd74f9d2ec0235,88bd74f9d2ec0235,True
PB,pb2,101,iteration_end,160,10,3052,3052,True,4a96e5b58cb0333a,4a96e5b58cb0333a,True
PB,pb2,101,iteration_end,160,11,3033,3033,True,f8ced544c40e981c,f8ced544c40e981c,True
PB,pb2,101,iteration_end,160,12,2884,2884,True,826ef8e59b791baf,826ef8e59b791baf,True
PB,pb2,101,iteration_end,160,13,2872,2872,True,94492e5d50e4ab15,94492e5d50e4ab15,True
PB,pb2,101,iteration_end,160,14,2856,2856,True,04dd3666c9808a3a,04dd3666c9808a3a,True
PB,pb2,101,iteration_end,160,15,2803,2803,True,f634fc954d62561b,f634fc954d62561b,True
PB,pb2,101,iteration_end,160,16,2788,2788,True,140265258d5a41bb,140265258d5a41bb,True
PB,pb2,101,iteration_end,160,17,2788,2788,True,140265258d5a41bb,140265258d5a41bb,True
PB,pb2,101,iteration_end,160,18,2549,2549,True,fa756c802c1fc7a9,fa756c802c1fc7a9,True
PB,pb2,101,iteration_end,160,19,2360,2360,True,c6c6d4613e72c4f2,c6c6d4613e72c4f2,True
PB,pb2,101,iteration_end,161,0,3148,3148,True,b7809124c7d26d9d,b7809124c7d26d9d,True
PB,pb2,101,iteration_end,161,1,3148,3148,True,b7809124c7d26d9d,b7809124c7d26d9d,True
PB,pb2,101,iteration_end,161,2,3101,3101,True,ad266a2a61d13e16,ad266a2a61d13e16,True
PB,pb2,101,iteration_end,161,3,3101,3101,True,ad266a2a61d13e16,ad266a2a61d13e16,True
PB,pb2,101,iteration_end,161,4,3099,3099,True,796b5be98fe3f770,796b5be98fe3f770,True
PB,pb2,101,iteration_end,161,5,3099,3099,True,796b5be98fe3f770,796b5be98fe3f770,True
PB,pb2,101,iteration_end,161,6,3052,3052,True,4a96e5b58cb0333a,4a96e5b58cb0333a,True
PB,pb2,101,iteration_end,161,7,3033,3033,True,f8ced544c40e981c,f8ced544c40e981c,True
PB,pb2,101,iteration_end,161,8,3031,3031,True,d816c6257cd9848b,d816c6257cd9848b,True
PB,pb2,101,iteration_end,161,9,2958,2958,True,2f413b7969865d57,2f413b7969865d57,True
PB,pb2,101,iteration_end,161,10,2952,2952,True,7c16d48404fb9a07,7c16d48404fb9a07,True
PB,pb2,101,iteration_end,161,11,2952,2952,True,7c16d48404fb9a07,7c16d48404fb9a07,True
PB,pb2,101,iteration_end,161,12,2905,2905,True,f4a8c90729497b5c,f4a8c90729497b5c,True
PB,pb2,101,iteration_end,161,13,2885,2885,True,e319cfc390bb88e9,e319cfc390bb88e9,True
PB,pb2,101,iteration_end,161,14,2884,2884,True,826ef8e59b791baf,826ef8e59b791baf,True
PB,pb2,101,iteration_end,161,15,2856,2856,True,04dd3666c9808a3a,04dd3666c9808a3a,True
PB,pb2,101,iteration_end,161,16,2788,2788,True,140265258d5a41bb,140265258d5a41bb,True
PB,pb2,101,iteration_end,161,17,2788,2788,True,140265258d5a41bb,140265258d5a41bb,True
PB,pb2,101,iteration_end,161,18,2788,2788,True,140265258d5a41bb,140265258d5a41bb,True
PB,pb2,101,iteration_end,161,19,2617,2617,True,6f4d3bf3375a68dc,6f4d3bf3375a68dc,True
PB,pb2,101,iteration_end,162,0,3148,3148,True,b7809124c7d26d9d,b7809124c7d26d9d,True
PB,pb2,101,iteration_end,162,1,3148,3148,True,b7809124c7d26d9d,b7809124c7d26d9d,True
PB,pb2,101,iteration_end,162,2,3148,3148,True,b7809124c7d26d9d,b7809124c7d26d9d,True
PB,pb2,101,iteration_end,162,3,3148,3148,True,b7809124c7d26d9d,b7809124c7d26d9d,True
PB,pb2,101,iteration_end,162,4,3101,3101,True,ad266a2a61d13e16,ad266a2a61d13e16,True
PB,pb2,101,iteration_end,162,5,3101,3101,True,ad266a2a61d13e16,ad266a2a61d13e16,True
PB,pb2,101,iteration_end,162,6,3093,3093,True,d46f483d34476b90,d46f483d34476b90,True
PB,pb2,101,iteration_end,162,7,3080,3080,True,88bd74f9d2ec0235,88bd74f9d2ec0235,True
PB,pb2,101,iteration_end,162,8,3040,3040,True,41294391f77f39b4,41294391f77f39b4,True
PB,pb2,101,iteration_end,162,9,3035,3035,True,c9440a64c3e60c68,c9440a64c3e60c68,True
PB,pb2,101,iteration_end,162,10,2952,2952,True,7c16d48404fb9a07,7c16d48404fb9a07,True
PB,pb2,101,iteration_end,162,11,2952,2952,True,7c16d48404fb9a07,7c16d48404fb9a07,True
PB,pb2,101,iteration_end,162,12,2903,2903,True,969a437ff58f5ef4,969a437ff58f5ef4,True
PB,pb2,101,iteration_end,162,13,2838,2838,True,07b8ae7b6d8367dd,07b8ae7b6d8367dd,True
PB,pb2,101,iteration_end,162,14,2835,2835,True,f191987d2d1de62f,f191987d2d1de62f,True
PB,pb2,101,iteration_end,162,15,2788,2788,True,140265258d5a41bb,140265258d5a41bb,True
PB,pb2,101,iteration_end,162,16,2765,2765,True,58125911dafca307,58125911dafca307,True
PB,pb2,101,iteration_end,162,17,2654,2654,True,1065dab5e83122b9,1065dab5e83122b9,True
PB,pb2,101,iteration_end,162,18,2567,2567,True,a78f96f201ca4635,a78f96f201ca4635,True
PB,pb2,101,iteration_end,162,19,2239,2239,True,67dcb2d244617250,67dcb2d244617250,True
PB,pb2,101,iteration_end,163,0,3148,3148,True,b7809124c7d26d9d,b7809124c7d26d9d,True
PB,pb2,101,iteration_end,163,1,3148,3148,True,b7809124c7d26d9d,b7809124c7d26d9d,True
PB,pb2,101,iteration_end,163,2,3119,3119,True,7688fcbf6a0d5817,7688fcbf6a0d5817,True
PB,pb2,101,iteration_end,163,3,3117,3117,True,2a8905763709edad,2a8905763709edad,True
PB,pb2,101,iteration_end,163,4,3101,3101,True,ad266a2a61d13e16,ad266a2a61d13e16,True
PB,pb2,101,iteration_end,163,5,3094,3094,True,2b0067b44eddc02f,2b0067b44eddc02f,True
PB,pb2,101,iteration_end,163,6,3057,3057,True,2afd733b8a1e4b0e,2afd733b8a1e4b0e,True
PB,pb2,101,iteration_end,163,7,3052,3052,True,4a96e5b58cb0333a,4a96e5b58cb0333a,True
PB,pb2,101,iteration_end,163,8,2996,2996,True,bd75fb28c032d389,bd75fb28c032d389,True
PB,pb2,101,iteration_end,163,9,2991,2991,True,a59892d2a8b756d2,a59892d2a8b756d2,True
PB,pb2,101,iteration_end,163,10,2984,2984,True,485b14da0c51f9b6,485b14da0c51f9b6,True
PB,pb2,101,iteration_end,163,11,2952,2952,True,7c16d48404fb9a07,7c16d48404fb9a07,True
PB,pb2,101,iteration_end,163,12,2952,2952,True,7c16d48404fb9a07,7c16d48404fb9a07,True
PB,pb2,101,iteration_end,163,13,2938,2938,True,d8de414ed8c3fbbb,d8de414ed8c3fbbb,True
PB,pb2,101,iteration_end,163,14,2855,2855,True,4a7c8a7d8c3106bd,4a7c8a7d8c3106bd,True
PB,pb2,101,iteration_end,163,15,2837,2837,True,6f4405e1e2bf4e97,6f4405e1e2bf4e97,True
PB,pb2,101,iteration_end,163,16,2788,2788,True,140265258d5a41bb,140265258d5a41bb,True
PB,pb2,101,iteration_end,163,17,2788,2788,True,140265258d5a41bb,140265258d5a41bb,True
PB,pb2,101,iteration_end,163,18,2788,2788,True,1feae657cbeb569b,1feae657cbeb569b,True
PB,pb2,101,iteration_end,163,19,2627,2627,True,464d553661a7c292,464d553661a7c292,True
PB,pb2,101,iteration_end,164,0,3148,3148,True,b7809124c7d26d9d,b7809124c7d26d9d,True
PB,pb2,101,iteration_end,164,1,3148,3148,True,b7809124c7d26d9d,b7809124c7d26d9d,True
PB,pb2,101,iteration_end,164,2,3148,3148,True,b7809124c7d26d9d,b7809124c7d26d9d,True
PB,pb2,101,iteration_end,164,3,3099,3099,True,796b5be98fe3f770,796b5be98fe3f770,True
PB,pb2,101,iteration_end,164,4,3080,3080,True,88bd74f9d2ec0235,88bd74f9d2ec0235,True
PB,pb2,101,iteration_end,164,5,3053,3053,True,cc0fe0ca03bfd500,cc0fe0ca03bfd500,True
PB,pb2,101,iteration_end,164,6,3033,3033,True,f8ced544c40e981c,f8ced544c40e981c,True
PB,pb2,101,iteration_end,164,7,3033,3033,True,f8ced544c40e981c,f8ced544c40e981c,True
PB,pb2,101,iteration_end,164,8,3031,3031,True,d816c6257cd9848b,d816c6257cd9848b,True
PB,pb2,101,iteration_end,164,9,2965,2965,True,56453846dd255a28,56453846dd255a28,True
PB,pb2,101,iteration_end,164,10,2952,2952,True,7c16d48404fb9a07,7c16d48404fb9a07,True
PB,pb2,101,iteration_end,164,11,2952,2952,True,7c16d48404fb9a07,7c16d48404fb9a07,True
PB,pb2,101,iteration_end,164,12,2903,2903,True,969a437ff58f5ef4,969a437ff58f5ef4,True
PB,pb2,101,iteration_end,164,13,2837,2837,True,5b88efa2162f5188,5b88efa2162f5188,True
PB,pb2,101,iteration_end,164,14,2837,2837,True,6f4405e1e2bf4e97,6f4405e1e2bf4e97,True
PB,pb2,101,iteration_end,164,15,2835,2835,True,f191987d2d1de62f,f191987d2d1de62f,True
PB,pb2,101,iteration_end,164,16,2704,2704,True,32cd7c5aec7d9eae,32cd7c5aec7d9eae,True
PB,pb2,101,iteration_end,164,17,2687,2687,True,4f890e34bca42cfe,4f890e34bca42cfe,True
PB,pb2,101,iteration_end,164,18,2679,2679,True,055e4d90d0d230df,055e4d90d0d230df,True
PB,pb2,101,iteration_end,164,19,2614,2614,True,c754f12c2c3726bc,c754f12c2c3726bc,True
PB,pb2,101,iteration_end,165,0,3148,3148,True,b7809124c7d26d9d,b7809124c7d26d9d,True
PB,pb2,101,iteration_end,165,1,3148,3148,True,b7809124c7d26d9d,b7809124c7d26d9d,True
PB,pb2,101,iteration_end,165,2,3148,3148,True,b7809124c7d26d9d,b7809124c7d26d9d,True
PB,pb2,101,iteration_end,165,3,3148,3148,True,b7809124c7d26d9d,b7809124c7d26d9d,True
PB,pb2,101,iteration_end,165,4,3101,3101,True,ad266a2a61d13e16,ad266a2a61d13e16,True
PB,pb2,101,iteration_end,165,5,3031,3031,True,d816c6257cd9848b,d816c6257cd9848b,True
PB,pb2,101,iteration_end,165,6,3027,3027,True,d58b85757fe60272,d58b85757fe60272,True
PB,pb2,101,iteration_end,165,7,3006,3006,True,1f0697be1f210481,1f0697be1f210481,True
PB,pb2,101,iteration_end,165,8,2999,2999,True,3145a858d37f0ba5,3145a858d37f0ba5,True
PB,pb2,101,iteration_end,165,9,2984,2984,True,485b14da0c51f9b6,485b14da0c51f9b6,True
PB,pb2,101,iteration_end,165,10,2971,2971,True,a6808744ab70047f,a6808744ab70047f,True
PB,pb2,101,iteration_end,165,11,2952,2952,True,7c16d48404fb9a07,7c16d48404fb9a07,True
PB,pb2,101,iteration_end,165,12,2885,2885,True,fce95acadd0f13c8,fce95acadd0f13c8,True
PB,pb2,101,iteration_end,165,13,2856,2856,True,04dd3666c9808a3a,04dd3666c9808a3a,True
PB,pb2,101,iteration_end,165,14,2837,2837,True,6f4405e1e2bf4e97,6f4405e1e2bf4e97,True
PB,pb2,101,iteration_end,165,15,2835,2835,True,f191987d2d1de62f,f191987d2d1de62f,True
PB,pb2,101,iteration_end,165,16,2814,2814,True,269d75a73ecd93ff,269d75a73ecd93ff,True
PB,pb2,101,iteration_end,165,17,2682,2682,True,5102f896a8f08ce9,5102f896a8f08ce9,True
PB,pb2,101,iteration_end,165,18,2625,2625,True,07fbd7283ea2788a,07fbd7283ea2788a,True
PB,pb2,101,iteration_end,165,19,2606,2606,True,05f47afb1c4cae84,05f47afb1c4cae84,True
PB,pb2,101,iteration_end,166,0,3148,3148,True,b7809124c7d26d9d,b7809124c7d26d9d,True
PB,pb2,101,iteration_end,166,1,3148,3148,True,b7809124c7d26d9d,b7809124c7d26d9d,True
PB,pb2,101,iteration_end,166,2,3148,3148,True,b7809124c7d26d9d,b7809124c7d26d9d,True
PB,pb2,101,iteration_end,166,3,3101,3101,True,ad266a2a61d13e16,ad266a2a61d13e16,True
PB,pb2,101,iteration_end,166,4,3082,3082,True,db4d9e0624d8b9c2,db4d9e0624d8b9c2,True
PB,pb2,101,iteration_end,166,5,3080,3080,True,88bd74f9d2ec0235,88bd74f9d2ec0235,True
PB,pb2,101,iteration_end,166,6,3080,3080,True,88bd74f9d2ec0235,88bd74f9d2ec0235,True
PB,pb2,101,iteration_end,166,7,3033,3033,True,f8ced544c40e981c,f8ced544c40e981c,True
PB,pb2,101,iteration_end,166,8,2952,2952,True,7c16d48404fb9a07,7c16d48404fb9a07,True
PB,pb2,101,iteration_end,166,9,2908,2908,True,e0da985fae4f764a,e0da985fae4f764a,True
PB,pb2,101,iteration_end,166,10,2905,2905,True,f4a8c90729497b5c,f4a8c90729497b5c,True
PB,pb2,101,iteration_end,166,11,2896,2896,True,b67d6904727f5d59,b67d6904727f5d59,True
PB,pb2,101,iteration_end,166,12,2884,2884,True,826ef8e59b791baf,826ef8e59b791baf,True
PB,pb2,101,iteration_end,166,13,2884,2884,True,826ef8e59b791baf,826ef8e59b791baf,True
PB,pb2,101,iteration_end,166,14,2835,2835,True,f191987d2d1de62f,f191987d2d1de62f,True
PB,pb2,101,iteration_end,166,15,2830,2830,True,6e6c6d0c25537e95,6e6c6d0c25537e95,True
PB,pb2,101,iteration_end,166,16,2673,2673,True,1dcba224e4a1da4f,1dcba224e4a1da4f,True
PB,pb2,101,iteration_end,166,17,2647,2647,True,3b6039b5dc66b779,3b6039b5dc66b779,True
PB,pb2,101,iteration_end,166,18,2632,2632,True,27f1810de9997618,27f1810de9997618,True
PB,pb2,101,iteration_end,166,19,2479,2479,True,dde20e2e376966c6,dde20e2e376966c6,True
PB,pb2,101,iteration_end,167,0,3148,3148,True,b7809124c7d26d9d,b7809124c7d26d9d,True
PB,pb2,101,iteration_end,167,1,3148,3148,True,b7809124c7d26d9d,b7809124c7d26d9d,True
PB,pb2,101,iteration_end,167,2,3148,3148,True,b7809124c7d26d9d,b7809124c7d26d9d,True
PB,pb2,101,iteration_end,167,3,3148,3148,True,b7809124c7d26d9d,b7809124c7d26d9d,True
PB,pb2,101,iteration_end,167,4,3148,3148,True,b7809124c7d26d9d,b7809124c7d26d9d,True
PB,pb2,101,iteration_end,167,5,3099,3099,True,796b5be98fe3f770,796b5be98fe3f770,True
PB,pb2,101,iteration_end,167,6,3099,3099,True,796b5be98fe3f770,796b5be98fe3f770,True
PB,pb2,101,iteration_end,167,7,3099,3099,True,796b5be98fe3f770,796b5be98fe3f770,True
PB,pb2,101,iteration_end,167,8,3080,3080,True,88bd74f9d2ec0235,88bd74f9d2ec0235,True
PB,pb2,101,iteration_end,167,9,3080,3080,True,88bd74f9d2ec0235,88bd74f9d2ec0235,True
PB,pb2,101,iteration_end,167,10,3052,3052,True,4a96e5b58cb0333a,4a96e5b58cb0333a,True
PB,pb2,101,iteration_end,167,11,3033,3033,True,f8ced544c40e981c,f8ced544c40e981c,True
PB,pb2,101,iteration_end,167,12,3033,3033,True,f8ced544c40e981c,f8ced544c40e981c,True
PB,pb2,101,iteration_end,167,13,3031,3031,True,d816c6257cd9848b,d816c6257cd9848b,True
PB,pb2,101,iteration_end,167,14,3002,3002,True,43dbcd8aa63e19e0,43dbcd8aa63e19e0,True
PB,pb2,101,iteration_end,167,15,2952,2952,True,7c16d48404fb9a07,7c16d48404fb9a07,True
PB,pb2,101,iteration_end,167,16,2952,2952,True,7c16d48404fb9a07,7c16d48404fb9a07,True
PB,pb2,101,iteration_end,167,17,2944,2944,True,0f69587e082a5ec7,0f69587e082a5ec7,True
PB,pb2,101,iteration_end,167,18,2905,2905,True,f4a8c90729497b5c,f4a8c90729497b5c,True
PB,pb2,101,iteration_end,167,19,2856,2856,True,04dd3666c9808a3a,04dd3666c9808a3a,True
PB,pb2,101,iteration_end,168,0,3148,3148,True,b7809124c7d26d9d,b7809124c7d26d9d,True
PB,pb2,101,iteration_end,168,1,3148,3148,True,b7809124c7d26d9d,b7809124c7d26d9d,True
PB,pb2,101,iteration_end,168,2,3148,3148,True,b7809124c7d26d9d,b7809124c7d26d9d,True
PB,pb2,101,iteration_end,168,3,3148,3148,True,b7809124c7d26d9d,b7809124c7d26d9d,True
PB,pb2,101,iteration_end,168,4,3148,3148,True,b7809124c7d26d9d,b7809124c7d26d9d,True
PB,pb2,101,iteration_end,168,5,3101,3101,True,ad266a2a61d13e16,ad266a2a61d13e16,True
PB,pb2,101,iteration_end,168,6,3080,3080,True,88bd74f9d2ec0235,88bd74f9d2ec0235,True
PB,pb2,101,iteration_end,168,7,3080,3080,True,88bd74f9d2ec0235,88bd74f9d2ec0235,True
PB,pb2,101,iteration_end,168,8,3031,3031,True,d816c6257cd9848b,d816c6257cd9848b,True
PB,pb2,101,iteration_end,168,9,2984,2984,True,485b14da0c51f9b6,485b14da0c51f9b6,True
PB,pb2,101,iteration_end,168,10,2952,2952,True,7c16d48404fb9a07,7c16d48404fb9a07,True
PB,pb2,101,iteration_end,168,11,2952,2952,True,7c16d48404fb9a07,7c16d48404fb9a07,True
PB,pb2,101,iteration_end,168,12,2952,2952,True,7c16d48404fb9a07,7c16d48404fb9a07,True
PB,pb2,101,iteration_end,168,13,2884,2884,True,826ef8e59b791baf,826ef8e59b791baf,True
PB,pb2,101,iteration_end,168,14,2837,2837,True,6f4405e1e2bf4e97,6f4405e1e2bf4e97,True
PB,pb2,101,iteration_end,168,15,2788,2788,True,140265258d5a41bb,140265258d5a41bb,True
PB,pb2,101,iteration_end,168,16,2788,2788,True,140265258d5a41bb,140265258d5a41bb,True
PB,pb2,101,iteration_end,168,17,2788,2788,True,140265258d5a41bb,140265258d5a41bb,True
PB,pb2,101,iteration_end,168,18,2767,2767,True,47d806aa3dcbed22,47d806aa3dcbed22,True
PB,pb2,101,iteration_end,168,19,2553,2553,True,86ea6cfdf209c752,86ea6cfdf209c752,True
PB,pb2,101,iteration_end,169,0,3148,3148,True,b7809124c7d26d9d,b7809124c7d26d9d,True
PB,pb2,101,iteration_end,169,1,3148,3148,True,b7809124c7d26d9d,b7809124c7d26d9d,True
PB,pb2,101,iteration_end,169,2,3148,3148,True,b7809124c7d26d9d,b7809124c7d26d9d,True
PB,pb2,101,iteration_end,169,3,3148,3148,True,b7809124c7d26d9d,b7809124c7d26d9d,True
PB,pb2,101,iteration_end,169,4,3148,3148,True,b7809124c7d26d9d,b7809124c7d26d9d,True
PB,pb2,101,iteration_end,169,5,3099,3099,True,796b5be98fe3f770,796b5be98fe3f770,True
PB,pb2,101,iteration_end,169,6,3099,3099,True,796b5be98fe3f770,796b5be98fe3f770,True
PB,pb2,101,iteration_end,169,7,3052,3052,True,4a96e5b58cb0333a,4a96e5b58cb0333a,True
PB,pb2,101,iteration_end,169,8,3033,3033,True,f8ced544c40e981c,f8ced544c40e981c,True
PB,pb2,101,iteration_end,169,9,3033,3033,True,f8ced544c40e981c,f8ced544c40e981c,True
PB,pb2,101,iteration_end,169,10,2984,2984,True,485b14da0c51f9b6,485b14da0c51f9b6,True
PB,pb2,101,iteration_end,169,11,2905,2905,True,f4a8c90729497b5c,f4a8c90729497b5c,True
PB,pb2,101,iteration_end,169,12,2905,2905,True,f4a8c90729497b5c,f4a8c90729497b5c,True
PB,pb2,101,iteration_end,169,13,2903,2903,True,969a437ff58f5ef4,969a437ff58f5ef4,True
PB,pb2,101,iteration_end,169,14,2857,2857,True,900adb739554b656,900adb739554b656,True
PB,pb2,101,iteration_end,169,15,2803,2803,True,2f6930cce51c3722,2f6930cce51c3722,True
PB,pb2,101,iteration_end,169,16,2788,2788,True,140265258d5a41bb,140265258d5a41bb,True
PB,pb2,101,iteration_end,169,17,2788,2788,True,140265258d5a41bb,140265258d5a41bb,True
PB,pb2,101,iteration_end,169,18,2788,2788,True,140265258d5a41bb,140265258d5a41bb,True
PB,pb2,101,iteration_end,169,19,2788,2788,True,140265258d5a41bb,140265258d5a41bb,True
PB,pb2,101,iteration_end,170,0,3148,3148,True,b7809124c7d26d9d,b7809124c7d26d9d,True
PB,pb2,101,iteration_end,170,1,3148,3148,True,b7809124c7d26d9d,b7809124c7d26d9d,True
PB,pb2,101,iteration_end,170,2,3148,3148,True,b7809124c7d26d9d,b7809124c7d26d9d,True
PB,pb2,101,iteration_end,170,3,3148,3148,True,b7809124c7d26d9d,b7809124c7d26d9d,True
PB,pb2,101,iteration_end,170,4,3101,3101,True,ad266a2a61d13e16,ad266a2a61d13e16,True
PB,pb2,101,iteration_end,170,5,3101,3101,True,ad266a2a61d13e16,ad266a2a61d13e16,True
PB,pb2,101,iteration_end,170,6,3080,3080,True,88bd74f9d2ec0235,88bd74f9d2ec0235,True
PB,pb2,101,iteration_end,170,7,3022,3022,True,e06068949c9e0a0a,e06068949c9e0a0a,True
PB,pb2,101,iteration_end,170,8,2971,2971,True,a6808744ab70047f,a6808744ab70047f,True
PB,pb2,101,iteration_end,170,9,2956,2956,True,d42827170d2c47e1,d42827170d2c47e1,True
PB,pb2,101,iteration_end,170,10,2952,2952,True,7c16d48404fb9a07,7c16d48404fb9a07,True
PB,pb2,101,iteration_end,170,11,2903,2903,True,969a437ff58f5ef4,969a437ff58f5ef4,True
PB,pb2,101,iteration_end,170,12,2884,2884,True,826ef8e59b791baf,826ef8e59b791baf,True
PB,pb2,101,iteration_end,170,13,2884,2884,True,826ef8e59b791baf,826ef8e59b791baf,True
PB,pb2,101,iteration_end,170,14,2884,2884,True,826ef8e59b791baf,826ef8e59b791baf,True
PB,pb2,101,iteration_end,170,15,2835,2835,True,f191987d2d1de62f,f191987d2d1de62f,True
PB,pb2,101,iteration_end,170,16,2788,2788,True,140265258d5a41bb,140265258d5a41bb,True
PB,pb2,101,iteration_end,170,17,2788,2788,True,e8b1ea3de4833e47,e8b1ea3de4833e47,True
PB,pb2,101,iteration_end,170,18,2696,2696,True,86a323e0ee2792f6,86a323e0ee2792f6,True
PB,pb2,101,iteration_end,170,19,2461,2461,True,56d185308f19342d,56d185308f19342d,True
PB,pb2,101,iteration_end,171,0,3148,3148,True,b7809124c7d26d9d,b7809124c7d26d9d,True
PB,pb2,101,iteration_end,171,1,3148,3148,True,b7809124c7d26d9d,b7809124c7d26d9d,True
PB,pb2,101,iteration_end,171,2,3148,3148,True,b7809124c7d26d9d,b7809124c7d26d9d,True
PB,pb2,101,iteration_end,171,3,3099,3099,True,796b5be98fe3f770,796b5be98fe3f770,True
PB,pb2,101,iteration_end,171,4,3099,3099,True,796b5be98fe3f770,796b5be98fe3f770,True
PB,pb2,101,iteration_end,171,5,3080,3080,True,88bd74f9d2ec0235,88bd74f9d2ec0235,True
PB,pb2,101,iteration_end,171,6,3033,3033,True,f8ced544c40e981c,f8ced544c40e981c,True
PB,pb2,101,iteration_end,171,7,3033,3033,True,f8ced544c40e981c,f8ced544c40e981c,True
PB,pb2,101,iteration_end,171,8,3031,3031,True,d816c6257cd9848b,d816c6257cd9848b,True
PB,pb2,101,iteration_end,171,9,3004,3004,True,80d154e0b409eefb,80d154e0b409eefb,True
PB,pb2,101,iteration_end,171,10,2952,2952,True,7c16d48404fb9a07,7c16d48404fb9a07,True
PB,pb2,101,iteration_end,171,11,2952,2952,True,7c16d48404fb9a07,7c16d48404fb9a07,True
PB,pb2,101,iteration_end,171,12,2905,2905,True,f4a8c90729497b5c,f4a8c90729497b5c,True
PB,pb2,101,iteration_end,171,13,2893,2893,True,04b75c889f3c49ee,04b75c889f3c49ee,True
PB,pb2,101,iteration_end,171,14,2855,2855,True,755f27737edf3361,755f27737edf3361,True
PB,pb2,101,iteration_end,171,15,2835,2835,True,f191987d2d1de62f,f191987d2d1de62f,True
PB,pb2,101,iteration_end,171,16,2788,2788,True,140265258d5a41bb,140265258d5a41bb,True
PB,pb2,101,iteration_end,171,17,2643,2643,True,5de76c316b68d2fd,5de76c316b68d2fd,True
PB,pb2,101,iteration_end,171,18,2575,2575,True,fb53108ddddfcef1,fb53108ddddfcef1,True
PB,pb2,101,iteration_end,171,19,2155,2155,True,8c0b6d99cd1ded7f,8c0b6d99cd1ded7f,True
PB,pb2,101,iteration_end,172,0,3148,3148,True,b7809124c7d26d9d,b7809124c7d26d9d,True
PB,pb2,101,iteration_end,172,1,3148,3148,True,b7809124c7d26d9d,b7809124c7d26d9d,True
PB,pb2,101,iteration_end,172,2,3148,3148,True,b7809124c7d26d9d,b7809124c7d26d9d,True
PB,pb2,101,iteration_end,172,3,3099,3099,True,796b5be98fe3f770,796b5be98fe3f770,True
PB,pb2,101,iteration_end,172,4,3080,3080,True,88bd74f9d2ec0235,88bd74f9d2ec0235,True
PB,pb2,101,iteration_end,172,5,3052,3052,True,4a96e5b58cb0333a,4a96e5b58cb0333a,True
PB,pb2,101,iteration_end,172,6,3033,3033,True,f8ced544c40e981c,f8ced544c40e981c,True
PB,pb2,101,iteration_end,172,7,3025,3025,True,e02400a2d97b2eed,e02400a2d97b2eed,True
PB,pb2,101,iteration_end,172,8,3025,3025,True,422d3405cab1baec,422d3405cab1baec,True
PB,pb2,101,iteration_end,172,9,3020,3020,True,da14607500da887a,da14607500da887a,True
PB,pb2,101,iteration_end,172,10,2861,2861,True,b2b416d39731a3ed,b2b416d39731a3ed,True
PB,pb2,101,iteration_end,172,11,2837,2837,True,6f4405e1e2bf4e97,6f4405e1e2bf4e97,True
PB,pb2,101,iteration_end,172,12,2835,2835,True,f191987d2d1de62f,f191987d2d1de62f,True
PB,pb2,101,iteration_end,172,13,2788,2788,True,140265258d5a41bb,140265258d5a41bb,True
PB,pb2,101,iteration_end,172,14,2786,2786,True,173f466e9a591fbe,173f466e9a591fbe,True
PB,pb2,101,iteration_end,172,15,2783,2783,True,38f856251dcbff17,38f856251dcbff17,True
PB,pb2,101,iteration_end,172,16,2765,2765,True,1c929d4857d3a2b1,1c929d4857d3a2b1,True
PB,pb2,101,iteration_end,172,17,2743,2743,True,ca47d541d2bfc067,ca47d541d2bfc067,True
PB,pb2,101,iteration_end,172,18,2547,2547,True,f467f20de8541900,f467f20de8541900,True
PB,pb2,101,iteration_end,172,19,2475,2475,True,e14e31f7f6ee4881,e14e31f7f6ee4881,True
PB,pb2,101,iteration_end,173,0,3148,3148,True,b7809124c7d26d9d,b7809124c7d26d9d,True
PB,pb2,101,iteration_end,173,1,3148,3148,True,b7809124c7d26d9d,b7809124c7d26d9d,True
PB,pb2,101,iteration_end,173,2,3101,3101,True,ad266a2a61d13e16,ad266a2a61d13e16,True
PB,pb2,101,iteration_end,173,3,3080,3080,True,88bd74f9d2ec0235,88bd74f9d2ec0235,True
PB,pb2,101,iteration_end,173,4,3031,3031,True,d816c6257cd9848b,d816c6257cd9848b,True
PB,pb2,101,iteration_end,173,5,3031,3031,True,d816c6257cd9848b,d816c6257cd9848b,True
PB,pb2,101,iteration_end,173,6,2958,2958,True,fc36f72531287a29,fc36f72531287a29,True
PB,pb2,101,iteration_end,173,7,2952,2952,True,7c16d48404fb9a07,7c16d48404fb9a07,True
PB,pb2,101,iteration_end,173,8,2952,2952,True,bac2a5368bc38817,bac2a5368bc38817,True
PB,pb2,101,iteration_end,173,9,2905,2905,True,f4a8c90729497b5c,f4a8c90729497b5c,True
PB,pb2,101,iteration_end,173,10,2903,2903,True,969a437ff58f5ef4,969a437ff58f5ef4,True
PB,pb2,101,iteration_end,173,11,2903,2903,True,969a437ff58f5ef4,969a437ff58f5ef4,True
PB,pb2,101,iteration_end,173,12,2884,2884,True,826ef8e59b791baf,826ef8e59b791baf,True
PB,pb2,101,iteration_end,173,13,2835,2835,True,f191987d2d1de62f,f191987d2d1de62f,True
PB,pb2,101,iteration_end,173,14,2788,2788,True,140265258d5a41bb,140265258d5a41bb,True
PB,pb2,101,iteration_end,173,15,2788,2788,True,140265258d5a41bb,140265258d5a41bb,True
PB,pb2,101,iteration_end,173,16,2788,2788,True,140265258d5a41bb,140265258d5a41bb,True
PB,pb2,101,iteration_end,173,17,2788,2788,True,140265258d5a41bb,140265258d5a41bb,True
PB,pb2,101,iteration_end,173,18,2746,2746,True,30a634922142441b,30a634922142441b,True
PB,pb2,101,iteration_end,173,19,2612,2612,True,8c7da5bbe8a60a50,8c7da5bbe8a60a50,True
PB,pb2,101,iteration_end,174,0,3148,3148,True,b7809124c7d26d9d,b7809124c7d26d9d,True
PB,pb2,101,iteration_end,174,1,3101,3101,True,ad266a2a61d13e16,ad266a2a61d13e16,True
PB,pb2,101,iteration_end,174,2,3099,3099,True,796b5be98fe3f770,796b5be98fe3f770,True
PB,pb2,101,iteration_end,174,3,3052,3052,True,4a96e5b58cb0333a,4a96e5b58cb0333a,True
PB,pb2,101,iteration_end,174,4,3033,3033,True,f8ced544c40e981c,f8ced544c40e981c,True
PB,pb2,101,iteration_end,174,5,3033,3033,True,f8ced544c40e981c,f8ced544c40e981c,True
PB,pb2,101,iteration_end,174,6,2998,2998,True,b5b199dc18e83b24,b5b199dc18e83b24,True
PB,pb2,101,iteration_end,174,7,2974,2974,True,f7fe407939d29909,f7fe407939d29909,True
PB,pb2,101,iteration_end,174,8,2954,2954,True,42896c255fdea605,42896c255fdea605,True
PB,pb2,101,iteration_end,174,9,2952,2952,True,7c16d48404fb9a07,7c16d48404fb9a07,True
PB,pb2,101,iteration_end,174,10,2952,2952,True,7c16d48404fb9a07,7c16d48404fb9a07,True
PB,pb2,101,iteration_end,174,11,2932,2932,True,5d7920044fe6f6eb,5d7920044fe6f6eb,True
PB,pb2,101,iteration_end,174,12,2903,2903,True,969a437ff58f5ef4,969a437ff58f5ef4,True
PB,pb2,101,iteration_end,174,13,2903,2903,True,969a437ff58f5ef4,969a437ff58f5ef4,True
PB,pb2,101,iteration_end,174,14,2903,2903,True,969a437ff58f5ef4,969a437ff58f5ef4,True
PB,pb2,101,iteration_end,174,15,2896,2896,True,7d0cbc55f75c5217,7d0cbc55f75c5217,True
PB,pb2,101,iteration_end,174,16,2835,2835,True,f191987d2d1de62f,f191987d2d1de62f,True
PB,pb2,101,iteration_end,174,17,2788,2788,True,140265258d5a41bb,140265258d5a41bb,True
PB,pb2,101,iteration_end,174,18,2737,2737,True,f67891766da0bdd5,f67891766da0bdd5,True
PB,pb2,101,iteration_end,174,19,2176,2176,True,86e39b5daf6e3c4c,86e39b5daf6e3c4c,True
PB,pb2,101,iteration_end,175,0,3148,3148,True,b7809124c7d26d9d,b7809124c7d26d9d,True
PB,pb2,101,iteration_end,175,1,3148,3148,True,b7809124c7d26d9d,b7809124c7d26d9d,True
PB,pb2,101,iteration_end,175,2,3101,3101,True,ad266a2a61d13e16,ad266a2a61d13e16,True
PB,pb2,101,iteration_end,175,3,3099,3099,True,796b5be98fe3f770,796b5be98fe3f770,True
PB,pb2,101,iteration_end,175,4,3080,3080,True,88bd74f9d2ec0235,88bd74f9d2ec0235,True
PB,pb2,101,iteration_end,175,5,3052,3052,True,4a96e5b58cb0333a,4a96e5b58cb0333a,True
PB,pb2,101,iteration_end,175,6,3033,3033,True,f8ced544c40e981c,f8ced544c40e981c,True
PB,pb2,101,iteration_end,175,7,3025,3025,True,422d3405cab1baec,422d3405cab1baec,True
PB,pb2,101,iteration_end,175,8,2952,2952,True,7c16d48404fb9a07,7c16d48404fb9a07,True
PB,pb2,101,iteration_end,175,9,2905,2905,True,f4a8c90729497b5c,f4a8c90729497b5c,True
PB,pb2,101,iteration_end,175,10,2903,2903,True,969a437ff58f5ef4,969a437ff58f5ef4,True
PB,pb2,101,iteration_end,175,11,2835,2835,True,f191987d2d1de62f,f191987d2d1de62f,True
PB,pb2,101,iteration_end,175,12,2788,2788,True,140265258d5a41bb,140265258d5a41bb,True
PB,pb2,101,iteration_end,175,13,2788,2788,True,140265258d5a41bb,140265258d5a41bb,True
PB,pb2,101,iteration_end,175,14,2788,2788,True,140265258d5a41bb,140265258d5a41bb,True
PB,pb2,101,iteration_end,175,15,2788,2788,True,140265258d5a41bb,140265258d5a41bb,True
PB,pb2,101,iteration_end,175,16,2788,2788,True,140265258d5a41bb,140265258d5a41bb,True
PB,pb2,101,iteration_end,175,17,2696,2696,True,c38a8f27006fa995,c38a8f27006fa995,True
PB,pb2,101,iteration_end,175,18,2654,2654,True,b67086ea9331ba41,b67086ea9331ba41,True
PB,pb2,101,iteration_end,175,19,2551,2551,True,6c36c5a1abad14fd,6c36c5a1abad14fd,True
PB,pb2,101,iteration_end,176,0,3148,3148,True,b7809124c7d26d9d,b7809124c7d26d9d,True
PB,pb2,101,iteration_end,176,1,3148,3148,True,b7809124c7d26d9d,b7809124c7d26d9d,True
PB,pb2,101,iteration_end,176,2,3101,3101,True,ad266a2a61d13e16,ad266a2a61d13e16,True
PB,pb2,101,iteration_end,176,3,3101,3101,True,ad266a2a61d13e16,ad266a2a61d13e16,True
PB,pb2,101,iteration_end,176,4,3101,3101,True,ad266a2a61d13e16,ad266a2a61d13e16,True
PB,pb2,101,iteration_end,176,5,3099,3099,True,796b5be98fe3f770,796b5be98fe3f770,True
PB,pb2,101,iteration_end,176,6,3080,3080,True,88bd74f9d2ec0235,88bd74f9d2ec0235,True
PB,pb2,101,iteration_end,176,7,3052,3052,True,4a96e5b58cb0333a,4a96e5b58cb0333a,True
PB,pb2,101,iteration_end,176,8,3033,3033,True,f8ced544c40e981c,f8ced544c40e981c,True
PB,pb2,101,iteration_end,176,9,3033,3033,True,f8ced544c40e981c,f8ced544c40e981c,True
PB,pb2,101,iteration_end,176,10,3033,3033,True,f8ced544c40e981c,f8ced544c40e981c,True
PB,pb2,101,iteration_end,176,11,3031,3031,True,d816c6257cd9848b,d816c6257cd9848b,True
PB,pb2,101,iteration_end,176,12,3031,3031,True,d816c6257cd9848b,d816c6257cd9848b,True
PB,pb2,101,iteration_end,176,13,3020,3020,True,da14607500da887a,da14607500da887a,True
PB,pb2,101,iteration_end,176,14,2884,2884,True,826ef8e59b791baf,826ef8e59b791baf,True
PB,pb2,101,iteration_end,176,15,2860,2860,True,99f55af7f5dc8a99,99f55af7f5dc8a99,True
PB,pb2,101,iteration_end,176,16,2788,2788,True,140265258d5a41bb,140265258d5a41bb,True
PB,pb2,101,iteration_end,176,17,2788,2788,True,140265258d5a41bb,140265258d5a41bb,True
PB,pb2,101,iteration_end,176,18,2788,2788,True,140265258d5a41bb,140265258d5a41bb,True
PB,pb2,101,iteration_end,176,19,2698,2698,True,21c1e60eeb8b4416,21c1e60eeb8b4416,True
PB,pb2,101,iteration_end,177,0,3148,3148,True,b7809124c7d26d9d,b7809124c7d26d9d,True
PB,pb2,101,iteration_end,177,1,3148,3148,True,b7809124c7d26d9d,b7809124c7d26d9d,True
PB,pb2,101,iteration_end,177,2,3101,3101,True,ad266a2a61d13e16,ad266a2a61d13e16,True
PB,pb2,101,iteration_end,177,3,3101,3101,True,ad266a2a61d13e16,ad266a2a61d13e16,True
PB,pb2,101,iteration_end,177,4,3099,3099,True,796b5be98fe3f770,796b5be98fe3f770,True
PB,pb2,101,iteration_end,177,5,3099,3099,True,796b5be98fe3f770,796b5be98fe3f770,True
PB,pb2,101,iteration_end,177,6,3099,3099,True,796b5be98fe3f770,796b5be98fe3f770,True
PB,pb2,101,iteration_end,177,7,3080,3080,True,88bd74f9d2ec0235,88bd74f9d2ec0235,True
PB,pb2,101,iteration_end,177,8,3080,3080,True,88bd74f9d2ec0235,88bd74f9d2ec0235,True
PB,pb2,101,iteration_end,177,9,3031,3031,True,d816c6257cd9848b,d816c6257cd9848b,True
PB,pb2,101,iteration_end,177,10,2905,2905,True,f4a8c90729497b5c,f4a8c90729497b5c,True
PB,pb2,101,iteration_end,177,11,2903,2903,True,969a437ff58f5ef4,969a437ff58f5ef4,True
PB,pb2,101,iteration_end,177,12,2837,2837,True,6f4405e1e2bf4e97,6f4405e1e2bf4e97,True
PB,pb2,101,iteration_end,177,13,2799,2799,True,2502c399cccfde84,2502c399cccfde84,True
PB,pb2,101,iteration_end,177,14,2788,2788,True,140265258d5a41bb,140265258d5a41bb,True
PB,pb2,101,iteration_end,177,15,2675,2675,True,6c08e65a6df95259,6c08e65a6df95259,True
PB,pb2,101,iteration_end,177,16,2669,2669,True,1a1d1bde31394326,1a1d1bde31394326,True
PB,pb2,101,iteration_end,177,17,2643,2643,True,66efd3091b23c5e9,66efd3091b23c5e9,True
PB,pb2,101,iteration_end,177,18,2642,2642,True,febfa93ea15f560e,febfa93ea15f560e,True
PB,pb2,101,iteration_end,177,19,2424,2424,True,e958cbe84835e1f9,e958cbe84835e1f9,True
PB,pb2,101,iteration_end,178,0,3101,3101,True,ad266a2a61d13e16,ad266a2a61d13e16,True
PB,pb2,101,iteration_end,178,1,3101,3101,True,ad266a2a61d13e16,ad266a2a61d13e16,True
PB,pb2,101,iteration_end,178,2,3099,3099,True,796b5be98fe3f770,796b5be98fe3f770,True
PB,pb2,101,iteration_end,178,3,3099,3099,True,796b5be98fe3f770,796b5be98fe3f770,True
PB,pb2,101,iteration_end,178,4,3099,3099,True,796b5be98fe3f770,796b5be98fe3f770,True
PB,pb2,101,iteration_end,178,5,3031,3031,True,d816c6257cd9848b,d816c6257cd9848b,True
PB,pb2,101,iteration_end,178,6,2984,2984,True,485b14da0c51f9b6,485b14da0c51f9b6,True
PB,pb2,101,iteration_end,178,7,2952,2952,True,7c16d48404fb9a07,7c16d48404fb9a07,True
PB,pb2,101,iteration_end,178,8,2952,2952,True,7c16d48404fb9a07,7c16d48404fb9a07,True
PB,pb2,101,iteration_end,178,9,2952,2952,True,7c16d48404fb9a07,7c16d48404fb9a07,True
PB,pb2,101,iteration_end,178,10,2946,2946,True,df923e05e8950457,df923e05e8950457,True
PB,pb2,101,iteration_end,178,11,2903,2903,True,969a437ff58f5ef4,969a437ff58f5ef4,True
PB,pb2,101,iteration_end,178,12,2837,2837,True,6f4405e1e2bf4e97,6f4405e1e2bf4e97,True
PB,pb2,101,iteration_end,178,13,2816,2816,True,9923194b7d640ac1,9923194b7d640ac1,True
PB,pb2,101,iteration_end,178,14,2801,2801,True,c7a7753e2aeea377,c7a7753e2aeea377,True
PB,pb2,101,iteration_end,178,15,2788,2788,True,140265258d5a41bb,140265258d5a41bb,True
PB,pb2,101,iteration_end,178,16,2788,2788,True,140265258d5a41bb,140265258d5a41bb,True
PB,pb2,101,iteration_end,178,17,2599,2599,True,f64437f72a27b20d,f64437f72a27b20d,True
PB,pb2,101,iteration_end,178,18,2596,2596,True,feca629e38d25b03,feca629e38d25b03,True
PB,pb2,101,iteration_end,178,19,2596,2596,True,feca629e38d25b03,feca629e38d25b03,True
PB,pb2,101,iteration_end,179,0,3148,3148,True,b7809124c7d26d9d,b7809124c7d26d9d,True
PB,pb2,101,iteration_end,179,1,3148,3148,True,b7809124c7d26d9d,b7809124c7d26d9d,True
PB,pb2,101,iteration_end,179,2,3148,3148,True,b7809124c7d26d9d,b7809124c7d26d9d,True
PB,pb2,101,iteration_end,179,3,3148,3148,True,b7809124c7d26d9d,b7809124c7d26d9d,True
PB,pb2,101,iteration_end,179,4,3148,3148,True,b7809124c7d26d9d,b7809124c7d26d9d,True
PB,pb2,101,iteration_end,179,5,3148,3148,True,b7809124c7d26d9d,b7809124c7d26d9d,True
PB,pb2,101,iteration_end,179,6,3101,3101,True,ad266a2a61d13e16,ad266a2a61d13e16,True
PB,pb2,101,iteration_end,179,7,3101,3101,True,ad266a2a61d13e16,ad266a2a61d13e16,True
PB,pb2,101,iteration_end,179,8,3080,3080,True,88bd74f9d2ec0235,88bd74f9d2ec0235,True
PB,pb2,101,iteration_end,179,9,3080,3080,True,88bd74f9d2ec0235,88bd74f9d2ec0235,True
PB,pb2,101,iteration_end,179,10,3038,3038,True,d50abb9d11faf202,d50abb9d11faf202,True
PB,pb2,101,iteration_end,179,11,3031,3031,True,d816c6257cd9848b,d816c6257cd9848b,True
PB,pb2,101,iteration_end,179,12,3031,3031,True,d816c6257cd9848b,d816c6257cd9848b,True
PB,pb2,101,iteration_end,179,13,2938,2938,True,da56225b479a8c7b,da56225b479a8c7b,True
PB,pb2,101,iteration_end,179,14,2884,2884,True,826ef8e59b791baf,826ef8e59b791baf,True
PB,pb2,101,iteration_end,179,15,2807,2807,True,050cd8a9e690686a,050cd8a9e690686a,True
PB,pb2,101,iteration_end,179,16,2797,2797,True,3442e9e8a34f2ccb,3442e9e8a34f2ccb,True
PB,pb2,101,iteration_end,179,17,2788,2788,True,140265258d5a41bb,140265258d5a41bb,True
PB,pb2,101,iteration_end,179,18,2533,2533,True,a9bf284f4a48cdea,a9bf284f4a48cdea,True
PB,pb2,101,iteration_end,179,19,2176,2176,True,86e39b5daf6e3c4c,86e39b5daf6e3c4c,True
PB,pb2,101,iteration_end,180,0,3148,3148,True,b7809124c7d26d9d,b7809124c7d26d9d,True
PB,pb2,101,iteration_end,180,1,3148,3148,True,b7809124c7d26d9d,b7809124c7d26d9d,True
PB,pb2,101,iteration_end,180,2,3148,3148,True,b7809124c7d26d9d,b7809124c7d26d9d,True
PB,pb2,101,iteration_end,180,3,3148,3148,True,b7809124c7d26d9d,b7809124c7d26d9d,True
PB,pb2,101,iteration_end,180,4,3101,3101,True,ad266a2a61d13e16,ad266a2a61d13e16,True
PB,pb2,101,iteration_end,180,5,3101,3101,True,ad266a2a61d13e16,ad266a2a61d13e16,True
PB,pb2,101,iteration_end,180,6,3101,3101,True,ad266a2a61d13e16,ad266a2a61d13e16,True
PB,pb2,101,iteration_end,180,7,3101,3101,True,ad266a2a61d13e16,ad266a2a61d13e16,True
PB,pb2,101,iteration_end,180,8,3080,3080,True,88bd74f9d2ec0235,88bd74f9d2ec0235,True
PB,pb2,101,iteration_end,180,9,3080,3080,True,88bd74f9d2ec0235,88bd74f9d2ec0235,True
PB,pb2,101,iteration_end,180,10,3031,3031,True,d816c6257cd9848b,d816c6257cd9848b,True
PB,pb2,101,iteration_end,180,11,3025,3025,True,422d3405cab1baec,422d3405cab1baec,True
PB,pb2,101,iteration_end,180,12,3020,3020,True,da14607500da887a,da14607500da887a,True
PB,pb2,101,iteration_end,180,13,2999,2999,True,3145a858d37f0ba5,3145a858d37f0ba5,True
PB,pb2,101,iteration_end,180,14,2952,2952,True,7c16d48404fb9a07,7c16d48404fb9a07,True
PB,pb2,101,iteration_end,180,15,2952,2952,True,7c16d48404fb9a07,7c16d48404fb9a07,True
PB,pb2,101,iteration_end,180,16,2905,2905,True,f4a8c90729497b5c,f4a8c90729497b5c,True
PB,pb2,101,iteration_end,180,17,2905,2905,True,f4a8c90729497b5c,f4a8c90729497b5c,True
PB,pb2,101,iteration_end,180,18,2837,2837,True,6f4405e1e2bf4e97,6f4405e1e2bf4e97,True
PB,pb2,101,iteration_end,180,19,2793,2793,True,10e6629e0460850e,10e6629e0460850e,True
PB,pb2,101,iteration_end,181,0,3148,3148,True,b7809124c7d26d9d,b7809124c7d26d9d,True
PB,pb2,101,iteration_end,181,1,3148,3148,True,b7809124c7d26d9d,b7809124c7d26d9d,True
PB,pb2,101,iteration_end,181,2,3148,3148,True,b7809124c7d26d9d,b7809124c7d26d9d,True
PB,pb2,101,iteration_end,181,3,3101,3101,True,ad266a2a61d13e16,ad266a2a61d13e16,True
PB,pb2,101,iteration_end,181,4,3080,3080,True,88bd74f9d2ec0235,88bd74f9d2ec0235,True
PB,pb2,101,iteration_end,181,5,3080,3080,True,88bd74f9d2ec0235,88bd74f9d2ec0235,True
PB,pb2,101,iteration_end,181,6,3031,3031,True,d816c6257cd9848b,d816c6257cd9848b,True
PB,pb2,101,iteration_end,181,7,3031,3031,True,d816c6257cd9848b,d816c6257cd9848b,True
PB,pb2,101,iteration_end,181,8,3031,3031,True,d816c6257cd9848b,d816c6257cd9848b,True
PB,pb2,101,iteration_end,181,9,3020,3020,True,da14607500da887a,da14607500da887a,True
PB,pb2,101,iteration_end,181,10,2984,2984,True,485b14da0c51f9b6,485b14da0c51f9b6,True
PB,pb2,101,iteration_end,181,11,2952,2952,True,77131c109f2174ce,77131c109f2174ce,True
PB,pb2,101,iteration_end,181,12,2952,2952,True,7c16d48404fb9a07,7c16d48404fb9a07,True
PB,pb2,101,iteration_end,181,13,2952,2952,True,77131c109f2174ce,77131c109f2174ce,True
PB,pb2,101,iteration_end,181,14,2903,2903,True,969a437ff58f5ef4,969a437ff58f5ef4,True
PB,pb2,101,iteration_end,181,15,2903,2903,True,969a437ff58f5ef4,969a437ff58f5ef4,True
PB,pb2,101,iteration_end,181,16,2888,2888,True,8a34210bfe5f1ba7,8a34210bfe5f1ba7,True
PB,pb2,101,iteration_end,181,17,2835,2835,True,f191987d2d1de62f,f191987d2d1de62f,True
PB,pb2,101,iteration_end,181,18,2788,2788,True,140265258d5a41bb,140265258d5a41bb,True
PB,pb2,101,iteration_end,181,19,2713,2713,True,34570adf7e5e0fa3,34570adf7e5e0fa3,True
PB,pb2,101,iteration_end,182,0,3148,3148,True,b7809124c7d26d9d,b7809124c7d26d9d,True
PB,pb2,101,iteration_end,182,1,3148,3148,True,b7809124c7d26d9d,b7809124c7d26d9d,True
PB,pb2,101,iteration_end,182,2,3101,3101,True,ad266a2a61d13e16,ad266a2a61d13e16,True
PB,pb2,101,iteration_end,182,3,3099,3099,True,796b5be98fe3f770,796b5be98fe3f770,True
PB,pb2,101,iteration_end,182,4,3052,3052,True,4a96e5b58cb0333a,4a96e5b58cb0333a,True
PB,pb2,101,iteration_end,182,5,3033,3033,True,f8ced544c40e981c,f8ced544c40e981c,True
PB,pb2,101,iteration_end,182,6,3027,3027,True,d58b85757fe60272,d58b85757fe60272,True
PB,pb2,101,iteration_end,182,7,2958,2958,True,b7279423553a00a2,b7279423553a00a2,True
PB,pb2,101,iteration_end,182,8,2903,2903,True,969a437ff58f5ef4,969a437ff58f5ef4,True
PB,pb2,101,iteration_end,182,9,2859,2859,True,5c6673670a02d3d9,5c6673670a02d3d9,True
PB,pb2,101,iteration_end,182,10,2837,2837,True,6f4405e1e2bf4e97,6f4405e1e2bf4e97,True
PB,pb2,101,iteration_end,182,11,2835,2835,True,f191987d2d1de62f,f191987d2d1de62f,True
PB,pb2,101,iteration_end,182,12,2788,2788,True,140265258d5a41bb,140265258d5a41bb,True
PB,pb2,101,iteration_end,182,13,2788,2788,True,140265258d5a41bb,140265258d5a41bb,True
PB,pb2,101,iteration_end,182,14,2722,2722,True,d433a1dc90d28014,d433a1dc90d28014,True
PB,pb2,101,iteration_end,182,15,2652,2652,True,ec7b9e5f84943a7e,ec7b9e5f84943a7e,True
PB,pb2,101,iteration_end,182,16,2640,2640,True,a7a667bea0cab9c1,a7a667bea0cab9c1,True
PB,pb2,101,iteration_end,182,17,2607,2607,True,3bc7d95f8c2c2595,3bc7d95f8c2c2595,True
PB,pb2,101,iteration_end,182,18,2492,2492,True,517ec194d94b7473,517ec194d94b7473,True
PB,pb2,101,iteration_end,182,19,2417,2417,True,048c37f1c52808ee,048c37f1c52808ee,True
PB,pb2,101,iteration_end,183,0,3148,3148,True,b7809124c7d26d9d,b7809124c7d26d9d,True
PB,pb2,101,iteration_end,183,1,2981,2981,True,d8fe9e5e998dfa8e,d8fe9e5e998dfa8e,True
PB,pb2,101,iteration_end,183,2,2930,2930,True,deba6065e162b55b,deba6065e162b55b,True
PB,pb2,101,iteration_end,183,3,2903,2903,True,969a437ff58f5ef4,969a437ff58f5ef4,True
PB,pb2,101,iteration_end,183,4,2884,2884,True,826ef8e59b791baf,826ef8e59b791baf,True
PB,pb2,101,iteration_end,183,5,2856,2856,True,04dd3666c9808a3a,04dd3666c9808a3a,True
PB,pb2,101,iteration_end,183,6,2856,2856,True,80a5d039e38c3dee,80a5d039e38c3dee,True
PB,pb2,101,iteration_end,183,7,2856,2856,True,04dd3666c9808a3a,04dd3666c9808a3a,True
PB,pb2,101,iteration_end,183,8,2835,2835,True,0f5fab0604a0faa7,0f5fab0604a0faa7,True
PB,pb2,101,iteration_end,183,9,2792,2792,True,a95cedb02f77c38c,a95cedb02f77c38c,True
PB,pb2,101,iteration_end,183,10,2781,2781,True,236db57b956c3e7b,236db57b956c3e7b,True
PB,pb2,101,iteration_end,183,11,2771,2771,True,57b705b4c3ce9d04,57b705b4c3ce9d04,True
PB,pb2,101,iteration_end,183,12,2707,2707,True,9c7207cf1264a18c,9c7207cf1264a18c,True
PB,pb2,101,iteration_end,183,13,2668,2668,True,a69c86d1b187a3b3,a69c86d1b187a3b3,True
PB,pb2,101,iteration_end,183,14,2663,2663,True,2bbe1a41d87b38cd,2bbe1a41d87b38cd,True
PB,pb2,101,iteration_end,183,15,2654,2654,True,1acc588de37a4bfa,1acc588de37a4bfa,True
PB,pb2,101,iteration_end,183,16,2590,2590,True,5ec5d33003752e42,5ec5d33003752e42,True
PB,pb2,101,iteration_end,183,17,2582,2582,True,f3b333afb3bbfba5,f3b333afb3bbfba5,True
PB,pb2,101,iteration_end,183,18,2548,2548,True,20d7d52f05865fd7,20d7d52f05865fd7,True
PB,pb2,101,iteration_end,183,19,2507,2507,True,9b82fc7b42155a96,9b82fc7b42155a96,True
PB,pb2,101,iteration_end,184,0,3080,3080,True,88bd74f9d2ec0235,88bd74f9d2ec0235,True
PB,pb2,101,iteration_end,184,1,3035,3035,True,2721250c12bfb7f5,2721250c12bfb7f5,True
PB,pb2,101,iteration_end,184,2,2983,2983,True,62224bcf071bfbbd,62224bcf071bfbbd,True
PB,pb2,101,iteration_end,184,3,2968,2968,True,5d71b1f7b7651167,5d71b1f7b7651167,True
PB,pb2,101,iteration_end,184,4,2941,2941,True,1bbfc730b2c6a019,1bbfc730b2c6a019,True
PB,pb2,101,iteration_end,184,5,2914,2914,True,f979313ff1f4499e,f979313ff1f4499e,True
PB,pb2,101,iteration_end,184,6,2899,2899,True,34696ca28507a81d,34696ca28507a81d,True
PB,pb2,101,iteration_end,184,7,2899,2899,True,a6947a9a6f8398ee,a6947a9a6f8398ee,True
PB,pb2,101,iteration_end,184,8,2880,2880,True,3c9e5302a76a1238,3c9e5302a76a1238,True
PB,pb2,101,iteration_end,184,9,2856,2856,True,04dd3666c9808a3a,04dd3666c9808a3a,True
PB,pb2,101,iteration_end,184,10,2853,2853,True,42835fbd359c0f1d,42835fbd359c0f1d,True
PB,pb2,101,iteration_end,184,11,2788,2788,True,9d464d51f4e0ef97,9d464d51f4e0ef97,True
PB,pb2,101,iteration_end,184,12,2752,2752,True,4dd0624b7450e499,4dd0624b7450e499,True
PB,pb2,101,iteration_end,184,13,2749,2749,True,5352fe5f830e2580,5352fe5f830e2580,True
PB,pb2,101,iteration_end,184,14,2643,2643,True,83bc8cd3000b13da,83bc8cd3000b13da,True
PB,pb2,101,iteration_end,184,15,2615,2615,True,89fca4c65a3a78c1,89fca4c65a3a78c1,True
PB,pb2,101,iteration_end,184,16,2584,2584,True,9de17096df7010dd,9de17096df7010dd,True
PB,pb2,101,iteration_end,184,17,2544,2544,True,c3038057f2a191cf,c3038057f2a191cf,True
PB,pb2,101,iteration_end,184,18,2485,2485,True,31e818138d1cc5e7,31e818138d1cc5e7,True
PB,pb2,101,iteration_end,184,19,2430,2430,True,e8f2a4b256ebacfe,e8f2a4b256ebacfe,True
PB,pb2,101,iteration_end,185,0,3148,3148,True,b7809124c7d26d9d,b7809124c7d26d9d,True
PB,pb2,101,iteration_end,185,1,3101,3101,True,ad266a2a61d13e16,ad266a2a61d13e16,True
PB,pb2,101,iteration_end,185,2,3080,3080,True,88bd74f9d2ec0235,88bd74f9d2ec0235,True
PB,pb2,101,iteration_end,185,3,3052,3052,True,4a96e5b58cb0333a,4a96e5b58cb0333a,True
PB,pb2,101,iteration_end,185,4,3009,3009,True,3900ae48c0802ce5,3900ae48c0802ce5,True
PB,pb2,101,iteration_end,185,5,2973,2973,True,efadac0a6c18e254,efadac0a6c18e254,True
PB,pb2,101,iteration_end,185,6,2961,2961,True,e9ee8fd297b7abfd,e9ee8fd297b7abfd,True
PB,pb2,101,iteration_end,185,7,2953,2953,True,2fdea4304ff10d52,2fdea4304ff10d52,True
PB,pb2,101,iteration_end,185,8,2920,2920,True,bf4549374d161ff9,bf4549374d161ff9,True
PB,pb2,101,iteration_end,185,9,2905,2905,True,f4a8c90729497b5c,f4a8c90729497b5c,True
PB,pb2,101,iteration_end,185,10,2894,2894,True,bf21c36fe5e705fa,bf21c36fe5e705fa,True
PB,pb2,101,iteration_end,185,11,2853,2853,True,abd34be927ec612b,abd34be927ec612b,True
PB,pb2,101,iteration_end,185,12,2788,2788,True,140265258d5a41bb,140265258d5a41bb,True
PB,pb2,101,iteration_end,185,13,2750,2750,True,9822c74f7540e9fe,9822c74f7540e9fe,True
PB,pb2,101,iteration_end,185,14,2685,2685,True,09677b4b06817499,09677b4b06817499,True
PB,pb2,101,iteration_end,185,15,2639,2639,True,45a4b2a1c0d681db,45a4b2a1c0d681db,True
PB,pb2,101,iteration_end,185,16,2567,2567,True,a78f96f201ca4635,a78f96f201ca4635,True
PB,pb2,101,iteration_end,185,17,2520,2520,True,90959be2d19cbc1e,90959be2d19cbc1e,True
PB,pb2,101,iteration_end,185,18,2490,2490,True,d9ef774c0f10df0b,d9ef774c0f10df0b,True
PB,pb2,101,iteration_end,185,19,2274,2274,True,5d7b4554fd10732f,5d7b4554fd10732f,True
PB,pb2,101,iteration_end,186,0,3148,3148,True,b7809124c7d26d9d,b7809124c7d26d9d,True
PB,pb2,101,iteration_end,186,1,3148,3148,True,b7809124c7d26d9d,b7809124c7d26d9d,True
PB,pb2,101,iteration_end,186,2,3148,3148,True,b7809124c7d26d9d,b7809124c7d26d9d,True
PB,pb2,101,iteration_end,186,3,3119,3119,True,7688fcbf6a0d5817,7688fcbf6a0d5817,True
PB,pb2,101,iteration_end,186,4,3101,3101,True,ad266a2a61d13e16,ad266a2a61d13e16,True
PB,pb2,101,iteration_end,186,5,3101,3101,True,ad266a2a61d13e16,ad266a2a61d13e16,True
PB,pb2,101,iteration_end,186,6,3080,3080,True,88bd74f9d2ec0235,88bd74f9d2ec0235,True
PB,pb2,101,iteration_end,186,7,3031,3031,True,d816c6257cd9848b,d816c6257cd9848b,True
PB,pb2,101,iteration_end,186,8,2937,2937,True,750590790198cc4b,750590790198cc4b,True
PB,pb2,101,iteration_end,186,9,2907,2907,True,96630c81cdfdc34d,96630c81cdfdc34d,True
PB,pb2,101,iteration_end,186,10,2905,2905,True,f4a8c90729497b5c,f4a8c90729497b5c,True
PB,pb2,101,iteration_end,186,11,2884,2884,True,826ef8e59b791baf,826ef8e59b791baf,True
PB,pb2,101,iteration_end,186,12,2884,2884,True,826ef8e59b791baf,826ef8e59b791baf,True
PB,pb2,101,iteration_end,186,13,2884,2884,True,826ef8e59b791baf,826ef8e59b791baf,True
PB,pb2,101,iteration_end,186,14,2875,2875,True,9634b1c276ffd7a6,9634b1c276ffd7a6,True
PB,pb2,101,iteration_end,186,15,2856,2856,True,04dd3666c9808a3a,04dd3666c9808a3a,True
PB,pb2,101,iteration_end,186,16,2827,2827,True,e5424d2029718fb8,e5424d2029718fb8,True
PB,pb2,101,iteration_end,186,17,2788,2788,True,140265258d5a41bb,140265258d5a41bb,True
PB,pb2,101,iteration_end,186,18,2656,2656,True,1fbbe0d77553da81,1fbbe0d77553da81,True
PB,pb2,101,iteration_end,186,19,2580,2580,True,8d9d9cc91ae3f305,8d9d9cc91ae3f305,True
PB,pb2,101,iteration_end,187,0,3148,3148,True,b7809124c7d26d9d,b7809124c7d26d9d,True
PB,pb2,101,iteration_end,187,1,3080,3080,True,88bd74f9d2ec0235,88bd74f9d2ec0235,True
PB,pb2,101,iteration_end,187,2,3040,3040,True,c0ca9e08f07e12ba,c0ca9e08f07e12ba,True
PB,pb2,101,iteration_end,187,3,3035,3035,True,2721250c12bfb7f5,2721250c12bfb7f5,True
PB,pb2,101,iteration_end,187,4,3031,3031,True,d816c6257cd9848b,d816c6257cd9848b,True
PB,pb2,101,iteration_end,187,5,3025,3025,True,422d3405cab1baec,422d3405cab1baec,True
PB,pb2,101,iteration_end,187,6,3020,3020,True,da14607500da887a,da14607500da887a,True
PB,pb2,101,iteration_end,187,7,2999,2999,True,3145a858d37f0ba5,3145a858d37f0ba5,True
PB,pb2,101,iteration_end,187,8,2993,2993,True,5c26eb37bd1ae74f,5c26eb37bd1ae74f,True
PB,pb2,101,iteration_end,187,9,2921,2921,True,d0b8743d98b89507,d0b8743d98b89507,True
PB,pb2,101,iteration_end,187,10,2905,2905,True,f4a8c90729497b5c,f4a8c90729497b5c,True
PB,pb2,101,iteration_end,187,11,2886,2886,True,2657059c07547a81,2657059c07547a81,True
PB,pb2,101,iteration_end,187,12,2884,2884,True,826ef8e59b791baf,826ef8e59b791baf,True
PB,pb2,101,iteration_end,187,13,2884,2884,True,826ef8e59b791baf,826ef8e59b791baf,True
PB,pb2,101,iteration_end,187,14,2834,2834,True,8c66f1f5008141e7,8c66f1f5008141e7,True
PB,pb2,101,iteration_end,187,15,2817,2817,True,5d5e004c731851c7,5d5e004c731851c7,True
PB,pb2,101,iteration_end,187,16,2618,2618,True,67ec13ab22554e93,67ec13ab22554e93,True
PB,pb2,101,iteration_end,187,17,2500,2500,True,f58b4b97c5d965d4,f58b4b97c5d965d4,True
PB,pb2,101,iteration_end,187,18,2486,2486,True,a18f376417717228,a18f376417717228,True
PB,pb2,101,iteration_end,187,19,2385,2385,True,59bfb985447f07fc,59bfb985447f07fc,True
PB,pb2,101,iteration_end,188,0,3148,3148,True,b7809124c7d26d9d,b7809124c7d26d9d,True
PB,pb2,101,iteration_end,188,1,3148,3148,True,b7809124c7d26d9d,b7809124c7d26d9d,True
PB,pb2,101,iteration_end,188,2,3148,3148,True,b7809124c7d26d9d,b7809124c7d26d9d,True
PB,pb2,101,iteration_end,188,3,3148,3148,True,b7809124c7d26d9d,b7809124c7d26d9d,True
PB,pb2,101,iteration_end,188,4,3101,3101,True,ad266a2a61d13e16,ad266a2a61d13e16,True
PB,pb2,101,iteration_end,188,5,3052,3052,True,4a96e5b58cb0333a,4a96e5b58cb0333a,True
PB,pb2,101,iteration_end,188,6,3033,3033,True,f8ced544c40e981c,f8ced544c40e981c,True
PB,pb2,101,iteration_end,188,7,2977,2977,True,f0801b34dad38d77,f0801b34dad38d77,True
PB,pb2,101,iteration_end,188,8,2956,2956,True,ba8413d010ee51a8,ba8413d010ee51a8,True
PB,pb2,101,iteration_end,188,9,2812,2812,True,a240ccd3d0c65af0,a240ccd3d0c65af0,True
PB,pb2,101,iteration_end,188,10,2788,2788,True,140265258d5a41bb,140265258d5a41bb,True
PB,pb2,101,iteration_end,188,11,2788,2788,True,140265258d5a41bb,140265258d5a41bb,True
PB,pb2,101,iteration_end,188,12,2788,2788,True,140265258d5a41bb,140265258d5a41bb,True
PB,pb2,101,iteration_end,188,13,2788,2788,True,140265258d5a41bb,140265258d5a41bb,True
PB,pb2,101,iteration_end,188,14,2788,2788,True,140265258d5a41bb,140265258d5a41bb,True
PB,pb2,101,iteration_end,188,15,2779,2779,True,dedffb0da47d6042,dedffb0da47d6042,True
PB,pb2,101,iteration_end,188,16,2615,2615,True,89fca4c65a3a78c1,89fca4c65a3a78c1,True
PB,pb2,101,iteration_end,188,17,2577,2577,True,5ca84baef99bedfb,5ca84baef99bedfb,True
PB,pb2,101,iteration_end,188,18,2557,2557,True,9c38dc0add73e688,9c38dc0add73e688,True
PB,pb2,101,iteration_end,188,19,2399,2399,True,1343bbd5aba5ee55,1343bbd5aba5ee55,True
PB,pb2,101,iteration_end,189,0,3148,3148,True,b7809124c7d26d9d,b7809124c7d26d9d,True
PB,pb2,101,iteration_end,189,1,3148,3148,True,b7809124c7d26d9d,b7809124c7d26d9d,True
PB,pb2,101,iteration_end,189,2,3148,3148,True,b7809124c7d26d9d,b7809124c7d26d9d,True
PB,pb2,101,iteration_end,189,3,3099,3099,True,796b5be98fe3f770,796b5be98fe3f770,True
PB,pb2,101,iteration_end,189,4,3099,3099,True,796b5be98fe3f770,796b5be98fe3f770,True
PB,pb2,101,iteration_end,189,5,3099,3099,True,796b5be98fe3f770,796b5be98fe3f770,True
PB,pb2,101,iteration_end,189,6,3080,3080,True,88bd74f9d2ec0235,88bd74f9d2ec0235,True
PB,pb2,101,iteration_end,189,7,3052,3052,True,4a96e5b58cb0333a,4a96e5b58cb0333a,True
PB,pb2,101,iteration_end,189,8,2952,2952,True,7c16d48404fb9a07,7c16d48404fb9a07,True
PB,pb2,101,iteration_end,189,9,2920,2920,True,6b88483d077e1aef,6b88483d077e1aef,True
PB,pb2,101,iteration_end,189,10,2919,2919,True,61b248cbffc235af,61b248cbffc235af,True
PB,pb2,101,iteration_end,189,11,2843,2843,True,7a25251633a2bac8,7a25251633a2bac8,True
PB,pb2,101,iteration_end,189,12,2837,2837,True,6f4405e1e2bf4e97,6f4405e1e2bf4e97,True
PB,pb2,101,iteration_end,189,13,2837,2837,True,6f4405e1e2bf4e97,6f4405e1e2bf4e97,True
PB,pb2,101,iteration_end,189,14,2835,2835,True,f191987d2d1de62f,f191987d2d1de62f,True
PB,pb2,101,iteration_end,189,15,2788,2788,True,140265258d5a41bb,140265258d5a41bb,True
PB,pb2,101,iteration_end,189,16,2788,2788,True,140265258d5a41bb,140265258d5a41bb,True
PB,pb2,101,iteration_end,189,17,2741,2741,True,753669416bb4cb96,753669416bb4cb96,True
PB,pb2,101,iteration_end,189,18,2496,2496,True,28ebc42bb15c4590,28ebc42bb15c4590,True
PB,pb2,101,iteration_end,189,19,2315,2315,True,8d2f268a39c4075f,8d2f268a39c4075f,True
PB,pb2,101,iteration_end,190,0,3148,3148,True,b7809124c7d26d9d,b7809124c7d26d9d,True
PB,pb2,101,iteration_end,190,1,3148,3148,True,b7809124c7d26d9d,b7809124c7d26d9d,True
PB,pb2,101,iteration_end,190,2,3148,3148,True,b7809124c7d26d9d,b7809124c7d26d9d,True
PB,pb2,101,iteration_end,190,3,3148,3148,True,b7809124c7d26d9d,b7809124c7d26d9d,True
PB,pb2,101,iteration_end,190,4,3099,3099,True,796b5be98fe3f770,796b5be98fe3f770,True
PB,pb2,101,iteration_end,190,5,3099,3099,True,796b5be98fe3f770,796b5be98fe3f770,True
PB,pb2,101,iteration_end,190,6,3033,3033,True,f8ced544c40e981c,f8ced544c40e981c,True
PB,pb2,101,iteration_end,190,7,2952,2952,True,7c16d48404fb9a07,7c16d48404fb9a07,True
PB,pb2,101,iteration_end,190,8,2952,2952,True,7c16d48404fb9a07,7c16d48404fb9a07,True
PB,pb2,101,iteration_end,190,9,2952,2952,True,7c16d48404fb9a07,7c16d48404fb9a07,True
PB,pb2,101,iteration_end,190,10,2905,2905,True,f4a8c90729497b5c,f4a8c90729497b5c,True
PB,pb2,101,iteration_end,190,11,2903,2903,True,969a437ff58f5ef4,969a437ff58f5ef4,True
PB,pb2,101,iteration_end,190,12,2888,2888,True,8a34210bfe5f1ba7,8a34210bfe5f1ba7,True
PB,pb2,101,iteration_end,190,13,2884,2884,True,826ef8e59b791baf,826ef8e59b791baf,True
PB,pb2,101,iteration_end,190,14,2868,2868,True,ef9afde30285afde,ef9afde30285afde,True
PB,pb2,101,iteration_end,190,15,2861,2861,True,dd07cd6bba15775a,dd07cd6bba15775a,True
PB,pb2,101,iteration_end,190,16,2837,2837,True,6f4405e1e2bf4e97,6f4405e1e2bf4e97,True
PB,pb2,101,iteration_end,190,17,2835,2835,True,f191987d2d1de62f,f191987d2d1de62f,True
PB,pb2,101,iteration_end,190,18,2788,2788,True,140265258d5a41bb,140265258d5a41bb,True
PB,pb2,101,iteration_end,190,19,2176,2176,True,86e39b5daf6e3c4c,86e39b5daf6e3c4c,True
PB,pb2,101,iteration_end,191,0,3148,3148,True,b7809124c7d26d9d,b7809124c7d26d9d,True
PB,pb2,101,iteration_end,191,1,3148,3148,True,b7809124c7d26d9d,b7809124c7d26d9d,True
PB,pb2,101,iteration_end,191,2,3148,3148,True,b7809124c7d26d9d,b7809124c7d26d9d,True
PB,pb2,101,iteration_end,191,3,3148,3148,True,b7809124c7d26d9d,b7809124c7d26d9d,True
PB,pb2,101,iteration_end,191,4,3101,3101,True,ad266a2a61d13e16,ad266a2a61d13e16,True
PB,pb2,101,iteration_end,191,5,3052,3052,True,4a96e5b58cb0333a,4a96e5b58cb0333a,True
PB,pb2,101,iteration_end,191,6,3033,3033,True,f8ced544c40e981c,f8ced544c40e981c,True
PB,pb2,101,iteration_end,191,7,3033,3033,True,f8ced544c40e981c,f8ced544c40e981c,True
PB,pb2,101,iteration_end,191,8,3025,3025,True,422d3405cab1baec,422d3405cab1baec,True
PB,pb2,101,iteration_end,191,9,3009,3009,True,7435842562bc3d7d,7435842562bc3d7d,True
PB,pb2,101,iteration_end,191,10,2999,2999,True,3145a858d37f0ba5,3145a858d37f0ba5,True
PB,pb2,101,iteration_end,191,11,2952,2952,True,7c16d48404fb9a07,7c16d48404fb9a07,True
PB,pb2,101,iteration_end,191,12,2903,2903,True,969a437ff58f5ef4,969a437ff58f5ef4,True
PB,pb2,101,iteration_end,191,13,2903,2903,True,969a437ff58f5ef4,969a437ff58f5ef4,True
PB,pb2,101,iteration_end,191,14,2837,2837,True,6f4405e1e2bf4e97,6f4405e1e2bf4e97,True
PB,pb2,101,iteration_end,191,15,2788,2788,True,140265258d5a41bb,140265258d5a41bb,True
PB,pb2,101,iteration_end,191,16,2788,2788,True,140265258d5a41bb,140265258d5a41bb,True
PB,pb2,101,iteration_end,191,17,2788,2788,True,140265258d5a41bb,140265258d5a41bb,True
PB,pb2,101,iteration_end,191,18,2734,2734,True,7644c2087b29b180,7644c2087b29b180,True
PB,pb2,101,iteration_end,191,19,2640,2640,True,a742bdd3436033e5,a742bdd3436033e5,True
PB,pb2,101,iteration_end,192,0,3101,3101,True,ad266a2a61d13e16,ad266a2a61d13e16,True
PB,pb2,101,iteration_end,192,1,3080,3080,True,88bd74f9d2ec0235,88bd74f9d2ec0235,True
PB,pb2,101,iteration_end,192,2,3080,3080,True,88bd74f9d2ec0235,88bd74f9d2ec0235,True
PB,pb2,101,iteration_end,192,3,3080,3080,True,88bd74f9d2ec0235,88bd74f9d2ec0235,True
PB,pb2,101,iteration_end,192,4,3080,3080,True,88bd74f9d2ec0235,88bd74f9d2ec0235,True
PB,pb2,101,iteration_end,192,5,3080,3080,True,88bd74f9d2ec0235,88bd74f9d2ec0235,True
PB,pb2,101,iteration_end,192,6,3033,3033,True,f8ced544c40e981c,f8ced544c40e981c,True
PB,pb2,101,iteration_end,192,7,3031,3031,True,d816c6257cd9848b,d816c6257cd9848b,True
PB,pb2,101,iteration_end,192,8,2924,2924,True,db43cbdaffe67222,db43cbdaffe67222,True
PB,pb2,101,iteration_end,192,9,2903,2903,True,969a437ff58f5ef4,969a437ff58f5ef4,True
PB,pb2,101,iteration_end,192,10,2903,2903,True,969a437ff58f5ef4,969a437ff58f5ef4,True
PB,pb2,101,iteration_end,192,11,2884,2884,True,826ef8e59b791baf,826ef8e59b791baf,True
PB,pb2,101,iteration_end,192,12,2884,2884,True,826ef8e59b791baf,826ef8e59b791baf,True
PB,pb2,101,iteration_end,192,13,2835,2835,True,f191987d2d1de62f,f191987d2d1de62f,True
PB,pb2,101,iteration_end,192,14,2788,2788,True,140265258d5a41bb,140265258d5a41bb,True
PB,pb2,101,iteration_end,192,15,2788,2788,True,140265258d5a41bb,140265258d5a41bb,True
PB,pb2,101,iteration_end,192,16,2743,2743,True,c0711ccd90c6f332,c0711ccd90c6f332,True
PB,pb2,101,iteration_end,192,17,2529,2529,True,59b4cb71d33197af,59b4cb71d33197af,True
PB,pb2,101,iteration_end,192,18,2509,2509,True,b853ca63da268962,b853ca63da268962,True
PB,pb2,101,iteration_end,192,19,2435,2435,True,f50acf3371cd8f66,f50acf3371cd8f66,True
PB,pb2,101,iteration_end,193,0,3148,3148,True,b7809124c7d26d9d,b7809124c7d26d9d,True
PB,pb2,101,iteration_end,193,1,3148,3148,True,b7809124c7d26d9d,b7809124c7d26d9d,True
PB,pb2,101,iteration_end,193,2,3148,3148,True,b7809124c7d26d9d,b7809124c7d26d9d,True
PB,pb2,101,iteration_end,193,3,3101,3101,True,ad266a2a61d13e16,ad266a2a61d13e16,True
PB,pb2,101,iteration_end,193,4,3099,3099,True,796b5be98fe3f770,796b5be98fe3f770,True
PB,pb2,101,iteration_end,193,5,3099,3099,True,796b5be98fe3f770,796b5be98fe3f770,True
PB,pb2,101,iteration_end,193,6,3033,3033,True,f8ced544c40e981c,f8ced544c40e981c,True
PB,pb2,101,iteration_end,193,7,3031,3031,True,d816c6257cd9848b,d816c6257cd9848b,True
PB,pb2,101,iteration_end,193,8,3013,3013,True,37c2edda88f3a41f,37c2edda88f3a41f,True
PB,pb2,101,iteration_end,193,9,2952,2952,True,7c16d48404fb9a07,7c16d48404fb9a07,True
PB,pb2,101,iteration_end,193,10,2952,2952,True,7c16d48404fb9a07,7c16d48404fb9a07,True
PB,pb2,101,iteration_end,193,11,2952,2952,True,7c16d48404fb9a07,7c16d48404fb9a07,True
PB,pb2,101,iteration_end,193,12,2808,2808,True,bfed7561fead69bf,bfed7561fead69bf,True
PB,pb2,101,iteration_end,193,13,2732,2732,True,4cb8f55b4490d84e,4cb8f55b4490d84e,True
PB,pb2,101,iteration_end,193,14,2643,2643,True,66efd3091b23c5e9,66efd3091b23c5e9,True
PB,pb2,101,iteration_end,193,15,2619,2619,True,95a4bf3f22414627,95a4bf3f22414627,True
PB,pb2,101,iteration_end,193,16,2558,2558,True,7f63305f8a9f2b21,7f63305f8a9f2b21,True
PB,pb2,101,iteration_end,193,17,2528,2528,True,9213e4f4e5ff9bec,9213e4f4e5ff9bec,True
PB,pb2,101,iteration_end,193,18,2455,2455,True,2d09b2a5505df9bc,2d09b2a5505df9bc,True
PB,pb2,101,iteration_end,193,19,2368,2368,True,3a27b165a1563abd,3a27b165a1563abd,True
PB,pb2,101,iteration_end,194,0,3159,3159,True,c36784e1acdcaee6,c36784e1acdcaee6,True
PB,pb2,101,iteration_end,194,1,3101,3101,True,ad266a2a61d13e16,ad266a2a61d13e16,True
PB,pb2,101,iteration_end,194,2,3031,3031,True,d816c6257cd9848b,d816c6257cd9848b,True
PB,pb2,101,iteration_end,194,3,2974,2974,True,ddbb7cc500e5e3fc,ddbb7cc500e5e3fc,True
PB,pb2,101,iteration_end,194,4,2959,2959,True,0d45e9e473899a81,0d45e9e473899a81,True
PB,pb2,101,iteration_end,194,5,2952,2952,True,77131c109f2174ce,77131c109f2174ce,True
PB,pb2,101,iteration_end,194,6,2946,2946,True,39d1ea1e6bf235e7,39d1ea1e6bf235e7,True
PB,pb2,101,iteration_end,194,7,2908,2908,True,f876d15a4b623f80,f876d15a4b623f80,True
PB,pb2,101,iteration_end,194,8,2905,2905,True,f4a8c90729497b5c,f4a8c90729497b5c,True
PB,pb2,101,iteration_end,194,9,2903,2903,True,969a437ff58f5ef4,969a437ff58f5ef4,True
PB,pb2,101,iteration_end,194,10,2901,2901,True,ed159999695e5bdb,ed159999695e5bdb,True
PB,pb2,101,iteration_end,194,11,2866,2866,True,ea125090ee14816d,ea125090ee14816d,True
PB,pb2,101,iteration_end,194,12,2847,2847,True,99d2b34f2c8ece61,99d2b34f2c8ece61,True
PB,pb2,101,iteration_end,194,13,2837,2837,True,4d96788ad6b7333d,4d96788ad6b7333d,True
PB,pb2,101,iteration_end,194,14,2835,2835,True,f191987d2d1de62f,f191987d2d1de62f,True
PB,pb2,101,iteration_end,194,15,2811,2811,True,f43f14cd4886e283,f43f14cd4886e283,True
PB,pb2,101,iteration_end,194,16,2788,2788,True,140265258d5a41bb,140265258d5a41bb,True
PB,pb2,101,iteration_end,194,17,2788,2788,True,140265258d5a41bb,140265258d5a41bb,True
PB,pb2,101,iteration_end,194,18,2734,2734,True,d92f5e3d5a826516,d92f5e3d5a826516,True
PB,pb2,101,iteration_end,194,19,2529,2529,True,8ba6f52c9ce8d3c9,8ba6f52c9ce8d3c9,True
PB,pb2,101,iteration_end,195,0,3145,3145,True,4f62efc41aba09cd,4f62efc41aba09cd,True
PB,pb2,101,iteration_end,195,1,3057,3057,True,2afd733b8a1e4b0e,2afd733b8a1e4b0e,True
PB,pb2,101,iteration_end,195,2,2968,2968,True,5d71b1f7b7651167,5d71b1f7b7651167,True
PB,pb2,101,iteration_end,195,3,2956,2956,True,6b50fde093bb2dd2,6b50fde093bb2dd2,True
PB,pb2,101,iteration_end,195,4,2932,2932,True,9726b0de0f1cd810,9726b0de0f1cd810,True
PB,pb2,101,iteration_end,195,5,2904,2904,True,b47e5766466bbfb8,b47e5766466bbfb8,True
PB,pb2,101,iteration_end,195,6,2902,2902,True,1e88bad3148af6e8,1e88bad3148af6e8,True
PB,pb2,101,iteration_end,195,7,2896,2896,True,908e24e2cb811b39,908e24e2cb811b39,True
PB,pb2,101,iteration_end,195,8,2896,2896,True,0e569662ab6437bc,0e569662ab6437bc,True
PB,pb2,101,iteration_end,195,9,2876,2876,True,8e6bcd5ee1798ef8,8e6bcd5ee1798ef8,True
PB,pb2,101,iteration_end,195,10,2784,2784,True,9bd8faa401d9bbbb,9bd8faa401d9bbbb,True
PB,pb2,101,iteration_end,195,11,2764,2764,True,e4a13d7e52205e76,e4a13d7e52205e76,True
PB,pb2,101,iteration_end,195,12,2752,2752,True,38b8e4568d5ab11b,38b8e4568d5ab11b,True
PB,pb2,101,iteration_end,195,13,2690,2690,True,4e6d0a1c0b6e3fea,4e6d0a1c0b6e3fea,True
PB,pb2,101,iteration_end,195,14,2676,2676,True,611393f5a380c1a7,611393f5a380c1a7,True
PB,pb2,101,iteration_end,195,15,2654,2654,True,1065dab5e83122b9,1065dab5e83122b9,True
PB,pb2,101,iteration_end,195,16,2650,2650,True,bf3a81bbdf69e3f2,bf3a81bbdf69e3f2,True
PB,pb2,101,iteration_end,195,17,2412,2412,True,51c542de6ebe995b,51c542de6ebe995b,True
PB,pb2,101,iteration_end,195,18,2382,2382,True,cc0e60e9ee5a3840,cc0e60e9ee5a3840,True
PB,pb2,101,iteration_end,195,19,2350,2350,True,15a0a1a1792dc6ff,15a0a1a1792dc6ff,True
PB,pb2,101,iteration_end,196,0,3119,3119,True,7688fcbf6a0d5817,7688fcbf6a0d5817,True
PB,pb2,101,iteration_end,196,1,3057,3057,True,2afd733b8a1e4b0e,2afd733b8a1e4b0e,True
PB,pb2,101,iteration_end,196,2,3004,3004,True,87cda31fbe504b7b,87cda31fbe504b7b,True
PB,pb2,101,iteration_end,196,3,2984,2984,True,485b14da0c51f9b6,485b14da0c51f9b6,True
PB,pb2,101,iteration_end,196,4,2981,2981,True,e42a5d113d29fc90,e42a5d113d29fc90,True
PB,pb2,101,iteration_end,196,5,2977,2977,True,179c9815ae1af749,179c9815ae1af749,True
PB,pb2,101,iteration_end,196,6,2959,2959,True,d53d295ffe759322,d53d295ffe759322,True
PB,pb2,101,iteration_end,196,7,2920,2920,True,153693d5f15af47d,153693d5f15af47d,True
PB,pb2,101,iteration_end,196,8,2880,2880,True,9d3206bbc09f1a19,9d3206bbc09f1a19,True
PB,pb2,101,iteration_end,196,9,2870,2870,True,a9585856c5ad2e5a,a9585856c5ad2e5a,True
PB,pb2,101,iteration_end,196,10,2857,2857,True,d671231eb63ea26c,d671231eb63ea26c,True
PB,pb2,101,iteration_end,196,11,2839,2839,True,88dfc34d8a1442e7,88dfc34d8a1442e7,True
PB,pb2,101,iteration_end,196,12,2817,2817,True,703ab17bbf3a4b7d,703ab17bbf3a4b7d,True
PB,pb2,101,iteration_end,196,13,2756,2756,True,b78872e9fec9527a,b78872e9fec9527a,True
PB,pb2,101,iteration_end,196,14,2725,2725,True,2b6a2d8467a2746e,2b6a2d8467a2746e,True
PB,pb2,101,iteration_end,196,15,2695,2695,True,2e1eb2118b11cf0d,2e1eb2118b11cf0d,True
PB,pb2,101,iteration_end,196,16,2685,2685,True,73e7ec21d50abdf7,73e7ec21d50abdf7,True
PB,pb2,101,iteration_end,196,17,2553,2553,True,0e904ac57c81dd00,0e904ac57c81dd00,True
PB,pb2,101,iteration_end,196,18,2425,2425,True,70ac7df7fd03bbca,70ac7df7fd03bbca,True
PB,pb2,101,iteration_end,196,19,2350,2350,True,83d3b4aa4f3e2ef9,83d3b4aa4f3e2ef9,True
PB,pb2,101,iteration_end,197,0,3057,3057,True,2afd733b8a1e4b0e,2afd733b8a1e4b0e,True
PB,pb2,101,iteration_end,197,1,3034,3034,True,ef66d23970b63e91,ef66d23970b63e91,True
PB,pb2,101,iteration_end,197,2,2999,2999,True,3145a858d37f0ba5,3145a858d37f0ba5,True
PB,pb2,101,iteration_end,197,3,2986,2986,True,0fdac65c8dc8dbbe,0fdac65c8dc8dbbe,True
PB,pb2,101,iteration_end,197,4,2946,2946,True,df923e05e8950457,df923e05e8950457,True
PB,pb2,101,iteration_end,197,5,2909,2909,True,bceda8ca689cce05,bceda8ca689cce05,True
PB,pb2,101,iteration_end,197,6,2904,2904,True,92d757e40d57a2ab,92d757e40d57a2ab,True
PB,pb2,101,iteration_end,197,7,2903,2903,True,f9e3266bfeaf0225,f9e3266bfeaf0225,True
PB,pb2,101,iteration_end,197,8,2901,2901,True,0b591e52376e85f8,0b591e52376e85f8,True
PB,pb2,101,iteration_end,197,9,2836,2836,True,139c19e430ba902e,139c19e430ba902e,True
PB,pb2,101,iteration_end,197,10,2792,2792,True,0fe8a0128d4fccb1,0fe8a0128d4fccb1,True
PB,pb2,101,iteration_end,197,11,2788,2788,True,140265258d5a41bb,140265258d5a41bb,True
PB,pb2,101,iteration_end,197,12,2788,2788,True,140265258d5a41bb,140265258d5a41bb,True
PB,pb2,101,iteration_end,197,13,2788,2788,True,140265258d5a41bb,140265258d5a41bb,True
PB,pb2,101,iteration_end,197,14,2786,2786,True,090fe1607c64f23e,090fe1607c64f23e,True
PB,pb2,101,iteration_end,197,15,2722,2722,True,4004dae24726e455,4004dae24726e455,True
PB,pb2,101,iteration_end,197,16,2695,2695,True,2e1eb2118b11cf0d,2e1eb2118b11cf0d,True
PB,pb2,101,iteration_end,197,17,2658,2658,True,81558ce31ab97b43,81558ce31ab97b43,True
PB,pb2,101,iteration_end,197,18,2657,2657,True,a19b94df781c76a8,a19b94df781c76a8,True
PB,pb2,101,iteration_end,197,19,2433,2433,True,911bc7f67bc53861,911bc7f67bc53861,True
PB,pb2,101,iteration_end,198,0,3159,3159,True,c36784e1acdcaee6,c36784e1acdcaee6,True
PB,pb2,101,iteration_end,198,1,3085,3085,True,f7a5b16fc467e80a,f7a5b16fc467e80a,True
PB,pb2,101,iteration_end,198,2,3055,3055,True,da91ca6af114612a,da91ca6af114612a,True
PB,pb2,101,iteration_end,198,3,3033,3033,True,f8ced544c40e981c,f8ced544c40e981c,True
PB,pb2,101,iteration_end,198,4,3031,3031,True,d816c6257cd9848b,d816c6257cd9848b,True
PB,pb2,101,iteration_end,198,5,2984,2984,True,485b14da0c51f9b6,485b14da0c51f9b6,True
PB,pb2,101,iteration_end,198,6,2978,2978,True,972cdba88f01a2fe,972cdba88f01a2fe,True
PB,pb2,101,iteration_end,198,7,2978,2978,True,3c917dfcb0c65054,3c917dfcb0c65054,True
PB,pb2,101,iteration_end,198,8,2961,2961,True,df939f4824b5c5dd,df939f4824b5c5dd,True
PB,pb2,101,iteration_end,198,9,2950,2950,True,fa48fa9ee9172588,fa48fa9ee9172588,True
PB,pb2,101,iteration_end,198,10,2930,2930,True,3fd7a5a1b943decc,3fd7a5a1b943decc,True
PB,pb2,101,iteration_end,198,11,2877,2877,True,19ca3ececf30a8d2,19ca3ececf30a8d2,True
PB,pb2,101,iteration_end,198,12,2788,2788,True,140265258d5a41bb,140265258d5a41bb,True
PB,pb2,101,iteration_end,198,13,2761,2761,True,2bd2ac253199838a,2bd2ac253199838a,True
PB,pb2,101,iteration_end,198,14,2755,2755,True,55e75b42a943e63c,55e75b42a943e63c,True
PB,pb2,101,iteration_end,198,15,2742,2742,True,0ca6a12ebe7027ce,0ca6a12ebe7027ce,True
PB,pb2,101,iteration_end,198,16,2586,2586,True,06637db53890a5bd,06637db53890a5bd,True
PB,pb2,101,iteration_end,198,17,2582,2582,True,390ed860f73f6ced,390ed860f73f6ced,True
PB,pb2,101,iteration_end,198,18,2494,2494,True,b275ff36c14a582d,b275ff36c14a582d,True
PB,pb2,101,iteration_end,198,19,2395,2395,True,46d3cc07b590a079,46d3cc07b590a079,True
PB,pb2,101,iteration_end,199,0,3059,3059,True,a6f70384cdee84a4,a6f70384cdee84a4,True
PB,pb2,101,iteration_end,199,1,3041,3041,True,8799dad040ca32ff,8799dad040ca32ff,True
PB,pb2,101,iteration_end,199,2,3033,3033,True,f8ced544c40e981c,f8ced544c40e981c,True
PB,pb2,101,iteration_end,199,3,3019,3019,True,f6feae0ec9cc6a6e,f6feae0ec9cc6a6e,True
PB,pb2,101,iteration_end,199,4,3010,3010,True,a80288d128f2c58e,a80288d128f2c58e,True
PB,pb2,101,iteration_end,199,5,2999,2999,True,3145a858d37f0ba5,3145a858d37f0ba5,True
PB,pb2,101,iteration_end,199,6,2984,2984,True,485b14da0c51f9b6,485b14da0c51f9b6,True
PB,pb2,101,iteration_end,199,7,2984,2984,True,485b14da0c51f9b6,485b14da0c51f9b6,True
PB,pb2,101,iteration_end,199,8,2961,2961,True,df939f4824b5c5dd,df939f4824b5c5dd,True
PB,pb2,101,iteration_end,199,9,2948,2948,True,36128484d5930e22,36128484d5930e22,True
PB,pb2,101,iteration_end,199,10,2942,2942,True,b385d28e88ba4402,b385d28e88ba4402,True
PB,pb2,101,iteration_end,199,11,2828,2828,True,324266c735e8c733,324266c735e8c733,True
PB,pb2,101,iteration_end,199,12,2821,2821,True,0ab547a4c7286ee6,0ab547a4c7286ee6,True
PB,pb2,101,iteration_end,199,13,2788,2788,True,140265258d5a41bb,140265258d5a41bb,True
PB,pb2,101,iteration_end,199,14,2788,2788,True,140265258d5a41bb,140265258d5a41bb,True
PB,pb2,101,iteration_end,199,15,2788,2788,True,140265258d5a41bb,140265258d5a41bb,True
PB,pb2,101,iteration_end,199,16,2747,2747,True,9eceb99a32ac0279,9eceb99a32ac0279,True
PB,pb2,101,iteration_end,199,17,2747,2747,True,9eceb99a32ac0279,9eceb99a32ac0279,True
PB,pb2,101,iteration_end,199,18,2742,2742,True,0dba00dfd96dbf29,0dba00dfd96dbf29,True
PB,pb2,101,iteration_end,199,19,2593,2593,True,47a12502ae3aa9ad,47a12502ae3aa9ad,True
PB,pb2,101,iteration_end,200,0,3110,3110,True,3ddb9590a1ddbeb5,3ddb9590a1ddbeb5,True
PB,pb2,101,iteration_end,200,1,3103,3103,True,93b1be79f09e8b1b,93b1be79f09e8b1b,True
PB,pb2,101,iteration_end,200,2,3033,3033,True,f8ced544c40e981c,f8ced544c40e981c,True
PB,pb2,101,iteration_end,200,3,2993,2993,True,c6664fc52f107fba,c6664fc52f107fba,True
PB,pb2,101,iteration_end,200,4,2965,2965,True,108f813687696467,108f813687696467,True
PB,pb2,101,iteration_end,200,5,2935,2935,True,36373c806b3f4908,36373c806b3f4908,True
PB,pb2,101,iteration_end,200,6,2926,2926,True,f0d9124fc57b2350,f0d9124fc57b2350,True
PB,pb2,101,iteration_end,200,7,2920,2920,True,153693d5f15af47d,153693d5f15af47d,True
PB,pb2,101,iteration_end,200,8,2920,2920,True,153693d5f15af47d,153693d5f15af47d,True
PB,pb2,101,iteration_end,200,9,2837,2837,True,6f4405e1e2bf4e97,6f4405e1e2bf4e97,True
PB,pb2,101,iteration_end,200,10,2829,2829,True,433396ed0eabbb5f,433396ed0eabbb5f,True
PB,pb2,101,iteration_end,200,11,2828,2828,True,324266c735e8c733,324266c735e8c733,True
PB,pb2,101,iteration_end,200,12,2788,2788,True,140265258d5a41bb,140265258d5a41bb,True
PB,pb2,101,iteration_end,200,13,2788,2788,True,140265258d5a41bb,140265258d5a41bb,True
PB,pb2,101,iteration_end,200,14,2788,2788,True,140265258d5a41bb,140265258d5a41bb,True
PB,pb2,101,iteration_end,200,15,2779,2779,True,87638a371245f373,87638a371245f373,True
PB,pb2,101,iteration_end,200,16,2737,2737,True,bae4dd21d7ce7364,bae4dd21d7ce7364,True
PB,pb2,101,iteration_end,200,17,2628,2628,True,f2026fbe056a23da,f2026fbe056a23da,True
PB,pb2,101,iteration_end,200,18,2486,2486,True,5d32cf3f38f056c8,5d32cf3f38f056c8,True
PB,pb2,101,iteration_end,200,19,2281,2281,True,61bc321a91724f7a,61bc321a91724f7a,True
PB,pb2,101,iteration_end,201,0,3110,3110,True,3ddb9590a1ddbeb5,3ddb9590a1ddbeb5,True
PB,pb2,101,iteration_end,201,1,3078,3078,True,311dc448b5cc6733,311dc448b5cc6733,True
PB,pb2,101,iteration_end,201,2,3057,3057,True,a9e7c7e1e5f6677a,a9e7c7e1e5f6677a,True
PB,pb2,101,iteration_end,201,3,3033,3033,True,f8ced544c40e981c,f8ced544c40e981c,True
PB,pb2,101,iteration_end,201,4,3033,3033,True,f8ced544c40e981c,f8ced544c40e981c,True
PB,pb2,101,iteration_end,201,5,3010,3010,True,a80288d128f2c58e,a80288d128f2c58e,True
PB,pb2,101,iteration_end,201,6,2984,2984,True,485b14da0c51f9b6,485b14da0c51f9b6,True
PB,pb2,101,iteration_end,201,7,2984,2984,True,485b14da0c51f9b6,485b14da0c51f9b6,True
PB,pb2,101,iteration_end,201,8,2961,2961,True,df939f4824b5c5dd,df939f4824b5c5dd,True
PB,pb2,101,iteration_end,201,9,2952,2952,True,77131c109f2174ce,77131c109f2174ce,True
PB,pb2,101,iteration_end,201,10,2930,2930,True,1a9f17858a8b9ba3,1a9f17858a8b9ba3,True
PB,pb2,101,iteration_end,201,11,2899,2899,True,35780f9e2e8fa2e5,35780f9e2e8fa2e5,True
PB,pb2,101,iteration_end,201,12,2894,2894,True,bf21c36fe5e705fa,bf21c36fe5e705fa,True
PB,pb2,101,iteration_end,201,13,2894,2894,True,bf21c36fe5e705fa,bf21c36fe5e705fa,True
PB,pb2,101,iteration_end,201,14,2852,2852,True,531f02343d31649d,531f02343d31649d,True
PB,pb2,101,iteration_end,201,15,2788,2788,True,140265258d5a41bb,140265258d5a41bb,True
PB,pb2,101,iteration_end,201,16,2786,2786,True,090fe1607c64f23e,090fe1607c64f23e,True
PB,pb2,101,iteration_end,201,17,2743,2743,True,3433a37e1ffc049f,3433a37e1ffc049f,True
PB,pb2,101,iteration_end,201,18,2694,2694,True,d6647f3189f52ebc,d6647f3189f52ebc,True
PB,pb2,101,iteration_end,201,19,2537,2537,True,f5dae68a853e2955,f5dae68a853e2955,True
PB,pb2,101,iteration_end,202,0,3110,3110,True,3ddb9590a1ddbeb5,3ddb9590a1ddbeb5,True
PB,pb2,101,iteration_end,202,1,3052,3052,True,78e79e0c64b15e2d,78e79e0c64b15e2d,True
PB,pb2,101,iteration_end,202,2,3033,3033,True,f8ced544c40e981c,f8ced544c40e981c,True
PB,pb2,101,iteration_end,202,3,3033,3033,True,f8ced544c40e981c,f8ced544c40e981c,True
PB,pb2,101,iteration_end,202,4,3033,3033,True,f8ced544c40e981c,f8ced544c40e981c,True
PB,pb2,101,iteration_end,202,5,3010,3010,True,a80288d128f2c58e,a80288d128f2c58e,True
PB,pb2,101,iteration_end,202,6,3010,3010,True,a80288d128f2c58e,a80288d128f2c58e,True
PB,pb2,101,iteration_end,202,7,3005,3005,True,8b6f2703d4833715,8b6f2703d4833715,True
PB,pb2,101,iteration_end,202,8,2996,2996,True,0c2797e10b2514fd,0c2797e10b2514fd,True
PB,pb2,101,iteration_end,202,9,2990,2990,True,d7286de71c6e4bd4,d7286de71c6e4bd4,True
PB,pb2,101,iteration_end,202,10,2961,2961,True,df939f4824b5c5dd,df939f4824b5c5dd,True
PB,pb2,101,iteration_end,202,11,2886,2886,True,2657059c07547a81,2657059c07547a81,True
PB,pb2,101,iteration_end,202,12,2875,2875,True,579fc60284edc4c0,579fc60284edc4c0,True
PB,pb2,101,iteration_end,202,13,2788,2788,True,140265258d5a41bb,140265258d5a41bb,True
PB,pb2,101,iteration_end,202,14,2788,2788,True,140265258d5a41bb,140265258d5a41bb,True
PB,pb2,101,iteration_end,202,15,2778,2778,True,1a606f2705f73ccf,1a606f2705f73ccf,True
PB,pb2,101,iteration_end,202,16,2586,2586,True,06637db53890a5bd,06637db53890a5bd,True
PB,pb2,101,iteration_end,202,17,2579,2579,True,c40c9e8b3865e3ca,c40c9e8b3865e3ca,True
PB,pb2,101,iteration_end,202,18,2547,2547,True,cb8fb4ee7a3ea07c,cb8fb4ee7a3ea07c,True
PB,pb2,101,iteration_end,202,19,2537,2537,True,f5dae68a853e2955,f5dae68a853e2955,True
PB,pb2,101,iteration_end,203,0,3039,3039,True,2da100063efa35ee,2da100063efa35ee,True
PB,pb2,101,iteration_end,203,1,3033,3033,True,f8ced544c40e981c,f8ced544c40e981c,True
PB,pb2,101,iteration_end,203,2,3010,3010,True,a80288d128f2c58e,a80288d128f2c58e,True
PB,pb2,101,iteration_end,203,3,3010,3010,True,a80288d128f2c58e,a80288d128f2c58e,True
PB,pb2,101,iteration_end,203,4,3010,3010,True,a80288d128f2c58e,a80288d128f2c58e,True
PB,pb2,101,iteration_end,203,5,2952,2952,True,77131c109f2174ce,77131c109f2174ce,True
PB,pb2,101,iteration_end,203,6,2935,2935,True,36373c806b3f4908,36373c806b3f4908,True
PB,pb2,101,iteration_end,203,7,2884,2884,True,942b37b2eed4fbc0,942b37b2eed4fbc0,True
PB,pb2,101,iteration_end,203,8,2837,2837,True,6f4405e1e2bf4e97,6f4405e1e2bf4e97,True
PB,pb2,101,iteration_end,203,9,2825,2825,True,1432fbb4db22ba0c,1432fbb4db22ba0c,True
PB,pb2,101,iteration_end,203,10,2807,2807,True,640c848f9e499e89,640c848f9e499e89,True
PB,pb2,101,iteration_end,203,11,2803,2803,True,6f3b61498a8d78c0,6f3b61498a8d78c0,True
PB,pb2,101,iteration_end,203,12,2788,2788,True,140265258d5a41bb,140265258d5a41bb,True
PB,pb2,101,iteration_end,203,13,2786,2786,True,090fe1607c64f23e,090fe1607c64f23e,True
PB,pb2,101,iteration_end,203,14,2786,2786,True,090fe1607c64f23e,090fe1607c64f23e,True
PB,pb2,101,iteration_end,203,15,2701,2701,True,4a1894301846cfa8,4a1894301846cfa8,True
PB,pb2,101,iteration_end,203,16,2652,2652,True,ddfe5c7a7f2eca18,ddfe5c7a7f2eca18,True
PB,pb2,101,iteration_end,203,17,2632,2632,True,5f4c71c36605fcd6,5f4c71c36605fcd6,True
PB,pb2,101,iteration_end,203,18,2546,2546,True,5ad9b016de083cff,5ad9b016de083cff,True
PB,pb2,101,iteration_end,203,19,2323,2323,True,941c9f0b9548ef1a,941c9f0b9548ef1a,True
PB,pb2,101,iteration_end,204,0,3082,3082,True,61650e8c027eed41,61650e8c027eed41,True
PB,pb2,101,iteration_end,204,1,3078,3078,True,311dc448b5cc6733,311dc448b5cc6733,True
PB,pb2,101,iteration_end,204,2,3033,3033,True,f8ced544c40e981c,f8ced544c40e981c,True
PB,pb2,101,iteration_end,204,3,3033,3033,True,f8ced544c40e981c,f8ced544c40e981c,True
PB,pb2,101,iteration_end,204,4,3033,3033,True,f8ced544c40e981c,f8ced544c40e981c,True
PB,pb2,101,iteration_end,204,5,3010,3010,True,a80288d128f2c58e,a80288d128f2c58e,True
PB,pb2,101,iteration_end,204,6,2984,2984,True,485b14da0c51f9b6,485b14da0c51f9b6,True
PB,pb2,101,iteration_end,204,7,2984,2984,True,485b14da0c51f9b6,485b14da0c51f9b6,True
PB,pb2,101,iteration_end,204,8,2984,2984,True,485b14da0c51f9b6,485b14da0c51f9b6,True
PB,pb2,101,iteration_end,204,9,2952,2952,True,4b8aa3df14a7eb21,4b8aa3df14a7eb21,True
PB,pb2,101,iteration_end,204,10,2919,2919,True,42994cd25bae523b,42994cd25bae523b,True
PB,pb2,101,iteration_end,204,11,2837,2837,True,6f4405e1e2bf4e97,6f4405e1e2bf4e97,True
PB,pb2,101,iteration_end,204,12,2829,2829,True,433396ed0eabbb5f,433396ed0eabbb5f,True
PB,pb2,101,iteration_end,204,13,2828,2828,True,324266c735e8c733,324266c735e8c733,True
PB,pb2,101,iteration_end,204,14,2811,2811,True,0a9f067d4b8e53bd,0a9f067d4b8e53bd,True
PB,pb2,101,iteration_end,204,15,2788,2788,True,140265258d5a41bb,140265258d5a41bb,True
PB,pb2,101,iteration_end,204,16,2768,2768,True,13ae8f377777eddb,13ae8f377777eddb,True
PB,pb2,101,iteration_end,204,17,2669,2669,True,7be0b16dab954029,7be0b16dab954029,True
PB,pb2,101,iteration_end,204,18,2628,2628,True,f2026fbe056a23da,f2026fbe056a23da,True
PB,pb2,101,iteration_end,204,19,2537,2537,True,f5dae68a853e2955,f5dae68a853e2955,True
PB,pb2,101,iteration_end,205,0,3159,3159,True,c36784e1acdcaee6,c36784e1acdcaee6,True
PB,pb2,101,iteration_end,205,1,3121,3121,True,4c1a19f9f0cdb206,4c1a19f9f0cdb206,True
PB,pb2,101,iteration_end,205,2,3101,3101,True,ad266a2a61d13e16,ad266a2a61d13e16,True
PB,pb2,101,iteration_end,205,3,3098,3098,True,3d771fd370f25e46,3d771fd370f25e46,True
PB,pb2,101,iteration_end,205,4,3033,3033,True,f8ced544c40e981c,f8ced544c40e981c,True
PB,pb2,101,iteration_end,205,5,3025,3025,True,5b9cc3452ec34af3,5b9cc3452ec34af3,True
PB,pb2,101,iteration_end,205,6,3010,3010,True,a80288d128f2c58e,a80288d128f2c58e,True
PB,pb2,101,iteration_end,205,7,3004,3004,True,90f8fd5049a685be,90f8fd5049a685be,True
PB,pb2,101,iteration_end,205,8,3004,3004,True,29c3fc9857b36d32,29c3fc9857b36d32,True
PB,pb2,101,iteration_end,205,9,2961,2961,True,df939f4824b5c5dd,df939f4824b5c5dd,True
PB,pb2,101,iteration_end,205,10,2946,2946,True,99709ba6e18d9d69,99709ba6e18d9d69,True
PB,pb2,101,iteration_end,205,11,2918,2918,True,4f0efe3610f6cf2f,4f0efe3610f6cf2f,True
PB,pb2,101,iteration_end,205,12,2889,2889,True,da417d280ba7be08,da417d280ba7be08,True
PB,pb2,101,iteration_end,205,13,2712,2712,True,94963b954fd3268d,94963b954fd3268d,True
PB,pb2,101,iteration_end,205,14,2712,2712,True,be5c6ee9d86c379d,be5c6ee9d86c379d,True
PB,pb2,101,iteration_end,205,15,2694,2694,True,0214173de828a0e2,0214173de828a0e2,True
PB,pb2,101,iteration_end,205,16,2658,2658,True,ea55888a3f788f9e,ea55888a3f788f9e,True
PB,pb2,101,iteration_end,205,17,2655,2655,True,41d123e29e7a6e86,41d123e29e7a6e86,True
PB,pb2,101,iteration_end,205,18,2494,2494,True,4567a3beeaf41b55,4567a3beeaf41b55,True
PB,pb2,101,iteration_end,205,19,2450,2450,True,b5bbf01e09f1b96d,b5bbf01e09f1b96d,True
PB,pb2,101,iteration_end,206,0,3031,3031,True,d816c6257cd9848b,d816c6257cd9848b,True
PB,pb2,101,iteration_end,206,1,3010,3010,True,a80288d128f2c58e,a80288d128f2c58e,True
PB,pb2,101,iteration_end,206,2,3010,3010,True,a80288d128f2c58e,a80288d128f2c58e,True
PB,pb2,101,iteration_end,206,3,2894,2894,True,4c4a87e41d460415,4c4a87e41d460415,True
PB,pb2,101,iteration_end,206,4,2886,2886,True,08c9437d2398b939,08c9437d2398b939,True
PB,pb2,101,iteration_end,206,5,2837,2837,True,d151b54ab2d1be26,d151b54ab2d1be26,True
PB,pb2,101,iteration_end,206,6,2835,2835,True,fa1367d29e4eab19,fa1367d29e4eab19,True
PB,pb2,101,iteration_end,206,7,2829,2829,True,433396ed0eabbb5f,433396ed0eabbb5f,True
PB,pb2,101,iteration_end,206,8,2811,2811,True,3ade6c3b577f3de9,3ade6c3b577f3de9,True
PB,pb2,101,iteration_end,206,9,2788,2788,True,140265258d5a41bb,140265258d5a41bb,True
PB,pb2,101,iteration_end,206,10,2788,2788,True,140265258d5a41bb,140265258d5a41bb,True
PB,pb2,101,iteration_end,206,11,2788,2788,True,140265258d5a41bb,140265258d5a41bb,True
PB,pb2,101,iteration_end,206,12,2788,2788,True,140265258d5a41bb,140265258d5a41bb,True
PB,pb2,101,iteration_end,206,13,2766,2766,True,8a24b9eafd198d1e,8a24b9eafd198d1e,True
PB,pb2,101,iteration_end,206,14,2677,2677,True,5cf57a635a46b6d2,5cf57a635a46b6d2,True
PB,pb2,101,iteration_end,206,15,2673,2673,True,fbdfeecec52c419c,fbdfeecec52c419c,True
PB,pb2,101,iteration_end,206,16,2583,2583,True,6d28c1716894b8e2,6d28c1716894b8e2,True
PB,pb2,101,iteration_end,206,17,2575,2575,True,f8508ca5f1a19735,f8508ca5f1a19735,True
PB,pb2,101,iteration_end,206,18,2486,2486,True,ce633a0a5a659eee,ce633a0a5a659eee,True
PB,pb2,101,iteration_end,206,19,2473,2473,True,7d63c993fa5f0d22,7d63c993fa5f0d22,True
PB,pb2,101,iteration_end,207,0,3101,3101,True,ad266a2a61d13e16,ad266a2a61d13e16,True
PB,pb2,101,iteration_end,207,1,3039,3039,True,01878eac17499047,01878eac17499047,True
PB,pb2,101,iteration_end,207,2,3033,3033,True,f8ced544c40e981c,f8ced544c40e981c,True
PB,pb2,101,iteration_end,207,3,3010,3010,True,a80288d128f2c58e,a80288d128f2c58e,True
PB,pb2,101,iteration_end,207,4,3010,3010,True,a80288d128f2c58e,a80288d128f2c58e,True
PB,pb2,101,iteration_end,207,5,2984,2984,True,485b14da0c51f9b6,485b14da0c51f9b6,True
PB,pb2,101,iteration_end,207,6,2959,2959,True,c321c0c8db27d088,c321c0c8db27d088,True
PB,pb2,101,iteration_end,207,7,2930,2930,True,a281ae62e6ef3b40,a281ae62e6ef3b40,True
PB,pb2,101,iteration_end,207,8,2918,2918,True,4f0efe3610f6cf2f,4f0efe3610f6cf2f,True
PB,pb2,101,iteration_end,207,9,2903,2903,True,09c5cb03b13c8264,09c5cb03b13c8264,True
PB,pb2,101,iteration_end,207,10,2878,2878,True,ca74830cbdf4b502,ca74830cbdf4b502,True
PB,pb2,101,iteration_end,207,11,2837,2837,True,6f4405e1e2bf4e97,6f4405e1e2bf4e97,True
PB,pb2,101,iteration_end,207,12,2791,2791,True,b5395c0c42c24db2,b5395c0c42c24db2,True
PB,pb2,101,iteration_end,207,13,2788,2788,True,140265258d5a41bb,140265258d5a41bb,True
PB,pb2,101,iteration_end,207,14,2788,2788,True,140265258d5a41bb,140265258d5a41bb,True
PB,pb2,101,iteration_end,207,15,2788,2788,True,140265258d5a41bb,140265258d5a41bb,True
PB,pb2,101,iteration_end,207,16,2788,2788,True,140265258d5a41bb,140265258d5a41bb,True
PB,pb2,101,iteration_end,207,17,2788,2788,True,140265258d5a41bb,140265258d5a41bb,True
PB,pb2,101,iteration_end,207,18,2633,2633,True,d4861f0e02dff5b9,d4861f0e02dff5b9,True
PB,pb2,101,iteration_end,207,19,2247,2247,True,e302651af41abdfb,e302651af41abdfb,True
PB,pb2,101,iteration_end,208,0,3085,3085,True,f7a5b16fc467e80a,f7a5b16fc467e80a,True
PB,pb2,101,iteration_end,208,1,3080,3080,True,88bd74f9d2ec0235,88bd74f9d2ec0235,True
PB,pb2,101,iteration_end,208,2,3028,3028,True,4514954fa18f31d2,4514954fa18f31d2,True
PB,pb2,101,iteration_end,208,3,3010,3010,True,a80288d128f2c58e,a80288d128f2c58e,True
PB,pb2,101,iteration_end,208,4,3010,3010,True,a80288d128f2c58e,a80288d128f2c58e,True
PB,pb2,101,iteration_end,208,5,2984,2984,True,485b14da0c51f9b6,485b14da0c51f9b6,True
PB,pb2,101,iteration_end,208,6,2984,2984,True,485b14da0c51f9b6,485b14da0c51f9b6,True
PB,pb2,101,iteration_end,208,7,2961,2961,True,df939f4824b5c5dd,df939f4824b5c5dd,True
PB,pb2,101,iteration_end,208,8,2951,2951,True,c393fde47f894a68,c393fde47f894a68,True
PB,pb2,101,iteration_end,208,9,2928,2928,True,13b9a6fda8917888,13b9a6fda8917888,True
PB,pb2,101,iteration_end,208,10,2894,2894,True,bf21c36fe5e705fa,bf21c36fe5e705fa,True
PB,pb2,101,iteration_end,208,11,2788,2788,True,140265258d5a41bb,140265258d5a41bb,True
PB,pb2,101,iteration_end,208,12,2788,2788,True,140265258d5a41bb,140265258d5a41bb,True
PB,pb2,101,iteration_end,208,13,2734,2734,True,6601d3112a325ee9,6601d3112a325ee9,True
PB,pb2,101,iteration_end,208,14,2637,2637,True,a207ff444e79cb26,a207ff444e79cb26,True
PB,pb2,101,iteration_end,208,15,2637,2637,True,36b5f0cfd1c28943,36b5f0cfd1c28943,True
PB,pb2,101,iteration_end,208,16,2628,2628,True,1de5b6c424700473,1de5b6c424700473,True
PB,pb2,101,iteration_end,208,17,2586,2586,True,06637db53890a5bd,06637db53890a5bd,True
PB,pb2,101,iteration_end,208,18,2586,2586,True,06637db53890a5bd,06637db53890a5bd,True
PB,pb2,101,iteration_end,208,19,2495,2495,True,30604e7d5a2f357f,30604e7d5a2f357f,True
PB,pb2,101,iteration_end,209,0,3125,3125,True,faac3ed26de957d6,faac3ed26de957d6,True
PB,pb2,101,iteration_end,209,1,3057,3057,True,2afd733b8a1e4b0e,2afd733b8a1e4b0e,True
PB,pb2,101,iteration_end,209,2,3033,3033,True,f8ced544c40e981c,f8ced544c40e981c,True
PB,pb2,101,iteration_end,209,3,3033,3033,True,f8ced544c40e981c,f8ced544c40e981c,True
PB,pb2,101,iteration_end,209,4,3027,3027,True,faddce8bf3e1a5f1,faddce8bf3e1a5f1,True
PB,pb2,101,iteration_end,209,5,3010,3010,True,a80288d128f2c58e,a80288d128f2c58e,True
PB,pb2,101,iteration_end,209,6,2978,2978,True,3e9e5b138ec5f415,3e9e5b138ec5f415,True
PB,pb2,101,iteration_end,209,7,2878,2878,True,ca74830cbdf4b502,ca74830cbdf4b502,True
PB,pb2,101,iteration_end,209,8,2878,2878,True,ca74830cbdf4b502,ca74830cbdf4b502,True
PB,pb2,101,iteration_end,209,9,2837,2837,True,6f4405e1e2bf4e97,6f4405e1e2bf4e97,True
PB,pb2,101,iteration_end,209,10,2798,2798,True,4ebb7ee647064c7a,4ebb7ee647064c7a,True
PB,pb2,101,iteration_end,209,11,2788,2788,True,140265258d5a41bb,140265258d5a41bb,True
PB,pb2,101,iteration_end,209,12,2788,2788,True,140265258d5a41bb,140265258d5a41bb,True
PB,pb2,101,iteration_end,209,13,2788,2788,True,140265258d5a41bb,140265258d5a41bb,True
PB,pb2,101,iteration_end,209,14,2788,2788,True,140265258d5a41bb,140265258d5a41bb,True
PB,pb2,101,iteration_end,209,15,2788,2788,True,140265258d5a41bb,140265258d5a41bb,True
PB,pb2,101,iteration_end,209,16,2737,2737,True,bae4dd21d7ce7364,bae4dd21d7ce7364,True
PB,pb2,101,iteration_end,209,17,2583,2583,True,6d28c1716894b8e2,6d28c1716894b8e2,True
PB,pb2,101,iteration_end,209,18,2494,2494,True,bac998a617ce4b04,bac998a617ce4b04,True
PB,pb2,101,iteration_end,209,19,2430,2430,True,891028bc2c873a9b,891028bc2c873a9b,True
PB,pb2,101,iteration_end,210,0,3055,3055,True,da91ca6af114612a,da91ca6af114612a,True
PB,pb2,101,iteration_end,210,1,3010,3010,True,a80288d128f2c58e,a80288d128f2c58e,True
PB,pb2,101,iteration_end,210,2,2999,2999,True,3145a858d37f0ba5,3145a858d37f0ba5,True
PB,pb2,101,iteration_end,210,3,2995,2995,True,85c5363346bb9f9d,85c5363346bb9f9d,True
PB,pb2,101,iteration_end,210,4,2979,2979,True,a03e51fea49380e2,a03e51fea49380e2,True
PB,pb2,101,iteration_end,210,5,2961,2961,True,df939f4824b5c5dd,df939f4824b5c5dd,True
PB,pb2,101,iteration_end,210,6,2961,2961,True,df939f4824b5c5dd,df939f4824b5c5dd,True
PB,pb2,101,iteration_end,210,7,2923,2923,True,fa7c7c9db1457713,fa7c7c9db1457713,True
PB,pb2,101,iteration_end,210,8,2880,2880,True,d717f9e7096f625c,d717f9e7096f625c,True
PB,pb2,101,iteration_end,210,9,2837,2837,True,6f4405e1e2bf4e97,6f4405e1e2bf4e97,True
PB,pb2,101,iteration_end,210,10,2835,2835,True,f191987d2d1de62f,f191987d2d1de62f,True
PB,pb2,101,iteration_end,210,11,2808,2808,True,8eb6dcc07ec73308,8eb6dcc07ec73308,True
PB,pb2,101,iteration_end,210,12,2788,2788,True,140265258d5a41bb,140265258d5a41bb,True
PB,pb2,101,iteration_end,210,13,2786,2786,True,090fe1607c64f23e,090fe1607c64f23e,True
PB,pb2,101,iteration_end,210,14,2768,2768,True,fce683eaca9e0de6,fce683eaca9e0de6,True
PB,pb2,101,iteration_end,210,15,2649,2649,True,ef8f52e0664b5243,ef8f52e0664b5243,True
PB,pb2,101,iteration_end,210,16,2583,2583,True,b9c9eb5cd0d4e6ec,b9c9eb5cd0d4e6ec,True
PB,pb2,101,iteration_end,210,17,2518,2518,True,65f5f1f3d429a2f2,65f5f1f3d429a2f2,True
PB,pb2,101,iteration_end,210,18,2479,2479,True,22c2608ba53864be,22c2608ba53864be,True
PB,pb2,101,iteration_end,210,19,2413,2413,True,15c68befea5fbd2f,15c68befea5fbd2f,True
PB,pb2,101,iteration_end,211,0,3109,3109,True,9ae688838a0f274a,9ae688838a0f274a,True
PB,pb2,101,iteration_end,211,1,3077,3077,True,2f1f672d1c4c840a,2f1f672d1c4c840a,True
PB,pb2,101,iteration_end,211,2,3033,3033,True,f8ced544c40e981c,f8ced544c40e981c,True
PB,pb2,101,iteration_end,211,3,2985,2985,True,8f7f4419cde7f59d,8f7f4419cde7f59d,True
PB,pb2,101,iteration_end,211,4,2984,2984,True,485b14da0c51f9b6,485b14da0c51f9b6,True
PB,pb2,101,iteration_end,211,5,2972,2972,True,6b3bb7716a6be029,6b3bb7716a6be029,True
PB,pb2,101,iteration_end,211,6,2967,2967,True,36fb7f179ac78120,36fb7f179ac78120,True
PB,pb2,101,iteration_end,211,7,2963,2963,True,d3e9738f377f33f0,d3e9738f377f33f0,True
PB,pb2,101,iteration_end,211,8,2952,2952,True,77131c109f2174ce,77131c109f2174ce,True
PB,pb2,101,iteration_end,211,9,2884,2884,True,0c7fbd39e4c20e7d,0c7fbd39e4c20e7d,True
PB,pb2,101,iteration_end,211,10,2866,2866,True,d91978445bed5b33,d91978445bed5b33,True
PB,pb2,101,iteration_end,211,11,2853,2853,True,39f47f3df8bcb5bf,39f47f3df8bcb5bf,True
PB,pb2,101,iteration_end,211,12,2837,2837,True,6f4405e1e2bf4e97,6f4405e1e2bf4e97,True
PB,pb2,101,iteration_end,211,13,2833,2833,True,71ae17bcba331d44,71ae17bcba331d44,True
PB,pb2,101,iteration_end,211,14,2833,2833,True,71ae17bcba331d44,71ae17bcba331d44,True
PB,pb2,101,iteration_end,211,15,2828,2828,True,324266c735e8c733,324266c735e8c733,True
PB,pb2,101,iteration_end,211,16,2788,2788,True,140265258d5a41bb,140265258d5a41bb,True
PB,pb2,101,iteration_end,211,17,2706,2706,True,9b46de989452d09a,9b46de989452d09a,True
PB,pb2,101,iteration_end,211,18,2679,2679,True,3d5f7c7b5a791d77,3d5f7c7b5a791d77,True
PB,pb2,101,iteration_end,211,19,2606,2606,True,624f49c6cb2e960b,624f49c6cb2e960b,True
PB,pb2,101,iteration_end,212,0,3105,3105,True,25ad3b63b09ad5c4,25ad3b63b09ad5c4,True
PB,pb2,101,iteration_end,212,1,3081,3081,True,76ebea23bedf66df,76ebea23bedf66df,True
PB,pb2,101,iteration_end,212,2,3035,3035,True,4699e2517662c11b,4699e2517662c11b,True
PB,pb2,101,iteration_end,212,3,3033,3033,True,f8ced544c40e981c,f8ced544c40e981c,True
PB,pb2,101,iteration_end,212,4,3010,3010,True,a80288d128f2c58e,a80288d128f2c58e,True
PB,pb2,101,iteration_end,212,5,2984,2984,True,485b14da0c51f9b6,485b14da0c51f9b6,True
PB,pb2,101,iteration_end,212,6,2955,2955,True,128e6580902a226b,128e6580902a226b,True
PB,pb2,101,iteration_end,212,7,2940,2940,True,62098b3865954f6c,62098b3865954f6c,True
PB,pb2,101,iteration_end,212,8,2930,2930,True,1a9f17858a8b9ba3,1a9f17858a8b9ba3,True
PB,pb2,101,iteration_end,212,9,2921,2921,True,53bbc9027ce1ae79,53bbc9027ce1ae79,True
PB,pb2,101,iteration_end,212,10,2881,2881,True,0c1a3d05542a7619,0c1a3d05542a7619,True
PB,pb2,101,iteration_end,212,11,2843,2843,True,5261bcd8fac0890a,5261bcd8fac0890a,True
PB,pb2,101,iteration_end,212,12,2837,2837,True,6f4405e1e2bf4e97,6f4405e1e2bf4e97,True
PB,pb2,101,iteration_end,212,13,2833,2833,True,71ae17bcba331d44,71ae17bcba331d44,True
PB,pb2,101,iteration_end,212,14,2819,2819,True,a5107786d85f240f,a5107786d85f240f,True
PB,pb2,101,iteration_end,212,15,2786,2786,True,090fe1607c64f23e,090fe1607c64f23e,True
PB,pb2,101,iteration_end,212,16,2720,2720,True,ba1202ad42a19ab9,ba1202ad42a19ab9,True
PB,pb2,101,iteration_end,212,17,2698,2698,True,40d91b98a3795d0a,40d91b98a3795d0a,True
PB,pb2,101,iteration_end,212,18,2537,2537,True,f5dae68a853e2955,f5dae68a853e2955,True
PB,pb2,101,iteration_end,212,19,2462,2462,True,ee5caadddc446217,ee5caadddc446217,True
PB,pb2,101,iteration_end,213,0,3159,3159,True,c36784e1acdcaee6,c36784e1acdcaee6,True
PB,pb2,101,iteration_end,213,1,3103,3103,True,93d4886682933ba2,93d4886682933ba2,True
PB,pb2,101,iteration_end,213,2,3057,3057,True,2afd733b8a1e4b0e,2afd733b8a1e4b0e,True
PB,pb2,101,iteration_end,213,3,3033,3033,True,f8ced544c40e981c,f8ced544c40e981c,True
PB,pb2,101,iteration_end,213,4,3031,3031,True,d816c6257cd9848b,d816c6257cd9848b,True
PB,pb2,101,iteration_end,213,5,3010,3010,True,a80288d128f2c58e,a80288d128f2c58e,True
PB,pb2,101,iteration_end,213,6,2984,2984,True,485b14da0c51f9b6,485b14da0c51f9b6,True
PB,pb2,101,iteration_end,213,7,2981,2981,True,5f97a6c16529162c,5f97a6c16529162c,True
PB,pb2,101,iteration_end,213,8,2961,2961,True,df939f4824b5c5dd,df939f4824b5c5dd,True
PB,pb2,101,iteration_end,213,9,2960,2960,True,2cfc31ce5766fd39,2cfc31ce5766fd39,True
PB,pb2,101,iteration_end,213,10,2949,2949,True,65c7c220f3e05558,65c7c220f3e05558,True
PB,pb2,101,iteration_end,213,11,2925,2925,True,1d847a739849fe14,1d847a739849fe14,True
PB,pb2,101,iteration_end,213,12,2884,2884,True,826ef8e59b791baf,826ef8e59b791baf,True
PB,pb2,101,iteration_end,213,13,2837,2837,True,6f4405e1e2bf4e97,6f4405e1e2bf4e97,True
PB,pb2,101,iteration_end,213,14,2828,2828,True,324266c735e8c733,324266c735e8c733,True
PB,pb2,101,iteration_end,213,15,2786,2786,True,090fe1607c64f23e,090fe1607c64f23e,True
PB,pb2,101,iteration_end,213,16,2760,2760,True,e5c80e51be5b3d03,e5c80e51be5b3d03,True
PB,pb2,101,iteration_end,213,17,2707,2707,True,01b03a90a00e56c6,01b03a90a00e56c6,True
PB,pb2,101,iteration_end,213,18,2589,2589,True,08bd6426ed83efb6,08bd6426ed83efb6,True
PB,pb2,101,iteration_end,213,19,2491,2491,True,8770b3f5de7178af,8770b3f5de7178af,True
PB,pb2,101,iteration_end,214,0,3159,3159,True,c36784e1acdcaee6,c36784e1acdcaee6,True
PB,pb2,101,iteration_end,214,1,3124,3124,True,4778bac5d4622096,4778bac5d4622096,True
PB,pb2,101,iteration_end,214,2,3111,3111,True,f1e409627a3cd0cd,f1e409627a3cd0cd,True
PB,pb2,101,iteration_end,214,3,3033,3033,True,f8ced544c40e981c,f8ced544c40e981c,True
PB,pb2,101,iteration_end,214,4,2969,2969,True,96eb7e522f538f7f,96eb7e522f538f7f,True
PB,pb2,101,iteration_end,214,5,2961,2961,True,df939f4824b5c5dd,df939f4824b5c5dd,True
PB,pb2,101,iteration_end,214,6,2961,2961,True,df939f4824b5c5dd,df939f4824b5c5dd,True
PB,pb2,101,iteration_end,214,7,2896,2896,True,ad7aab584f3af189,ad7aab584f3af189,True
PB,pb2,101,iteration_end,214,8,2886,2886,True,3cee3661a3ddb918,3cee3661a3ddb918,True
PB,pb2,101,iteration_end,214,9,2852,2852,True,531f02343d31649d,531f02343d31649d,True
PB,pb2,101,iteration_end,214,10,2837,2837,True,6f4405e1e2bf4e97,6f4405e1e2bf4e97,True
PB,pb2,101,iteration_end,214,11,2837,2837,True,6f4405e1e2bf4e97,6f4405e1e2bf4e97,True
PB,pb2,101,iteration_end,214,12,2837,2837,True,6f4405e1e2bf4e97,6f4405e1e2bf4e97,True
PB,pb2,101,iteration_end,214,13,2829,2829,True,433396ed0eabbb5f,433396ed0eabbb5f,True
PB,pb2,101,iteration_end,214,14,2828,2828,True,324266c735e8c733,324266c735e8c733,True
PB,pb2,101,iteration_end,214,15,2786,2786,True,090fe1607c64f23e,090fe1607c64f23e,True
PB,pb2,101,iteration_end,214,16,2757,2757,True,4184f317ec9057b4,4184f317ec9057b4,True
PB,pb2,101,iteration_end,214,17,2743,2743,True,3433a37e1ffc049f,3433a37e1ffc049f,True
PB,pb2,101,iteration_end,214,18,2743,2743,True,3433a37e1ffc049f,3433a37e1ffc049f,True
PB,pb2,101,iteration_end,214,19,2705,2705,True,742fec57830c6347,742fec57830c6347,True
PB,pb2,101,iteration_end,215,0,3055,3055,True,da91ca6af114612a,da91ca6af114612a,True
PB,pb2,101,iteration_end,215,1,3052,3052,True,cadf7f0babf15889,cadf7f0babf15889,True
PB,pb2,101,iteration_end,215,2,3046,3046,True,7a14e2643f153854,7a14e2643f153854,True
PB,pb2,101,iteration_end,215,3,3036,3036,True,89760626e9dea536,89760626e9dea536,True
PB,pb2,101,iteration_end,215,4,3033,3033,True,f8ced544c40e981c,f8ced544c40e981c,True
PB,pb2,101,iteration_end,215,5,3033,3033,True,f8ced544c40e981c,f8ced544c40e981c,True
PB,pb2,101,iteration_end,215,6,2985,2985,True,1e771336975b58d1,1e771336975b58d1,True
PB,pb2,101,iteration_end,215,7,2984,2984,True,485b14da0c51f9b6,485b14da0c51f9b6,True
PB,pb2,101,iteration_end,215,8,2953,2953,True,7b4fc98569932440,7b4fc98569932440,True
PB,pb2,101,iteration_end,215,9,2774,2774,True,65dea4f2ad5acdab,65dea4f2ad5acdab,True
PB,pb2,101,iteration_end,215,10,2737,2737,True,bae4dd21d7ce7364,bae4dd21d7ce7364,True
PB,pb2,101,iteration_end,215,11,2652,2652,True,ddfe5c7a7f2eca18,ddfe5c7a7f2eca18,True
PB,pb2,101,iteration_end,215,12,2628,2628,True,f2026fbe056a23da,f2026fbe056a23da,True
PB,pb2,101,iteration_end,215,13,2599,2599,True,e7de9873785754e0,e7de9873785754e0,True
PB,pb2,101,iteration_end,215,14,2594,2594,True,e08c01680163c6b8,e08c01680163c6b8,True
PB,pb2,101,iteration_end,215,15,2586,2586,True,06637db53890a5bd,06637db53890a5bd,True
PB,pb2,101,iteration_end,215,16,2574,2574,True,8583834469d5986f,8583834469d5986f,True
PB,pb2,101,iteration_end,215,17,2549,2549,True,0e42d8e055be1ba2,0e42d8e055be1ba2,True
PB,pb2,101,iteration_end,215,18,2246,2246,True,72ca4ee427ca8a15,72ca4ee427ca8a15,True
PB,pb2,101,iteration_end,215,19,2221,2221,True,48fb6b4650eee3d3,48fb6b4650eee3d3,True
PB,pb2,101,iteration_end,216,0,3036,3036,True,c5c59443a4d083e2,c5c59443a4d083e2,True
PB,pb2,101,iteration_end,216,1,3033,3033,True,f8ced544c40e981c,f8ced544c40e981c,True
PB,pb2,101,iteration_end,216,2,3033,3033,True,179f18a90d88e0fe,179f18a90d88e0fe,True
PB,pb2,101,iteration_end,216,3,3033,3033,True,f8ced544c40e981c,f8ced544c40e981c,True
PB,pb2,101,iteration_end,216,4,2961,2961,True,df939f4824b5c5dd,df939f4824b5c5dd,True
PB,pb2,101,iteration_end,216,5,2920,2920,True,153693d5f15af47d,153693d5f15af47d,True
PB,pb2,101,iteration_end,216,6,2835,2835,True,f191987d2d1de62f,f191987d2d1de62f,True
PB,pb2,101,iteration_end,216,7,2788,2788,True,140265258d5a41bb,140265258d5a41bb,True
PB,pb2,101,iteration_end,216,8,2788,2788,True,140265258d5a41bb,140265258d5a41bb,True
PB,pb2,101,iteration_end,216,9,2786,2786,True,090fe1607c64f23e,090fe1607c64f23e,True
PB,pb2,101,iteration_end,216,10,2784,2784,True,aa3095604103b528,aa3095604103b528,True
PB,pb2,101,iteration_end,216,11,2766,2766,True,58f2a3a4d5471174,58f2a3a4d5471174,True
PB,pb2,101,iteration_end,216,12,2709,2709,True,d5a192fce0145f19,d5a192fce0145f19,True
PB,pb2,101,iteration_end,216,13,2699,2699,True,8dac9888059fa042,8dac9888059fa042,True
PB,pb2,101,iteration_end,216,14,2616,2616,True,87e1ccd4c9130d46,87e1ccd4c9130d46,True
PB,pb2,101,iteration_end,216,15,2584,2584,True,9de17096df7010dd,9de17096df7010dd,True
PB,pb2,101,iteration_end,216,16,2573,2573,True,e077ca014ded5e5f,e077ca014ded5e5f,True
PB,pb2,101,iteration_end,216,17,2572,2572,True,d29eda7568cc1110,d29eda7568cc1110,True
PB,pb2,101,iteration_end,216,18,2567,2567,True,6b23a889954e8df6,6b23a889954e8df6,True
PB,pb2,101,iteration_end,216,19,2494,2494,True,8f754f2168e29bbe,8f754f2168e29bbe,True
PB,pb2,101,iteration_end,217,0,3156,3156,True,c5fe8bdc7a09d429,c5fe8bdc7a09d429,True
PB,pb2,101,iteration_end,217,1,3124,3124,True,f6adaaa7ffc08317,f6adaaa7ffc08317,True
PB,pb2,101,iteration_end,217,2,3080,3080,True,88bd74f9d2ec0235,88bd74f9d2ec0235,True
PB,pb2,101,iteration_end,217,3,3010,3010,True,a80288d128f2c58e,a80288d128f2c58e,True
PB,pb2,101,iteration_end,217,4,2982,2982,True,2ab3260816885f9f,2ab3260816885f9f,True
PB,pb2,101,iteration_end,217,5,2949,2949,True,e583b70f5a02365f,e583b70f5a02365f,True
PB,pb2,101,iteration_end,217,6,2837,2837,True,6f4405e1e2bf4e97,6f4405e1e2bf4e97,True
PB,pb2,101,iteration_end,217,7,2833,2833,True,71ae17bcba331d44,71ae17bcba331d44,True
PB,pb2,101,iteration_end,217,8,2826,2826,True,e5923c51dab68644,e5923c51dab68644,True
PB,pb2,101,iteration_end,217,9,2737,2737,True,bae4dd21d7ce7364,bae4dd21d7ce7364,True
PB,pb2,101,iteration_end,217,10,2670,2670,True,a1ffba9a8c97f799,a1ffba9a8c97f799,True
PB,pb2,101,iteration_end,217,11,2654,2654,True,1065dab5e83122b9,1065dab5e83122b9,True
PB,pb2,101,iteration_end,217,12,2622,2622,True,91e5e4dc049ed1e1,91e5e4dc049ed1e1,True
PB,pb2,101,iteration_end,217,13,2609,2609,True,76583d8be9ceab99,76583d8be9ceab99,True
PB,pb2,101,iteration_end,217,14,2577,2577,True,ad53a4bcce0d6c58,ad53a4bcce0d6c58,True
PB,pb2,101,iteration_end,217,15,2537,2537,True,315fb262d1919b8c,315fb262d1919b8c,True
PB,pb2,101,iteration_end,217,16,2479,2479,True,3a62cf9e1ec14290,3a62cf9e1ec14290,True
PB,pb2,101,iteration_end,217,17,2451,2451,True,6a165c40fb2c8b6c,6a165c40fb2c8b6c,True
PB,pb2,101,iteration_end,217,18,2430,2430,True,f95ef51a75814d16,f95ef51a75814d16,True
PB,pb2,101,iteration_end,217,19,2387,2387,True,e0e8b4c539dbc8d5,e0e8b4c539dbc8d5,True
PB,pb2,101,iteration_end,218,0,3118,3118,True,1c99fdf87fab2855,1c99fdf87fab2855,True
PB,pb2,101,iteration_end,218,1,3101,3101,True,ad266a2a61d13e16,ad266a2a61d13e16,True
PB,pb2,101,iteration_end,218,2,3033,3033,True,f8ced544c40e981c,f8ced544c40e981c,True
PB,pb2,101,iteration_end,218,3,3033,3033,True,f8ced544c40e981c,f8ced544c40e981c,True
PB,pb2,101,iteration_end,218,4,3033,3033,True,f8ced544c40e981c,f8ced544c40e981c,True
PB,pb2,101,iteration_end,218,5,3018,3018,True,13d83a3074f13c27,13d83a3074f13c27,True
PB,pb2,101,iteration_end,218,6,2946,2946,True,df923e05e8950457,df923e05e8950457,True
PB,pb2,101,iteration_end,218,7,2919,2919,True,61b248cbffc235af,61b248cbffc235af,True
PB,pb2,101,iteration_end,218,8,2919,2919,True,61b248cbffc235af,61b248cbffc235af,True
PB,pb2,101,iteration_end,218,9,2878,2878,True,ca74830cbdf4b502,ca74830cbdf4b502,True
PB,pb2,101,iteration_end,218,10,2805,2805,True,ba8f21d12ae5cf40,ba8f21d12ae5cf40,True
PB,pb2,101,iteration_end,218,11,2788,2788,True,140265258d5a41bb,140265258d5a41bb,True
PB,pb2,101,iteration_end,218,12,2788,2788,True,140265258d5a41bb,140265258d5a41bb,True
PB,pb2,101,iteration_end,218,13,2771,2771,True,9609d49755af1744,9609d49755af1744,True
PB,pb2,101,iteration_end,218,14,2770,2770,True,fd210b5937172de5,fd210b5937172de5,True
PB,pb2,101,iteration_end,218,15,2722,2722,True,4b994649199dd51e,4b994649199dd51e,True
PB,pb2,101,iteration_end,218,16,2668,2668,True,eded63101c9047bb,eded63101c9047bb,True
PB,pb2,101,iteration_end,218,17,2656,2656,True,d95eb70ea61b4a3f,d95eb70ea61b4a3f,True
PB,pb2,101,iteration_end,218,18,2473,2473,True,8592a2502d5d57a9,8592a2502d5d57a9,True
PB,pb2,101,iteration_end,218,19,2421,2421,True,16f2e74fb8553289,16f2e74fb8553289,True
PB,pb2,101,iteration_end,219,0,3159,3159,True,c36784e1acdcaee6,c36784e1acdcaee6,True
PB,pb2,101,iteration_end,219,1,3148,3148,True,b7809124c7d26d9d,b7809124c7d26d9d,True
PB,pb2,101,iteration_end,219,2,3103,3103,True,93b1be79f09e8b1b,93b1be79f09e8b1b,True
PB,pb2,101,iteration_end,219,3,3080,3080,True,88bd74f9d2ec0235,88bd74f9d2ec0235,True
PB,pb2,101,iteration_end,219,4,3059,3059,True,5a6ab0b67d8867b8,5a6ab0b67d8867b8,True
PB,pb2,101,iteration_end,219,5,3010,3010,True,a80288d128f2c58e,a80288d128f2c58e,True
PB,pb2,101,iteration_end,219,6,2961,2961,True,df939f4824b5c5dd,df939f4824b5c5dd,True
PB,pb2,101,iteration_end,219,7,2938,2938,True,629115b89512c574,629115b89512c574,True
PB,pb2,101,iteration_end,219,8,2935,2935,True,a1cdb0e8aa444478,a1cdb0e8aa444478,True
PB,pb2,101,iteration_end,219,9,2890,2890,True,8308f6336da8140f,8308f6336da8140f,True
PB,pb2,101,iteration_end,219,10,2845,2845,True,bef71308d5d421a1,bef71308d5d421a1,True
PB,pb2,101,iteration_end,219,11,2833,2833,True,71ae17bcba331d44,71ae17bcba331d44,True
PB,pb2,101,iteration_end,219,12,2788,2788,True,140265258d5a41bb,140265258d5a41bb,True
PB,pb2,101,iteration_end,219,13,2788,2788,True,140265258d5a41bb,140265258d5a41bb,True
PB,pb2,101,iteration_end,219,14,2788,2788,True,140265258d5a41bb,140265258d5a41bb,True
PB,pb2,101,iteration_end,219,15,2786,2786,True,090fe1607c64f23e,090fe1607c64f23e,True
PB,pb2,101,iteration_end,219,16,2724,2724,True,517dda0d4d7a1bd6,517dda0d4d7a1bd6,True
PB,pb2,101,iteration_end,219,17,2698,2698,True,c38754ae3bb7f078,c38754ae3bb7f078,True
PB,pb2,101,iteration_end,219,18,2416,2416,True,5e652fc1a1bc2711,5e652fc1a1bc2711,True
PB,pb2,101,iteration_end,219,19,2187,2187,True,c34bcac44fee165e,c34bcac44fee165e,True
PB,pb2,101,iteration_end,220,0,3123,3123,True,6eb868fb58121d64,6eb868fb58121d64,True
PB,pb2,101,iteration_end,220,1,3101,3101,True,ad266a2a61d13e16,ad266a2a61d13e16,True
PB,pb2,101,iteration_end,220,2,3069,3069,True,4bf08b6ba64b2eb0,4bf08b6ba64b2eb0,True
PB,pb2,101,iteration_end,220,3,3010,3010,True,a80288d128f2c58e,a80288d128f2c58e,True
PB,pb2,101,iteration_end,220,4,2961,2961,True,df939f4824b5c5dd,df939f4824b5c5dd,True
PB,pb2,101,iteration_end,220,5,2906,2906,True,4dea4ce0875b57f2,4dea4ce0875b57f2,True
PB,pb2,101,iteration_end,220,6,2905,2905,True,f4a8c90729497b5c,f4a8c90729497b5c,True
PB,pb2,101,iteration_end,220,7,2882,2882,True,0853656337f9358a,0853656337f9358a,True
PB,pb2,101,iteration_end,220,8,2836,2836,True,9ba8bcf13b5fb002,9ba8bcf13b5fb002,True
PB,pb2,101,iteration_end,220,9,2788,2788,True,140265258d5a41bb,140265258d5a41bb,True
PB,pb2,101,iteration_end,220,10,2788,2788,True,140265258d5a41bb,140265258d5a41bb,True
PB,pb2,101,iteration_end,220,11,2788,2788,True,140265258d5a41bb,140265258d5a41bb,True
PB,pb2,101,iteration_end,220,12,2761,2761,True,cf92768c1cd1dd36,cf92768c1cd1dd36,True
PB,pb2,101,iteration_end,220,13,2737,2737,True,bae4dd21d7ce7364,bae4dd21d7ce7364,True
PB,pb2,101,iteration_end,220,14,2725,2725,True,872331fc2a619846,872331fc2a619846,True
PB,pb2,101,iteration_end,220,15,2708,2708,True,5d68f2a95d885f6c,5d68f2a95d885f6c,True
PB,pb2,101,iteration_end,220,16,2679,2679,True,3d5f7c7b5a791d77,3d5f7c7b5a791d77,True
PB,pb2,101,iteration_end,220,17,2586,2586,True,06637db53890a5bd,06637db53890a5bd,True
PB,pb2,101,iteration_end,220,18,2504,2504,True,e05035c496b24f90,e05035c496b24f90,True
PB,pb2,101,iteration_end,220,19,2446,2446,True,54237ff35fd80cda,54237ff35fd80cda,True
PB,pb2,101,iteration_end,221,0,3119,3119,True,7688fcbf6a0d5817,7688fcbf6a0d5817,True
PB,pb2,101,iteration_end,221,1,3068,3068,True,db9e21161e9f12eb,db9e21161e9f12eb,True
PB,pb2,101,iteration_end,221,2,3066,3066,True,5f56917c55332124,5f56917c55332124,True
PB,pb2,101,iteration_end,221,3,3031,3031,True,d816c6257cd9848b,d816c6257cd9848b,True
PB,pb2,101,iteration_end,221,4,2958,2958,True,ef015ec264474392,ef015ec264474392,True
PB,pb2,101,iteration_end,221,5,2949,2949,True,e583b70f5a02365f,e583b70f5a02365f,True
PB,pb2,101,iteration_end,221,6,2948,2948,True,5140a9279ddab0f4,5140a9279ddab0f4,True
PB,pb2,101,iteration_end,221,7,2933,2933,True,16b1e4f3aa25ae35,16b1e4f3aa25ae35,True
PB,pb2,101,iteration_end,221,8,2893,2893,True,8b3208f673d95cf1,8b3208f673d95cf1,True
PB,pb2,101,iteration_end,221,9,2875,2875,True,579fc60284edc4c0,579fc60284edc4c0,True
PB,pb2,101,iteration_end,221,10,2867,2867,True,a843ebc8b266dccc,a843ebc8b266dccc,True
PB,pb2,101,iteration_end,221,11,2788,2788,True,140265258d5a41bb,140265258d5a41bb,True
PB,pb2,101,iteration_end,221,12,2788,2788,True,140265258d5a41bb,140265258d5a41bb,True
PB,pb2,101,iteration_end,221,13,2742,2742,True,0dba00dfd96dbf29,0dba00dfd96dbf29,True
PB,pb2,101,iteration_end,221,14,2733,2733,True,55ad9b1c7ff8f881,55ad9b1c7ff8f881,True
PB,pb2,101,iteration_end,221,15,2729,2729,True,6153e0b41ce0870c,6153e0b41ce0870c,True
PB,pb2,101,iteration_end,221,16,2720,2720,True,fceceaf7f713cd38,fceceaf7f713cd38,True
PB,pb2,101,iteration_end,221,17,2603,2603,True,9cb8bc003c3930bd,9cb8bc003c3930bd,True
PB,pb2,101,iteration_end,221,18,2549,2549,True,02ff991b9d95d469,02ff991b9d95d469,True
PB,pb2,101,iteration_end,221,19,2414,2414,True,cd2ceb39ace44709,cd2ceb39ace44709,True
PB,pb2,101,iteration_end,222,0,3159,3159,True,c36784e1acdcaee6,c36784e1acdcaee6,True
PB,pb2,101,iteration_end,222,1,3159,3159,True,c36784e1acdcaee6,c36784e1acdcaee6,True
PB,pb2,101,iteration_end,222,2,3072,3072,True,4fec8c456ff40a7e,4fec8c456ff40a7e,True
PB,pb2,101,iteration_end,222,3,3033,3033,True,fe78237b116fdd1d,fe78237b116fdd1d,True
PB,pb2,101,iteration_end,222,4,3010,3010,True,a80288d128f2c58e,a80288d128f2c58e,True
PB,pb2,101,iteration_end,222,5,3010,3010,True,a80288d128f2c58e,a80288d128f2c58e,True
PB,pb2,101,iteration_end,222,6,2984,2984,True,485b14da0c51f9b6,485b14da0c51f9b6,True
PB,pb2,101,iteration_end,222,7,2958,2958,True,1d34cd6b83d1a295,1d34cd6b83d1a295,True
PB,pb2,101,iteration_end,222,8,2949,2949,True,e583b70f5a02365f,e583b70f5a02365f,True
PB,pb2,101,iteration_end,222,9,2861,2861,True,e7de03165cd44ff3,e7de03165cd44ff3,True
PB,pb2,101,iteration_end,222,10,2837,2837,True,6f4405e1e2bf4e97,6f4405e1e2bf4e97,True
PB,pb2,101,iteration_end,222,11,2786,2786,True,090fe1607c64f23e,090fe1607c64f23e,True
PB,pb2,101,iteration_end,222,12,2764,2764,True,cd1dc5f43ccf0cc8,cd1dc5f43ccf0cc8,True
PB,pb2,101,iteration_end,222,13,2720,2720,True,f864b1f05ecc15e6,f864b1f05ecc15e6,True
PB,pb2,101,iteration_end,222,14,2611,2611,True,09068ed1c6bcb371,09068ed1c6bcb371,True
PB,pb2,101,iteration_end,222,15,2606,2606,True,c2a227ab4d69e372,c2a227ab4d69e372,True
PB,pb2,101,iteration_end,222,16,2569,2569,True,47aba20c2ecf506a,47aba20c2ecf506a,True
PB,pb2,101,iteration_end,222,17,2463,2463,True,c968839015fa40ea,c968839015fa40ea,True
PB,pb2,101,iteration_end,222,18,2357,2357,True,f870e0261b52b401,f870e0261b52b401,True
PB,pb2,101,iteration_end,222,19,2333,2333,True,d1a56d3ebb9ff278,d1a56d3ebb9ff278,True
PB,pb2,101,iteration_end,223,0,3150,3150,True,e5f90ee5dcf09281,e5f90ee5dcf09281,True
PB,pb2,101,iteration_end,223,1,3145,3145,True,4b189348c062ae0a,4b189348c062ae0a,True
PB,pb2,101,iteration_end,223,2,3033,3033,True,f8ced544c40e981c,f8ced544c40e981c,True
PB,pb2,101,iteration_end,223,3,3010,3010,True,a80288d128f2c58e,a80288d128f2c58e,True
PB,pb2,101,iteration_end,223,4,2985,2985,True,1399a74ab2274715,1399a74ab2274715,True
PB,pb2,101,iteration_end,223,5,2977,2977,True,179c9815ae1af749,179c9815ae1af749,True
PB,pb2,101,iteration_end,223,6,2910,2910,True,67ac74a240ba5a26,67ac74a240ba5a26,True
PB,pb2,101,iteration_end,223,7,2902,2902,True,f1a76fa757e71873,f1a76fa757e71873,True
PB,pb2,101,iteration_end,223,8,2829,2829,True,433396ed0eabbb5f,433396ed0eabbb5f,True
PB,pb2,101,iteration_end,223,9,2788,2788,True,140265258d5a41bb,140265258d5a41bb,True
PB,pb2,101,iteration_end,223,10,2788,2788,True,140265258d5a41bb,140265258d5a41bb,True
PB,pb2,101,iteration_end,223,11,2788,2788,True,140265258d5a41bb,140265258d5a41bb,True
PB,pb2,101,iteration_end,223,12,2788,2788,True,140265258d5a41bb,140265258d5a41bb,True
PB,pb2,101,iteration_end,223,13,2767,2767,True,b1b61bdd7847a6f5,b1b61bdd7847a6f5,True
PB,pb2,101,iteration_end,223,14,2732,2732,True,fcfc5f857cbc9ada,fcfc5f857cbc9ada,True
PB,pb2,101,iteration_end,223,15,2684,2684,True,ebace935a47ca15a,ebace935a47ca15a,True
PB,pb2,101,iteration_end,223,16,2646,2646,True,76a6070dc999d073,76a6070dc999d073,True
PB,pb2,101,iteration_end,223,17,2628,2628,True,f2026fbe056a23da,f2026fbe056a23da,True
PB,pb2,101,iteration_end,223,18,2626,2626,True,43e322fadfdf47e1,43e322fadfdf47e1,True
PB,pb2,101,iteration_end,223,19,2586,2586,True,06637db53890a5bd,06637db53890a5bd,True
PB,pb2,101,iteration_end,224,0,3119,3119,True,7688fcbf6a0d5817,7688fcbf6a0d5817,True
PB,pb2,101,iteration_end,224,1,3010,3010,True,a80288d128f2c58e,a80288d128f2c58e,True
PB,pb2,101,iteration_end,224,2,3008,3008,True,5926734030b970ed,5926734030b970ed,True
PB,pb2,101,iteration_end,224,3,2984,2984,True,485b14da0c51f9b6,485b14da0c51f9b6,True
PB,pb2,101,iteration_end,224,4,2984,2984,True,485b14da0c51f9b6,485b14da0c51f9b6,True
PB,pb2,101,iteration_end,224,5,2966,2966,True,2e99ac210a75c41e,2e99ac210a75c41e,True
PB,pb2,101,iteration_end,224,6,2920,2920,True,153693d5f15af47d,153693d5f15af47d,True
PB,pb2,101,iteration_end,224,7,2875,2875,True,a92d3f9fdafb60f6,a92d3f9fdafb60f6,True
PB,pb2,101,iteration_end,224,8,2870,2870,True,a9585856c5ad2e5a,a9585856c5ad2e5a,True
PB,pb2,101,iteration_end,224,9,2852,2852,True,7c007fe125f753fb,7c007fe125f753fb,True
PB,pb2,101,iteration_end,224,10,2843,2843,True,5bcd3dbf61019ede,5bcd3dbf61019ede,True
PB,pb2,101,iteration_end,224,11,2788,2788,True,140265258d5a41bb,140265258d5a41bb,True
PB,pb2,101,iteration_end,224,12,2719,2719,True,1d3d726ec730c3d0,1d3d726ec730c3d0,True
PB,pb2,101,iteration_end,224,13,2691,2691,True,b7655d8e7c6a560f,b7655d8e7c6a560f,True
PB,pb2,101,iteration_end,224,14,2628,2628,True,f2026fbe056a23da,f2026fbe056a23da,True
PB,pb2,101,iteration_end,224,15,2568,2568,True,527e2a6f18e37867,527e2a6f18e37867,True
PB,pb2,101,iteration_end,224,16,2484,2484,True,d34da6189a8ec210,d34da6189a8ec210,True
PB,pb2,101,iteration_end,224,17,2430,2430,True,afc253af157e0d17,afc253af157e0d17,True
PB,pb2,101,iteration_end,224,18,2415,2415,True,2cbd2a9eaa8d4e3c,2cbd2a9eaa8d4e3c,True
PB,pb2,101,iteration_end,224,19,2395,2395,True,1b4fe99d103e8323,1b4fe99d103e8323,True
PB,pb2,101,iteration_end,225,0,3103,3103,True,93b1be79f09e8b1b,93b1be79f09e8b1b,True
PB,pb2,101,iteration_end,225,1,3100,3100,True,eb5df9db9e5d5457,eb5df9db9e5d5457,True
PB,pb2,101,iteration_end,225,2,3055,3055,True,da91ca6af114612a,da91ca6af114612a,True
PB,pb2,101,iteration_end,225,3,3050,3050,True,6fff5debb705b939,6fff5debb705b939,True
PB,pb2,101,iteration_end,225,4,2986,2986,True,ad8800fe7c50a85f,ad8800fe7c50a85f,True
PB,pb2,101,iteration_end,225,5,2977,2977,True,8c93afdc6702671e,8c93afdc6702671e,True
PB,pb2,101,iteration_end,225,6,2966,2966,True,d5171486d923ac0f,d5171486d923ac0f,True
PB,pb2,101,iteration_end,225,7,2954,2954,True,96e8b510c4b43962,96e8b510c4b43962,True
PB,pb2,101,iteration_end,225,8,2941,2941,True,3c203b210acbd51f,3c203b210acbd51f,True
PB,pb2,101,iteration_end,225,9,2938,2938,True,e660fc3068b20ee9,e660fc3068b20ee9,True
PB,pb2,101,iteration_end,225,10,2898,2898,True,3be9393db2dcae76,3be9393db2dcae76,True
PB,pb2,101,iteration_end,225,11,2837,2837,True,6f4405e1e2bf4e97,6f4405e1e2bf4e97,True
PB,pb2,101,iteration_end,225,12,2788,2788,True,140265258d5a41bb,140265258d5a41bb,True
PB,pb2,101,iteration_end,225,13,2788,2788,True,140265258d5a41bb,140265258d5a41bb,True
PB,pb2,101,iteration_end,225,14,2788,2788,True,140265258d5a41bb,140265258d5a41bb,True
PB,pb2,101,iteration_end,225,15,2737,2737,True,bae4dd21d7ce7364,bae4dd21d7ce7364,True
PB,pb2,101,iteration_end,225,16,2714,2714,True,0ad32ebf2608b1dc,0ad32ebf2608b1dc,True
PB,pb2,101,iteration_end,225,17,2693,2693,True,88fd76052f99b0f8,88fd76052f99b0f8,True
PB,pb2,101,iteration_end,225,18,2633,2633,True,d4861f0e02dff5b9,d4861f0e02dff5b9,True
PB,pb2,101,iteration_end,225,19,2598,2598,True,bb44baedcd56afee,bb44baedcd56afee,True
PB,pb2,101,iteration_end,226,0,3119,3119,True,7688fcbf6a0d5817,7688fcbf6a0d5817,True
PB,pb2,101,iteration_end,226,1,3103,3103,True,93b1be79f09e8b1b,93b1be79f09e8b1b,True
PB,pb2,101,iteration_end,226,2,3036,3036,True,d87a7aa0a9e39a9f,d87a7aa0a9e39a9f,True
PB,pb2,101,iteration_end,226,3,3033,3033,True,f8ced544c40e981c,f8ced544c40e981c,True
PB,pb2,101,iteration_end,226,4,3033,3033,True,f8ced544c40e981c,f8ced544c40e981c,True
PB,pb2,101,iteration_end,226,5,3033,3033,True,f8ced544c40e981c,f8ced544c40e981c,True
PB,pb2,101,iteration_end,226,6,3031,3031,True,d816c6257cd9848b,d816c6257cd9848b,True
PB,pb2,101,iteration_end,226,7,3010,3010,True,a80288d128f2c58e,a80288d128f2c58e,True
PB,pb2,101,iteration_end,226,8,2984,2984,True,485b14da0c51f9b6,485b14da0c51f9b6,True
PB,pb2,101,iteration_end,226,9,2829,2829,True,433396ed0eabbb5f,433396ed0eabbb5f,True
PB,pb2,101,iteration_end,226,10,2828,2828,True,324266c735e8c733,324266c735e8c733,True
PB,pb2,101,iteration_end,226,11,2792,2792,True,aa57aaa2f49d1e2d,aa57aaa2f49d1e2d,True
PB,pb2,101,iteration_end,226,12,2788,2788,True,140265258d5a41bb,140265258d5a41bb,True
PB,pb2,101,iteration_end,226,13,2779,2779,True,87638a371245f373,87638a371245f373,True
PB,pb2,101,iteration_end,226,14,2648,2648,True,da7fe193b9b06367,da7fe193b9b06367,True
PB,pb2,101,iteration_end,226,15,2629,2629,True,4fdaac424a25b011,4fdaac424a25b011,True
PB,pb2,101,iteration_end,226,16,2609,2609,True,76583d8be9ceab99,76583d8be9ceab99,True
PB,pb2,101,iteration_end,226,17,2583,2583,True,b9c9eb5cd0d4e6ec,b9c9eb5cd0d4e6ec,True
PB,pb2,101,iteration_end,226,18,2564,2564,True,33a4ecabd32c7756,33a4ecabd32c7756,True
PB,pb2,101,iteration_end,226,19,2511,2511,True,2278d77ee154be60,2278d77ee154be60,True
PB,pb2,101,iteration_end,227,0,3148,3148,True,b7809124c7d26d9d,b7809124c7d26d9d,True
PB,pb2,101,iteration_end,227,1,3102,3102,True,bb7e9923c83c132b,bb7e9923c83c132b,True
PB,pb2,101,iteration_end,227,2,3010,3010,True,a80288d128f2c58e,a80288d128f2c58e,True
PB,pb2,101,iteration_end,227,3,2959,2959,True,3e5cf846447f6791,3e5cf846447f6791,True
PB,pb2,101,iteration_end,227,4,2945,2945,True,d0c1604ed512bd11,d0c1604ed512bd11,True
PB,pb2,101,iteration_end,227,5,2903,2903,True,33544206e0ce584a,33544206e0ce584a,True
PB,pb2,101,iteration_end,227,6,2880,2880,True,9efe850d042b3c69,9efe850d042b3c69,True
PB,pb2,101,iteration_end,227,7,2858,2858,True,6d4525d2ab7fdb72,6d4525d2ab7fdb72,True
PB,pb2,101,iteration_end,227,8,2833,2833,True,71ae17bcba331d44,71ae17bcba331d44,True
PB,pb2,101,iteration_end,227,9,2788,2788,True,140265258d5a41bb,140265258d5a41bb,True
PB,pb2,101,iteration_end,227,10,2786,2786,True,090fe1607c64f23e,090fe1607c64f23e,True
PB,pb2,101,iteration_end,227,11,2715,2715,True,d998ab05a9617640,d998ab05a9617640,True
PB,pb2,101,iteration_end,227,12,2715,2715,True,40bf57dbd84b016a,40bf57dbd84b016a,True
PB,pb2,101,iteration_end,227,13,2705,2705,True,e8d72e12ee0e5c98,e8d72e12ee0e5c98,True
PB,pb2,101,iteration_end,227,14,2624,2624,True,edd85246822fe2f2,edd85246822fe2f2,True
PB,pb2,101,iteration_end,227,15,2564,2564,True,91544bb47ee4b8c1,91544bb47ee4b8c1,True
PB,pb2,101,iteration_end,227,16,2537,2537,True,f5dae68a853e2955,f5dae68a853e2955,True
PB,pb2,101,iteration_end,227,17,2453,2453,True,d0a60447a50e5e96,d0a60447a50e5e96,True
PB,pb2,101,iteration_end,227,18,2448,2448,True,960b5cb7203e1698,960b5cb7203e1698,True
PB,pb2,101,iteration_end,227,19,2267,2267,True,0865937fdc8185f6,0865937fdc8185f6,True
PB,pb2,101,iteration_end,228,0,3080,3080,True,b357325779036c92,b357325779036c92,True
PB,pb2,101,iteration_end,228,1,3010,3010,True,a80288d128f2c58e,a80288d128f2c58e,True
PB,pb2,101,iteration_end,228,2,2995,2995,True,46fb31500f4df466,46fb31500f4df466,True
PB,pb2,101,iteration_end,228,3,2962,2962,True,34a2f5f9cbca155a,34a2f5f9cbca155a,True
PB,pb2,101,iteration_end,228,4,2946,2946,True,99709ba6e18d9d69,99709ba6e18d9d69,True
PB,pb2,101,iteration_end,228,5,2933,2933,True,3c056239791ca198,3c056239791ca198,True
PB,pb2,101,iteration_end,228,6,2922,2922,True,8f00da286625807d,8f00da286625807d,True
PB,pb2,101,iteration_end,228,7,2884,2884,True,942b37b2eed4fbc0,942b37b2eed4fbc0,True
PB,pb2,101,iteration_end,228,8,2845,2845,True,04919768a7d72096,04919768a7d72096,True
PB,pb2,101,iteration_end,228,9,2830,2830,True,e47aa6efa1c2c007,e47aa6efa1c2c007,True
PB,pb2,101,iteration_end,228,10,2821,2821,True,1194d867fcb2ec1a,1194d867fcb2ec1a,True
PB,pb2,101,iteration_end,228,11,2800,2800,True,002af81339087d8e,002af81339087d8e,True
PB,pb2,101,iteration_end,228,12,2788,2788,True,140265258d5a41bb,140265258d5a41bb,True
PB,pb2,101,iteration_end,228,13,2788,2788,True,140265258d5a41bb,140265258d5a41bb,True
PB,pb2,101,iteration_end,228,14,2788,2788,True,140265258d5a41bb,140265258d5a41bb,True
PB,pb2,101,iteration_end,228,15,2723,2723,True,6f2984b4d0b9f71f,6f2984b4d0b9f71f,True
PB,pb2,101,iteration_end,228,16,2697,2697,True,3ad622749fae6c46,3ad622749fae6c46,True
PB,pb2,101,iteration_end,228,17,2651,2651,True,51ffbd7e49fcdc30,51ffbd7e49fcdc30,True
PB,pb2,101,iteration_end,228,18,2519,2519,True,3003493bffc22eb5,3003493bffc22eb5,True
PB,pb2,101,iteration_end,228,19,2289,2289,True,94bbd1376c9e4183,94bbd1376c9e4183,True
PB,pb2,101,iteration_end,229,0,3134,3134,True,cf96a05305d000f5,cf96a05305d000f5,True
PB,pb2,101,iteration_end,229,1,2980,2980,True,1c483587ff2a24f8,1c483587ff2a24f8,True
PB,pb2,101,iteration_end,229,2,2906,2906,True,4dea4ce0875b57f2,4dea4ce0875b57f2,True
PB,pb2,101,iteration_end,229,3,2891,2891,True,fc174680aeba67f9,fc174680aeba67f9,True
PB,pb2,101,iteration_end,229,4,2879,2879,True,92221ed44ec10996,92221ed44ec10996,True
PB,pb2,101,iteration_end,229,5,2858,2858,True,9f4bfc80e7c0e001,9f4bfc80e7c0e001,True
PB,pb2,101,iteration_end,229,6,2788,2788,True,140265258d5a41bb,140265258d5a41bb,True
PB,pb2,101,iteration_end,229,7,2788,2788,True,140265258d5a41bb,140265258d5a41bb,True
PB,pb2,101,iteration_end,229,8,2788,2788,True,140265258d5a41bb,140265258d5a41bb,True
PB,pb2,101,iteration_end,229,9,2788,2788,True,140265258d5a41bb,140265258d5a41bb,True
PB,pb2,101,iteration_end,229,10,2782,2782,True,a1744df8d1172dfa,a1744df8d1172dfa,True
PB,pb2,101,iteration_end,229,11,2770,2770,True,2e30dc28c2758173,2e30dc28c2758173,True
PB,pb2,101,iteration_end,229,12,2742,2742,True,b9d3c448e46fd92c,b9d3c448e46fd92c,True
PB,pb2,101,iteration_end,229,13,2703,2703,True,9855956609d807f9,9855956609d807f9,True
PB,pb2,101,iteration_end,229,14,2692,2692,True,1762bbc952a4a0a8,1762bbc952a4a0a8,True
PB,pb2,101,iteration_end,229,15,2568,2568,True,527e2a6f18e37867,527e2a6f18e37867,True
PB,pb2,101,iteration_end,229,16,2562,2562,True,7c4a362b926371a1,7c4a362b926371a1,True
PB,pb2,101,iteration_end,229,17,2546,2546,True,de57ef284adcb92a,de57ef284adcb92a,True
PB,pb2,101,iteration_end,229,18,2484,2484,True,49581620fdab4d0a,49581620fdab4d0a,True
PB,pb2,101,iteration_end,229,19,2354,2354,True,c9bf1285189ade45,c9bf1285189ade45,True
PB,pb2,101,iteration_end,230,0,3021,3021,True,b53ad3b40085078f,b53ad3b40085078f,True
PB,pb2,101,iteration_end,230,1,2973,2973,True,84c3616416227ca4,84c3616416227ca4,True
PB,pb2,101,iteration_end,230,2,2961,2961,True,43c210d78294ed07,43c210d78294ed07,True
PB,pb2,101,iteration_end,230,3,2904,2904,True,932b5f8966fac854,932b5f8966fac854,True
PB,pb2,101,iteration_end,230,4,2900,2900,True,7a1d5ebd645eeb0c,7a1d5ebd645eeb0c,True
PB,pb2,101,iteration_end,230,5,2898,2898,True,4eafa71504a212ba,4eafa71504a212ba,True
PB,pb2,101,iteration_end,230,6,2880,2880,True,9efe850d042b3c69,9efe850d042b3c69,True
PB,pb2,101,iteration_end,230,7,2844,2844,True,0e1e1d7922154fb1,0e1e1d7922154fb1,True
PB,pb2,101,iteration_end,230,8,2794,2794,True,af440ecf67c551fe,af440ecf67c551fe,True
PB,pb2,101,iteration_end,230,9,2788,2788,True,140265258d5a41bb,140265258d5a41bb,True
PB,pb2,101,iteration_end,230,10,2788,2788,True,140265258d5a41bb,140265258d5a41bb,True
PB,pb2,101,iteration_end,230,11,2788,2788,True,140265258d5a41bb,140265258d5a41bb,True
PB,pb2,101,iteration_end,230,12,2788,2788,True,140265258d5a41bb,140265258d5a41bb,True
PB,pb2,101,iteration_end,230,13,2756,2756,True,98f9a7b907071917,98f9a7b907071917,True
PB,pb2,101,iteration_end,230,14,2738,2738,True,9daa96e74e8f51c6,9daa96e74e8f51c6,True
PB,pb2,101,iteration_end,230,15,2729,2729,True,d96cc6850b5bfce3,d96cc6850b5bfce3,True
PB,pb2,101,iteration_end,230,16,2699,2699,True,943d726391a9ee55,943d726391a9ee55,True
PB,pb2,101,iteration_end,230,17,2658,2658,True,ea55888a3f788f9e,ea55888a3f788f9e,True
PB,pb2,101,iteration_end,230,18,2653,2653,True,1c37afdc39f25f58,1c37afdc39f25f58,True
PB,pb2,101,iteration_end,230,19,2583,2583,True,6d28c1716894b8e2,6d28c1716894b8e2,True
PB,pb2,101,iteration_end,231,0,3033,3033,True,f8ced544c40e981c,f8ced544c40e981c,True
PB,pb2,101,iteration_end,231,1,3010,3010,True,a80288d128f2c58e,a80288d128f2c58e,True
PB,pb2,101,iteration_end,231,2,3003,3003,True,33fbb82b0154b8f2,33fbb82b0154b8f2,True
PB,pb2,101,iteration_end,231,3,2968,2968,True,5d71b1f7b7651167,5d71b1f7b7651167,True
PB,pb2,101,iteration_end,231,4,2928,2928,True,519d8bb9e422f645,519d8bb9e422f645,True
PB,pb2,101,iteration_end,231,5,2926,2926,True,89e8ad94f14e2696,89e8ad94f14e2696,True
PB,pb2,101,iteration_end,231,6,2891,2891,True,7abca7874e9ae622,7abca7874e9ae622,True
PB,pb2,101,iteration_end,231,7,2884,2884,True,826ef8e59b791baf,826ef8e59b791baf,True
PB,pb2,101,iteration_end,231,8,2884,2884,True,826ef8e59b791baf,826ef8e59b791baf,True
PB,pb2,101,iteration_end,231,9,2829,2829,True,433396ed0eabbb5f,433396ed0eabbb5f,True
PB,pb2,101,iteration_end,231,10,2788,2788,True,140265258d5a41bb,140265258d5a41bb,True
PB,pb2,101,iteration_end,231,11,2788,2788,True,140265258d5a41bb,140265258d5a41bb,True
PB,pb2,101,iteration_end,231,12,2788,2788,True,140265258d5a41bb,140265258d5a41bb,True
PB,pb2,101,iteration_end,231,13,2788,2788,True,140265258d5a41bb,140265258d5a41bb,True
PB,pb2,101,iteration_end,231,14,2783,2783,True,61801a93d34e4a3d,61801a93d34e4a3d,True
PB,pb2,101,iteration_end,231,15,2590,2590,True,9e900d15198622be,9e900d15198622be,True
PB,pb2,101,iteration_end,231,16,2528,2528,True,34d077e22b88aa84,34d077e22b88aa84,True
PB,pb2,101,iteration_end,231,17,2472,2472,True,12748284078757ec,12748284078757ec,True
PB,pb2,101,iteration_end,231,18,2447,2447,True,8e89fc9b8c09bda5,8e89fc9b8c09bda5,True
PB,pb2,101,iteration_end,231,19,2433,2433,True,581406d5a6714a33,581406d5a6714a33,True
PB,pb2,101,iteration_end,232,0,3056,3056,True,e9d8c9c29f40a677,e9d8c9c29f40a677,True
PB,pb2,101,iteration_end,232,1,3011,3011,True,20bbb65ac0b0ad5d,20bbb65ac0b0ad5d,True
PB,pb2,101,iteration_end,232,2,3008,3008,True,5926734030b970ed,5926734030b970ed,True
PB,pb2,101,iteration_end,232,3,2992,2992,True,ad1db441845f7405,ad1db441845f7405,True
PB,pb2,101,iteration_end,232,4,2965,2965,True,981dde9545acec81,981dde9545acec81,True
PB,pb2,101,iteration_end,232,5,2928,2928,True,519d8bb9e422f645,519d8bb9e422f645,True
PB,pb2,101,iteration_end,232,6,2903,2903,True,1739e5f79219da4f,1739e5f79219da4f,True
PB,pb2,101,iteration_end,232,7,2837,2837,True,6f4405e1e2bf4e97,6f4405e1e2bf4e97,True
PB,pb2,101,iteration_end,232,8,2825,2825,True,5e03a25b6e72a2b9,5e03a25b6e72a2b9,True
PB,pb2,101,iteration_end,232,9,2788,2788,True,140265258d5a41bb,140265258d5a41bb,True
PB,pb2,101,iteration_end,232,10,2788,2788,True,140265258d5a41bb,140265258d5a41bb,True
PB,pb2,101,iteration_end,232,11,2788,2788,True,140265258d5a41bb,140265258d5a41bb,True
PB,pb2,101,iteration_end,232,12,2788,2788,True,140265258d5a41bb,140265258d5a41bb,True
PB,pb2,101,iteration_end,232,13,2767,2767,True,5484a7c19babb9b0,5484a7c19babb9b0,True
PB,pb2,101,iteration_end,232,14,2691,2691,True,5ef591e0dfdc2fc5,5ef591e0dfdc2fc5,True
PB,pb2,101,iteration_end,232,15,2683,2683,True,1745a71ed4b0a2ba,1745a71ed4b0a2ba,True
PB,pb2,101,iteration_end,232,16,2579,2579,True,59cf2ced393b8a8f,59cf2ced393b8a8f,True
PB,pb2,101,iteration_end,232,17,2524,2524,True,861022327a8588ac,861022327a8588ac,True
PB,pb2,101,iteration_end,232,18,2494,2494,True,b275ff36c14a582d,b275ff36c14a582d,True
PB,pb2,101,iteration_end,232,19,2454,2454,True,de5528e526031eb3,de5528e526031eb3,True
PB,pb2,101,iteration_end,233,0,3110,3110,True,6b7f3a447fa10335,6b7f3a447fa10335,True
PB,pb2,101,iteration_end,233,1,3033,3033,True,f8ced544c40e981c,f8ced544c40e981c,True
PB,pb2,101,iteration_end,233,2,3033,3033,True,f8ced544c40e981c,f8ced544c40e981c,True
PB,pb2,101,iteration_end,233,3,3014,3014,True,aa50e98e896b55ae,aa50e98e896b55ae,True
PB,pb2,101,iteration_end,233,4,3010,3010,True,a80288d128f2c58e,a80288d128f2c58e,True
PB,pb2,101,iteration_end,233,5,2990,2990,True,1b26d96daea29053,1b26d96daea29053,True
PB,pb2,101,iteration_end,233,6,2967,2967,True,5b06a2bf9ceb9cf5,5b06a2bf9ceb9cf5,True
PB,pb2,101,iteration_end,233,7,2940,2940,True,ca0a523ec8f09805,ca0a523ec8f09805,True
PB,pb2,101,iteration_end,233,8,2932,2932,True,4464c09d861a0bef,4464c09d861a0bef,True
PB,pb2,101,iteration_end,233,9,2896,2896,True,b67d6904727f5d59,b67d6904727f5d59,True
PB,pb2,101,iteration_end,233,10,2838,2838,True,c3417dea0d8ac814,c3417dea0d8ac814,True
PB,pb2,101,iteration_end,233,11,2822,2822,True,24f4843d4613c732,24f4843d4613c732,True
PB,pb2,101,iteration_end,233,12,2788,2788,True,140265258d5a41bb,140265258d5a41bb,True
PB,pb2,101,iteration_end,233,13,2788,2788,True,2ea66db7b9fc5ae5,2ea66db7b9fc5ae5,True
PB,pb2,101,iteration_end,233,14,2786,2786,True,090fe1607c64f23e,090fe1607c64f23e,True
PB,pb2,101,iteration_end,233,15,2779,2779,True,87638a371245f373,87638a371245f373,True
PB,pb2,101,iteration_end,233,16,2779,2779,True,87638a371245f373,87638a371245f373,True
PB,pb2,101,iteration_end,233,17,2724,2724,True,d5424dab50d90284,d5424dab50d90284,True
PB,pb2,101,iteration_end,233,18,2690,2690,True,6d28284330246de6,6d28284330246de6,True
PB,pb2,101,iteration_end,233,19,2472,2472,True,44fff3fda2db9ca5,44fff3fda2db9ca5,True
PB,pb2,101,iteration_end,234,0,3103,3103,True,93b1be79f09e8b1b,93b1be79f09e8b1b,True
PB,pb2,101,iteration_end,234,1,3052,3052,True,4a96e5b58cb0333a,4a96e5b58cb0333a,True
PB,pb2,101,iteration_end,234,2,2997,2997,True,c4d54d30cd65e604,c4d54d30cd65e604,True
PB,pb2,101,iteration_end,234,3,2958,2958,True,b9399670041bab5a,b9399670041bab5a,True
PB,pb2,101,iteration_end,234,4,2956,2956,True,6b50fde093bb2dd2,6b50fde093bb2dd2,True
PB,pb2,101,iteration_end,234,5,2919,2919,True,ca3a4d361d04a9a1,ca3a4d361d04a9a1,True
PB,pb2,101,iteration_end,234,6,2906,2906,True,990633eba2982db2,990633eba2982db2,True
PB,pb2,101,iteration_end,234,7,2905,2905,True,f4a8c90729497b5c,f4a8c90729497b5c,True
PB,pb2,101,iteration_end,234,8,2894,2894,True,d67f0d5022f3b98e,d67f0d5022f3b98e,True
PB,pb2,101,iteration_end,234,9,2879,2879,True,1f73486ee89f88e0,1f73486ee89f88e0,True
PB,pb2,101,iteration_end,234,10,2874,2874,True,37c162cade0fb539,37c162cade0fb539,True
PB,pb2,101,iteration_end,234,11,2854,2854,True,4f65599eb06bcdfe,4f65599eb06bcdfe,True
PB,pb2,101,iteration_end,234,12,2845,2845,True,04919768a7d72096,04919768a7d72096,True
PB,pb2,101,iteration_end,234,13,2788,2788,True,140265258d5a41bb,140265258d5a41bb,True
PB,pb2,101,iteration_end,234,14,2788,2788,True,140265258d5a41bb,140265258d5a41bb,True
PB,pb2,101,iteration_end,234,15,2788,2788,True,140265258d5a41bb,140265258d5a41bb,True
PB,pb2,101,iteration_end,234,16,2781,2781,True,99eb6d882b880d14,99eb6d882b880d14,True
PB,pb2,101,iteration_end,234,17,2737,2737,True,bae4dd21d7ce7364,bae4dd21d7ce7364,True
PB,pb2,101,iteration_end,234,18,2615,2615,True,80ea82fe7efc2bfc,80ea82fe7efc2bfc,True
PB,pb2,101,iteration_end,234,19,2432,2432,True,907286ba2bfa1972,907286ba2bfa1972,True
PB,pb2,101,iteration_end,235,0,3077,3077,True,2f1f672d1c4c840a,2f1f672d1c4c840a,True
PB,pb2,101,iteration_end,235,1,3054,3054,True,d08819b521f82302,d08819b521f82302,True
PB,pb2,101,iteration_end,235,2,3010,3010,True,a80288d128f2c58e,a80288d128f2c58e,True
PB,pb2,101,iteration_end,235,3,2967,2967,True,5bed47c848d622b3,5bed47c848d622b3,True
PB,pb2,101,iteration_end,235,4,2903,2903,True,2169014a9ca9b5cf,2169014a9ca9b5cf,True
PB,pb2,101,iteration_end,235,5,2884,2884,True,826ef8e59b791baf,826ef8e59b791baf,True
PB,pb2,101,iteration_end,235,6,2855,2855,True,da124e908ccf7a68,da124e908ccf7a68,True
PB,pb2,101,iteration_end,235,7,2837,2837,True,6f4405e1e2bf4e97,6f4405e1e2bf4e97,True
PB,pb2,101,iteration_end,235,8,2837,2837,True,6f4405e1e2bf4e97,6f4405e1e2bf4e97,True
PB,pb2,101,iteration_end,235,9,2837,2837,True,6f4405e1e2bf4e97,6f4405e1e2bf4e97,True
PB,pb2,101,iteration_end,235,10,2835,2835,True,f191987d2d1de62f,f191987d2d1de62f,True
PB,pb2,101,iteration_end,235,11,2797,2797,True,a7c1b8f4c6aad2c5,a7c1b8f4c6aad2c5,True
PB,pb2,101,iteration_end,235,12,2788,2788,True,140265258d5a41bb,140265258d5a41bb,True
PB,pb2,101,iteration_end,235,13,2786,2786,True,090fe1607c64f23e,090fe1607c64f23e,True
PB,pb2,101,iteration_end,235,14,2768,2768,True,d2c7ec61f4f8767d,d2c7ec61f4f8767d,True
PB,pb2,101,iteration_end,235,15,2745,2745,True,43637525932c072e,43637525932c072e,True
PB,pb2,101,iteration_end,235,16,2736,2736,True,77c70f91e8ddcfcc,77c70f91e8ddcfcc,True
PB,pb2,101,iteration_end,235,17,2658,2658,True,ea55888a3f788f9e,ea55888a3f788f9e,True
PB,pb2,101,iteration_end,235,18,2654,2654,True,1065dab5e83122b9,1065dab5e83122b9,True
PB,pb2,101,iteration_end,235,19,2385,2385,True,697acdff4b32d94f,697acdff4b32d94f,True
PB,pb2,101,iteration_end,236,0,3110,3110,True,3ddb9590a1ddbeb5,3ddb9590a1ddbeb5,True
PB,pb2,101,iteration_end,236,1,3103,3103,True,93b1be79f09e8b1b,93b1be79f09e8b1b,True
PB,pb2,101,iteration_end,236,2,3033,3033,True,f8ced544c40e981c,f8ced544c40e981c,True
PB,pb2,101,iteration_end,236,3,3032,3032,True,22ecce77962b7978,22ecce77962b7978,True
PB,pb2,101,iteration_end,236,4,3010,3010,True,a80288d128f2c58e,a80288d128f2c58e,True
PB,pb2,101,iteration_end,236,5,2993,2993,True,c6664fc52f107fba,c6664fc52f107fba,True
PB,pb2,101,iteration_end,236,6,2961,2961,True,df939f4824b5c5dd,df939f4824b5c5dd,True
PB,pb2,101,iteration_end,236,7,2952,2952,True,77131c109f2174ce,77131c109f2174ce,True
PB,pb2,101,iteration_end,236,8,2901,2901,True,b365da755034ae0b,b365da755034ae0b,True
PB,pb2,101,iteration_end,236,9,2828,2828,True,324266c735e8c733,324266c735e8c733,True
PB,pb2,101,iteration_end,236,10,2828,2828,True,324266c735e8c733,324266c735e8c733,True
PB,pb2,101,iteration_end,236,11,2788,2788,True,140265258d5a41bb,140265258d5a41bb,True
PB,pb2,101,iteration_end,236,12,2786,2786,True,090fe1607c64f23e,090fe1607c64f23e,True
PB,pb2,101,iteration_end,236,13,2786,2786,True,090fe1607c64f23e,090fe1607c64f23e,True
PB,pb2,101,iteration_end,236,14,2769,2769,True,40c6be8b4cba22f5,40c6be8b4cba22f5,True
PB,pb2,101,iteration_end,236,15,2754,2754,True,153093d9df422771,153093d9df422771,True
PB,pb2,101,iteration_end,236,16,2743,2743,True,3433a37e1ffc049f,3433a37e1ffc049f,True
PB,pb2,101,iteration_end,236,17,2654,2654,True,1065dab5e83122b9,1065dab5e83122b9,True
PB,pb2,101,iteration_end,236,18,2647,2647,True,3b6039b5dc66b779,3b6039b5dc66b779,True
PB,pb2,101,iteration_end,236,19,2571,2571,True,b35875e719f0dd42,b35875e719f0dd42,True
PB,pb2,101,iteration_end,237,0,3101,3101,True,ad266a2a61d13e16,ad266a2a61d13e16,True
PB,pb2,101,iteration_end,237,1,3054,3054,True,d08819b521f82302,d08819b521f82302,True
PB,pb2,101,iteration_end,237,2,3033,3033,True,5358381cccbb02de,5358381cccbb02de,True
PB,pb2,101,iteration_end,237,3,3033,3033,True,f8ced544c40e981c,f8ced544c40e981c,True
PB,pb2,101,iteration_end,237,4,3033,3033,True,f8ced544c40e981c,f8ced544c40e981c,True
PB,pb2,101,iteration_end,237,5,3033,3033,True,f8ced544c40e981c,f8ced544c40e981c,True
PB,pb2,101,iteration_end,237,6,3033,3033,True,f8ced544c40e981c,f8ced544c40e981c,True
PB,pb2,101,iteration_end,237,7,2988,2988,True,54c6eea031f6a2dd,54c6eea031f6a2dd,True
PB,pb2,101,iteration_end,237,8,2984,2984,True,485b14da0c51f9b6,485b14da0c51f9b6,True
PB,pb2,101,iteration_end,237,9,2854,2854,True,81e1d9066e4f145d,81e1d9066e4f145d,True
PB,pb2,101,iteration_end,237,10,2851,2851,True,85cafad1c41713e8,85cafad1c41713e8,True
PB,pb2,101,iteration_end,237,11,2837,2837,True,6f4405e1e2bf4e97,6f4405e1e2bf4e97,True
PB,pb2,101,iteration_end,237,12,2788,2788,True,140265258d5a41bb,140265258d5a41bb,True
PB,pb2,101,iteration_end,237,13,2751,2751,True,1efc235968848ab7,1efc235968848ab7,True
PB,pb2,101,iteration_end,237,14,2706,2706,True,7b0ac31fa2d96fb2,7b0ac31fa2d96fb2,True
PB,pb2,101,iteration_end,237,15,2686,2686,True,ab4ba20ce980e524,ab4ba20ce980e524,True
PB,pb2,101,iteration_end,237,16,2656,2656,True,75ae32fc0923eecc,75ae32fc0923eecc,True
PB,pb2,101,iteration_end,237,17,2628,2628,True,f2026fbe056a23da,f2026fbe056a23da,True
PB,pb2,101,iteration_end,237,18,2605,2605,True,10b469089d9631d3,10b469089d9631d3,True
PB,pb2,101,iteration_end,237,19,2586,2586,True,06637db53890a5bd,06637db53890a5bd,True
PB,pb2,101,iteration_end,238,0,3119,3119,True,7688fcbf6a0d5817,7688fcbf6a0d5817,True
PB,pb2,101,iteration_end,238,1,3088,3088,True,15fce716e14a5189,15fce716e14a5189,True
PB,pb2,101,iteration_end,238,2,3084,3084,True,71472d17dd80d1ca,71472d17dd80d1ca,True
PB,pb2,101,iteration_end,238,3,3033,3033,True,f8ced544c40e981c,f8ced544c40e981c,True
PB,pb2,101,iteration_end,238,4,3033,3033,True,f8ced544c40e981c,f8ced544c40e981c,True
PB,pb2,101,iteration_end,238,5,3028,3028,True,4514954fa18f31d2,4514954fa18f31d2,True
PB,pb2,101,iteration_end,238,6,3020,3020,True,da14607500da887a,da14607500da887a,True
PB,pb2,101,iteration_end,238,7,3010,3010,True,a80288d128f2c58e,a80288d128f2c58e,True
PB,pb2,101,iteration_end,238,8,3010,3010,True,a80288d128f2c58e,a80288d128f2c58e,True
PB,pb2,101,iteration_end,238,9,3009,3009,True,d1d69a0f7f54dbc0,d1d69a0f7f54dbc0,True
PB,pb2,101,iteration_end,238,10,2974,2974,True,26cd91805d32e57e,26cd91805d32e57e,True
PB,pb2,101,iteration_end,238,11,2973,2973,True,f60b46f7f4e2d56b,f60b46f7f4e2d56b,True
PB,pb2,101,iteration_end,238,12,2961,2961,True,df939f4824b5c5dd,df939f4824b5c5dd,True
PB,pb2,101,iteration_end,238,13,2894,2894,True,d809ca1f5d3bd264,d809ca1f5d3bd264,True
PB,pb2,101,iteration_end,238,14,2848,2848,True,c92c95f51024e7ee,c92c95f51024e7ee,True
PB,pb2,101,iteration_end,238,15,2829,2829,True,433396ed0eabbb5f,433396ed0eabbb5f,True
PB,pb2,101,iteration_end,238,16,2805,2805,True,ba8f21d12ae5cf40,ba8f21d12ae5cf40,True
PB,pb2,101,iteration_end,238,17,2654,2654,True,1065dab5e83122b9,1065dab5e83122b9,True
PB,pb2,101,iteration_end,238,18,2654,2654,True,1065dab5e83122b9,1065dab5e83122b9,True
PB,pb2,101,iteration_end,238,19,2411,2411,True,6ea92bc612e55752,6ea92bc612e55752,True
PB,pb2,101,iteration_end,239,0,3022,3022,True,4f4bcb8f4c7aff83,4f4bcb8f4c7aff83,True
PB,pb2,101,iteration_end,239,1,2995,2995,True,46fb31500f4df466,46fb31500f4df466,True
PB,pb2,101,iteration_end,239,2,2978,2978,True,ef95aa22334151bb,ef95aa22334151bb,True
PB,pb2,101,iteration_end,239,3,2968,2968,True,fd29f7b1554990a7,fd29f7b1554990a7,True
PB,pb2,101,iteration_end,239,4,2960,2960,True,2cfc31ce5766fd39,2cfc31ce5766fd39,True
PB,pb2,101,iteration_end,239,5,2920,2920,True,6b88483d077e1aef,6b88483d077e1aef,True
PB,pb2,101,iteration_end,239,6,2913,2913,True,2577a18d62c56d8e,2577a18d62c56d8e,True
PB,pb2,101,iteration_end,239,7,2905,2905,True,f4a8c90729497b5c,f4a8c90729497b5c,True
PB,pb2,101,iteration_end,239,8,2896,2896,True,b67d6904727f5d59,b67d6904727f5d59,True
PB,pb2,101,iteration_end,239,9,2878,2878,True,ca74830cbdf4b502,ca74830cbdf4b502,True
PB,pb2,101,iteration_end,239,10,2874,2874,True,396365b6e4ab6c9d,396365b6e4ab6c9d,True
PB,pb2,101,iteration_end,239,11,2828,2828,True,324266c735e8c733,324266c735e8c733,True
PB,pb2,101,iteration_end,239,12,2788,2788,True,140265258d5a41bb,140265258d5a41bb,True
PB,pb2,101,iteration_end,239,13,2726,2726,True,4071943b11518597,4071943b11518597,True
PB,pb2,101,iteration_end,239,14,2725,2725,True,a543abdb75d842d8,a543abdb75d842d8,True
PB,pb2,101,iteration_end,239,15,2706,2706,True,9b46de989452d09a,9b46de989452d09a,True
PB,pb2,101,iteration_end,239,16,2654,2654,True,1065dab5e83122b9,1065dab5e83122b9,True
PB,pb2,101,iteration_end,239,17,2632,2632,True,5f4c71c36605fcd6,5f4c71c36605fcd6,True
PB,pb2,101,iteration_end,239,18,2586,2586,True,06637db53890a5bd,06637db53890a5bd,True
PB,pb2,101,iteration_end,239,19,2408,2408,True,233b6c38966a0b53,233b6c38966a0b53,True
PB,pb2,101,iteration_end,240,0,3101,3101,True,ad266a2a61d13e16,ad266a2a61d13e16,True
PB,pb2,101,iteration_end,240,1,3096,3096,True,dffc17031f58c28e,dffc17031f58c28e,True
PB,pb2,101,iteration_end,240,2,3052,3052,True,4a96e5b58cb0333a,4a96e5b58cb0333a,True
PB,pb2,101,iteration_end,240,3,3033,3033,True,f8ced544c40e981c,f8ced544c40e981c,True
PB,pb2,101,iteration_end,240,4,3033,3033,True,f8ced544c40e981c,f8ced544c40e981c,True
PB,pb2,101,iteration_end,240,5,3014,3014,True,2e53bd90b4c41200,2e53bd90b4c41200,True
PB,pb2,101,iteration_end,240,6,3010,3010,True,a80288d128f2c58e,a80288d128f2c58e,True
PB,pb2,101,iteration_end,240,7,2991,2991,True,4c63816c2dd13af7,4c63816c2dd13af7,True
PB,pb2,101,iteration_end,240,8,2932,2932,True,8755749a39bc5706,8755749a39bc5706,True
PB,pb2,101,iteration_end,240,9,2931,2931,True,915066f94b40cdd5,915066f94b40cdd5,True
PB,pb2,101,iteration_end,240,10,2897,2897,True,53cc1f511df50fdc,53cc1f511df50fdc,True
PB,pb2,101,iteration_end,240,11,2837,2837,True,a2f6b021793b0ae5,a2f6b021793b0ae5,True
PB,pb2,101,iteration_end,240,12,2811,2811,True,2d36102b69de76c2,2d36102b69de76c2,True
PB,pb2,101,iteration_end,240,13,2788,2788,True,140265258d5a41bb,140265258d5a41bb,True
PB,pb2,101,iteration_end,240,14,2788,2788,True,140265258d5a41bb,140265258d5a41bb,True
PB,pb2,101,iteration_end,240,15,2724,2724,True,d5424dab50d90284,d5424dab50d90284,True
PB,pb2,101,iteration_end,240,16,2720,2720,True,69871011d0e351ba,69871011d0e351ba,True
PB,pb2,101,iteration_end,240,17,2656,2656,True,1fbbe0d77553da81,1fbbe0d77553da81,True
PB,pb2,101,iteration_end,240,18,2559,2559,True,0bf96683cd83f6ee,0bf96683cd83f6ee,True
PB,pb2,101,iteration_end,240,19,2505,2505,True,d08b66cfe7bbb1b9,d08b66cfe7bbb1b9,True
PB,pb2,101,iteration_end,241,0,3059,3059,True,fee8d887e6927c90,fee8d887e6927c90,True
PB,pb2,101,iteration_end,241,1,3052,3052,True,4a96e5b58cb0333a,4a96e5b58cb0333a,True
PB,pb2,101,iteration_end,241,2,3033,3033,True,f8ced544c40e981c,f8ced544c40e981c,True
PB,pb2,101,iteration_end,241,3,2991,2991,True,4c63816c2dd13af7,4c63816c2dd13af7,True
PB,pb2,101,iteration_end,241,4,2984,2984,True,485b14da0c51f9b6,485b14da0c51f9b6,True
PB,pb2,101,iteration_end,241,5,2963,2963,True,52dbf17bf99e13b9,52dbf17bf99e13b9,True
PB,pb2,101,iteration_end,241,6,2953,2953,True,7b4fc98569932440,7b4fc98569932440,True
PB,pb2,101,iteration_end,241,7,2904,2904,True,339bfba6b1156487,339bfba6b1156487,True
PB,pb2,101,iteration_end,241,8,2854,2854,True,81e1d9066e4f145d,81e1d9066e4f145d,True
PB,pb2,101,iteration_end,241,9,2850,2850,True,f75870e85810de1b,f75870e85810de1b,True
PB,pb2,101,iteration_end,241,10,2788,2788,True,140265258d5a41bb,140265258d5a41bb,True
PB,pb2,101,iteration_end,241,11,2788,2788,True,140265258d5a41bb,140265258d5a41bb,True
PB,pb2,101,iteration_end,241,12,2788,2788,True,140265258d5a41bb,140265258d5a41bb,True
PB,pb2,101,iteration_end,241,13,2788,2788,True,140265258d5a41bb,140265258d5a41bb,True
PB,pb2,101,iteration_end,241,14,2788,2788,True,140265258d5a41bb,140265258d5a41bb,True
PB,pb2,101,iteration_end,241,15,2705,2705,True,742fec57830c6347,742fec57830c6347,True
PB,pb2,101,iteration_end,241,16,2651,2651,True,51ffbd7e49fcdc30,51ffbd7e49fcdc30,True
PB,pb2,101,iteration_end,241,17,2487,2487,True,7358f9021b56c5ef,7358f9021b56c5ef,True
PB,pb2,101,iteration_end,241,18,2429,2429,True,8b72da9660b27572,8b72da9660b27572,True
PB,pb2,101,iteration_end,241,19,2420,2420,True,8f5e30685bb0c5b4,8f5e30685bb0c5b4,True
PB,pb2,101,iteration_end,242,0,3159,3159,True,c36784e1acdcaee6,c36784e1acdcaee6,True
PB,pb2,101,iteration_end,242,1,3101,3101,True,ad266a2a61d13e16,ad266a2a61d13e16,True
PB,pb2,101,iteration_end,242,2,3033,3033,True,f8ced544c40e981c,f8ced544c40e981c,True
PB,pb2,101,iteration_end,242,3,3033,3033,True,f8ced544c40e981c,f8ced544c40e981c,True
PB,pb2,101,iteration_end,242,4,3029,3029,True,6c87127ae5ca5a8e,6c87127ae5ca5a8e,True
PB,pb2,101,iteration_end,242,5,3023,3023,True,f5b2f56824ed1735,f5b2f56824ed1735,True
PB,pb2,101,iteration_end,242,6,3010,3010,True,a80288d128f2c58e,a80288d128f2c58e,True
PB,pb2,101,iteration_end,242,7,3010,3010,True,a80288d128f2c58e,a80288d128f2c58e,True
PB,pb2,101,iteration_end,242,8,2919,2919,True,2fb12178a8ea13f5,2fb12178a8ea13f5,True
PB,pb2,101,iteration_end,242,9,2877,2877,True,1c373f092b1cf02a,1c373f092b1cf02a,True
PB,pb2,101,iteration_end,242,10,2869,2869,True,53aee3a347751607,53aee3a347751607,True
PB,pb2,101,iteration_end,242,11,2854,2854,True,81e1d9066e4f145d,81e1d9066e4f145d,True
PB,pb2,101,iteration_end,242,12,2788,2788,True,140265258d5a41bb,140265258d5a41bb,True
PB,pb2,101,iteration_end,242,13,2786,2786,True,090fe1607c64f23e,090fe1607c64f23e,True
PB,pb2,101,iteration_end,242,14,2762,2762,True,638c861560bd56a1,638c861560bd56a1,True
PB,pb2,101,iteration_end,242,15,2662,2662,True,40e8655601aae7ac,40e8655601aae7ac,True
PB,pb2,101,iteration_end,242,16,2632,2632,True,5f4c71c36605fcd6,5f4c71c36605fcd6,True
PB,pb2,101,iteration_end,242,17,2625,2625,True,871dee11cd19ea52,871dee11cd19ea52,True
PB,pb2,101,iteration_end,242,18,2583,2583,True,6d28c1716894b8e2,6d28c1716894b8e2,True
PB,pb2,101,iteration_end,242,19,2439,2439,True,e726f7b8ef4791eb,e726f7b8ef4791eb,True
PB,pb2,101,iteration_end,243,0,3088,3088,True,15fce716e14a5189,15fce716e14a5189,True
PB,pb2,101,iteration_end,243,1,3033,3033,True,f8ced544c40e981c,f8ced544c40e981c,True
PB,pb2,101,iteration_end,243,2,3033,3033,True,f8ced544c40e981c,f8ced544c40e981c,True
PB,pb2,101,iteration_end,243,3,3015,3015,True,ec69f76499032d5c,ec69f76499032d5c,True
PB,pb2,101,iteration_end,243,4,3010,3010,True,a80288d128f2c58e,a80288d128f2c58e,True
PB,pb2,101,iteration_end,243,5,2951,2951,True,d59ed2e3d9449972,d59ed2e3d9449972,True
PB,pb2,101,iteration_end,243,6,2934,2934,True,85d065b62d57f532,85d065b62d57f532,True
PB,pb2,101,iteration_end,243,7,2901,2901,True,78bc1f24be049759,78bc1f24be049759,True
PB,pb2,101,iteration_end,243,8,2869,2869,True,da43e6a89c08351b,da43e6a89c08351b,True
PB,pb2,101,iteration_end,243,9,2837,2837,True,6f4405e1e2bf4e97,6f4405e1e2bf4e97,True
PB,pb2,101,iteration_end,243,10,2837,2837,True,6f4405e1e2bf4e97,6f4405e1e2bf4e97,True
PB,pb2,101,iteration_end,243,11,2788,2788,True,140265258d5a41bb,140265258d5a41bb,True
PB,pb2,101,iteration_end,243,12,2748,2748,True,dec7e6fb459c5ec1,dec7e6fb459c5ec1,True
PB,pb2,101,iteration_end,243,13,2684,2684,True,c0058fb0279d6526,c0058fb0279d6526,True
PB,pb2,101,iteration_end,243,14,2672,2672,True,757c9d2172a14714,757c9d2172a14714,True
PB,pb2,101,iteration_end,243,15,2589,2589,True,a27d61065877efbe,a27d61065877efbe,True
PB,pb2,101,iteration_end,243,16,2462,2462,True,374950de701b1220,374950de701b1220,True
PB,pb2,101,iteration_end,243,17,2459,2459,True,cb98da1b6cc7f42b,cb98da1b6cc7f42b,True
PB,pb2,101,iteration_end,243,18,2376,2376,True,9af1e332dd23fd4d,9af1e332dd23fd4d,True
PB,pb2,101,iteration_end,243,19,2234,2234,True,d34e8e63543c6087,d34e8e63543c6087,True
PB,pb2,101,iteration_end,244,0,3159,3159,True,c36784e1acdcaee6,c36784e1acdcaee6,True
PB,pb2,101,iteration_end,244,1,3133,3133,True,1c8537b3e4ff86aa,1c8537b3e4ff86aa,True
PB,pb2,101,iteration_end,244,2,3057,3057,True,a9e7c7e1e5f6677a,a9e7c7e1e5f6677a,True
PB,pb2,101,iteration_end,244,3,3033,3033,True,f8ced544c40e981c,f8ced544c40e981c,True
PB,pb2,101,iteration_end,244,4,3033,3033,True,f8ced544c40e981c,f8ced544c40e981c,True
PB,pb2,101,iteration_end,244,5,3033,3033,True,f8ced544c40e981c,f8ced544c40e981c,True
PB,pb2,101,iteration_end,244,6,2996,2996,True,0c2797e10b2514fd,0c2797e10b2514fd,True
PB,pb2,101,iteration_end,244,7,2984,2984,True,485b14da0c51f9b6,485b14da0c51f9b6,True
PB,pb2,101,iteration_end,244,8,2950,2950,True,a51dd9d072d98c30,a51dd9d072d98c30,True
PB,pb2,101,iteration_end,244,9,2788,2788,True,140265258d5a41bb,140265258d5a41bb,True
PB,pb2,101,iteration_end,244,10,2788,2788,True,140265258d5a41bb,140265258d5a41bb,True
PB,pb2,101,iteration_end,244,11,2788,2788,True,140265258d5a41bb,140265258d5a41bb,True
PB,pb2,101,iteration_end,244,12,2779,2779,True,87638a371245f373,87638a371245f373,True
PB,pb2,101,iteration_end,244,13,2701,2701,True,4a1894301846cfa8,4a1894301846cfa8,True
PB,pb2,101,iteration_end,244,14,2689,2689,True,2ab71db11549ec3a,2ab71db11549ec3a,True
PB,pb2,101,iteration_end,244,15,2616,2616,True,2eb0c78cb9245c66,2eb0c78cb9245c66,True
PB,pb2,101,iteration_end,244,16,2576,2576,True,487bee6c57da1261,487bee6c57da1261,True
PB,pb2,101,iteration_end,244,17,2537,2537,True,064e107e4c84ebe7,064e107e4c84ebe7,True
PB,pb2,101,iteration_end,244,18,2537,2537,True,f5dae68a853e2955,f5dae68a853e2955,True
PB,pb2,101,iteration_end,244,19,2511,2511,True,00da55f9038f86a1,00da55f9038f86a1,True
PB,pb2,101,iteration_end,245,0,3042,3042,True,7a5efb81434bf6e4,7a5efb81434bf6e4,True
PB,pb2,101,iteration_end,245,1,3033,3033,True,f8ced544c40e981c,f8ced544c40e981c,True
PB,pb2,101,iteration_end,245,2,3033,3033,True,f8ced544c40e981c,f8ced544c40e981c,True
PB,pb2,101,iteration_end,245,3,3010,3010,True,a80288d128f2c58e,a80288d128f2c58e,True
PB,pb2,101,iteration_end,245,4,3010,3010,True,a80288d128f2c58e,a80288d128f2c58e,True
PB,pb2,101,iteration_end,245,5,3005,3005,True,8b6f2703d4833715,8b6f2703d4833715,True
PB,pb2,101,iteration_end,245,6,2997,2997,True,595beceb0b1abec5,595beceb0b1abec5,True
PB,pb2,101,iteration_end,245,7,2949,2949,True,e583b70f5a02365f,e583b70f5a02365f,True
PB,pb2,101,iteration_end,245,8,2935,2935,True,36373c806b3f4908,36373c806b3f4908,True
PB,pb2,101,iteration_end,245,9,2907,2907,True,e3fedf956f14246c,e3fedf956f14246c,True
PB,pb2,101,iteration_end,245,10,2837,2837,True,6f4405e1e2bf4e97,6f4405e1e2bf4e97,True
PB,pb2,101,iteration_end,245,11,2828,2828,True,324266c735e8c733,324266c735e8c733,True
PB,pb2,101,iteration_end,245,12,2828,2828,True,324266c735e8c733,324266c735e8c733,True
PB,pb2,101,iteration_end,245,13,2821,2821,True,0ab547a4c7286ee6,0ab547a4c7286ee6,True
PB,pb2,101,iteration_end,245,14,2788,2788,True,140265258d5a41bb,140265258d5a41bb,True
PB,pb2,101,iteration_end,245,15,2786,2786,True,090fe1607c64f23e,090fe1607c64f23e,True
PB,pb2,101,iteration_end,245,16,2720,2720,True,69871011d0e351ba,69871011d0e351ba,True
PB,pb2,101,iteration_end,245,17,2701,2701,True,4a1894301846cfa8,4a1894301846cfa8,True
PB,pb2,101,iteration_end,245,18,2489,2489,True,f0637aefa9d9fa36,f0637aefa9d9fa36,True
PB,pb2,101,iteration_end,245,19,2232,2232,True,53ae4a94683c0071,53ae4a94683c0071,True
PB,pb2,101,iteration_end,246,0,3133,3133,True,1c8537b3e4ff86aa,1c8537b3e4ff86aa,True
PB,pb2,101,iteration_end,246,1,3110,3110,True,3ddb9590a1ddbeb5,3ddb9590a1ddbeb5,True
PB,pb2,101,iteration_end,246,2,3109,3109,True,9ae688838a0f274a,9ae688838a0f274a,True
PB,pb2,101,iteration_end,246,3,3101,3101,True,934e76f13ccf6a6a,934e76f13ccf6a6a,True
PB,pb2,101,iteration_end,246,4,3078,3078,True,311dc448b5cc6733,311dc448b5cc6733,True
PB,pb2,101,iteration_end,246,5,3057,3057,True,a9e7c7e1e5f6677a,a9e7c7e1e5f6677a,True
PB,pb2,101,iteration_end,246,6,3025,3025,True,6c91b0857bb60592,6c91b0857bb60592,True
PB,pb2,101,iteration_end,246,7,3003,3003,True,f40f3200bef0dd92,f40f3200bef0dd92,True
PB,pb2,101,iteration_end,246,8,3001,3001,True,1cb9fb75382ce007,1cb9fb75382ce007,True
PB,pb2,101,iteration_end,246,9,2984,2984,True,485b14da0c51f9b6,485b14da0c51f9b6,True
PB,pb2,101,iteration_end,246,10,2979,2979,True,3fc52203c7753d4c,3fc52203c7753d4c,True
PB,pb2,101,iteration_end,246,11,2971,2971,True,da3c4de53a7f0fc8,da3c4de53a7f0fc8,True
PB,pb2,101,iteration_end,246,12,2945,2945,True,d0c1604ed512bd11,d0c1604ed512bd11,True
PB,pb2,101,iteration_end,246,13,2920,2920,True,8c66c42f8e84c6bb,8c66c42f8e84c6bb,True
PB,pb2,101,iteration_end,246,14,2837,2837,True,6f4405e1e2bf4e97,6f4405e1e2bf4e97,True
PB,pb2,101,iteration_end,246,15,2788,2788,True,140265258d5a41bb,140265258d5a41bb,True
PB,pb2,101,iteration_end,246,16,2717,2717,True,340185301d2885dc,340185301d2885dc,True
PB,pb2,101,iteration_end,246,17,2705,2705,True,742fec57830c6347,742fec57830c6347,True
PB,pb2,101,iteration_end,246,18,2570,2570,True,bf42301dcbb6a4bd,bf42301dcbb6a4bd,True
PB,pb2,101,iteration_end,246,19,2537,2537,True,98e50a635c9e2c17,98e50a635c9e2c17,True
PB,pb2,101,iteration_end,247,0,3159,3159,True,c36784e1acdcaee6,c36784e1acdcaee6,True
PB,pb2,101,iteration_end,247,1,3119,3119,True,10de99fc373c223a,10de99fc373c223a,True
PB,pb2,101,iteration_end,247,2,3110,3110,True,3ddb9590a1ddbeb5,3ddb9590a1ddbeb5,True
PB,pb2,101,iteration_end,247,3,3081,3081,True,6f45afc8536c2a1c,6f45afc8536c2a1c,True
PB,pb2,101,iteration_end,247,4,3035,3035,True,e5194f34a48dc16f,e5194f34a48dc16f,True
PB,pb2,101,iteration_end,247,5,2997,2997,True,c87a4b42a6248a13,c87a4b42a6248a13,True
PB,pb2,101,iteration_end,247,6,2961,2961,True,df939f4824b5c5dd,df939f4824b5c5dd,True
PB,pb2,101,iteration_end,247,7,2961,2961,True,df939f4824b5c5dd,df939f4824b5c5dd,True
PB,pb2,101,iteration_end,247,8,2961,2961,True,df939f4824b5c5dd,df939f4824b5c5dd,True
PB,pb2,101,iteration_end,247,9,2918,2918,True,0ee5ec1cd6bd5e5e,0ee5ec1cd6bd5e5e,True
PB,pb2,101,iteration_end,247,10,2829,2829,True,433396ed0eabbb5f,433396ed0eabbb5f,True
PB,pb2,101,iteration_end,247,11,2828,2828,True,324266c735e8c733,324266c735e8c733,True
PB,pb2,101,iteration_end,247,12,2828,2828,True,f0752bb07214eccb,f0752bb07214eccb,True
PB,pb2,101,iteration_end,247,13,2821,2821,True,0ab547a4c7286ee6,0ab547a4c7286ee6,True
PB,pb2,101,iteration_end,247,14,2788,2788,True,140265258d5a41bb,140265258d5a41bb,True
PB,pb2,101,iteration_end,247,15,2737,2737,True,bae4dd21d7ce7364,bae4dd21d7ce7364,True
PB,pb2,101,iteration_end,247,16,2737,2737,True,bae4dd21d7ce7364,bae4dd21d7ce7364,True
PB,pb2,101,iteration_end,247,17,2728,2728,True,d3b81194358c429a,d3b81194358c429a,True
PB,pb2,101,iteration_end,247,18,2702,2702,True,5c18cd7c7e0b870f,5c18cd7c7e0b870f,True
PB,pb2,101,iteration_end,247,19,2296,2296,True,c5f6735da0abb8a9,c5f6735da0abb8a9,True
PB,pb2,101,iteration_end,248,0,3145,3145,True,4b189348c062ae0a,4b189348c062ae0a,True
PB,pb2,101,iteration_end,248,1,3033,3033,True,f8ced544c40e981c,f8ced544c40e981c,True
PB,pb2,101,iteration_end,248,2,3010,3010,True,a80288d128f2c58e,a80288d128f2c58e,True
PB,pb2,101,iteration_end,248,3,3010,3010,True,a80288d128f2c58e,a80288d128f2c58e,True
PB,pb2,101,iteration_end,248,4,3010,3010,True,a80288d128f2c58e,a80288d128f2c58e,True
PB,pb2,101,iteration_end,248,5,2991,2991,True,4c63816c2dd13af7,4c63816c2dd13af7,True
PB,pb2,101,iteration_end,248,6,2984,2984,True,485b14da0c51f9b6,485b14da0c51f9b6,True
PB,pb2,101,iteration_end,248,7,2961,2961,True,df939f4824b5c5dd,df939f4824b5c5dd,True
PB,pb2,101,iteration_end,248,8,2952,2952,True,77131c109f2174ce,77131c109f2174ce,True
PB,pb2,101,iteration_end,248,9,2837,2837,True,6f4405e1e2bf4e97,6f4405e1e2bf4e97,True
PB,pb2,101,iteration_end,248,10,2837,2837,True,6f4405e1e2bf4e97,6f4405e1e2bf4e97,True
PB,pb2,101,iteration_end,248,11,2675,2675,True,1eee97c387c2e0ab,1eee97c387c2e0ab,True
PB,pb2,101,iteration_end,248,12,2666,2666,True,bf3db2c8cac486a4,bf3db2c8cac486a4,True
PB,pb2,101,iteration_end,248,13,2641,2641,True,9047cf72b7bef038,9047cf72b7bef038,True
PB,pb2,101,iteration_end,248,14,2586,2586,True,06637db53890a5bd,06637db53890a5bd,True
PB,pb2,101,iteration_end,248,15,2535,2535,True,247958adbfb51a35,247958adbfb51a35,True
PB,pb2,101,iteration_end,248,16,2524,2524,True,ab4fefe3600db635,ab4fefe3600db635,True
PB,pb2,101,iteration_end,248,17,2383,2383,True,bcf98c84bf55faba,bcf98c84bf55faba,True
PB,pb2,101,iteration_end,248,18,2364,2364,True,802a90729cd6d9e5,802a90729cd6d9e5,True
PB,pb2,101,iteration_end,248,19,2362,2362,True,badd088b0ffc610e,badd088b0ffc610e,True
PB,pb2,101,iteration_end,249,0,3145,3145,True,4b189348c062ae0a,4b189348c062ae0a,True
PB,pb2,101,iteration_end,249,1,3110,3110,True,3ddb9590a1ddbeb5,3ddb9590a1ddbeb5,True
PB,pb2,101,iteration_end,249,2,3103,3103,True,93b1be79f09e8b1b,93b1be79f09e8b1b,True
PB,pb2,101,iteration_end,249,3,3059,3059,True,5a6ab0b67d8867b8,5a6ab0b67d8867b8,True
PB,pb2,101,iteration_end,249,4,3052,3052,True,78e79e0c64b15e2d,78e79e0c64b15e2d,True
PB,pb2,101,iteration_end,249,5,3051,3051,True,035665ce49ab1ceb,035665ce49ab1ceb,True
PB,pb2,101,iteration_end,249,6,3010,3010,True,a80288d128f2c58e,a80288d128f2c58e,True
PB,pb2,101,iteration_end,249,7,2986,2986,True,726801b6999d87ad,726801b6999d87ad,True
PB,pb2,101,iteration_end,249,8,2984,2984,True,485b14da0c51f9b6,485b14da0c51f9b6,True
PB,pb2,101,iteration_end,249,9,2936,2936,True,6d445d8a6437b352,6d445d8a6437b352,True
PB,pb2,101,iteration_end,249,10,2924,2924,True,ccbfb7774dd2ce8a,ccbfb7774dd2ce8a,True
PB,pb2,101,iteration_end,249,11,2906,2906,True,0bed78b1860db97a,0bed78b1860db97a,True
PB,pb2,101,iteration_end,249,12,2871,2871,True,bbdff77494d8960c,bbdff77494d8960c,True
PB,pb2,101,iteration_end,249,13,2837,2837,True,6f4405e1e2bf4e97,6f4405e1e2bf4e97,True
PB,pb2,101,iteration_end,249,14,2837,2837,True,6f4405e1e2bf4e97,6f4405e1e2bf4e97,True
PB,pb2,101,iteration_end,249,15,2788,2788,True,140265258d5a41bb,140265258d5a41bb,True
PB,pb2,101,iteration_end,249,16,2788,2788,True,140265258d5a41bb,140265258d5a41bb,True
PB,pb2,101,iteration_end,249,17,2786,2786,True,090fe1607c64f23e,090fe1607c64f23e,True
PB,pb2,101,iteration_end,249,18,2586,2586,True,06637db53890a5bd,06637db53890a5bd,True
PB,pb2,101,iteration_end,249,19,2578,2578,True,22044ed301b227a4,22044ed301b227a4,True
PB,pb2,101,iteration_end,250,0,3080,3080,True,b357325779036c92,b357325779036c92,True
PB,pb2,101,iteration_end,250,1,3054,3054,True,d08819b521f82302,d08819b521f82302,True
PB,pb2,101,iteration_end,250,2,3033,3033,True,f8ced544c40e981c,f8ced544c40e981c,True
PB,pb2,101,iteration_end,250,3,3033,3033,True,f8ced544c40e981c,f8ced544c40e981c,True
PB,pb2,101,iteration_end,250,4,3010,3010,True,a80288d128f2c58e,a80288d128f2c58e,True
PB,pb2,101,iteration_end,250,5,3010,3010,True,a80288d128f2c58e,a80288d128f2c58e,True
PB,pb2,101,iteration_end,250,6,2984,2984,True,485b14da0c51f9b6,485b14da0c51f9b6,True
PB,pb2,101,iteration_end,250,7,2934,2934,True,386fb9d9968e4d32,386fb9d9968e4d32,True
PB,pb2,101,iteration_end,250,8,2837,2837,True,6f4405e1e2bf4e97,6f4405e1e2bf4e97,True
PB,pb2,101,iteration_end,250,9,2837,2837,True,6f4405e1e2bf4e97,6f4405e1e2bf4e97,True
PB,pb2,101,iteration_end,250,10,2829,2829,True,433396ed0eabbb5f,433396ed0eabbb5f,True
PB,pb2,101,iteration_end,250,11,2828,2828,True,324266c735e8c733,324266c735e8c733,True
PB,pb2,101,iteration_end,250,12,2798,2798,True,8c4cb85352f90e97,8c4cb85352f90e97,True
PB,pb2,101,iteration_end,250,13,2788,2788,True,140265258d5a41bb,140265258d5a41bb,True
PB,pb2,101,iteration_end,250,14,2786,2786,True,090fe1607c64f23e,090fe1607c64f23e,True
PB,pb2,101,iteration_end,250,15,2705,2705,True,b44513aa5ba62e5f,b44513aa5ba62e5f,True
PB,pb2,101,iteration_end,250,16,2628,2628,True,f2026fbe056a23da,f2026fbe056a23da,True
PB,pb2,101,iteration_end,250,17,2566,2566,True,2db50d4114df1803,2db50d4114df1803,True
PB,pb2,101,iteration_end,250,18,2505,2505,True,d08b66cfe7bbb1b9,d08b66cfe7bbb1b9,True
PB,pb2,101,iteration_end,250,19,2428,2428,True,b0aecf77631ac621,b0aecf77631ac621,True
PB,pb2,101,iteration_end,251,0,3159,3159,True,c36784e1acdcaee6,c36784e1acdcaee6,True
PB,pb2,101,iteration_end,251,1,3145,3145,True,4b189348c062ae0a,4b189348c062ae0a,True
PB,pb2,101,iteration_end,251,2,3117,3117,True,1f59a47a7a298a32,1f59a47a7a298a32,True
PB,pb2,101,iteration_end,251,3,3110,3110,True,3ddb9590a1ddbeb5,3ddb9590a1ddbeb5,True
PB,pb2,101,iteration_end,251,4,3065,3065,True,b1d514591009c57c,b1d514591009c57c,True
PB,pb2,101,iteration_end,251,5,3037,3037,True,6204938cac8f708d,6204938cac8f708d,True
PB,pb2,101,iteration_end,251,6,3033,3033,True,f8ced544c40e981c,f8ced544c40e981c,True
PB,pb2,101,iteration_end,251,7,3004,3004,True,0f4886a71feae0c1,0f4886a71feae0c1,True
PB,pb2,101,iteration_end,251,8,2984,2984,True,485b14da0c51f9b6,485b14da0c51f9b6,True
PB,pb2,101,iteration_end,251,9,2984,2984,True,485b14da0c51f9b6,485b14da0c51f9b6,True
PB,pb2,101,iteration_end,251,10,2984,2984,True,485b14da0c51f9b6,485b14da0c51f9b6,True
PB,pb2,101,iteration_end,251,11,2961,2961,True,df939f4824b5c5dd,df939f4824b5c5dd,True
PB,pb2,101,iteration_end,251,12,2908,2908,True,79e238ad410b5810,79e238ad410b5810,True
PB,pb2,101,iteration_end,251,13,2786,2786,True,090fe1607c64f23e,090fe1607c64f23e,True
PB,pb2,101,iteration_end,251,14,2786,2786,True,090fe1607c64f23e,090fe1607c64f23e,True
PB,pb2,101,iteration_end,251,15,2786,2786,True,090fe1607c64f23e,090fe1607c64f23e,True
PB,pb2,101,iteration_end,251,16,2786,2786,True,090fe1607c64f23e,090fe1607c64f23e,True
PB,pb2,101,iteration_end,251,17,2748,2748,True,dec7e6fb459c5ec1,dec7e6fb459c5ec1,True
PB,pb2,101,iteration_end,251,18,2693,2693,True,5cbc032fd67a4884,5cbc032fd67a4884,True
PB,pb2,101,iteration_end,251,19,2204,2204,True,93193725453ad33c,93193725453ad33c,True
PB,pb2,101,iteration_end,252,0,3150,3150,True,3b8d7e9f3896c339,3b8d7e9f3896c339,True
PB,pb2,101,iteration_end,252,1,3060,3060,True,6c3f502e46fa8f58,6c3f502e46fa8f58,True
PB,pb2,101,iteration_end,252,2,3010,3010,True,a80288d128f2c58e,a80288d128f2c58e,True
PB,pb2,101,iteration_end,252,3,3010,3010,True,a80288d128f2c58e,a80288d128f2c58e,True
PB,pb2,101,iteration_end,252,4,3005,3005,True,8b6f2703d4833715,8b6f2703d4833715,True
PB,pb2,101,iteration_end,252,5,2908,2908,True,79e238ad410b5810,79e238ad410b5810,True
PB,pb2,101,iteration_end,252,6,2894,2894,True,bf21c36fe5e705fa,bf21c36fe5e705fa,True
PB,pb2,101,iteration_end,252,7,2847,2847,True,beed637b35f7c110,beed637b35f7c110,True
PB,pb2,101,iteration_end,252,8,2844,2844,True,2fc5d2d989806b65,2fc5d2d989806b65,True
PB,pb2,101,iteration_end,252,9,2788,2788,True,140265258d5a41bb,140265258d5a41bb,True
PB,pb2,101,iteration_end,252,10,2786,2786,True,090fe1607c64f23e,090fe1607c64f23e,True
PB,pb2,101,iteration_end,252,11,2748,2748,True,dec7e6fb459c5ec1,dec7e6fb459c5ec1,True
PB,pb2,101,iteration_end,252,12,2737,2737,True,bae4dd21d7ce7364,bae4dd21d7ce7364,True
PB,pb2,101,iteration_end,252,13,2712,2712,True,4802ccd5722f30be,4802ccd5722f30be,True
PB,pb2,101,iteration_end,252,14,2708,2708,True,5d68f2a95d885f6c,5d68f2a95d885f6c,True
PB,pb2,101,iteration_end,252,15,2661,2661,True,3628a93e0cc4d4bc,3628a93e0cc4d4bc,True
PB,pb2,101,iteration_end,252,16,2656,2656,True,d95eb70ea61b4a3f,d95eb70ea61b4a3f,True
PB,pb2,101,iteration_end,252,17,2586,2586,True,06637db53890a5bd,06637db53890a5bd,True
PB,pb2,101,iteration_end,252,18,2586,2586,True,06637db53890a5bd,06637db53890a5bd,True
PB,pb2,101,iteration_end,252,19,2505,2505,True,c7910f0d1021f2b7,c7910f0d1021f2b7,True
PB,pb2,101,iteration_end,253,0,3145,3145,True,4b189348c062ae0a,4b189348c062ae0a,True
PB,pb2,101,iteration_end,253,1,3061,3061,True,7659865edd808286,7659865edd808286,True
PB,pb2,101,iteration_end,253,2,3052,3052,True,78e79e0c64b15e2d,78e79e0c64b15e2d,True
PB,pb2,101,iteration_end,253,3,3033,3033,True,f8ced544c40e981c,f8ced544c40e981c,True
PB,pb2,101,iteration_end,253,4,3033,3033,True,f8ced544c40e981c,f8ced544c40e981c,True
PB,pb2,101,iteration_end,253,5,3033,3033,True,f8ced544c40e981c,f8ced544c40e981c,True
PB,pb2,101,iteration_end,253,6,3000,3000,True,7a95cf04a736c96b,7a95cf04a736c96b,True
PB,pb2,101,iteration_end,253,7,2951,2951,True,935b4d784c685064,935b4d784c685064,True
PB,pb2,101,iteration_end,253,8,2908,2908,True,79e238ad410b5810,79e238ad410b5810,True
PB,pb2,101,iteration_end,253,9,2886,2886,True,75f8747eae5d8302,75f8747eae5d8302,True
PB,pb2,101,iteration_end,253,10,2837,2837,True,6f4405e1e2bf4e97,6f4405e1e2bf4e97,True
PB,pb2,101,iteration_end,253,11,2825,2825,True,fbaee8e5ef7a712e,fbaee8e5ef7a712e,True
PB,pb2,101,iteration_end,253,12,2788,2788,True,140265258d5a41bb,140265258d5a41bb,True
PB,pb2,101,iteration_end,253,13,2779,2779,True,87638a371245f373,87638a371245f373,True
PB,pb2,101,iteration_end,253,14,2750,2750,True,5591cd9ea0992538,5591cd9ea0992538,True
PB,pb2,101,iteration_end,253,15,2745,2745,True,8c98a8497a829bbb,8c98a8497a829bbb,True
PB,pb2,101,iteration_end,253,16,2693,2693,True,5cbc032fd67a4884,5cbc032fd67a4884,True
PB,pb2,101,iteration_end,253,17,2676,2676,True,6736df7f605d0544,6736df7f605d0544,True
PB,pb2,101,iteration_end,253,18,2628,2628,True,f2026fbe056a23da,f2026fbe056a23da,True
PB,pb2,101,iteration_end,253,19,2586,2586,True,06637db53890a5bd,06637db53890a5bd,True
PB,pb2,101,iteration_end,254,0,3078,3078,True,311dc448b5cc6733,311dc448b5cc6733,True
PB,pb2,101,iteration_end,254,1,3043,3043,True,9075ea8b03bab26a,9075ea8b03bab26a,True
PB,pb2,101,iteration_end,254,2,3035,3035,True,068381bf399a3c59,068381bf399a3c59,True
PB,pb2,101,iteration_end,254,3,3033,3033,True,f8ced544c40e981c,f8ced544c40e981c,True
PB,pb2,101,iteration_end,254,4,3027,3027,True,faddce8bf3e1a5f1,faddce8bf3e1a5f1,True
PB,pb2,101,iteration_end,254,5,3025,3025,True,07d4d6c012b39aa1,07d4d6c012b39aa1,True
PB,pb2,101,iteration_end,254,6,2974,2974,True,5d3e40ef842ea588,5d3e40ef842ea588,True
PB,pb2,101,iteration_end,254,7,2961,2961,True,df939f4824b5c5dd,df939f4824b5c5dd,True
PB,pb2,101,iteration_end,254,8,2928,2928,True,53462076c6061bca,53462076c6061bca,True
PB,pb2,101,iteration_end,254,9,2884,2884,True,826ef8e59b791baf,826ef8e59b791baf,True
PB,pb2,101,iteration_end,254,10,2878,2878,True,62bf4bd143841b1c,62bf4bd143841b1c,True
PB,pb2,101,iteration_end,254,11,2848,2848,True,99d85e5353ce35e7,99d85e5353ce35e7,True
PB,pb2,101,iteration_end,254,12,2835,2835,True,f191987d2d1de62f,f191987d2d1de62f,True
PB,pb2,101,iteration_end,254,13,2802,2802,True,e9ac36b9754e8103,e9ac36b9754e8103,True
PB,pb2,101,iteration_end,254,14,2788,2788,True,140265258d5a41bb,140265258d5a41bb,True
PB,pb2,101,iteration_end,254,15,2788,2788,True,140265258d5a41bb,140265258d5a41bb,True
PB,pb2,101,iteration_end,254,16,2788,2788,True,140265258d5a41bb,140265258d5a41bb,True
PB,pb2,101,iteration_end,254,17,2737,2737,True,bae4dd21d7ce7364,bae4dd21d7ce7364,True
PB,pb2,101,iteration_end,254,18,2652,2652,True,75a5a8b4c6ff08f6,75a5a8b4c6ff08f6,True
PB,pb2,101,iteration_end,254,19,2586,2586,True,06637db53890a5bd,06637db53890a5bd,True
PB,pb2,101,iteration_end,255,0,3111,3111,True,f1e409627a3cd0cd,f1e409627a3cd0cd,True
PB,pb2,101,iteration_end,255,1,3110,3110,True,3ddb9590a1ddbeb5,3ddb9590a1ddbeb5,True
PB,pb2,101,iteration_end,255,2,3033,3033,True,f8ced544c40e981c,f8ced544c40e981c,True
PB,pb2,101,iteration_end,255,3,3033,3033,True,f8ced544c40e981c,f8ced544c40e981c,True
PB,pb2,101,iteration_end,255,4,3033,3033,True,f8c50c0ce1745fa2,f8c50c0ce1745fa2,True
PB,pb2,101,iteration_end,255,5,3008,3008,True,5926734030b970ed,5926734030b970ed,True
PB,pb2,101,iteration_end,255,6,2984,2984,True,485b14da0c51f9b6,485b14da0c51f9b6,True
PB,pb2,101,iteration_end,255,7,2970,2970,True,5953c09736a07158,5953c09736a07158,True
PB,pb2,101,iteration_end,255,8,2957,2957,True,45d4c96410e0884e,45d4c96410e0884e,True
PB,pb2,101,iteration_end,255,9,2828,2828,True,324266c735e8c733,324266c735e8c733,True
PB,pb2,101,iteration_end,255,10,2823,2823,True,c0e90336de3bae6d,c0e90336de3bae6d,True
PB,pb2,101,iteration_end,255,11,2788,2788,True,140265258d5a41bb,140265258d5a41bb,True
PB,pb2,101,iteration_end,255,12,2786,2786,True,090fe1607c64f23e,090fe1607c64f23e,True
PB,pb2,101,iteration_end,255,13,2749,2749,True,34b37c0ff538c4a1,34b37c0ff538c4a1,True
PB,pb2,101,iteration_end,255,14,2737,2737,True,bae4dd21d7ce7364,bae4dd21d7ce7364,True
PB,pb2,101,iteration_end,255,15,2737,2737,True,bae4dd21d7ce7364,bae4dd21d7ce7364,True
PB,pb2,101,iteration_end,255,16,2670,2670,True,1e2e557249c88f8d,1e2e557249c88f8d,True
PB,pb2,101,iteration_end,255,17,2628,2628,True,f2026fbe056a23da,f2026fbe056a23da,True
PB,pb2,101,iteration_end,255,18,2586,2586,True,06637db53890a5bd,06637db53890a5bd,True
PB,pb2,101,iteration_end,255,19,2502,2502,True,125eef80f101c796,125eef80f101c796,True
PB,pb2,101,iteration_end,256,0,3056,3056,True,15cbab3f7b098d87,15cbab3f7b098d87,True
PB,pb2,101,iteration_end,256,1,3052,3052,True,cadf7f0babf15889,cadf7f0babf15889,True
PB,pb2,101,iteration_end,256,2,3047,3047,True,c26655ef4680dfc5,c26655ef4680dfc5,True
PB,pb2,101,iteration_end,256,3,3033,3033,True,f8ced544c40e981c,f8ced544c40e981c,True
PB,pb2,101,iteration_end,256,4,3018,3018,True,1813c6f2f5a6c98b,1813c6f2f5a6c98b,True
PB,pb2,101,iteration_end,256,5,3010,3010,True,a80288d128f2c58e,a80288d128f2c58e,True
PB,pb2,101,iteration_end,256,6,3007,3007,True,8cd9e32c6d88bac0,8cd9e32c6d88bac0,True
PB,pb2,101,iteration_end,256,7,2961,2961,True,e9ee8fd297b7abfd,e9ee8fd297b7abfd,True
PB,pb2,101,iteration_end,256,8,2937,2937,True,ef886b6283bfccbf,ef886b6283bfccbf,True
PB,pb2,101,iteration_end,256,9,2871,2871,True,bbdff77494d8960c,bbdff77494d8960c,True
PB,pb2,101,iteration_end,256,10,2828,2828,True,324266c735e8c733,324266c735e8c733,True
PB,pb2,101,iteration_end,256,11,2788,2788,True,140265258d5a41bb,140265258d5a41bb,True
PB,pb2,101,iteration_end,256,12,2788,2788,True,140265258d5a41bb,140265258d5a41bb,True
PB,pb2,101,iteration_end,256,13,2747,2747,True,66498ac6c74a22aa,66498ac6c74a22aa,True
PB,pb2,101,iteration_end,256,14,2728,2728,True,d3b81194358c429a,d3b81194358c429a,True
PB,pb2,101,iteration_end,256,15,2723,2723,True,69f34ed3678345d2,69f34ed3678345d2,True
PB,pb2,101,iteration_end,256,16,2669,2669,True,6388a61f9d1faa99,6388a61f9d1faa99,True
PB,pb2,101,iteration_end,256,17,2652,2652,True,ddfe5c7a7f2eca18,ddfe5c7a7f2eca18,True
PB,pb2,101,iteration_end,256,18,2652,2652,True,7d1e56039c431c49,7d1e56039c431c49,True
PB,pb2,101,iteration_end,256,19,2527,2527,True,633ed1763b5deb52,633ed1763b5deb52,True
PB,pb2,101,iteration_end,257,0,3103,3103,True,93b1be79f09e8b1b,93b1be79f09e8b1b,True
PB,pb2,101,iteration_end,257,1,3057,3057,True,a9e7c7e1e5f6677a,a9e7c7e1e5f6677a,True
PB,pb2,101,iteration_end,257,2,3033,3033,True,f8ced544c40e981c,f8ced544c40e981c,True
PB,pb2,101,iteration_end,257,3,3023,3023,True,ff90e6b43d05fed5,ff90e6b43d05fed5,True
PB,pb2,101,iteration_end,257,4,3010,3010,True,a80288d128f2c58e,a80288d128f2c58e,True
PB,pb2,101,iteration_end,257,5,3010,3010,True,a80288d128f2c58e,a80288d128f2c58e,True
PB,pb2,101,iteration_end,257,6,2961,2961,True,df939f4824b5c5dd,df939f4824b5c5dd,True
PB,pb2,101,iteration_end,257,7,2955,2955,True,db1b9b638f11d10e,db1b9b638f11d10e,True
PB,pb2,101,iteration_end,257,8,2954,2954,True,bd542bacd7955042,bd542bacd7955042,True
PB,pb2,101,iteration_end,257,9,2942,2942,True,6c47d6e84ecdb51d,6c47d6e84ecdb51d,True
PB,pb2,101,iteration_end,257,10,2936,2936,True,be0e7363bb05e2bb,be0e7363bb05e2bb,True
PB,pb2,101,iteration_end,257,11,2935,2935,True,a1cdb0e8aa444478,a1cdb0e8aa444478,True
PB,pb2,101,iteration_end,257,12,2920,2920,True,153693d5f15af47d,153693d5f15af47d,True
PB,pb2,101,iteration_end,257,13,2788,2788,True,140265258d5a41bb,140265258d5a41bb,True
PB,pb2,101,iteration_end,257,14,2788,2788,True,140265258d5a41bb,140265258d5a41bb,True
PB,pb2,101,iteration_end,257,15,2782,2782,True,9f1268e5a30ac36b,9f1268e5a30ac36b,True
PB,pb2,101,iteration_end,257,16,2654,2654,True,1065dab5e83122b9,1065dab5e83122b9,True
PB,pb2,101,iteration_end,257,17,2632,2632,True,5f4c71c36605fcd6,5f4c71c36605fcd6,True
PB,pb2,101,iteration_end,257,18,2628,2628,True,f2026fbe056a23da,f2026fbe056a23da,True
PB,pb2,101,iteration_end,257,19,2450,2450,True,38d2c1d6531b6497,38d2c1d6531b6497,True
PB,pb2,101,iteration_end,258,0,3033,3033,True,f8ced544c40e981c,f8ced544c40e981c,True
PB,pb2,101,iteration_end,258,1,3033,3033,True,f8ced544c40e981c,f8ced544c40e981c,True
PB,pb2,101,iteration_end,258,2,3031,3031,True,d816c6257cd9848b,d816c6257cd9848b,True
PB,pb2,101,iteration_end,258,3,2978,2978,True,b9b17f82ae7ff030,b9b17f82ae7ff030,True
PB,pb2,101,iteration_end,258,4,2964,2964,True,30feae73b5147c47,30feae73b5147c47,True
PB,pb2,101,iteration_end,258,5,2931,2931,True,5b7aeb620bb90c98,5b7aeb620bb90c98,True
PB,pb2,101,iteration_end,258,6,2854,2854,True,81e1d9066e4f145d,81e1d9066e4f145d,True
PB,pb2,101,iteration_end,258,7,2837,2837,True,6f4405e1e2bf4e97,6f4405e1e2bf4e97,True
PB,pb2,101,iteration_end,258,8,2825,2825,True,f8d4a364c81f3557,f8d4a364c81f3557,True
PB,pb2,101,iteration_end,258,9,2788,2788,True,140265258d5a41bb,140265258d5a41bb,True
PB,pb2,101,iteration_end,258,10,2788,2788,True,140265258d5a41bb,140265258d5a41bb,True
PB,pb2,101,iteration_end,258,11,2788,2788,True,140265258d5a41bb,140265258d5a41bb,True
PB,pb2,101,iteration_end,258,12,2788,2788,True,140265258d5a41bb,140265258d5a41bb,True
PB,pb2,101,iteration_end,258,13,2735,2735,True,4f092b8c345df932,4f092b8c345df932,True
PB,pb2,101,iteration_end,258,14,2734,2734,True,8004f560b69cf7c2,8004f560b69cf7c2,True
PB,pb2,101,iteration_end,258,15,2724,2724,True,d5424dab50d90284,d5424dab50d90284,True
PB,pb2,101,iteration_end,258,16,2694,2694,True,d6647f3189f52ebc,d6647f3189f52ebc,True
PB,pb2,101,iteration_end,258,17,2549,2549,True,25277ef26660bf9a,25277ef26660bf9a,True
PB,pb2,101,iteration_end,258,18,2537,2537,True,f5dae68a853e2955,f5dae68a853e2955,True
PB,pb2,101,iteration_end,258,19,2083,2083,True,f0828f7721266382,f0828f7721266382,True
PB,pb2,101,iteration_end,259,0,3052,3052,True,cadf7f0babf15889,cadf7f0babf15889,True
PB,pb2,101,iteration_end,259,1,3052,3052,True,bbeb0cfb3de43fa5,bbeb0cfb3de43fa5,True
PB,pb2,101,iteration_end,259,2,3046,3046,True,e93c7508658b551f,e93c7508658b551f,True
PB,pb2,101,iteration_end,259,3,3022,3022,True,4f4bcb8f4c7aff83,4f4bcb8f4c7aff83,True
PB,pb2,101,iteration_end,259,4,3010,3010,True,a80288d128f2c58e,a80288d128f2c58e,True
PB,pb2,101,iteration_end,259,5,3010,3010,True,a80288d128f2c58e,a80288d128f2c58e,True
PB,pb2,101,iteration_end,259,6,2972,2972,True,61f458a7f9f34c4a,61f458a7f9f34c4a,True
PB,pb2,101,iteration_end,259,7,2907,2907,True,1ee736ffd343d2c5,1ee736ffd343d2c5,True
PB,pb2,101,iteration_end,259,8,2874,2874,True,f59a1e0eb0efa89e,f59a1e0eb0efa89e,True
PB,pb2,101,iteration_end,259,9,2868,2868,True,78f4f8808672553a,78f4f8808672553a,True
PB,pb2,101,iteration_end,259,10,2841,2841,True,5141115789ceeffe,5141115789ceeffe,True
PB,pb2,101,iteration_end,259,11,2837,2837,True,6f4405e1e2bf4e97,6f4405e1e2bf4e97,True
PB,pb2,101,iteration_end,259,12,2837,2837,True,6f4405e1e2bf4e97,6f4405e1e2bf4e97,True
PB,pb2,101,iteration_end,259,13,2788,2788,True,140265258d5a41bb,140265258d5a41bb,True
PB,pb2,101,iteration_end,259,14,2788,2788,True,140265258d5a41bb,140265258d5a41bb,True
PB,pb2,101,iteration_end,259,15,2787,2787,True,55e9b4d9f137c70d,55e9b4d9f137c70d,True
PB,pb2,101,iteration_end,259,16,2786,2786,True,090fe1607c64f23e,090fe1607c64f23e,True
PB,pb2,101,iteration_end,259,17,2730,2730,True,6946a100ec8f0ae4,6946a100ec8f0ae4,True
PB,pb2,101,iteration_end,259,18,2622,2622,True,c002fd7cc124c294,c002fd7cc124c294,True
PB,pb2,101,iteration_end,259,19,2569,2569,True,16a5614668817b52,16a5614668817b52,True
PB,pb2,101,iteration_end,260,0,3159,3159,True,c36784e1acdcaee6,c36784e1acdcaee6,True
PB,pb2,101,iteration_end,260,1,3100,3100,True,ec78ca605d8d9920,ec78ca605d8d9920,True
PB,pb2,101,iteration_end,260,2,3059,3059,True,a6f70384cdee84a4,a6f70384cdee84a4,True
PB,pb2,101,iteration_end,260,3,2961,2961,True,df939f4824b5c5dd,df939f4824b5c5dd,True
PB,pb2,101,iteration_end,260,4,2953,2953,True,4ae280fa5765422f,4ae280fa5765422f,True
PB,pb2,101,iteration_end,260,5,2951,2951,True,d9d87776b43f8177,d9d87776b43f8177,True
PB,pb2,101,iteration_end,260,6,2943,2943,True,cf7ec4b4bb77188f,cf7ec4b4bb77188f,True
PB,pb2,101,iteration_end,260,7,2943,2943,True,b11ac02e153b2a32,b11ac02e153b2a32,True
PB,pb2,101,iteration_end,260,8,2884,2884,True,db4327e1f34be27e,db4327e1f34be27e,True
PB,pb2,101,iteration_end,260,9,2876,2876,True,262cffcf28a830d6,262cffcf28a830d6,True
PB,pb2,101,iteration_end,260,10,2837,2837,True,6f4405e1e2bf4e97,6f4405e1e2bf4e97,True
PB,pb2,101,iteration_end,260,11,2788,2788,True,140265258d5a41bb,140265258d5a41bb,True
PB,pb2,101,iteration_end,260,12,2788,2788,True,140265258d5a41bb,140265258d5a41bb,True
PB,pb2,101,iteration_end,260,13,2788,2788,True,140265258d5a41bb,140265258d5a41bb,True
PB,pb2,101,iteration_end,260,14,2773,2773,True,d7ead5179bb68df4,d7ead5179bb68df4,True
PB,pb2,101,iteration_end,260,15,2754,2754,True,c94286287755ce0d,c94286287755ce0d,True
PB,pb2,101,iteration_end,260,16,2719,2719,True,1d3d726ec730c3d0,1d3d726ec730c3d0,True
PB,pb2,101,iteration_end,260,17,2643,2643,True,f8f274c74aa7badf,f8f274c74aa7badf,True
PB,pb2,101,iteration_end,260,18,2632,2632,True,5f4c71c36605fcd6,5f4c71c36605fcd6,True
PB,pb2,101,iteration_end,260,19,2410,2410,True,b88741c7c0f27957,b88741c7c0f27957,True
PB,pb2,101,iteration_end,261,0,3159,3159,True,c36784e1acdcaee6,c36784e1acdcaee6,True
PB,pb2,101,iteration_end,261,1,3150,3150,True,e5f90ee5dcf09281,e5f90ee5dcf09281,True
PB,pb2,101,iteration_end,261,2,3119,3119,True,7688fcbf6a0d5817,7688fcbf6a0d5817,True
PB,pb2,101,iteration_end,261,3,3084,3084,True,71472d17dd80d1ca,71472d17dd80d1ca,True
PB,pb2,101,iteration_end,261,4,3033,3033,True,f8ced544c40e981c,f8ced544c40e981c,True
PB,pb2,101,iteration_end,261,5,3033,3033,True,f8ced544c40e981c,f8ced544c40e981c,True
PB,pb2,101,iteration_end,261,6,3010,3010,True,a80288d128f2c58e,a80288d128f2c58e,True
PB,pb2,101,iteration_end,261,7,3009,3009,True,0404a82e23fb0bb0,0404a82e23fb0bb0,True
PB,pb2,101,iteration_end,261,8,2973,2973,True,b5c65cece0e75001,b5c65cece0e75001,True
PB,pb2,101,iteration_end,261,9,2961,2961,True,df939f4824b5c5dd,df939f4824b5c5dd,True
PB,pb2,101,iteration_end,261,10,2959,2959,True,8e1e3d0ea7d85d4d,8e1e3d0ea7d85d4d,True
PB,pb2,101,iteration_end,261,11,2935,2935,True,b2dcd44acafbd6d5,b2dcd44acafbd6d5,True
PB,pb2,101,iteration_end,261,12,2818,2818,True,eef82944873fe6bc,eef82944873fe6bc,True
PB,pb2,101,iteration_end,261,13,2788,2788,True,140265258d5a41bb,140265258d5a41bb,True
PB,pb2,101,iteration_end,261,14,2788,2788,True,140265258d5a41bb,140265258d5a41bb,True
PB,pb2,101,iteration_end,261,15,2788,2788,True,140265258d5a41bb,140265258d5a41bb,True
PB,pb2,101,iteration_end,261,16,2724,2724,True,d5424dab50d90284,d5424dab50d90284,True
PB,pb2,101,iteration_end,261,17,2701,2701,True,4a1894301846cfa8,4a1894301846cfa8,True
PB,pb2,101,iteration_end,261,18,2701,2701,True,4a1894301846cfa8,4a1894301846cfa8,True
PB,pb2,101,iteration_end,261,19,2672,2672,True,fa43e7113f285fad,fa43e7113f285fad,True
PB,pb2,101,iteration_end,262,0,3101,3101,True,ad266a2a61d13e16,ad266a2a61d13e16,True
PB,pb2,101,iteration_end,262,1,3033,3033,True,f8ced544c40e981c,f8ced544c40e981c,True
PB,pb2,101,iteration_end,262,2,3033,3033,True,f8ced544c40e981c,f8ced544c40e981c,True
PB,pb2,101,iteration_end,262,3,3033,3033,True,f8ced544c40e981c,f8ced544c40e981c,True
PB,pb2,101,iteration_end,262,4,3033,3033,True,f8ced544c40e981c,f8ced544c40e981c,True
PB,pb2,101,iteration_end,262,5,3010,3010,True,a80288d128f2c58e,a80288d128f2c58e,True
PB,pb2,101,iteration_end,262,6,3009,3009,True,0404a82e23fb0bb0,0404a82e23fb0bb0,True
PB,pb2,101,iteration_end,262,7,2996,2996,True,0c2797e10b2514fd,0c2797e10b2514fd,True
PB,pb2,101,iteration_end,262,8,2962,2962,True,d15acc3de5102dfe,d15acc3de5102dfe,True
PB,pb2,101,iteration_end,262,9,2961,2961,True,df939f4824b5c5dd,df939f4824b5c5dd,True
PB,pb2,101,iteration_end,262,10,2950,2950,True,667c4eb90f971595,667c4eb90f971595,True
PB,pb2,101,iteration_end,262,11,2905,2905,True,f4a8c90729497b5c,f4a8c90729497b5c,True
PB,pb2,101,iteration_end,262,12,2856,2856,True,04dd3666c9808a3a,04dd3666c9808a3a,True
PB,pb2,101,iteration_end,262,13,2837,2837,True,6f4405e1e2bf4e97,6f4405e1e2bf4e97,True
PB,pb2,101,iteration_end,262,14,2837,2837,True,6f4405e1e2bf4e97,6f4405e1e2bf4e97,True
PB,pb2,101,iteration_end,262,15,2837,2837,True,6f4405e1e2bf4e97,6f4405e1e2bf4e97,True
PB,pb2,101,iteration_end,262,16,2788,2788,True,140265258d5a41bb,140265258d5a41bb,True
PB,pb2,101,iteration_end,262,17,2632,2632,True,5f4c71c36605fcd6,5f4c71c36605fcd6,True
PB,pb2,101,iteration_end,262,18,2586,2586,True,06637db53890a5bd,06637db53890a5bd,True
PB,pb2,101,iteration_end,262,19,2537,2537,True,f5dae68a853e2955,f5dae68a853e2955,True
PB,pb2,101,iteration_end,263,0,3088,3088,True,15fce716e14a5189,15fce716e14a5189,True
PB,pb2,101,iteration_end,263,1,3033,3033,True,f8ced544c40e981c,f8ced544c40e981c,True
PB,pb2,101,iteration_end,263,2,3033,3033,True,f8ced544c40e981c,f8ced544c40e981c,True
PB,pb2,101,iteration_end,263,3,3033,3033,True,f8ced544c40e981c,f8ced544c40e981c,True
PB,pb2,101,iteration_end,263,4,3021,3021,True,fc84251240d3f80f,fc84251240d3f80f,True
PB,pb2,101,iteration_end,263,5,3010,3010,True,a80288d128f2c58e,a80288d128f2c58e,True
PB,pb2,101,iteration_end,263,6,3010,3010,True,a80288d128f2c58e,a80288d128f2c58e,True
PB,pb2,101,iteration_end,263,7,3005,3005,True,8b6f2703d4833715,8b6f2703d4833715,True
PB,pb2,101,iteration_end,263,8,2984,2984,True,485b14da0c51f9b6,485b14da0c51f9b6,True
PB,pb2,101,iteration_end,263,9,2961,2961,True,df939f4824b5c5dd,df939f4824b5c5dd,True
PB,pb2,101,iteration_end,263,10,2952,2952,True,77131c109f2174ce,77131c109f2174ce,True
PB,pb2,101,iteration_end,263,11,2873,2873,True,d8bade419d8d0803,d8bade419d8d0803,True
PB,pb2,101,iteration_end,263,12,2837,2837,True,6f4405e1e2bf4e97,6f4405e1e2bf4e97,True
PB,pb2,101,iteration_end,263,13,2804,2804,True,9f599d0daf858298,9f599d0daf858298,True
PB,pb2,101,iteration_end,263,14,2797,2797,True,a7c1b8f4c6aad2c5,a7c1b8f4c6aad2c5,True
PB,pb2,101,iteration_end,263,15,2788,2788,True,140265258d5a41bb,140265258d5a41bb,True
PB,pb2,101,iteration_end,263,16,2786,2786,True,25c2ef321a451718,25c2ef321a451718,True
PB,pb2,101,iteration_end,263,17,2586,2586,True,06637db53890a5bd,06637db53890a5bd,True
PB,pb2,101,iteration_end,263,18,2463,2463,True,079428622a86a57f,079428622a86a57f,True
PB,pb2,101,iteration_end,263,19,2432,2432,True,907286ba2bfa1972,907286ba2bfa1972,True
PB,pb2,101,iteration_end,264,0,3033,3033,True,f8ced544c40e981c,f8ced544c40e981c,True
PB,pb2,101,iteration_end,264,1,3033,3033,True,f8ced544c40e981c,f8ced544c40e981c,True
PB,pb2,101,iteration_end,264,2,3033,3033,True,f8ced544c40e981c,f8ced544c40e981c,True
PB,pb2,101,iteration_end,264,3,3010,3010,True,a80288d128f2c58e,a80288d128f2c58e,True
PB,pb2,101,iteration_end,264,4,2996,2996,True,0c2797e10b2514fd,0c2797e10b2514fd,True
PB,pb2,101,iteration_end,264,5,2984,2984,True,485b14da0c51f9b6,485b14da0c51f9b6,True
PB,pb2,101,iteration_end,264,6,2984,2984,True,485b14da0c51f9b6,485b14da0c51f9b6,True
PB,pb2,101,iteration_end,264,7,2979,2979,True,3fc52203c7753d4c,3fc52203c7753d4c,True
PB,pb2,101,iteration_end,264,8,2878,2878,True,ca74830cbdf4b502,ca74830cbdf4b502,True
PB,pb2,101,iteration_end,264,9,2853,2853,True,e77e681773696f50,e77e681773696f50,True
PB,pb2,101,iteration_end,264,10,2837,2837,True,6f4405e1e2bf4e97,6f4405e1e2bf4e97,True
PB,pb2,101,iteration_end,264,11,2833,2833,True,71ae17bcba331d44,71ae17bcba331d44,True
PB,pb2,101,iteration_end,264,12,2788,2788,True,140265258d5a41bb,140265258d5a41bb,True
PB,pb2,101,iteration_end,264,13,2786,2786,True,090fe1607c64f23e,090fe1607c64f23e,True
PB,pb2,101,iteration_end,264,14,2734,2734,True,0fe954f25a211b09,0fe954f25a211b09,True
PB,pb2,101,iteration_end,264,15,2728,2728,True,d3b81194358c429a,d3b81194358c429a,True
PB,pb2,101,iteration_end,264,16,2701,2701,True,4a1894301846cfa8,4a1894301846cfa8,True
PB,pb2,101,iteration_end,264,17,2696,2696,True,92b616a9ac17decf,92b616a9ac17decf,True
PB,pb2,101,iteration_end,264,18,2537,2537,True,f5dae68a853e2955,f5dae68a853e2955,True
PB,pb2,101,iteration_end,264,19,2432,2432,True,907286ba2bfa1972,907286ba2bfa1972,True
PB,pb2,101,iteration_end,265,0,3054,3054,True,fc0c6749de388d32,fc0c6749de388d32,True
PB,pb2,101,iteration_end,265,1,3052,3052,True,4a96e5b58cb0333a,4a96e5b58cb0333a,True
PB,pb2,101,iteration_end,265,2,3033,3033,True,f8ced544c40e981c,f8ced544c40e981c,True
PB,pb2,101,iteration_end,265,3,3033,3033,True,f8ced544c40e981c,f8ced544c40e981c,True
PB,pb2,101,iteration_end,265,4,3033,3033,True,f8ced544c40e981c,f8ced544c40e981c,True
PB,pb2,101,iteration_end,265,5,2984,2984,True,485b14da0c51f9b6,485b14da0c51f9b6,True
PB,pb2,101,iteration_end,265,6,2984,2984,True,485b14da0c51f9b6,485b14da0c51f9b6,True
PB,pb2,101,iteration_end,265,7,2946,2946,True,865bcfcfa4141045,865bcfcfa4141045,True
PB,pb2,101,iteration_end,265,8,2934,2934,True,ffa6638f7f9ef44c,ffa6638f7f9ef44c,True
PB,pb2,101,iteration_end,265,9,2923,2923,True,62416a1be0a05832,62416a1be0a05832,True
PB,pb2,101,iteration_end,265,10,2914,2914,True,d935e4c095eb5e64,d935e4c095eb5e64,True
PB,pb2,101,iteration_end,265,11,2823,2823,True,135fa467b13c685b,135fa467b13c685b,True
PB,pb2,101,iteration_end,265,12,2797,2797,True,a7c1b8f4c6aad2c5,a7c1b8f4c6aad2c5,True
PB,pb2,101,iteration_end,265,13,2788,2788,True,140265258d5a41bb,140265258d5a41bb,True
PB,pb2,101,iteration_end,265,14,2743,2743,True,3433a37e1ffc049f,3433a37e1ffc049f,True
PB,pb2,101,iteration_end,265,15,2656,2656,True,75ae32fc0923eecc,75ae32fc0923eecc,True
PB,pb2,101,iteration_end,265,16,2654,2654,True,1065dab5e83122b9,1065dab5e83122b9,True
PB,pb2,101,iteration_end,265,17,2644,2644,True,cc74bcaca3b73275,cc74bcaca3b73275,True
PB,pb2,101,iteration_end,265,18,2528,2528,True,34d077e22b88aa84,34d077e22b88aa84,True
PB,pb2,101,iteration_end,265,19,2318,2318,True,6db1a40fe863ef0b,6db1a40fe863ef0b,True
PB,pb2,101,iteration_end,266,0,3145,3145,True,4b189348c062ae0a,4b189348c062ae0a,True
PB,pb2,101,iteration_end,266,1,3069,3069,True,0eb3082ad6b5d57a,0eb3082ad6b5d57a,True
PB,pb2,101,iteration_end,266,2,3033,3033,True,f8ced544c40e981c,f8ced544c40e981c,True
PB,pb2,101,iteration_end,266,3,3033,3033,True,f8ced544c40e981c,f8ced544c40e981c,True
PB,pb2,101,iteration_end,266,4,3011,3011,True,a66ca89202ed4128,a66ca89202ed4128,True
PB,pb2,101,iteration_end,266,5,3010,3010,True,a80288d128f2c58e,a80288d128f2c58e,True
PB,pb2,101,iteration_end,266,6,2993,2993,True,c6664fc52f107fba,c6664fc52f107fba,True
PB,pb2,101,iteration_end,266,7,2989,2989,True,b20db43510866ae2,b20db43510866ae2,True
PB,pb2,101,iteration_end,266,8,2984,2984,True,485b14da0c51f9b6,485b14da0c51f9b6,True
PB,pb2,101,iteration_end,266,9,2961,2961,True,df939f4824b5c5dd,df939f4824b5c5dd,True
PB,pb2,101,iteration_end,266,10,2904,2904,True,7e3c736bb03b28f0,7e3c736bb03b28f0,True
PB,pb2,101,iteration_end,266,11,2903,2903,True,33544206e0ce584a,33544206e0ce584a,True
PB,pb2,101,iteration_end,266,12,2841,2841,True,0987eeb874f41022,0987eeb874f41022,True
PB,pb2,101,iteration_end,266,13,2810,2810,True,167ce539f31be29c,167ce539f31be29c,True
PB,pb2,101,iteration_end,266,14,2786,2786,True,090fe1607c64f23e,090fe1607c64f23e,True
PB,pb2,101,iteration_end,266,15,2763,2763,True,750ec99c64c55b2c,750ec99c64c55b2c,True
PB,pb2,101,iteration_end,266,16,2737,2737,True,bae4dd21d7ce7364,bae4dd21d7ce7364,True
PB,pb2,101,iteration_end,266,17,2628,2628,True,f2026fbe056a23da,f2026fbe056a23da,True
PB,pb2,101,iteration_end,266,18,2627,2627,True,3fb4f8eab3046a7f,3fb4f8eab3046a7f,True
PB,pb2,101,iteration_end,266,19,2542,2542,True,9672dd519ab7edd9,9672dd519ab7edd9,True
PB,pb2,101,iteration_end,267,0,3159,3159,True,c36784e1acdcaee6,c36784e1acdcaee6,True
PB,pb2,101,iteration_end,267,1,3080,3080,True,b357325779036c92,b357325779036c92,True
PB,pb2,101,iteration_end,267,2,3010,3010,True,a80288d128f2c58e,a80288d128f2c58e,True
PB,pb2,101,iteration_end,267,3,2984,2984,True,485b14da0c51f9b6,485b14da0c51f9b6,True
PB,pb2,101,iteration_end,267,4,2983,2983,True,9097cc6a270a4d2e,9097cc6a270a4d2e,True
PB,pb2,101,iteration_end,267,5,2957,2957,True,65f159bd0ab8ada8,65f159bd0ab8ada8,True
PB,pb2,101,iteration_end,267,6,2952,2952,True,77131c109f2174ce,77131c109f2174ce,True
PB,pb2,101,iteration_end,267,7,2903,2903,True,33544206e0ce584a,33544206e0ce584a,True
PB,pb2,101,iteration_end,267,8,2884,2884,True,f1c24d9d439316c8,f1c24d9d439316c8,True
PB,pb2,101,iteration_end,267,9,2869,2869,True,59ef0969d45c707e,59ef0969d45c707e,True
PB,pb2,101,iteration_end,267,10,2837,2837,True,6f4405e1e2bf4e97,6f4405e1e2bf4e97,True
PB,pb2,101,iteration_end,267,11,2837,2837,True,6f4405e1e2bf4e97,6f4405e1e2bf4e97,True
PB,pb2,101,iteration_end,267,12,2819,2819,True,a67daf4aa3ea7811,a67daf4aa3ea7811,True
PB,pb2,101,iteration_end,267,13,2783,2783,True,61801a93d34e4a3d,61801a93d34e4a3d,True
PB,pb2,101,iteration_end,267,14,2768,2768,True,13ae8f377777eddb,13ae8f377777eddb,True
PB,pb2,101,iteration_end,267,15,2737,2737,True,bae4dd21d7ce7364,bae4dd21d7ce7364,True
PB,pb2,101,iteration_end,267,16,2709,2709,True,d4417281c51fb728,d4417281c51fb728,True
PB,pb2,101,iteration_end,267,17,2706,2706,True,9b46de989452d09a,9b46de989452d09a,True
PB,pb2,101,iteration_end,267,18,2665,2665,True,de29057bc6ba5881,de29057bc6ba5881,True
PB,pb2,101,iteration_end,267,19,2281,2281,True,61bc321a91724f7a,61bc321a91724f7a,True
PB,pb2,101,iteration_end,268,0,2984,2984,True,485b14da0c51f9b6,485b14da0c51f9b6,True
PB,pb2,101,iteration_end,268,1,2961,2961,True,df939f4824b5c5dd,df939f4824b5c5dd,True
PB,pb2,101,iteration_end,268,2,2961,2961,True,df939f4824b5c5dd,df939f4824b5c5dd,True
PB,pb2,101,iteration_end,268,3,2961,2961,True,df939f4824b5c5dd,df939f4824b5c5dd,True
PB,pb2,101,iteration_end,268,4,2921,2921,True,8d0e6512a641eee3,8d0e6512a641eee3,True
PB,pb2,101,iteration_end,268,5,2837,2837,True,6f4405e1e2bf4e97,6f4405e1e2bf4e97,True
PB,pb2,101,iteration_end,268,6,2788,2788,True,140265258d5a41bb,140265258d5a41bb,True
PB,pb2,101,iteration_end,268,7,2737,2737,True,bae4dd21d7ce7364,bae4dd21d7ce7364,True
PB,pb2,101,iteration_end,268,8,2737,2737,True,bae4dd21d7ce7364,bae4dd21d7ce7364,True
PB,pb2,101,iteration_end,268,9,2723,2723,True,d468d833945df255,d468d833945df255,True
PB,pb2,101,iteration_end,268,10,2694,2694,True,e1a712e1ec60fa91,e1a712e1ec60fa91,True
PB,pb2,101,iteration_end,268,11,2644,2644,True,35e69055f7f751ba,35e69055f7f751ba,True
PB,pb2,101,iteration_end,268,12,2641,2641,True,c5259d298720048f,c5259d298720048f,True
PB,pb2,101,iteration_end,268,13,2586,2586,True,06637db53890a5bd,06637db53890a5bd,True
PB,pb2,101,iteration_end,268,14,2586,2586,True,06637db53890a5bd,06637db53890a5bd,True
PB,pb2,101,iteration_end,268,15,2578,2578,True,633bb993a2de8fdc,633bb993a2de8fdc,True
PB,pb2,101,iteration_end,268,16,2524,2524,True,622de25735d6e55c,622de25735d6e55c,True
PB,pb2,101,iteration_end,268,17,2393,2393,True,9a943b36159542dd,9a943b36159542dd,True
PB,pb2,101,iteration_end,268,18,2232,2232,True,53ae4a94683c0071,53ae4a94683c0071,True
PB,pb2,101,iteration_end,268,19,2215,2215,True,d671500253191191,d671500253191191,True
PB,pb2,101,iteration_end,269,0,3103,3103,True,93b1be79f09e8b1b,93b1be79f09e8b1b,True
PB,pb2,101,iteration_end,269,1,3033,3033,True,f8ced544c40e981c,f8ced544c40e981c,True
PB,pb2,101,iteration_end,269,2,3033,3033,True,f8ced544c40e981c,f8ced544c40e981c,True
PB,pb2,101,iteration_end,269,3,3033,3033,True,f8ced544c40e981c,f8ced544c40e981c,True
PB,pb2,101,iteration_end,269,4,3015,3015,True,ec69f76499032d5c,ec69f76499032d5c,True
PB,pb2,101,iteration_end,269,5,3010,3010,True,a80288d128f2c58e,a80288d128f2c58e,True
PB,pb2,101,iteration_end,269,6,3010,3010,True,a80288d128f2c58e,a80288d128f2c58e,True
PB,pb2,101,iteration_end,269,7,3010,3010,True,a80288d128f2c58e,a80288d128f2c58e,True
PB,pb2,101,iteration_end,269,8,2959,2959,True,89305adbcd925872,89305adbcd925872,True
PB,pb2,101,iteration_end,269,9,2920,2920,True,c0617c6479154a67,c0617c6479154a67,True
PB,pb2,101,iteration_end,269,10,2854,2854,True,81e1d9066e4f145d,81e1d9066e4f145d,True
PB,pb2,101,iteration_end,269,11,2803,2803,True,6f3b61498a8d78c0,6f3b61498a8d78c0,True
PB,pb2,101,iteration_end,269,12,2788,2788,True,140265258d5a41bb,140265258d5a41bb,True
PB,pb2,101,iteration_end,269,13,2788,2788,True,140265258d5a41bb,140265258d5a41bb,True
PB,pb2,101,iteration_end,269,14,2788,2788,True,140265258d5a41bb,140265258d5a41bb,True
PB,pb2,101,iteration_end,269,15,2725,2725,True,7c8439ada7a022cb,7c8439ada7a022cb,True
PB,pb2,101,iteration_end,269,16,2706,2706,True,9b46de989452d09a,9b46de989452d09a,True
PB,pb2,101,iteration_end,269,17,2647,2647,True,41b08e9fb7cfc566,41b08e9fb7cfc566,True
PB,pb2,101,iteration_end,269,18,2586,2586,True,06637db53890a5bd,06637db53890a5bd,True
PB,pb2,101,iteration_end,269,19,2537,2537,True,f5dae68a853e2955,f5dae68a853e2955,True
PB,pb2,101,iteration_end,270,0,3038,3038,True,ebf8115bce0c2c81,ebf8115bce0c2c81,True
PB,pb2,101,iteration_end,270,1,3033,3033,True,f8ced544c40e981c,f8ced544c40e981c,True
PB,pb2,101,iteration_end,270,2,3010,3010,True,a80288d128f2c58e,a80288d128f2c58e,True
PB,pb2,101,iteration_end,270,3,3009,3009,True,0404a82e23fb0bb0,0404a82e23fb0bb0,True
PB,pb2,101,iteration_end,270,4,2984,2984,True,485b14da0c51f9b6,485b14da0c51f9b6,True
PB,pb2,101,iteration_end,270,5,2984,2984,True,485b14da0c51f9b6,485b14da0c51f9b6,True
PB,pb2,101,iteration_end,270,6,2965,2965,True,9230ef8ea67ca6fe,9230ef8ea67ca6fe,True
PB,pb2,101,iteration_end,270,7,2952,2952,True,77131c109f2174ce,77131c109f2174ce,True
PB,pb2,101,iteration_end,270,8,2918,2918,True,0ee5ec1cd6bd5e5e,0ee5ec1cd6bd5e5e,True
PB,pb2,101,iteration_end,270,9,2894,2894,True,bf21c36fe5e705fa,bf21c36fe5e705fa,True
PB,pb2,101,iteration_end,270,10,2786,2786,True,090fe1607c64f23e,090fe1607c64f23e,True
PB,pb2,101,iteration_end,270,11,2741,2741,True,3760723d88facffe,3760723d88facffe,True
PB,pb2,101,iteration_end,270,12,2735,2735,True,121e8cebea526a23,121e8cebea526a23,True
PB,pb2,101,iteration_end,270,13,2735,2735,True,121e8cebea526a23,121e8cebea526a23,True
PB,pb2,101,iteration_end,270,14,2706,2706,True,9b46de989452d09a,9b46de989452d09a,True
PB,pb2,101,iteration_end,270,15,2701,2701,True,4a1894301846cfa8,4a1894301846cfa8,True
PB,pb2,101,iteration_end,270,16,2662,2662,True,f9f08793e38e8b02,f9f08793e38e8b02,True
PB,pb2,101,iteration_end,270,17,2652,2652,True,ddfe5c7a7f2eca18,ddfe5c7a7f2eca18,True
PB,pb2,101,iteration_end,270,18,2628,2628,True,f2026fbe056a23da,f2026fbe056a23da,True
PB,pb2,101,iteration_end,270,19,2615,2615,True,35d2b264dca0934f,35d2b264dca0934f,True
PB,pb2,101,iteration_end,271,0,3118,3118,True,1c99fdf87fab2855,1c99fdf87fab2855,True
PB,pb2,101,iteration_end,271,1,3060,3060,True,6c3f502e46fa8f58,6c3f502e46fa8f58,True
PB,pb2,101,iteration_end,271,2,3057,3057,True,a9e7c7e1e5f6677a,a9e7c7e1e5f6677a,True
PB,pb2,101,iteration_end,271,3,3035,3035,True,e5194f34a48dc16f,e5194f34a48dc16f,True
PB,pb2,101,iteration_end,271,4,3010,3010,True,a80288d128f2c58e,a80288d128f2c58e,True
PB,pb2,101,iteration_end,271,5,3005,3005,True,8b6f2703d4833715,8b6f2703d4833715,True
PB,pb2,101,iteration_end,271,6,2993,2993,True,c6664fc52f107fba,c6664fc52f107fba,True
PB,pb2,101,iteration_end,271,7,2990,2990,True,14140783c76960f0,14140783c76960f0,True
PB,pb2,101,iteration_end,271,8,2956,2956,True,6b50fde093bb2dd2,6b50fde093bb2dd2,True
PB,pb2,101,iteration_end,271,9,2956,2956,True,6b50fde093bb2dd2,6b50fde093bb2dd2,True
PB,pb2,101,iteration_end,271,10,2952,2952,True,77131c109f2174ce,77131c109f2174ce,True
PB,pb2,101,iteration_end,271,11,2830,2830,True,e916c5d1a37e8691,e916c5d1a37e8691,True
PB,pb2,101,iteration_end,271,12,2829,2829,True,091b789550028702,091b789550028702,True
PB,pb2,101,iteration_end,271,13,2828,2828,True,324266c735e8c733,324266c735e8c733,True
PB,pb2,101,iteration_end,271,14,2788,2788,True,140265258d5a41bb,140265258d5a41bb,True
PB,pb2,101,iteration_end,271,15,2659,2659,True,fc890799f3920b0f,fc890799f3920b0f,True
PB,pb2,101,iteration_end,271,16,2632,2632,True,5f4c71c36605fcd6,5f4c71c36605fcd6,True
PB,pb2,101,iteration_end,271,17,2632,2632,True,5f4c71c36605fcd6,5f4c71c36605fcd6,True
PB,pb2,101,iteration_end,271,18,2597,2597,True,b51bb241660791da,b51bb241660791da,True
PB,pb2,101,iteration_end,271,19,2000,2000,True,415edfa988a9bb68,415edfa988a9bb68,True
PB,pb2,101,iteration_end,272,0,3068,3068,True,26aed1065e120f2e,26aed1065e120f2e,True
PB,pb2,101,iteration_end,272,1,3010,3010,True,ed4081a02ebf935a,ed4081a02ebf935a,True
PB,pb2,101,iteration_end,272,2,2964,2964,True,4d7c0c0f87a1e182,4d7c0c0f87a1e182,True
PB,pb2,101,iteration_end,272,3,2961,2961,True,df939f4824b5c5dd,df939f4824b5c5dd,True
PB,pb2,101,iteration_end,272,4,2909,2909,True,ac25be48704e333a,ac25be48704e333a,True
PB,pb2,101,iteration_end,272,5,2906,2906,True,4dea4ce0875b57f2,4dea4ce0875b57f2,True
PB,pb2,101,iteration_end,272,6,2906,2906,True,4c6d358d585b4b67,4c6d358d585b4b67,True
PB,pb2,101,iteration_end,272,7,2881,2881,True,30e11991164d567f,30e11991164d567f,True
PB,pb2,101,iteration_end,272,8,2878,2878,True,1f92fb7e04879708,1f92fb7e04879708,True
PB,pb2,101,iteration_end,272,9,2859,2859,True,e9a213a1a5a1fd48,e9a213a1a5a1fd48,True
PB,pb2,101,iteration_end,272,10,2858,2858,True,594d27bd0590cf2c,594d27bd0590cf2c,True
PB,pb2,101,iteration_end,272,11,2788,2788,True,140265258d5a41bb,140265258d5a41bb,True
PB,pb2,101,iteration_end,272,12,2756,2756,True,2aa2b4efe52106c9,2aa2b4efe52106c9,True
PB,pb2,101,iteration_end,272,13,2737,2737,True,23d899b4638ca428,23d899b4638ca428,True
PB,pb2,101,iteration_end,272,14,2719,2719,True,9e7c9255e4c6f3e1,9e7c9255e4c6f3e1,True
PB,pb2,101,iteration_end,272,15,2671,2671,True,763f74dafb83e0a4,763f74dafb83e0a4,True
PB,pb2,101,iteration_end,272,16,2632,2632,True,5f4c71c36605fcd6,5f4c71c36605fcd6,True
PB,pb2,101,iteration_end,272,17,2563,2563,True,e059bdae6cca7398,e059bdae6cca7398,True
PB,pb2,101,iteration_end,272,18,2537,2537,True,f5dae68a853e2955,f5dae68a853e2955,True
PB,pb2,101,iteration_end,272,19,2406,2406,True,9cf0318d3c0ade65,9cf0318d3c0ade65,True
PB,pb2,101,iteration_end,273,0,3010,3010,True,a80288d128f2c58e,a80288d128f2c58e,True
PB,pb2,101,iteration_end,273,1,3010,3010,True,a80288d128f2c58e,a80288d128f2c58e,True
PB,pb2,101,iteration_end,273,2,3010,3010,True,ed4081a02ebf935a,ed4081a02ebf935a,True
PB,pb2,101,iteration_end,273,3,2981,2981,True,c2275ec0cfb7a324,c2275ec0cfb7a324,True
PB,pb2,101,iteration_end,273,4,2962,2962,True,27026043874d1aec,27026043874d1aec,True
PB,pb2,101,iteration_end,273,5,2889,2889,True,d417b9d190e7d572,d417b9d190e7d572,True
PB,pb2,101,iteration_end,273,6,2845,2845,True,948a195c29500ea9,948a195c29500ea9,True
PB,pb2,101,iteration_end,273,7,2837,2837,True,6f4405e1e2bf4e97,6f4405e1e2bf4e97,True
PB,pb2,101,iteration_end,273,8,2833,2833,True,71ae17bcba331d44,71ae17bcba331d44,True
PB,pb2,101,iteration_end,273,9,2813,2813,True,66cbf73ee9392ddc,66cbf73ee9392ddc,True
PB,pb2,101,iteration_end,273,10,2803,2803,True,bf5f5fd3b5f89f2e,bf5f5fd3b5f89f2e,True
PB,pb2,101,iteration_end,273,11,2788,2788,True,140265258d5a41bb,140265258d5a41bb,True
PB,pb2,101,iteration_end,273,12,2788,2788,True,140265258d5a41bb,140265258d5a41bb,True
PB,pb2,101,iteration_end,273,13,2788,2788,True,140265258d5a41bb,140265258d5a41bb,True
PB,pb2,101,iteration_end,273,14,2769,2769,True,c7d4d5a881841d49,c7d4d5a881841d49,True
PB,pb2,101,iteration_end,273,15,2752,2752,True,38b8e4568d5ab11b,38b8e4568d5ab11b,True
PB,pb2,101,iteration_end,273,16,2732,2732,True,a6b4ae708951beed,a6b4ae708951beed,True
PB,pb2,101,iteration_end,273,17,2586,2586,True,06637db53890a5bd,06637db53890a5bd,True
PB,pb2,101,iteration_end,273,18,2501,2501,True,e7fa71817339cedc,e7fa71817339cedc,True
PB,pb2,101,iteration_end,273,19,2456,2456,True,9117432f099c5b24,9117432f099c5b24,True
PB,pb2,101,iteration_end,274,0,3159,3159,True,c36784e1acdcaee6,c36784e1acdcaee6,True
PB,pb2,101,iteration_end,274,1,3126,3126,True,6056f4d64a142bef,6056f4d64a142bef,True
PB,pb2,101,iteration_end,274,2,3080,3080,True,88bd74f9d2ec0235,88bd74f9d2ec0235,True
PB,pb2,101,iteration_end,274,3,3077,3077,True,f91b839a2cf82c81,f91b839a2cf82c81,True
PB,pb2,101,iteration_end,274,4,3033,3033,True,f8ced544c40e981c,f8ced544c40e981c,True
PB,pb2,101,iteration_end,274,5,3003,3003,True,d8077bd3283218dc,d8077bd3283218dc,True
PB,pb2,101,iteration_end,274,6,2984,2984,True,a8b3f55b8f51f216,a8b3f55b8f51f216,True
PB,pb2,101,iteration_end,274,7,2918,2918,True,efd27d8efd55b1e5,efd27d8efd55b1e5,True
PB,pb2,101,iteration_end,274,8,2911,2911,True,4aa5cb5966a0ac2e,4aa5cb5966a0ac2e,True
PB,pb2,101,iteration_end,274,9,2903,2903,True,33544206e0ce584a,33544206e0ce584a,True
PB,pb2,101,iteration_end,274,10,2837,2837,True,6f4405e1e2bf4e97,6f4405e1e2bf4e97,True
PB,pb2,101,iteration_end,274,11,2809,2809,True,7087200e04a27bd9,7087200e04a27bd9,True
PB,pb2,101,iteration_end,274,12,2788,2788,True,140265258d5a41bb,140265258d5a41bb,True
PB,pb2,101,iteration_end,274,13,2788,2788,True,140265258d5a41bb,140265258d5a41bb,True
PB,pb2,101,iteration_end,274,14,2788,2788,True,140265258d5a41bb,140265258d5a41bb,True
PB,pb2,101,iteration_end,274,15,2788,2788,True,140265258d5a41bb,140265258d5a41bb,True
PB,pb2,101,iteration_end,274,16,2786,2786,True,090fe1607c64f23e,090fe1607c64f23e,True
PB,pb2,101,iteration_end,274,17,2632,2632,True,5f4c71c36605fcd6,5f4c71c36605fcd6,True
PB,pb2,101,iteration_end,274,18,2537,2537,True,f5dae68a853e2955,f5dae68a853e2955,True
PB,pb2,101,iteration_end,274,19,2490,2490,True,3dcae1ce39bfb345,3dcae1ce39bfb345,True
PB,pb2,101,iteration_end,275,0,3119,3119,True,7688fcbf6a0d5817,7688fcbf6a0d5817,True
PB,pb2,101,iteration_end,275,1,3080,3080,True,b357325779036c92,b357325779036c92,True
PB,pb2,101,iteration_end,275,2,3038,3038,True,ebf8115bce0c2c81,ebf8115bce0c2c81,True
PB,pb2,101,iteration_end,275,3,3035,3035,True,e5194f34a48dc16f,e5194f34a48dc16f,True
PB,pb2,101,iteration_end,275,4,3035,3035,True,2144037c94fd3472,2144037c94fd3472,True
PB,pb2,101,iteration_end,275,5,3033,3033,True,f8ced544c40e981c,f8ced544c40e981c,True
PB,pb2,101,iteration_end,275,6,3003,3003,True,d8077bd3283218dc,d8077bd3283218dc,True
PB,pb2,101,iteration_end,275,7,2956,2956,True,6b50fde093bb2dd2,6b50fde093bb2dd2,True
PB,pb2,101,iteration_end,275,8,2940,2940,True,6a27e0c1dfa11339,6a27e0c1dfa11339,True
PB,pb2,101,iteration_end,275,9,2831,2831,True,bbb1b299683ba509,bbb1b299683ba509,True
PB,pb2,101,iteration_end,275,10,2788,2788,True,140265258d5a41bb,140265258d5a41bb,True
PB,pb2,101,iteration_end,275,11,2788,2788,True,9128b4e67328d9ad,9128b4e67328d9ad,True
PB,pb2,101,iteration_end,275,12,2788,2788,True,140265258d5a41bb,140265258d5a41bb,True
PB,pb2,101,iteration_end,275,13,2786,2786,True,090fe1607c64f23e,090fe1607c64f23e,True
PB,pb2,101,iteration_end,275,14,2773,2773,True,413c5ef1602e383f,413c5ef1602e383f,True
PB,pb2,101,iteration_end,275,15,2724,2724,True,d37ec21f119a851d,d37ec21f119a851d,True
PB,pb2,101,iteration_end,275,16,2613,2613,True,ac9fc981fce5867b,ac9fc981fce5867b,True
PB,pb2,101,iteration_end,275,17,2591,2591,True,adb58a24d5137c1f,adb58a24d5137c1f,True
PB,pb2,101,iteration_end,275,18,2579,2579,True,80389b646634e5ea,80389b646634e5ea,True
PB,pb2,101,iteration_end,275,19,2484,2484,True,a5ea3cee0ace9afc,a5ea3cee0ace9afc,True
PB,pb2,101,iteration_end,276,0,3070,3070,True,c3e62d7d90dc4aab,c3e62d7d90dc4aab,True
PB,pb2,101,iteration_end,276,1,3068,3068,True,db9e21161e9f12eb,db9e21161e9f12eb,True
PB,pb2,101,iteration_end,276,2,3006,3006,True,dd56cd9bbf0daed6,dd56cd9bbf0daed6,True
PB,pb2,101,iteration_end,276,3,3004,3004,True,f882ee5357759dc1,f882ee5357759dc1,True
PB,pb2,101,iteration_end,276,4,2982,2982,True,36d56a5fd6f36800,36d56a5fd6f36800,True
PB,pb2,101,iteration_end,276,5,2982,2982,True,eed41869e0e4ea9f,eed41869e0e4ea9f,True
PB,pb2,101,iteration_end,276,6,2960,2960,True,32d3046b442c12a1,32d3046b442c12a1,True
PB,pb2,101,iteration_end,276,7,2930,2930,True,72b762cd13f1faa9,72b762cd13f1faa9,True
PB,pb2,101,iteration_end,276,8,2923,2923,True,1e783e887aec8807,1e783e887aec8807,True
PB,pb2,101,iteration_end,276,9,2914,2914,True,ae4a0cc8503327eb,ae4a0cc8503327eb,True
PB,pb2,101,iteration_end,276,10,2883,2883,True,4e50225a7a263604,4e50225a7a263604,True
PB,pb2,101,iteration_end,276,11,2851,2851,True,6e5c43d3f849c01e,6e5c43d3f849c01e,True
PB,pb2,101,iteration_end,276,12,2788,2788,True,140265258d5a41bb,140265258d5a41bb,True
PB,pb2,101,iteration_end,276,13,2786,2786,True,090fe1607c64f23e,090fe1607c64f23e,True
PB,pb2,101,iteration_end,276,14,2773,2773,True,413c5ef1602e383f,413c5ef1602e383f,True
PB,pb2,101,iteration_end,276,15,2718,2718,True,f38be30232ce306d,f38be30232ce306d,True
PB,pb2,101,iteration_end,276,16,2675,2675,True,1eee97c387c2e0ab,1eee97c387c2e0ab,True
PB,pb2,101,iteration_end,276,17,2628,2628,True,f2026fbe056a23da,f2026fbe056a23da,True
PB,pb2,101,iteration_end,276,18,2541,2541,True,42f8c2f8daf512f8,42f8c2f8daf512f8,True
PB,pb2,101,iteration_end,276,19,2451,2451,True,07723440af152ac4,07723440af152ac4,True
PB,pb2,101,iteration_end,277,0,3122,3122,True,c01512f0e308249b,c01512f0e308249b,True
PB,pb2,101,iteration_end,277,1,3060,3060,True,ea277651b69160c5,ea277651b69160c5,True
PB,pb2,101,iteration_end,277,2,3057,3057,True,2afd733b8a1e4b0e,2afd733b8a1e4b0e,True
PB,pb2,101,iteration_end,277,3,3041,3041,True,a7fdbe131e0a5400,a7fdbe131e0a5400,True
PB,pb2,101,iteration_end,277,4,3035,3035,True,33a58b442d94db9c,33a58b442d94db9c,True
PB,pb2,101,iteration_end,277,5,3033,3033,True,f8ced544c40e981c,f8ced544c40e981c,True
PB,pb2,101,iteration_end,277,6,2984,2984,True,485b14da0c51f9b6,485b14da0c51f9b6,True
PB,pb2,101,iteration_end,277,7,2970,2970,True,8aa6f9a1453e7f0c,8aa6f9a1453e7f0c,True
PB,pb2,101,iteration_end,277,8,2952,2952,True,bac2a5368bc38817,bac2a5368bc38817,True
PB,pb2,101,iteration_end,277,9,2949,2949,True,9972f26e228b10fe,9972f26e228b10fe,True
PB,pb2,101,iteration_end,277,10,2917,2917,True,f2a5144906c1f1fa,f2a5144906c1f1fa,True
PB,pb2,101,iteration_end,277,11,2905,2905,True,f4a8c90729497b5c,f4a8c90729497b5c,True
PB,pb2,101,iteration_end,277,12,2874,2874,True,14c08903668c005a,14c08903668c005a,True
PB,pb2,101,iteration_end,277,13,2823,2823,True,cd4cfcb33b74aa22,cd4cfcb33b74aa22,True
PB,pb2,101,iteration_end,277,14,2788,2788,True,140265258d5a41bb,140265258d5a41bb,True
PB,pb2,101,iteration_end,277,15,2788,2788,True,140265258d5a41bb,140265258d5a41bb,True
PB,pb2,101,iteration_end,277,16,2705,2705,True,742fec57830c6347,742fec57830c6347,True
PB,pb2,101,iteration_end,277,17,2675,2675,True,ad2baf90c4389475,ad2baf90c4389475,True
PB,pb2,101,iteration_end,277,18,2658,2658,True,ea55888a3f788f9e,ea55888a3f788f9e,True
PB,pb2,101,iteration_end,277,19,2628,2628,True,f2026fbe056a23da,f2026fbe056a23da,True
PB,pb2,101,iteration_end,278,0,3088,3088,True,15fce716e14a5189,15fce716e14a5189,True
PB,pb2,101,iteration_end,278,1,3010,3010,True,a80288d128f2c58e,a80288d128f2c58e,True
PB,pb2,101,iteration_end,278,2,2948,2948,True,5140a9279ddab0f4,5140a9279ddab0f4,True
PB,pb2,101,iteration_end,278,3,2937,2937,True,be63f5b33a65b1fd,be63f5b33a65b1fd,True
PB,pb2,101,iteration_end,278,4,2922,2922,True,6b973172a17081a9,6b973172a17081a9,True
PB,pb2,101,iteration_end,278,5,2908,2908,True,79e238ad410b5810,79e238ad410b5810,True
PB,pb2,101,iteration_end,278,6,2895,2895,True,1cf17f23630f6dc9,1cf17f23630f6dc9,True
PB,pb2,101,iteration_end,278,7,2875,2875,True,a92d3f9fdafb60f6,a92d3f9fdafb60f6,True
PB,pb2,101,iteration_end,278,8,2871,2871,True,cc36bb74c8b00f7f,cc36bb74c8b00f7f,True
PB,pb2,101,iteration_end,278,9,2857,2857,True,f2971b07fe81e98f,f2971b07fe81e98f,True
PB,pb2,101,iteration_end,278,10,2836,2836,True,ac3502002c7987b3,ac3502002c7987b3,True
PB,pb2,101,iteration_end,278,11,2788,2788,True,140265258d5a41bb,140265258d5a41bb,True
PB,pb2,101,iteration_end,278,12,2788,2788,True,140265258d5a41bb,140265258d5a41bb,True
PB,pb2,101,iteration_end,278,13,2786,2786,True,090fe1607c64f23e,090fe1607c64f23e,True
PB,pb2,101,iteration_end,278,14,2777,2777,True,0ceb31f470afa3b4,0ceb31f470afa3b4,True
PB,pb2,101,iteration_end,278,15,2737,2737,True,bae4dd21d7ce7364,bae4dd21d7ce7364,True
PB,pb2,101,iteration_end,278,16,2680,2680,True,629274ffc0b689d4,629274ffc0b689d4,True
PB,pb2,101,iteration_end,278,17,2628,2628,True,1de5b6c424700473,1de5b6c424700473,True
PB,pb2,101,iteration_end,278,18,2592,2592,True,721fc0c099778e95,721fc0c099778e95,True
PB,pb2,101,iteration_end,278,19,2458,2458,True,1b66d2f4bf1f6f9f,1b66d2f4bf1f6f9f,True
PB,pb2,101,iteration_end,279,0,3097,3097,True,1b88e7c55ca9f0a9,1b88e7c55ca9f0a9,True
PB,pb2,101,iteration_end,279,1,3057,3057,True,39800399a86ed1df,39800399a86ed1df,True
PB,pb2,101,iteration_end,279,2,2964,2964,True,cd7a0efa633a2707,cd7a0efa633a2707,True
PB,pb2,101,iteration_end,279,3,2961,2961,True,df939f4824b5c5dd,df939f4824b5c5dd,True
PB,pb2,101,iteration_end,279,4,2961,2961,True,df939f4824b5c5dd,df939f4824b5c5dd,True
PB,pb2,101,iteration_end,279,5,2918,2918,True,4f0efe3610f6cf2f,4f0efe3610f6cf2f,True
PB,pb2,101,iteration_end,279,6,2902,2902,True,3fc0893e8c7688b4,3fc0893e8c7688b4,True
PB,pb2,101,iteration_end,279,7,2882,2882,True,660e000872d16feb,660e000872d16feb,True
PB,pb2,101,iteration_end,279,8,2878,2878,True,1f92fb7e04879708,1f92fb7e04879708,True
PB,pb2,101,iteration_end,279,9,2878,2878,True,ca74830cbdf4b502,ca74830cbdf4b502,True
PB,pb2,101,iteration_end,279,10,2837,2837,True,6f4405e1e2bf4e97,6f4405e1e2bf4e97,True
PB,pb2,101,iteration_end,279,11,2828,2828,True,324266c735e8c733,324266c735e8c733,True
PB,pb2,101,iteration_end,279,12,2788,2788,True,140265258d5a41bb,140265258d5a41bb,True
PB,pb2,101,iteration_end,279,13,2788,2788,True,140265258d5a41bb,140265258d5a41bb,True
PB,pb2,101,iteration_end,279,14,2788,2788,True,140265258d5a41bb,140265258d5a41bb,True
PB,pb2,101,iteration_end,279,15,2788,2788,True,140265258d5a41bb,140265258d5a41bb,True
PB,pb2,101,iteration_end,279,16,2746,2746,True,5cee51815780b037,5cee51815780b037,True
PB,pb2,101,iteration_end,279,17,2722,2722,True,b6ddf4ddd0408468,b6ddf4ddd0408468,True
PB,pb2,101,iteration_end,279,18,2536,2536,True,ecfae24bca709aa9,ecfae24bca709aa9,True
PB,pb2,101,iteration_end,279,19,2535,2535,True,456014ece2ef50c1,456014ece2ef50c1,True
PB,pb2,101,iteration_end,280,0,3157,3157,True,479ae4ede323e401,479ae4ede323e401,True
PB,pb2,101,iteration_end,280,1,3080,3080,True,88bd74f9d2ec0235,88bd74f9d2ec0235,True
PB,pb2,101,iteration_end,280,2,3033,3033,True,f8ced544c40e981c,f8ced544c40e981c,True
PB,pb2,101,iteration_end,280,3,2935,2935,True,a1cdb0e8aa444478,a1cdb0e8aa444478,True
PB,pb2,101,iteration_end,280,4,2903,2903,True,de139bed721b120c,de139bed721b120c,True
PB,pb2,101,iteration_end,280,5,2886,2886,True,08c9437d2398b939,08c9437d2398b939,True
PB,pb2,101,iteration_end,280,6,2871,2871,True,bbdff77494d8960c,bbdff77494d8960c,True
PB,pb2,101,iteration_end,280,7,2849,2849,True,a893297af2490a93,a893297af2490a93,True
PB,pb2,101,iteration_end,280,8,2833,2833,True,71ae17bcba331d44,71ae17bcba331d44,True
PB,pb2,101,iteration_end,280,9,2788,2788,True,140265258d5a41bb,140265258d5a41bb,True
PB,pb2,101,iteration_end,280,10,2788,2788,True,140265258d5a41bb,140265258d5a41bb,True
PB,pb2,101,iteration_end,280,11,2786,2786,True,090fe1607c64f23e,090fe1607c64f23e,True
PB,pb2,101,iteration_end,280,12,2767,2767,True,93d161f217d371e1,93d161f217d371e1,True
PB,pb2,101,iteration_end,280,13,2765,2765,True,f8e44f64922b8de4,f8e44f64922b8de4,True
PB,pb2,101,iteration_end,280,14,2742,2742,True,f5be7eda21b99995,f5be7eda21b99995,True
PB,pb2,101,iteration_end,280,15,2676,2676,True,6736df7f605d0544,6736df7f605d0544,True
PB,pb2,101,iteration_end,280,16,2586,2586,True,06637db53890a5bd,06637db53890a5bd,True
PB,pb2,101,iteration_end,280,17,2584,2584,True,9de17096df7010dd,9de17096df7010dd,True
PB,pb2,101,iteration_end,280,18,2574,2574,True,c7054e97e557681c,c7054e97e557681c,True
PB,pb2,101,iteration_end,280,19,2550,2550,True,c810aa8d33492a6c,c810aa8d33492a6c,True
PB,pb2,101,iteration_end,281,0,3159,3159,True,c36784e1acdcaee6,c36784e1acdcaee6,True
PB,pb2,101,iteration_end,281,1,3080,3080,True,88bd74f9d2ec0235,88bd74f9d2ec0235,True
PB,pb2,101,iteration_end,281,2,3080,3080,True,88bd74f9d2ec0235,88bd74f9d2ec0235,True
PB,pb2,101,iteration_end,281,3,3057,3057,True,2afd733b8a1e4b0e,2afd733b8a1e4b0e,True
PB,pb2,101,iteration_end,281,4,3033,3033,True,f8ced544c40e981c,f8ced544c40e981c,True
PB,pb2,101,iteration_end,281,5,3027,3027,True,faddce8bf3e1a5f1,faddce8bf3e1a5f1,True
PB,pb2,101,iteration_end,281,6,2961,2961,True,01c1002a55623a6e,01c1002a55623a6e,True
PB,pb2,101,iteration_end,281,7,2961,2961,True,df939f4824b5c5dd,df939f4824b5c5dd,True
PB,pb2,101,iteration_end,281,8,2959,2959,True,225684690112e0a8,225684690112e0a8,True
PB,pb2,101,iteration_end,281,9,2950,2950,True,667c4eb90f971595,667c4eb90f971595,True
PB,pb2,101,iteration_end,281,10,2918,2918,True,4f0efe3610f6cf2f,4f0efe3610f6cf2f,True
PB,pb2,101,iteration_end,281,11,2849,2849,True,8ab61cc356b6ac84,8ab61cc356b6ac84,True
PB,pb2,101,iteration_end,281,12,2837,2837,True,6f4405e1e2bf4e97,6f4405e1e2bf4e97,True
PB,pb2,101,iteration_end,281,13,2827,2827,True,8b30635f2729b6f0,8b30635f2729b6f0,True
PB,pb2,101,iteration_end,281,14,2788,2788,True,140265258d5a41bb,140265258d5a41bb,True
PB,pb2,101,iteration_end,281,15,2788,2788,True,140265258d5a41bb,140265258d5a41bb,True
PB,pb2,101,iteration_end,281,16,2737,2737,True,bae4dd21d7ce7364,bae4dd21d7ce7364,True
PB,pb2,101,iteration_end,281,17,2722,2722,True,b6ddf4ddd0408468,b6ddf4ddd0408468,True
PB,pb2,101,iteration_end,281,18,2607,2607,True,85aa9e46806770f3,85aa9e46806770f3,True
PB,pb2,101,iteration_end,281,19,2476,2476,True,f043f1b37b512d48,f043f1b37b512d48,True
PB,pb2,101,iteration_end,282,0,3159,3159,True,c36784e1acdcaee6,c36784e1acdcaee6,True
PB,pb2,101,iteration_end,282,1,3133,3133,True,1c8537b3e4ff86aa,1c8537b3e4ff86aa,True
PB,pb2,101,iteration_end,282,2,3133,3133,True,1c8537b3e4ff86aa,1c8537b3e4ff86aa,True
PB,pb2,101,iteration_end,282,3,3124,3124,True,4778bac5d4622096,4778bac5d4622096,True
PB,pb2,101,iteration_end,282,4,3122,3122,True,c01512f0e308249b,c01512f0e308249b,True
PB,pb2,101,iteration_end,282,5,3078,3078,True,311dc448b5cc6733,311dc448b5cc6733,True
PB,pb2,101,iteration_end,282,6,3074,3074,True,c605393d78147a1f,c605393d78147a1f,True
PB,pb2,101,iteration_end,282,7,3033,3033,True,f8ced544c40e981c,f8ced544c40e981c,True
PB,pb2,101,iteration_end,282,8,3027,3027,True,faddce8bf3e1a5f1,faddce8bf3e1a5f1,True
PB,pb2,101,iteration_end,282,9,2997,2997,True,2836460419b4bf16,2836460419b4bf16,True
PB,pb2,101,iteration_end,282,10,2984,2984,True,485b14da0c51f9b6,485b14da0c51f9b6,True
PB,pb2,101,iteration_end,282,11,2939,2939,True,25131b8357e26fc9,25131b8357e26fc9,True
PB,pb2,101,iteration_end,282,12,2871,2871,True,45d5ce277a1fb026,45d5ce277a1fb026,True
PB,pb2,101,iteration_end,282,13,2837,2837,True,6f4405e1e2bf4e97,6f4405e1e2bf4e97,True
PB,pb2,101,iteration_end,282,14,2803,2803,True,57e7dc5c5cb20d25,57e7dc5c5cb20d25,True
PB,pb2,101,iteration_end,282,15,2788,2788,True,140265258d5a41bb,140265258d5a41bb,True
PB,pb2,101,iteration_end,282,16,2786,2786,True,090fe1607c64f23e,090fe1607c64f23e,True
PB,pb2,101,iteration_end,282,17,2786,2786,True,090fe1607c64f23e,090fe1607c64f23e,True
PB,pb2,101,iteration_end,282,18,2774,2774,True,f5749da42836f077,f5749da42836f077,True
PB,pb2,101,iteration_end,282,19,2633,2633,True,d4861f0e02dff5b9,d4861f0e02dff5b9,True
PB,pb2,101,iteration_end,283,0,3109,3109,True,9ae688838a0f274a,9ae688838a0f274a,True
PB,pb2,101,iteration_end,283,1,3084,3084,True,71472d17dd80d1ca,71472d17dd80d1ca,True
PB,pb2,101,iteration_end,283,2,3080,3080,True,88bd74f9d2ec0235,88bd74f9d2ec0235,True
PB,pb2,101,iteration_end,283,3,3027,3027,True,faddce8bf3e1a5f1,faddce8bf3e1a5f1,True
PB,pb2,101,iteration_end,283,4,3010,3010,True,a80288d128f2c58e,a80288d128f2c58e,True
PB,pb2,101,iteration_end,283,5,2961,2961,True,df939f4824b5c5dd,df939f4824b5c5dd,True
PB,pb2,101,iteration_end,283,6,2930,2930,True,14d562a760ab01ca,14d562a760ab01ca,True
PB,pb2,101,iteration_end,283,7,2845,2845,True,04919768a7d72096,04919768a7d72096,True
PB,pb2,101,iteration_end,283,8,2828,2828,True,324266c735e8c733,324266c735e8c733,True
PB,pb2,101,iteration_end,283,9,2828,2828,True,324266c735e8c733,324266c735e8c733,True
PB,pb2,101,iteration_end,283,10,2788,2788,True,140265258d5a41bb,140265258d5a41bb,True
PB,pb2,101,iteration_end,283,11,2788,2788,True,140265258d5a41bb,140265258d5a41bb,True
PB,pb2,101,iteration_end,283,12,2786,2786,True,090fe1607c64f23e,090fe1607c64f23e,True
PB,pb2,101,iteration_end,283,13,2786,2786,True,090fe1607c64f23e,090fe1607c64f23e,True
PB,pb2,101,iteration_end,283,14,2756,2756,True,2f97bc62554bea3d,2f97bc62554bea3d,True
PB,pb2,101,iteration_end,283,15,2726,2726,True,38e506854371266d,38e506854371266d,True
PB,pb2,101,iteration_end,283,16,2633,2633,True,d4861f0e02dff5b9,d4861f0e02dff5b9,True
PB,pb2,101,iteration_end,283,17,2628,2628,True,f2026fbe056a23da,f2026fbe056a23da,True
PB,pb2,101,iteration_end,283,18,2586,2586,True,06637db53890a5bd,06637db53890a5bd,True
PB,pb2,101,iteration_end,283,19,2583,2583,True,6d28c1716894b8e2,6d28c1716894b8e2,True
PB,pb2,101,iteration_end,284,0,3080,3080,True,88bd74f9d2ec0235,88bd74f9d2ec0235,True
PB,pb2,101,iteration_end,284,1,3063,3063,True,74f48c33377e8489,74f48c33377e8489,True
PB,pb2,101,iteration_end,284,2,3052,3052,True,4a96e5b58cb0333a,4a96e5b58cb0333a,True
PB,pb2,101,iteration_end,284,3,3052,3052,True,78e79e0c64b15e2d,78e79e0c64b15e2d,True
PB,pb2,101,iteration_end,284,4,3033,3033,True,f8ced544c40e981c,f8ced544c40e981c,True
PB,pb2,101,iteration_end,284,5,3027,3027,True,faddce8bf3e1a5f1,faddce8bf3e1a5f1,True
PB,pb2,101,iteration_end,284,6,2984,2984,True,485b14da0c51f9b6,485b14da0c51f9b6,True
PB,pb2,101,iteration_end,284,7,2984,2984,True,485b14da0c51f9b6,485b14da0c51f9b6,True
PB,pb2,101,iteration_end,284,8,2968,2968,True,e8ec8b39903fb849,e8ec8b39903fb849,True
PB,pb2,101,iteration_end,284,9,2967,2967,True,cf22a48f14b151b5,cf22a48f14b151b5,True
PB,pb2,101,iteration_end,284,10,2905,2905,True,f4a8c90729497b5c,f4a8c90729497b5c,True
PB,pb2,101,iteration_end,284,11,2905,2905,True,f4a8c90729497b5c,f4a8c90729497b5c,True
PB,pb2,101,iteration_end,284,12,2788,2788,True,140265258d5a41bb,140265258d5a41bb,True
PB,pb2,101,iteration_end,284,13,2786,2786,True,090fe1607c64f23e,090fe1607c64f23e,True
PB,pb2,101,iteration_end,284,14,2740,2740,True,68505c20686fc216,68505c20686fc216,True
PB,pb2,101,iteration_end,284,15,2632,2632,True,5f4c71c36605fcd6,5f4c71c36605fcd6,True
PB,pb2,101,iteration_end,284,16,2613,2613,True,53e8101cd63b9deb,53e8101cd63b9deb,True
PB,pb2,101,iteration_end,284,17,2586,2586,True,06637db53890a5bd,06637db53890a5bd,True
PB,pb2,101,iteration_end,284,18,2586,2586,True,06637db53890a5bd,06637db53890a5bd,True
PB,pb2,101,iteration_end,284,19,2443,2443,True,427e12bf04f39931,427e12bf04f39931,True
PB,pb2,101,iteration_end,285,0,3159,3159,True,c36784e1acdcaee6,c36784e1acdcaee6,True
PB,pb2,101,iteration_end,285,1,3119,3119,True,7688fcbf6a0d5817,7688fcbf6a0d5817,True
PB,pb2,101,iteration_end,285,2,3109,3109,True,9ae688838a0f274a,9ae688838a0f274a,True
PB,pb2,101,iteration_end,285,3,3095,3095,True,b17d3e9d1821576b,b17d3e9d1821576b,True
PB,pb2,101,iteration_end,285,4,3043,3043,True,6ff67d0fe584c325,6ff67d0fe584c325,True
PB,pb2,101,iteration_end,285,5,2981,2981,True,dbbd7c75d721cf22,dbbd7c75d721cf22,True
PB,pb2,101,iteration_end,285,6,2961,2961,True,df939f4824b5c5dd,df939f4824b5c5dd,True
PB,pb2,101,iteration_end,285,7,2924,2924,True,ccbfb7774dd2ce8a,ccbfb7774dd2ce8a,True
PB,pb2,101,iteration_end,285,8,2923,2923,True,62416a1be0a05832,62416a1be0a05832,True
PB,pb2,101,iteration_end,285,9,2837,2837,True,6f4405e1e2bf4e97,6f4405e1e2bf4e97,True
PB,pb2,101,iteration_end,285,10,2837,2837,True,6f4405e1e2bf4e97,6f4405e1e2bf4e97,True
PB,pb2,101,iteration_end,285,11,2833,2833,True,1e518bfe03957734,1e518bfe03957734,True
PB,pb2,101,iteration_end,285,12,2784,2784,True,aa3095604103b528,aa3095604103b528,True
PB,pb2,101,iteration_end,285,13,2782,2782,True,4ef01706723cfa98,4ef01706723cfa98,True
PB,pb2,101,iteration_end,285,14,2701,2701,True,1bdd81e443929d74,1bdd81e443929d74,True
PB,pb2,101,iteration_end,285,15,2628,2628,True,f2026fbe056a23da,f2026fbe056a23da,True
PB,pb2,101,iteration_end,285,16,2628,2628,True,f2026fbe056a23da,f2026fbe056a23da,True
PB,pb2,101,iteration_end,285,17,2579,2579,True,80389b646634e5ea,80389b646634e5ea,True
PB,pb2,101,iteration_end,285,18,2525,2525,True,44bbaf5d40c64947,44bbaf5d40c64947,True
PB,pb2,101,iteration_end,285,19,2427,2427,True,4912125a4fba43f2,4912125a4fba43f2,True
PB,pb2,101,iteration_end,286,0,3159,3159,True,c36784e1acdcaee6,c36784e1acdcaee6,True
PB,pb2,101,iteration_end,286,1,3057,3057,True,2afd733b8a1e4b0e,2afd733b8a1e4b0e,True
PB,pb2,101,iteration_end,286,2,2984,2984,True,485b14da0c51f9b6,485b14da0c51f9b6,True
PB,pb2,101,iteration_end,286,3,2961,2961,True,df939f4824b5c5dd,df939f4824b5c5dd,True
PB,pb2,101,iteration_end,286,4,2953,2953,True,7485dbb83935a29e,7485dbb83935a29e,True
PB,pb2,101,iteration_end,286,5,2923,2923,True,62416a1be0a05832,62416a1be0a05832,True
PB,pb2,101,iteration_end,286,6,2922,2922,True,6c2bf8ce4ce7b6ea,6c2bf8ce4ce7b6ea,True
PB,pb2,101,iteration_end,286,7,2919,2919,True,219903e500e5eedc,219903e500e5eedc,True
PB,pb2,101,iteration_end,286,8,2905,2905,True,f4a8c90729497b5c,f4a8c90729497b5c,True
PB,pb2,101,iteration_end,286,9,2835,2835,True,f191987d2d1de62f,f191987d2d1de62f,True
PB,pb2,101,iteration_end,286,10,2826,2826,True,4cfdb5ea44ab5a41,4cfdb5ea44ab5a41,True
PB,pb2,101,iteration_end,286,11,2821,2821,True,e7e3dc6bc0952062,e7e3dc6bc0952062,True
PB,pb2,101,iteration_end,286,12,2818,2818,True,b0c28ebe43d39a0e,b0c28ebe43d39a0e,True
PB,pb2,101,iteration_end,286,13,2806,2806,True,fc282a3b0356f89b,fc282a3b0356f89b,True
PB,pb2,101,iteration_end,286,14,2788,2788,True,140265258d5a41bb,140265258d5a41bb,True
PB,pb2,101,iteration_end,286,15,2788,2788,True,140265258d5a41bb,140265258d5a41bb,True
PB,pb2,101,iteration_end,286,16,2724,2724,True,d5424dab50d90284,d5424dab50d90284,True
PB,pb2,101,iteration_end,286,17,2701,2701,True,730f15ba73d85bb3,730f15ba73d85bb3,True
PB,pb2,101,iteration_end,286,18,2628,2628,True,f2026fbe056a23da,f2026fbe056a23da,True
PB,pb2,101,iteration_end,286,19,2432,2432,True,907286ba2bfa1972,907286ba2bfa1972,True
PB,pb2,101,iteration_end,287,0,3080,3080,True,88bd74f9d2ec0235,88bd74f9d2ec0235,True
PB,pb2,101,iteration_end,287,1,3072,3072,True,1272fce2269fad13,1272fce2269fad13,True
PB,pb2,101,iteration_end,287,2,3035,3035,True,a0027f9fae7df732,a0027f9fae7df732,True
PB,pb2,101,iteration_end,287,3,3010,3010,True,a80288d128f2c58e,a80288d128f2c58e,True
PB,pb2,101,iteration_end,287,4,2984,2984,True,485b14da0c51f9b6,485b14da0c51f9b6,True
PB,pb2,101,iteration_end,287,5,2984,2984,True,485b14da0c51f9b6,485b14da0c51f9b6,True
PB,pb2,101,iteration_end,287,6,2946,2946,True,df923e05e8950457,df923e05e8950457,True
PB,pb2,101,iteration_end,287,7,2938,2938,True,d8de414ed8c3fbbb,d8de414ed8c3fbbb,True
PB,pb2,101,iteration_end,287,8,2931,2931,True,cdc9547baff779ed,cdc9547baff779ed,True
PB,pb2,101,iteration_end,287,9,2914,2914,True,d935e4c095eb5e64,d935e4c095eb5e64,True
PB,pb2,101,iteration_end,287,10,2852,2852,True,531f02343d31649d,531f02343d31649d,True
PB,pb2,101,iteration_end,287,11,2835,2835,True,f191987d2d1de62f,f191987d2d1de62f,True
PB,pb2,101,iteration_end,287,12,2811,2811,True,2d36102b69de76c2,2d36102b69de76c2,True
PB,pb2,101,iteration_end,287,13,2810,2810,True,f1ff34c5364b0dae,f1ff34c5364b0dae,True
PB,pb2,101,iteration_end,287,14,2788,2788,True,140265258d5a41bb,140265258d5a41bb,True
PB,pb2,101,iteration_end,287,15,2781,2781,True,63a0cd9eb74bbc4b,63a0cd9eb74bbc4b,True
PB,pb2,101,iteration_end,287,16,2672,2672,True,932ab6b93d860550,932ab6b93d860550,True
PB,pb2,101,iteration_end,287,17,2594,2594,True,1cd37f8f5e123023,1cd37f8f5e123023,True
PB,pb2,101,iteration_end,287,18,2528,2528,True,4ae784598adf1790,4ae784598adf1790,True
PB,pb2,101,iteration_end,287,19,2477,2477,True,cb2b948c85e68a68,cb2b948c85e68a68,True
PB,pb2,101,iteration_end,288,0,3119,3119,True,7688fcbf6a0d5817,7688fcbf6a0d5817,True
PB,pb2,101,iteration_end,288,1,3103,3103,True,93b1be79f09e8b1b,93b1be79f09e8b1b,True
PB,pb2,101,iteration_end,288,2,3057,3057,True,2afd733b8a1e4b0e,2afd733b8a1e4b0e,True
PB,pb2,101,iteration_end,288,3,3033,3033,True,f8ced544c40e981c,f8ced544c40e981c,True
PB,pb2,101,iteration_end,288,4,3021,3021,True,e81661bab65b445e,e81661bab65b445e,True
PB,pb2,101,iteration_end,288,5,2990,2990,True,fd0b899e09c9af5c,fd0b899e09c9af5c,True
PB,pb2,101,iteration_end,288,6,2967,2967,True,b62943fbd90eb563,b62943fbd90eb563,True
PB,pb2,101,iteration_end,288,7,2927,2927,True,95602c2f1a1d53c2,95602c2f1a1d53c2,True
PB,pb2,101,iteration_end,288,8,2921,2921,True,7eeb53690955aabc,7eeb53690955aabc,True
PB,pb2,101,iteration_end,288,9,2905,2905,True,f4a8c90729497b5c,f4a8c90729497b5c,True
PB,pb2,101,iteration_end,288,10,2883,2883,True,f6a9a05ce8d87f6a,f6a9a05ce8d87f6a,True
PB,pb2,101,iteration_end,288,11,2878,2878,True,ca74830cbdf4b502,ca74830cbdf4b502,True
PB,pb2,101,iteration_end,288,12,2788,2788,True,140265258d5a41bb,140265258d5a41bb,True
PB,pb2,101,iteration_end,288,13,2788,2788,True,140265258d5a41bb,140265258d5a41bb,True
PB,pb2,101,iteration_end,288,14,2786,2786,True,090fe1607c64f23e,090fe1607c64f23e,True
PB,pb2,101,iteration_end,288,15,2747,2747,True,c112d4c66f40dbd8,c112d4c66f40dbd8,True
PB,pb2,101,iteration_end,288,16,2688,2688,True,47861d0d89a8e316,47861d0d89a8e316,True
PB,pb2,101,iteration_end,288,17,2669,2669,True,8efb820288fd5f49,8efb820288fd5f49,True
PB,pb2,101,iteration_end,288,18,2499,2499,True,5b0d3761dcfee56f,5b0d3761dcfee56f,True
PB,pb2,101,iteration_end,288,19,2432,2432,True,907286ba2bfa1972,907286ba2bfa1972,True
PB,pb2,101,iteration_end,289,0,3159,3159,True,c36784e1acdcaee6,c36784e1acdcaee6,True
PB,pb2,101,iteration_end,289,1,3101,3101,True,ad266a2a61d13e16,ad266a2a61d13e16,True
PB,pb2,101,iteration_end,289,2,3089,3089,True,0203c04d23759461,0203c04d23759461,True
PB,pb2,101,iteration_end,289,3,3089,3089,True,59b7b98c5d3a2b62,59b7b98c5d3a2b62,True
PB,pb2,101,iteration_end,289,4,3006,3006,True,dd56cd9bbf0daed6,dd56cd9bbf0daed6,True
PB,pb2,101,iteration_end,289,5,2995,2995,True,85c5363346bb9f9d,85c5363346bb9f9d,True
PB,pb2,101,iteration_end,289,6,2961,2961,True,df939f4824b5c5dd,df939f4824b5c5dd,True
PB,pb2,101,iteration_end,289,7,2923,2923,True,62416a1be0a05832,62416a1be0a05832,True
PB,pb2,101,iteration_end,289,8,2877,2877,True,1c373f092b1cf02a,1c373f092b1cf02a,True
PB,pb2,101,iteration_end,289,9,2874,2874,True,917ba673e1df275e,917ba673e1df275e,True
PB,pb2,101,iteration_end,289,10,2873,2873,True,46a972038cf53f72,46a972038cf53f72,True
PB,pb2,101,iteration_end,289,11,2871,2871,True,bbdff77494d8960c,bbdff77494d8960c,True
PB,pb2,101,iteration_end,289,12,2837,2837,True,6f4405e1e2bf4e97,6f4405e1e2bf4e97,True
PB,pb2,101,iteration_end,289,13,2828,2828,True,324266c735e8c733,324266c735e8c733,True
PB,pb2,101,iteration_end,289,14,2788,2788,True,140265258d5a41bb,140265258d5a41bb,True
PB,pb2,101,iteration_end,289,15,2750,2750,True,5386741abbcb5fe8,5386741abbcb5fe8,True
PB,pb2,101,iteration_end,289,16,2742,2742,True,ff07db9a929146f6,ff07db9a929146f6,True
PB,pb2,101,iteration_end,289,17,2718,2718,True,09bdf83618de87cb,09bdf83618de87cb,True
PB,pb2,101,iteration_end,289,18,2672,2672,True,932ab6b93d860550,932ab6b93d860550,True
PB,pb2,101,iteration_end,289,19,2622,2622,True,099c9b43c399d299,099c9b43c399d299,True
PB,pb2,101,iteration_end,290,0,3119,3119,True,7688fcbf6a0d5817,7688fcbf6a0d5817,True
PB,pb2,101,iteration_end,290,1,3109,3109,True,9ae688838a0f274a,9ae688838a0f274a,True
PB,pb2,101,iteration_end,290,2,3088,3088,True,15fce716e14a5189,15fce716e14a5189,True
PB,pb2,101,iteration_end,290,3,3071,3071,True,14c9cd8dad22e581,14c9cd8dad22e581,True
PB,pb2,101,iteration_end,290,4,3033,3033,True,f8ced544c40e981c,f8ced544c40e981c,True
PB,pb2,101,iteration_end,290,5,3033,3033,True,f8ced544c40e981c,f8ced544c40e981c,True
PB,pb2,101,iteration_end,290,6,3033,3033,True,f8ced544c40e981c,f8ced544c40e981c,True
PB,pb2,101,iteration_end,290,7,3010,3010,True,a80288d128f2c58e,a80288d128f2c58e,True
PB,pb2,101,iteration_end,290,8,3010,3010,True,a80288d128f2c58e,a80288d128f2c58e,True
PB,pb2,101,iteration_end,290,9,2961,2961,True,df939f4824b5c5dd,df939f4824b5c5dd,True
PB,pb2,101,iteration_end,290,10,2914,2914,True,33766bdbc88eb13e,33766bdbc88eb13e,True
PB,pb2,101,iteration_end,290,11,2786,2786,True,3cdabd81b2e64e1e,3cdabd81b2e64e1e,True
PB,pb2,101,iteration_end,290,12,2779,2779,True,87638a371245f373,87638a371245f373,True
PB,pb2,101,iteration_end,290,13,2768,2768,True,13ae8f377777eddb,13ae8f377777eddb,True
PB,pb2,101,iteration_end,290,14,2737,2737,True,bae4dd21d7ce7364,bae4dd21d7ce7364,True
PB,pb2,101,iteration_end,290,15,2737,2737,True,bae4dd21d7ce7364,bae4dd21d7ce7364,True
PB,pb2,101,iteration_end,290,16,2537,2537,True,f5dae68a853e2955,f5dae68a853e2955,True
PB,pb2,101,iteration_end,290,17,2520,2520,True,50c8c2ae80102e60,50c8c2ae80102e60,True
PB,pb2,101,iteration_end,290,18,2367,2367,True,bef129fe7dfaacb5,bef129fe7dfaacb5,True
PB,pb2,101,iteration_end,290,19,2341,2341,True,e0e631ff3a02a5f9,e0e631ff3a02a5f9,True
PB,pb2,101,iteration_end,291,0,3096,3096,True,7236d1a8cfa44484,7236d1a8cfa44484,True
PB,pb2,101,iteration_end,291,1,3096,3096,True,7236d1a8cfa44484,7236d1a8cfa44484,True
PB,pb2,101,iteration_end,291,2,3033,3033,True,f8ced544c40e981c,f8ced544c40e981c,True
PB,pb2,101,iteration_end,291,3,3033,3033,True,f8ced544c40e981c,f8ced544c40e981c,True
PB,pb2,101,iteration_end,291,4,3010,3010,True,a80288d128f2c58e,a80288d128f2c58e,True
PB,pb2,101,iteration_end,291,5,3003,3003,True,412680c5d5ced35e,412680c5d5ced35e,True
PB,pb2,101,iteration_end,291,6,2923,2923,True,62416a1be0a05832,62416a1be0a05832,True
PB,pb2,101,iteration_end,291,7,2900,2900,True,d02a1c76a27ca1dc,d02a1c76a27ca1dc,True
PB,pb2,101,iteration_end,291,8,2875,2875,True,aaf86517701d317c,aaf86517701d317c,True
PB,pb2,101,iteration_end,291,9,2872,2872,True,b60996d5c03a7658,b60996d5c03a7658,True
PB,pb2,101,iteration_end,291,10,2837,2837,True,6f4405e1e2bf4e97,6f4405e1e2bf4e97,True
PB,pb2,101,iteration_end,291,11,2828,2828,True,324266c735e8c733,324266c735e8c733,True
PB,pb2,101,iteration_end,291,12,2788,2788,True,140265258d5a41bb,140265258d5a41bb,True
PB,pb2,101,iteration_end,291,13,2788,2788,True,140265258d5a41bb,140265258d5a41bb,True
PB,pb2,101,iteration_end,291,14,2788,2788,True,140265258d5a41bb,140265258d5a41bb,True
PB,pb2,101,iteration_end,291,15,2676,2676,True,6736df7f605d0544,6736df7f605d0544,True
PB,pb2,101,iteration_end,291,16,2651,2651,True,d9c0fac12a4f6d2c,d9c0fac12a4f6d2c,True
PB,pb2,101,iteration_end,291,17,2628,2628,True,f2026fbe056a23da,f2026fbe056a23da,True
PB,pb2,101,iteration_end,291,18,2488,2488,True,05aeb5f8649ed353,05aeb5f8649ed353,True
PB,pb2,101,iteration_end,291,19,2389,2389,True,5980b7ac1db458a4,5980b7ac1db458a4,True
PB,pb2,101,iteration_end,292,0,3133,3133,True,1c8537b3e4ff86aa,1c8537b3e4ff86aa,True
PB,pb2,101,iteration_end,292,1,3101,3101,True,ad266a2a61d13e16,ad266a2a61d13e16,True
PB,pb2,101,iteration_end,292,2,3052,3052,True,4a96e5b58cb0333a,4a96e5b58cb0333a,True
PB,pb2,101,iteration_end,292,3,3016,3016,True,3a8db5f88873dcd6,3a8db5f88873dcd6,True
PB,pb2,101,iteration_end,292,4,2981,2981,True,0e41e08ecf9713e3,0e41e08ecf9713e3,True
PB,pb2,101,iteration_end,292,5,2913,2913,True,8b2e8930403fa97c,8b2e8930403fa97c,True
PB,pb2,101,iteration_end,292,6,2854,2854,True,81e1d9066e4f145d,81e1d9066e4f145d,True
PB,pb2,101,iteration_end,292,7,2852,2852,True,531f02343d31649d,531f02343d31649d,True
PB,pb2,101,iteration_end,292,8,2833,2833,True,9cdefa5b18d580e1,9cdefa5b18d580e1,True
PB,pb2,101,iteration_end,292,9,2830,2830,True,e916c5d1a37e8691,e916c5d1a37e8691,True
PB,pb2,101,iteration_end,292,10,2814,2814,True,ebbbcd2d4689dbfa,ebbbcd2d4689dbfa,True
PB,pb2,101,iteration_end,292,11,2806,2806,True,08ae8b4ce53cc994,08ae8b4ce53cc994,True
PB,pb2,101,iteration_end,292,12,2789,2789,True,84721f0b853e5a6d,84721f0b853e5a6d,True
PB,pb2,101,iteration_end,292,13,2788,2788,True,140265258d5a41bb,140265258d5a41bb,True
PB,pb2,101,iteration_end,292,14,2737,2737,True,bae4dd21d7ce7364,bae4dd21d7ce7364,True
PB,pb2,101,iteration_end,292,15,2655,2655,True,9c563235d7a4581b,9c563235d7a4581b,True
PB,pb2,101,iteration_end,292,16,2633,2633,True,d4861f0e02dff5b9,d4861f0e02dff5b9,True
PB,pb2,101,iteration_end,292,17,2632,2632,True,5f4c71c36605fcd6,5f4c71c36605fcd6,True
PB,pb2,101,iteration_end,292,18,2557,2557,True,31b1fb3888b70b67,31b1fb3888b70b67,True
PB,pb2,101,iteration_end,292,19,2449,2449,True,7b73816ca72af508,7b73816ca72af508,True
PB,pb2,101,iteration_end,293,0,3103,3103,True,93b1be79f09e8b1b,93b1be79f09e8b1b,True
PB,pb2,101,iteration_end,293,1,3077,3077,True,2f1f672d1c4c840a,2f1f672d1c4c840a,True
PB,pb2,101,iteration_end,293,2,3033,3033,True,f8ced544c40e981c,f8ced544c40e981c,True
PB,pb2,101,iteration_end,293,3,2993,2993,True,5c26eb37bd1ae74f,5c26eb37bd1ae74f,True
PB,pb2,101,iteration_end,293,4,2983,2983,True,80d505a4faa28835,80d505a4faa28835,True
PB,pb2,101,iteration_end,293,5,2972,2972,True,23d7f532819480ff,23d7f532819480ff,True
PB,pb2,101,iteration_end,293,6,2952,2952,True,77131c109f2174ce,77131c109f2174ce,True
PB,pb2,101,iteration_end,293,7,2951,2951,True,96d35e295ee8faca,96d35e295ee8faca,True
PB,pb2,101,iteration_end,293,8,2901,2901,True,a26fba0ff19f296f,a26fba0ff19f296f,True
PB,pb2,101,iteration_end,293,9,2896,2896,True,e9e3020b34658b28,e9e3020b34658b28,True
PB,pb2,101,iteration_end,293,10,2884,2884,True,826ef8e59b791baf,826ef8e59b791baf,True
PB,pb2,101,iteration_end,293,11,2884,2884,True,826ef8e59b791baf,826ef8e59b791baf,True
PB,pb2,101,iteration_end,293,12,2858,2858,True,7edd5bc3024551c1,7edd5bc3024551c1,True
PB,pb2,101,iteration_end,293,13,2841,2841,True,cca257a05c2168ea,cca257a05c2168ea,True
PB,pb2,101,iteration_end,293,14,2823,2823,True,646888b0f2d7b0f8,646888b0f2d7b0f8,True
PB,pb2,101,iteration_end,293,15,2703,2703,True,de8a0d29e5201f17,de8a0d29e5201f17,True
PB,pb2,101,iteration_end,293,16,2665,2665,True,670abd9659b2f097,670abd9659b2f097,True
PB,pb2,101,iteration_end,293,17,2638,2638,True,a7e3e3d776ee22ce,a7e3e3d776ee22ce,True
PB,pb2,101,iteration_end,293,18,2603,2603,True,bae42921a3dea7ae,bae42921a3dea7ae,True
PB,pb2,101,iteration_end,293,19,2584,2584,True,0fe91e562a31f08b,0fe91e562a31f08b,True
PB,pb2,101,iteration_end,294,0,3099,3099,True,796b5be98fe3f770,796b5be98fe3f770,True
PB,pb2,101,iteration_end,294,1,3055,3055,True,e95e7b1f6cef3e48,e95e7b1f6cef3e48,True
PB,pb2,101,iteration_end,294,2,2959,2959,True,8e1e3d0ea7d85d4d,8e1e3d0ea7d85d4d,True
PB,pb2,101,iteration_end,294,3,2948,2948,True,2a991c90a4ceb736,2a991c90a4ceb736,True
PB,pb2,101,iteration_end,294,4,2900,2900,True,69fb79b95c789692,69fb79b95c789692,True
PB,pb2,101,iteration_end,294,5,2888,2888,True,0ab495eef0e643ac,0ab495eef0e643ac,True
PB,pb2,101,iteration_end,294,6,2876,2876,True,4c2c2c4ad65bb944,4c2c2c4ad65bb944,True
PB,pb2,101,iteration_end,294,7,2867,2867,True,46bc15e2d13bcc59,46bc15e2d13bcc59,True
PB,pb2,101,iteration_end,294,8,2845,2845,True,c2cd27ac8da27fad,c2cd27ac8da27fad,True
PB,pb2,101,iteration_end,294,9,2804,2804,True,a3fa6d1e6b163ff0,a3fa6d1e6b163ff0,True
PB,pb2,101,iteration_end,294,10,2802,2802,True,b6ed4109c31de676,b6ed4109c31de676,True
PB,pb2,101,iteration_end,294,11,2746,2746,True,8a5b8dae542ddad6,8a5b8dae542ddad6,True
PB,pb2,101,iteration_end,294,12,2733,2733,True,69290838a1a024df,69290838a1a024df,True
PB,pb2,101,iteration_end,294,13,2709,2709,True,27afdc5e436f533f,27afdc5e436f533f,True
PB,pb2,101,iteration_end,294,14,2686,2686,True,ab4ba20ce980e524,ab4ba20ce980e524,True
PB,pb2,101,iteration_end,294,15,2669,2669,True,b5eb99c272c591f4,b5eb99c272c591f4,True
PB,pb2,101,iteration_end,294,16,2652,2652,True,12bc2cf5d8922c3e,12bc2cf5d8922c3e,True
PB,pb2,101,iteration_end,294,17,2585,2585,True,0688743276cea6da,0688743276cea6da,True
PB,pb2,101,iteration_end,294,18,2495,2495,True,a6654038eaaea668,a6654038eaaea668,True
PB,pb2,101,iteration_end,294,19,2288,2288,True,6b0d211cd05916dd,6b0d211cd05916dd,True
PB,pb2,101,iteration_end,295,0,3113,3113,True,01588dccc7c3d90b,01588dccc7c3d90b,True
PB,pb2,101,iteration_end,295,1,3074,3074,True,c605393d78147a1f,c605393d78147a1f,True
PB,pb2,101,iteration_end,295,2,3031,3031,True,d816c6257cd9848b,d816c6257cd9848b,True
PB,pb2,101,iteration_end,295,3,3017,3017,True,84306b81bea745bb,84306b81bea745bb,True
PB,pb2,101,iteration_end,295,4,2996,2996,True,0547849bda8c0240,0547849bda8c0240,True
PB,pb2,101,iteration_end,295,5,2951,2951,True,923013e6b2c06ad5,923013e6b2c06ad5,True
PB,pb2,101,iteration_end,295,6,2935,2935,True,a1cdb0e8aa444478,a1cdb0e8aa444478,True
PB,pb2,101,iteration_end,295,7,2932,2932,True,f55810564fe65fca,f55810564fe65fca,True
PB,pb2,101,iteration_end,295,8,2841,2841,True,e8e22c81e85a7502,e8e22c81e85a7502,True
PB,pb2,101,iteration_end,295,9,2827,2827,True,9871f36418eb94b5,9871f36418eb94b5,True
PB,pb2,101,iteration_end,295,10,2809,2809,True,e8c476a962ccac0e,e8c476a962ccac0e,True
PB,pb2,101,iteration_end,295,11,2806,2806,True,90909ef899359ee1,90909ef899359ee1,True
PB,pb2,101,iteration_end,295,12,2788,2788,True,140265258d5a41bb,140265258d5a41bb,True
PB,pb2,101,iteration_end,295,13,2788,2788,True,140265258d5a41bb,140265258d5a41bb,True
PB,pb2,101,iteration_end,295,14,2787,2787,True,94afd0b98eed8a21,94afd0b98eed8a21,True
PB,pb2,101,iteration_end,295,15,2740,2740,True,900afa1e5b5e6890,900afa1e5b5e6890,True
PB,pb2,101,iteration_end,295,16,2704,2704,True,ef20ccb1ed704c00,ef20ccb1ed704c00,True
PB,pb2,101,iteration_end,295,17,2587,2587,True,c60c1a9cb6e749d9,c60c1a9cb6e749d9,True
PB,pb2,101,iteration_end,295,18,2433,2433,True,c1fc52052b8a62cb,c1fc52052b8a62cb,True
PB,pb2,101,iteration_end,295,19,2333,2333,True,498a9ad696b878ab,498a9ad696b878ab,True
PB,pb2,101,iteration_end,296,0,3046,3046,True,e66dcc878bfc3b25,e66dcc878bfc3b25,True
PB,pb2,101,iteration_end,296,1,3033,3033,True,f8ced544c40e981c,f8ced544c40e981c,True
PB,pb2,101,iteration_end,296,2,2984,2984,True,485b14da0c51f9b6,485b14da0c51f9b6,True
PB,pb2,101,iteration_end,296,3,2915,2915,True,97b8e2ceb2fb91e8,97b8e2ceb2fb91e8,True
PB,pb2,101,iteration_end,296,4,2912,2912,True,e5fc13b53c65b3c2,e5fc13b53c65b3c2,True
PB,pb2,101,iteration_end,296,5,2896,2896,True,b67d6904727f5d59,b67d6904727f5d59,True
PB,pb2,101,iteration_end,296,6,2858,2858,True,714ebd851e62afd2,714ebd851e62afd2,True
PB,pb2,101,iteration_end,296,7,2835,2835,True,bf51837e43dfd807,bf51837e43dfd807,True
PB,pb2,101,iteration_end,296,8,2833,2833,True,71ae17bcba331d44,71ae17bcba331d44,True
PB,pb2,101,iteration_end,296,9,2826,2826,True,66a4f4ebe9363d68,66a4f4ebe9363d68,True
PB,pb2,101,iteration_end,296,10,2813,2813,True,ccf4145e0fe342f0,ccf4145e0fe342f0,True
PB,pb2,101,iteration_end,296,11,2808,2808,True,77a58c9021c75d65,77a58c9021c75d65,True
PB,pb2,101,iteration_end,296,12,2796,2796,True,5cfba0b313ef5733,5cfba0b313ef5733,True
PB,pb2,101,iteration_end,296,13,2788,2788,True,140265258d5a41bb,140265258d5a41bb,True
PB,pb2,101,iteration_end,296,14,2737,2737,True,bae4dd21d7ce7364,bae4dd21d7ce7364,True
PB,pb2,101,iteration_end,296,15,2694,2694,True,76d182d181ced6dd,76d182d181ced6dd,True
PB,pb2,101,iteration_end,296,16,2659,2659,True,504fdd8675c51e5f,504fdd8675c51e5f,True
PB,pb2,101,iteration_end,296,17,2654,2654,True,95502d4b0ffe50c5,95502d4b0ffe50c5,True
PB,pb2,101,iteration_end,296,18,2568,2568,True,03435f03aa05574e,03435f03aa05574e,True
PB,pb2,101,iteration_end,296,19,2553,2553,True,85b6d037a9d7ffec,85b6d037a9d7ffec,True
PB,pb2,101,iteration_end,297,0,3080,3080,True,88bd74f9d2ec0235,88bd74f9d2ec0235,True
PB,pb2,101,iteration_end,297,1,3040,3040,True,94566fd4eb4c8275,94566fd4eb4c8275,True
PB,pb2,101,iteration_end,297,2,3033,3033,True,f8ced544c40e981c,f8ced544c40e981c,True
PB,pb2,101,iteration_end,297,3,3033,3033,True,f8ced544c40e981c,f8ced544c40e981c,True
PB,pb2,101,iteration_end,297,4,3027,3027,True,faddce8bf3e1a5f1,faddce8bf3e1a5f1,True
PB,pb2,101,iteration_end,297,5,3010,3010,True,a80288d128f2c58e,a80288d128f2c58e,True
PB,pb2,101,iteration_end,297,6,2984,2984,True,485b14da0c51f9b6,485b14da0c51f9b6,True
PB,pb2,101,iteration_end,297,7,2921,2921,True,dedffbb5fd4f7b88,dedffbb5fd4f7b88,True
PB,pb2,101,iteration_end,297,8,2870,2870,True,af984192f1e1c8d1,af984192f1e1c8d1,True
PB,pb2,101,iteration_end,297,9,2864,2864,True,26b8349cff25070d,26b8349cff25070d,True
PB,pb2,101,iteration_end,297,10,2853,2853,True,e236569abd1aef65,e236569abd1aef65,True
PB,pb2,101,iteration_end,297,11,2823,2823,True,135fa467b13c685b,135fa467b13c685b,True
PB,pb2,101,iteration_end,297,12,2788,2788,True,140265258d5a41bb,140265258d5a41bb,True
PB,pb2,101,iteration_end,297,13,2788,2788,True,140265258d5a41bb,140265258d5a41bb,True
PB,pb2,101,iteration_end,297,14,2783,2783,True,c688c29a97a0d234,c688c29a97a0d234,True
PB,pb2,101,iteration_end,297,15,2733,2733,True,947a3640b5286bea,947a3640b5286bea,True
PB,pb2,101,iteration_end,297,16,2731,2731,True,d01b5a212a0b668d,d01b5a212a0b668d,True
PB,pb2,101,iteration_end,297,17,2679,2679,True,3d5f7c7b5a791d77,3d5f7c7b5a791d77,True
PB,pb2,101,iteration_end,297,18,2597,2597,True,00315e3ef7002523,00315e3ef7002523,True
PB,pb2,101,iteration_end,297,19,2360,2360,True,d82dfa9301e5c523,d82dfa9301e5c523,True
PB,pb2,101,iteration_end,298,0,3125,3125,True,faac3ed26de957d6,faac3ed26de957d6,True
PB,pb2,101,iteration_end,298,1,3069,3069,True,8e678f5fc0be0a5d,8e678f5fc0be0a5d,True
PB,pb2,101,iteration_end,298,2,3054,3054,True,d08819b521f82302,d08819b521f82302,True
PB,pb2,101,iteration_end,298,3,3043,3043,True,b41418a6adb7647e,b41418a6adb7647e,True
PB,pb2,101,iteration_end,298,4,3024,3024,True,6166e356647a2806,6166e356647a2806,True
PB,pb2,101,iteration_end,298,5,3010,3010,True,a80288d128f2c58e,a80288d128f2c58e,True
PB,pb2,101,iteration_end,298,6,2982,2982,True,b08fc4f173be42b8,b08fc4f173be42b8,True
PB,pb2,101,iteration_end,298,7,2961,2961,True,df939f4824b5c5dd,df939f4824b5c5dd,True
PB,pb2,101,iteration_end,298,8,2961,2961,True,df939f4824b5c5dd,df939f4824b5c5dd,True
PB,pb2,101,iteration_end,298,9,2950,2950,True,4bdb3f7a82309152,4bdb3f7a82309152,True
PB,pb2,101,iteration_end,298,10,2928,2928,True,a9b7d19eb825c451,a9b7d19eb825c451,True
PB,pb2,101,iteration_end,298,11,2863,2863,True,d86d747eceb1cf69,d86d747eceb1cf69,True
PB,pb2,101,iteration_end,298,12,2857,2857,True,d671231eb63ea26c,d671231eb63ea26c,True
PB,pb2,101,iteration_end,298,13,2833,2833,True,71ae17bcba331d44,71ae17bcba331d44,True
PB,pb2,101,iteration_end,298,14,2833,2833,True,43b15ec0a47437a9,43b15ec0a47437a9,True
PB,pb2,101,iteration_end,298,15,2802,2802,True,e40722de199b604f,e40722de199b604f,True
PB,pb2,101,iteration_end,298,16,2786,2786,True,090fe1607c64f23e,090fe1607c64f23e,True
PB,pb2,101,iteration_end,298,17,2679,2679,True,797a133b1569908c,797a133b1569908c,True
PB,pb2,101,iteration_end,298,18,2661,2661,True,0366ec16432d9ea9,0366ec16432d9ea9,True
PB,pb2,101,iteration_end,298,19,2537,2537,True,f5dae68a853e2955,f5dae68a853e2955,True
PB,pb2,101,iteration_end,299,0,3148,3148,True,eb2c184c11763655,eb2c184c11763655,True
PB,pb2,101,iteration_end,299,1,3080,3080,True,88bd74f9d2ec0235,88bd74f9d2ec0235,True
PB,pb2,101,iteration_end,299,2,3047,3047,True,b3692df2d0f17edd,b3692df2d0f17edd,True
PB,pb2,101,iteration_end,299,3,3031,3031,True,d816c6257cd9848b,d816c6257cd9848b,True
PB,pb2,101,iteration_end,299,4,2988,2988,True,7016ed5eb52fe609,7016ed5eb52fe609,True
PB,pb2,101,iteration_end,299,5,2959,2959,True,b6fe1d976364c3e9,b6fe1d976364c3e9,True
PB,pb2,101,iteration_end,299,6,2951,2951,True,c393fde47f894a68,c393fde47f894a68,True
PB,pb2,101,iteration_end,299,7,2811,2811,True,4aba923686e12970,4aba923686e12970,True
PB,pb2,101,iteration_end,299,8,2788,2788,True,140265258d5a41bb,140265258d5a41bb,True
PB,pb2,101,iteration_end,299,9,2788,2788,True,140265258d5a41bb,140265258d5a41bb,True
PB,pb2,101,iteration_end,299,10,2786,2786,True,090fe1607c64f23e,090fe1607c64f23e,True
PB,pb2,101,iteration_end,299,11,2638,2638,True,849621020cdf779a,849621020cdf779a,True
PB,pb2,101,iteration_end,299,12,2629,2629,True,3366acf9941ad152,3366acf9941ad152,True
PB,pb2,101,iteration_end,299,13,2595,2595,True,c370ce134dfafc59,c370ce134dfafc59,True
PB,pb2,101,iteration_end,299,14,2549,2549,True,8e0d64b21bdb496d,8e0d64b21bdb496d,True
PB,pb2,101,iteration_end,299,15,2546,2546,True,be332f3185717873,be332f3185717873,True
PB,pb2,101,iteration_end,299,16,2501,2501,True,57f11c2fb11de2c2,57f11c2fb11de2c2,True
PB,pb2,101,iteration_end,299,17,2425,2425,True,03b9b09ac2839eb6,03b9b09ac2839eb6,True
PB,pb2,101,iteration_end,299,18,2344,2344,True,cd55db4d0ac45ac8,cd55db4d0ac45ac8,True
PB,pb2,101,iteration_end,299,19,2312,2312,True,0a9a74d2d8e0e15c,0a9a74d2d8e0e15c,True
PB,pb2,101,iteration_end,300,0,3150,3150,True,e5f90ee5dcf09281,e5f90ee5dcf09281,True
PB,pb2,101,iteration_end,300,1,3057,3057,True,2afd733b8a1e4b0e,2afd733b8a1e4b0e,True
PB,pb2,101,iteration_end,300,2,2925,2925,True,1d847a739849fe14,1d847a739849fe14,True
PB,pb2,101,iteration_end,300,3,2910,2910,True,67ac74a240ba5a26,67ac74a240ba5a26,True
PB,pb2,101,iteration_end,300,4,2887,2887,True,6e95d0a7f29d2f14,6e95d0a7f29d2f14,True
PB,pb2,101,iteration_end,300,5,2886,2886,True,2657059c07547a81,2657059c07547a81,True
PB,pb2,101,iteration_end,300,6,2865,2865,True,7073fe8f3c82c893,7073fe8f3c82c893,True
PB,pb2,101,iteration_end,300,7,2852,2852,True,531f02343d31649d,531f02343d31649d,True
PB,pb2,101,iteration_end,300,8,2846,2846,True,4747b385ae8b3564,4747b385ae8b3564,True
PB,pb2,101,iteration_end,300,9,2845,2845,True,be8fc60899a4836e,be8fc60899a4836e,True
PB,pb2,101,iteration_end,300,10,2815,2815,True,38ca9a3780b2f56a,38ca9a3780b2f56a,True
PB,pb2,101,iteration_end,300,11,2797,2797,True,0367223985340c1c,0367223985340c1c,True
PB,pb2,101,iteration_end,300,12,2788,2788,True,140265258d5a41bb,140265258d5a41bb,True
PB,pb2,101,iteration_end,300,13,2788,2788,True,140265258d5a41bb,140265258d5a41bb,True
PB,pb2,101,iteration_end,300,14,2749,2749,True,040c7f3496a1c673,040c7f3496a1c673,True
PB,pb2,101,iteration_end,300,15,2632,2632,True,ef79674fe5d32503,ef79674fe5d32503,True
PB,pb2,101,iteration_end,300,16,2604,2604,True,b55c609ccfb9258f,b55c609ccfb9258f,True
PB,pb2,101,iteration_end,300,17,2586,2586,True,06637db53890a5bd,06637db53890a5bd,True
PB,pb2,101,iteration_end,300,18,2463,2463,True,85f8ec3fce0de08d,85f8ec3fce0de08d,True
PB,pb2,101,iteration_end,300,19,2395,2395,True,fca383093de7069c,fca383093de7069c,True
PB,pb2,101,iteration_end,301,0,3145,3145,True,4b189348c062ae0a,4b189348c062ae0a,True
PB,pb2,101,iteration_end,301,1,3125,3125,True,faac3ed26de957d6,faac3ed26de957d6,True
PB,pb2,101,iteration_end,301,2,3073,3073,True,5c412fea30b164c5,5c412fea30b164c5,True
PB,pb2,101,iteration_end,301,3,3071,3071,True,4cf86b6c6a7eef4c,4cf86b6c6a7eef4c,True
PB,pb2,101,iteration_end,301,4,3033,3033,True,f8ced544c40e981c,f8ced544c40e981c,True
PB,pb2,101,iteration_end,301,5,3010,3010,True,a80288d128f2c58e,a80288d128f2c58e,True
PB,pb2,101,iteration_end,301,6,2997,2997,True,2836460419b4bf16,2836460419b4bf16,True
PB,pb2,101,iteration_end,301,7,2984,2984,True,485b14da0c51f9b6,485b14da0c51f9b6,True
PB,pb2,101,iteration_end,301,8,2962,2962,True,13ab7d6eadd271d7,13ab7d6eadd271d7,True
PB,pb2,101,iteration_end,301,9,2828,2828,True,324266c735e8c733,324266c735e8c733,True
PB,pb2,101,iteration_end,301,10,2828,2828,True,324266c735e8c733,324266c735e8c733,True
PB,pb2,101,iteration_end,301,11,2800,2800,True,5a432f1e2f38db54,5a432f1e2f38db54,True
PB,pb2,101,iteration_end,301,12,2788,2788,True,140265258d5a41bb,140265258d5a41bb,True
PB,pb2,101,iteration_end,301,13,2788,2788,True,140265258d5a41bb,140265258d5a41bb,True
PB,pb2,101,iteration_end,301,14,2788,2788,True,140265258d5a41bb,140265258d5a41bb,True
PB,pb2,101,iteration_end,301,15,2788,2788,True,140265258d5a41bb,140265258d5a41bb,True
PB,pb2,101,iteration_end,301,16,2647,2647,True,de31217989ecf08e,de31217989ecf08e,True
PB,pb2,101,iteration_end,301,17,2579,2579,True,80389b646634e5ea,80389b646634e5ea,True
PB,pb2,101,iteration_end,301,18,2537,2537,True,f5dae68a853e2955,f5dae68a853e2955,True
PB,pb2,101,iteration_end,301,19,2266,2266,True,6ea96040b0f33e67,6ea96040b0f33e67,True
PB,pb2,101,iteration_end,302,0,3159,3159,True,c36784e1acdcaee6,c36784e1acdcaee6,True
PB,pb2,101,iteration_end,302,1,3159,3159,True,c36784e1acdcaee6,c36784e1acdcaee6,True
PB,pb2,101,iteration_end,302,2,2973,2973,True,dbadb4792958b17a,dbadb4792958b17a,True
PB,pb2,101,iteration_end,302,3,2961,2961,True,df939f4824b5c5dd,df939f4824b5c5dd,True
PB,pb2,101,iteration_end,302,4,2950,2950,True,200f3dc8ec5862a8,200f3dc8ec5862a8,True
PB,pb2,101,iteration_end,302,5,2920,2920,True,153693d5f15af47d,153693d5f15af47d,True
PB,pb2,101,iteration_end,302,6,2887,2887,True,9fcbbb37e6253c09,9fcbbb37e6253c09,True
PB,pb2,101,iteration_end,302,7,2877,2877,True,223e7db029250e4a,223e7db029250e4a,True
PB,pb2,101,iteration_end,302,8,2801,2801,True,f04a48552a55b929,f04a48552a55b929,True
PB,pb2,101,iteration_end,302,9,2788,2788,True,140265258d5a41bb,140265258d5a41bb,True
PB,pb2,101,iteration_end,302,10,2788,2788,True,140265258d5a41bb,140265258d5a41bb,True
PB,pb2,101,iteration_end,302,11,2788,2788,True,140265258d5a41bb,140265258d5a41bb,True
PB,pb2,101,iteration_end,302,12,2788,2788,True,140265258d5a41bb,140265258d5a41bb,True
PB,pb2,101,iteration_end,302,13,2788,2788,True,140265258d5a41bb,140265258d5a41bb,True
PB,pb2,101,iteration_end,302,14,2786,2786,True,090fe1607c64f23e,090fe1607c64f23e,True
PB,pb2,101,iteration_end,302,15,2786,2786,True,090fe1607c64f23e,090fe1607c64f23e,True
PB,pb2,101,iteration_end,302,16,2786,2786,True,090fe1607c64f23e,090fe1607c64f23e,True
PB,pb2,101,iteration_end,302,17,2755,2755,True,f029ce6cabb6bb4c,f029ce6cabb6bb4c,True
PB,pb2,101,iteration_end,302,18,2709,2709,True,6fa46f015a2691d9,6fa46f015a2691d9,True
PB,pb2,101,iteration_end,302,19,2632,2632,True,5f4c71c36605fcd6,5f4c71c36605fcd6,True
PB,pb2,101,iteration_end,303,0,3033,3033,True,f8ced544c40e981c,f8ced544c40e981c,True
PB,pb2,101,iteration_end,303,1,3033,3033,True,f8ced544c40e981c,f8ced544c40e981c,True
PB,pb2,101,iteration_end,303,2,3029,3029,True,6c87127ae5ca5a8e,6c87127ae5ca5a8e,True
PB,pb2,101,iteration_end,303,3,3010,3010,True,a80288d128f2c58e,a80288d128f2c58e,True
PB,pb2,101,iteration_end,303,4,3010,3010,True,a80288d128f2c58e,a80288d128f2c58e,True
PB,pb2,101,iteration_end,303,5,2984,2984,True,485b14da0c51f9b6,485b14da0c51f9b6,True
PB,pb2,101,iteration_end,303,6,2952,2952,True,77131c109f2174ce,77131c109f2174ce,True
PB,pb2,101,iteration_end,303,7,2933,2933,True,52abd5ca88014352,52abd5ca88014352,True
PB,pb2,101,iteration_end,303,8,2891,2891,True,adfb4a6ef87f4f0e,adfb4a6ef87f4f0e,True
PB,pb2,101,iteration_end,303,9,2860,2860,True,0b377ae831c3562c,0b377ae831c3562c,True
PB,pb2,101,iteration_end,303,10,2836,2836,True,cd2fab2c4cbfe91a,cd2fab2c4cbfe91a,True
PB,pb2,101,iteration_end,303,11,2821,2821,True,0ab547a4c7286ee6,0ab547a4c7286ee6,True
PB,pb2,101,iteration_end,303,12,2788,2788,True,140265258d5a41bb,140265258d5a41bb,True
PB,pb2,101,iteration_end,303,13,2786,2786,True,090fe1607c64f23e,090fe1607c64f23e,True
PB,pb2,101,iteration_end,303,14,2731,2731,True,521932b4d980c592,521932b4d980c592,True
PB,pb2,101,iteration_end,303,15,2703,2703,True,5d02a3e12ace6cbb,5d02a3e12ace6cbb,True
PB,pb2,101,iteration_end,303,16,2632,2632,True,5f4c71c36605fcd6,5f4c71c36605fcd6,True
PB,pb2,101,iteration_end,303,17,2499,2499,True,5a304d5b22985ee9,5a304d5b22985ee9,True
PB,pb2,101,iteration_end,303,18,2452,2452,True,d2d2cfdcdbd5d1fd,d2d2cfdcdbd5d1fd,True
PB,pb2,101,iteration_end,303,19,2432,2432,True,907286ba2bfa1972,907286ba2bfa1972,True
PB,pb2,101,iteration_end,304,0,3080,3080,True,b357325779036c92,b357325779036c92,True
PB,pb2,101,iteration_end,304,1,3033,3033,True,f8ced544c40e981c,f8ced544c40e981c,True
PB,pb2,101,iteration_end,304,2,3033,3033,True,f8ced544c40e981c,f8ced544c40e981c,True
PB,pb2,101,iteration_end,304,3,3033,3033,True,f8ced544c40e981c,f8ced544c40e981c,True
PB,pb2,101,iteration_end,304,4,2984,2984,True,485b14da0c51f9b6,485b14da0c51f9b6,True
PB,pb2,101,iteration_end,304,5,2968,2968,True,5d71b1f7b7651167,5d71b1f7b7651167,True
PB,pb2,101,iteration_end,304,6,2935,2935,True,9fb9d143e2890bef,9fb9d143e2890bef,True
PB,pb2,101,iteration_end,304,7,2899,2899,True,2cbddfb827f2dc26,2cbddfb827f2dc26,True
PB,pb2,101,iteration_end,304,8,2898,2898,True,c3169cdd73ac468d,c3169cdd73ac468d,True
PB,pb2,101,iteration_end,304,9,2890,2890,True,bfaf961097cdc060,bfaf961097cdc060,True
PB,pb2,101,iteration_end,304,10,2889,2889,True,b7bcdf63ab584110,b7bcdf63ab584110,True
PB,pb2,101,iteration_end,304,11,2837,2837,True,6f4405e1e2bf4e97,6f4405e1e2bf4e97,True
PB,pb2,101,iteration_end,304,12,2788,2788,True,140265258d5a41bb,140265258d5a41bb,True
PB,pb2,101,iteration_end,304,13,2766,2766,True,950a21685100e467,950a21685100e467,True
PB,pb2,101,iteration_end,304,14,2737,2737,True,bae4dd21d7ce7364,bae4dd21d7ce7364,True
PB,pb2,101,iteration_end,304,15,2737,2737,True,bae4dd21d7ce7364,bae4dd21d7ce7364,True
PB,pb2,101,iteration_end,304,16,2691,2691,True,b7655d8e7c6a560f,b7655d8e7c6a560f,True
PB,pb2,101,iteration_end,304,17,2626,2626,True,99a7ea63a3affd42,99a7ea63a3affd42,True
PB,pb2,101,iteration_end,304,18,2623,2623,True,46715ec3cfd403b6,46715ec3cfd403b6,True
PB,pb2,101,iteration_end,304,19,2537,2537,True,f5dae68a853e2955,f5dae68a853e2955,True
PB,pb2,101,iteration_end,305,0,3050,3050,True,ebad25decdac96a7,ebad25decdac96a7,True
PB,pb2,101,iteration_end,305,1,3033,3033,True,f8ced544c40e981c,f8ced544c40e981c,True
PB,pb2,101,iteration_end,305,2,3029,3029,True,6c87127ae5ca5a8e,6c87127ae5ca5a8e,True
PB,pb2,101,iteration_end,305,3,3022,3022,True,fa4c02c071fb77bb,fa4c02c071fb77bb,True
PB,pb2,101,iteration_end,305,4,3010,3010,True,a80288d128f2c58e,a80288d128f2c58e,True
PB,pb2,101,iteration_end,305,5,3010,3010,True,a80288d128f2c58e,a80288d128f2c58e,True
PB,pb2,101,iteration_end,305,6,2991,2991,True,75e19e090cd5221c,75e19e090cd5221c,True
PB,pb2,101,iteration_end,305,7,2984,2984,True,485b14da0c51f9b6,485b14da0c51f9b6,True
PB,pb2,101,iteration_end,305,8,2888,2888,True,115a7b1d2fdad567,115a7b1d2fdad567,True
PB,pb2,101,iteration_end,305,9,2886,2886,True,2657059c07547a81,2657059c07547a81,True
PB,pb2,101,iteration_end,305,10,2810,2810,True,fefbb2ecd3368cd3,fefbb2ecd3368cd3,True
PB,pb2,101,iteration_end,305,11,2788,2788,True,140265258d5a41bb,140265258d5a41bb,True
PB,pb2,101,iteration_end,305,12,2786,2786,True,090fe1607c64f23e,090fe1607c64f23e,True
PB,pb2,101,iteration_end,305,13,2786,2786,True,090fe1607c64f23e,090fe1607c64f23e,True
PB,pb2,101,iteration_end,305,14,2759,2759,True,3ed30f8d6938b2a3,3ed30f8d6938b2a3,True
PB,pb2,101,iteration_end,305,15,2715,2715,True,7b6271a07d4b4c18,7b6271a07d4b4c18,True
PB,pb2,101,iteration_end,305,16,2696,2696,True,92b616a9ac17decf,92b616a9ac17decf,True
PB,pb2,101,iteration_end,305,17,2693,2693,True,5cbc032fd67a4884,5cbc032fd67a4884,True
PB,pb2,101,iteration_end,305,18,2352,2352,True,d59e0dd355026f2e,d59e0dd355026f2e,True
PB,pb2,101,iteration_end,305,19,2293,2293,True,9209845c0382c8d4,9209845c0382c8d4,True
PB,pb2,101,iteration_end,306,0,3075,3075,True,6ad2b468e4ebf60a,6ad2b468e4ebf60a,True
PB,pb2,101,iteration_end,306,1,3041,3041,True,1689bc5cbfd9299d,1689bc5cbfd9299d,True
PB,pb2,101,iteration_end,306,2,3033,3033,True,f8ced544c40e981c,f8ced544c40e981c,True
PB,pb2,101,iteration_end,306,3,3013,3013,True,73b8cad41f22d056,73b8cad41f22d056,True
PB,pb2,101,iteration_end,306,4,3010,3010,True,a80288d128f2c58e,a80288d128f2c58e,True
PB,pb2,101,iteration_end,306,5,3010,3010,True,a80288d128f2c58e,a80288d128f2c58e,True
PB,pb2,101,iteration_end,306,6,2984,2984,True,485b14da0c51f9b6,485b14da0c51f9b6,True
PB,pb2,101,iteration_end,306,7,2933,2933,True,6e7507ca8f54aaeb,6e7507ca8f54aaeb,True
PB,pb2,101,iteration_end,306,8,2923,2923,True,de1c48b9c0ef84ed,de1c48b9c0ef84ed,True
PB,pb2,101,iteration_end,306,9,2908,2908,True,79e238ad410b5810,79e238ad410b5810,True
PB,pb2,101,iteration_end,306,10,2862,2862,True,924b566c2bc12210,924b566c2bc12210,True
PB,pb2,101,iteration_end,306,11,2837,2837,True,6f4405e1e2bf4e97,6f4405e1e2bf4e97,True
PB,pb2,101,iteration_end,306,12,2788,2788,True,140265258d5a41bb,140265258d5a41bb,True
PB,pb2,101,iteration_end,306,13,2779,2779,True,87638a371245f373,87638a371245f373,True
PB,pb2,101,iteration_end,306,14,2747,2747,True,9eceb99a32ac0279,9eceb99a32ac0279,True
PB,pb2,101,iteration_end,306,15,2741,2741,True,36be0bcce4bd5d5d,36be0bcce4bd5d5d,True
PB,pb2,101,iteration_end,306,16,2737,2737,True,bae4dd21d7ce7364,bae4dd21d7ce7364,True
PB,pb2,101,iteration_end,306,17,2720,2720,True,26b3d3ff4e520ef8,26b3d3ff4e520ef8,True
PB,pb2,101,iteration_end,306,18,2711,2711,True,a7bbba543523138c,a7bbba543523138c,True
PB,pb2,101,iteration_end,306,19,2566,2566,True,e9978cfb131c37b7,e9978cfb131c37b7,True
PB,pb2,101,iteration_end,307,0,3038,3038,True,24b2ebc328a1a796,24b2ebc328a1a796,True
PB,pb2,101,iteration_end,307,1,3036,3036,True,740be444d7f2f916,740be444d7f2f916,True
PB,pb2,101,iteration_end,307,2,3033,3033,True,f8ced544c40e981c,f8ced544c40e981c,True
PB,pb2,101,iteration_end,307,3,3033,3033,True,f8ced544c40e981c,f8ced544c40e981c,True
PB,pb2,101,iteration_end,307,4,3005,3005,True,8b6f2703d4833715,8b6f2703d4833715,True
PB,pb2,101,iteration_end,307,5,3003,3003,True,b1f4ab3cb0b4c21b,b1f4ab3cb0b4c21b,True
PB,pb2,101,iteration_end,307,6,2995,2995,True,46fb31500f4df466,46fb31500f4df466,True
PB,pb2,101,iteration_end,307,7,2984,2984,True,485b14da0c51f9b6,485b14da0c51f9b6,True
PB,pb2,101,iteration_end,307,8,2976,2976,True,d8dea5f4bf3d50b3,d8dea5f4bf3d50b3,True
PB,pb2,101,iteration_end,307,9,2903,2903,True,33544206e0ce584a,33544206e0ce584a,True
PB,pb2,101,iteration_end,307,10,2898,2898,True,283f7244d70cc95e,283f7244d70cc95e,True
PB,pb2,101,iteration_end,307,11,2894,2894,True,bf21c36fe5e705fa,bf21c36fe5e705fa,True
PB,pb2,101,iteration_end,307,12,2822,2822,True,bb2c075cf91267c0,bb2c075cf91267c0,True
PB,pb2,101,iteration_end,307,13,2817,2817,True,d9760e4c21243364,d9760e4c21243364,True
PB,pb2,101,iteration_end,307,14,2788,2788,True,140265258d5a41bb,140265258d5a41bb,True
PB,pb2,101,iteration_end,307,15,2775,2775,True,3454cb3da76d0cb8,3454cb3da76d0cb8,True
PB,pb2,101,iteration_end,307,16,2700,2700,True,4ec64f3369397702,4ec64f3369397702,True
PB,pb2,101,iteration_end,307,17,2541,2541,True,1ec29096af078baa,1ec29096af078baa,True
PB,pb2,101,iteration_end,307,18,2498,2498,True,ad7e96379523d029,ad7e96379523d029,True
PB,pb2,101,iteration_end,307,19,2458,2458,True,1b66d2f4bf1f6f9f,1b66d2f4bf1f6f9f,True
PB,pb2,101,iteration_end,308,0,3101,3101,True,ad266a2a61d13e16,ad266a2a61d13e16,True
PB,pb2,101,iteration_end,308,1,3078,3078,True,311dc448b5cc6733,311dc448b5cc6733,True
PB,pb2,101,iteration_end,308,2,3061,3061,True,54a9909dbe832f6a,54a9909dbe832f6a,True
PB,pb2,101,iteration_end,308,3,3033,3033,True,f8ced544c40e981c,f8ced544c40e981c,True
PB,pb2,101,iteration_end,308,4,3033,3033,True,f8ced544c40e981c,f8ced544c40e981c,True
PB,pb2,101,iteration_end,308,5,3031,3031,True,d816c6257cd9848b,d816c6257cd9848b,True
PB,pb2,101,iteration_end,308,6,2984,2984,True,ec977ac6cad3ed48,ec977ac6cad3ed48,True
PB,pb2,101,iteration_end,308,7,2945,2945,True,a063fa4bd9b612c2,a063fa4bd9b612c2,True
PB,pb2,101,iteration_end,308,8,2886,2886,True,57c5cd292304d587,57c5cd292304d587,True
PB,pb2,101,iteration_end,308,9,2875,2875,True,a92d3f9fdafb60f6,a92d3f9fdafb60f6,True
PB,pb2,101,iteration_end,308,10,2872,2872,True,f71b5fe97dffdbe9,f71b5fe97dffdbe9,True
PB,pb2,101,iteration_end,308,11,2788,2788,True,140265258d5a41bb,140265258d5a41bb,True
PB,pb2,101,iteration_end,308,12,2788,2788,True,140265258d5a41bb,140265258d5a41bb,True
PB,pb2,101,iteration_end,308,13,2788,2788,True,140265258d5a41bb,140265258d5a41bb,True
PB,pb2,101,iteration_end,308,14,2788,2788,True,140265258d5a41bb,140265258d5a41bb,True
PB,pb2,101,iteration_end,308,15,2786,2786,True,090fe1607c64f23e,090fe1607c64f23e,True
PB,pb2,101,iteration_end,308,16,2771,2771,True,1e7314689cf177b7,1e7314689cf177b7,True
PB,pb2,101,iteration_end,308,17,2698,2698,True,98c367b8d86b8dbe,98c367b8d86b8dbe,True
PB,pb2,101,iteration_end,308,18,2533,2533,True,bc4b67fab3b071f1,bc4b67fab3b071f1,True
PB,pb2,101,iteration_end,308,19,2484,2484,True,49c9e4d73eea6dfa,49c9e4d73eea6dfa,True
PB,pb2,101,iteration_end,309,0,3159,3159,True,c36784e1acdcaee6,c36784e1acdcaee6,True
PB,pb2,101,iteration_end,309,1,3057,3057,True,2afd733b8a1e4b0e,2afd733b8a1e4b0e,True
PB,pb2,101,iteration_end,309,2,3033,3033,True,f8ced544c40e981c,f8ced544c40e981c,True
PB,pb2,101,iteration_end,309,3,3010,3010,True,a80288d128f2c58e,a80288d128f2c58e,True
PB,pb2,101,iteration_end,309,4,2984,2984,True,485b14da0c51f9b6,485b14da0c51f9b6,True
PB,pb2,101,iteration_end,309,5,2959,2959,True,c321c0c8db27d088,c321c0c8db27d088,True
PB,pb2,101,iteration_end,309,6,2910,2910,True,5491b1a0c99fd698,5491b1a0c99fd698,True
PB,pb2,101,iteration_end,309,7,2868,2868,True,946a615856bf9036,946a615856bf9036,True
PB,pb2,101,iteration_end,309,8,2839,2839,True,2bb0679f2685af1f,2bb0679f2685af1f,True
PB,pb2,101,iteration_end,309,9,2837,2837,True,6f4405e1e2bf4e97,6f4405e1e2bf4e97,True
PB,pb2,101,iteration_end,309,10,2802,2802,True,3809f418dd9dfe6c,3809f418dd9dfe6c,True
PB,pb2,101,iteration_end,309,11,2788,2788,True,140265258d5a41bb,140265258d5a41bb,True
PB,pb2,101,iteration_end,309,12,2788,2788,True,140265258d5a41bb,140265258d5a41bb,True
PB,pb2,101,iteration_end,309,13,2788,2788,True,140265258d5a41bb,140265258d5a41bb,True
PB,pb2,101,iteration_end,309,14,2788,2788,True,140265258d5a41bb,140265258d5a41bb,True
PB,pb2,101,iteration_end,309,15,2762,2762,True,a2da7ff7e95e68b4,a2da7ff7e95e68b4,True
PB,pb2,101,iteration_end,309,16,2746,2746,True,aa62dc2bcf48bbe7,aa62dc2bcf48bbe7,True
PB,pb2,101,iteration_end,309,17,2685,2685,True,682e5f8085cff56d,682e5f8085cff56d,True
PB,pb2,101,iteration_end,309,18,2622,2622,True,346ba7dd47e61b0c,346ba7dd47e61b0c,True
PB,pb2,101,iteration_end,309,19,2586,2586,True,06637db53890a5bd,06637db53890a5bd,True
PB,pb2,101,iteration_end,310,0,3133,3133,True,1c8537b3e4ff86aa,1c8537b3e4ff86aa,True
PB,pb2,101,iteration_end,310,1,3131,3131,True,6c6486f78035b859,6c6486f78035b859,True
PB,pb2,101,iteration_end,310,2,3033,3033,True,f8ced544c40e981c,f8ced544c40e981c,True
PB,pb2,101,iteration_end,310,3,3010,3010,True,a80288d128f2c58e,a80288d128f2c58e,True
PB,pb2,101,iteration_end,310,4,3010,3010,True,a80288d128f2c58e,a80288d128f2c58e,True
PB,pb2,101,iteration_end,310,5,3010,3010,True,a80288d128f2c58e,a80288d128f2c58e,True
PB,pb2,101,iteration_end,310,6,2961,2961,True,df939f4824b5c5dd,df939f4824b5c5dd,True
PB,pb2,101,iteration_end,310,7,2961,2961,True,df939f4824b5c5dd,df939f4824b5c5dd,True
PB,pb2,101,iteration_end,310,8,2948,2948,True,83ab60f2f2c2f3f4,83ab60f2f2c2f3f4,True
PB,pb2,101,iteration_end,310,9,2918,2918,True,e30b2f38fd3116e8,e30b2f38fd3116e8,True
PB,pb2,101,iteration_end,310,10,2871,2871,True,0862c070bf86f029,0862c070bf86f029,True
PB,pb2,101,iteration_end,310,11,2837,2837,True,6f4405e1e2bf4e97,6f4405e1e2bf4e97,True
PB,pb2,101,iteration_end,310,12,2823,2823,True,122bd7ef11c0efa4,122bd7ef11c0efa4,True
PB,pb2,101,iteration_end,310,13,2788,2788,True,140265258d5a41bb,140265258d5a41bb,True
PB,pb2,101,iteration_end,310,14,2784,2784,True,1cc7062e3ac3d004,1cc7062e3ac3d004,True
PB,pb2,101,iteration_end,310,15,2714,2714,True,0b070989e431fe9d,0b070989e431fe9d,True
PB,pb2,101,iteration_end,310,16,2540,2540,True,4d632b04fdfab8fa,4d632b04fdfab8fa,True
PB,pb2,101,iteration_end,310,17,2398,2398,True,6e552b853677a6f3,6e552b853677a6f3,True
PB,pb2,101,iteration_end,310,18,2286,2286,True,157c851c12e8e342,157c851c12e8e342,True
PB,pb2,101,iteration_end,310,19,2238,2238,True,59505b1f8d205c13,59505b1f8d205c13,True
PB,pb2,101,iteration_end,311,0,3101,3101,True,ad266a2a61d13e16,ad266a2a61d13e16,True
PB,pb2,101,iteration_end,311,1,3075,3075,True,1f5c7157d277d0b6,1f5c7157d277d0b6,True
PB,pb2,101,iteration_end,311,2,3070,3070,True,b4b285ccc7b5b3f0,b4b285ccc7b5b3f0,True
PB,pb2,101,iteration_end,311,3,3010,3010,True,a80288d128f2c58e,a80288d128f2c58e,True
PB,pb2,101,iteration_end,311,4,2992,2992,True,ad1db441845f7405,ad1db441845f7405,True
PB,pb2,101,iteration_end,311,5,2961,2961,True,df939f4824b5c5dd,df939f4824b5c5dd,True
PB,pb2,101,iteration_end,311,6,2788,2788,True,140265258d5a41bb,140265258d5a41bb,True
PB,pb2,101,iteration_end,311,7,2788,2788,True,140265258d5a41bb,140265258d5a41bb,True
PB,pb2,101,iteration_end,311,8,2788,2788,True,140265258d5a41bb,140265258d5a41bb,True
PB,pb2,101,iteration_end,311,9,2786,2786,True,090fe1607c64f23e,090fe1607c64f23e,True
PB,pb2,101,iteration_end,311,10,2761,2761,True,771b0c93aee09317,771b0c93aee09317,True
PB,pb2,101,iteration_end,311,11,2742,2742,True,b487397d6ce2cb56,b487397d6ce2cb56,True
PB,pb2,101,iteration_end,311,12,2741,2741,True,5b6ab09ddecf48e1,5b6ab09ddecf48e1,True
PB,pb2,101,iteration_end,311,13,2739,2739,True,9004917414671e96,9004917414671e96,True
PB,pb2,101,iteration_end,311,14,2713,2713,True,78a0e054a9a042b7,78a0e054a9a042b7,True
PB,pb2,101,iteration_end,311,15,2672,2672,True,088acd7cba919a82,088acd7cba919a82,True
PB,pb2,101,iteration_end,311,16,2643,2643,True,03f3462aa2500638,03f3462aa2500638,True
PB,pb2,101,iteration_end,311,17,2630,2630,True,6b8b7fe1c9d04041,6b8b7fe1c9d04041,True
PB,pb2,101,iteration_end,311,18,2586,2586,True,06637db53890a5bd,06637db53890a5bd,True
PB,pb2,101,iteration_end,311,19,2432,2432,True,907286ba2bfa1972,907286ba2bfa1972,True
PB,pb2,101,iteration_end,312,0,3080,3080,True,88bd74f9d2ec0235,88bd74f9d2ec0235,True
PB,pb2,101,iteration_end,312,1,3052,3052,True,cadf7f0babf15889,cadf7f0babf15889,True
PB,pb2,101,iteration_end,312,2,3033,3033,True,f8ced544c40e981c,f8ced544c40e981c,True
PB,pb2,101,iteration_end,312,3,3005,3005,True,5800f0aab77256ed,5800f0aab77256ed,True
PB,pb2,101,iteration_end,312,4,3002,3002,True,06aa0080201cd8e4,06aa0080201cd8e4,True
PB,pb2,101,iteration_end,312,5,2983,2983,True,53ace7fd863f9cba,53ace7fd863f9cba,True
PB,pb2,101,iteration_end,312,6,2958,2958,True,06d57c8c7d9ed8ae,06d57c8c7d9ed8ae,True
PB,pb2,101,iteration_end,312,7,2955,2955,True,29226ac185b75816,29226ac185b75816,True
PB,pb2,101,iteration_end,312,8,2935,2935,True,a1cdb0e8aa444478,a1cdb0e8aa444478,True
PB,pb2,101,iteration_end,312,9,2901,2901,True,b365da755034ae0b,b365da755034ae0b,True
PB,pb2,101,iteration_end,312,10,2860,2860,True,ff86f17eb587231b,ff86f17eb587231b,True
PB,pb2,101,iteration_end,312,11,2842,2842,True,395b761d234d1633,395b761d234d1633,True
PB,pb2,101,iteration_end,312,12,2788,2788,True,140265258d5a41bb,140265258d5a41bb,True
PB,pb2,101,iteration_end,312,13,2788,2788,True,140265258d5a41bb,140265258d5a41bb,True
PB,pb2,101,iteration_end,312,14,2788,2788,True,140265258d5a41bb,140265258d5a41bb,True
PB,pb2,101,iteration_end,312,15,2788,2788,True,140265258d5a41bb,140265258d5a41bb,True
PB,pb2,101,iteration_end,312,16,2788,2788,True,140265258d5a41bb,140265258d5a41bb,True
PB,pb2,101,iteration_end,312,17,2779,2779,True,87638a371245f373,87638a371245f373,True
PB,pb2,101,iteration_end,312,18,2632,2632,True,5f4c71c36605fcd6,5f4c71c36605fcd6,True
PB,pb2,101,iteration_end,312,19,2329,2329,True,a13d2de0d1bf4493,a13d2de0d1bf4493,True
PB,pb2,101,iteration_end,313,0,3159,3159,True,c36784e1acdcaee6,c36784e1acdcaee6,True
PB,pb2,101,iteration_end,313,1,3064,3064,True,af4cd267aae2f917,af4cd267aae2f917,True
PB,pb2,101,iteration_end,313,2,3010,3010,True,a80288d128f2c58e,a80288d128f2c58e,True
PB,pb2,101,iteration_end,313,3,2995,2995,True,46fb31500f4df466,46fb31500f4df466,True
PB,pb2,101,iteration_end,313,4,2984,2984,True,485b14da0c51f9b6,485b14da0c51f9b6,True
PB,pb2,101,iteration_end,313,5,2949,2949,True,90eadaeb81f9874c,90eadaeb81f9874c,True
PB,pb2,101,iteration_end,313,6,2949,2949,True,e583b70f5a02365f,e583b70f5a02365f,True
PB,pb2,101,iteration_end,313,7,2923,2923,True,62416a1be0a05832,62416a1be0a05832,True
PB,pb2,101,iteration_end,313,8,2894,2894,True,bf21c36fe5e705fa,bf21c36fe5e705fa,True
PB,pb2,101,iteration_end,313,9,2893,2893,True,2fa5d1dc1d4dc570,2fa5d1dc1d4dc570,True
PB,pb2,101,iteration_end,313,10,2840,2840,True,22b377c7a7fc47b1,22b377c7a7fc47b1,True
PB,pb2,101,iteration_end,313,11,2803,2803,True,6f3b61498a8d78c0,6f3b61498a8d78c0,True
PB,pb2,101,iteration_end,313,12,2794,2794,True,041f2f4a2a07ff61,041f2f4a2a07ff61,True
PB,pb2,101,iteration_end,313,13,2788,2788,True,140265258d5a41bb,140265258d5a41bb,True
PB,pb2,101,iteration_end,313,14,2788,2788,True,140265258d5a41bb,140265258d5a41bb,True
PB,pb2,101,iteration_end,313,15,2786,2786,True,090fe1607c64f23e,090fe1607c64f23e,True
PB,pb2,101,iteration_end,313,16,2632,2632,True,5f4c71c36605fcd6,5f4c71c36605fcd6,True
PB,pb2,101,iteration_end,313,17,2583,2583,True,6b1efdf249040cd9,6b1efdf249040cd9,True
PB,pb2,101,iteration_end,313,18,2463,2463,True,ffd660f8d9eb3e63,ffd660f8d9eb3e63,True
PB,pb2,101,iteration_end,313,19,2436,2436,True,623574775602f155,623574775602f155,True
PB,pb2,101,iteration_end,314,0,3033,3033,True,f8ced544c40e981c,f8ced544c40e981c,True
PB,pb2,101,iteration_end,314,1,3033,3033,True,f8ced544c40e981c,f8ced544c40e981c,True
PB,pb2,101,iteration_end,314,2,3010,3010,True,a80288d128f2c58e,a80288d128f2c58e,True
PB,pb2,101,iteration_end,314,3,2984,2984,True,485b14da0c51f9b6,485b14da0c51f9b6,True
PB,pb2,101,iteration_end,314,4,2895,2895,True,ac45106d7762bc5e,ac45106d7762bc5e,True
PB,pb2,101,iteration_end,314,5,2878,2878,True,ca74830cbdf4b502,ca74830cbdf4b502,True
PB,pb2,101,iteration_end,314,6,2837,2837,True,6f4405e1e2bf4e97,6f4405e1e2bf4e97,True
PB,pb2,101,iteration_end,314,7,2837,2837,True,6f4405e1e2bf4e97,6f4405e1e2bf4e97,True
PB,pb2,101,iteration_end,314,8,2825,2825,True,d73e81da2b9a5af4,d73e81da2b9a5af4,True
PB,pb2,101,iteration_end,314,9,2788,2788,True,140265258d5a41bb,140265258d5a41bb,True
PB,pb2,101,iteration_end,314,10,2788,2788,True,140265258d5a41bb,140265258d5a41bb,True
PB,pb2,101,iteration_end,314,11,2724,2724,True,d5424dab50d90284,d5424dab50d90284,True
PB,pb2,101,iteration_end,314,12,2628,2628,True,f2026fbe056a23da,f2026fbe056a23da,True
PB,pb2,101,iteration_end,314,13,2586,2586,True,06637db53890a5bd,06637db53890a5bd,True
PB,pb2,101,iteration_end,314,14,2548,2548,True,0ff123371a05a2c1,0ff123371a05a2c1,True
PB,pb2,101,iteration_end,314,15,2537,2537,True,f5dae68a853e2955,f5dae68a853e2955,True
PB,pb2,101,iteration_end,314,16,2520,2520,True,50c8c2ae80102e60,50c8c2ae80102e60,True
PB,pb2,101,iteration_end,314,17,2486,2486,True,55fe8ba97a6adb39,55fe8ba97a6adb39,True
PB,pb2,101,iteration_end,314,18,2432,2432,True,907286ba2bfa1972,907286ba2bfa1972,True
PB,pb2,101,iteration_end,314,19,2429,2429,True,8b72da9660b27572,8b72da9660b27572,True
PB,pb2,101,iteration_end,315,0,3078,3078,True,311dc448b5cc6733,311dc448b5cc6733,True
PB,pb2,101,iteration_end,315,1,3033,3033,True,f8ced544c40e981c,f8ced544c40e981c,True
PB,pb2,101,iteration_end,315,2,3033,3033,True,f8ced544c40e981c,f8ced544c40e981c,True
PB,pb2,101,iteration_end,315,3,3033,3033,True,f8ced544c40e981c,f8ced544c40e981c,True
PB,pb2,101,iteration_end,315,4,3033,3033,True,f8ced544c40e981c,f8ced544c40e981c,True
PB,pb2,101,iteration_end,315,5,3033,3033,True,f8ced544c40e981c,f8ced544c40e981c,True
PB,pb2,101,iteration_end,315,6,3010,3010,True,a80288d128f2c58e,a80288d128f2c58e,True
PB,pb2,101,iteration_end,315,7,3010,3010,True,a80288d128f2c58e,a80288d128f2c58e,True
PB,pb2,101,iteration_end,315,8,2961,2961,True,df939f4824b5c5dd,df939f4824b5c5dd,True
PB,pb2,101,iteration_end,315,9,2961,2961,True,df939f4824b5c5dd,df939f4824b5c5dd,True
PB,pb2,101,iteration_end,315,10,2961,2961,True,df939f4824b5c5dd,df939f4824b5c5dd,True
PB,pb2,101,iteration_end,315,11,2941,2941,True,8a129087cd801b89,8a129087cd801b89,True
PB,pb2,101,iteration_end,315,12,2898,2898,True,4060a7817f014f0e,4060a7817f014f0e,True
PB,pb2,101,iteration_end,315,13,2852,2852,True,531f02343d31649d,531f02343d31649d,True
PB,pb2,101,iteration_end,315,14,2829,2829,True,433396ed0eabbb5f,433396ed0eabbb5f,True
PB,pb2,101,iteration_end,315,15,2828,2828,True,324266c735e8c733,324266c735e8c733,True
PB,pb2,101,iteration_end,315,16,2788,2788,True,140265258d5a41bb,140265258d5a41bb,True
PB,pb2,101,iteration_end,315,17,2788,2788,True,140265258d5a41bb,140265258d5a41bb,True
PB,pb2,101,iteration_end,315,18,2632,2632,True,5f4c71c36605fcd6,5f4c71c36605fcd6,True
PB,pb2,101,iteration_end,315,19,2628,2628,True,f2026fbe056a23da,f2026fbe056a23da,True
PB,pb2,101,iteration_end,316,0,3088,3088,True,15fce716e14a5189,15fce716e14a5189,True
PB,pb2,101,iteration_end,316,1,3078,3078,True,311dc448b5cc6733,311dc448b5cc6733,True
PB,pb2,101,iteration_end,316,2,3033,3033,True,f8ced544c40e981c,f8ced544c40e981c,True
PB,pb2,101,iteration_end,316,3,3033,3033,True,f8ced544c40e981c,f8ced544c40e981c,True
PB,pb2,101,iteration_end,316,4,3033,3033,True,f8ced544c40e981c,f8ced544c40e981c,True
PB,pb2,101,iteration_end,316,5,3033,3033,True,f8ced544c40e981c,f8ced544c40e981c,True
PB,pb2,101,iteration_end,316,6,2984,2984,True,485b14da0c51f9b6,485b14da0c51f9b6,True
PB,pb2,101,iteration_end,316,7,2979,2979,True,3fc52203c7753d4c,3fc52203c7753d4c,True
PB,pb2,101,iteration_end,316,8,2920,2920,True,153693d5f15af47d,153693d5f15af47d,True
PB,pb2,101,iteration_end,316,9,2908,2908,True,4f577358dad38cfb,4f577358dad38cfb,True
PB,pb2,101,iteration_end,316,10,2900,2900,True,d02a1c76a27ca1dc,d02a1c76a27ca1dc,True
PB,pb2,101,iteration_end,316,11,2837,2837,True,6f4405e1e2bf4e97,6f4405e1e2bf4e97,True
PB,pb2,101,iteration_end,316,12,2837,2837,True,6f4405e1e2bf4e97,6f4405e1e2bf4e97,True
PB,pb2,101,iteration_end,316,13,2829,2829,True,433396ed0eabbb5f,433396ed0eabbb5f,True
PB,pb2,101,iteration_end,316,14,2788,2788,True,140265258d5a41bb,140265258d5a41bb,True
PB,pb2,101,iteration_end,316,15,2786,2786,True,090fe1607c64f23e,090fe1607c64f23e,True
PB,pb2,101,iteration_end,316,16,2786,2786,True,090fe1607c64f23e,090fe1607c64f23e,True
PB,pb2,101,iteration_end,316,17,2564,2564,True,f3df474a35924093,f3df474a35924093,True
PB,pb2,101,iteration_end,316,18,2537,2537,True,f5dae68a853e2955,f5dae68a853e2955,True
PB,pb2,101,iteration_end,316,19,2537,2537,True,f5dae68a853e2955,f5dae68a853e2955,True
PB,pb2,101,iteration_end,317,0,3075,3075,True,324ac99baabeb835,324ac99baabeb835,True
PB,pb2,101,iteration_end,317,1,3057,3057,True,2afd733b8a1e4b0e,2afd733b8a1e4b0e,True
PB,pb2,101,iteration_end,317,2,3029,3029,True,6c87127ae5ca5a8e,6c87127ae5ca5a8e,True
PB,pb2,101,iteration_end,317,3,3010,3010,True,a80288d128f2c58e,a80288d128f2c58e,True
PB,pb2,101,iteration_end,317,4,3010,3010,True,a80288d128f2c58e,a80288d128f2c58e,True
PB,pb2,101,iteration_end,317,5,2961,2961,True,df939f4824b5c5dd,df939f4824b5c5dd,True
PB,pb2,101,iteration_end,317,6,2925,2925,True,1d847a739849fe14,1d847a739849fe14,True
PB,pb2,101,iteration_end,317,7,2837,2837,True,6f4405e1e2bf4e97,6f4405e1e2bf4e97,True
PB,pb2,101,iteration_end,317,8,2791,2791,True,5f81c2264bb5f0a0,5f81c2264bb5f0a0,True
PB,pb2,101,iteration_end,317,9,2788,2788,True,140265258d5a41bb,140265258d5a41bb,True
PB,pb2,101,iteration_end,317,10,2788,2788,True,140265258d5a41bb,140265258d5a41bb,True
PB,pb2,101,iteration_end,317,11,2786,2786,True,090fe1607c64f23e,090fe1607c64f23e,True
PB,pb2,101,iteration_end,317,12,2786,2786,True,090fe1607c64f23e,090fe1607c64f23e,True
PB,pb2,101,iteration_end,317,13,2765,2765,True,3d1f566f12596fe6,3d1f566f12596fe6,True
PB,pb2,101,iteration_end,317,14,2742,2742,True,5595f6eacab4166a,5595f6eacab4166a,True
PB,pb2,101,iteration_end,317,15,2672,2672,True,3af7807f9aff35a2,3af7807f9aff35a2,True
PB,pb2,101,iteration_end,317,16,2586,2586,True,06637db53890a5bd,06637db53890a5bd,True
PB,pb2,101,iteration_end,317,17,2586,2586,True,06637db53890a5bd,06637db53890a5bd,True
PB,pb2,101,iteration_end,317,18,2533,2533,True,bc4b67fab3b071f1,bc4b67fab3b071f1,True
PB,pb2,101,iteration_end,317,19,2432,2432,True,907286ba2bfa1972,907286ba2bfa1972,True
PB,pb2,101,iteration_end,318,0,3170,3170,True,2bb12059a6019f62,2bb12059a6019f62,True
PB,pb2,101,iteration_end,318,1,3033,3033,True,f8ced544c40e981c,f8ced544c40e981c,True
PB,pb2,101,iteration_end,318,2,3033,3033,True,f8ced544c40e981c,f8ced544c40e981c,True
PB,pb2,101,iteration_end,318,3,3033,3033,True,f8ced544c40e981c,f8ced544c40e981c,True
PB,pb2,101,iteration_end,318,4,3010,3010,True,a80288d128f2c58e,a80288d128f2c58e,True
PB,pb2,101,iteration_end,318,5,3010,3010,True,a80288d128f2c58e,a80288d128f2c58e,True
PB,pb2,101,iteration_end,318,6,2985,2985,True,b3b1778bc451a4e2,b3b1778bc451a4e2,True
PB,pb2,101,iteration_end,318,7,2961,2961,True,df939f4824b5c5dd,df939f4824b5c5dd,True
PB,pb2,101,iteration_end,318,8,2961,2961,True,df939f4824b5c5dd,df939f4824b5c5dd,True
PB,pb2,101,iteration_end,318,9,2884,2884,True,826ef8e59b791baf,826ef8e59b791baf,True
PB,pb2,101,iteration_end,318,10,2857,2857,True,dcc7f11f61ca1174,dcc7f11f61ca1174,True
PB,pb2,101,iteration_end,318,11,2839,2839,True,8c32f3746b723731,8c32f3746b723731,True
PB,pb2,101,iteration_end,318,12,2833,2833,True,71ae17bcba331d44,71ae17bcba331d44,True
PB,pb2,101,iteration_end,318,13,2788,2788,True,140265258d5a41bb,140265258d5a41bb,True
PB,pb2,101,iteration_end,318,14,2786,2786,True,090fe1607c64f23e,090fe1607c64f23e,True
PB,pb2,101,iteration_end,318,15,2760,2760,True,e5c80e51be5b3d03,e5c80e51be5b3d03,True
PB,pb2,101,iteration_end,318,16,2628,2628,True,f2026fbe056a23da,f2026fbe056a23da,True
PB,pb2,101,iteration_end,318,17,2518,2518,True,65f5f1f3d429a2f2,65f5f1f3d429a2f2,True
PB,pb2,101,iteration_end,318,18,2476,2476,True,f0e2b75baac5df00,f0e2b75baac5df00,True
PB,pb2,101,iteration_end,318,19,2445,2445,True,ee32c5d02d392c57,ee32c5d02d392c57,True
PB,pb2,101,iteration_end,319,0,3170,3170,True,2bb12059a6019f62,2bb12059a6019f62,True
PB,pb2,101,iteration_end,319,1,3103,3103,True,93b1be79f09e8b1b,93b1be79f09e8b1b,True
PB,pb2,101,iteration_end,319,2,3080,3080,True,88bd74f9d2ec0235,88bd74f9d2ec0235,True
PB,pb2,101,iteration_end,319,3,3080,3080,True,88bd74f9d2ec0235,88bd74f9d2ec0235,True
PB,pb2,101,iteration_end,319,4,3080,3080,True,88bd74f9d2ec0235,88bd74f9d2ec0235,True
PB,pb2,101,iteration_end,319,5,3080,3080,True,88bd74f9d2ec0235,88bd74f9d2ec0235,True
PB,pb2,101,iteration_end,319,6,3080,3080,True,88bd74f9d2ec0235,88bd74f9d2ec0235,True
PB,pb2,101,iteration_end,319,7,3033,3033,True,f8ced544c40e981c,f8ced544c40e981c,True
PB,pb2,101,iteration_end,319,8,3031,3031,True,d816c6257cd9848b,d816c6257cd9848b,True
PB,pb2,101,iteration_end,319,9,3006,3006,True,bcae24c03316fd6f,bcae24c03316fd6f,True
PB,pb2,101,iteration_end,319,10,2918,2918,True,640a16e759dad07c,640a16e759dad07c,True
PB,pb2,101,iteration_end,319,11,2835,2835,True,f191987d2d1de62f,f191987d2d1de62f,True
PB,pb2,101,iteration_end,319,12,2835,2835,True,f191987d2d1de62f,f191987d2d1de62f,True
PB,pb2,101,iteration_end,319,13,2833,2833,True,71ae17bcba331d44,71ae17bcba331d44,True
PB,pb2,101,iteration_end,319,14,2828,2828,True,324266c735e8c733,324266c735e8c733,True
PB,pb2,101,iteration_end,319,15,2784,2784,True,aa3095604103b528,aa3095604103b528,True
PB,pb2,101,iteration_end,319,16,2671,2671,True,763f74dafb83e0a4,763f74dafb83e0a4,True
PB,pb2,101,iteration_end,319,17,2584,2584,True,9de17096df7010dd,9de17096df7010dd,True
PB,pb2,101,iteration_end,319,18,2581,2581,True,41af2e950b68b18b,41af2e950b68b18b,True
PB,pb2,101,iteration_end,319,19,2533,2533,True,8511dda53a7ad29b,8511dda53a7ad29b,True
PB,pb2,101,iteration_end,320,0,3080,3080,True,88bd74f9d2ec0235,88bd74f9d2ec0235,True
PB,pb2,101,iteration_end,320,1,3080,3080,True,88bd74f9d2ec0235,88bd74f9d2ec0235,True
PB,pb2,101,iteration_end,320,2,3059,3059,True,4e81fb5a70d2285c,4e81fb5a70d2285c,True
PB,pb2,101,iteration_end,320,3,3057,3057,True,2afd733b8a1e4b0e,2afd733b8a1e4b0e,True
PB,pb2,101,iteration_end,320,4,3031,3031,True,582d01e116669613,582d01e116669613,True
PB,pb2,101,iteration_end,320,5,2985,2985,True,b032ad7c47dee80b,b032ad7c47dee80b,True
PB,pb2,101,iteration_end,320,6,2956,2956,True,1c0be30b1c34306d,1c0be30b1c34306d,True
PB,pb2,101,iteration_end,320,7,2952,2952,True,7c16d48404fb9a07,7c16d48404fb9a07,True
PB,pb2,101,iteration_end,320,8,2875,2875,True,a92d3f9fdafb60f6,a92d3f9fdafb60f6,True
PB,pb2,101,iteration_end,320,9,2869,2869,True,c95f857a24165fc5,c95f857a24165fc5,True
PB,pb2,101,iteration_end,320,10,2823,2823,True,94e8cf036fd11cda,94e8cf036fd11cda,True
PB,pb2,101,iteration_end,320,11,2788,2788,True,140265258d5a41bb,140265258d5a41bb,True
PB,pb2,101,iteration_end,320,12,2788,2788,True,140265258d5a41bb,140265258d5a41bb,True
PB,pb2,101,iteration_end,320,13,2698,2698,True,db4a315cc4b2df80,db4a315cc4b2df80,True
PB,pb2,101,iteration_end,320,14,2624,2624,True,a2bd0920e835892b,a2bd0920e835892b,True
PB,pb2,101,iteration_end,320,15,2581,2581,True,aa34e57613ee703d,aa34e57613ee703d,True
PB,pb2,101,iteration_end,320,16,2569,2569,True,5be246076af22454,5be246076af22454,True
PB,pb2,101,iteration_end,320,17,2567,2567,True,a78f96f201ca4635,a78f96f201ca4635,True
PB,pb2,101,iteration_end,320,18,2515,2515,True,dbe2776b7d2f609e,dbe2776b7d2f609e,True
PB,pb2,101,iteration_end,320,19,2323,2323,True,6bae8add4905f9e6,6bae8add4905f9e6,True
PB,pb2,101,iteration_end,321,0,3148,3148,True,b7809124c7d26d9d,b7809124c7d26d9d,True
PB,pb2,101,iteration_end,321,1,3103,3103,True,93b1be79f09e8b1b,93b1be79f09e8b1b,True
PB,pb2,101,iteration_end,321,2,3034,3034,True,de6b7b394f0c3551,de6b7b394f0c3551,True
PB,pb2,101,iteration_end,321,3,3020,3020,True,0aa1fadd1b59ea56,0aa1fadd1b59ea56,True
PB,pb2,101,iteration_end,321,4,3014,3014,True,2e33ab05801dd4ce,2e33ab05801dd4ce,True
PB,pb2,101,iteration_end,321,5,2947,2947,True,81c1ec5e99e76581,81c1ec5e99e76581,True
PB,pb2,101,iteration_end,321,6,2867,2867,True,516f2b55d2b86564,516f2b55d2b86564,True
PB,pb2,101,iteration_end,321,7,2847,2847,True,99d2b34f2c8ece61,99d2b34f2c8ece61,True
PB,pb2,101,iteration_end,321,8,2833,2833,True,71ae17bcba331d44,71ae17bcba331d44,True
PB,pb2,101,iteration_end,321,9,2833,2833,True,71ae17bcba331d44,71ae17bcba331d44,True
PB,pb2,101,iteration_end,321,10,2811,2811,True,5171a029ddd69904,5171a029ddd69904,True
PB,pb2,101,iteration_end,321,11,2788,2788,True,140265258d5a41bb,140265258d5a41bb,True
PB,pb2,101,iteration_end,321,12,2788,2788,True,140265258d5a41bb,140265258d5a41bb,True
PB,pb2,101,iteration_end,321,13,2788,2788,True,914090bc2c7e8ac2,914090bc2c7e8ac2,True
PB,pb2,101,iteration_end,321,14,2706,2706,True,5b1a8100a6198a7e,5b1a8100a6198a7e,True
PB,pb2,101,iteration_end,321,15,2664,2664,True,4b7e510f787b2764,4b7e510f787b2764,True
PB,pb2,101,iteration_end,321,16,2633,2633,True,d4861f0e02dff5b9,d4861f0e02dff5b9,True
PB,pb2,101,iteration_end,321,17,2584,2584,True,9de17096df7010dd,9de17096df7010dd,True
PB,pb2,101,iteration_end,321,18,2456,2456,True,af8f9317bc655fad,af8f9317bc655fad,True
PB,pb2,101,iteration_end,321,19,2456,2456,True,af8f9317bc655fad,af8f9317bc655fad,True
PB,pb2,101,iteration_end,322,0,3170,3170,True,2bb12059a6019f62,2bb12059a6019f62,True
PB,pb2,101,iteration_end,322,1,3150,3150,True,e5f90ee5dcf09281,e5f90ee5dcf09281,True
PB,pb2,101,iteration_end,322,2,3105,3105,True,0fd26fe04deeb731,0fd26fe04deeb731,True
PB,pb2,101,iteration_end,322,3,3101,3101,True,ad266a2a61d13e16,ad266a2a61d13e16,True
PB,pb2,101,iteration_end,322,4,3094,3094,True,3109dac7a1d7538f,3109dac7a1d7538f,True
PB,pb2,101,iteration_end,322,5,3057,3057,True,2afd733b8a1e4b0e,2afd733b8a1e4b0e,True
PB,pb2,101,iteration_end,322,6,2993,2993,True,5c26eb37bd1ae74f,5c26eb37bd1ae74f,True
PB,pb2,101,iteration_end,322,7,2971,2971,True,027b64ee1ccbaf88,027b64ee1ccbaf88,True
PB,pb2,101,iteration_end,322,8,2960,2960,True,08abe84f42b29ee0,08abe84f42b29ee0,True
PB,pb2,101,iteration_end,322,9,2922,2922,True,b7b3e048ba43c508,b7b3e048ba43c508,True
PB,pb2,101,iteration_end,322,10,2916,2916,True,bac9864c37a10185,bac9864c37a10185,True
PB,pb2,101,iteration_end,322,11,2884,2884,True,826ef8e59b791baf,826ef8e59b791baf,True
PB,pb2,101,iteration_end,322,12,2835,2835,True,f191987d2d1de62f,f191987d2d1de62f,True
PB,pb2,101,iteration_end,322,13,2788,2788,True,140265258d5a41bb,140265258d5a41bb,True
PB,pb2,101,iteration_end,322,14,2691,2691,True,25e57a73cfb69ee2,25e57a73cfb69ee2,True
PB,pb2,101,iteration_end,322,15,2669,2669,True,ddcbe4b1500cbd20,ddcbe4b1500cbd20,True
PB,pb2,101,iteration_end,322,16,2633,2633,True,d4861f0e02dff5b9,d4861f0e02dff5b9,True
PB,pb2,101,iteration_end,322,17,2568,2568,True,ca10a08b5586d780,ca10a08b5586d780,True
PB,pb2,101,iteration_end,322,18,2463,2463,True,ffd660f8d9eb3e63,ffd660f8d9eb3e63,True
PB,pb2,101,iteration_end,322,19,2251,2251,True,d3278e4cd0a9951e,d3278e4cd0a9951e,True
PB,pb2,101,iteration_end,323,0,3150,3150,True,e5f90ee5dcf09281,e5f90ee5dcf09281,True
PB,pb2,101,iteration_end,323,1,3086,3086,True,15b867dff269f49b,15b867dff269f49b,True
PB,pb2,101,iteration_end,323,2,3080,3080,True,88bd74f9d2ec0235,88bd74f9d2ec0235,True
PB,pb2,101,iteration_end,323,3,3040,3040,True,386af09e4b7390ed,386af09e4b7390ed,True
PB,pb2,101,iteration_end,323,4,3026,3026,True,f7c4d83873894d69,f7c4d83873894d69,True
PB,pb2,101,iteration_end,323,5,3010,3010,True,a80288d128f2c58e,a80288d128f2c58e,True
PB,pb2,101,iteration_end,323,6,2999,2999,True,3145a858d37f0ba5,3145a858d37f0ba5,True
PB,pb2,101,iteration_end,323,7,2999,2999,True,3145a858d37f0ba5,3145a858d37f0ba5,True
PB,pb2,101,iteration_end,323,8,2985,2985,True,73da8436dbfe870b,73da8436dbfe870b,True
PB,pb2,101,iteration_end,323,9,2984,2984,True,485b14da0c51f9b6,485b14da0c51f9b6,True
PB,pb2,101,iteration_end,323,10,2957,2957,True,8a70db1810a1ef9e,8a70db1810a1ef9e,True
PB,pb2,101,iteration_end,323,11,2925,2925,True,1d847a739849fe14,1d847a739849fe14,True
PB,pb2,101,iteration_end,323,12,2883,2883,True,797f7603ebc111d5,797f7603ebc111d5,True
PB,pb2,101,iteration_end,323,13,2878,2878,True,ca74830cbdf4b502,ca74830cbdf4b502,True
PB,pb2,101,iteration_end,323,14,2870,2870,True,74fde439db63c15e,74fde439db63c15e,True
PB,pb2,101,iteration_end,323,15,2850,2850,True,90e15a76bf57c54e,90e15a76bf57c54e,True
PB,pb2,101,iteration_end,323,16,2826,2826,True,95aba3252cea2732,95aba3252cea2732,True
PB,pb2,101,iteration_end,323,17,2821,2821,True,7ad2a11d6deff55f,7ad2a11d6deff55f,True
PB,pb2,101,iteration_end,323,18,2757,2757,True,92b2940c7c58aad0,92b2940c7c58aad0,True
PB,pb2,101,iteration_end,323,19,2675,2675,True,4ced6c223adb8056,4ced6c223adb8056,True
PB,pb2,101,iteration_end,324,0,3092,3092,True,fbdbfd5799f4802d,fbdbfd5799f4802d,True
PB,pb2,101,iteration_end,324,1,3054,3054,True,df637f20da2ca450,df637f20da2ca450,True
PB,pb2,101,iteration_end,324,2,3027,3027,True,3e81bd41efc1312a,3e81bd41efc1312a,True
PB,pb2,101,iteration_end,324,3,3015,3015,True,ce51877fcd078e54,ce51877fcd078e54,True
PB,pb2,101,iteration_end,324,4,2984,2984,True,485b14da0c51f9b6,485b14da0c51f9b6,True
PB,pb2,101,iteration_end,324,5,2984,2984,True,485b14da0c51f9b6,485b14da0c51f9b6,True
PB,pb2,101,iteration_end,324,6,2984,2984,True,485b14da0c51f9b6,485b14da0c51f9b6,True
PB,pb2,101,iteration_end,324,7,2971,2971,True,e2ccef6e073adf74,e2ccef6e073adf74,True
PB,pb2,101,iteration_end,324,8,2893,2893,True,47d11b5fffd0228e,47d11b5fffd0228e,True
PB,pb2,101,iteration_end,324,9,2883,2883,True,8bc11d843fce60dd,8bc11d843fce60dd,True
PB,pb2,101,iteration_end,324,10,2835,2835,True,188e1315c993b950,188e1315c993b950,True
PB,pb2,101,iteration_end,324,11,2825,2825,True,3aeca0d4d055be5d,3aeca0d4d055be5d,True
PB,pb2,101,iteration_end,324,12,2788,2788,True,140265258d5a41bb,140265258d5a41bb,True
PB,pb2,101,iteration_end,324,13,2788,2788,True,140265258d5a41bb,140265258d5a41bb,True
PB,pb2,101,iteration_end,324,14,2788,2788,True,140265258d5a41bb,140265258d5a41bb,True
PB,pb2,101,iteration_end,324,15,2771,2771,True,e67886a4ff83fbdb,e67886a4ff83fbdb,True
PB,pb2,101,iteration_end,324,16,2761,2761,True,771b0c93aee09317,771b0c93aee09317,True
PB,pb2,101,iteration_end,324,17,2740,2740,True,900afa1e5b5e6890,900afa1e5b5e6890,True
PB,pb2,101,iteration_end,324,18,2731,2731,True,c10fbe9818ba6ba7,c10fbe9818ba6ba7,True
PB,pb2,101,iteration_end,324,19,2633,2633,True,d4861f0e02dff5b9,d4861f0e02dff5b9,True
PB,pb2,101,iteration_end,325,0,3155,3155,True,fe70131c8f5f05f1,fe70131c8f5f05f1,True
PB,pb2,101,iteration_end,325,1,3150,3150,True,e5f90ee5dcf09281,e5f90ee5dcf09281,True
PB,pb2,101,iteration_end,325,2,3108,3108,True,8d8d053d7dadd0a2,8d8d053d7dadd0a2,True
PB,pb2,101,iteration_end,325,3,3105,3105,True,32e7468695b5530f,32e7468695b5530f,True
PB,pb2,101,iteration_end,325,4,3080,3080,True,88bd74f9d2ec0235,88bd74f9d2ec0235,True
PB,pb2,101,iteration_end,325,5,3033,3033,True,f8ced544c40e981c,f8ced544c40e981c,True
PB,pb2,101,iteration_end,325,6,3031,3031,True,d816c6257cd9848b,d816c6257cd9848b,True
PB,pb2,101,iteration_end,325,7,3031,3031,True,d816c6257cd9848b,d816c6257cd9848b,True
PB,pb2,101,iteration_end,325,8,3016,3016,True,b1be5c304ad15a14,b1be5c304ad15a14,True
PB,pb2,101,iteration_end,325,9,2950,2950,True,66fea92c2b02ba9b,66fea92c2b02ba9b,True
PB,pb2,101,iteration_end,325,10,2893,2893,True,d0fb2a5c51f73da2,d0fb2a5c51f73da2,True
PB,pb2,101,iteration_end,325,11,2884,2884,True,826ef8e59b791baf,826ef8e59b791baf,True
PB,pb2,101,iteration_end,325,12,2875,2875,True,a92d3f9fdafb60f6,a92d3f9fdafb60f6,True
PB,pb2,101,iteration_end,325,13,2858,2858,True,2219092afaa5188e,2219092afaa5188e,True
PB,pb2,101,iteration_end,325,14,2823,2823,True,135fa467b13c685b,135fa467b13c685b,True
PB,pb2,101,iteration_end,325,15,2822,2822,True,9f359028ef1372a6,9f359028ef1372a6,True
PB,pb2,101,iteration_end,325,16,2741,2741,True,11adfab67de0f826,11adfab67de0f826,True
PB,pb2,101,iteration_end,325,17,2584,2584,True,9de17096df7010dd,9de17096df7010dd,True
PB,pb2,101,iteration_end,325,18,2516,2516,True,8998458bf0419c59,8998458bf0419c59,True
PB,pb2,101,iteration_end,325,19,2447,2447,True,dee792686c5e1265,dee792686c5e1265,True
PB,pb2,101,iteration_end,326,0,3080,3080,True,88bd74f9d2ec0235,88bd74f9d2ec0235,True
PB,pb2,101,iteration_end,326,1,3080,3080,True,88bd74f9d2ec0235,88bd74f9d2ec0235,True
PB,pb2,101,iteration_end,326,2,3056,3056,True,e9d8c9c29f40a677,e9d8c9c29f40a677,True
PB,pb2,101,iteration_end,326,3,3033,3033,True,f8ced544c40e981c,f8ced544c40e981c,True
PB,pb2,101,iteration_end,326,4,3031,3031,True,d816c6257cd9848b,d816c6257cd9848b,True
PB,pb2,101,iteration_end,326,5,3025,3025,True,2465e30e5f184220,2465e30e5f184220,True
PB,pb2,101,iteration_end,326,6,3008,3008,True,5926734030b970ed,5926734030b970ed,True
PB,pb2,101,iteration_end,326,7,2921,2921,True,9c042e065af55943,9c042e065af55943,True
PB,pb2,101,iteration_end,326,8,2915,2915,True,debecc55b16ffe1b,debecc55b16ffe1b,True
PB,pb2,101,iteration_end,326,9,2903,2903,True,33544206e0ce584a,33544206e0ce584a,True
PB,pb2,101,iteration_end,326,10,2887,2887,True,0128ba3207076a18,0128ba3207076a18,True
PB,pb2,101,iteration_end,326,11,2835,2835,True,f191987d2d1de62f,f191987d2d1de62f,True
PB,pb2,101,iteration_end,326,12,2826,2826,True,95aba3252cea2732,95aba3252cea2732,True
PB,pb2,101,iteration_end,326,13,2826,2826,True,95aba3252cea2732,95aba3252cea2732,True
PB,pb2,101,iteration_end,326,14,2824,2824,True,43df6d56e3ed4210,43df6d56e3ed4210,True
PB,pb2,101,iteration_end,326,15,2788,2788,True,140265258d5a41bb,140265258d5a41bb,True
PB,pb2,101,iteration_end,326,16,2679,2679,True,3d5f7c7b5a791d77,3d5f7c7b5a791d77,True
PB,pb2,101,iteration_end,326,17,2638,2638,True,f3f960ab27b9f512,f3f960ab27b9f512,True
PB,pb2,101,iteration_end,326,18,2620,2620,True,9b53201ffdaf429d,9b53201ffdaf429d,True
PB,pb2,101,iteration_end,326,19,2601,2601,True,b0025a2b5001a222,b0025a2b5001a222,True
PB,pb2,101,iteration_end,327,0,3080,3080,True,88bd74f9d2ec0235,88bd74f9d2ec0235,True
PB,pb2,101,iteration_end,327,1,3080,3080,True,88bd74f9d2ec0235,88bd74f9d2ec0235,True
PB,pb2,101,iteration_end,327,2,3080,3080,True,88bd74f9d2ec0235,88bd74f9d2ec0235,True
PB,pb2,101,iteration_end,327,3,3063,3063,True,f782026daf55e5db,f782026daf55e5db,True
PB,pb2,101,iteration_end,327,4,3057,3057,True,2afd733b8a1e4b0e,2afd733b8a1e4b0e,True
PB,pb2,101,iteration_end,327,5,3040,3040,True,94566fd4eb4c8275,94566fd4eb4c8275,True
PB,pb2,101,iteration_end,327,6,3016,3016,True,fcbf71449cd62030,fcbf71449cd62030,True
PB,pb2,101,iteration_end,327,7,3010,3010,True,a80288d128f2c58e,a80288d128f2c58e,True
PB,pb2,101,iteration_end,327,8,2919,2919,True,219903e500e5eedc,219903e500e5eedc,True
PB,pb2,101,iteration_end,327,9,2914,2914,True,d935e4c095eb5e64,d935e4c095eb5e64,True
PB,pb2,101,iteration_end,327,10,2871,2871,True,e45a4055b1058bae,e45a4055b1058bae,True
PB,pb2,101,iteration_end,327,11,2835,2835,True,f191987d2d1de62f,f191987d2d1de62f,True
PB,pb2,101,iteration_end,327,12,2833,2833,True,71ae17bcba331d44,71ae17bcba331d44,True
PB,pb2,101,iteration_end,327,13,2826,2826,True,95aba3252cea2732,95aba3252cea2732,True
PB,pb2,101,iteration_end,327,14,2788,2788,True,140265258d5a41bb,140265258d5a41bb,True
PB,pb2,101,iteration_end,327,15,2768,2768,True,a359cced55d04de6,a359cced55d04de6,True
PB,pb2,101,iteration_end,327,16,2747,2747,True,9eceb99a32ac0279,9eceb99a32ac0279,True
PB,pb2,101,iteration_end,327,17,2675,2675,True,ad2baf90c4389475,ad2baf90c4389475,True
PB,pb2,101,iteration_end,327,18,2495,2495,True,b5a5daf88a342cb3,b5a5daf88a342cb3,True
PB,pb2,101,iteration_end,327,19,2468,2468,True,be931e887fe0afcb,be931e887fe0afcb,True
PB,pb2,101,iteration_end,328,0,3086,3086,True,2eb9f373005e49c1,2eb9f373005e49c1,True
PB,pb2,101,iteration_end,328,1,3057,3057,True,2afd733b8a1e4b0e,2afd733b8a1e4b0e,True
PB,pb2,101,iteration_end,328,2,2977,2977,True,83109f8abf182be1,83109f8abf182be1,True
PB,pb2,101,iteration_end,328,3,2967,2967,True,5bed47c848d622b3,5bed47c848d622b3,True
PB,pb2,101,iteration_end,328,4,2947,2947,True,5b94965c232eba2a,5b94965c232eba2a,True
PB,pb2,101,iteration_end,328,5,2942,2942,True,f72464d69003afeb,f72464d69003afeb,True
PB,pb2,101,iteration_end,328,6,2884,2884,True,826ef8e59b791baf,826ef8e59b791baf,True
PB,pb2,101,iteration_end,328,7,2857,2857,True,20edd72f702860bc,20edd72f702860bc,True
PB,pb2,101,iteration_end,328,8,2835,2835,True,f191987d2d1de62f,f191987d2d1de62f,True
PB,pb2,101,iteration_end,328,9,2821,2821,True,d43144004d708925,d43144004d708925,True
PB,pb2,101,iteration_end,328,10,2788,2788,True,140265258d5a41bb,140265258d5a41bb,True
PB,pb2,101,iteration_end,328,11,2786,2786,True,090fe1607c64f23e,090fe1607c64f23e,True
PB,pb2,101,iteration_end,328,12,2780,2780,True,4082017a26f22b9b,4082017a26f22b9b,True
PB,pb2,101,iteration_end,328,13,2719,2719,True,763f98385c45d97d,763f98385c45d97d,True
PB,pb2,101,iteration_end,328,14,2703,2703,True,de8a0d29e5201f17,de8a0d29e5201f17,True
PB,pb2,101,iteration_end,328,15,2665,2665,True,de29057bc6ba5881,de29057bc6ba5881,True
PB,pb2,101,iteration_end,328,16,2584,2584,True,9de17096df7010dd,9de17096df7010dd,True
PB,pb2,101,iteration_end,328,17,2582,2582,True,3999609359ecf303,3999609359ecf303,True
PB,pb2,101,iteration_end,328,18,2579,2579,True,80389b646634e5ea,80389b646634e5ea,True
PB,pb2,101,iteration_end,328,19,2440,2440,True,cd903592a39cb3aa,cd903592a39cb3aa,True
PB,pb2,101,iteration_end,329,0,3107,3107,True,4679d5fd3e0579eb,4679d5fd3e0579eb,True
PB,pb2,101,iteration_end,329,1,3057,3057,True,2afd733b8a1e4b0e,2afd733b8a1e4b0e,True
PB,pb2,101,iteration_end,329,2,3017,3017,True,c51279d19f8e4416,c51279d19f8e4416,True
PB,pb2,101,iteration_end,329,3,3003,3003,True,32288d0aa32d2051,32288d0aa32d2051,True
PB,pb2,101,iteration_end,329,4,2925,2925,True,1d847a739849fe14,1d847a739849fe14,True
PB,pb2,101,iteration_end,329,5,2919,2919,True,219903e500e5eedc,219903e500e5eedc,True
PB,pb2,101,iteration_end,329,6,2901,2901,True,a820efafe90fe15b,a820efafe90fe15b,True
PB,pb2,101,iteration_end,329,7,2894,2894,True,bf21c36fe5e705fa,bf21c36fe5e705fa,True
PB,pb2,101,iteration_end,329,8,2884,2884,True,826ef8e59b791baf,826ef8e59b791baf,True
PB,pb2,101,iteration_end,329,9,2876,2876,True,ecc2307f28fbd6d2,ecc2307f28fbd6d2,True
PB,pb2,101,iteration_end,329,10,2837,2837,True,6f4405e1e2bf4e97,6f4405e1e2bf4e97,True
PB,pb2,101,iteration_end,329,11,2833,2833,True,71ae17bcba331d44,71ae17bcba331d44,True
PB,pb2,101,iteration_end,329,12,2779,2779,True,39ee7c1da2e29251,39ee7c1da2e29251,True
PB,pb2,101,iteration_end,329,13,2633,2633,True,d4861f0e02dff5b9,d4861f0e02dff5b9,True
PB,pb2,101,iteration_end,329,14,2627,2627,True,3fb4f8eab3046a7f,3fb4f8eab3046a7f,True
PB,pb2,101,iteration_end,329,15,2584,2584,True,9de17096df7010dd,9de17096df7010dd,True
PB,pb2,101,iteration_end,329,16,2537,2537,True,f5dae68a853e2955,f5dae68a853e2955,True
PB,pb2,101,iteration_end,329,17,2537,2537,True,f5dae68a853e2955,f5dae68a853e2955,True
PB,pb2,101,iteration_end,329,18,2491,2491,True,8770b3f5de7178af,8770b3f5de7178af,True
PB,pb2,101,iteration_end,329,19,2287,2287,True,a026cecfdf1711eb,a026cecfdf1711eb,True
PB,pb2,101,iteration_end,330,0,3155,3155,True,fe70131c8f5f05f1,fe70131c8f5f05f1,True
PB,pb2,101,iteration_end,330,1,3080,3080,True,88bd74f9d2ec0235,88bd74f9d2ec0235,True
PB,pb2,101,iteration_end,330,2,3080,3080,True,88bd74f9d2ec0235,88bd74f9d2ec0235,True
PB,pb2,101,iteration_end,330,3,3008,3008,True,5926734030b970ed,5926734030b970ed,True
PB,pb2,101,iteration_end,330,4,2967,2967,True,5bed47c848d622b3,5bed47c848d622b3,True
PB,pb2,101,iteration_end,330,5,2955,2955,True,d0ba07659eb5eea0,d0ba07659eb5eea0,True
PB,pb2,101,iteration_end,330,6,2925,2925,True,1d847a739849fe14,1d847a739849fe14,True
PB,pb2,101,iteration_end,330,7,2925,2925,True,1d847a739849fe14,1d847a739849fe14,True
PB,pb2,101,iteration_end,330,8,2904,2904,True,36ad7e336d1539a4,36ad7e336d1539a4,True
PB,pb2,101,iteration_end,330,9,2884,2884,True,826ef8e59b791baf,826ef8e59b791baf,True
PB,pb2,101,iteration_end,330,10,2884,2884,True,826ef8e59b791baf,826ef8e59b791baf,True
PB,pb2,101,iteration_end,330,11,2854,2854,True,b1ae2b677ad63f3d,b1ae2b677ad63f3d,True
PB,pb2,101,iteration_end,330,12,2837,2837,True,6f4405e1e2bf4e97,6f4405e1e2bf4e97,True
PB,pb2,101,iteration_end,330,13,2817,2817,True,1cc4d755aeccc5f2,1cc4d755aeccc5f2,True
PB,pb2,101,iteration_end,330,14,2759,2759,True,d5cbb6fb84a89cbb,d5cbb6fb84a89cbb,True
PB,pb2,101,iteration_end,330,15,2704,2704,True,2a815c5c2d126102,2a815c5c2d126102,True
PB,pb2,101,iteration_end,330,16,2676,2676,True,6736df7f605d0544,6736df7f605d0544,True
PB,pb2,101,iteration_end,330,17,2586,2586,True,06637db53890a5bd,06637db53890a5bd,True
PB,pb2,101,iteration_end,330,18,2569,2569,True,42ff72692ca3bc2d,42ff72692ca3bc2d,True
PB,pb2,101,iteration_end,330,19,2530,2530,True,e01035a637fa4f91,e01035a637fa4f91,True
PB,pb2,101,iteration_end,331,0,3125,3125,True,faac3ed26de957d6,faac3ed26de957d6,True
PB,pb2,101,iteration_end,331,1,3080,3080,True,88bd74f9d2ec0235,88bd74f9d2ec0235,True
PB,pb2,101,iteration_end,331,2,3057,3057,True,2afd733b8a1e4b0e,2afd733b8a1e4b0e,True
PB,pb2,101,iteration_end,331,3,3031,3031,True,d816c6257cd9848b,d816c6257cd9848b,True
PB,pb2,101,iteration_end,331,4,2970,2970,True,8b227952ea282a8c,8b227952ea282a8c,True
PB,pb2,101,iteration_end,331,5,2970,2970,True,8aa6f9a1453e7f0c,8aa6f9a1453e7f0c,True
PB,pb2,101,iteration_end,331,6,2898,2898,True,3b8aed49066ce5db,3b8aed49066ce5db,True
PB,pb2,101,iteration_end,331,7,2875,2875,True,a92d3f9fdafb60f6,a92d3f9fdafb60f6,True
PB,pb2,101,iteration_end,331,8,2846,2846,True,fad1045527b933e0,fad1045527b933e0,True
PB,pb2,101,iteration_end,331,9,2828,2828,True,324266c735e8c733,324266c735e8c733,True
PB,pb2,101,iteration_end,331,10,2788,2788,True,140265258d5a41bb,140265258d5a41bb,True
PB,pb2,101,iteration_end,331,11,2748,2748,True,8aefc8ec7d3ac985,8aefc8ec7d3ac985,True
PB,pb2,101,iteration_end,331,12,2700,2700,True,376b06413929493f,376b06413929493f,True
PB,pb2,101,iteration_end,331,13,2656,2656,True,a8afdc8b61d9079c,a8afdc8b61d9079c,True
PB,pb2,101,iteration_end,331,14,2568,2568,True,66b05e720448485f,66b05e720448485f,True
PB,pb2,101,iteration_end,331,15,2565,2565,True,9051f8d9f71f6742,9051f8d9f71f6742,True
PB,pb2,101,iteration_end,331,16,2550,2550,True,9c2cd9333883acfb,9c2cd9333883acfb,True
PB,pb2,101,iteration_end,331,17,2535,2535,True,7bbaa96bfd5ba5bb,7bbaa96bfd5ba5bb,True
PB,pb2,101,iteration_end,331,18,2529,2529,True,4e64fd88bb8eb091,4e64fd88bb8eb091,True
PB,pb2,101,iteration_end,331,19,2454,2454,True,a9d8b65a0677fed6,a9d8b65a0677fed6,True
PB,pb2,101,iteration_end,332,0,3170,3170,True,2bb12059a6019f62,2bb12059a6019f62,True
PB,pb2,101,iteration_end,332,1,3148,3148,True,b7809124c7d26d9d,b7809124c7d26d9d,True
PB,pb2,101,iteration_end,332,2,3124,3124,True,4778bac5d4622096,4778bac5d4622096,True
PB,pb2,101,iteration_end,332,3,3101,3101,True,17e75415222fd701,17e75415222fd701,True
PB,pb2,101,iteration_end,332,4,3057,3057,True,2afd733b8a1e4b0e,2afd733b8a1e4b0e,True
PB,pb2,101,iteration_end,332,5,3057,3057,True,2afd733b8a1e4b0e,2afd733b8a1e4b0e,True
PB,pb2,101,iteration_end,332,6,3001,3001,True,4f266915665b7791,4f266915665b7791,True
PB,pb2,101,iteration_end,332,7,2884,2884,True,826ef8e59b791baf,826ef8e59b791baf,True
PB,pb2,101,iteration_end,332,8,2837,2837,True,bb1a6d3f66455176,bb1a6d3f66455176,True
PB,pb2,101,iteration_end,332,9,2833,2833,True,71ae17bcba331d44,71ae17bcba331d44,True
PB,pb2,101,iteration_end,332,10,2824,2824,True,ff8e3c88d79288eb,ff8e3c88d79288eb,True
PB,pb2,101,iteration_end,332,11,2788,2788,True,140265258d5a41bb,140265258d5a41bb,True
PB,pb2,101,iteration_end,332,12,2788,2788,True,140265258d5a41bb,140265258d5a41bb,True
PB,pb2,101,iteration_end,332,13,2760,2760,True,6c58e8a05ed55d77,6c58e8a05ed55d77,True
PB,pb2,101,iteration_end,332,14,2744,2744,True,a891113f900f3a74,a891113f900f3a74,True
PB,pb2,101,iteration_end,332,15,2738,2738,True,88690870cea05782,88690870cea05782,True
PB,pb2,101,iteration_end,332,16,2586,2586,True,06637db53890a5bd,06637db53890a5bd,True
PB,pb2,101,iteration_end,332,17,2580,2580,True,8d9d9cc91ae3f305,8d9d9cc91ae3f305,True
PB,pb2,101,iteration_end,332,18,2538,2538,True,793a4e6b44d638e6,793a4e6b44d638e6,True
PB,pb2,101,iteration_end,332,19,2404,2404,True,5cd197f16fae2878,5cd197f16fae2878,True
PB,pb2,101,iteration_end,333,0,3080,3080,True,88bd74f9d2ec0235,88bd74f9d2ec0235,True
PB,pb2,101,iteration_end,333,1,3057,3057,True,2afd733b8a1e4b0e,2afd733b8a1e4b0e,True
PB,pb2,101,iteration_end,333,2,3042,3042,True,975600031acc4d48,975600031acc4d48,True
PB,pb2,101,iteration_end,333,3,3033,3033,True,f8ced544c40e981c,f8ced544c40e981c,True
PB,pb2,101,iteration_end,333,4,3008,3008,True,5926734030b970ed,5926734030b970ed,True
PB,pb2,101,iteration_end,333,5,2999,2999,True,3145a858d37f0ba5,3145a858d37f0ba5,True
PB,pb2,101,iteration_end,333,6,2977,2977,True,b937cbe0f027725c,b937cbe0f027725c,True
PB,pb2,101,iteration_end,333,7,2952,2952,True,77131c109f2174ce,77131c109f2174ce,True
PB,pb2,101,iteration_end,333,8,2941,2941,True,9f46ef3b4001a967,9f46ef3b4001a967,True
PB,pb2,101,iteration_end,333,9,2913,2913,True,e5bc818dbfcd06bb,e5bc818dbfcd06bb,True
PB,pb2,101,iteration_end,333,10,2835,2835,True,f191987d2d1de62f,f191987d2d1de62f,True
PB,pb2,101,iteration_end,333,11,2834,2834,True,8d39d4c0639a4691,8d39d4c0639a4691,True
PB,pb2,101,iteration_end,333,12,2828,2828,True,324266c735e8c733,324266c735e8c733,True
PB,pb2,101,iteration_end,333,13,2819,2819,True,8275bb4b794ee816,8275bb4b794ee816,True
PB,pb2,101,iteration_end,333,14,2788,2788,True,140265258d5a41bb,140265258d5a41bb,True
PB,pb2,101,iteration_end,333,15,2733,2733,True,d803f425f87ed766,d803f425f87ed766,True
PB,pb2,101,iteration_end,333,16,2726,2726,True,5277e78587563b51,5277e78587563b51,True
PB,pb2,101,iteration_end,333,17,2512,2512,True,4614dd78a4207323,4614dd78a4207323,True
PB,pb2,101,iteration_end,333,18,2477,2477,True,20cc7bbf3274fcf6,20cc7bbf3274fcf6,True
PB,pb2,101,iteration_end,333,19,2264,2264,True,20433d288fa2d731,20433d288fa2d731,True
PB,pb2,101,iteration_end,334,0,2989,2989,True,b20db43510866ae2,b20db43510866ae2,True
PB,pb2,101,iteration_end,334,1,2965,2965,True,16a8bc91df969831,16a8bc91df969831,True
PB,pb2,101,iteration_end,334,2,2933,2933,True,e78c67af3c8d7a11,e78c67af3c8d7a11,True
PB,pb2,101,iteration_end,334,3,2932,2932,True,a2c1712912a96405,a2c1712912a96405,True
PB,pb2,101,iteration_end,334,4,2928,2928,True,77301cb181d93edd,77301cb181d93edd,True
PB,pb2,101,iteration_end,334,5,2900,2900,True,2dc7530ed9eacaa5,2dc7530ed9eacaa5,True
PB,pb2,101,iteration_end,334,6,2885,2885,True,0ba6ada0e63a578d,0ba6ada0e63a578d,True
PB,pb2,101,iteration_end,334,7,2884,2884,True,826ef8e59b791baf,826ef8e59b791baf,True
PB,pb2,101,iteration_end,334,8,2884,2884,True,826ef8e59b791baf,826ef8e59b791baf,True
PB,pb2,101,iteration_end,334,9,2837,2837,True,6f4405e1e2bf4e97,6f4405e1e2bf4e97,True
PB,pb2,101,iteration_end,334,10,2833,2833,True,71ae17bcba331d44,71ae17bcba331d44,True
PB,pb2,101,iteration_end,334,11,2792,2792,True,953d004b9e5f9e6c,953d004b9e5f9e6c,True
PB,pb2,101,iteration_end,334,12,2788,2788,True,140265258d5a41bb,140265258d5a41bb,True
PB,pb2,101,iteration_end,334,13,2788,2788,True,140265258d5a41bb,140265258d5a41bb,True
PB,pb2,101,iteration_end,334,14,2738,2738,True,320df75b254c24d4,320df75b254c24d4,True
PB,pb2,101,iteration_end,334,15,2633,2633,True,d4861f0e02dff5b9,d4861f0e02dff5b9,True
PB,pb2,101,iteration_end,334,16,2632,2632,True,5f4c71c36605fcd6,5f4c71c36605fcd6,True
PB,pb2,101,iteration_end,334,17,2628,2628,True,1de5b6c424700473,1de5b6c424700473,True
PB,pb2,101,iteration_end,334,18,2625,2625,True,8d6b35061370636d,8d6b35061370636d,True
PB,pb2,101,iteration_end,334,19,2596,2596,True,d0660ff2675d930e,d0660ff2675d930e,True
PB,pb2,101,iteration_end,335,0,3109,3109,True,9ae688838a0f274a,9ae688838a0f274a,True
PB,pb2,101,iteration_end,335,1,3057,3057,True,2afd733b8a1e4b0e,2afd733b8a1e4b0e,True
PB,pb2,101,iteration_end,335,2,3057,3057,True,2afd733b8a1e4b0e,2afd733b8a1e4b0e,True
PB,pb2,101,iteration_end,335,3,3033,3033,True,f8ced544c40e981c,f8ced544c40e981c,True
PB,pb2,101,iteration_end,335,4,3031,3031,True,d816c6257cd9848b,d816c6257cd9848b,True
PB,pb2,101,iteration_end,335,5,3025,3025,True,98e4030c1ec14686,98e4030c1ec14686,True
PB,pb2,101,iteration_end,335,6,3005,3005,True,8b6f2703d4833715,8b6f2703d4833715,True
PB,pb2,101,iteration_end,335,7,2993,2993,True,7e802df153053536,7e802df153053536,True
PB,pb2,101,iteration_end,335,8,2961,2961,True,df939f4824b5c5dd,df939f4824b5c5dd,True
PB,pb2,101,iteration_end,335,9,2891,2891,True,7fcf060b02cabf5f,7fcf060b02cabf5f,True
PB,pb2,101,iteration_end,335,10,2875,2875,True,a92d3f9fdafb60f6,a92d3f9fdafb60f6,True
PB,pb2,101,iteration_end,335,11,2837,2837,True,6f4405e1e2bf4e97,6f4405e1e2bf4e97,True
PB,pb2,101,iteration_end,335,12,2835,2835,True,f191987d2d1de62f,f191987d2d1de62f,True
PB,pb2,101,iteration_end,335,13,2825,2825,True,95f875e6ecd95053,95f875e6ecd95053,True
PB,pb2,101,iteration_end,335,14,2796,2796,True,367f4566aea4018a,367f4566aea4018a,True
PB,pb2,101,iteration_end,335,15,2788,2788,True,140265258d5a41bb,140265258d5a41bb,True
PB,pb2,101,iteration_end,335,16,2784,2784,True,aa3095604103b528,aa3095604103b528,True
PB,pb2,101,iteration_end,335,17,2633,2633,True,d4861f0e02dff5b9,d4861f0e02dff5b9,True
PB,pb2,101,iteration_end,335,18,2616,2616,True,2eb0c78cb9245c66,2eb0c78cb9245c66,True
PB,pb2,101,iteration_end,335,19,2584,2584,True,9de17096df7010dd,9de17096df7010dd,True
PB,pb2,101,iteration_end,336,0,3157,3157,True,d3a46b3d422b0bad,d3a46b3d422b0bad,True
PB,pb2,101,iteration_end,336,1,3094,3094,True,3109dac7a1d7538f,3109dac7a1d7538f,True
PB,pb2,101,iteration_end,336,2,3080,3080,True,88bd74f9d2ec0235,88bd74f9d2ec0235,True
PB,pb2,101,iteration_end,336,3,3080,3080,True,88bd74f9d2ec0235,88bd74f9d2ec0235,True
PB,pb2,101,iteration_end,336,4,3080,3080,True,88bd74f9d2ec0235,88bd74f9d2ec0235,True
PB,pb2,101,iteration_end,336,5,3057,3057,True,2afd733b8a1e4b0e,2afd733b8a1e4b0e,True
PB,pb2,101,iteration_end,336,6,3033,3033,True,f8ced544c40e981c,f8ced544c40e981c,True
PB,pb2,101,iteration_end,336,7,3031,3031,True,d816c6257cd9848b,d816c6257cd9848b,True
PB,pb2,101,iteration_end,336,8,2984,2984,True,485b14da0c51f9b6,485b14da0c51f9b6,True
PB,pb2,101,iteration_end,336,9,2951,2951,True,5ea7508a74de4e81,5ea7508a74de4e81,True
PB,pb2,101,iteration_end,336,10,2893,2893,True,35e291f2448c6f8e,35e291f2448c6f8e,True
PB,pb2,101,iteration_end,336,11,2884,2884,True,826ef8e59b791baf,826ef8e59b791baf,True
PB,pb2,101,iteration_end,336,12,2875,2875,True,a92d3f9fdafb60f6,a92d3f9fdafb60f6,True
PB,pb2,101,iteration_end,336,13,2828,2828,True,324266c735e8c733,324266c735e8c733,True
PB,pb2,101,iteration_end,336,14,2788,2788,True,140265258d5a41bb,140265258d5a41bb,True
PB,pb2,101,iteration_end,336,15,2784,2784,True,aa3095604103b528,aa3095604103b528,True
PB,pb2,101,iteration_end,336,16,2622,2622,True,7458a2e08d25f987,7458a2e08d25f987,True
PB,pb2,101,iteration_end,336,17,2589,2589,True,9ade35e44874713f,9ade35e44874713f,True
PB,pb2,101,iteration_end,336,18,2586,2586,True,06637db53890a5bd,06637db53890a5bd,True
PB,pb2,101,iteration_end,336,19,2542,2542,True,dce1b52470ad2785,dce1b52470ad2785,True
PB,pb2,101,iteration_end,337,0,3135,3135,True,603d34c4238aa63d,603d34c4238aa63d,True
PB,pb2,101,iteration_end,337,1,3119,3119,True,10de99fc373c223a,10de99fc373c223a,True
PB,pb2,101,iteration_end,337,2,3080,3080,True,88bd74f9d2ec0235,88bd74f9d2ec0235,True
PB,pb2,101,iteration_end,337,3,3080,3080,True,88bd74f9d2ec0235,88bd74f9d2ec0235,True
PB,pb2,101,iteration_end,337,4,3062,3062,True,e4638e6f3058c7cd,e4638e6f3058c7cd,True
PB,pb2,101,iteration_end,337,5,3057,3057,True,2afd733b8a1e4b0e,2afd733b8a1e4b0e,True
PB,pb2,101,iteration_end,337,6,3031,3031,True,d816c6257cd9848b,d816c6257cd9848b,True
PB,pb2,101,iteration_end,337,7,3031,3031,True,d816c6257cd9848b,d816c6257cd9848b,True
PB,pb2,101,iteration_end,337,8,3001,3001,True,4f266915665b7791,4f266915665b7791,True
PB,pb2,101,iteration_end,337,9,2993,2993,True,5c26eb37bd1ae74f,5c26eb37bd1ae74f,True
PB,pb2,101,iteration_end,337,10,2879,2879,True,2e75d49c97d72a61,2e75d49c97d72a61,True
PB,pb2,101,iteration_end,337,11,2852,2852,True,e1778bd748d1c0e8,e1778bd748d1c0e8,True
PB,pb2,101,iteration_end,337,12,2788,2788,True,140265258d5a41bb,140265258d5a41bb,True
PB,pb2,101,iteration_end,337,13,2788,2788,True,140265258d5a41bb,140265258d5a41bb,True
PB,pb2,101,iteration_end,337,14,2788,2788,True,140265258d5a41bb,140265258d5a41bb,True
PB,pb2,101,iteration_end,337,15,2788,2788,True,140265258d5a41bb,140265258d5a41bb,True
PB,pb2,101,iteration_end,337,16,2643,2643,True,d6b629c739835156,d6b629c739835156,True
PB,pb2,101,iteration_end,337,17,2628,2628,True,f2026fbe056a23da,f2026fbe056a23da,True
PB,pb2,101,iteration_end,337,18,2580,2580,True,c5ddf0e20d24dd43,c5ddf0e20d24dd43,True
PB,pb2,101,iteration_end,337,19,2516,2516,True,84018db4ec768c21,84018db4ec768c21,True
PB,pb2,101,iteration_end,338,0,3086,3086,True,2eb9f373005e49c1,2eb9f373005e49c1,True
PB,pb2,101,iteration_end,338,1,3080,3080,True,88bd74f9d2ec0235,88bd74f9d2ec0235,True
PB,pb2,101,iteration_end,338,2,3048,3048,True,964802243843a574,964802243843a574,True
PB,pb2,101,iteration_end,338,3,2967,2967,True,5bed47c848d622b3,5bed47c848d622b3,True
PB,pb2,101,iteration_end,338,4,2961,2961,True,96e6708d20dea476,96e6708d20dea476,True
PB,pb2,101,iteration_end,338,5,2941,2941,True,7f6ff18ed8aa9845,7f6ff18ed8aa9845,True
PB,pb2,101,iteration_end,338,6,2934,2934,True,2c34361834a98c89,2c34361834a98c89,True
PB,pb2,101,iteration_end,338,7,2884,2884,True,826ef8e59b791baf,826ef8e59b791baf,True
PB,pb2,101,iteration_end,338,8,2837,2837,True,6f4405e1e2bf4e97,6f4405e1e2bf4e97,True
PB,pb2,101,iteration_end,338,9,2820,2820,True,ea6c203e9f157111,ea6c203e9f157111,True
PB,pb2,101,iteration_end,338,10,2819,2819,True,dc7efc91c71c2fe1,dc7efc91c71c2fe1,True
PB,pb2,101,iteration_end,338,11,2788,2788,True,140265258d5a41bb,140265258d5a41bb,True
PB,pb2,101,iteration_end,338,12,2788,2788,True,140265258d5a41bb,140265258d5a41bb,True
PB,pb2,101,iteration_end,338,13,2788,2788,True,140265258d5a41bb,140265258d5a41bb,True
PB,pb2,101,iteration_end,338,14,2788,2788,True,140265258d5a41bb,140265258d5a41bb,True
PB,pb2,101,iteration_end,338,15,2734,2734,True,e9caad60391b2916,e9caad60391b2916,True
PB,pb2,101,iteration_end,338,16,2720,2720,True,ca545eee02b58814,ca545eee02b58814,True
PB,pb2,101,iteration_end,338,17,2633,2633,True,d4861f0e02dff5b9,d4861f0e02dff5b9,True
PB,pb2,101,iteration_end,338,18,2573,2573,True,6878adf88c785b16,6878adf88c785b16,True
PB,pb2,101,iteration_end,338,19,2384,2384,True,00ad7934d218dbae,00ad7934d218dbae,True
PB,pb2,101,iteration_end,339,0,3057,3057,True,2afd733b8a1e4b0e,2afd733b8a1e4b0e,True
PB,pb2,101,iteration_end,339,1,3033,3033,True,f8ced544c40e981c,f8ced544c40e981c,True
PB,pb2,101,iteration_end,339,2,3033,3033,True,f8ced544c40e981c,f8ced544c40e981c,True
PB,pb2,101,iteration_end,339,3,3032,3032,True,1b00f71aea1a5c9f,1b00f71aea1a5c9f,True
PB,pb2,101,iteration_end,339,4,3031,3031,True,d816c6257cd9848b,d816c6257cd9848b,True
PB,pb2,101,iteration_end,339,5,3017,3017,True,c51279d19f8e4416,c51279d19f8e4416,True
PB,pb2,101,iteration_end,339,6,3001,3001,True,0288bdef3da28f2a,0288bdef3da28f2a,True
PB,pb2,101,iteration_end,339,7,2966,2966,True,66c72817388d4faf,66c72817388d4faf,True
PB,pb2,101,iteration_end,339,8,2951,2951,True,d9d87776b43f8177,d9d87776b43f8177,True
PB,pb2,101,iteration_end,339,9,2945,2945,True,3022dfdcee1a541a,3022dfdcee1a541a,True
PB,pb2,101,iteration_end,339,10,2925,2925,True,1d847a739849fe14,1d847a739849fe14,True
PB,pb2,101,iteration_end,339,11,2899,2899,True,69efc5ac42f191d3,69efc5ac42f191d3,True
PB,pb2,101,iteration_end,339,12,2885,2885,True,a23abe946b233842,a23abe946b233842,True
PB,pb2,101,iteration_end,339,13,2835,2835,True,f191987d2d1de62f,f191987d2d1de62f,True
PB,pb2,101,iteration_end,339,14,2826,2826,True,9213653c38b4ec1f,9213653c38b4ec1f,True
PB,pb2,101,iteration_end,339,15,2788,2788,True,140265258d5a41bb,140265258d5a41bb,True
PB,pb2,101,iteration_end,339,16,2788,2788,True,140265258d5a41bb,140265258d5a41bb,True
PB,pb2,101,iteration_end,339,17,2767,2767,True,b1b61bdd7847a6f5,b1b61bdd7847a6f5,True
PB,pb2,101,iteration_end,339,18,2735,2735,True,121e8cebea526a23,121e8cebea526a23,True
PB,pb2,101,iteration_end,339,19,2528,2528,True,23299407402ca138,23299407402ca138,True
PB,pb2,101,iteration_end,340,0,3170,3170,True,2bb12059a6019f62,2bb12059a6019f62,True
PB,pb2,101,iteration_end,340,1,3169,3169,True,df8178a1373d218d,df8178a1373d218d,True
PB,pb2,101,iteration_end,340,2,3110,3110,True,6b7f3a447fa10335,6b7f3a447fa10335,True
PB,pb2,101,iteration_end,340,3,3075,3075,True,1f5c7157d277d0b6,1f5c7157d277d0b6,True
PB,pb2,101,iteration_end,340,4,3057,3057,True,2afd733b8a1e4b0e,2afd733b8a1e4b0e,True
PB,pb2,101,iteration_end,340,5,3031,3031,True,d816c6257cd9848b,d816c6257cd9848b,True
PB,pb2,101,iteration_end,340,6,2997,2997,True,2836460419b4bf16,2836460419b4bf16,True
PB,pb2,101,iteration_end,340,7,2877,2877,True,2c5eb6a3502019ca,2c5eb6a3502019ca,True
PB,pb2,101,iteration_end,340,8,2876,2876,True,262cffcf28a830d6,262cffcf28a830d6,True
PB,pb2,101,iteration_end,340,9,2850,2850,True,b9861a9c9a8788fd,b9861a9c9a8788fd,True
PB,pb2,101,iteration_end,340,10,2837,2837,True,b4562b041f3aea0b,b4562b041f3aea0b,True
PB,pb2,101,iteration_end,340,11,2833,2833,True,71ae17bcba331d44,71ae17bcba331d44,True
PB,pb2,101,iteration_end,340,12,2805,2805,True,55ff695ab562fb37,55ff695ab562fb37,True
PB,pb2,101,iteration_end,340,13,2788,2788,True,140265258d5a41bb,140265258d5a41bb,True
PB,pb2,101,iteration_end,340,14,2786,2786,True,090fe1607c64f23e,090fe1607c64f23e,True
PB,pb2,101,iteration_end,340,15,2784,2784,True,aa3095604103b528,aa3095604103b528,True
PB,pb2,101,iteration_end,340,16,2722,2722,True,a56df23df72cd64e,a56df23df72cd64e,True
PB,pb2,101,iteration_end,340,17,2682,2682,True,cd60077e6d04f187,cd60077e6d04f187,True
PB,pb2,101,iteration_end,340,18,2675,2675,True,ad2baf90c4389475,ad2baf90c4389475,True
PB,pb2,101,iteration_end,340,19,2626,2626,True,e898941930bfd68f,e898941930bfd68f,True
PB,pb2,101,iteration_end,341,0,3080,3080,True,88bd74f9d2ec0235,88bd74f9d2ec0235,True
PB,pb2,101,iteration_end,341,1,3064,3064,True,18a62a41adc13882,18a62a41adc13882,True
PB,pb2,101,iteration_end,341,2,3062,3062,True,9a43786d45e827b8,9a43786d45e827b8,True
PB,pb2,101,iteration_end,341,3,3057,3057,True,2afd733b8a1e4b0e,2afd733b8a1e4b0e,True
PB,pb2,101,iteration_end,341,4,3039,3039,True,8de83c450bd0e747,8de83c450bd0e747,True
PB,pb2,101,iteration_end,341,5,3039,3039,True,8de83c450bd0e747,8de83c450bd0e747,True
PB,pb2,101,iteration_end,341,6,3033,3033,True,f8ced544c40e981c,f8ced544c40e981c,True
PB,pb2,101,iteration_end,341,7,3010,3010,True,a80288d128f2c58e,a80288d128f2c58e,True
PB,pb2,101,iteration_end,341,8,3003,3003,True,32288d0aa32d2051,32288d0aa32d2051,True
PB,pb2,101,iteration_end,341,9,2986,2986,True,41fc2b4aeac1b99c,41fc2b4aeac1b99c,True
PB,pb2,101,iteration_end,341,10,2910,2910,True,51c9fcd686566f07,51c9fcd686566f07,True
PB,pb2,101,iteration_end,341,11,2837,2837,True,6f4405e1e2bf4e97,6f4405e1e2bf4e97,True
PB,pb2,101,iteration_end,341,12,2835,2835,True,f191987d2d1de62f,f191987d2d1de62f,True
PB,pb2,101,iteration_end,341,13,2835,2835,True,f191987d2d1de62f,f191987d2d1de62f,True
PB,pb2,101,iteration_end,341,14,2833,2833,True,71ae17bcba331d44,71ae17bcba331d44,True
PB,pb2,101,iteration_end,341,15,2788,2788,True,140265258d5a41bb,140265258d5a41bb,True
PB,pb2,101,iteration_end,341,16,2788,2788,True,140265258d5a41bb,140265258d5a41bb,True
PB,pb2,101,iteration_end,341,17,2724,2724,True,8d847fd08c2d3409,8d847fd08c2d3409,True
PB,pb2,101,iteration_end,341,18,2633,2633,True,d4861f0e02dff5b9,d4861f0e02dff5b9,True
PB,pb2,101,iteration_end,341,19,2628,2628,True,f2026fbe056a23da,f2026fbe056a23da,True
PB,pb2,101,iteration_end,342,0,3089,3089,True,c5a86967061374a5,c5a86967061374a5,True
PB,pb2,101,iteration_end,342,1,3080,3080,True,88bd74f9d2ec0235,88bd74f9d2ec0235,True
PB,pb2,101,iteration_end,342,2,3057,3057,True,2afd733b8a1e4b0e,2afd733b8a1e4b0e,True
PB,pb2,101,iteration_end,342,3,3042,3042,True,18bc076a3e1280c1,18bc076a3e1280c1,True
PB,pb2,101,iteration_end,342,4,3028,3028,True,4514954fa18f31d2,4514954fa18f31d2,True
PB,pb2,101,iteration_end,342,5,3008,3008,True,5926734030b970ed,5926734030b970ed,True
PB,pb2,101,iteration_end,342,6,2993,2993,True,e073c625cef2d352,e073c625cef2d352,True
PB,pb2,101,iteration_end,342,7,2989,2989,True,d97db893bf43c4bf,d97db893bf43c4bf,True
PB,pb2,101,iteration_end,342,8,2901,2901,True,227c1617a68fab07,227c1617a68fab07,True
PB,pb2,101,iteration_end,342,9,2833,2833,True,71ae17bcba331d44,71ae17bcba331d44,True
PB,pb2,101,iteration_end,342,10,2788,2788,True,140265258d5a41bb,140265258d5a41bb,True
PB,pb2,101,iteration_end,342,11,2788,2788,True,140265258d5a41bb,140265258d5a41bb,True
PB,pb2,101,iteration_end,342,12,2788,2788,True,140265258d5a41bb,140265258d5a41bb,True
PB,pb2,101,iteration_end,342,13,2788,2788,True,140265258d5a41bb,140265258d5a41bb,True
PB,pb2,101,iteration_end,342,14,2788,2788,True,140265258d5a41bb,140265258d5a41bb,True
PB,pb2,101,iteration_end,342,15,2784,2784,True,aa3095604103b528,aa3095604103b528,True
PB,pb2,101,iteration_end,342,16,2633,2633,True,d4861f0e02dff5b9,d4861f0e02dff5b9,True
PB,pb2,101,iteration_end,342,17,2630,2630,True,184f60e0739f152f,184f60e0739f152f,True
PB,pb2,101,iteration_end,342,18,2630,2630,True,184f60e0739f152f,184f60e0739f152f,True
PB,pb2,101,iteration_end,342,19,2537,2537,True,f5dae68a853e2955,f5dae68a853e2955,True
PB,pb2,101,iteration_end,343,0,3157,3157,True,479ae4ede323e401,479ae4ede323e401,True
PB,pb2,101,iteration_end,343,1,3145,3145,True,4b189348c062ae0a,4b189348c062ae0a,True
PB,pb2,101,iteration_end,343,2,3141,3141,True,db7f0da8a74f7674,db7f0da8a74f7674,True
PB,pb2,101,iteration_end,343,3,3080,3080,True,88bd74f9d2ec0235,88bd74f9d2ec0235,True
PB,pb2,101,iteration_end,343,4,3080,3080,True,88bd74f9d2ec0235,88bd74f9d2ec0235,True
PB,pb2,101,iteration_end,343,5,3057,3057,True,a9e7c7e1e5f6677a,a9e7c7e1e5f6677a,True
PB,pb2,101,iteration_end,343,6,3031,3031,True,d816c6257cd9848b,d816c6257cd9848b,True
PB,pb2,101,iteration_end,343,7,3010,3010,True,a80288d128f2c58e,a80288d128f2c58e,True
PB,pb2,101,iteration_end,343,8,3010,3010,True,a80288d128f2c58e,a80288d128f2c58e,True
PB,pb2,101,iteration_end,343,9,2969,2969,True,b1ce285271f92fea,b1ce285271f92fea,True
PB,pb2,101,iteration_end,343,10,2884,2884,True,826ef8e59b791baf,826ef8e59b791baf,True
PB,pb2,101,iteration_end,343,11,2884,2884,True,826ef8e59b791baf,826ef8e59b791baf,True
PB,pb2,101,iteration_end,343,12,2876,2876,True,262cffcf28a830d6,262cffcf28a830d6,True
PB,pb2,101,iteration_end,343,13,2875,2875,True,a92d3f9fdafb60f6,a92d3f9fdafb60f6,True
PB,pb2,101,iteration_end,343,14,2841,2841,True,747f0dd8b87f087b,747f0dd8b87f087b,True
PB,pb2,101,iteration_end,343,15,2833,2833,True,71ae17bcba331d44,71ae17bcba331d44,True
PB,pb2,101,iteration_end,343,16,2788,2788,True,140265258d5a41bb,140265258d5a41bb,True
PB,pb2,101,iteration_end,343,17,2788,2788,True,140265258d5a41bb,140265258d5a41bb,True
PB,pb2,101,iteration_end,343,18,2786,2786,True,090fe1607c64f23e,090fe1607c64f23e,True
PB,pb2,101,iteration_end,343,19,2768,2768,True,287db215194d8857,287db215194d8857,True
PB,pb2,101,iteration_end,344,0,3125,3125,True,faac3ed26de957d6,faac3ed26de957d6,True
PB,pb2,101,iteration_end,344,1,3080,3080,True,88bd74f9d2ec0235,88bd74f9d2ec0235,True
PB,pb2,101,iteration_end,344,2,3031,3031,True,d816c6257cd9848b,d816c6257cd9848b,True
PB,pb2,101,iteration_end,344,3,3016,3016,True,4cc13b86f28df8ea,4cc13b86f28df8ea,True
PB,pb2,101,iteration_end,344,4,2996,2996,True,0547849bda8c0240,0547849bda8c0240,True
PB,pb2,101,iteration_end,344,5,2994,2994,True,19686ee04d509b57,19686ee04d509b57,True
PB,pb2,101,iteration_end,344,6,2985,2985,True,f8f9aecbee127e84,f8f9aecbee127e84,True
PB,pb2,101,iteration_end,344,7,2971,2971,True,4f8be8f0ab4c4515,4f8be8f0ab4c4515,True
PB,pb2,101,iteration_end,344,8,2884,2884,True,826ef8e59b791baf,826ef8e59b791baf,True
PB,pb2,101,iteration_end,344,9,2884,2884,True,826ef8e59b791baf,826ef8e59b791baf,True
PB,pb2,101,iteration_end,344,10,2840,2840,True,98381e9dad17ab55,98381e9dad17ab55,True
PB,pb2,101,iteration_end,344,11,2805,2805,True,15ab6624162a648f,15ab6624162a648f,True
PB,pb2,101,iteration_end,344,12,2747,2747,True,4a1d85e96bba9c36,4a1d85e96bba9c36,True
PB,pb2,101,iteration_end,344,13,2685,2685,True,fda3509208c10bba,fda3509208c10bba,True
PB,pb2,101,iteration_end,344,14,2679,2679,True,3d5f7c7b5a791d77,3d5f7c7b5a791d77,True
PB,pb2,101,iteration_end,344,15,2673,2673,True,a02b5fa91ae008e2,a02b5fa91ae008e2,True
PB,pb2,101,iteration_end,344,16,2575,2575,True,fb53108ddddfcef1,fb53108ddddfcef1,True
PB,pb2,101,iteration_end,344,17,2533,2533,True,a9bf284f4a48cdea,a9bf284f4a48cdea,True
PB,pb2,101,iteration_end,344,18,2517,2517,True,db1f148684418130,db1f148684418130,True
PB,pb2,101,iteration_end,344,19,2471,2471,True,3d71a06661d6c19d,3d71a06661d6c19d,True
PB,pb2,101,iteration_end,345,0,3144,3144,True,4b3d93cf0491a310,4b3d93cf0491a310,True
PB,pb2,101,iteration_end,345,1,3080,3080,True,88bd74f9d2ec0235,88bd74f9d2ec0235,True
PB,pb2,101,iteration_end,345,2,3080,3080,True,88bd74f9d2ec0235,88bd74f9d2ec0235,True
PB,pb2,101,iteration_end,345,3,3077,3077,True,2f1f672d1c4c840a,2f1f672d1c4c840a,True
PB,pb2,101,iteration_end,345,4,3031,3031,True,d816c6257cd9848b,d816c6257cd9848b,True
PB,pb2,101,iteration_end,345,5,3025,3025,True,355192a87f7a4678,355192a87f7a4678,True
PB,pb2,101,iteration_end,345,6,3010,3010,True,a80288d128f2c58e,a80288d128f2c58e,True
PB,pb2,101,iteration_end,345,7,3010,3010,True,3ffbe665702aece0,3ffbe665702aece0,True
PB,pb2,101,iteration_end,345,8,3010,3010,True,a80288d128f2c58e,a80288d128f2c58e,True
PB,pb2,101,iteration_end,345,9,2994,2994,True,f061813203572e19,f061813203572e19,True
PB,pb2,101,iteration_end,345,10,2942,2942,True,9522affdaf7b22e9,9522affdaf7b22e9,True
PB,pb2,101,iteration_end,345,11,2884,2884,True,826ef8e59b791baf,826ef8e59b791baf,True
PB,pb2,101,iteration_end,345,12,2833,2833,True,71ae17bcba331d44,71ae17bcba331d44,True
PB,pb2,101,iteration_end,345,13,2830,2830,True,a2f7518ca45ada1f,a2f7518ca45ada1f,True
PB,pb2,101,iteration_end,345,14,2769,2769,True,18518f61b2fdb817,18518f61b2fdb817,True
PB,pb2,101,iteration_end,345,15,2689,2689,True,2ab71db11549ec3a,2ab71db11549ec3a,True
PB,pb2,101,iteration_end,345,16,2633,2633,True,d4861f0e02dff5b9,d4861f0e02dff5b9,True
PB,pb2,101,iteration_end,345,17,2600,2600,True,391f21edefc618b3,391f21edefc618b3,True
PB,pb2,101,iteration_end,345,18,2583,2583,True,e5f9e6403686efb5,e5f9e6403686efb5,True
PB,pb2,101,iteration_end,345,19,2522,2522,True,ca39c92b2eeafa44,ca39c92b2eeafa44,True
PB,pb2,101,iteration_end,346,0,3104,3104,True,672e92214a6c0958,672e92214a6c0958,True
PB,pb2,101,iteration_end,346,1,3080,3080,True,88bd74f9d2ec0235,88bd74f9d2ec0235,True
PB,pb2,101,iteration_end,346,2,3057,3057,True,2afd733b8a1e4b0e,2afd733b8a1e4b0e,True
PB,pb2,101,iteration_end,346,3,3048,3048,True,964802243843a574,964802243843a574,True
PB,pb2,101,iteration_end,346,4,2990,2990,True,a932a8caf447e5fd,a932a8caf447e5fd,True
PB,pb2,101,iteration_end,346,5,2930,2930,True,a73010e87d5866e8,a73010e87d5866e8,True
PB,pb2,101,iteration_end,346,6,2916,2916,True,08dc067f99bbbf68,08dc067f99bbbf68,True
PB,pb2,101,iteration_end,346,7,2900,2900,True,fc89b132c3a1fc8b,fc89b132c3a1fc8b,True
PB,pb2,101,iteration_end,346,8,2883,2883,True,436cc73717f87279,436cc73717f87279,True
PB,pb2,101,iteration_end,346,9,2837,2837,True,6f4405e1e2bf4e97,6f4405e1e2bf4e97,True
PB,pb2,101,iteration_end,346,10,2788,2788,True,140265258d5a41bb,140265258d5a41bb,True
PB,pb2,101,iteration_end,346,11,2788,2788,True,140265258d5a41bb,140265258d5a41bb,True
PB,pb2,101,iteration_end,346,12,2788,2788,True,140265258d5a41bb,140265258d5a41bb,True
PB,pb2,101,iteration_end,346,13,2788,2788,True,140265258d5a41bb,140265258d5a41bb,True
PB,pb2,101,iteration_end,346,14,2776,2776,True,e74166dee76ab355,e74166dee76ab355,True
PB,pb2,101,iteration_end,346,15,2761,2761,True,1de8f9796025739d,1de8f9796025739d,True
PB,pb2,101,iteration_end,346,16,2714,2714,True,38d91d26868fa09b,38d91d26868fa09b,True
PB,pb2,101,iteration_end,346,17,2633,2633,True,d4861f0e02dff5b9,d4861f0e02dff5b9,True
PB,pb2,101,iteration_end,346,18,2617,2617,True,0dd1b0417abefd66,0dd1b0417abefd66,True
PB,pb2,101,iteration_end,346,19,2474,2474,True,20d01b63e1debe31,20d01b63e1debe31,True
PB,pb2,101,iteration_end,347,0,3060,3060,True,6c3f502e46fa8f58,6c3f502e46fa8f58,True
PB,pb2,101,iteration_end,347,1,3025,3025,True,b81fb71be09e1c10,b81fb71be09e1c10,True
PB,pb2,101,iteration_end,347,2,3007,3007,True,8cd9e32c6d88bac0,8cd9e32c6d88bac0,True
PB,pb2,101,iteration_end,347,3,2991,2991,True,583532234d85521b,583532234d85521b,True
PB,pb2,101,iteration_end,347,4,2925,2925,True,1d847a739849fe14,1d847a739849fe14,True
PB,pb2,101,iteration_end,347,5,2900,2900,True,69fb79b95c789692,69fb79b95c789692,True
PB,pb2,101,iteration_end,347,6,2863,2863,True,bc7cf9f2251f6a14,bc7cf9f2251f6a14,True
PB,pb2,101,iteration_end,347,7,2838,2838,True,07b8ae7b6d8367dd,07b8ae7b6d8367dd,True
PB,pb2,101,iteration_end,347,8,2828,2828,True,324266c735e8c733,324266c735e8c733,True
PB,pb2,101,iteration_end,347,9,2827,2827,True,719b561e443d2168,719b561e443d2168,True
PB,pb2,101,iteration_end,347,10,2798,2798,True,c434ee6c3b93fc2b,c434ee6c3b93fc2b,True
PB,pb2,101,iteration_end,347,11,2788,2788,True,140265258d5a41bb,140265258d5a41bb,True
PB,pb2,101,iteration_end,347,12,2788,2788,True,140265258d5a41bb,140265258d5a41bb,True
PB,pb2,101,iteration_end,347,13,2752,2752,True,27bb2389b41def4c,27bb2389b41def4c,True
PB,pb2,101,iteration_end,347,14,2742,2742,True,9b55c1081960b7a1,9b55c1081960b7a1,True
PB,pb2,101,iteration_end,347,15,2730,2730,True,820e56714f7b8969,820e56714f7b8969,True
PB,pb2,101,iteration_end,347,16,2712,2712,True,c64f19f7cb164de4,c64f19f7cb164de4,True
PB,pb2,101,iteration_end,347,17,2676,2676,True,9eec72a53a76e8c2,9eec72a53a76e8c2,True
PB,pb2,101,iteration_end,347,18,2533,2533,True,a9bf284f4a48cdea,a9bf284f4a48cdea,True
PB,pb2,101,iteration_end,347,19,2453,2453,True,65fe20490a396bef,65fe20490a396bef,True
PB,pb2,101,iteration_end,348,0,3080,3080,True,88bd74f9d2ec0235,88bd74f9d2ec0235,True
PB,pb2,101,iteration_end,348,1,3057,3057,True,2afd733b8a1e4b0e,2afd733b8a1e4b0e,True
PB,pb2,101,iteration_end,348,2,3031,3031,True,d816c6257cd9848b,d816c6257cd9848b,True
PB,pb2,101,iteration_end,348,3,2981,2981,True,b30298766022037b,b30298766022037b,True
PB,pb2,101,iteration_end,348,4,2961,2961,True,df939f4824b5c5dd,df939f4824b5c5dd,True
PB,pb2,101,iteration_end,348,5,2951,2951,True,0310b52a2b44151f,0310b52a2b44151f,True
PB,pb2,101,iteration_end,348,6,2950,2950,True,66fea92c2b02ba9b,66fea92c2b02ba9b,True
PB,pb2,101,iteration_end,348,7,2894,2894,True,feedd2dc7f5f9f02,feedd2dc7f5f9f02,True
PB,pb2,101,iteration_end,348,8,2875,2875,True,8b1a0d53e315fe5a,8b1a0d53e315fe5a,True
PB,pb2,101,iteration_end,348,9,2798,2798,True,d4db347f7586de03,d4db347f7586de03,True
PB,pb2,101,iteration_end,348,10,2788,2788,True,140265258d5a41bb,140265258d5a41bb,True
PB,pb2,101,iteration_end,348,11,2788,2788,True,140265258d5a41bb,140265258d5a41bb,True
PB,pb2,101,iteration_end,348,12,2783,2783,True,be92cde4b2983132,be92cde4b2983132,True
PB,pb2,101,iteration_end,348,13,2752,2752,True,38b8e4568d5ab11b,38b8e4568d5ab11b,True
PB,pb2,101,iteration_end,348,14,2741,2741,True,38348e57eb744b47,38348e57eb744b47,True
PB,pb2,101,iteration_end,348,15,2675,2675,True,ad2baf90c4389475,ad2baf90c4389475,True
PB,pb2,101,iteration_end,348,16,2635,2635,True,1a5ac28da4ef5a15,1a5ac28da4ef5a15,True
PB,pb2,101,iteration_end,348,17,2477,2477,True,a4bd75a091162c46,a4bd75a091162c46,True
PB,pb2,101,iteration_end,348,18,2323,2323,True,6bae8add4905f9e6,6bae8add4905f9e6,True
PB,pb2,101,iteration_end,348,19,2160,2160,True,f34d10e594c1a909,f34d10e594c1a909,True
PB,pb2,101,iteration_end,349,0,3101,3101,True,ec662e33dcbd044a,ec662e33dcbd044a,True
PB,pb2,101,iteration_end,349,1,3057,3057,True,2afd733b8a1e4b0e,2afd733b8a1e4b0e,True
PB,pb2,101,iteration_end,349,2,3013,3013,True,37c2edda88f3a41f,37c2edda88f3a41f,True
PB,pb2,101,iteration_end,349,3,3010,3010,True,a80288d128f2c58e,a80288d128f2c58e,True
PB,pb2,101,iteration_end,349,4,2953,2953,True,7b4fc98569932440,7b4fc98569932440,True
PB,pb2,101,iteration_end,349,5,2928,2928,True,a3386712b8003079,a3386712b8003079,True
PB,pb2,101,iteration_end,349,6,2903,2903,True,f9e3266bfeaf0225,f9e3266bfeaf0225,True
PB,pb2,101,iteration_end,349,7,2901,2901,True,b365da755034ae0b,b365da755034ae0b,True
PB,pb2,101,iteration_end,349,8,2884,2884,True,826ef8e59b791baf,826ef8e59b791baf,True
PB,pb2,101,iteration_end,349,9,2875,2875,True,a92d3f9fdafb60f6,a92d3f9fdafb60f6,True
PB,pb2,101,iteration_end,349,10,2788,2788,True,140265258d5a41bb,140265258d5a41bb,True
PB,pb2,101,iteration_end,349,11,2784,2784,True,aa3095604103b528,aa3095604103b528,True
PB,pb2,101,iteration_end,349,12,2779,2779,True,87638a371245f373,87638a371245f373,True
PB,pb2,101,iteration_end,349,13,2745,2745,True,02168e3536df5001,02168e3536df5001,True
PB,pb2,101,iteration_end,349,14,2733,2733,True,7d82e78232a82e3b,7d82e78232a82e3b,True
PB,pb2,101,iteration_end,349,15,2692,2692,True,3d26b42062f1dde1,3d26b42062f1dde1,True
PB,pb2,101,iteration_end,349,16,2584,2584,True,9de17096df7010dd,9de17096df7010dd,True
PB,pb2,101,iteration_end,349,17,2579,2579,True,08f6b6b5fedc4637,08f6b6b5fedc4637,True
PB,pb2,101,iteration_end,349,18,2571,2571,True,c983f7385f15cacf,c983f7385f15cacf,True
PB,pb2,101,iteration_end,349,19,2529,2529,True,4e64fd88bb8eb091,4e64fd88bb8eb091,True
PB,pb2,101,iteration_end,350,0,3150,3150,True,e5f90ee5dcf09281,e5f90ee5dcf09281,True
PB,pb2,101,iteration_end,350,1,3150,3150,True,e5f90ee5dcf09281,e5f90ee5dcf09281,True
PB,pb2,101,iteration_end,350,2,3080,3080,True,88bd74f9d2ec0235,88bd74f9d2ec0235,True
PB,pb2,101,iteration_end,350,3,3080,3080,True,88bd74f9d2ec0235,88bd74f9d2ec0235,True
PB,pb2,101,iteration_end,350,4,3033,3033,True,f8ced544c40e981c,f8ced544c40e981c,True
PB,pb2,101,iteration_end,350,5,3025,3025,True,98e4030c1ec14686,98e4030c1ec14686,True
PB,pb2,101,iteration_end,350,6,3016,3016,True,b1be5c304ad15a14,b1be5c304ad15a14,True
PB,pb2,101,iteration_end,350,7,2971,2971,True,5072efa96bc9d642,5072efa96bc9d642,True
PB,pb2,101,iteration_end,350,8,2884,2884,True,826ef8e59b791baf,826ef8e59b791baf,True
PB,pb2,101,iteration_end,350,9,2876,2876,True,262cffcf28a830d6,262cffcf28a830d6,True
PB,pb2,101,iteration_end,350,10,2869,2869,True,71a0494810940f72,71a0494810940f72,True
PB,pb2,101,iteration_end,350,11,2847,2847,True,48253f2c2adea650,48253f2c2adea650,True
PB,pb2,101,iteration_end,350,12,2833,2833,True,71ae17bcba331d44,71ae17bcba331d44,True
PB,pb2,101,iteration_end,350,13,2788,2788,True,140265258d5a41bb,140265258d5a41bb,True
PB,pb2,101,iteration_end,350,14,2788,2788,True,140265258d5a41bb,140265258d5a41bb,True
PB,pb2,101,iteration_end,350,15,2788,2788,True,140265258d5a41bb,140265258d5a41bb,True
PB,pb2,101,iteration_end,350,16,2788,2788,True,140265258d5a41bb,140265258d5a41bb,True
PB,pb2,101,iteration_end,350,17,2710,2710,True,5167c867736ee61d,5167c867736ee61d,True
PB,pb2,101,iteration_end,350,18,2512,2512,True,5b0c956885f104d0,5b0c956885f104d0,True
PB,pb2,101,iteration_end,350,19,2455,2455,True,5de891a423d578c0,5de891a423d578c0,True
PB,pb2,101,iteration_end,351,0,3080,3080,True,88bd74f9d2ec0235,88bd74f9d2ec0235,True
PB,pb2,101,iteration_end,351,1,3057,3057,True,2afd733b8a1e4b0e,2afd733b8a1e4b0e,True
PB,pb2,101,iteration_end,351,2,3033,3033,True,f8ced544c40e981c,f8ced544c40e981c,True
PB,pb2,101,iteration_end,351,3,3031,3031,True,d816c6257cd9848b,d816c6257cd9848b,True
PB,pb2,101,iteration_end,351,4,3030,3030,True,1a181801d240a7fb,1a181801d240a7fb,True
PB,pb2,101,iteration_end,351,5,3008,3008,True,5926734030b970ed,5926734030b970ed,True
PB,pb2,101,iteration_end,351,6,2988,2988,True,7016ed5eb52fe609,7016ed5eb52fe609,True
PB,pb2,101,iteration_end,351,7,2976,2976,True,dbc1ae3576930040,dbc1ae3576930040,True
PB,pb2,101,iteration_end,351,8,2967,2967,True,5bed47c848d622b3,5bed47c848d622b3,True
PB,pb2,101,iteration_end,351,9,2924,2924,True,09859bcae3d2c172,09859bcae3d2c172,True
PB,pb2,101,iteration_end,351,10,2859,2859,True,5aca857087242dc3,5aca857087242dc3,True
PB,pb2,101,iteration_end,351,11,2830,2830,True,a34e27e12b2bffa6,a34e27e12b2bffa6,True
PB,pb2,101,iteration_end,351,12,2823,2823,True,d8090787b10d223e,d8090787b10d223e,True
PB,pb2,101,iteration_end,351,13,2788,2788,True,140265258d5a41bb,140265258d5a41bb,True
PB,pb2,101,iteration_end,351,14,2788,2788,True,140265258d5a41bb,140265258d5a41bb,True
PB,pb2,101,iteration_end,351,15,2788,2788,True,140265258d5a41bb,140265258d5a41bb,True
PB,pb2,101,iteration_end,351,16,2586,2586,True,06637db53890a5bd,06637db53890a5bd,True
PB,pb2,101,iteration_end,351,17,2584,2584,True,9de17096df7010dd,9de17096df7010dd,True
PB,pb2,101,iteration_end,351,18,2562,2562,True,046c17569deee8d8,046c17569deee8d8,True
PB,pb2,101,iteration_end,351,19,2545,2545,True,049e4bdde3edba58,049e4bdde3edba58,True
PB,pb2,101,iteration_end,352,0,3124,3124,True,4ca4e4f3a9fd57cb,4ca4e4f3a9fd57cb,True
PB,pb2,101,iteration_end,352,1,3039,3039,True,9c996498f80cd608,9c996498f80cd608,True
PB,pb2,101,iteration_end,352,2,3010,3010,True,d7966318a5069ad6,d7966318a5069ad6,True
PB,pb2,101,iteration_end,352,3,2984,2984,True,485b14da0c51f9b6,485b14da0c51f9b6,True
PB,pb2,101,iteration_end,352,4,2918,2918,True,640a16e759dad07c,640a16e759dad07c,True
PB,pb2,101,iteration_end,352,5,2901,2901,True,93f48f798be6d36b,93f48f798be6d36b,True
PB,pb2,101,iteration_end,352,6,2884,2884,True,826ef8e59b791baf,826ef8e59b791baf,True
PB,pb2,101,iteration_end,352,7,2878,2878,True,ca74830cbdf4b502,ca74830cbdf4b502,True
PB,pb2,101,iteration_end,352,8,2860,2860,True,0b377ae831c3562c,0b377ae831c3562c,True
PB,pb2,101,iteration_end,352,9,2847,2847,True,99d2b34f2c8ece61,99d2b34f2c8ece61,True
PB,pb2,101,iteration_end,352,10,2843,2843,True,1562445c300d1196,1562445c300d1196,True
PB,pb2,101,iteration_end,352,11,2788,2788,True,140265258d5a41bb,140265258d5a41bb,True
PB,pb2,101,iteration_end,352,12,2788,2788,True,140265258d5a41bb,140265258d5a41bb,True
PB,pb2,101,iteration_end,352,13,2788,2788,True,140265258d5a41bb,140265258d5a41bb,True
PB,pb2,101,iteration_end,352,14,2788,2788,True,140265258d5a41bb,140265258d5a41bb,True
PB,pb2,101,iteration_end,352,15,2744,2744,True,bf5eed8e7c656178,bf5eed8e7c656178,True
PB,pb2,101,iteration_end,352,16,2612,2612,True,83a11cf96cef6517,83a11cf96cef6517,True
PB,pb2,101,iteration_end,352,17,2611,2611,True,eb37bf4be868fe57,eb37bf4be868fe57,True
PB,pb2,101,iteration_end,352,18,2596,2596,True,250b7e830e24bca2,250b7e830e24bca2,True
PB,pb2,101,iteration_end,352,19,2380,2380,True,dfb1ba1bd7c3c2fa,dfb1ba1bd7c3c2fa,True
PB,pb2,101,iteration_end,353,0,3080,3080,True,88bd74f9d2ec0235,88bd74f9d2ec0235,True
PB,pb2,101,iteration_end,353,1,3052,3052,True,4a96e5b58cb0333a,4a96e5b58cb0333a,True
PB,pb2,101,iteration_end,353,2,3042,3042,True,c90d01fc5620304c,c90d01fc5620304c,True
PB,pb2,101,iteration_end,353,3,3010,3010,True,a80288d128f2c58e,a80288d128f2c58e,True
PB,pb2,101,iteration_end,353,4,3010,3010,True,a80288d128f2c58e,a80288d128f2c58e,True
PB,pb2,101,iteration_end,353,5,2992,2992,True,ad1db441845f7405,ad1db441845f7405,True
PB,pb2,101,iteration_end,353,6,2952,2952,True,7c16d48404fb9a07,7c16d48404fb9a07,True
PB,pb2,101,iteration_end,353,7,2941,2941,True,7f6ff18ed8aa9845,7f6ff18ed8aa9845,True
PB,pb2,101,iteration_end,353,8,2890,2890,True,c8c79db3df23dd1a,c8c79db3df23dd1a,True
PB,pb2,101,iteration_end,353,9,2876,2876,True,262cffcf28a830d6,262cffcf28a830d6,True
PB,pb2,101,iteration_end,353,10,2839,2839,True,fc4a0d1cc7d1618b,fc4a0d1cc7d1618b,True
PB,pb2,101,iteration_end,353,11,2835,2835,True,f191987d2d1de62f,f191987d2d1de62f,True
PB,pb2,101,iteration_end,353,12,2788,2788,True,140265258d5a41bb,140265258d5a41bb,True
PB,pb2,101,iteration_end,353,13,2788,2788,True,140265258d5a41bb,140265258d5a41bb,True
PB,pb2,101,iteration_end,353,14,2788,2788,True,140265258d5a41bb,140265258d5a41bb,True
PB,pb2,101,iteration_end,353,15,2787,2787,True,2272bf4e3198e499,2272bf4e3198e499,True
PB,pb2,101,iteration_end,353,16,2784,2784,True,aa3095604103b528,aa3095604103b528,True
PB,pb2,101,iteration_end,353,17,2701,2701,True,ffacf80312b4f856,ffacf80312b4f856,True
PB,pb2,101,iteration_end,353,18,2700,2700,True,4ec64f3369397702,4ec64f3369397702,True
PB,pb2,101,iteration_end,353,19,2633,2633,True,d4861f0e02dff5b9,d4861f0e02dff5b9,True
PB,pb2,101,iteration_end,354,0,3170,3170,True,2bb12059a6019f62,2bb12059a6019f62,True
PB,pb2,101,iteration_end,354,1,3080,3080,True,88bd74f9d2ec0235,88bd74f9d2ec0235,True
PB,pb2,101,iteration_end,354,2,3020,3020,True,fbd4956cc6c1041a,fbd4956cc6c1041a,True
PB,pb2,101,iteration_end,354,3,3010,3010,True,a80288d128f2c58e,a80288d128f2c58e,True
PB,pb2,101,iteration_end,354,4,3003,3003,True,32288d0aa32d2051,32288d0aa32d2051,True
PB,pb2,101,iteration_end,354,5,2993,2993,True,5c26eb37bd1ae74f,5c26eb37bd1ae74f,True
PB,pb2,101,iteration_end,354,6,2952,2952,True,1e3a6190cda5c979,1e3a6190cda5c979,True
PB,pb2,101,iteration_end,354,7,2896,2896,True,908e24e2cb811b39,908e24e2cb811b39,True
PB,pb2,101,iteration_end,354,8,2884,2884,True,826ef8e59b791baf,826ef8e59b791baf,True
PB,pb2,101,iteration_end,354,9,2878,2878,True,ca74830cbdf4b502,ca74830cbdf4b502,True
PB,pb2,101,iteration_end,354,10,2833,2833,True,71ae17bcba331d44,71ae17bcba331d44,True
PB,pb2,101,iteration_end,354,11,2815,2815,True,d9ffffe5c8db8270,d9ffffe5c8db8270,True
PB,pb2,101,iteration_end,354,12,2811,2811,True,5a62825407ed0aa6,5a62825407ed0aa6,True
PB,pb2,101,iteration_end,354,13,2788,2788,True,140265258d5a41bb,140265258d5a41bb,True
PB,pb2,101,iteration_end,354,14,2783,2783,True,8d5d18060fa982f9,8d5d18060fa982f9,True
PB,pb2,101,iteration_end,354,15,2771,2771,True,e67886a4ff83fbdb,e67886a4ff83fbdb,True
PB,pb2,101,iteration_end,354,16,2743,2743,True,ca47d541d2bfc067,ca47d541d2bfc067,True
PB,pb2,101,iteration_end,354,17,2701,2701,True,ffacf80312b4f856,ffacf80312b4f856,True
PB,pb2,101,iteration_end,354,18,2696,2696,True,92b616a9ac17decf,92b616a9ac17decf,True
PB,pb2,101,iteration_end,354,19,2633,2633,True,d4861f0e02dff5b9,d4861f0e02dff5b9,True
PB,pb2,101,iteration_end,355,0,3153,3153,True,d07c37c13d922acb,d07c37c13d922acb,True
PB,pb2,101,iteration_end,355,1,3148,3148,True,b7809124c7d26d9d,b7809124c7d26d9d,True
PB,pb2,101,iteration_end,355,2,3080,3080,True,88bd74f9d2ec0235,88bd74f9d2ec0235,True
PB,pb2,101,iteration_end,355,3,3057,3057,True,2afd733b8a1e4b0e,2afd733b8a1e4b0e,True
PB,pb2,101,iteration_end,355,4,3057,3057,True,2afd733b8a1e4b0e,2afd733b8a1e4b0e,True
PB,pb2,101,iteration_end,355,5,2996,2996,True,0547849bda8c0240,0547849bda8c0240,True
PB,pb2,101,iteration_end,355,6,2931,2931,True,81a3291cbd8f26e9,81a3291cbd8f26e9,True
PB,pb2,101,iteration_end,355,7,2918,2918,True,640a16e759dad07c,640a16e759dad07c,True
PB,pb2,101,iteration_end,355,8,2891,2891,True,24f215d5022b8df3,24f215d5022b8df3,True
PB,pb2,101,iteration_end,355,9,2873,2873,True,990bc9b52d7dfd21,990bc9b52d7dfd21,True
PB,pb2,101,iteration_end,355,10,2873,2873,True,2b728b6a0f55ae57,2b728b6a0f55ae57,True
PB,pb2,101,iteration_end,355,11,2826,2826,True,95aba3252cea2732,95aba3252cea2732,True
PB,pb2,101,iteration_end,355,12,2788,2788,True,140265258d5a41bb,140265258d5a41bb,True
PB,pb2,101,iteration_end,355,13,2786,2786,True,090fe1607c64f23e,090fe1607c64f23e,True
PB,pb2,101,iteration_end,355,14,2779,2779,True,87638a371245f373,87638a371245f373,True
PB,pb2,101,iteration_end,355,15,2749,2749,True,c2b9ca1d062e1ffb,c2b9ca1d062e1ffb,True
PB,pb2,101,iteration_end,355,16,2656,2656,True,1fbbe0d77553da81,1fbbe0d77553da81,True
PB,pb2,101,iteration_end,355,17,2632,2632,True,c98a26c0976eed5d,c98a26c0976eed5d,True
PB,pb2,101,iteration_end,355,18,2566,2566,True,5e4c918bc3e1fae3,5e4c918bc3e1fae3,True
PB,pb2,101,iteration_end,355,19,2492,2492,True,622976f21e033caa,622976f21e033caa,True
PB,pb2,101,iteration_end,356,0,3148,3148,True,b7809124c7d26d9d,b7809124c7d26d9d,True
PB,pb2,101,iteration_end,356,1,3109,3109,True,4f40782c905b483f,4f40782c905b483f,True
PB,pb2,101,iteration_end,356,2,3103,3103,True,93b1be79f09e8b1b,93b1be79f09e8b1b,True
PB,pb2,101,iteration_end,356,3,3101,3101,True,ad266a2a61d13e16,ad266a2a61d13e16,True
PB,pb2,101,iteration_end,356,4,3069,3069,True,950e052359500e99,950e052359500e99,True
PB,pb2,101,iteration_end,356,5,3057,3057,True,9c0b89167ffc9543,9c0b89167ffc9543,True
PB,pb2,101,iteration_end,356,6,3052,3052,True,4a96e5b58cb0333a,4a96e5b58cb0333a,True
PB,pb2,101,iteration_end,356,7,3010,3010,True,a80288d128f2c58e,a80288d128f2c58e,True
PB,pb2,101,iteration_end,356,8,3008,3008,True,5926734030b970ed,5926734030b970ed,True
PB,pb2,101,iteration_end,356,9,3008,3008,True,5926734030b970ed,5926734030b970ed,True
PB,pb2,101,iteration_end,356,10,2974,2974,True,ddbb7cc500e5e3fc,ddbb7cc500e5e3fc,True
PB,pb2,101,iteration_end,356,11,2953,2953,True,7b4fc98569932440,7b4fc98569932440,True
PB,pb2,101,iteration_end,356,12,2938,2938,True,11671f84f2672b24,11671f84f2672b24,True
PB,pb2,101,iteration_end,356,13,2917,2917,True,33a126be2a772655,33a126be2a772655,True
PB,pb2,101,iteration_end,356,14,2884,2884,True,826ef8e59b791baf,826ef8e59b791baf,True
PB,pb2,101,iteration_end,356,15,2884,2884,True,826ef8e59b791baf,826ef8e59b791baf,True
PB,pb2,101,iteration_end,356,16,2854,2854,True,39901e4a3666a7d0,39901e4a3666a7d0,True
PB,pb2,101,iteration_end,356,17,2788,2788,True,140265258d5a41bb,140265258d5a41bb,True
PB,pb2,101,iteration_end,356,18,2675,2675,True,ad2baf90c4389475,ad2baf90c4389475,True
PB,pb2,101,iteration_end,356,19,2626,2626,True,e898941930bfd68f,e898941930bfd68f,True
PB,pb2,101,iteration_end,357,0,3086,3086,True,a497165c6518d04e,a497165c6518d04e,True
PB,pb2,101,iteration_end,357,1,3074,3074,True,c605393d78147a1f,c605393d78147a1f,True
PB,pb2,101,iteration_end,357,2,3057,3057,True,2afd733b8a1e4b0e,2afd733b8a1e4b0e,True
PB,pb2,101,iteration_end,357,3,3057,3057,True,2afd733b8a1e4b0e,2afd733b8a1e4b0e,True
PB,pb2,101,iteration_end,357,4,3008,3008,True,5926734030b970ed,5926734030b970ed,True
PB,pb2,101,iteration_end,357,5,3008,3008,True,5926734030b970ed,5926734030b970ed,True
PB,pb2,101,iteration_end,357,6,2999,2999,True,3145a858d37f0ba5,3145a858d37f0ba5,True
PB,pb2,101,iteration_end,357,7,2969,2969,True,b1ce285271f92fea,b1ce285271f92fea,True
PB,pb2,101,iteration_end,357,8,2961,2961,True,df939f4824b5c5dd,df939f4824b5c5dd,True
PB,pb2,101,iteration_end,357,9,2953,2953,True,7b4fc98569932440,7b4fc98569932440,True
PB,pb2,101,iteration_end,357,10,2875,2875,True,a92d3f9fdafb60f6,a92d3f9fdafb60f6,True
PB,pb2,101,iteration_end,357,11,2870,2870,True,a9585856c5ad2e5a,a9585856c5ad2e5a,True
PB,pb2,101,iteration_end,357,12,2808,2808,True,f6be9b690e2997a9,f6be9b690e2997a9,True
PB,pb2,101,iteration_end,357,13,2788,2788,True,140265258d5a41bb,140265258d5a41bb,True
PB,pb2,101,iteration_end,357,14,2784,2784,True,aa3095604103b528,aa3095604103b528,True
PB,pb2,101,iteration_end,357,15,2771,2771,True,072685ba254af7bd,072685ba254af7bd,True
PB,pb2,101,iteration_end,357,16,2705,2705,True,8c108318c54c8d84,8c108318c54c8d84,True
PB,pb2,101,iteration_end,357,17,2628,2628,True,f2026fbe056a23da,f2026fbe056a23da,True
PB,pb2,101,iteration_end,357,18,2617,2617,True,831802b9b9833fc7,831802b9b9833fc7,True
PB,pb2,101,iteration_end,357,19,2522,2522,True,ca39c92b2eeafa44,ca39c92b2eeafa44,True
PB,pb2,101,iteration_end,358,0,3144,3144,True,4b3d93cf0491a310,4b3d93cf0491a310,True
PB,pb2,101,iteration_end,358,1,3117,3117,True,f1e94d6204ee1903,f1e94d6204ee1903,True
PB,pb2,101,iteration_end,358,2,3080,3080,True,88bd74f9d2ec0235,88bd74f9d2ec0235,True
PB,pb2,101,iteration_end,358,3,3080,3080,True,88bd74f9d2ec0235,88bd74f9d2ec0235,True
PB,pb2,101,iteration_end,358,4,3070,3070,True,c3e62d7d90dc4aab,c3e62d7d90dc4aab,True
PB,pb2,101,iteration_end,358,5,3057,3057,True,2afd733b8a1e4b0e,2afd733b8a1e4b0e,True
PB,pb2,101,iteration_end,358,6,2984,2984,True,485b14da0c51f9b6,485b14da0c51f9b6,True
PB,pb2,101,iteration_end,358,7,2948,2948,True,81062c05d25a1cb9,81062c05d25a1cb9,True
PB,pb2,101,iteration_end,358,8,2925,2925,True,1d847a739849fe14,1d847a739849fe14,True
PB,pb2,101,iteration_end,358,9,2901,2901,True,b365da755034ae0b,b365da755034ae0b,True
PB,pb2,101,iteration_end,358,10,2901,2901,True,b365da755034ae0b,b365da755034ae0b,True
PB,pb2,101,iteration_end,358,11,2884,2884,True,826ef8e59b791baf,826ef8e59b791baf,True
PB,pb2,101,iteration_end,358,12,2875,2875,True,a92d3f9fdafb60f6,a92d3f9fdafb60f6,True
PB,pb2,101,iteration_end,358,13,2835,2835,True,f191987d2d1de62f,f191987d2d1de62f,True
PB,pb2,101,iteration_end,358,14,2794,2794,True,0ecb675da426ee8c,0ecb675da426ee8c,True
PB,pb2,101,iteration_end,358,15,2788,2788,True,140265258d5a41bb,140265258d5a41bb,True
PB,pb2,101,iteration_end,358,16,2626,2626,True,e898941930bfd68f,e898941930bfd68f,True
PB,pb2,101,iteration_end,358,17,2584,2584,True,9de17096df7010dd,9de17096df7010dd,True
PB,pb2,101,iteration_end,358,18,2523,2523,True,b5e036becf971879,b5e036becf971879,True
PB,pb2,101,iteration_end,358,19,2479,2479,True,3a62cf9e1ec14290,3a62cf9e1ec14290,True
PB,pb2,101,iteration_end,359,0,3148,3148,True,b7809124c7d26d9d,b7809124c7d26d9d,True
PB,pb2,101,iteration_end,359,1,3124,3124,True,4778bac5d4622096,4778bac5d4622096,True
PB,pb2,101,iteration_end,359,2,3075,3075,True,ea7c4cb78f77928d,ea7c4cb78f77928d,True
PB,pb2,101,iteration_end,359,3,3071,3071,True,4a9e6833d55fec00,4a9e6833d55fec00,True
PB,pb2,101,iteration_end,359,4,3008,3008,True,5926734030b970ed,5926734030b970ed,True
PB,pb2,101,iteration_end,359,5,2946,2946,True,df923e05e8950457,df923e05e8950457,True
PB,pb2,101,iteration_end,359,6,2926,2926,True,41309d91bd7c3148,41309d91bd7c3148,True
PB,pb2,101,iteration_end,359,7,2896,2896,True,b67d6904727f5d59,b67d6904727f5d59,True
PB,pb2,101,iteration_end,359,8,2884,2884,True,826ef8e59b791baf,826ef8e59b791baf,True
PB,pb2,101,iteration_end,359,9,2877,2877,True,1e6b7058b61f7493,1e6b7058b61f7493,True
PB,pb2,101,iteration_end,359,10,2828,2828,True,324266c735e8c733,324266c735e8c733,True
PB,pb2,101,iteration_end,359,11,2788,2788,True,140265258d5a41bb,140265258d5a41bb,True
PB,pb2,101,iteration_end,359,12,2788,2788,True,140265258d5a41bb,140265258d5a41bb,True
PB,pb2,101,iteration_end,359,13,2788,2788,True,140265258d5a41bb,140265258d5a41bb,True
PB,pb2,101,iteration_end,359,14,2672,2672,True,932ab6b93d860550,932ab6b93d860550,True
PB,pb2,101,iteration_end,359,15,2632,2632,True,5f4c71c36605fcd6,5f4c71c36605fcd6,True
PB,pb2,101,iteration_end,359,16,2622,2622,True,7458a2e08d25f987,7458a2e08d25f987,True
PB,pb2,101,iteration_end,359,17,2613,2613,True,7f393d61af6a5a56,7f393d61af6a5a56,True
PB,pb2,101,iteration_end,359,18,2498,2498,True,666a29a017d29b12,666a29a017d29b12,True
PB,pb2,101,iteration_end,359,19,2419,2419,True,bf1e0c3c159a39bc,bf1e0c3c159a39bc,True
PB,pb2,101,iteration_end,360,0,3148,3148,True,b7809124c7d26d9d,b7809124c7d26d9d,True
PB,pb2,101,iteration_end,360,1,3057,3057,True,2afd733b8a1e4b0e,2afd733b8a1e4b0e,True
PB,pb2,101,iteration_end,360,2,3057,3057,True,2afd733b8a1e4b0e,2afd733b8a1e4b0e,True
PB,pb2,101,iteration_end,360,3,3057,3057,True,2afd733b8a1e4b0e,2afd733b8a1e4b0e,True
PB,pb2,101,iteration_end,360,4,3033,3033,True,f8ced544c40e981c,f8ced544c40e981c,True
PB,pb2,101,iteration_end,360,5,3033,3033,True,f8ced544c40e981c,f8ced544c40e981c,True
PB,pb2,101,iteration_end,360,6,3010,3010,True,a80288d128f2c58e,a80288d128f2c58e,True
PB,pb2,101,iteration_end,360,7,3008,3008,True,5926734030b970ed,5926734030b970ed,True
PB,pb2,101,iteration_end,360,8,3000,3000,True,7bd7b7377ba1ac5f,7bd7b7377ba1ac5f,True
PB,pb2,101,iteration_end,360,9,2999,2999,True,4454f8331f07adb8,4454f8331f07adb8,True
PB,pb2,101,iteration_end,360,10,2967,2967,True,5bed47c848d622b3,5bed47c848d622b3,True
PB,pb2,101,iteration_end,360,11,2952,2952,True,7c16d48404fb9a07,7c16d48404fb9a07,True
PB,pb2,101,iteration_end,360,12,2884,2884,True,826ef8e59b791baf,826ef8e59b791baf,True
PB,pb2,101,iteration_end,360,13,2884,2884,True,826ef8e59b791baf,826ef8e59b791baf,True
PB,pb2,101,iteration_end,360,14,2884,2884,True,826ef8e59b791baf,826ef8e59b791baf,True
PB,pb2,101,iteration_end,360,15,2876,2876,True,262cffcf28a830d6,262cffcf28a830d6,True
PB,pb2,101,iteration_end,360,16,2833,2833,True,71ae17bcba331d44,71ae17bcba331d44,True
PB,pb2,101,iteration_end,360,17,2788,2788,True,140265258d5a41bb,140265258d5a41bb,True
PB,pb2,101,iteration_end,360,18,2586,2586,True,06637db53890a5bd,06637db53890a5bd,True
PB,pb2,101,iteration_end,360,19,2543,2543,True,70ddd7667ff200df,70ddd7667ff200df,True
PB,pb2,101,iteration_end,361,0,3157,3157,True,d3a46b3d422b0bad,d3a46b3d422b0bad,True
PB,pb2,101,iteration_end,361,1,3080,3080,True,88bd74f9d2ec0235,88bd74f9d2ec0235,True
PB,pb2,101,iteration_end,361,2,3080,3080,True,88bd74f9d2ec0235,88bd74f9d2ec0235,True
PB,pb2,101,iteration_end,361,3,3031,3031,True,d816c6257cd9848b,d816c6257cd9848b,True
PB,pb2,101,iteration_end,361,4,3027,3027,True,faddce8bf3e1a5f1,faddce8bf3e1a5f1,True
PB,pb2,101,iteration_end,361,5,3010,3010,True,a80288d128f2c58e,a80288d128f2c58e,True
PB,pb2,101,iteration_end,361,6,3010,3010,True,a80288d128f2c58e,a80288d128f2c58e,True
PB,pb2,101,iteration_end,361,7,3008,3008,True,5926734030b970ed,5926734030b970ed,True
PB,pb2,101,iteration_end,361,8,2969,2969,True,b1ce285271f92fea,b1ce285271f92fea,True
PB,pb2,101,iteration_end,361,9,2890,2890,True,08d0a6cf903ae94e,08d0a6cf903ae94e,True
PB,pb2,101,iteration_end,361,10,2884,2884,True,826ef8e59b791baf,826ef8e59b791baf,True
PB,pb2,101,iteration_end,361,11,2875,2875,True,a92d3f9fdafb60f6,a92d3f9fdafb60f6,True
PB,pb2,101,iteration_end,361,12,2837,2837,True,6f4405e1e2bf4e97,6f4405e1e2bf4e97,True
PB,pb2,101,iteration_end,361,13,2833,2833,True,71ae17bcba331d44,71ae17bcba331d44,True
PB,pb2,101,iteration_end,361,14,2821,2821,True,1896b1b4d780813f,1896b1b4d780813f,True
PB,pb2,101,iteration_end,361,15,2784,2784,True,aa3095604103b528,aa3095604103b528,True
PB,pb2,101,iteration_end,361,16,2737,2737,True,bae4dd21d7ce7364,bae4dd21d7ce7364,True
PB,pb2,101,iteration_end,361,17,2562,2562,True,8fd4223771431d6b,8fd4223771431d6b,True
PB,pb2,101,iteration_end,361,18,2558,2558,True,dfe09ba39b0bba17,dfe09ba39b0bba17,True
PB,pb2,101,iteration_end,361,19,2538,2538,True,628dc2bb72c8e189,628dc2bb72c8e189,True
PB,pb2,101,iteration_end,362,0,3159,3159,True,c36784e1acdcaee6,c36784e1acdcaee6,True
PB,pb2,101,iteration_end,362,1,3150,3150,True,e5f90ee5dcf09281,e5f90ee5dcf09281,True
PB,pb2,101,iteration_end,362,2,3057,3057,True,2afd733b8a1e4b0e,2afd733b8a1e4b0e,True
PB,pb2,101,iteration_end,362,3,3040,3040,True,451eb0975400e0f5,451eb0975400e0f5,True
PB,pb2,101,iteration_end,362,4,3028,3028,True,cb062e48395c6e34,cb062e48395c6e34,True
PB,pb2,101,iteration_end,362,5,2967,2967,True,5bed47c848d622b3,5bed47c848d622b3,True
PB,pb2,101,iteration_end,362,6,2946,2946,True,df923e05e8950457,df923e05e8950457,True
PB,pb2,101,iteration_end,362,7,2884,2884,True,826ef8e59b791baf,826ef8e59b791baf,True
PB,pb2,101,iteration_end,362,8,2884,2884,True,826ef8e59b791baf,826ef8e59b791baf,True
PB,pb2,101,iteration_end,362,9,2875,2875,True,a92d3f9fdafb60f6,a92d3f9fdafb60f6,True
PB,pb2,101,iteration_end,362,10,2833,2833,True,71ae17bcba331d44,71ae17bcba331d44,True
PB,pb2,101,iteration_end,362,11,2826,2826,True,95aba3252cea2732,95aba3252cea2732,True
PB,pb2,101,iteration_end,362,12,2788,2788,True,140265258d5a41bb,140265258d5a41bb,True
PB,pb2,101,iteration_end,362,13,2788,2788,True,140265258d5a41bb,140265258d5a41bb,True
PB,pb2,101,iteration_end,362,14,2784,2784,True,aa3095604103b528,aa3095604103b528,True
PB,pb2,101,iteration_end,362,15,2718,2718,True,e8eaada1cd2edda2,e8eaada1cd2edda2,True
PB,pb2,101,iteration_end,362,16,2711,2711,True,68853f0f00604b41,68853f0f00604b41,True
PB,pb2,101,iteration_end,362,17,2586,2586,True,405b84a0109bd5bb,405b84a0109bd5bb,True
PB,pb2,101,iteration_end,362,18,2479,2479,True,3a62cf9e1ec14290,3a62cf9e1ec14290,True
PB,pb2,101,iteration_end,362,19,2466,2466,True,9477556f5ae57569,9477556f5ae57569,True
PB,pb2,101,iteration_end,363,0,3122,3122,True,c01512f0e308249b,c01512f0e308249b,True
PB,pb2,101,iteration_end,363,1,3080,3080,True,88bd74f9d2ec0235,88bd74f9d2ec0235,True
PB,pb2,101,iteration_end,363,2,3080,3080,True,88bd74f9d2ec0235,88bd74f9d2ec0235,True
PB,pb2,101,iteration_end,363,3,3057,3057,True,2afd733b8a1e4b0e,2afd733b8a1e4b0e,True
PB,pb2,101,iteration_end,363,4,3033,3033,True,f8ced544c40e981c,f8ced544c40e981c,True
PB,pb2,101,iteration_end,363,5,3031,3031,True,d816c6257cd9848b,d816c6257cd9848b,True
PB,pb2,101,iteration_end,363,6,3025,3025,True,2a8033c6e07b6491,2a8033c6e07b6491,True
PB,pb2,101,iteration_end,363,7,2922,2922,True,ef3d799e81516dab,ef3d799e81516dab,True
PB,pb2,101,iteration_end,363,8,2920,2920,True,153693d5f15af47d,153693d5f15af47d,True
PB,pb2,101,iteration_end,363,9,2884,2884,True,826ef8e59b791baf,826ef8e59b791baf,True
PB,pb2,101,iteration_end,363,10,2835,2835,True,f191987d2d1de62f,f191987d2d1de62f,True
PB,pb2,101,iteration_end,363,11,2833,2833,True,71ae17bcba331d44,71ae17bcba331d44,True
PB,pb2,101,iteration_end,363,12,2820,2820,True,3b37a0b36a13987a,3b37a0b36a13987a,True
PB,pb2,101,iteration_end,363,13,2814,2814,True,6983e4c2fbf28f6c,6983e4c2fbf28f6c,True
PB,pb2,101,iteration_end,363,14,2788,2788,True,140265258d5a41bb,140265258d5a41bb,True
PB,pb2,101,iteration_end,363,15,2788,2788,True,140265258d5a41bb,140265258d5a41bb,True
PB,pb2,101,iteration_end,363,16,2684,2684,True,c7ea70f5ae6a89c6,c7ea70f5ae6a89c6,True
PB,pb2,101,iteration_end,363,17,2680,2680,True,a7ba4b429c4ed25f,a7ba4b429c4ed25f,True
PB,pb2,101,iteration_end,363,18,2509,2509,True,59bfc571834e4bf4,59bfc571834e4bf4,True
PB,pb2,101,iteration_end,363,19,2473,2473,True,bc56c17f6d22548b,bc56c17f6d22548b,True
PB,pb2,101,iteration_end,364,0,3027,3027,True,faddce8bf3e1a5f1,faddce8bf3e1a5f1,True
PB,pb2,101,iteration_end,364,1,3001,3001,True,539ba391b99307a6,539ba391b99307a6,True
PB,pb2,101,iteration_end,364,2,2988,2988,True,1244f2fe52042497,1244f2fe52042497,True
PB,pb2,101,iteration_end,364,3,2978,2978,True,97ec5e2b362b6e54,97ec5e2b362b6e54,True
PB,pb2,101,iteration_end,364,4,2950,2950,True,ef27a418ce64fd60,ef27a418ce64fd60,True
PB,pb2,101,iteration_end,364,5,2845,2845,True,8f6e4c597be750b1,8f6e4c597be750b1,True
PB,pb2,101,iteration_end,364,6,2833,2833,True,71ae17bcba331d44,71ae17bcba331d44,True
PB,pb2,101,iteration_end,364,7,2824,2824,True,ff8e3c88d79288eb,ff8e3c88d79288eb,True
PB,pb2,101,iteration_end,364,8,2824,2824,True,578dc7d11340b5b0,578dc7d11340b5b0,True
PB,pb2,101,iteration_end,364,9,2818,2818,True,735efc6b0ba38c9d,735efc6b0ba38c9d,True
PB,pb2,101,iteration_end,364,10,2808,2808,True,14df8cf11d562999,14df8cf11d562999,True
PB,pb2,101,iteration_end,364,11,2746,2746,True,b0e81622676101f7,b0e81622676101f7,True
PB,pb2,101,iteration_end,364,12,2727,2727,True,4a3457b8822bfcd1,4a3457b8822bfcd1,True
PB,pb2,101,iteration_end,364,13,2693,2693,True,05effef39de4cdf0,05effef39de4cdf0,True
PB,pb2,101,iteration_end,364,14,2678,2678,True,2531106662a4ee8c,2531106662a4ee8c,True
PB,pb2,101,iteration_end,364,15,2582,2582,True,68750cc3bcf79c97,68750cc3bcf79c97,True
PB,pb2,101,iteration_end,364,16,2575,2575,True,fb53108ddddfcef1,fb53108ddddfcef1,True
PB,pb2,101,iteration_end,364,17,2483,2483,True,bc8c3f3555dcd24d,bc8c3f3555dcd24d,True
PB,pb2,101,iteration_end,364,18,2389,2389,True,a4dc96132e533380,a4dc96132e533380,True
PB,pb2,101,iteration_end,364,19,2303,2303,True,d181a3dd6f8a9dc4,d181a3dd6f8a9dc4,True
PB,pb2,101,iteration_end,365,0,3150,3150,True,e5f90ee5dcf09281,e5f90ee5dcf09281,True
PB,pb2,101,iteration_end,365,1,3106,3106,True,6a74c87bf4e48814,6a74c87bf4e48814,True
PB,pb2,101,iteration_end,365,2,3103,3103,True,93b1be79f09e8b1b,93b1be79f09e8b1b,True
PB,pb2,101,iteration_end,365,3,3080,3080,True,88bd74f9d2ec0235,88bd74f9d2ec0235,True
PB,pb2,101,iteration_end,365,4,3045,3045,True,26868a5aa3d499e0,26868a5aa3d499e0,True
PB,pb2,101,iteration_end,365,5,3039,3039,True,8de83c450bd0e747,8de83c450bd0e747,True
PB,pb2,101,iteration_end,365,6,3035,3035,True,0d34fe52792b7053,0d34fe52792b7053,True
PB,pb2,101,iteration_end,365,7,2952,2952,True,7c16d48404fb9a07,7c16d48404fb9a07,True
PB,pb2,101,iteration_end,365,8,2884,2884,True,826ef8e59b791baf,826ef8e59b791baf,True
PB,pb2,101,iteration_end,365,9,2871,2871,True,bbdff77494d8960c,bbdff77494d8960c,True
PB,pb2,101,iteration_end,365,10,2855,2855,True,d64e549d5f59e5b5,d64e549d5f59e5b5,True
PB,pb2,101,iteration_end,365,11,2828,2828,True,943e0e0cb64819ed,943e0e0cb64819ed,True
PB,pb2,101,iteration_end,365,12,2811,2811,True,08750edbcd1fbff5,08750edbcd1fbff5,True
PB,pb2,101,iteration_end,365,13,2788,2788,True,140265258d5a41bb,140265258d5a41bb,True
PB,pb2,101,iteration_end,365,14,2769,2769,True,c7d4d5a881841d49,c7d4d5a881841d49,True
PB,pb2,101,iteration_end,365,15,2745,2745,True,373a6a73c3e60a95,373a6a73c3e60a95,True
PB,pb2,101,iteration_end,365,16,2633,2633,True,d4861f0e02dff5b9,d4861f0e02dff5b9,True
PB,pb2,101,iteration_end,365,17,2606,2606,True,54fd2fba1aebc7c7,54fd2fba1aebc7c7,True
PB,pb2,101,iteration_end,365,18,2433,2433,True,399b41053ef911d0,399b41053ef911d0,True
PB,pb2,101,iteration_end,365,19,2375,2375,True,1beb15e023353a15,1beb15e023353a15,True
PB,pb2,101,iteration_end,366,0,3080,3080,True,88bd74f9d2ec0235,88bd74f9d2ec0235,True
PB,pb2,101,iteration_end,366,1,3079,3079,True,09199299db9a01e7,09199299db9a01e7,True
PB,pb2,101,iteration_end,366,2,3074,3074,True,c605393d78147a1f,c605393d78147a1f,True
PB,pb2,101,iteration_end,366,3,2967,2967,True,cbfed34fe9be74ec,cbfed34fe9be74ec,True
PB,pb2,101,iteration_end,366,4,2925,2925,True,75f756834360fbf0,75f756834360fbf0,True
PB,pb2,101,iteration_end,366,5,2918,2918,True,640a16e759dad07c,640a16e759dad07c,True
PB,pb2,101,iteration_end,366,6,2908,2908,True,df86a339700f0c03,df86a339700f0c03,True
PB,pb2,101,iteration_end,366,7,2858,2858,True,f7a80c7a0187d7a7,f7a80c7a0187d7a7,True
PB,pb2,101,iteration_end,366,8,2840,2840,True,9864b9050f8c1978,9864b9050f8c1978,True
PB,pb2,101,iteration_end,366,9,2834,2834,True,ffa423034e30d30c,ffa423034e30d30c,True
PB,pb2,101,iteration_end,366,10,2803,2803,True,96d8994472768388,96d8994472768388,True
PB,pb2,101,iteration_end,366,11,2788,2788,True,140265258d5a41bb,140265258d5a41bb,True
PB,pb2,101,iteration_end,366,12,2788,2788,True,140265258d5a41bb,140265258d5a41bb,True
PB,pb2,101,iteration_end,366,13,2784,2784,True,aa3095604103b528,aa3095604103b528,True
PB,pb2,101,iteration_end,366,14,2761,2761,True,f9fe9cc4bee32def,f9fe9cc4bee32def,True
PB,pb2,101,iteration_end,366,15,2747,2747,True,38a5827aa31956db,38a5827aa31956db,True
PB,pb2,101,iteration_end,366,16,2711,2711,True,540eb1c8db30812b,540eb1c8db30812b,True
PB,pb2,101,iteration_end,366,17,2674,2674,True,f466c5f2c21e6260,f466c5f2c21e6260,True
PB,pb2,101,iteration_end,366,18,2626,2626,True,e898941930bfd68f,e898941930bfd68f,True
PB,pb2,101,iteration_end,366,19,2537,2537,True,08f57d4daee11006,08f57d4daee11006,True
PB,pb2,101,iteration_end,367,0,3123,3123,True,6eb868fb58121d64,6eb868fb58121d64,True
PB,pb2,101,iteration_end,367,1,3086,3086,True,a497165c6518d04e,a497165c6518d04e,True
PB,pb2,101,iteration_end,367,2,3069,3069,True,fef7f6754da6b4d4,fef7f6754da6b4d4,True
PB,pb2,101,iteration_end,367,3,3057,3057,True,2afd733b8a1e4b0e,2afd733b8a1e4b0e,True
PB,pb2,101,iteration_end,367,4,3057,3057,True,2afd733b8a1e4b0e,2afd733b8a1e4b0e,True
PB,pb2,101,iteration_end,367,5,3010,3010,True,a80288d128f2c58e,a80288d128f2c58e,True
PB,pb2,101,iteration_end,367,6,2901,2901,True,b365da755034ae0b,b365da755034ae0b,True
PB,pb2,101,iteration_end,367,7,2854,2854,True,81e1d9066e4f145d,81e1d9066e4f145d,True
PB,pb2,101,iteration_end,367,8,2839,2839,True,1a618620bdad60c9,1a618620bdad60c9,True
PB,pb2,101,iteration_end,367,9,2837,2837,True,6f4405e1e2bf4e97,6f4405e1e2bf4e97,True
PB,pb2,101,iteration_end,367,10,2833,2833,True,71ae17bcba331d44,71ae17bcba331d44,True
PB,pb2,101,iteration_end,367,11,2833,2833,True,71ae17bcba331d44,71ae17bcba331d44,True
PB,pb2,101,iteration_end,367,12,2828,2828,True,324266c735e8c733,324266c735e8c733,True
PB,pb2,101,iteration_end,367,13,2816,2816,True,ff60add686ba74e4,ff60add686ba74e4,True
PB,pb2,101,iteration_end,367,14,2788,2788,True,140265258d5a41bb,140265258d5a41bb,True
PB,pb2,101,iteration_end,367,15,2786,2786,True,090fe1607c64f23e,090fe1607c64f23e,True
PB,pb2,101,iteration_end,367,16,2700,2700,True,4ec64f3369397702,4ec64f3369397702,True
PB,pb2,101,iteration_end,367,17,2694,2694,True,8cbd8b00dceb3c41,8cbd8b00dceb3c41,True
PB,pb2,101,iteration_end,367,18,2679,2679,True,3d5f7c7b5a791d77,3d5f7c7b5a791d77,True
PB,pb2,101,iteration_end,367,19,2353,2353,True,746e00d4b2f5ed3d,746e00d4b2f5ed3d,True
PB,pb2,101,iteration_end,368,0,3064,3064,True,25a520989ae9b1c2,25a520989ae9b1c2,True
PB,pb2,101,iteration_end,368,1,3033,3033,True,f8ced544c40e981c,f8ced544c40e981c,True
PB,pb2,101,iteration_end,368,2,2920,2920,True,153693d5f15af47d,153693d5f15af47d,True
PB,pb2,101,iteration_end,368,3,2898,2898,True,72d1d11b9bcf7fe8,72d1d11b9bcf7fe8,True
PB,pb2,101,iteration_end,368,4,2833,2833,True,71ae17bcba331d44,71ae17bcba331d44,True
PB,pb2,101,iteration_end,368,5,2826,2826,True,95aba3252cea2732,95aba3252cea2732,True
PB,pb2,101,iteration_end,368,6,2788,2788,True,140265258d5a41bb,140265258d5a41bb,True
PB,pb2,101,iteration_end,368,7,2788,2788,True,140265258d5a41bb,140265258d5a41bb,True
PB,pb2,101,iteration_end,368,8,2788,2788,True,140265258d5a41bb,140265258d5a41bb,True
PB,pb2,101,iteration_end,368,9,2788,2788,True,140265258d5a41bb,140265258d5a41bb,True
PB,pb2,101,iteration_end,368,10,2783,2783,True,b22a3763a94d475c,b22a3763a94d475c,True
PB,pb2,101,iteration_end,368,11,2734,2734,True,25f89afe03b9bb1c,25f89afe03b9bb1c,True
PB,pb2,101,iteration_end,368,12,2633,2633,True,d4861f0e02dff5b9,d4861f0e02dff5b9,True
PB,pb2,101,iteration_end,368,13,2632,2632,True,00c4d89f01607db8,00c4d89f01607db8,True
PB,pb2,101,iteration_end,368,14,2628,2628,True,f2026fbe056a23da,f2026fbe056a23da,True
PB,pb2,101,iteration_end,368,15,2624,2624,True,edd85246822fe2f2,edd85246822fe2f2,True
PB,pb2,101,iteration_end,368,16,2528,2528,True,86f6ce9c0f80be72,86f6ce9c0f80be72,True
PB,pb2,101,iteration_end,368,17,2426,2426,True,555400717f1b18c7,555400717f1b18c7,True
PB,pb2,101,iteration_end,368,18,2314,2314,True,9584ab5c2a564697,9584ab5c2a564697,True
PB,pb2,101,iteration_end,368,19,2234,2234,True,986f6ba9a4d5b36e,986f6ba9a4d5b36e,True
PB,pb2,101,iteration_end,369,0,3124,3124,True,4778bac5d4622096,4778bac5d4622096,True
PB,pb2,101,iteration_end,369,1,3019,3019,True,654ab34509a533aa,654ab34509a533aa,True
PB,pb2,101,iteration_end,369,2,3010,3010,True,a80288d128f2c58e,a80288d128f2c58e,True
PB,pb2,101,iteration_end,369,3,3006,3006,True,bcae24c03316fd6f,bcae24c03316fd6f,True
PB,pb2,101,iteration_end,369,4,2961,2961,True,4f2b0e80cd667080,4f2b0e80cd667080,True
PB,pb2,101,iteration_end,369,5,2960,2960,True,5ce6ae70e8889dc5,5ce6ae70e8889dc5,True
PB,pb2,101,iteration_end,369,6,2916,2916,True,ac44448fa3a51999,ac44448fa3a51999,True
PB,pb2,101,iteration_end,369,7,2833,2833,True,71ae17bcba331d44,71ae17bcba331d44,True
PB,pb2,101,iteration_end,369,8,2833,2833,True,71ae17bcba331d44,71ae17bcba331d44,True
PB,pb2,101,iteration_end,369,9,2826,2826,True,95aba3252cea2732,95aba3252cea2732,True
PB,pb2,101,iteration_end,369,10,2788,2788,True,140265258d5a41bb,140265258d5a41bb,True
PB,pb2,101,iteration_end,369,11,2788,2788,True,140265258d5a41bb,140265258d5a41bb,True
PB,pb2,101,iteration_end,369,12,2786,2786,True,090fe1607c64f23e,090fe1607c64f23e,True
PB,pb2,101,iteration_end,369,13,2775,2775,True,c05ece7660c8afa3,c05ece7660c8afa3,True
PB,pb2,101,iteration_end,369,14,2724,2724,True,d5424dab50d90284,d5424dab50d90284,True
PB,pb2,101,iteration_end,369,15,2662,2662,True,cf4e9286f8004828,cf4e9286f8004828,True
PB,pb2,101,iteration_end,369,16,2643,2643,True,936521084a4711ff,936521084a4711ff,True
PB,pb2,101,iteration_end,369,17,2579,2579,True,80389b646634e5ea,80389b646634e5ea,True
PB,pb2,101,iteration_end,369,18,2572,2572,True,deeaf22650f63da0,deeaf22650f63da0,True
PB,pb2,101,iteration_end,369,19,2330,2330,True,67b566e64fe204f4,67b566e64fe204f4,True
PB,pb2,101,iteration_end,370,0,3133,3133,True,1c8537b3e4ff86aa,1c8537b3e4ff86aa,True
PB,pb2,101,iteration_end,370,1,3101,3101,True,17e75415222fd701,17e75415222fd701,True
PB,pb2,101,iteration_end,370,2,3080,3080,True,88bd74f9d2ec0235,88bd74f9d2ec0235,True
PB,pb2,101,iteration_end,370,3,3080,3080,True,88bd74f9d2ec0235,88bd74f9d2ec0235,True
PB,pb2,101,iteration_end,370,4,3057,3057,True,2afd733b8a1e4b0e,2afd733b8a1e4b0e,True
PB,pb2,101,iteration_end,370,5,3057,3057,True,2afd733b8a1e4b0e,2afd733b8a1e4b0e,True
PB,pb2,101,iteration_end,370,6,3043,3043,True,6ff67d0fe584c325,6ff67d0fe584c325,True
PB,pb2,101,iteration_end,370,7,3031,3031,True,d816c6257cd9848b,d816c6257cd9848b,True
PB,pb2,101,iteration_end,370,8,2981,2981,True,886a98a31d2eb946,886a98a31d2eb946,True
PB,pb2,101,iteration_end,370,9,2942,2942,True,296059a7744f67bd,296059a7744f67bd,True
PB,pb2,101,iteration_end,370,10,2884,2884,True,826ef8e59b791baf,826ef8e59b791baf,True
PB,pb2,101,iteration_end,370,11,2788,2788,True,140265258d5a41bb,140265258d5a41bb,True
PB,pb2,101,iteration_end,370,12,2784,2784,True,aa3095604103b528,aa3095604103b528,True
PB,pb2,101,iteration_end,370,13,2784,2784,True,aa3095604103b528,aa3095604103b528,True
PB,pb2,101,iteration_end,370,14,2780,2780,True,4082017a26f22b9b,4082017a26f22b9b,True
PB,pb2,101,iteration_end,370,15,2750,2750,True,c8b34d6f2574965b,c8b34d6f2574965b,True
PB,pb2,101,iteration_end,370,16,2709,2709,True,faea75055272dfad,faea75055272dfad,True
PB,pb2,101,iteration_end,370,17,2628,2628,True,f2026fbe056a23da,f2026fbe056a23da,True
PB,pb2,101,iteration_end,370,18,2584,2584,True,9de17096df7010dd,9de17096df7010dd,True
PB,pb2,101,iteration_end,370,19,2550,2550,True,af66b771b0bd10d6,af66b771b0bd10d6,True
PB,pb2,101,iteration_end,371,0,3152,3152,True,7a1578a0b95c5ab5,7a1578a0b95c5ab5,True
PB,pb2,101,iteration_end,371,1,3080,3080,True,88bd74f9d2ec0235,88bd74f9d2ec0235,True
PB,pb2,101,iteration_end,371,2,3080,3080,True,88bd74f9d2ec0235,88bd74f9d2ec0235,True
PB,pb2,101,iteration_end,371,3,3065,3065,True,256f47b81ba45aa2,256f47b81ba45aa2,True
PB,pb2,101,iteration_end,371,4,3057,3057,True,2afd733b8a1e4b0e,2afd733b8a1e4b0e,True
PB,pb2,101,iteration_end,371,5,3049,3049,True,75615a36118e6479,75615a36118e6479,True
PB,pb2,101,iteration_end,371,6,3018,3018,True,76ce4531c614d61a,76ce4531c614d61a,True
PB,pb2,101,iteration_end,371,7,2984,2984,True,485b14da0c51f9b6,485b14da0c51f9b6,True
PB,pb2,101,iteration_end,371,8,2953,2953,True,7b4fc98569932440,7b4fc98569932440,True
PB,pb2,101,iteration_end,371,9,2941,2941,True,7f6ff18ed8aa9845,7f6ff18ed8aa9845,True
PB,pb2,101,iteration_end,371,10,2927,2927,True,cff38eca6be7d918,cff38eca6be7d918,True
PB,pb2,101,iteration_end,371,11,2916,2916,True,08dc067f99bbbf68,08dc067f99bbbf68,True
PB,pb2,101,iteration_end,371,12,2916,2916,True,08dc067f99bbbf68,08dc067f99bbbf68,True
PB,pb2,101,iteration_end,371,13,2901,2901,True,65cf07a93da03083,65cf07a93da03083,True
PB,pb2,101,iteration_end,371,14,2869,2869,True,53aee3a347751607,53aee3a347751607,True
PB,pb2,101,iteration_end,371,15,2861,2861,True,aa6abdf147c87483,aa6abdf147c87483,True
PB,pb2,101,iteration_end,371,16,2837,2837,True,6f4405e1e2bf4e97,6f4405e1e2bf4e97,True
PB,pb2,101,iteration_end,371,17,2805,2805,True,24f3f23d56a84d9e,24f3f23d56a84d9e,True
PB,pb2,101,iteration_end,371,18,2665,2665,True,9554a6bcf77d88eb,9554a6bcf77d88eb,True
PB,pb2,101,iteration_end,371,19,2654,2654,True,035f6ed42bb9adb0,035f6ed42bb9adb0,True
PB,pb2,101,iteration_end,372,0,3159,3159,True,c36784e1acdcaee6,c36784e1acdcaee6,True
PB,pb2,101,iteration_end,372,1,3080,3080,True,88bd74f9d2ec0235,88bd74f9d2ec0235,True
PB,pb2,101,iteration_end,372,2,3078,3078,True,311dc448b5cc6733,311dc448b5cc6733,True
PB,pb2,101,iteration_end,372,3,3076,3076,True,877d1abd63cc093a,877d1abd63cc093a,True
PB,pb2,101,iteration_end,372,4,3052,3052,True,e4608c099fe8702c,e4608c099fe8702c,True
PB,pb2,101,iteration_end,372,5,3033,3033,True,f8ced544c40e981c,f8ced544c40e981c,True
PB,pb2,101,iteration_end,372,6,3031,3031,True,582d01e116669613,582d01e116669613,True
PB,pb2,101,iteration_end,372,7,2999,2999,True,3145a858d37f0ba5,3145a858d37f0ba5,True
PB,pb2,101,iteration_end,372,8,2984,2984,True,485b14da0c51f9b6,485b14da0c51f9b6,True
PB,pb2,101,iteration_end,372,9,2984,2984,True,485b14da0c51f9b6,485b14da0c51f9b6,True
PB,pb2,101,iteration_end,372,10,2884,2884,True,826ef8e59b791baf,826ef8e59b791baf,True
PB,pb2,101,iteration_end,372,11,2884,2884,True,826ef8e59b791baf,826ef8e59b791baf,True
PB,pb2,101,iteration_end,372,12,2807,2807,True,b2711aa4761e1ec4,b2711aa4761e1ec4,True
PB,pb2,101,iteration_end,372,13,2786,2786,True,090fe1607c64f23e,090fe1607c64f23e,True
PB,pb2,101,iteration_end,372,14,2753,2753,True,7479edd1b8ce5670,7479edd1b8ce5670,True
PB,pb2,101,iteration_end,372,15,2660,2660,True,7f2fec7ab39524a4,7f2fec7ab39524a4,True
PB,pb2,101,iteration_end,372,16,2633,2633,True,d4861f0e02dff5b9,d4861f0e02dff5b9,True
PB,pb2,101,iteration_end,372,17,2584,2584,True,9de17096df7010dd,9de17096df7010dd,True
PB,pb2,101,iteration_end,372,18,2523,2523,True,b5e036becf971879,b5e036becf971879,True
PB,pb2,101,iteration_end,372,19,2518,2518,True,12cdd44e470054f1,12cdd44e470054f1,True
PB,pb2,101,iteration_end,373,0,3121,3121,True,01f4f44e444d1346,01f4f44e444d1346,True
PB,pb2,101,iteration_end,373,1,3117,3117,True,f1e94d6204ee1903,f1e94d6204ee1903,True
PB,pb2,101,iteration_end,373,2,3080,3080,True,88bd74f9d2ec0235,88bd74f9d2ec0235,True
PB,pb2,101,iteration_end,373,3,3057,3057,True,2afd733b8a1e4b0e,2afd733b8a1e4b0e,True
PB,pb2,101,iteration_end,373,4,3057,3057,True,2afd733b8a1e4b0e,2afd733b8a1e4b0e,True
PB,pb2,101,iteration_end,373,5,3036,3036,True,c61d783a4184ec5e,c61d783a4184ec5e,True
PB,pb2,101,iteration_end,373,6,3033,3033,True,f8ced544c40e981c,f8ced544c40e981c,True
PB,pb2,101,iteration_end,373,7,2995,2995,True,bdbda07c80b18f02,bdbda07c80b18f02,True
PB,pb2,101,iteration_end,373,8,2980,2980,True,7eb182b5704699fc,7eb182b5704699fc,True
PB,pb2,101,iteration_end,373,9,2978,2978,True,709b7c1acef8aabf,709b7c1acef8aabf,True
PB,pb2,101,iteration_end,373,10,2970,2970,True,8b227952ea282a8c,8b227952ea282a8c,True
PB,pb2,101,iteration_end,373,11,2970,2970,True,8b227952ea282a8c,8b227952ea282a8c,True
PB,pb2,101,iteration_end,373,12,2969,2969,True,08c2befb7c11d1b4,08c2befb7c11d1b4,True
PB,pb2,101,iteration_end,373,13,2936,2936,True,6957e46094394842,6957e46094394842,True
PB,pb2,101,iteration_end,373,14,2779,2779,True,87638a371245f373,87638a371245f373,True
PB,pb2,101,iteration_end,373,15,2771,2771,True,e67886a4ff83fbdb,e67886a4ff83fbdb,True
PB,pb2,101,iteration_end,373,16,2756,2756,True,80b4cb847c02dbb1,80b4cb847c02dbb1,True
PB,pb2,101,iteration_end,373,17,2726,2726,True,38e506854371266d,38e506854371266d,True
PB,pb2,101,iteration_end,373,18,2552,2552,True,0910473910b54c66,0910473910b54c66,True
PB,pb2,101,iteration_end,373,19,2534,2534,True,6b5899f59806e18f,6b5899f59806e18f,True
PB,pb2,101,iteration_end,374,0,3117,3117,True,f1e94d6204ee1903,f1e94d6204ee1903,True
PB,pb2,101,iteration_end,374,1,3080,3080,True,88bd74f9d2ec0235,88bd74f9d2ec0235,True
PB,pb2,101,iteration_end,374,2,3052,3052,True,096d302f1ef461cd,096d302f1ef461cd,True
PB,pb2,101,iteration_end,374,3,2991,2991,True,602f8149b12679ac,602f8149b12679ac,True
PB,pb2,101,iteration_end,374,4,2984,2984,True,485b14da0c51f9b6,485b14da0c51f9b6,True
PB,pb2,101,iteration_end,374,5,2959,2959,True,7e49807440e3a8c1,7e49807440e3a8c1,True
PB,pb2,101,iteration_end,374,6,2938,2938,True,e660fc3068b20ee9,e660fc3068b20ee9,True
PB,pb2,101,iteration_end,374,7,2918,2918,True,7d6f761c94406d87,7d6f761c94406d87,True
PB,pb2,101,iteration_end,374,8,2902,2902,True,4dd7e5801f8ac0b5,4dd7e5801f8ac0b5,True
PB,pb2,101,iteration_end,374,9,2862,2862,True,24109f0ab75de221,24109f0ab75de221,True
PB,pb2,101,iteration_end,374,10,2839,2839,True,9bad64bffc1eaaad,9bad64bffc1eaaad,True
PB,pb2,101,iteration_end,374,11,2740,2740,True,1e97e024d0c242b3,1e97e024d0c242b3,True
PB,pb2,101,iteration_end,374,12,2718,2718,True,42add6d2a9fdd06e,42add6d2a9fdd06e,True
PB,pb2,101,iteration_end,374,13,2679,2679,True,3d5f7c7b5a791d77,3d5f7c7b5a791d77,True
PB,pb2,101,iteration_end,374,14,2633,2633,True,d4861f0e02dff5b9,d4861f0e02dff5b9,True
PB,pb2,101,iteration_end,374,15,2611,2611,True,9c2efc193aba9e51,9c2efc193aba9e51,True
PB,pb2,101,iteration_end,374,16,2540,2540,True,37b3376cf03c7873,37b3376cf03c7873,True
PB,pb2,101,iteration_end,374,17,2485,2485,True,1c927420571430b4,1c927420571430b4,True
PB,pb2,101,iteration_end,374,18,2435,2435,True,dda5479caf8b3bf2,dda5479caf8b3bf2,True
PB,pb2,101,iteration_end,374,19,2315,2315,True,1cc95763c6a7c9e3,1cc95763c6a7c9e3,True
PB,pb2,101,iteration_end,375,0,3103,3103,True,93b1be79f09e8b1b,93b1be79f09e8b1b,True
PB,pb2,101,iteration_end,375,1,3057,3057,True,2afd733b8a1e4b0e,2afd733b8a1e4b0e,True
PB,pb2,101,iteration_end,375,2,3008,3008,True,5926734030b970ed,5926734030b970ed,True
PB,pb2,101,iteration_end,375,3,2970,2970,True,8b227952ea282a8c,8b227952ea282a8c,True
PB,pb2,101,iteration_end,375,4,2967,2967,True,5bed47c848d622b3,5bed47c848d622b3,True
PB,pb2,101,iteration_end,375,5,2933,2933,True,ea5d3130a7131575,ea5d3130a7131575,True
PB,pb2,101,iteration_end,375,6,2906,2906,True,31d8f9c5ebfb09df,31d8f9c5ebfb09df,True
PB,pb2,101,iteration_end,375,7,2884,2884,True,826ef8e59b791baf,826ef8e59b791baf,True
PB,pb2,101,iteration_end,375,8,2884,2884,True,826ef8e59b791baf,826ef8e59b791baf,True
PB,pb2,101,iteration_end,375,9,2875,2875,True,a92d3f9fdafb60f6,a92d3f9fdafb60f6,True
PB,pb2,101,iteration_end,375,10,2860,2860,True,6fe83eba73a8a00e,6fe83eba73a8a00e,True
PB,pb2,101,iteration_end,375,11,2806,2806,True,56b00be11ad406cd,56b00be11ad406cd,True
PB,pb2,101,iteration_end,375,12,2788,2788,True,140265258d5a41bb,140265258d5a41bb,True
PB,pb2,101,iteration_end,375,13,2786,2786,True,090fe1607c64f23e,090fe1607c64f23e,True
PB,pb2,101,iteration_end,375,14,2752,2752,True,e1c62cca426060d5,e1c62cca426060d5,True
PB,pb2,101,iteration_end,375,15,2678,2678,True,98977664973616bc,98977664973616bc,True
PB,pb2,101,iteration_end,375,16,2512,2512,True,44c177a1dc615cff,44c177a1dc615cff,True
PB,pb2,101,iteration_end,375,17,2478,2478,True,25e7e58d11c28d36,25e7e58d11c28d36,True
PB,pb2,101,iteration_end,375,18,2433,2433,True,399b41053ef911d0,399b41053ef911d0,True
PB,pb2,101,iteration_end,375,19,2340,2340,True,0445b870d704881d,0445b870d704881d,True
PB,pb2,101,iteration_end,376,0,3080,3080,True,88bd74f9d2ec0235,88bd74f9d2ec0235,True
PB,pb2,101,iteration_end,376,1,3080,3080,True,88bd74f9d2ec0235,88bd74f9d2ec0235,True
PB,pb2,101,iteration_end,376,2,3033,3033,True,f8ced544c40e981c,f8ced544c40e981c,True
PB,pb2,101,iteration_end,376,3,3016,3016,True,b1be5c304ad15a14,b1be5c304ad15a14,True
PB,pb2,101,iteration_end,376,4,3006,3006,True,bcae24c03316fd6f,bcae24c03316fd6f,True
PB,pb2,101,iteration_end,376,5,2978,2978,True,7837036b49c14560,7837036b49c14560,True
PB,pb2,101,iteration_end,376,6,2967,2967,True,1d6dde41000d3d21,1d6dde41000d3d21,True
PB,pb2,101,iteration_end,376,7,2959,2959,True,8e1e3d0ea7d85d4d,8e1e3d0ea7d85d4d,True
PB,pb2,101,iteration_end,376,8,2951,2951,True,935b4d784c685064,935b4d784c685064,True
PB,pb2,101,iteration_end,376,9,2925,2925,True,1d847a739849fe14,1d847a739849fe14,True
PB,pb2,101,iteration_end,376,10,2788,2788,True,140265258d5a41bb,140265258d5a41bb,True
PB,pb2,101,iteration_end,376,11,2777,2777,True,21764c79589d8610,21764c79589d8610,True
PB,pb2,101,iteration_end,376,12,2750,2750,True,d053b34cb3023b07,d053b34cb3023b07,True
PB,pb2,101,iteration_end,376,13,2740,2740,True,900afa1e5b5e6890,900afa1e5b5e6890,True
PB,pb2,101,iteration_end,376,14,2722,2722,True,a56df23df72cd64e,a56df23df72cd64e,True
PB,pb2,101,iteration_end,376,15,2684,2684,True,0ab617f565aa1240,0ab617f565aa1240,True
PB,pb2,101,iteration_end,376,16,2587,2587,True,d8e9d190bb9f9e94,d8e9d190bb9f9e94,True
PB,pb2,101,iteration_end,376,17,2450,2450,True,9096057a3ed92505,9096057a3ed92505,True
PB,pb2,101,iteration_end,376,18,2380,2380,True,0db1705408004f7f,0db1705408004f7f,True
PB,pb2,101,iteration_end,376,19,2286,2286,True,79ad4ac0f49b6297,79ad4ac0f49b6297,True
PB,pb2,101,iteration_end,377,0,3153,3153,True,d07c37c13d922acb,d07c37c13d922acb,True
PB,pb2,101,iteration_end,377,1,3150,3150,True,e5f90ee5dcf09281,e5f90ee5dcf09281,True
PB,pb2,101,iteration_end,377,2,3112,3112,True,a21bf52eec7c0be8,a21bf52eec7c0be8,True
PB,pb2,101,iteration_end,377,3,3101,3101,True,17e75415222fd701,17e75415222fd701,True
PB,pb2,101,iteration_end,377,4,3101,3101,True,17e75415222fd701,17e75415222fd701,True
PB,pb2,101,iteration_end,377,5,3062,3062,True,043df823974ad369,043df823974ad369,True
PB,pb2,101,iteration_end,377,6,3057,3057,True,2afd733b8a1e4b0e,2afd733b8a1e4b0e,True
PB,pb2,101,iteration_end,377,7,3033,3033,True,f8ced544c40e981c,f8ced544c40e981c,True
PB,pb2,101,iteration_end,377,8,3006,3006,True,bcae24c03316fd6f,bcae24c03316fd6f,True
PB,pb2,101,iteration_end,377,9,3006,3006,True,bcae24c03316fd6f,bcae24c03316fd6f,True
PB,pb2,101,iteration_end,377,10,2984,2984,True,485b14da0c51f9b6,485b14da0c51f9b6,True
PB,pb2,101,iteration_end,377,11,2937,2937,True,36f61854caf2463d,36f61854caf2463d,True
PB,pb2,101,iteration_end,377,12,2928,2928,True,a92a5725ca1c0eec,a92a5725ca1c0eec,True
PB,pb2,101,iteration_end,377,13,2894,2894,True,05ead49bf24868e0,05ead49bf24868e0,True
PB,pb2,101,iteration_end,377,14,2876,2876,True,fa865e57bd60f939,fa865e57bd60f939,True
PB,pb2,101,iteration_end,377,15,2835,2835,True,f191987d2d1de62f,f191987d2d1de62f,True
PB,pb2,101,iteration_end,377,16,2782,2782,True,ca0f78a5083f7bd5,ca0f78a5083f7bd5,True
PB,pb2,101,iteration_end,377,17,2755,2755,True,d30e246c7ed6bfa6,d30e246c7ed6bfa6,True
PB,pb2,101,iteration_end,377,18,2546,2546,True,ebaa2759627adf4f,ebaa2759627adf4f,True
PB,pb2,101,iteration_end,377,19,2479,2479,True,3a62cf9e1ec14290,3a62cf9e1ec14290,True
PB,pb2,101,iteration_end,378,0,3150,3150,True,e5f90ee5dcf09281,e5f90ee5dcf09281,True
PB,pb2,101,iteration_end,378,1,3101,3101,True,17e75415222fd701,17e75415222fd701,True
PB,pb2,101,iteration_end,378,2,3057,3057,True,2afd733b8a1e4b0e,2afd733b8a1e4b0e,True
PB,pb2,101,iteration_end,378,3,3057,3057,True,2afd733b8a1e4b0e,2afd733b8a1e4b0e,True
PB,pb2,101,iteration_end,378,4,3033,3033,True,f8ced544c40e981c,f8ced544c40e981c,True
PB,pb2,101,iteration_end,378,5,3008,3008,True,5926734030b970ed,5926734030b970ed,True
PB,pb2,101,iteration_end,378,6,3006,3006,True,bcae24c03316fd6f,bcae24c03316fd6f,True
PB,pb2,101,iteration_end,378,7,2984,2984,True,485b14da0c51f9b6,485b14da0c51f9b6,True
PB,pb2,101,iteration_end,378,8,2961,2961,True,df939f4824b5c5dd,df939f4824b5c5dd,True
PB,pb2,101,iteration_end,378,9,2961,2961,True,8f01f0a237c00ac1,8f01f0a237c00ac1,True
PB,pb2,101,iteration_end,378,10,2959,2959,True,8e1e3d0ea7d85d4d,8e1e3d0ea7d85d4d,True
PB,pb2,101,iteration_end,378,11,2957,2957,True,8a70db1810a1ef9e,8a70db1810a1ef9e,True
PB,pb2,101,iteration_end,378,12,2874,2874,True,3f960f5d64c516e7,3f960f5d64c516e7,True
PB,pb2,101,iteration_end,378,13,2837,2837,True,6f4405e1e2bf4e97,6f4405e1e2bf4e97,True
PB,pb2,101,iteration_end,378,14,2801,2801,True,c569bb11f2993817,c569bb11f2993817,True
PB,pb2,101,iteration_end,378,15,2788,2788,True,140265258d5a41bb,140265258d5a41bb,True
PB,pb2,101,iteration_end,378,16,2784,2784,True,aa3095604103b528,aa3095604103b528,True
PB,pb2,101,iteration_end,378,17,2626,2626,True,e898941930bfd68f,e898941930bfd68f,True
PB,pb2,101,iteration_end,378,18,2587,2587,True,210ade79ff4ef9ed,210ade79ff4ef9ed,True
PB,pb2,101,iteration_end,378,19,2552,2552,True,114ac42c285dadf8,114ac42c285dadf8,True
PB,pb2,101,iteration_end,379,0,3094,3094,True,3109dac7a1d7538f,3109dac7a1d7538f,True
PB,pb2,101,iteration_end,379,1,3080,3080,True,88bd74f9d2ec0235,88bd74f9d2ec0235,True
PB,pb2,101,iteration_end,379,2,3080,3080,True,88bd74f9d2ec0235,88bd74f9d2ec0235,True
PB,pb2,101,iteration_end,379,3,3040,3040,True,451eb0975400e0f5,451eb0975400e0f5,True
PB,pb2,101,iteration_end,379,4,3023,3023,True,5e3896df13585691,5e3896df13585691,True
PB,pb2,101,iteration_end,379,5,2974,2974,True,13838b23bb970670,13838b23bb970670,True
PB,pb2,101,iteration_end,379,6,2961,2961,True,df939f4824b5c5dd,df939f4824b5c5dd,True
PB,pb2,101,iteration_end,379,7,2957,2957,True,8a70db1810a1ef9e,8a70db1810a1ef9e,True
PB,pb2,101,iteration_end,379,8,2915,2915,True,73c579a62b4609c7,73c579a62b4609c7,True
PB,pb2,101,iteration_end,379,9,2908,2908,True,79e238ad410b5810,79e238ad410b5810,True
PB,pb2,101,iteration_end,379,10,2875,2875,True,a92d3f9fdafb60f6,a92d3f9fdafb60f6,True
PB,pb2,101,iteration_end,379,11,2858,2858,True,cd084208db97e794,cd084208db97e794,True
PB,pb2,101,iteration_end,379,12,2837,2837,True,6f4405e1e2bf4e97,6f4405e1e2bf4e97,True
PB,pb2,101,iteration_end,379,13,2814,2814,True,cf74ef587d6d5603,cf74ef587d6d5603,True
PB,pb2,101,iteration_end,379,14,2740,2740,True,900afa1e5b5e6890,900afa1e5b5e6890,True
PB,pb2,101,iteration_end,379,15,2715,2715,True,690d5a218b9a2627,690d5a218b9a2627,True
PB,pb2,101,iteration_end,379,16,2712,2712,True,4802ccd5722f30be,4802ccd5722f30be,True
PB,pb2,101,iteration_end,379,17,2665,2665,True,5018b8df6cf051d8,5018b8df6cf051d8,True
PB,pb2,101,iteration_end,379,18,2642,2642,True,424551be99c6f9d0,424551be99c6f9d0,True
PB,pb2,101,iteration_end,379,19,2337,2337,True,b384ed3972f1e5f6,b384ed3972f1e5f6,True
PB,pb2,101,iteration_end,380,0,3157,3157,True,d3a46b3d422b0bad,d3a46b3d422b0bad,True
PB,pb2,101,iteration_end,380,1,3144,3144,True,4b3d93cf0491a310,4b3d93cf0491a310,True
PB,pb2,101,iteration_end,380,2,3080,3080,True,88bd74f9d2ec0235,88bd74f9d2ec0235,True
PB,pb2,101,iteration_end,380,3,3033,3033,True,f8ced544c40e981c,f8ced544c40e981c,True
PB,pb2,101,iteration_end,380,4,3023,3023,True,e7ef989acfcd2645,e7ef989acfcd2645,True
PB,pb2,101,iteration_end,380,5,2944,2944,True,ff444ba32047459b,ff444ba32047459b,True
PB,pb2,101,iteration_end,380,6,2876,2876,True,1f7000fda85387cb,1f7000fda85387cb,True
PB,pb2,101,iteration_end,380,7,2860,2860,True,17a7d43ff32ff50e,17a7d43ff32ff50e,True
PB,pb2,101,iteration_end,380,8,2850,2850,True,ce7e61dedc1c86fe,ce7e61dedc1c86fe,True
PB,pb2,101,iteration_end,380,9,2838,2838,True,0b378a24688b6b29,0b378a24688b6b29,True
PB,pb2,101,iteration_end,380,10,2815,2815,True,af2e2a244e900d23,af2e2a244e900d23,True
PB,pb2,101,iteration_end,380,11,2791,2791,True,17afe7f5863b7d34,17afe7f5863b7d34,True
PB,pb2,101,iteration_end,380,12,2788,2788,True,140265258d5a41bb,140265258d5a41bb,True
PB,pb2,101,iteration_end,380,13,2788,2788,True,140265258d5a41bb,140265258d5a41bb,True
PB,pb2,101,iteration_end,380,14,2786,2786,True,090fe1607c64f23e,090fe1607c64f23e,True
PB,pb2,101,iteration_end,380,15,2748,2748,True,d5c90348046b0100,d5c90348046b0100,True
PB,pb2,101,iteration_end,380,16,2724,2724,True,d5424dab50d90284,d5424dab50d90284,True
PB,pb2,101,iteration_end,380,17,2659,2659,True,fc890799f3920b0f,fc890799f3920b0f,True
PB,pb2,101,iteration_end,380,18,2633,2633,True,d4861f0e02dff5b9,d4861f0e02dff5b9,True
PB,pb2,101,iteration_end,380,19,2456,2456,True,af8f9317bc655fad,af8f9317bc655fad,True
PB,pb2,101,iteration_end,381,0,3143,3143,True,71ca2360fceb826e,71ca2360fceb826e,True
PB,pb2,101,iteration_end,381,1,3057,3057,True,2afd733b8a1e4b0e,2afd733b8a1e4b0e,True
PB,pb2,101,iteration_end,381,2,3057,3057,True,2afd733b8a1e4b0e,2afd733b8a1e4b0e,True
PB,pb2,101,iteration_end,381,3,3054,3054,True,d08819b521f82302,d08819b521f82302,True
PB,pb2,101,iteration_end,381,4,3052,3052,True,4a96e5b58cb0333a,4a96e5b58cb0333a,True
PB,pb2,101,iteration_end,381,5,3042,3042,True,065d1c52a2c69636,065d1c52a2c69636,True
PB,pb2,101,iteration_end,381,6,3031,3031,True,d816c6257cd9848b,d816c6257cd9848b,True
PB,pb2,101,iteration_end,381,7,3016,3016,True,b1be5c304ad15a14,b1be5c304ad15a14,True
PB,pb2,101,iteration_end,381,8,3010,3010,True,a80288d128f2c58e,a80288d128f2c58e,True
PB,pb2,101,iteration_end,381,9,2989,2989,True,d0a74bbd565f5619,d0a74bbd565f5619,True
PB,pb2,101,iteration_end,381,10,2961,2961,True,df939f4824b5c5dd,df939f4824b5c5dd,True
PB,pb2,101,iteration_end,381,11,2925,2925,True,1d847a739849fe14,1d847a739849fe14,True
PB,pb2,101,iteration_end,381,12,2916,2916,True,eb69bba2775b50d6,eb69bba2775b50d6,True
PB,pb2,101,iteration_end,381,13,2884,2884,True,826ef8e59b791baf,826ef8e59b791baf,True
PB,pb2,101,iteration_end,381,14,2875,2875,True,56bdfc2a0dc428e7,56bdfc2a0dc428e7,True
PB,pb2,101,iteration_end,381,15,2829,2829,True,433396ed0eabbb5f,433396ed0eabbb5f,True
PB,pb2,101,iteration_end,381,16,2788,2788,True,140265258d5a41bb,140265258d5a41bb,True
PB,pb2,101,iteration_end,381,17,2781,2781,True,4cdbc99697e27bae,4cdbc99697e27bae,True
PB,pb2,101,iteration_end,381,18,2763,2763,True,8674b320330d677b,8674b320330d677b,True
PB,pb2,101,iteration_end,381,19,2433,2433,True,399b41053ef911d0,399b41053ef911d0,True
PB,pb2,101,iteration_end,382,0,3170,3170,True,2bb12059a6019f62,2bb12059a6019f62,True
PB,pb2,101,iteration_end,382,1,3080,3080,True,88bd74f9d2ec0235,88bd74f9d2ec0235,True
PB,pb2,101,iteration_end,382,2,3057,3057,True,2afd733b8a1e4b0e,2afd733b8a1e4b0e,True
PB,pb2,101,iteration_end,382,3,3057,3057,True,2afd733b8a1e4b0e,2afd733b8a1e4b0e,True
PB,pb2,101,iteration_end,382,4,3057,3057,True,2afd733b8a1e4b0e,2afd733b8a1e4b0e,True
PB,pb2,101,iteration_end,382,5,3057,3057,True,2afd733b8a1e4b0e,2afd733b8a1e4b0e,True
PB,pb2,101,iteration_end,382,6,3033,3033,True,f8ced544c40e981c,f8ced544c40e981c,True
PB,pb2,101,iteration_end,382,7,3023,3023,True,d664f933f7a6b5f0,d664f933f7a6b5f0,True
PB,pb2,101,iteration_end,382,8,3008,3008,True,5926734030b970ed,5926734030b970ed,True
PB,pb2,101,iteration_end,382,9,2988,2988,True,794ca5a761157caa,794ca5a761157caa,True
PB,pb2,101,iteration_end,382,10,2950,2950,True,66fea92c2b02ba9b,66fea92c2b02ba9b,True
PB,pb2,101,iteration_end,382,11,2925,2925,True,1d847a739849fe14,1d847a739849fe14,True
PB,pb2,101,iteration_end,382,12,2884,2884,True,826ef8e59b791baf,826ef8e59b791baf,True
PB,pb2,101,iteration_end,382,13,2875,2875,True,a92d3f9fdafb60f6,a92d3f9fdafb60f6,True
PB,pb2,101,iteration_end,382,14,2850,2850,True,90e15a76bf57c54e,90e15a76bf57c54e,True
PB,pb2,101,iteration_end,382,15,2788,2788,True,140265258d5a41bb,140265258d5a41bb,True
PB,pb2,101,iteration_end,382,16,2788,2788,True,140265258d5a41bb,140265258d5a41bb,True
PB,pb2,101,iteration_end,382,17,2679,2679,True,3d5f7c7b5a791d77,3d5f7c7b5a791d77,True
PB,pb2,101,iteration_end,382,18,2632,2632,True,5f4c71c36605fcd6,5f4c71c36605fcd6,True
PB,pb2,101,iteration_end,382,19,2354,2354,True,d83f46fd59951959,d83f46fd59951959,True
PB,pb2,101,iteration_end,383,0,3121,3121,True,f7a3f221864821fb,f7a3f221864821fb,True
PB,pb2,101,iteration_end,383,1,3101,3101,True,17e75415222fd701,17e75415222fd701,True
PB,pb2,101,iteration_end,383,2,3089,3089,True,c5a86967061374a5,c5a86967061374a5,True
PB,pb2,101,iteration_end,383,3,3080,3080,True,88bd74f9d2ec0235,88bd74f9d2ec0235,True
PB,pb2,101,iteration_end,383,4,3080,3080,True,88bd74f9d2ec0235,88bd74f9d2ec0235,True
PB,pb2,101,iteration_end,383,5,3080,3080,True,88bd74f9d2ec0235,88bd74f9d2ec0235,True
PB,pb2,101,iteration_end,383,6,3057,3057,True,2afd733b8a1e4b0e,2afd733b8a1e4b0e,True
PB,pb2,101,iteration_end,383,7,3040,3040,True,451eb0975400e0f5,451eb0975400e0f5,True
PB,pb2,101,iteration_end,383,8,3036,3036,True,89760626e9dea536,89760626e9dea536,True
PB,pb2,101,iteration_end,383,9,3033,3033,True,f8ced544c40e981c,f8ced544c40e981c,True
PB,pb2,101,iteration_end,383,10,3033,3033,True,f8ced544c40e981c,f8ced544c40e981c,True
PB,pb2,101,iteration_end,383,11,3014,3014,True,f2c81b41a6eb55f1,f2c81b41a6eb55f1,True
PB,pb2,101,iteration_end,383,12,2967,2967,True,e580979e83c41c1c,e580979e83c41c1c,True
PB,pb2,101,iteration_end,383,13,2868,2868,True,3c031b77f21846e0,3c031b77f21846e0,True
PB,pb2,101,iteration_end,383,14,2837,2837,True,6f4405e1e2bf4e97,6f4405e1e2bf4e97,True
PB,pb2,101,iteration_end,383,15,2833,2833,True,71ae17bcba331d44,71ae17bcba331d44,True
PB,pb2,101,iteration_end,383,16,2788,2788,True,140265258d5a41bb,140265258d5a41bb,True
PB,pb2,101,iteration_end,383,17,2786,2786,True,090fe1607c64f23e,090fe1607c64f23e,True
PB,pb2,101,iteration_end,383,18,2784,2784,True,aa3095604103b528,aa3095604103b528,True
PB,pb2,101,iteration_end,383,19,2433,2433,True,399b41053ef911d0,399b41053ef911d0,True
PB,pb2,101,iteration_end,384,0,3057,3057,True,2afd733b8a1e4b0e,2afd733b8a1e4b0e,True
PB,pb2,101,iteration_end,384,1,3031,3031,True,d816c6257cd9848b,d816c6257cd9848b,True
PB,pb2,101,iteration_end,384,2,3010,3010,True,a80288d128f2c58e,a80288d128f2c58e,True
PB,pb2,101,iteration_end,384,3,2999,2999,True,3145a858d37f0ba5,3145a858d37f0ba5,True
PB,pb2,101,iteration_end,384,4,2983,2983,True,9f1823faf0db9576,9f1823faf0db9576,True
PB,pb2,101,iteration_end,384,5,2966,2966,True,13835ef9e4689272,13835ef9e4689272,True
PB,pb2,101,iteration_end,384,6,2952,2952,True,77131c109f2174ce,77131c109f2174ce,True
PB,pb2,101,iteration_end,384,7,2946,2946,True,3d59d68c2ed98bd0,3d59d68c2ed98bd0,True
PB,pb2,101,iteration_end,384,8,2918,2918,True,45111712b3db462a,45111712b3db462a,True
PB,pb2,101,iteration_end,384,9,2897,2897,True,b5d4ff59c243293a,b5d4ff59c243293a,True
PB,pb2,101,iteration_end,384,10,2884,2884,True,826ef8e59b791baf,826ef8e59b791baf,True
PB,pb2,101,iteration_end,384,11,2875,2875,True,a92d3f9fdafb60f6,a92d3f9fdafb60f6,True
PB,pb2,101,iteration_end,384,12,2806,2806,True,abd8f93e7c941615,abd8f93e7c941615,True
PB,pb2,101,iteration_end,384,13,2788,2788,True,140265258d5a41bb,140265258d5a41bb,True
PB,pb2,101,iteration_end,384,14,2788,2788,True,140265258d5a41bb,140265258d5a41bb,True
PB,pb2,101,iteration_end,384,15,2748,2748,True,36770bf64ff3700e,36770bf64ff3700e,True
PB,pb2,101,iteration_end,384,16,2720,2720,True,fb1dfe7405bfdef0,fb1dfe7405bfdef0,True
PB,pb2,101,iteration_end,384,17,2699,2699,True,8dac9888059fa042,8dac9888059fa042,True
PB,pb2,101,iteration_end,384,18,2633,2633,True,d4861f0e02dff5b9,d4861f0e02dff5b9,True
PB,pb2,101,iteration_end,384,19,2584,2584,True,9de17096df7010dd,9de17096df7010dd,True
PB,pb2,101,iteration_end,385,0,3157,3157,True,d3a46b3d422b0bad,d3a46b3d422b0bad,True
PB,pb2,101,iteration_end,385,1,3080,3080,True,88bd74f9d2ec0235,88bd74f9d2ec0235,True
PB,pb2,101,iteration_end,385,2,3080,3080,True,88bd74f9d2ec0235,88bd74f9d2ec0235,True
PB,pb2,101,iteration_end,385,3,3080,3080,True,88bd74f9d2ec0235,88bd74f9d2ec0235,True
PB,pb2,101,iteration_end,385,4,3033,3033,True,f8ced544c40e981c,f8ced544c40e981c,True
PB,pb2,101,iteration_end,385,5,3031,3031,True,d816c6257cd9848b,d816c6257cd9848b,True
PB,pb2,101,iteration_end,385,6,3010,3010,True,a80288d128f2c58e,a80288d128f2c58e,True
PB,pb2,101,iteration_end,385,7,3010,3010,True,a80288d128f2c58e,a80288d128f2c58e,True
PB,pb2,101,iteration_end,385,8,2984,2984,True,485b14da0c51f9b6,485b14da0c51f9b6,True
PB,pb2,101,iteration_end,385,9,2976,2976,True,9925f5164218b3a9,9925f5164218b3a9,True
PB,pb2,101,iteration_end,385,10,2920,2920,True,9fc0cc8c6555d425,9fc0cc8c6555d425,True
PB,pb2,101,iteration_end,385,11,2897,2897,True,bbf229bc841a1423,bbf229bc841a1423,True
PB,pb2,101,iteration_end,385,12,2875,2875,True,a92d3f9fdafb60f6,a92d3f9fdafb60f6,True
PB,pb2,101,iteration_end,385,13,2790,2790,True,c1ce28aa3d63ec6e,c1ce28aa3d63ec6e,True
PB,pb2,101,iteration_end,385,14,2771,2771,True,e67886a4ff83fbdb,e67886a4ff83fbdb,True
PB,pb2,101,iteration_end,385,15,2733,2733,True,eeecb782dc65c085,eeecb782dc65c085,True
PB,pb2,101,iteration_end,385,16,2679,2679,True,3d5f7c7b5a791d77,3d5f7c7b5a791d77,True
PB,pb2,101,iteration_end,385,17,2584,2584,True,9de17096df7010dd,9de17096df7010dd,True
PB,pb2,101,iteration_end,385,18,2447,2447,True,dee792686c5e1265,dee792686c5e1265,True
PB,pb2,101,iteration_end,385,19,2445,2445,True,3a04188e808d77fd,3a04188e808d77fd,True
PB,pb2,101,iteration_end,386,0,3157,3157,True,d3a46b3d422b0bad,d3a46b3d422b0bad,True
PB,pb2,101,iteration_end,386,1,3123,3123,True,6eb868fb58121d64,6eb868fb58121d64,True
PB,pb2,101,iteration_end,386,2,3120,3120,True,c44cf59d764249c9,c44cf59d764249c9,True
PB,pb2,101,iteration_end,386,3,3080,3080,True,88bd74f9d2ec0235,88bd74f9d2ec0235,True
PB,pb2,101,iteration_end,386,4,3057,3057,True,2afd733b8a1e4b0e,2afd733b8a1e4b0e,True
PB,pb2,101,iteration_end,386,5,3033,3033,True,f8ced544c40e981c,f8ced544c40e981c,True
PB,pb2,101,iteration_end,386,6,3010,3010,True,a80288d128f2c58e,a80288d128f2c58e,True
PB,pb2,101,iteration_end,386,7,3008,3008,True,5926734030b970ed,5926734030b970ed,True
PB,pb2,101,iteration_end,386,8,2991,2991,True,1be64e93ccdbd512,1be64e93ccdbd512,True
PB,pb2,101,iteration_end,386,9,2893,2893,True,eac5be2a4e245c66,eac5be2a4e245c66,True
PB,pb2,101,iteration_end,386,10,2884,2884,True,826ef8e59b791baf,826ef8e59b791baf,True
PB,pb2,101,iteration_end,386,11,2875,2875,True,a92d3f9fdafb60f6,a92d3f9fdafb60f6,True
PB,pb2,101,iteration_end,386,12,2786,2786,True,090fe1607c64f23e,090fe1607c64f23e,True
PB,pb2,101,iteration_end,386,13,2739,2739,True,616c95c24def0582,616c95c24def0582,True
PB,pb2,101,iteration_end,386,14,2656,2656,True,75ae32fc0923eecc,75ae32fc0923eecc,True
PB,pb2,101,iteration_end,386,15,2633,2633,True,d4861f0e02dff5b9,d4861f0e02dff5b9,True
PB,pb2,101,iteration_end,386,16,2633,2633,True,d4861f0e02dff5b9,d4861f0e02dff5b9,True
PB,pb2,101,iteration_end,386,17,2552,2552,True,badf6eeea2627d10,badf6eeea2627d10,True
PB,pb2,101,iteration_end,386,18,2483,2483,True,6ff5563e07a845fa,6ff5563e07a845fa,True
PB,pb2,101,iteration_end,386,19,2472,2472,True,edefd11d2c5f04f9,edefd11d2c5f04f9,True
PB,pb2,101,iteration_end,387,0,3170,3170,True,2bb12059a6019f62,2bb12059a6019f62,True
PB,pb2,101,iteration_end,387,1,3121,3121,True,f7a3f221864821fb,f7a3f221864821fb,True
PB,pb2,101,iteration_end,387,2,3080,3080,True,88bd74f9d2ec0235,88bd74f9d2ec0235,True
PB,pb2,101,iteration_end,387,3,3080,3080,True,88bd74f9d2ec0235,88bd74f9d2ec0235,True
PB,pb2,101,iteration_end,387,4,3057,3057,True,2afd733b8a1e4b0e,2afd733b8a1e4b0e,True
PB,pb2,101,iteration_end,387,5,3033,3033,True,f8ced544c40e981c,f8ced544c40e981c,True
PB,pb2,101,iteration_end,387,6,3010,3010,True,a80288d128f2c58e,a80288d128f2c58e,True
PB,pb2,101,iteration_end,387,7,3010,3010,True,a80288d128f2c58e,a80288d128f2c58e,True
PB,pb2,101,iteration_end,387,8,2999,2999,True,3145a858d37f0ba5,3145a858d37f0ba5,True
PB,pb2,101,iteration_end,387,9,2961,2961,True,df939f4824b5c5dd,df939f4824b5c5dd,True
PB,pb2,101,iteration_end,387,10,2961,2961,True,df939f4824b5c5dd,df939f4824b5c5dd,True
PB,pb2,101,iteration_end,387,11,2959,2959,True,3fcef88e9e46bcd2,3fcef88e9e46bcd2,True
PB,pb2,101,iteration_end,387,12,2786,2786,True,090fe1607c64f23e,090fe1607c64f23e,True
PB,pb2,101,iteration_end,387,13,2786,2786,True,090fe1607c64f23e,090fe1607c64f23e,True
PB,pb2,101,iteration_end,387,14,2784,2784,True,aa3095604103b528,aa3095604103b528,True
PB,pb2,101,iteration_end,387,15,2675,2675,True,ad2baf90c4389475,ad2baf90c4389475,True
PB,pb2,101,iteration_end,387,16,2586,2586,True,06637db53890a5bd,06637db53890a5bd,True
PB,pb2,101,iteration_end,387,17,2543,2543,True,6ee956e165744a7a,6ee956e165744a7a,True
PB,pb2,101,iteration_end,387,18,2355,2355,True,dca819325b263f5b,dca819325b263f5b,True
PB,pb2,101,iteration_end,387,19,2311,2311,True,8502e529f83bf954,8502e529f83bf954,True
PB,pb2,101,iteration_end,388,0,3121,3121,True,527a36033323d6e1,527a36033323d6e1,True
PB,pb2,101,iteration_end,388,1,3080,3080,True,88bd74f9d2ec0235,88bd74f9d2ec0235,True
PB,pb2,101,iteration_end,388,2,3060,3060,True,6c3f502e46fa8f58,6c3f502e46fa8f58,True
PB,pb2,101,iteration_end,388,3,3033,3033,True,f8ced544c40e981c,f8ced544c40e981c,True
PB,pb2,101,iteration_end,388,4,3033,3033,True,f8ced544c40e981c,f8ced544c40e981c,True
PB,pb2,101,iteration_end,388,5,3031,3031,True,d816c6257cd9848b,d816c6257cd9848b,True
PB,pb2,101,iteration_end,388,6,2961,2961,True,df939f4824b5c5dd,df939f4824b5c5dd,True
PB,pb2,101,iteration_end,388,7,2946,2946,True,df923e05e8950457,df923e05e8950457,True
PB,pb2,101,iteration_end,388,8,2918,2918,True,640a16e759dad07c,640a16e759dad07c,True
PB,pb2,101,iteration_end,388,9,2876,2876,True,262cffcf28a830d6,262cffcf28a830d6,True
PB,pb2,101,iteration_end,388,10,2837,2837,True,6f4405e1e2bf4e97,6f4405e1e2bf4e97,True
PB,pb2,101,iteration_end,388,11,2830,2830,True,48acb3f0282b2108,48acb3f0282b2108,True
PB,pb2,101,iteration_end,388,12,2784,2784,True,aa3095604103b528,aa3095604103b528,True
PB,pb2,101,iteration_end,388,13,2768,2768,True,13ae8f377777eddb,13ae8f377777eddb,True
PB,pb2,101,iteration_end,388,14,2633,2633,True,d4861f0e02dff5b9,d4861f0e02dff5b9,True
PB,pb2,101,iteration_end,388,15,2633,2633,True,d4861f0e02dff5b9,d4861f0e02dff5b9,True
PB,pb2,101,iteration_end,388,16,2586,2586,True,06637db53890a5bd,06637db53890a5bd,True
PB,pb2,101,iteration_end,388,17,2584,2584,True,9de17096df7010dd,9de17096df7010dd,True
PB,pb2,101,iteration_end,388,18,2579,2579,True,80389b646634e5ea,80389b646634e5ea,True
PB,pb2,101,iteration_end,388,19,2433,2433,True,399b41053ef911d0,399b41053ef911d0,True
PB,pb2,101,iteration_end,389,0,3157,3157,True,d3a46b3d422b0bad,d3a46b3d422b0bad,True
PB,pb2,101,iteration_end,389,1,3121,3121,True,f7a3f221864821fb,f7a3f221864821fb,True
PB,pb2,101,iteration_end,389,2,3109,3109,True,9ae688838a0f274a,9ae688838a0f274a,True
PB,pb2,101,iteration_end,389,3,3057,3057,True,2afd733b8a1e4b0e,2afd733b8a1e4b0e,True
PB,pb2,101,iteration_end,389,4,3057,3057,True,2afd733b8a1e4b0e,2afd733b8a1e4b0e,True
PB,pb2,101,iteration_end,389,5,3052,3052,True,bbeb0cfb3de43fa5,bbeb0cfb3de43fa5,True
PB,pb2,101,iteration_end,389,6,3033,3033,True,f8ced544c40e981c,f8ced544c40e981c,True
PB,pb2,101,iteration_end,389,7,3033,3033,True,f8ced544c40e981c,f8ced544c40e981c,True
PB,pb2,101,iteration_end,389,8,3031,3031,True,d816c6257cd9848b,d816c6257cd9848b,True
PB,pb2,101,iteration_end,389,9,3031,3031,True,d816c6257cd9848b,d816c6257cd9848b,True
PB,pb2,101,iteration_end,389,10,2967,2967,True,d9efd9623b2aa8c7,d9efd9623b2aa8c7,True
PB,pb2,101,iteration_end,389,11,2925,2925,True,04290ed108a22be8,04290ed108a22be8,True
PB,pb2,101,iteration_end,389,12,2884,2884,True,826ef8e59b791baf,826ef8e59b791baf,True
PB,pb2,101,iteration_end,389,13,2878,2878,True,ca74830cbdf4b502,ca74830cbdf4b502,True
PB,pb2,101,iteration_end,389,14,2878,2878,True,ca74830cbdf4b502,ca74830cbdf4b502,True
PB,pb2,101,iteration_end,389,15,2876,2876,True,262cffcf28a830d6,262cffcf28a830d6,True
PB,pb2,101,iteration_end,389,16,2833,2833,True,71ae17bcba331d44,71ae17bcba331d44,True
PB,pb2,101,iteration_end,389,17,2803,2803,True,6f3b61498a8d78c0,6f3b61498a8d78c0,True
PB,pb2,101,iteration_end,389,18,2779,2779,True,87638a371245f373,87638a371245f373,True
PB,pb2,101,iteration_end,389,19,2656,2656,True,aba95a0b54879ca8,aba95a0b54879ca8,True
PB,pb2,101,iteration_end,390,0,3123,3123,True,6eb868fb58121d64,6eb868fb58121d64,True
PB,pb2,101,iteration_end,390,1,3103,3103,True,93b1be79f09e8b1b,93b1be79f09e8b1b,True
PB,pb2,101,iteration_end,390,2,3080,3080,True,88bd74f9d2ec0235,88bd74f9d2ec0235,True
PB,pb2,101,iteration_end,390,3,3057,3057,True,2afd733b8a1e4b0e,2afd733b8a1e4b0e,True
PB,pb2,101,iteration_end,390,4,3035,3035,True,4109ae4910fda8ae,4109ae4910fda8ae,True
PB,pb2,101,iteration_end,390,5,3031,3031,True,d816c6257cd9848b,d816c6257cd9848b,True
PB,pb2,101,iteration_end,390,6,3008,3008,True,5926734030b970ed,5926734030b970ed,True
PB,pb2,101,iteration_end,390,7,3008,3008,True,5926734030b970ed,5926734030b970ed,True
PB,pb2,101,iteration_end,390,8,2984,2984,True,485b14da0c51f9b6,485b14da0c51f9b6,True
PB,pb2,101,iteration_end,390,9,2983,2983,True,9097cc6a270a4d2e,9097cc6a270a4d2e,True
PB,pb2,101,iteration_end,390,10,2967,2967,True,5bed47c848d622b3,5bed47c848d622b3,True
PB,pb2,101,iteration_end,390,11,2925,2925,True,1d847a739849fe14,1d847a739849fe14,True
PB,pb2,101,iteration_end,390,12,2885,2885,True,476f4d6a5c634f4c,476f4d6a5c634f4c,True
PB,pb2,101,iteration_end,390,13,2884,2884,True,826ef8e59b791baf,826ef8e59b791baf,True
PB,pb2,101,iteration_end,390,14,2884,2884,True,826ef8e59b791baf,826ef8e59b791baf,True
PB,pb2,101,iteration_end,390,15,2878,2878,True,ca74830cbdf4b502,ca74830cbdf4b502,True
PB,pb2,101,iteration_end,390,16,2826,2826,True,95aba3252cea2732,95aba3252cea2732,True
PB,pb2,101,iteration_end,390,17,2633,2633,True,d4861f0e02dff5b9,d4861f0e02dff5b9,True
PB,pb2,101,iteration_end,390,18,2626,2626,True,e898941930bfd68f,e898941930bfd68f,True
PB,pb2,101,iteration_end,390,19,2557,2557,True,ac33071cb3497bf0,ac33071cb3497bf0,True
PB,pb2,101,iteration_end,391,0,3170,3170,True,2bb12059a6019f62,2bb12059a6019f62,True
PB,pb2,101,iteration_end,391,1,3121,3121,True,527a36033323d6e1,527a36033323d6e1,True
PB,pb2,101,iteration_end,391,2,3057,3057,True,2afd733b8a1e4b0e,2afd733b8a1e4b0e,True
PB,pb2,101,iteration_end,391,3,3056,3056,True,1b6c1445fc777637,1b6c1445fc777637,True
PB,pb2,101,iteration_end,391,4,3035,3035,True,2721250c12bfb7f5,2721250c12bfb7f5,True
PB,pb2,101,iteration_end,391,5,3031,3031,True,d816c6257cd9848b,d816c6257cd9848b,True
PB,pb2,101,iteration_end,391,6,2969,2969,True,96eb7e522f538f7f,96eb7e522f538f7f,True
PB,pb2,101,iteration_end,391,7,2953,2953,True,7b4fc98569932440,7b4fc98569932440,True
PB,pb2,101,iteration_end,391,8,2925,2925,True,1d847a739849fe14,1d847a739849fe14,True
PB,pb2,101,iteration_end,391,9,2867,2867,True,1830b6d432ba58aa,1830b6d432ba58aa,True
PB,pb2,101,iteration_end,391,10,2788,2788,True,140265258d5a41bb,140265258d5a41bb,True
PB,pb2,101,iteration_end,391,11,2786,2786,True,090fe1607c64f23e,090fe1607c64f23e,True
PB,pb2,101,iteration_end,391,12,2786,2786,True,090fe1607c64f23e,090fe1607c64f23e,True
PB,pb2,101,iteration_end,391,13,2780,2780,True,4082017a26f22b9b,4082017a26f22b9b,True
PB,pb2,101,iteration_end,391,14,2633,2633,True,d4861f0e02dff5b9,d4861f0e02dff5b9,True
PB,pb2,101,iteration_end,391,15,2609,2609,True,76583d8be9ceab99,76583d8be9ceab99,True
PB,pb2,101,iteration_end,391,16,2555,2555,True,87af47ef8c156dd1,87af47ef8c156dd1,True
PB,pb2,101,iteration_end,391,17,2505,2505,True,40124b8f9cdfd818,40124b8f9cdfd818,True
PB,pb2,101,iteration_end,391,18,2482,2482,True,fcf8752878525d71,fcf8752878525d71,True
PB,pb2,101,iteration_end,391,19,2459,2459,True,7f0740a2643eaaf7,7f0740a2643eaaf7,True
PB,pb2,101,iteration_end,392,0,3170,3170,True,2bb12059a6019f62,2bb12059a6019f62,True
PB,pb2,101,iteration_end,392,1,3150,3150,True,e5f90ee5dcf09281,e5f90ee5dcf09281,True
PB,pb2,101,iteration_end,392,2,3148,3148,True,b7809124c7d26d9d,b7809124c7d26d9d,True
PB,pb2,101,iteration_end,392,3,3080,3080,True,88bd74f9d2ec0235,88bd74f9d2ec0235,True
PB,pb2,101,iteration_end,392,4,3080,3080,True,88bd74f9d2ec0235,88bd74f9d2ec0235,True
PB,pb2,101,iteration_end,392,5,3033,3033,True,f8ced544c40e981c,f8ced544c40e981c,True
PB,pb2,101,iteration_end,392,6,3031,3031,True,d816c6257cd9848b,d816c6257cd9848b,True
PB,pb2,101,iteration_end,392,7,2948,2948,True,0ea6e156b9c8013e,0ea6e156b9c8013e,True
PB,pb2,101,iteration_end,392,8,2884,2884,True,826ef8e59b791baf,826ef8e59b791baf,True
PB,pb2,101,iteration_end,392,9,2879,2879,True,fe48f092fad37772,fe48f092fad37772,True
PB,pb2,101,iteration_end,392,10,2875,2875,True,a92d3f9fdafb60f6,a92d3f9fdafb60f6,True
PB,pb2,101,iteration_end,392,11,2833,2833,True,71ae17bcba331d44,71ae17bcba331d44,True
PB,pb2,101,iteration_end,392,12,2788,2788,True,140265258d5a41bb,140265258d5a41bb,True
PB,pb2,101,iteration_end,392,13,2786,2786,True,090fe1607c64f23e,090fe1607c64f23e,True
PB,pb2,101,iteration_end,392,14,2633,2633,True,d4861f0e02dff5b9,d4861f0e02dff5b9,True
PB,pb2,101,iteration_end,392,15,2586,2586,True,06637db53890a5bd,06637db53890a5bd,True
PB,pb2,101,iteration_end,392,16,2584,2584,True,9de17096df7010dd,9de17096df7010dd,True
PB,pb2,101,iteration_end,392,17,2539,2539,True,2a9412e9bd1ded75,2a9412e9bd1ded75,True
PB,pb2,101,iteration_end,392,18,2537,2537,True,f5dae68a853e2955,f5dae68a853e2955,True
PB,pb2,101,iteration_end,392,19,2432,2432,True,907286ba2bfa1972,907286ba2bfa1972,True
PB,pb2,101,iteration_end,393,0,3124,3124,True,7761a3dde66a9724,7761a3dde66a9724,True
PB,pb2,101,iteration_end,393,1,3121,3121,True,01f4f44e444d1346,01f4f44e444d1346,True
PB,pb2,101,iteration_end,393,2,3113,3113,True,961e21d26e06df9f,961e21d26e06df9f,True
PB,pb2,101,iteration_end,393,3,3059,3059,True,5a6ab0b67d8867b8,5a6ab0b67d8867b8,True
PB,pb2,101,iteration_end,393,4,3057,3057,True,2afd733b8a1e4b0e,2afd733b8a1e4b0e,True
PB,pb2,101,iteration_end,393,5,3033,3033,True,f8ced544c40e981c,f8ced544c40e981c,True
PB,pb2,101,iteration_end,393,6,3008,3008,True,5926734030b970ed,5926734030b970ed,True
PB,pb2,101,iteration_end,393,7,3008,3008,True,5926734030b970ed,5926734030b970ed,True
PB,pb2,101,iteration_end,393,8,2984,2984,True,485b14da0c51f9b6,485b14da0c51f9b6,True
PB,pb2,101,iteration_end,393,9,2932,2932,True,ec663dce5d691117,ec663dce5d691117,True
PB,pb2,101,iteration_end,393,10,2899,2899,True,69efc5ac42f191d3,69efc5ac42f191d3,True
PB,pb2,101,iteration_end,393,11,2844,2844,True,ed94a251fb6a4a41,ed94a251fb6a4a41,True
PB,pb2,101,iteration_end,393,12,2833,2833,True,71ae17bcba331d44,71ae17bcba331d44,True
PB,pb2,101,iteration_end,393,13,2804,2804,True,874f51a581b57a22,874f51a581b57a22,True
PB,pb2,101,iteration_end,393,14,2788,2788,True,140265258d5a41bb,140265258d5a41bb,True
PB,pb2,101,iteration_end,393,15,2788,2788,True,140265258d5a41bb,140265258d5a41bb,True
PB,pb2,101,iteration_end,393,16,2650,2650,True,76616f20cd324cb6,76616f20cd324cb6,True
PB,pb2,101,iteration_end,393,17,2632,2632,True,5f4c71c36605fcd6,5f4c71c36605fcd6,True
PB,pb2,101,iteration_end,393,18,2432,2432,True,907286ba2bfa1972,907286ba2bfa1972,True
PB,pb2,101,iteration_end,393,19,2368,2368,True,c36732d41c12e1cd,c36732d41c12e1cd,True
PB,pb2,101,iteration_end,394,0,3156,3156,True,c5fe8bdc7a09d429,c5fe8bdc7a09d429,True
PB,pb2,101,iteration_end,394,1,3119,3119,True,10de99fc373c223a,10de99fc373c223a,True
PB,pb2,101,iteration_end,394,2,3101,3101,True,17e75415222fd701,17e75415222fd701,True
PB,pb2,101,iteration_end,394,3,3080,3080,True,88bd74f9d2ec0235,88bd74f9d2ec0235,True
PB,pb2,101,iteration_end,394,4,3078,3078,True,c05ee163a485b320,c05ee163a485b320,True
PB,pb2,101,iteration_end,394,5,3057,3057,True,2afd733b8a1e4b0e,2afd733b8a1e4b0e,True
PB,pb2,101,iteration_end,394,6,3057,3057,True,2afd733b8a1e4b0e,2afd733b8a1e4b0e,True
PB,pb2,101,iteration_end,394,7,3010,3010,True,a80288d128f2c58e,a80288d128f2c58e,True
PB,pb2,101,iteration_end,394,8,2997,2997,True,2836460419b4bf16,2836460419b4bf16,True
PB,pb2,101,iteration_end,394,9,2925,2925,True,1d847a739849fe14,1d847a739849fe14,True
PB,pb2,101,iteration_end,394,10,2891,2891,True,276add99b75dcdb0,276add99b75dcdb0,True
PB,pb2,101,iteration_end,394,11,2884,2884,True,826ef8e59b791baf,826ef8e59b791baf,True
PB,pb2,101,iteration_end,394,12,2875,2875,True,a92d3f9fdafb60f6,a92d3f9fdafb60f6,True
PB,pb2,101,iteration_end,394,13,2837,2837,True,6f4405e1e2bf4e97,6f4405e1e2bf4e97,True
PB,pb2,101,iteration_end,394,14,2788,2788,True,140265258d5a41bb,140265258d5a41bb,True
PB,pb2,101,iteration_end,394,15,2788,2788,True,140265258d5a41bb,140265258d5a41bb,True
PB,pb2,101,iteration_end,394,16,2728,2728,True,c5f123204968d217,c5f123204968d217,True
PB,pb2,101,iteration_end,394,17,2696,2696,True,28988004d7868d5c,28988004d7868d5c,True
PB,pb2,101,iteration_end,394,18,2492,2492,True,d47609087efa4433,d47609087efa4433,True
PB,pb2,101,iteration_end,394,19,2474,2474,True,20d01b63e1debe31,20d01b63e1debe31,True
PB,pb2,101,iteration_end,395,0,3080,3080,True,88bd74f9d2ec0235,88bd74f9d2ec0235,True
PB,pb2,101,iteration_end,395,1,3077,3077,True,436c09cd07098911,436c09cd07098911,True
PB,pb2,101,iteration_end,395,2,3057,3057,True,2afd733b8a1e4b0e,2afd733b8a1e4b0e,True
PB,pb2,101,iteration_end,395,3,3008,3008,True,5926734030b970ed,5926734030b970ed,True
PB,pb2,101,iteration_end,395,4,2984,2984,True,cf7781ff17e847b0,cf7781ff17e847b0,True
PB,pb2,101,iteration_end,395,5,2961,2961,True,df939f4824b5c5dd,df939f4824b5c5dd,True
PB,pb2,101,iteration_end,395,6,2886,2886,True,ddb99059c2e1d81c,ddb99059c2e1d81c,True
PB,pb2,101,iteration_end,395,7,2884,2884,True,826ef8e59b791baf,826ef8e59b791baf,True
PB,pb2,101,iteration_end,395,8,2865,2865,True,047b64b44bc3addf,047b64b44bc3addf,True
PB,pb2,101,iteration_end,395,9,2857,2857,True,d671231eb63ea26c,d671231eb63ea26c,True
PB,pb2,101,iteration_end,395,10,2833,2833,True,71ae17bcba331d44,71ae17bcba331d44,True
PB,pb2,101,iteration_end,395,11,2788,2788,True,140265258d5a41bb,140265258d5a41bb,True
PB,pb2,101,iteration_end,395,12,2788,2788,True,140265258d5a41bb,140265258d5a41bb,True
PB,pb2,101,iteration_end,395,13,2788,2788,True,140265258d5a41bb,140265258d5a41bb,True
PB,pb2,101,iteration_end,395,14,2788,2788,True,140265258d5a41bb,140265258d5a41bb,True
PB,pb2,101,iteration_end,395,15,2786,2786,True,090fe1607c64f23e,090fe1607c64f23e,True
PB,pb2,101,iteration_end,395,16,2746,2746,True,f4627f9fd51a635d,f4627f9fd51a635d,True
PB,pb2,101,iteration_end,395,17,2611,2611,True,3cc2f54e83b51020,3cc2f54e83b51020,True
PB,pb2,101,iteration_end,395,18,2579,2579,True,80389b646634e5ea,80389b646634e5ea,True
PB,pb2,101,iteration_end,395,19,2536,2536,True,f1d846a67f254667,f1d846a67f254667,True
PB,pb2,101,iteration_end,396,0,3170,3170,True,2bb12059a6019f62,2bb12059a6019f62,True
PB,pb2,101,iteration_end,396,1,3080,3080,True,88bd74f9d2ec0235,88bd74f9d2ec0235,True
PB,pb2,101,iteration_end,396,2,3040,3040,True,451eb0975400e0f5,451eb0975400e0f5,True
PB,pb2,101,iteration_end,396,3,3008,3008,True,5926734030b970ed,5926734030b970ed,True
PB,pb2,101,iteration_end,396,4,2884,2884,True,826ef8e59b791baf,826ef8e59b791baf,True
PB,pb2,101,iteration_end,396,5,2884,2884,True,826ef8e59b791baf,826ef8e59b791baf,True
PB,pb2,101,iteration_end,396,6,2878,2878,True,ca74830cbdf4b502,ca74830cbdf4b502,True
PB,pb2,101,iteration_end,396,7,2875,2875,True,a92d3f9fdafb60f6,a92d3f9fdafb60f6,True
PB,pb2,101,iteration_end,396,8,2788,2788,True,140265258d5a41bb,140265258d5a41bb,True
PB,pb2,101,iteration_end,396,9,2788,2788,True,140265258d5a41bb,140265258d5a41bb,True
PB,pb2,101,iteration_end,396,10,2788,2788,True,140265258d5a41bb,140265258d5a41bb,True
PB,pb2,101,iteration_end,396,11,2753,2753,True,7479edd1b8ce5670,7479edd1b8ce5670,True
PB,pb2,101,iteration_end,396,12,2742,2742,True,8826de68c182e688,8826de68c182e688,True
PB,pb2,101,iteration_end,396,13,2737,2737,True,bae4dd21d7ce7364,bae4dd21d7ce7364,True
PB,pb2,101,iteration_end,396,14,2731,2731,True,333d2d628d127c0f,333d2d628d127c0f,True
PB,pb2,101,iteration_end,396,15,2689,2689,True,2ab71db11549ec3a,2ab71db11549ec3a,True
PB,pb2,101,iteration_end,396,16,2554,2554,True,c2adc39945b35cee,c2adc39945b35cee,True
PB,pb2,101,iteration_end,396,17,2518,2518,True,b18b1f737d796d29,b18b1f737d796d29,True
PB,pb2,101,iteration_end,396,18,2385,2385,True,7be01d9cae24515b,7be01d9cae24515b,True
PB,pb2,101,iteration_end,396,19,2320,2320,True,66feb13cbab7e060,66feb13cbab7e060,True
PB,pb2,101,iteration_end,397,0,3089,3089,True,103baae8220e9efe,103baae8220e9efe,True
PB,pb2,101,iteration_end,397,1,3057,3057,True,2afd733b8a1e4b0e,2afd733b8a1e4b0e,True
PB,pb2,101,iteration_end,397,2,3052,3052,True,4a96e5b58cb0333a,4a96e5b58cb0333a,True
PB,pb2,101,iteration_end,397,3,3035,3035,True,bc6122d874206439,bc6122d874206439,True
PB,pb2,101,iteration_end,397,4,3008,3008,True,5926734030b970ed,5926734030b970ed,True
PB,pb2,101,iteration_end,397,5,2968,2968,True,49ef58dc4ca65b84,49ef58dc4ca65b84,True
PB,pb2,101,iteration_end,397,6,2905,2905,True,f4a8c90729497b5c,f4a8c90729497b5c,True
PB,pb2,101,iteration_end,397,7,2884,2884,True,826ef8e59b791baf,826ef8e59b791baf,True
PB,pb2,101,iteration_end,397,8,2875,2875,True,a92d3f9fdafb60f6,a92d3f9fdafb60f6,True
PB,pb2,101,iteration_end,397,9,2863,2863,True,a026f716027209d5,a026f716027209d5,True
PB,pb2,101,iteration_end,397,10,2843,2843,True,c03d670bf4315766,c03d670bf4315766,True
PB,pb2,101,iteration_end,397,11,2835,2835,True,f191987d2d1de62f,f191987d2d1de62f,True
PB,pb2,101,iteration_end,397,12,2802,2802,True,c8e888f0404a445e,c8e888f0404a445e,True
PB,pb2,101,iteration_end,397,13,2795,2795,True,2f509508f62e1840,2f509508f62e1840,True
PB,pb2,101,iteration_end,397,14,2706,2706,True,5b1a8100a6198a7e,5b1a8100a6198a7e,True
PB,pb2,101,iteration_end,397,15,2701,2701,True,ffacf80312b4f856,ffacf80312b4f856,True
PB,pb2,101,iteration_end,397,16,2675,2675,True,ad2baf90c4389475,ad2baf90c4389475,True
PB,pb2,101,iteration_end,397,17,2648,2648,True,3f0a2e581a9d7526,3f0a2e581a9d7526,True
PB,pb2,101,iteration_end,397,18,2619,2619,True,76bce17d179df0b4,76bce17d179df0b4,True
PB,pb2,101,iteration_end,397,19,2265,2265,True,e9e8384d055d806a,e9e8384d055d806a,True
PB,pb2,101,iteration_end,398,0,3080,3080,True,88bd74f9d2ec0235,88bd74f9d2ec0235,True
PB,pb2,101,iteration_end,398,1,3053,3053,True,d5649a21468201bc,d5649a21468201bc,True
PB,pb2,101,iteration_end,398,2,3038,3038,True,487e742483a4e998,487e742483a4e998,True
PB,pb2,101,iteration_end,398,3,3033,3033,True,f8ced544c40e981c,f8ced544c40e981c,True
PB,pb2,101,iteration_end,398,4,3033,3033,True,f8ced544c40e981c,f8ced544c40e981c,True
PB,pb2,101,iteration_end,398,5,2961,2961,True,e9ee8fd297b7abfd,e9ee8fd297b7abfd,True
PB,pb2,101,iteration_end,398,6,2959,2959,True,e4792f0cd7e53cb4,e4792f0cd7e53cb4,True
PB,pb2,101,iteration_end,398,7,2958,2958,True,bcab8d7261beb60f,bcab8d7261beb60f,True
PB,pb2,101,iteration_end,398,8,2884,2884,True,826ef8e59b791baf,826ef8e59b791baf,True
PB,pb2,101,iteration_end,398,9,2884,2884,True,826ef8e59b791baf,826ef8e59b791baf,True
PB,pb2,101,iteration_end,398,10,2872,2872,True,f869fb0b39759ca8,f869fb0b39759ca8,True
PB,pb2,101,iteration_end,398,11,2846,2846,True,cb90e9aa1ac2a22f,cb90e9aa1ac2a22f,True
PB,pb2,101,iteration_end,398,12,2788,2788,True,140265258d5a41bb,140265258d5a41bb,True
PB,pb2,101,iteration_end,398,13,2755,2755,True,d30e246c7ed6bfa6,d30e246c7ed6bfa6,True
PB,pb2,101,iteration_end,398,14,2695,2695,True,e7cf0728a3cc25ac,e7cf0728a3cc25ac,True
PB,pb2,101,iteration_end,398,15,2572,2572,True,c7beb53903a52a32,c7beb53903a52a32,True
PB,pb2,101,iteration_end,398,16,2456,2456,True,af8f9317bc655fad,af8f9317bc655fad,True
PB,pb2,101,iteration_end,398,17,2416,2416,True,ca3ce7f2a16a0f88,ca3ce7f2a16a0f88,True
PB,pb2,101,iteration_end,398,18,2409,2409,True,6970f7dfbf809090,6970f7dfbf809090,True
PB,pb2,101,iteration_end,398,19,2245,2245,True,205b12c9a429997d,205b12c9a429997d,True
PB,pb2,101,iteration_end,399,0,3080,3080,True,88bd74f9d2ec0235,88bd74f9d2ec0235,True
PB,pb2,101,iteration_end,399,1,3080,3080,True,88bd74f9d2ec0235,88bd74f9d2ec0235,True
PB,pb2,101,iteration_end,399,2,3060,3060,True,e27301df6ade5b19,e27301df6ade5b19,True
PB,pb2,101,iteration_end,399,3,3060,3060,True,237bb4cb56960011,237bb4cb56960011,True
PB,pb2,101,iteration_end,399,4,3031,3031,True,d816c6257cd9848b,d816c6257cd9848b,True
PB,pb2,101,iteration_end,399,5,3010,3010,True,a80288d128f2c58e,a80288d128f2c58e,True
PB,pb2,101,iteration_end,399,6,3003,3003,True,32288d0aa32d2051,32288d0aa32d2051,True
PB,pb2,101,iteration_end,399,7,2940,2940,True,10dcc70ac0bc94a0,10dcc70ac0bc94a0,True
PB,pb2,101,iteration_end,399,8,2926,2926,True,10d2835d4fbcb5de,10d2835d4fbcb5de,True
PB,pb2,101,iteration_end,399,9,2914,2914,True,9977a618d9d9e5b1,9977a618d9d9e5b1,True
PB,pb2,101,iteration_end,399,10,2875,2875,True,a92d3f9fdafb60f6,a92d3f9fdafb60f6,True
PB,pb2,101,iteration_end,399,11,2872,2872,True,3c66e7a1b2823e0d,3c66e7a1b2823e0d,True
PB,pb2,101,iteration_end,399,12,2861,2861,True,8d4a65514de3e21b,8d4a65514de3e21b,True
PB,pb2,101,iteration_end,399,13,2837,2837,True,557d627f663be3a7,557d627f663be3a7,True
PB,pb2,101,iteration_end,399,14,2788,2788,True,140265258d5a41bb,140265258d5a41bb,True
PB,pb2,101,iteration_end,399,15,2748,2748,True,26516b249270ced6,26516b249270ced6,True
PB,pb2,101,iteration_end,399,16,2748,2748,True,014d9e44b8cfe5b2,014d9e44b8cfe5b2,True
PB,pb2,101,iteration_end,399,17,2717,2717,True,18763e0b628f5775,18763e0b628f5775,True
PB,pb2,101,iteration_end,399,18,2615,2615,True,35d2b264dca0934f,35d2b264dca0934f,True
PB,pb2,101,iteration_end,399,19,2523,2523,True,b5e036becf971879,b5e036becf971879,True
PB,pb2,101,iteration_end,400,0,3106,3106,True,ac998cdf39b58716,ac998cdf39b58716,True
PB,pb2,101,iteration_end,400,1,3083,3083,True,12687ebf52739579,12687ebf52739579,True
PB,pb2,101,iteration_end,400,2,3080,3080,True,88bd74f9d2ec0235,88bd74f9d2ec0235,True
PB,pb2,101,iteration_end,400,3,3080,3080,True,b357325779036c92,b357325779036c92,True
PB,pb2,101,iteration_end,400,4,3080,3080,True,88bd74f9d2ec0235,88bd74f9d2ec0235,True
PB,pb2,101,iteration_end,400,5,3033,3033,True,f8ced544c40e981c,f8ced544c40e981c,True
PB,pb2,101,iteration_end,400,6,3033,3033,True,f8ced544c40e981c,f8ced544c40e981c,True
PB,pb2,101,iteration_end,400,7,3015,3015,True,e1c751ee9382d286,e1c751ee9382d286,True
PB,pb2,101,iteration_end,400,8,2999,2999,True,3145a858d37f0ba5,3145a858d37f0ba5,True
PB,pb2,101,iteration_end,400,9,2999,2999,True,3145a858d37f0ba5,3145a858d37f0ba5,True
PB,pb2,101,iteration_end,400,10,2925,2925,True,1d847a739849fe14,1d847a739849fe14,True
PB,pb2,101,iteration_end,400,11,2875,2875,True,a92d3f9fdafb60f6,a92d3f9fdafb60f6,True
PB,pb2,101,iteration_end,400,12,2861,2861,True,aa6abdf147c87483,aa6abdf147c87483,True
PB,pb2,101,iteration_end,400,13,2852,2852,True,7da011fb3b7ea583,7da011fb3b7ea583,True
PB,pb2,101,iteration_end,400,14,2763,2763,True,c463d76ca0ad5230,c463d76ca0ad5230,True
PB,pb2,101,iteration_end,400,15,2737,2737,True,bae4dd21d7ce7364,bae4dd21d7ce7364,True
PB,pb2,101,iteration_end,400,16,2728,2728,True,6a6a0fd5f8f6ef0f,6a6a0fd5f8f6ef0f,True
PB,pb2,101,iteration_end,400,17,2691,2691,True,26064f0af3d3c588,26064f0af3d3c588,True
PB,pb2,101,iteration_end,400,18,2620,2620,True,9b53201ffdaf429d,9b53201ffdaf429d,True
PB,pb2,101,iteration_end,400,19,2367,2367,True,bef129fe7dfaacb5,bef129fe7dfaacb5,True
PB,pb2,101,iteration_end,401,0,3153,3153,True,d07c37c13d922acb,d07c37c13d922acb,True
PB,pb2,101,iteration_end,401,1,3130,3130,True,50a9def2d25cbb2a,50a9def2d25cbb2a,True
PB,pb2,101,iteration_end,401,2,3077,3077,True,c68d0c072cbc18d7,c68d0c072cbc18d7,True
PB,pb2,101,iteration_end,401,3,3059,3059,True,9c264e42d7038b64,9c264e42d7038b64,True
PB,pb2,101,iteration_end,401,4,3014,3014,True,aa50e98e896b55ae,aa50e98e896b55ae,True
PB,pb2,101,iteration_end,401,5,2994,2994,True,7dc367b90ceec1fa,7dc367b90ceec1fa,True
PB,pb2,101,iteration_end,401,6,2991,2991,True,8997b49ef6b15f45,8997b49ef6b15f45,True
PB,pb2,101,iteration_end,401,7,2959,2959,True,9e9df4bab10b05bf,9e9df4bab10b05bf,True
PB,pb2,101,iteration_end,401,8,2926,2926,True,4df7c893449f9395,4df7c893449f9395,True
PB,pb2,101,iteration_end,401,9,2891,2891,True,0c15dd6ca0bde2bd,0c15dd6ca0bde2bd,True
PB,pb2,101,iteration_end,401,10,2848,2848,True,f75d8a9e4eb42cbc,f75d8a9e4eb42cbc,True
PB,pb2,101,iteration_end,401,11,2838,2838,True,e93757fcd4934348,e93757fcd4934348,True
PB,pb2,101,iteration_end,401,12,2833,2833,True,71ae17bcba331d44,71ae17bcba331d44,True
PB,pb2,101,iteration_end,401,13,2792,2792,True,5f0b6e6d2df71498,5f0b6e6d2df71498,True
PB,pb2,101,iteration_end,401,14,2789,2789,True,a2b3b7ac2bc294e4,a2b3b7ac2bc294e4,True
PB,pb2,101,iteration_end,401,15,2788,2788,True,140265258d5a41bb,140265258d5a41bb,True
PB,pb2,101,iteration_end,401,16,2788,2788,True,140265258d5a41bb,140265258d5a41bb,True
PB,pb2,101,iteration_end,401,17,2752,2752,True,38b8e4568d5ab11b,38b8e4568d5ab11b,True
PB,pb2,101,iteration_end,401,18,2734,2734,True,e43f88691977de35,e43f88691977de35,True
PB,pb2,101,iteration_end,401,19,2633,2633,True,d4861f0e02dff5b9,d4861f0e02dff5b9,True
PB,pb2,101,iteration_end,402,0,3159,3159,True,2e9d6505337c613d,2e9d6505337c613d,True
PB,pb2,101,iteration_end,402,1,3157,3157,True,d3a46b3d422b0bad,d3a46b3d422b0bad,True
PB,pb2,101,iteration_end,402,2,3080,3080,True,88bd74f9d2ec0235,88bd74f9d2ec0235,True
PB,pb2,101,iteration_end,402,3,3057,3057,True,2afd733b8a1e4b0e,2afd733b8a1e4b0e,True
PB,pb2,101,iteration_end,402,4,3033,3033,True,f8ced544c40e981c,f8ced544c40e981c,True
PB,pb2,101,iteration_end,402,5,2971,2971,True,1aa46493d949f3a1,1aa46493d949f3a1,True
PB,pb2,101,iteration_end,402,6,2920,2920,True,153693d5f15af47d,153693d5f15af47d,True
PB,pb2,101,iteration_end,402,7,2889,2889,True,5205306fe0d7562d,5205306fe0d7562d,True
PB,pb2,101,iteration_end,402,8,2879,2879,True,471da4ef3a1ac37b,471da4ef3a1ac37b,True
PB,pb2,101,iteration_end,402,9,2849,2849,True,5721183bccbb57ed,5721183bccbb57ed,True
PB,pb2,101,iteration_end,402,10,2788,2788,True,140265258d5a41bb,140265258d5a41bb,True
PB,pb2,101,iteration_end,402,11,2771,2771,True,e67886a4ff83fbdb,e67886a4ff83fbdb,True
PB,pb2,101,iteration_end,402,12,2770,2770,True,8e533d3c5ab9bed0,8e533d3c5ab9bed0,True
PB,pb2,101,iteration_end,402,13,2707,2707,True,ef5bc80b8120612a,ef5bc80b8120612a,True
PB,pb2,101,iteration_end,402,14,2699,2699,True,8dac9888059fa042,8dac9888059fa042,True
PB,pb2,101,iteration_end,402,15,2626,2626,True,e898941930bfd68f,e898941930bfd68f,True
PB,pb2,101,iteration_end,402,16,2586,2586,True,06637db53890a5bd,06637db53890a5bd,True
PB,pb2,101,iteration_end,402,17,2552,2552,True,badf6eeea2627d10,badf6eeea2627d10,True
PB,pb2,101,iteration_end,402,18,2537,2537,True,f5dae68a853e2955,f5dae68a853e2955,True
PB,pb2,101,iteration_end,402,19,2514,2514,True,e9ce3dab34e8cdc0,e9ce3dab34e8cdc0,True
PB,pb2,101,iteration_end,403,0,3080,3080,True,88bd74f9d2ec0235,88bd74f9d2ec0235,True
PB,pb2,101,iteration_end,403,1,3080,3080,True,88bd74f9d2ec0235,88bd74f9d2ec0235,True
PB,pb2,101,iteration_end,403,2,3058,3058,True,2da92c79493c5b78,2da92c79493c5b78,True
PB,pb2,101,iteration_end,403,3,3031,3031,True,d816c6257cd9848b,d816c6257cd9848b,True
PB,pb2,101,iteration_end,403,4,2961,2961,True,df939f4824b5c5dd,df939f4824b5c5dd,True
PB,pb2,101,iteration_end,403,5,2950,2950,True,66fea92c2b02ba9b,66fea92c2b02ba9b,True
PB,pb2,101,iteration_end,403,6,2927,2927,True,ffd0d1d007a6a704,ffd0d1d007a6a704,True
PB,pb2,101,iteration_end,403,7,2895,2895,True,963a91082018ffc9,963a91082018ffc9,True
PB,pb2,101,iteration_end,403,8,2833,2833,True,71ae17bcba331d44,71ae17bcba331d44,True
PB,pb2,101,iteration_end,403,9,2828,2828,True,324266c735e8c733,324266c735e8c733,True
PB,pb2,101,iteration_end,403,10,2816,2816,True,7075bd88c0022484,7075bd88c0022484,True
PB,pb2,101,iteration_end,403,11,2809,2809,True,13882737b940e059,13882737b940e059,True
PB,pb2,101,iteration_end,403,12,2799,2799,True,ca296dc9dc355f02,ca296dc9dc355f02,True
PB,pb2,101,iteration_end,403,13,2788,2788,True,140265258d5a41bb,140265258d5a41bb,True
PB,pb2,101,iteration_end,403,14,2788,2788,True,140265258d5a41bb,140265258d5a41bb,True
PB,pb2,101,iteration_end,403,15,2787,2787,True,6836945d4b7d6693,6836945d4b7d6693,True
PB,pb2,101,iteration_end,403,16,2704,2704,True,725a5db33914ae4b,725a5db33914ae4b,True
PB,pb2,101,iteration_end,403,17,2550,2550,True,c8826a7c322cd760,c8826a7c322cd760,True
PB,pb2,101,iteration_end,403,18,2432,2432,True,907286ba2bfa1972,907286ba2bfa1972,True
PB,pb2,101,iteration_end,403,19,2400,2400,True,5d05765d13fa26f7,5d05765d13fa26f7,True
PB,pb2,101,iteration_end,404,0,3157,3157,True,d3a46b3d422b0bad,d3a46b3d422b0bad,True
PB,pb2,101,iteration_end,404,1,3107,3107,True,4679d5fd3e0579eb,4679d5fd3e0579eb,True
PB,pb2,101,iteration_end,404,2,3080,3080,True,88bd74f9d2ec0235,88bd74f9d2ec0235,True
PB,pb2,101,iteration_end,404,3,3057,3057,True,2afd733b8a1e4b0e,2afd733b8a1e4b0e,True
PB,pb2,101,iteration_end,404,4,3045,3045,True,523e7a9481ea5f37,523e7a9481ea5f37,True
PB,pb2,101,iteration_end,404,5,3015,3015,True,eb0c5e80ad490933,eb0c5e80ad490933,True
PB,pb2,101,iteration_end,404,6,3010,3010,True,a80288d128f2c58e,a80288d128f2c58e,True
PB,pb2,101,iteration_end,404,7,2995,2995,True,46fb31500f4df466,46fb31500f4df466,True
PB,pb2,101,iteration_end,404,8,2894,2894,True,bf21c36fe5e705fa,bf21c36fe5e705fa,True
PB,pb2,101,iteration_end,404,9,2837,2837,True,6f4405e1e2bf4e97,6f4405e1e2bf4e97,True
PB,pb2,101,iteration_end,404,10,2833,2833,True,71ae17bcba331d44,71ae17bcba331d44,True
PB,pb2,101,iteration_end,404,11,2823,2823,True,70933ae77e00ca7a,70933ae77e00ca7a,True
PB,pb2,101,iteration_end,404,12,2771,2771,True,e67886a4ff83fbdb,e67886a4ff83fbdb,True
PB,pb2,101,iteration_end,404,13,2633,2633,True,d4861f0e02dff5b9,d4861f0e02dff5b9,True
PB,pb2,101,iteration_end,404,14,2541,2541,True,1ec29096af078baa,1ec29096af078baa,True
PB,pb2,101,iteration_end,404,15,2541,2541,True,1ec29096af078baa,1ec29096af078baa,True
PB,pb2,101,iteration_end,404,16,2528,2528,True,34d077e22b88aa84,34d077e22b88aa84,True
PB,pb2,101,iteration_end,404,17,2433,2433,True,399b41053ef911d0,399b41053ef911d0,True
PB,pb2,101,iteration_end,404,18,2424,2424,True,b2db794bce6b07d7,b2db794bce6b07d7,True
PB,pb2,101,iteration_end,404,19,2368,2368,True,6e6b10c97de73279,6e6b10c97de73279,True
PB,pb2,101,iteration_end,405,0,3080,3080,True,88bd74f9d2ec0235,88bd74f9d2ec0235,True
PB,pb2,101,iteration_end,405,1,3080,3080,True,88bd74f9d2ec0235,88bd74f9d2ec0235,True
PB,pb2,101,iteration_end,405,2,3057,3057,True,2afd733b8a1e4b0e,2afd733b8a1e4b0e,True
PB,pb2,101,iteration_end,405,3,3033,3033,True,f8ced544c40e981c,f8ced544c40e981c,True
PB,pb2,101,iteration_end,405,4,3031,3031,True,d816c6257cd9848b,d816c6257cd9848b,True
PB,pb2,101,iteration_end,405,5,3031,3031,True,d816c6257cd9848b,d816c6257cd9848b,True
PB,pb2,101,iteration_end,405,6,3031,3031,True,d816c6257cd9848b,d816c6257cd9848b,True
PB,pb2,101,iteration_end,405,7,2995,2995,True,c2b6734b327bdf21,c2b6734b327bdf21,True
PB,pb2,101,iteration_end,405,8,2899,2899,True,69efc5ac42f191d3,69efc5ac42f191d3,True
PB,pb2,101,iteration_end,405,9,2841,2841,True,a851dd11eaf7338a,a851dd11eaf7338a,True
PB,pb2,101,iteration_end,405,10,2837,2837,True,6f4405e1e2bf4e97,6f4405e1e2bf4e97,True
PB,pb2,101,iteration_end,405,11,2788,2788,True,140265258d5a41bb,140265258d5a41bb,True
PB,pb2,101,iteration_end,405,12,2746,2746,True,576d2dac84fd969a,576d2dac84fd969a,True
PB,pb2,101,iteration_end,405,13,2632,2632,True,5f4c71c36605fcd6,5f4c71c36605fcd6,True
PB,pb2,101,iteration_end,405,14,2572,2572,True,088771ace2d7d33a,088771ace2d7d33a,True
PB,pb2,101,iteration_end,405,15,2482,2482,True,c95991fb996ee06c,c95991fb996ee06c,True
PB,pb2,101,iteration_end,405,16,2479,2479,True,3a62cf9e1ec14290,3a62cf9e1ec14290,True
PB,pb2,101,iteration_end,405,17,2469,2469,True,58e19fddcae06b78,58e19fddcae06b78,True
PB,pb2,101,iteration_end,405,18,2433,2433,True,399b41053ef911d0,399b41053ef911d0,True
PB,pb2,101,iteration_end,405,19,2430,2430,True,891028bc2c873a9b,891028bc2c873a9b,True
PB,pb2,101,iteration_end,406,0,3123,3123,True,6eb868fb58121d64,6eb868fb58121d64,True
PB,pb2,101,iteration_end,406,1,3118,3118,True,44b86cdcf938c4b1,44b86cdcf938c4b1,True
PB,pb2,101,iteration_end,406,2,3080,3080,True,88bd74f9d2ec0235,88bd74f9d2ec0235,True
PB,pb2,101,iteration_end,406,3,3074,3074,True,c605393d78147a1f,c605393d78147a1f,True
PB,pb2,101,iteration_end,406,4,3014,3014,True,cef7a323faa9e17a,cef7a323faa9e17a,True
PB,pb2,101,iteration_end,406,5,2952,2952,True,7c16d48404fb9a07,7c16d48404fb9a07,True
PB,pb2,101,iteration_end,406,6,2918,2918,True,640a16e759dad07c,640a16e759dad07c,True
PB,pb2,101,iteration_end,406,7,2884,2884,True,826ef8e59b791baf,826ef8e59b791baf,True
PB,pb2,101,iteration_end,406,8,2836,2836,True,ff7190bd6331c4fb,ff7190bd6331c4fb,True
PB,pb2,101,iteration_end,406,9,2788,2788,True,140265258d5a41bb,140265258d5a41bb,True
PB,pb2,101,iteration_end,406,10,2788,2788,True,140265258d5a41bb,140265258d5a41bb,True
PB,pb2,101,iteration_end,406,11,2788,2788,True,140265258d5a41bb,140265258d5a41bb,True
PB,pb2,101,iteration_end,406,12,2705,2705,True,8c108318c54c8d84,8c108318c54c8d84,True
PB,pb2,101,iteration_end,406,13,2698,2698,True,40d91b98a3795d0a,40d91b98a3795d0a,True
PB,pb2,101,iteration_end,406,14,2682,2682,True,53b3809018f26d2c,53b3809018f26d2c,True
PB,pb2,101,iteration_end,406,15,2675,2675,True,ad2baf90c4389475,ad2baf90c4389475,True
PB,pb2,101,iteration_end,406,16,2656,2656,True,1fbbe0d77553da81,1fbbe0d77553da81,True
PB,pb2,101,iteration_end,406,17,2626,2626,True,e898941930bfd68f,e898941930bfd68f,True
PB,pb2,101,iteration_end,406,18,2616,2616,True,2eb0c78cb9245c66,2eb0c78cb9245c66,True
PB,pb2,101,iteration_end,406,19,2612,2612,True,46014bb4dbf0e2bf,46014bb4dbf0e2bf,True
PB,pb2,101,iteration_end,407,0,3144,3144,True,4b3d93cf0491a310,4b3d93cf0491a310,True
PB,pb2,101,iteration_end,407,1,3080,3080,True,88bd74f9d2ec0235,88bd74f9d2ec0235,True
PB,pb2,101,iteration_end,407,2,3057,3057,True,2afd733b8a1e4b0e,2afd733b8a1e4b0e,True
PB,pb2,101,iteration_end,407,3,3033,3033,True,f8ced544c40e981c,f8ced544c40e981c,True
PB,pb2,101,iteration_end,407,4,3017,3017,True,c51279d19f8e4416,c51279d19f8e4416,True
PB,pb2,101,iteration_end,407,5,2984,2984,True,485b14da0c51f9b6,485b14da0c51f9b6,True
PB,pb2,101,iteration_end,407,6,2945,2945,True,b093a43563503b07,b093a43563503b07,True
PB,pb2,101,iteration_end,407,7,2884,2884,True,794820d0ece6a09a,794820d0ece6a09a,True
PB,pb2,101,iteration_end,407,8,2833,2833,True,71ae17bcba331d44,71ae17bcba331d44,True
PB,pb2,101,iteration_end,407,9,2826,2826,True,95aba3252cea2732,95aba3252cea2732,True
PB,pb2,101,iteration_end,407,10,2788,2788,True,140265258d5a41bb,140265258d5a41bb,True
PB,pb2,101,iteration_end,407,11,2788,2788,True,140265258d5a41bb,140265258d5a41bb,True
PB,pb2,101,iteration_end,407,12,2784,2784,True,aa3095604103b528,aa3095604103b528,True
PB,pb2,101,iteration_end,407,13,2675,2675,True,ad2baf90c4389475,ad2baf90c4389475,True
PB,pb2,101,iteration_end,407,14,2675,2675,True,ad2baf90c4389475,ad2baf90c4389475,True
PB,pb2,101,iteration_end,407,15,2633,2633,True,d4861f0e02dff5b9,d4861f0e02dff5b9,True
PB,pb2,101,iteration_end,407,16,2629,2629,True,c559798b3a077559,c559798b3a077559,True
PB,pb2,101,iteration_end,407,17,2586,2586,True,4b4391034a2554d6,4b4391034a2554d6,True
PB,pb2,101,iteration_end,407,18,2435,2435,True,3610bbef934b9af6,3610bbef934b9af6,True
PB,pb2,101,iteration_end,407,19,2323,2323,True,5ac9563338fc7ecf,5ac9563338fc7ecf,True
PB,pb2,101,iteration_end,408,0,3148,3148,True,eb2c184c11763655,eb2c184c11763655,True
PB,pb2,101,iteration_end,408,1,3080,3080,True,88bd74f9d2ec0235,88bd74f9d2ec0235,True
PB,pb2,101,iteration_end,408,2,3057,3057,True,2afd733b8a1e4b0e,2afd733b8a1e4b0e,True
PB,pb2,101,iteration_end,408,3,3033,3033,True,7186fd7732205cd2,7186fd7732205cd2,True
PB,pb2,101,iteration_end,408,4,3033,3033,True,f8ced544c40e981c,f8ced544c40e981c,True
PB,pb2,101,iteration_end,408,5,3031,3031,True,d816c6257cd9848b,d816c6257cd9848b,True
PB,pb2,101,iteration_end,408,6,3013,3013,True,58a642efb135159d,58a642efb135159d,True
PB,pb2,101,iteration_end,408,7,2996,2996,True,ffb6426aeb36bd8e,ffb6426aeb36bd8e,True
PB,pb2,101,iteration_end,408,8,2877,2877,True,2522f048bbc87cad,2522f048bbc87cad,True
PB,pb2,101,iteration_end,408,9,2860,2860,True,0b377ae831c3562c,0b377ae831c3562c,True
PB,pb2,101,iteration_end,408,10,2835,2835,True,f191987d2d1de62f,f191987d2d1de62f,True
PB,pb2,101,iteration_end,408,11,2833,2833,True,71ae17bcba331d44,71ae17bcba331d44,True
PB,pb2,101,iteration_end,408,12,2788,2788,True,140265258d5a41bb,140265258d5a41bb,True
PB,pb2,101,iteration_end,408,13,2788,2788,True,140265258d5a41bb,140265258d5a41bb,True
PB,pb2,101,iteration_end,408,14,2675,2675,True,ad2baf90c4389475,ad2baf90c4389475,True
PB,pb2,101,iteration_end,408,15,2633,2633,True,d4861f0e02dff5b9,d4861f0e02dff5b9,True
PB,pb2,101,iteration_end,408,16,2621,2621,True,a5cc0f251e09fb5d,a5cc0f251e09fb5d,True
PB,pb2,101,iteration_end,408,17,2525,2525,True,a048c3f6db819571,a048c3f6db819571,True
PB,pb2,101,iteration_end,408,18,2433,2433,True,399b41053ef911d0,399b41053ef911d0,True
PB,pb2,101,iteration_end,408,19,2430,2430,True,891028bc2c873a9b,891028bc2c873a9b,True
PB,pb2,101,iteration_end,409,0,3148,3148,True,eb2c184c11763655,eb2c184c11763655,True
PB,pb2,101,iteration_end,409,1,3123,3123,True,6eb868fb58121d64,6eb868fb58121d64,True
PB,pb2,101,iteration_end,409,2,3057,3057,True,2afd733b8a1e4b0e,2afd733b8a1e4b0e,True
PB,pb2,101,iteration_end,409,3,3010,3010,True,a80288d128f2c58e,a80288d128f2c58e,True
PB,pb2,101,iteration_end,409,4,2978,2978,True,d761c9f5c0dcdb66,d761c9f5c0dcdb66,True
PB,pb2,101,iteration_end,409,5,2941,2941,True,7f6ff18ed8aa9845,7f6ff18ed8aa9845,True
PB,pb2,101,iteration_end,409,6,2913,2913,True,b40bc29f66b36b59,b40bc29f66b36b59,True
PB,pb2,101,iteration_end,409,7,2884,2884,True,826ef8e59b791baf,826ef8e59b791baf,True
PB,pb2,101,iteration_end,409,8,2884,2884,True,826ef8e59b791baf,826ef8e59b791baf,True
PB,pb2,101,iteration_end,409,9,2833,2833,True,71ae17bcba331d44,71ae17bcba331d44,True
PB,pb2,101,iteration_end,409,10,2795,2795,True,854d87c2d0c1678e,854d87c2d0c1678e,True
PB,pb2,101,iteration_end,409,11,2788,2788,True,140265258d5a41bb,140265258d5a41bb,True
PB,pb2,101,iteration_end,409,12,2784,2784,True,aa3095604103b528,aa3095604103b528,True
PB,pb2,101,iteration_end,409,13,2753,2753,True,7479edd1b8ce5670,7479edd1b8ce5670,True
PB,pb2,101,iteration_end,409,14,2724,2724,True,4d2e375c5834b546,4d2e375c5834b546,True
PB,pb2,101,iteration_end,409,15,2633,2633,True,d4861f0e02dff5b9,d4861f0e02dff5b9,True
PB,pb2,101,iteration_end,409,16,2537,2537,True,f5dae68a853e2955,f5dae68a853e2955,True
PB,pb2,101,iteration_end,409,17,2537,2537,True,f5dae68a853e2955,f5dae68a853e2955,True
PB,pb2,101,iteration_end,409,18,2433,2433,True,399b41053ef911d0,399b41053ef911d0,True
PB,pb2,101,iteration_end,409,19,2355,2355,True,a52fc34e92655518,a52fc34e92655518,True
PB,pb2,101,iteration_end,410,0,3057,3057,True,2afd733b8a1e4b0e,2afd733b8a1e4b0e,True
PB,pb2,101,iteration_end,410,1,3033,3033,True,f8ced544c40e981c,f8ced544c40e981c,True
PB,pb2,101,iteration_end,410,2,3031,3031,True,d816c6257cd9848b,d816c6257cd9848b,True
PB,pb2,101,iteration_end,410,3,3010,3010,True,a80288d128f2c58e,a80288d128f2c58e,True
PB,pb2,101,iteration_end,410,4,2984,2984,True,485b14da0c51f9b6,485b14da0c51f9b6,True
PB,pb2,101,iteration_end,410,5,2903,2903,True,1739e5f79219da4f,1739e5f79219da4f,True
PB,pb2,101,iteration_end,410,6,2902,2902,True,58077d957639744b,58077d957639744b,True
PB,pb2,101,iteration_end,410,7,2884,2884,True,826ef8e59b791baf,826ef8e59b791baf,True
PB,pb2,101,iteration_end,410,8,2875,2875,True,a92d3f9fdafb60f6,a92d3f9fdafb60f6,True
PB,pb2,101,iteration_end,410,9,2854,2854,True,b1ae2b677ad63f3d,b1ae2b677ad63f3d,True
PB,pb2,101,iteration_end,410,10,2854,2854,True,b1ae2b677ad63f3d,b1ae2b677ad63f3d,True
PB,pb2,101,iteration_end,410,11,2835,2835,True,f191987d2d1de62f,f191987d2d1de62f,True
PB,pb2,101,iteration_end,410,12,2833,2833,True,71ae17bcba331d44,71ae17bcba331d44,True
PB,pb2,101,iteration_end,410,13,2675,2675,True,ad2baf90c4389475,ad2baf90c4389475,True
PB,pb2,101,iteration_end,410,14,2589,2589,True,12e547992413a1ab,12e547992413a1ab,True
PB,pb2,101,iteration_end,410,15,2584,2584,True,9de17096df7010dd,9de17096df7010dd,True
PB,pb2,101,iteration_end,410,16,2559,2559,True,be08358964155f1b,be08358964155f1b,True
PB,pb2,101,iteration_end,410,17,2545,2545,True,165a34f80f7ef1ba,165a34f80f7ef1ba,True
PB,pb2,101,iteration_end,410,18,2456,2456,True,888adb673edf70c9,888adb673edf70c9,True
PB,pb2,101,iteration_end,410,19,2295,2295,True,657ae39c0dc077d4,657ae39c0dc077d4,True
PB,pb2,101,iteration_end,411,0,3109,3109,True,4f40782c905b483f,4f40782c905b483f,True
PB,pb2,101,iteration_end,411,1,3080,3080,True,88bd74f9d2ec0235,88bd74f9d2ec0235,True
PB,pb2,101,iteration_end,411,2,3057,3057,True,2afd733b8a1e4b0e,2afd733b8a1e4b0e,True
PB,pb2,101,iteration_end,411,3,3025,3025,True,07d4d6c012b39aa1,07d4d6c012b39aa1,True
PB,pb2,101,iteration_end,411,4,3008,3008,True,5926734030b970ed,5926734030b970ed,True
PB,pb2,101,iteration_end,411,5,2976,2976,True,69f31130ba9129c2,69f31130ba9129c2,True
PB,pb2,101,iteration_end,411,6,2967,2967,True,5bed47c848d622b3,5bed47c848d622b3,True
PB,pb2,101,iteration_end,411,7,2961,2961,True,df939f4824b5c5dd,df939f4824b5c5dd,True
PB,pb2,101,iteration_end,411,8,2925,2925,True,1d847a739849fe14,1d847a739849fe14,True
PB,pb2,101,iteration_end,411,9,2925,2925,True,1d847a739849fe14,1d847a739849fe14,True
PB,pb2,101,iteration_end,411,10,2918,2918,True,640a16e759dad07c,640a16e759dad07c,True
PB,pb2,101,iteration_end,411,11,2901,2901,True,0b591e52376e85f8,0b591e52376e85f8,True
PB,pb2,101,iteration_end,411,12,2833,2833,True,71ae17bcba331d44,71ae17bcba331d44,True
PB,pb2,101,iteration_end,411,13,2788,2788,True,140265258d5a41bb,140265258d5a41bb,True
PB,pb2,101,iteration_end,411,14,2788,2788,True,140265258d5a41bb,140265258d5a41bb,True
PB,pb2,101,iteration_end,411,15,2738,2738,True,96f26c909bf341f9,96f26c909bf341f9,True
PB,pb2,101,iteration_end,411,16,2737,2737,True,e57647eea4f7fdd5,e57647eea4f7fdd5,True
PB,pb2,101,iteration_end,411,17,2679,2679,True,3d5f7c7b5a791d77,3d5f7c7b5a791d77,True
PB,pb2,101,iteration_end,411,18,2479,2479,True,3a62cf9e1ec14290,3a62cf9e1ec14290,True
PB,pb2,101,iteration_end,411,19,2280,2280,True,592cd635ed1c3f5e,592cd635ed1c3f5e,True
PB,pb2,101,iteration_end,412,0,3157,3157,True,d3a46b3d422b0bad,d3a46b3d422b0bad,True
PB,pb2,101,iteration_end,412,1,3123,3123,True,5cb119e43c752e0c,5cb119e43c752e0c,True
PB,pb2,101,iteration_end,412,2,3096,3096,True,7236d1a8cfa44484,7236d1a8cfa44484,True
PB,pb2,101,iteration_end,412,3,3057,3057,True,2afd733b8a1e4b0e,2afd733b8a1e4b0e,True
PB,pb2,101,iteration_end,412,4,3057,3057,True,2afd733b8a1e4b0e,2afd733b8a1e4b0e,True
PB,pb2,101,iteration_end,412,5,3031,3031,True,d816c6257cd9848b,d816c6257cd9848b,True
PB,pb2,101,iteration_end,412,6,2993,2993,True,958c2fae77e4a1a7,958c2fae77e4a1a7,True
PB,pb2,101,iteration_end,412,7,2981,2981,True,d0d6c91edd6fa09c,d0d6c91edd6fa09c,True
PB,pb2,101,iteration_end,412,8,2956,2956,True,abd3b9b9798a2ced,abd3b9b9798a2ced,True
PB,pb2,101,iteration_end,412,9,2899,2899,True,69efc5ac42f191d3,69efc5ac42f191d3,True
PB,pb2,101,iteration_end,412,10,2873,2873,True,0a7e269955c87e45,0a7e269955c87e45,True
PB,pb2,101,iteration_end,412,11,2835,2835,True,f191987d2d1de62f,f191987d2d1de62f,True
PB,pb2,101,iteration_end,412,12,2833,2833,True,71ae17bcba331d44,71ae17bcba331d44,True
PB,pb2,101,iteration_end,412,13,2788,2788,True,140265258d5a41bb,140265258d5a41bb,True
PB,pb2,101,iteration_end,412,14,2742,2742,True,b09feff0c61b8ea7,b09feff0c61b8ea7,True
PB,pb2,101,iteration_end,412,15,2680,2680,True,e4600a5bae90239c,e4600a5bae90239c,True
PB,pb2,101,iteration_end,412,16,2679,2679,True,3d5f7c7b5a791d77,3d5f7c7b5a791d77,True
PB,pb2,101,iteration_end,412,17,2657,2657,True,108f821f38abadd1,108f821f38abadd1,True
PB,pb2,101,iteration_end,412,18,2594,2594,True,e08c01680163c6b8,e08c01680163c6b8,True
PB,pb2,101,iteration_end,412,19,2396,2396,True,1e65a8e58bfff0a7,1e65a8e58bfff0a7,True
PB,pb2,101,iteration_end,413,0,3170,3170,True,2bb12059a6019f62,2bb12059a6019f62,True
PB,pb2,101,iteration_end,413,1,3153,3153,True,d07c37c13d922acb,d07c37c13d922acb,True
PB,pb2,101,iteration_end,413,2,3148,3148,True,b7809124c7d26d9d,b7809124c7d26d9d,True
PB,pb2,101,iteration_end,413,3,3099,3099,True,796b5be98fe3f770,796b5be98fe3f770,True
PB,pb2,101,iteration_end,413,4,3080,3080,True,88bd74f9d2ec0235,88bd74f9d2ec0235,True
PB,pb2,101,iteration_end,413,5,3057,3057,True,2afd733b8a1e4b0e,2afd733b8a1e4b0e,True
PB,pb2,101,iteration_end,413,6,3057,3057,True,2afd733b8a1e4b0e,2afd733b8a1e4b0e,True
PB,pb2,101,iteration_end,413,7,3040,3040,True,451eb0975400e0f5,451eb0975400e0f5,True
PB,pb2,101,iteration_end,413,8,3031,3031,True,d816c6257cd9848b,d816c6257cd9848b,True
PB,pb2,101,iteration_end,413,9,2996,2996,True,0547849bda8c0240,0547849bda8c0240,True
PB,pb2,101,iteration_end,413,10,2970,2970,True,8b227952ea282a8c,8b227952ea282a8c,True
PB,pb2,101,iteration_end,413,11,2925,2925,True,1d847a739849fe14,1d847a739849fe14,True
PB,pb2,101,iteration_end,413,12,2921,2921,True,9c042e065af55943,9c042e065af55943,True
PB,pb2,101,iteration_end,413,13,2788,2788,True,140265258d5a41bb,140265258d5a41bb,True
PB,pb2,101,iteration_end,413,14,2788,2788,True,140265258d5a41bb,140265258d5a41bb,True
PB,pb2,101,iteration_end,413,15,2746,2746,True,30a634922142441b,30a634922142441b,True
PB,pb2,101,iteration_end,413,16,2746,2746,True,d06bccd0bc0b1f84,d06bccd0bc0b1f84,True
PB,pb2,101,iteration_end,413,17,2584,2584,True,9de17096df7010dd,9de17096df7010dd,True
PB,pb2,101,iteration_end,413,18,2584,2584,True,9de17096df7010dd,9de17096df7010dd,True
PB,pb2,101,iteration_end,413,19,2480,2480,True,832ef6b1bc95e94c,832ef6b1bc95e94c,True
PB,pb2,101,iteration_end,414,0,3170,3170,True,2bb12059a6019f62,2bb12059a6019f62,True
PB,pb2,101,iteration_end,414,1,3170,3170,True,2bb12059a6019f62,2bb12059a6019f62,True
PB,pb2,101,iteration_end,414,2,3116,3116,True,ad179a61a1d98a01,ad179a61a1d98a01,True
PB,pb2,101,iteration_end,414,3,3105,3105,True,9ac1fb9e4ce360e9,9ac1fb9e4ce360e9,True
PB,pb2,101,iteration_end,414,4,3080,3080,True,88bd74f9d2ec0235,88bd74f9d2ec0235,True
PB,pb2,101,iteration_end,414,5,3057,3057,True,2afd733b8a1e4b0e,2afd733b8a1e4b0e,True
PB,pb2,101,iteration_end,414,6,3033,3033,True,f8ced544c40e981c,f8ced544c40e981c,True
PB,pb2,101,iteration_end,414,7,3031,3031,True,d816c6257cd9848b,d816c6257cd9848b,True
PB,pb2,101,iteration_end,414,8,3008,3008,True,5926734030b970ed,5926734030b970ed,True
PB,pb2,101,iteration_end,414,9,2929,2929,True,d5e903ac06177992,d5e903ac06177992,True
PB,pb2,101,iteration_end,414,10,2907,2907,True,be7d82af95792675,be7d82af95792675,True
PB,pb2,101,iteration_end,414,11,2886,2886,True,0d0fd82221575b49,0d0fd82221575b49,True
PB,pb2,101,iteration_end,414,12,2835,2835,True,f191987d2d1de62f,f191987d2d1de62f,True
PB,pb2,101,iteration_end,414,13,2833,2833,True,71ae17bcba331d44,71ae17bcba331d44,True
PB,pb2,101,iteration_end,414,14,2761,2761,True,771b0c93aee09317,771b0c93aee09317,True
PB,pb2,101,iteration_end,414,15,2752,2752,True,cb42cfcfacad45eb,cb42cfcfacad45eb,True
PB,pb2,101,iteration_end,414,16,2738,2738,True,320df75b254c24d4,320df75b254c24d4,True
PB,pb2,101,iteration_end,414,17,2679,2679,True,3d5f7c7b5a791d77,3d5f7c7b5a791d77,True
PB,pb2,101,iteration_end,414,18,2537,2537,True,f5dae68a853e2955,f5dae68a853e2955,True
PB,pb2,101,iteration_end,414,19,2369,2369,True,95093ec500b05933,95093ec500b05933,True
PB,pb2,101,iteration_end,415,0,3186,3186,True,70caf96bbae7bee9,70caf96bbae7bee9,True
PB,pb2,101,iteration_end,415,1,3089,3089,True,c5a86967061374a5,c5a86967061374a5,True
PB,pb2,101,iteration_end,415,2,3073,3073,True,afe6457ed38fc41e,afe6457ed38fc41e,True
PB,pb2,101,iteration_end,415,3,3057,3057,True,2afd733b8a1e4b0e,2afd733b8a1e4b0e,True
PB,pb2,101,iteration_end,415,4,2985,2985,True,4c73bc9fafb6de85,4c73bc9fafb6de85,True
PB,pb2,101,iteration_end,415,5,2984,2984,True,485b14da0c51f9b6,485b14da0c51f9b6,True
PB,pb2,101,iteration_end,415,6,2967,2967,True,5bed47c848d622b3,5bed47c848d622b3,True
PB,pb2,101,iteration_end,415,7,2963,2963,True,146d0d271b341f2c,146d0d271b341f2c,True
PB,pb2,101,iteration_end,415,8,2948,2948,True,0ea6e156b9c8013e,0ea6e156b9c8013e,True
PB,pb2,101,iteration_end,415,9,2934,2934,True,85d065b62d57f532,85d065b62d57f532,True
PB,pb2,101,iteration_end,415,10,2919,2919,True,219903e500e5eedc,219903e500e5eedc,True
PB,pb2,101,iteration_end,415,11,2884,2884,True,826ef8e59b791baf,826ef8e59b791baf,True
PB,pb2,101,iteration_end,415,12,2884,2884,True,826ef8e59b791baf,826ef8e59b791baf,True
PB,pb2,101,iteration_end,415,13,2875,2875,True,a92d3f9fdafb60f6,a92d3f9fdafb60f6,True
PB,pb2,101,iteration_end,415,14,2736,2736,True,8910ca536b51da1c,8910ca536b51da1c,True
PB,pb2,101,iteration_end,415,15,2718,2718,True,fec5f6ba7c75a44d,fec5f6ba7c75a44d,True
PB,pb2,101,iteration_end,415,16,2679,2679,True,3d5f7c7b5a791d77,3d5f7c7b5a791d77,True
PB,pb2,101,iteration_end,415,17,2668,2668,True,046ae74c63e62cb6,046ae74c63e62cb6,True
PB,pb2,101,iteration_end,415,18,2537,2537,True,f5dae68a853e2955,f5dae68a853e2955,True
PB,pb2,101,iteration_end,415,19,2197,2197,True,b3efc1b69607023e,b3efc1b69607023e,True
