dataset,problem_id,seed,phase,iteration,rank,old_fit,new_fit,fit_match,old_solution_digest,new_solution_digest,solution_match
SENT,sent01,101,initial_unsorted,-1,0,3349,3349,True,68820b0c0958c9c5,68820b0c0958c9c5,True
SENT,sent01,101,initial_unsorted,-1,1,4425,4425,True,45bab44d722350a0,45bab44d722350a0,True
SENT,sent01,101,initial_unsorted,-1,2,6042,6042,True,f8ce17a9479e15a1,f8ce17a9479e15a1,True
SENT,sent01,101,initial_unsorted,-1,3,4930,4930,True,66d119b2206638fa,66d119b2206638fa,True
SENT,sent01,101,initial_unsorted,-1,4,5203,5203,True,3e31ed7c73d02f90,3e31ed7c73d02f90,True
SENT,sent01,101,initial_unsorted,-1,5,3543,3543,True,f4c614d0378e64dc,f4c614d0378e64dc,True
SENT,sent01,101,initial_unsorted,-1,6,3161,3161,True,dbad2bd4036355b6,dbad2bd4036355b6,True
SENT,sent01,101,initial_unsorted,-1,7,4914,4914,True,ddb83ae09ebe8546,ddb83ae09ebe8546,True
SENT,sent01,101,initial_unsorted,-1,8,5379,5379,True,7bd09052bac15647,7bd09052bac15647,True
SENT,sent01,101,initial_unsorted,-1,9,6010,6010,True,725bccbd453f1fcb,725bccbd453f1fcb,True
SENT,sent01,101,initial_unsorted,-1,10,3638,3638,True,793a00e69b84e8cf,793a00e69b84e8cf,True
SENT,sent01,101,initial_unsorted,-1,11,4677,4677,True,b6562577f890b189,b6562577f890b189,True
SENT,sent01,101,initial_unsorted,-1,12,2366,2366,True,763ba0c934ae724d,763ba0c934ae724d,True
SENT,sent01,101,initial_unsorted,-1,13,4569,4569,True,eb89ced236055ace,eb89ced236055ace,True
SENT,sent01,101,initial_unsorted,-1,14,3006,3006,True,5a7f457c41735c43,5a7f457c41735c43,True
SENT,sent01,101,initial_unsorted,-1,15,5029,5029,True,4419cf237012006e,4419cf237012006e,True
SENT,sent01,101,initial_unsorted,-1,16,5334,5334,True,13512d222530952b,13512d222530952b,True
SENT,sent01,101,initial_unsorted,-1,17,3900,3900,True,5270243a28d2d81a,5270243a28d2d81a,True
SENT,sent01,101,initial_unsorted,-1,18,3476,3476,True,7e92b81632541124,7e92b81632541124,True
SENT,sent01,101,initial_unsorted,-1,19,4554,4554,True,ac42a68e7b591654,ac42a68e7b591654,True
SENT,sent01,101,initial_sorted,-1,0,6042,6042,True,f8ce17a9479e15a1,f8ce17a9479e15a1,True
SENT,sent01,101,initial_sorted,-1,1,6010,6010,True,725bccbd453f1fcb,725bccbd453f1fcb,True
SENT,sent01,101,initial_sorted,-1,2,5379,5379,True,7bd09052bac15647,7bd09052bac15647,True
SENT,sent01,101,initial_sorted,-1,3,5334,5334,True,13512d222530952b,13512d222530952b,True
SENT,sent01,101,initial_sorted,-1,4,5203,5203,True,3e31ed7c73d02f90,3e31ed7c73d02f90,True
SENT,sent01,101,initial_sorted,-1,5,5029,5029,True,4419cf237012006e,4419cf237012006e,True
SENT,sent01,101,initial_sorted,-1,6,4930,4930,True,66d119b2206638fa,66d119b2206638fa,True
SENT,sent01,101,initial_sorted,-1,7,4914,4914,True,ddb83ae09ebe8546,ddb83ae09ebe8546,True
SENT,sent01,101,initial_sorted,-1,8,4677,4677,True,b6562577f890b189,b6562577f890b189,True
SENT,sent01,101,initial_sorted,-1,9,4569,4569,True,eb89ced236055ace,eb89ced236055ace,True
SENT,sent01,101,initial_sorted,-1,10,4554,4554,True,ac42a68e7b591654,ac42a68e7b591654,True
SENT,sent01,101,initial_sorted,-1,11,4425,4425,True,45bab44d722350a0,45bab44d722350a0,True
SENT,sent01,101,initial_sorted,-1,12,3900,3900,True,5270243a28d2d81a,5270243a28d2d81a,True
SENT,sent01,101,initial_sorted,-1,13,3638,3638,True,793a00e69b84e8cf,793a00e69b84e8cf,True
SENT,sent01,101,initial_sorted,-1,14,3543,3543,True,f4c614d0378e64dc,f4c614d0378e64dc,True
SENT,sent01,101,initial_sorted,-1,15,3476,3476,True,7e92b81632541124,7e92b81632541124,True
SENT,sent01,101,initial_sorted,-1,16,3349,3349,True,68820b0c0958c9c5,68820b0c0958c9c5,True
SENT,sent01,101,initial_sorted,-1,17,3161,3161,True,dbad2bd4036355b6,dbad2bd4036355b6,True
SENT,sent01,101,initial_sorted,-1,18,3006,3006,True,5a7f457c41735c43,5a7f457c41735c43,True
SENT,sent01,101,initial_sorted,-1,19,2366,2366,True,763ba0c934ae724d,763ba0c934ae724d,True
SENT,sent01,101,iteration_end,0,0,7758,7758,True,657bdc4e5fcfacb1,657bdc4e5fcfacb1,True
SENT,sent01,101,iteration_end,0,1,7734,7734,True,5f7b3433a54b08dc,5f7b3433a54b08dc,True
SENT,sent01,101,iteration_end,0,2,7662,7662,True,3cf565e42d9eaced,3cf565e42d9eaced,True
SENT,sent01,101,iteration_end,0,3,7261,7261,True,2f2b005af02834dc,2f2b005af02834dc,True
SENT,sent01,101,iteration_end,0,4,7237,7237,True,632404ca4a1f1db9,632404ca4a1f1db9,True
SENT,sent01,101,iteration_end,0,5,7222,7222,True,9b724b4a4308ad8e,9b724b4a4308ad8e,True
SENT,sent01,101,iteration_end,0,6,7204,7204,True,40082661cbb49ddd,40082661cbb49ddd,True
SENT,sent01,101,iteration_end,0,7,7151,7151,True,72e817206e1e44d3,72e817206e1e44d3,True
SENT,sent01,101,iteration_end,0,8,7095,7095,True,513fe7187befd540,513fe7187befd540,True
SENT,sent01,101,iteration_end,0,9,7080,7080,True,d5a2f725700027e2,d5a2f725700027e2,True
SENT,sent01,101,iteration_end,0,10,7070,7070,True,d1b5049fd0de08f2,d1b5049fd0de08f2,True
SENT,sent01,101,iteration_end,0,11,6972,6972,True,619512271ee8dde8,619512271ee8dde8,True
SENT,sent01,101,iteration_end,0,12,6946,6946,True,11d4fc5f30c99958,11d4fc5f30c99958,True
SENT,sent01,101,iteration_end,0,13,6919,6919,True,419771c55bc9d9d0,419771c55bc9d9d0,True
SENT,sent01,101,iteration_end,0,14,6902,6902,True,23091b226b5ad3a7,23091b226b5ad3a7,True
SENT,sent01,101,iteration_end,0,15,6747,6747,True,92dbc125342a82b4,92dbc125342a82b4,True
SENT,sent01,101,iteration_end,0,16,6505,6505,True,e80e6f5ca64abbff,e80e6f5ca64abbff,True
SENT,sent01,101,iteration_end,0,17,6188,6188,True,b2ccbf79d99590fb,b2ccbf79d99590fb,True
SENT,sent01,101,iteration_end,0,18,6011,6011,True,cbe2cb9217b888eb,cbe2cb9217b888eb,True
SENT,sent01,101,iteration_end,0,19,4921,4921,True,822c7f1de46373e1,822c7f1de46373e1,True
SENT,sent01,101,iteration_end,1,0,7758,7758,True,657bdc4e5fcfacb1,657bdc4e5fcfacb1,True
SENT,sent01,101,iteration_end,1,1,7739,7739,True,2af1ef47f5218f7f,2af1ef47f5218f7f,True
SENT,sent01,101,iteration_end,1,2,7706,7706,True,144cdd8ec39b4885,144cdd8ec39b4885,True
SENT,sent01,101,iteration_end,1,3,7688,7688,True,c9bcf314e3d0ed19,c9bcf314e3d0ed19,True
SENT,sent01,101,iteration_end,1,4,7658,7658,True,01326343fa0d7965,01326343fa0d7965,True
SENT,sent01,101,iteration_end,1,5,7658,7658,True,01326343fa0d7965,01326343fa0d7965,True
SENT,sent01,101,iteration_end,1,6,7606,7606,True,f215bc66481bac25,f215bc66481bac25,True
SENT,sent01,101,iteration_end,1,7,7604,7604,True,59143188b0b1f208,59143188b0b1f208,True
SENT,sent01,101,iteration_end,1,8,7604,7604,True,59143188b0b1f208,59143188b0b1f208,True
SENT,sent01,101,iteration_end,1,9,7601,7601,True,941a68a46afe5d46,941a68a46afe5d46,True
SENT,sent01,101,iteration_end,1,10,7593,7593,True,e7ce64924df96feb,e7ce64924df96feb,True
SENT,sent01,101,iteration_end,1,11,7586,7586,True,dbf2221a74f958e5,dbf2221a74f958e5,True
SENT,sent01,101,iteration_end,1,12,7581,7581,True,bffad4f6092c34b1,bffad4f6092c34b1,True
SENT,sent01,101,iteration_end,1,13,7486,7486,True,253d304e8fff42d4,253d304e8fff42d4,True
SENT,sent01,101,iteration_end,1,14,7370,7370,True,d7b429b64be11938,d7b429b64be11938,True
SENT,sent01,101,iteration_end,1,15,6732,6732,True,04cc8c15391395f6,04cc8c15391395f6,True
SENT,sent01,101,iteration_end,1,16,6701,6701,True,e964755fad0035ee,e964755fad0035ee,True
SENT,sent01,101,iteration_end,1,17,6262,6262,True,7b2e9637696a8b68,7b2e9637696a8b68,True
SENT,sent01,101,iteration_end,1,18,6102,6102,True,13ce940fb1f1a659,13ce940fb1f1a659,True
SENT,sent01,101,iteration_end,1,19,4709,4709,True,8b0619e585717029,8b0619e585717029,True
SENT,sent01,101,iteration_end,2,0,7758,7758,True,657bdc4e5fcfacb1,657bdc4e5fcfacb1,True
SENT,sent01,101,iteration_end,2,1,7686,7686,True,6355f8c920f67ff5,6355f8c920f67ff5,True
SENT,sent01,101,iteration_end,2,2,7686,7686,True,6355f8c920f67ff5,6355f8c920f67ff5,True
SENT,sent01,101,iteration_end,2,3,7676,7676,True,2091422b86ab6720,2091422b86ab6720,True
SENT,sent01,101,iteration_end,2,4,7671,7671,True,8644e497ad923481,8644e497ad923481,True
SENT,sent01,101,iteration_end,2,5,7662,7662,True,3cf565e42d9eaced,3cf565e42d9eaced,True
SENT,sent01,101,iteration_end,2,6,7658,7658,True,01326343fa0d7965,01326343fa0d7965,True
SENT,sent01,101,iteration_end,2,7,7658,7658,True,01326343fa0d7965,01326343fa0d7965,True
SENT,sent01,101,iteration_end,2,8,7634,7634,True,8cd5b7538228854d,8cd5b7538228854d,True
SENT,sent01,101,iteration_end,2,9,7295,7295,True,8d8c669c3abdbe10,8d8c669c3abdbe10,True
SENT,sent01,101,iteration_end,2,10,7285,7285,True,003bd94921c35a7a,003bd94921c35a7a,True
SENT,sent01,101,iteration_end,2,11,7181,7181,True,8150996beaae60e0,8150996beaae60e0,True
SENT,sent01,101,iteration_end,2,12,7038,7038,True,07034a01dce2a139,07034a01dce2a139,True
SENT,sent01,101,iteration_end,2,13,6838,6838,True,b0d5f0f08501d20e,b0d5f0f08501d20e,True
SENT,sent01,101,iteration_end,2,14,6245,6245,True,85c3475df32a9313,85c3475df32a9313,True
SENT,sent01,101,iteration_end,2,15,6217,6217,True,3f067bca2af1444f,3f067bca2af1444f,True
SENT,sent01,101,iteration_end,2,16,6059,6059,True,94b066b52740d74e,94b066b52740d74e,True
SENT,sent01,101,iteration_end,2,17,5693,5693,True,08b996c88604b7a2,08b996c88604b7a2,True
SENT,sent01,101,iteration_end,2,18,5314,5314,True,522e1d3ad03ab17f,522e1d3ad03ab17f,True
SENT,sent01,101,iteration_end,2,19,4583,4583,True,6fd0e42e3dbdd09d,6fd0e42e3dbdd09d,True
SENT,sent01,101,iteration_end,3,0,7686,7686,True,6355f8c920f67ff5,6355f8c920f67ff5,True
SENT,sent01,101,iteration_end,3,1,7662,7662,True,3cf565e42d9eaced,3cf565e42d9eaced,True
SENT,sent01,101,iteration_end,3,2,7658,7658,True,01326343fa0d7965,01326343fa0d7965,True
SENT,sent01,101,iteration_end,3,3,7658,7658,True,01326343fa0d7965,01326343fa0d7965,True
SENT,sent01,101,iteration_end,3,4,7658,7658,True,01326343fa0d7965,01326343fa0d7965,True
SENT,sent01,101,iteration_end,3,5,7655,7655,True,9ded0219d7077244,9ded0219d7077244,True
SENT,sent01,101,iteration_end,3,6,7621,7621,True,46fe53cf00f62a51,46fe53cf00f62a51,True
SENT,sent01,101,iteration_end,3,7,7616,7616,True,b25da57ee416bcf0,b25da57ee416bcf0,True
SENT,sent01,101,iteration_end,3,8,7586,7586,True,dbf2221a74f958e5,dbf2221a74f958e5,True
SENT,sent01,101,iteration_end,3,9,7357,7357,True,b603525cddcbfeb0,b603525cddcbfeb0,True
SENT,sent01,101,iteration_end,3,10,7329,7329,True,af16ed647c21991e,af16ed647c21991e,True
SENT,sent01,101,iteration_end,3,11,7319,7319,True,003e6060a4f5e79e,003e6060a4f5e79e,True
SENT,sent01,101,iteration_end,3,12,7199,7199,True,52d5ba39ff3d3709,52d5ba39ff3d3709,True
SENT,sent01,101,iteration_end,3,13,7014,7014,True,a104f2a68815441b,a104f2a68815441b,True
SENT,sent01,101,iteration_end,3,14,6804,6804,True,b2840fed3ec21e33,b2840fed3ec21e33,True
SENT,sent01,101,iteration_end,3,15,5789,5789,True,a4c2dde6a8272a70,a4c2dde6a8272a70,True
SENT,sent01,101,iteration_end,3,16,5373,5373,True,4703990de056db39,4703990de056db39,True
SENT,sent01,101,iteration_end,3,17,5160,5160,True,41056a1610326431,41056a1610326431,True
SENT,sent01,101,iteration_end,3,18,4475,4475,True,79a5eb216d70a58a,79a5eb216d70a58a,True
SENT,sent01,101,iteration_end,3,19,3692,3692,True,180b38a69de6511e,180b38a69de6511e,True
SENT,sent01,101,iteration_end,4,0,7758,7758,True,657bdc4e5fcfacb1,657bdc4e5fcfacb1,True
SENT,sent01,101,iteration_end,4,1,7721,7721,True,d73d45193350b78f,d73d45193350b78f,True
SENT,sent01,101,iteration_end,4,2,7706,7706,True,144cdd8ec39b4885,144cdd8ec39b4885,True
SENT,sent01,101,iteration_end,4,3,7686,7686,True,6355f8c920f67ff5,6355f8c920f67ff5,True
SENT,sent01,101,iteration_end,4,4,7658,7658,True,01326343fa0d7965,01326343fa0d7965,True
SENT,sent01,101,iteration_end,4,5,7634,7634,True,ee37d5fa44dc91ca,ee37d5fa44dc91ca,True
SENT,sent01,101,iteration_end,4,6,7553,7553,True,21361f0a7e0fe0db,21361f0a7e0fe0db,True
SENT,sent01,101,iteration_end,4,7,7082,7082,True,1bb6bd69902c7488,1bb6bd69902c7488,True
SENT,sent01,101,iteration_end,4,8,7003,7003,True,dd050210bc3728d9,dd050210bc3728d9,True
SENT,sent01,101,iteration_end,4,9,6745,6745,True,524941cf97f1213b,524941cf97f1213b,True
SENT,sent01,101,iteration_end,4,10,6611,6611,True,45cb5286e2b6b7f7,45cb5286e2b6b7f7,True
SENT,sent01,101,iteration_end,4,11,6527,6527,True,3edd51065f66b0f5,3edd51065f66b0f5,True
SENT,sent01,101,iteration_end,4,12,6463,6463,True,b6c0c934440f5090,b6c0c934440f5090,True
SENT,sent01,101,iteration_end,4,13,6420,6420,True,283dee877d4069d4,283dee877d4069d4,True
SENT,sent01,101,iteration_end,4,14,6397,6397,True,89361078a3fda714,89361078a3fda714,True
SENT,sent01,101,iteration_end,4,15,6330,6330,True,2c9008785c1b3179,2c9008785c1b3179,True
SENT,sent01,101,iteration_end,4,16,6104,6104,True,44afcdf3e32580c7,44afcdf3e32580c7,True
SENT,sent01,101,iteration_end,4,17,6101,6101,True,e9faa4b0e859d6e0,e9faa4b0e859d6e0,True
SENT,sent01,101,iteration_end,4,18,4945,4945,True,7c133e259dd8034b,7c133e259dd8034b,True
SENT,sent01,101,iteration_end,4,19,4843,4843,True,68b915d0f8404925,68b915d0f8404925,True
SENT,sent01,101,iteration_end,5,0,7705,7705,True,4ef23097aa60d907,4ef23097aa60d907,True
SENT,sent01,101,iteration_end,5,1,7662,7662,True,3cf565e42d9eaced,3cf565e42d9eaced,True
SENT,sent01,101,iteration_end,5,2,7662,7662,True,3cf565e42d9eaced,3cf565e42d9eaced,True
SENT,sent01,101,iteration_end,5,3,7588,7588,True,32b937192e205144,32b937192e205144,True
SENT,sent01,101,iteration_end,5,4,7561,7561,True,2705f70afb086d24,2705f70afb086d24,True
SENT,sent01,101,iteration_end,5,5,7439,7439,True,11f514c0b59c8fe3,11f514c0b59c8fe3,True
SENT,sent01,101,iteration_end,5,6,7353,7353,True,8914825afbc8f19c,8914825afbc8f19c,True
SENT,sent01,101,iteration_end,5,7,7267,7267,True,3dd3e2aa6153a567,3dd3e2aa6153a567,True
SENT,sent01,101,iteration_end,5,8,7223,7223,True,dd504a9aefcf2317,dd504a9aefcf2317,True
SENT,sent01,101,iteration_end,5,9,7008,7008,True,bfd858ddd869229d,bfd858ddd869229d,True
SENT,sent01,101,iteration_end,5,10,6986,6986,True,0e762369dcaf848a,0e762369dcaf848a,True
SENT,sent01,101,iteration_end,5,11,6881,6881,True,f8afd0d3e845000d,f8afd0d3e845000d,True
SENT,sent01,101,iteration_end,5,12,6339,6339,True,8e196099f012f1ea,8e196099f012f1ea,True
SENT,sent01,101,iteration_end,5,13,6191,6191,True,a204b87918caac1e,a204b87918caac1e,True
SENT,sent01,101,iteration_end,5,14,5987,5987,True,8df1f71b11d44ff8,8df1f71b11d44ff8,True
SENT,sent01,101,iteration_end,5,15,5751,5751,True,9a6c74e3300c9adf,9a6c74e3300c9adf,True
SENT,sent01,101,iteration_end,5,16,5222,5222,True,2ef4e15dbea57c23,2ef4e15dbea57c23,True
SENT,sent01,101,iteration_end,5,17,4706,4706,True,e613fa236345a4b0,e613fa236345a4b0,True
SENT,sent01,101,iteration_end,5,18,4560,4560,True,99e2616bfe4881bb,99e2616bfe4881bb,True
SENT,sent01,101,iteration_end,5,19,2818,2818,True,18b35b632613d485,18b35b632613d485,True
SENT,sent01,101,iteration_end,6,0,7758,7758,True,657bdc4e5fcfacb1,657bdc4e5fcfacb1,True
SENT,sent01,101,iteration_end,6,1,7758,7758,True,657bdc4e5fcfacb1,657bdc4e5fcfacb1,True
SENT,sent01,101,iteration_end,6,2,7758,7758,True,657bdc4e5fcfacb1,657bdc4e5fcfacb1,True
SENT,sent01,101,iteration_end,6,3,7758,7758,True,657bdc4e5fcfacb1,657bdc4e5fcfacb1,True
SENT,sent01,101,iteration_end,6,4,7721,7721,True,d73d45193350b78f,d73d45193350b78f,True
SENT,sent01,101,iteration_end,6,5,7686,7686,True,6355f8c920f67ff5,6355f8c920f67ff5,True
SENT,sent01,101,iteration_end,6,6,7662,7662,True,3cf565e42d9eaced,3cf565e42d9eaced,True
SENT,sent01,101,iteration_end,6,7,7577,7577,True,6b5248d850a209cc,6b5248d850a209cc,True
SENT,sent01,101,iteration_end,6,8,7282,7282,True,5fe0f9d5d0ed9a19,5fe0f9d5d0ed9a19,True
SENT,sent01,101,iteration_end,6,9,7275,7275,True,22d68fb58267994e,22d68fb58267994e,True
SENT,sent01,101,iteration_end,6,10,7256,7256,True,86ffb24baddc3bd5,86ffb24baddc3bd5,True
SENT,sent01,101,iteration_end,6,11,7146,7146,True,2a261ae0aafdd1a2,2a261ae0aafdd1a2,True
SENT,sent01,101,iteration_end,6,12,7011,7011,True,29c4b6481f98b88c,29c4b6481f98b88c,True
SENT,sent01,101,iteration_end,6,13,6860,6860,True,8a4696b51e4f08f0,8a4696b51e4f08f0,True
SENT,sent01,101,iteration_end,6,14,6776,6776,True,2845f3db64d1706b,2845f3db64d1706b,True
SENT,sent01,101,iteration_end,6,15,6615,6615,True,efeb651c287c63c4,efeb651c287c63c4,True
SENT,sent01,101,iteration_end,6,16,6480,6480,True,ae53c2e9d25de8be,ae53c2e9d25de8be,True
SENT,sent01,101,iteration_end,6,17,6224,6224,True,804868d786d6b634,804868d786d6b634,True
SENT,sent01,101,iteration_end,6,18,6031,6031,True,0db4f8482c53abeb,0db4f8482c53abeb,True
SENT,sent01,101,iteration_end,6,19,4632,4632,True,886cd3e9aeb92969,886cd3e9aeb92969,True
SENT,sent01,101,iteration_end,7,0,7706,7706,True,144cdd8ec39b4885,144cdd8ec39b4885,True
SENT,sent01,101,iteration_end,7,1,7693,7693,True,a53576ec0371ca57,a53576ec0371ca57,True
SENT,sent01,101,iteration_end,7,2,7688,7688,True,1adac28e065892f2,1adac28e065892f2,True
SENT,sent01,101,iteration_end,7,3,7676,7676,True,2091422b86ab6720,2091422b86ab6720,True
SENT,sent01,101,iteration_end,7,4,7662,7662,True,3cf565e42d9eaced,3cf565e42d9eaced,True
SENT,sent01,101,iteration_end,7,5,7658,7658,True,01326343fa0d7965,01326343fa0d7965,True
SENT,sent01,101,iteration_end,7,6,7621,7621,True,46fe53cf00f62a51,46fe53cf00f62a51,True
SENT,sent01,101,iteration_end,7,7,7586,7586,True,dbf2221a74f958e5,dbf2221a74f958e5,True
SENT,sent01,101,iteration_end,7,8,7369,7369,True,295f416c1f0c189e,295f416c1f0c189e,True
SENT,sent01,101,iteration_end,7,9,7323,7323,True,7980009c7cabb5f9,7980009c7cabb5f9,True
SENT,sent01,101,iteration_end,7,10,7109,7109,True,214d5f2dafac6693,214d5f2dafac6693,True
SENT,sent01,101,iteration_end,7,11,6338,6338,True,f550c2cf34694bcb,f550c2cf34694bcb,True
SENT,sent01,101,iteration_end,7,12,5955,5955,True,84cc7f820a61d05b,84cc7f820a61d05b,True
SENT,sent01,101,iteration_end,7,13,5656,5656,True,fefc32b2f7a5e583,fefc32b2f7a5e583,True
SENT,sent01,101,iteration_end,7,14,5589,5589,True,f887a4fce741e18e,f887a4fce741e18e,True
SENT,sent01,101,iteration_end,7,15,5337,5337,True,e682559e6663abde,e682559e6663abde,True
SENT,sent01,101,iteration_end,7,16,4961,4961,True,d492dbc8ee7db1d0,d492dbc8ee7db1d0,True
SENT,sent01,101,iteration_end,7,17,4935,4935,True,d4ee5ba64cf9f8cc,d4ee5ba64cf9f8cc,True
SENT,sent01,101,iteration_end,7,18,4680,4680,True,a15cced279247a50,a15cced279247a50,True
SENT,sent01,101,iteration_end,7,19,3848,3848,True,d8414ae157c92885,d8414ae157c92885,True
SENT,sent01,101,iteration_end,8,0,7734,7734,True,5f7b3433a54b08dc,5f7b3433a54b08dc,True
SENT,sent01,101,iteration_end,8,1,7662,7662,True,3cf565e42d9eaced,3cf565e42d9eaced,True
SENT,sent01,101,iteration_end,8,2,7662,7662,True,3cf565e42d9eaced,3cf565e42d9eaced,True
SENT,sent01,101,iteration_end,8,3,7658,7658,True,01326343fa0d7965,01326343fa0d7965,True
SENT,sent01,101,iteration_end,8,4,7653,7653,True,076cc4adf9fae0c1,076cc4adf9fae0c1,True
SENT,sent01,101,iteration_end,8,5,7073,7073,True,9581bd7f00fcf267,9581bd7f00fcf267,True
SENT,sent01,101,iteration_end,8,6,7011,7011,True,e3986ed569f20d98,e3986ed569f20d98,True
SENT,sent01,101,iteration_end,8,7,6954,6954,True,99c56263855d0c9b,99c56263855d0c9b,True
SENT,sent01,101,iteration_end,8,8,6946,6946,True,a3150f0c06cd106b,a3150f0c06cd106b,True
SENT,sent01,101,iteration_end,8,9,6719,6719,True,45b7829036c3734d,45b7829036c3734d,True
SENT,sent01,101,iteration_end,8,10,6628,6628,True,23e81c52dfc90d93,23e81c52dfc90d93,True
SENT,sent01,101,iteration_end,8,11,6613,6613,True,a0016712d56d915a,a0016712d56d915a,True
SENT,sent01,101,iteration_end,8,12,6481,6481,True,8708b46943ef294f,8708b46943ef294f,True
SENT,sent01,101,iteration_end,8,13,6442,6442,True,bbce7c86a94bdf0d,bbce7c86a94bdf0d,True
SENT,sent01,101,iteration_end,8,14,6242,6242,True,c9c8ae58287b83b2,c9c8ae58287b83b2,True
SENT,sent01,101,iteration_end,8,15,5663,5663,True,41924c04b662b7df,41924c04b662b7df,True
SENT,sent01,101,iteration_end,8,16,5326,5326,True,2594cb134d4821ac,2594cb134d4821ac,True
SENT,sent01,101,iteration_end,8,17,5323,5323,True,18af356f6aa06826,18af356f6aa06826,True
SENT,sent01,101,iteration_end,8,18,5299,5299,True,41b3f2bc9b3856da,41b3f2bc9b3856da,True
SENT,sent01,101,iteration_end,8,19,4566,4566,True,59fdf6c1aded26ee,59fdf6c1aded26ee,True
SENT,sent01,101,iteration_end,9,0,7758,7758,True,657bdc4e5fcfacb1,657bdc4e5fcfacb1,True
SENT,sent01,101,iteration_end,9,1,7758,7758,True,657bdc4e5fcfacb1,657bdc4e5fcfacb1,True
SENT,sent01,101,iteration_end,9,2,7719,7719,True,e41e05ca777af59f,e41e05ca777af59f,True
SENT,sent01,101,iteration_end,9,3,7706,7706,True,a633810d7649aeea,a633810d7649aeea,True
SENT,sent01,101,iteration_end,9,4,7694,7694,True,c55191c3760c417a,c55191c3760c417a,True
SENT,sent01,101,iteration_end,9,5,7671,7671,True,8644e497ad923481,8644e497ad923481,True
SENT,sent01,101,iteration_end,9,6,7671,7671,True,8644e497ad923481,8644e497ad923481,True
SENT,sent01,101,iteration_end,9,7,7662,7662,True,3cf565e42d9eaced,3cf565e42d9eaced,True
SENT,sent01,101,iteration_end,9,8,7658,7658,True,01326343fa0d7965,01326343fa0d7965,True
SENT,sent01,101,iteration_end,9,9,7653,7653,True,076cc4adf9fae0c1,076cc4adf9fae0c1,True
SENT,sent01,101,iteration_end,9,10,7546,7546,True,5e7cdf5c2321fe45,5e7cdf5c2321fe45,True
SENT,sent01,101,iteration_end,9,11,6962,6962,True,227342478f6c1ce6,227342478f6c1ce6,True
SENT,sent01,101,iteration_end,9,12,6881,6881,True,663b6af19a60a740,663b6af19a60a740,True
SENT,sent01,101,iteration_end,9,13,6711,6711,True,1203d418473d70ff,1203d418473d70ff,True
SENT,sent01,101,iteration_end,9,14,6466,6466,True,f4ddf661546a099d,f4ddf661546a099d,True
SENT,sent01,101,iteration_end,9,15,5584,5584,True,417a6923ef3739d1,417a6923ef3739d1,True
SENT,sent01,101,iteration_end,9,16,5254,5254,True,075ed370f4cf307a,075ed370f4cf307a,True
SENT,sent01,101,iteration_end,9,17,5090,5090,True,5a237b1ecb54abba,5a237b1ecb54abba,True
SENT,sent01,101,iteration_end,9,18,5015,5015,True,8ea0ac90467f04f6,8ea0ac90467f04f6,True
SENT,sent01,101,iteration_end,9,19,4856,4856,True,e7c3e889bd24f671,e7c3e889bd24f671,True
SENT,sent01,101,iteration_end,10,0,7693,7693,True,a53576ec0371ca57,a53576ec0371ca57,True
SENT,sent01,101,iteration_end,10,1,7662,7662,True,3cf565e42d9eaced,3cf565e42d9eaced,True
SENT,sent01,101,iteration_end,10,2,7662,7662,True,3cf565e42d9eaced,3cf565e42d9eaced,True
SENT,sent01,101,iteration_end,10,3,7658,7658,True,01326343fa0d7965,01326343fa0d7965,True
SENT,sent01,101,iteration_end,10,4,7616,7616,True,b25da57ee416bcf0,b25da57ee416bcf0,True
SENT,sent01,101,iteration_end,10,5,7604,7604,True,59143188b0b1f208,59143188b0b1f208,True
SENT,sent01,101,iteration_end,10,6,7581,7581,True,bffad4f6092c34b1,bffad4f6092c34b1,True
SENT,sent01,101,iteration_end,10,7,7534,7534,True,acc5f8e9f5bd91c0,acc5f8e9f5bd91c0,True
SENT,sent01,101,iteration_end,10,8,7212,7212,True,4a024a254391cad0,4a024a254391cad0,True
SENT,sent01,101,iteration_end,10,9,7019,7019,True,2ecc77536bbca4a7,2ecc77536bbca4a7,True
SENT,sent01,101,iteration_end,10,10,7018,7018,True,8aceb16b6db5819d,8aceb16b6db5819d,True
SENT,sent01,101,iteration_end,10,11,6985,6985,True,42035b969b3f47cd,42035b969b3f47cd,True
SENT,sent01,101,iteration_end,10,12,6973,6973,True,434ee2d10d52e24c,434ee2d10d52e24c,True
SENT,sent01,101,iteration_end,10,13,6752,6752,True,cded7e8ac0141b79,cded7e8ac0141b79,True
SENT,sent01,101,iteration_end,10,14,6714,6714,True,6bf042b8db9ed958,6bf042b8db9ed958,True
SENT,sent01,101,iteration_end,10,15,6519,6519,True,4b3737007648794a,4b3737007648794a,True
SENT,sent01,101,iteration_end,10,16,6344,6344,True,5ce3b0081261cbaf,5ce3b0081261cbaf,True
SENT,sent01,101,iteration_end,10,17,6323,6323,True,87dc8b9927637bad,87dc8b9927637bad,True
SENT,sent01,101,iteration_end,10,18,5693,5693,True,bb6654e27e3fffbd,bb6654e27e3fffbd,True
SENT,sent01,101,iteration_end,10,19,5677,5677,True,6127fbb2298d4d1e,6127fbb2298d4d1e,True
SENT,sent01,101,iteration_end,11,0,7758,7758,True,657bdc4e5fcfacb1,657bdc4e5fcfacb1,True
SENT,sent01,101,iteration_end,11,1,7758,7758,True,657bdc4e5fcfacb1,657bdc4e5fcfacb1,True
SENT,sent01,101,iteration_end,11,2,7758,7758,True,657bdc4e5fcfacb1,657bdc4e5fcfacb1,True
SENT,sent01,101,iteration_end,11,3,7662,7662,True,3cf565e42d9eaced,3cf565e42d9eaced,True
SENT,sent01,101,iteration_end,11,4,7662,7662,True,3cf565e42d9eaced,3cf565e42d9eaced,True
SENT,sent01,101,iteration_end,11,5,7650,7650,True,fdfa66452b873897,fdfa66452b873897,True
SENT,sent01,101,iteration_end,11,6,7586,7586,True,dbf2221a74f958e5,dbf2221a74f958e5,True
SENT,sent01,101,iteration_end,11,7,7223,7223,True,dd504a9aefcf2317,dd504a9aefcf2317,True
SENT,sent01,101,iteration_end,11,8,7066,7066,True,cdf965526b4ff46d,cdf965526b4ff46d,True
SENT,sent01,101,iteration_end,11,9,6996,6996,True,88689167b9cb896d,88689167b9cb896d,True
SENT,sent01,101,iteration_end,11,10,6886,6886,True,fdcdac41c3c9e59d,fdcdac41c3c9e59d,True
SENT,sent01,101,iteration_end,11,11,6619,6619,True,b8d2de813b1bd4e0,b8d2de813b1bd4e0,True
SENT,sent01,101,iteration_end,11,12,6432,6432,True,f7f722f5bc33af0c,f7f722f5bc33af0c,True
SENT,sent01,101,iteration_end,11,13,6226,6226,True,5920fe1391d7f3ef,5920fe1391d7f3ef,True
SENT,sent01,101,iteration_end,11,14,6221,6221,True,d30ccdf3cb9fced6,d30ccdf3cb9fced6,True
SENT,sent01,101,iteration_end,11,15,5830,5830,True,8aaee21a71f0086f,8aaee21a71f0086f,True
SENT,sent01,101,iteration_end,11,16,5770,5770,True,7035c52a082a8695,7035c52a082a8695,True
SENT,sent01,101,iteration_end,11,17,5172,5172,True,202435a89c9ed53b,202435a89c9ed53b,True
SENT,sent01,101,iteration_end,11,18,4873,4873,True,9be2edaa97f17042,9be2edaa97f17042,True
SENT,sent01,101,iteration_end,11,19,3629,3629,True,7dda5199aa469182,7dda5199aa469182,True
SENT,sent01,101,iteration_end,12,0,7758,7758,True,657bdc4e5fcfacb1,657bdc4e5fcfacb1,True
SENT,sent01,101,iteration_end,12,1,7739,7739,True,2af1ef47f5218f7f,2af1ef47f5218f7f,True
SENT,sent01,101,iteration_end,12,2,7706,7706,True,a633810d7649aeea,a633810d7649aeea,True
SENT,sent01,101,iteration_end,12,3,7662,7662,True,3cf565e42d9eaced,3cf565e42d9eaced,True
SENT,sent01,101,iteration_end,12,4,7662,7662,True,3cf565e42d9eaced,3cf565e42d9eaced,True
SENT,sent01,101,iteration_end,12,5,7616,7616,True,b25da57ee416bcf0,b25da57ee416bcf0,True
SENT,sent01,101,iteration_end,12,6,7604,7604,True,dcd35d54a8127b25,dcd35d54a8127b25,True
SENT,sent01,101,iteration_end,12,7,7518,7518,True,80a544405e0d6f27,80a544405e0d6f27,True
SENT,sent01,101,iteration_end,12,8,7433,7433,True,f7316d9691ca61ec,f7316d9691ca61ec,True
SENT,sent01,101,iteration_end,12,9,7195,7195,True,c88376a9b45d0240,c88376a9b45d0240,True
SENT,sent01,101,iteration_end,12,10,7175,7175,True,1b8919ec3468ed65,1b8919ec3468ed65,True
SENT,sent01,101,iteration_end,12,11,7158,7158,True,68f11bb8e602a26b,68f11bb8e602a26b,True
SENT,sent01,101,iteration_end,12,12,6919,6919,True,3e4b4bfdd3cc76e6,3e4b4bfdd3cc76e6,True
SENT,sent01,101,iteration_end,12,13,6692,6692,True,2d3681e9d577bf1c,2d3681e9d577bf1c,True
SENT,sent01,101,iteration_end,12,14,6461,6461,True,2f1141fa377ea84e,2f1141fa377ea84e,True
SENT,sent01,101,iteration_end,12,15,6419,6419,True,4559555583965f22,4559555583965f22,True
SENT,sent01,101,iteration_end,12,16,6383,6383,True,85a4f9445dd87050,85a4f9445dd87050,True
SENT,sent01,101,iteration_end,12,17,5959,5959,True,a12c371d745622e1,a12c371d745622e1,True
SENT,sent01,101,iteration_end,12,18,5462,5462,True,835ea918d4d4b011,835ea918d4d4b011,True
SENT,sent01,101,iteration_end,12,19,5110,5110,True,3f4c536092399c97,3f4c536092399c97,True
SENT,sent01,101,iteration_end,13,0,7734,7734,True,5f7b3433a54b08dc,5f7b3433a54b08dc,True
SENT,sent01,101,iteration_end,13,1,7706,7706,True,144cdd8ec39b4885,144cdd8ec39b4885,True
SENT,sent01,101,iteration_end,13,2,7676,7676,True,2091422b86ab6720,2091422b86ab6720,True
SENT,sent01,101,iteration_end,13,3,7662,7662,True,3cf565e42d9eaced,3cf565e42d9eaced,True
SENT,sent01,101,iteration_end,13,4,7658,7658,True,01326343fa0d7965,01326343fa0d7965,True
SENT,sent01,101,iteration_end,13,5,7658,7658,True,01326343fa0d7965,01326343fa0d7965,True
SENT,sent01,101,iteration_end,13,6,7603,7603,True,8e79d2ba5297482b,8e79d2ba5297482b,True
SENT,sent01,101,iteration_end,13,7,7588,7588,True,32b937192e205144,32b937192e205144,True
SENT,sent01,101,iteration_end,13,8,7318,7318,True,b75c9c9aeeb60a09,b75c9c9aeeb60a09,True
SENT,sent01,101,iteration_end,13,9,7302,7302,True,3ac506a1e52473b2,3ac506a1e52473b2,True
SENT,sent01,101,iteration_end,13,10,7255,7255,True,93e99782799f8836,93e99782799f8836,True
SENT,sent01,101,iteration_end,13,11,7227,7227,True,43deebc7c7fb5d2d,43deebc7c7fb5d2d,True
SENT,sent01,101,iteration_end,13,12,7225,7225,True,18cafbce6bfd79f8,18cafbce6bfd79f8,True
SENT,sent01,101,iteration_end,13,13,7146,7146,True,7445f483321e64c5,7445f483321e64c5,True
SENT,sent01,101,iteration_end,13,14,7082,7082,True,1bb6bd69902c7488,1bb6bd69902c7488,True
SENT,sent01,101,iteration_end,13,15,6987,6987,True,ed38b5644b28405a,ed38b5644b28405a,True
SENT,sent01,101,iteration_end,13,16,6984,6984,True,f2cb1f34294f1c2b,f2cb1f34294f1c2b,True
SENT,sent01,101,iteration_end,13,17,6861,6861,True,8ac21124df63344e,8ac21124df63344e,True
SENT,sent01,101,iteration_end,13,18,6030,6030,True,76d2675c2ad6946e,76d2675c2ad6946e,True
SENT,sent01,101,iteration_end,13,19,5795,5795,True,4f55ef500df31150,4f55ef500df31150,True
SENT,sent01,101,iteration_end,14,0,7758,7758,True,657bdc4e5fcfacb1,657bdc4e5fcfacb1,True
SENT,sent01,101,iteration_end,14,1,7719,7719,True,e41e05ca777af59f,e41e05ca777af59f,True
SENT,sent01,101,iteration_end,14,2,7693,7693,True,a53576ec0371ca57,a53576ec0371ca57,True
SENT,sent01,101,iteration_end,14,3,7686,7686,True,6355f8c920f67ff5,6355f8c920f67ff5,True
SENT,sent01,101,iteration_end,14,4,7676,7676,True,064ce59465748979,064ce59465748979,True
SENT,sent01,101,iteration_end,14,5,7645,7645,True,f989bd6e0c8aaac9,f989bd6e0c8aaac9,True
SENT,sent01,101,iteration_end,14,6,7644,7644,True,d3af690e613f8489,d3af690e613f8489,True
SENT,sent01,101,iteration_end,14,7,7616,7616,True,b25da57ee416bcf0,b25da57ee416bcf0,True
SENT,sent01,101,iteration_end,14,8,6991,6991,True,a07ee891271eede2,a07ee891271eede2,True
SENT,sent01,101,iteration_end,14,9,6912,6912,True,6665c6b9710ce1cd,6665c6b9710ce1cd,True
SENT,sent01,101,iteration_end,14,10,6848,6848,True,0cec7413d6b4d793,0cec7413d6b4d793,True
SENT,sent01,101,iteration_end,14,11,6790,6790,True,84b7a4afe2901149,84b7a4afe2901149,True
SENT,sent01,101,iteration_end,14,12,6532,6532,True,585348695e7f9c25,585348695e7f9c25,True
SENT,sent01,101,iteration_end,14,13,6415,6415,True,b14a73189246ca01,b14a73189246ca01,True
SENT,sent01,101,iteration_end,14,14,6408,6408,True,ad57b390f606223e,ad57b390f606223e,True
SENT,sent01,101,iteration_end,14,15,5801,5801,True,6bdb63a89935ff50,6bdb63a89935ff50,True
SENT,sent01,101,iteration_end,14,16,5501,5501,True,531544aaf21e2c13,531544aaf21e2c13,True
SENT,sent01,101,iteration_end,14,17,5431,5431,True,86f1605e0820a6df,86f1605e0820a6df,True
SENT,sent01,101,iteration_end,14,18,5261,5261,True,ca1b96abe3ad0038,ca1b96abe3ad0038,True
SENT,sent01,101,iteration_end,14,19,5248,5248,True,7686b4375794d816,7686b4375794d816,True
SENT,sent01,101,iteration_end,15,0,7758,7758,True,657bdc4e5fcfacb1,657bdc4e5fcfacb1,True
SENT,sent01,101,iteration_end,15,1,7706,7706,True,144cdd8ec39b4885,144cdd8ec39b4885,True
SENT,sent01,101,iteration_end,15,2,7706,7706,True,144cdd8ec39b4885,144cdd8ec39b4885,True
SENT,sent01,101,iteration_end,15,3,7671,7671,True,8644e497ad923481,8644e497ad923481,True
SENT,sent01,101,iteration_end,15,4,7634,7634,True,8cd5b7538228854d,8cd5b7538228854d,True
SENT,sent01,101,iteration_end,15,5,7611,7611,True,4cdd97af97dcea92,4cdd97af97dcea92,True
SENT,sent01,101,iteration_end,15,6,7418,7418,True,73a4ad9fe5468027,73a4ad9fe5468027,True
SENT,sent01,101,iteration_end,15,7,7213,7213,True,5c6b7cd0d64453c1,5c6b7cd0d64453c1,True
SENT,sent01,101,iteration_end,15,8,7069,7069,True,1036b813e83bf733,1036b813e83bf733,True
SENT,sent01,101,iteration_end,15,9,6934,6934,True,479177a8f1735692,479177a8f1735692,True
SENT,sent01,101,iteration_end,15,10,6749,6749,True,998b082329bc753f,998b082329bc753f,True
SENT,sent01,101,iteration_end,15,11,6713,6713,True,ee477d987e67db08,ee477d987e67db08,True
SENT,sent01,101,iteration_end,15,12,6632,6632,True,461c19dc46c94e31,461c19dc46c94e31,True
SENT,sent01,101,iteration_end,15,13,6437,6437,True,34eabc3a5aa24db9,34eabc3a5aa24db9,True
SENT,sent01,101,iteration_end,15,14,6231,6231,True,afd437ee4fa169de,afd437ee4fa169de,True
SENT,sent01,101,iteration_end,15,15,5746,5746,True,cd82af99ae73144e,cd82af99ae73144e,True
SENT,sent01,101,iteration_end,15,16,5730,5730,True,c1977c7c6d7ffed7,c1977c7c6d7ffed7,True
SENT,sent01,101,iteration_end,15,17,5572,5572,True,09acfc2c6ad85433,09acfc2c6ad85433,True
SENT,sent01,101,iteration_end,15,18,4976,4976,True,73d688cf64c4f6d3,73d688cf64c4f6d3,True
SENT,sent01,101,iteration_end,15,19,4297,4297,True,54204b20a8f3be07,54204b20a8f3be07,True
SENT,sent01,101,iteration_end,16,0,7688,7688,True,1adac28e065892f2,1adac28e065892f2,True
SENT,sent01,101,iteration_end,16,1,7658,7658,True,01326343fa0d7965,01326343fa0d7965,True
SENT,sent01,101,iteration_end,16,2,7633,7633,True,c5af5459a864fa3f,c5af5459a864fa3f,True
SENT,sent01,101,iteration_end,16,3,7518,7518,True,80a544405e0d6f27,80a544405e0d6f27,True
SENT,sent01,101,iteration_end,16,4,7440,7440,True,0bce9de51363d3e8,0bce9de51363d3e8,True
SENT,sent01,101,iteration_end,16,5,7170,7170,True,6e104744010373bc,6e104744010373bc,True
SENT,sent01,101,iteration_end,16,6,7068,7068,True,ba176c10511defdb,ba176c10511defdb,True
SENT,sent01,101,iteration_end,16,7,7041,7041,True,94a98b8e3481f609,94a98b8e3481f609,True
SENT,sent01,101,iteration_end,16,8,6596,6596,True,fd3c7385cb2e116b,fd3c7385cb2e116b,True
SENT,sent01,101,iteration_end,16,9,6569,6569,True,5d66bc4a2608feba,5d66bc4a2608feba,True
SENT,sent01,101,iteration_end,16,10,6265,6265,True,9472a6bab1315a38,9472a6bab1315a38,True
SENT,sent01,101,iteration_end,16,11,6255,6255,True,8a9dccfc8a71a1f6,8a9dccfc8a71a1f6,True
SENT,sent01,101,iteration_end,16,12,6207,6207,True,c64ffa10e8e981e6,c64ffa10e8e981e6,True
SENT,sent01,101,iteration_end,16,13,6159,6159,True,8f79b249dc49328a,8f79b249dc49328a,True
SENT,sent01,101,iteration_end,16,14,6035,6035,True,fe98c35c9056e77c,fe98c35c9056e77c,True
SENT,sent01,101,iteration_end,16,15,5883,5883,True,ae783e4b6474f882,ae783e4b6474f882,True
SENT,sent01,101,iteration_end,16,16,5486,5486,True,08e728acac156c28,08e728acac156c28,True
SENT,sent01,101,iteration_end,16,17,5443,5443,True,89aa8d67e4d689f2,89aa8d67e4d689f2,True
SENT,sent01,101,iteration_end,16,18,5228,5228,True,98d1abe5eedabddb,98d1abe5eedabddb,True
SENT,sent01,101,iteration_end,16,19,5116,5116,True,6142af8b0cd3594f,6142af8b0cd3594f,True
SENT,sent01,101,iteration_end,17,0,7739,7739,True,2af1ef47f5218f7f,2af1ef47f5218f7f,True
SENT,sent01,101,iteration_end,17,1,7662,7662,True,3cf565e42d9eaced,3cf565e42d9eaced,True
SENT,sent01,101,iteration_end,17,2,7662,7662,True,3cf565e42d9eaced,3cf565e42d9eaced,True
SENT,sent01,101,iteration_end,17,3,7621,7621,True,46fe53cf00f62a51,46fe53cf00f62a51,True
SENT,sent01,101,iteration_end,17,4,7604,7604,True,59143188b0b1f208,59143188b0b1f208,True
SENT,sent01,101,iteration_end,17,5,7518,7518,True,80a544405e0d6f27,80a544405e0d6f27,True
SENT,sent01,101,iteration_end,17,6,7155,7155,True,c6cda727fc37b5da,c6cda727fc37b5da,True
SENT,sent01,101,iteration_end,17,7,7136,7136,True,11ce8dc090fa1bf5,11ce8dc090fa1bf5,True
SENT,sent01,101,iteration_end,17,8,6898,6898,True,ecfc1ebfde2d8697,ecfc1ebfde2d8697,True
SENT,sent01,101,iteration_end,17,9,6896,6896,True,488886830655fee5,488886830655fee5,True
SENT,sent01,101,iteration_end,17,10,6895,6895,True,fb9af492b4e863a7,fb9af492b4e863a7,True
SENT,sent01,101,iteration_end,17,11,6453,6453,True,1297da12837dc94b,1297da12837dc94b,True
SENT,sent01,101,iteration_end,17,12,6398,6398,True,e803d05524f2aff4,e803d05524f2aff4,True
SENT,sent01,101,iteration_end,17,13,6234,6234,True,ca8487c5c1196ddb,ca8487c5c1196ddb,True
SENT,sent01,101,iteration_end,17,14,6083,6083,True,4f1d8e73e49ee54e,4f1d8e73e49ee54e,True
SENT,sent01,101,iteration_end,17,15,5960,5960,True,54d8330a79b2e440,54d8330a79b2e440,True
SENT,sent01,101,iteration_end,17,16,5919,5919,True,4d88451533aafcc4,4d88451533aafcc4,True
SENT,sent01,101,iteration_end,17,17,5876,5876,True,05cea3ec32f97f2c,05cea3ec32f97f2c,True
SENT,sent01,101,iteration_end,17,18,5441,5441,True,78f2b3916b4c0ce9,78f2b3916b4c0ce9,True
SENT,sent01,101,iteration_end,17,19,4851,4851,True,df5fcf450ce38ee3,df5fcf450ce38ee3,True
SENT,sent01,101,iteration_end,18,0,7671,7671,True,8644e497ad923481,8644e497ad923481,True
SENT,sent01,101,iteration_end,18,1,7662,7662,True,3cf565e42d9eaced,3cf565e42d9eaced,True
SENT,sent01,101,iteration_end,18,2,7604,7604,True,dcd35d54a8127b25,dcd35d54a8127b25,True
SENT,sent01,101,iteration_end,18,3,7571,7571,True,9cb186fe8bf82f14,9cb186fe8bf82f14,True
SENT,sent01,101,iteration_end,18,4,7553,7553,True,21361f0a7e0fe0db,21361f0a7e0fe0db,True
SENT,sent01,101,iteration_end,18,5,7485,7485,True,e4ba5f620fd89ea8,e4ba5f620fd89ea8,True
SENT,sent01,101,iteration_end,18,6,7199,7199,True,e5bcd38e0850c6a6,e5bcd38e0850c6a6,True
SENT,sent01,101,iteration_end,18,7,7180,7180,True,0ec385fbd66dbb40,0ec385fbd66dbb40,True
SENT,sent01,101,iteration_end,18,8,7058,7058,True,5c10d58e0f54ff6e,5c10d58e0f54ff6e,True
SENT,sent01,101,iteration_end,18,9,7044,7044,True,0b46003220b22ccd,0b46003220b22ccd,True
SENT,sent01,101,iteration_end,18,10,6967,6967,True,32fe2a5c9d3ecfe9,32fe2a5c9d3ecfe9,True
SENT,sent01,101,iteration_end,18,11,6958,6958,True,c159b1d564ae92a0,c159b1d564ae92a0,True
SENT,sent01,101,iteration_end,18,12,6939,6939,True,1d21064a313843f5,1d21064a313843f5,True
SENT,sent01,101,iteration_end,18,13,6881,6881,True,1ac0a328916eb1eb,1ac0a328916eb1eb,True
SENT,sent01,101,iteration_end,18,14,6808,6808,True,1efaf92a51266db1,1efaf92a51266db1,True
SENT,sent01,101,iteration_end,18,15,6713,6713,True,5efc6a876efa97f8,5efc6a876efa97f8,True
SENT,sent01,101,iteration_end,18,16,5879,5879,True,01219b93b6c6ec7d,01219b93b6c6ec7d,True
SENT,sent01,101,iteration_end,18,17,5502,5502,True,c50a0c02ef167ca2,c50a0c02ef167ca2,True
SENT,sent01,101,iteration_end,18,18,5294,5294,True,81a5a00b81f4899b,81a5a00b81f4899b,True
SENT,sent01,101,iteration_end,18,19,4240,4240,True,65da34ca2076813e,65da34ca2076813e,True
SENT,sent01,101,iteration_end,19,0,7758,7758,True,657bdc4e5fcfacb1,657bdc4e5fcfacb1,True
SENT,sent01,101,iteration_end,19,1,7758,7758,True,657bdc4e5fcfacb1,657bdc4e5fcfacb1,True
SENT,sent01,101,iteration_end,19,2,7758,7758,True,657bdc4e5fcfacb1,657bdc4e5fcfacb1,True
SENT,sent01,101,iteration_end,19,3,7734,7734,True,5f7b3433a54b08dc,5f7b3433a54b08dc,True
SENT,sent01,101,iteration_end,19,4,7621,7621,True,46fe53cf00f62a51,46fe53cf00f62a51,True
SENT,sent01,101,iteration_end,19,5,7528,7528,True,a364a32af2ac6c71,a364a32af2ac6c71,True
SENT,sent01,101,iteration_end,19,6,6991,6991,True,a07ee891271eede2,a07ee891271eede2,True
SENT,sent01,101,iteration_end,19,7,6941,6941,True,62c56a1715564894,62c56a1715564894,True
SENT,sent01,101,iteration_end,19,8,6776,6776,True,3ef5b07c20044ce6,3ef5b07c20044ce6,True
SENT,sent01,101,iteration_end,19,9,6748,6748,True,bda24d8fe7d77f28,bda24d8fe7d77f28,True
SENT,sent01,101,iteration_end,19,10,6707,6707,True,f7fb184f6bfddf1d,f7fb184f6bfddf1d,True
SENT,sent01,101,iteration_end,19,11,6633,6633,True,78756f150278e112,78756f150278e112,True
SENT,sent01,101,iteration_end,19,12,6623,6623,True,99e0552db2cc4849,99e0552db2cc4849,True
SENT,sent01,101,iteration_end,19,13,6248,6248,True,9cddd599c6da1c1e,9cddd599c6da1c1e,True
SENT,sent01,101,iteration_end,19,14,5913,5913,True,cf649b5fc01fa289,cf649b5fc01fa289,True
SENT,sent01,101,iteration_end,19,15,5892,5892,True,23714f097edc9c93,23714f097edc9c93,True
SENT,sent01,101,iteration_end,19,16,5756,5756,True,b7cb854c42bc0c1b,b7cb854c42bc0c1b,True
SENT,sent01,101,iteration_end,19,17,5701,5701,True,3a43e9804447b2d2,3a43e9804447b2d2,True
SENT,sent01,101,iteration_end,19,18,5319,5319,True,d2b10891501bd9da,d2b10891501bd9da,True
SENT,sent01,101,iteration_end,19,19,5212,5212,True,25dc4cbcb1824e18,25dc4cbcb1824e18,True
SENT,sent01,101,iteration_end,20,0,7706,7706,True,a633810d7649aeea,a633810d7649aeea,True
SENT,sent01,101,iteration_end,20,1,7694,7694,True,c55191c3760c417a,c55191c3760c417a,True
SENT,sent01,101,iteration_end,20,2,7688,7688,True,1adac28e065892f2,1adac28e065892f2,True
SENT,sent01,101,iteration_end,20,3,7671,7671,True,8644e497ad923481,8644e497ad923481,True
SENT,sent01,101,iteration_end,20,4,7553,7553,True,21361f0a7e0fe0db,21361f0a7e0fe0db,True
SENT,sent01,101,iteration_end,20,5,7551,7551,True,f0af16aad096e118,f0af16aad096e118,True
SENT,sent01,101,iteration_end,20,6,7361,7361,True,276939493d8fb493,276939493d8fb493,True
SENT,sent01,101,iteration_end,20,7,7313,7313,True,c1ca4173365b3e6f,c1ca4173365b3e6f,True
SENT,sent01,101,iteration_end,20,8,7254,7254,True,606ac44a0d559705,606ac44a0d559705,True
SENT,sent01,101,iteration_end,20,9,7215,7215,True,07219f91387c32aa,07219f91387c32aa,True
SENT,sent01,101,iteration_end,20,10,7112,7112,True,5c070d525ee2c6e4,5c070d525ee2c6e4,True
SENT,sent01,101,iteration_end,20,11,6979,6979,True,b8e3d988bc1894c9,b8e3d988bc1894c9,True
SENT,sent01,101,iteration_end,20,12,6269,6269,True,e10df59ac8400d92,e10df59ac8400d92,True
SENT,sent01,101,iteration_end,20,13,5655,5655,True,9b828c3b269663d2,9b828c3b269663d2,True
SENT,sent01,101,iteration_end,20,14,5494,5494,True,39c0dae0fa2ad9ef,39c0dae0fa2ad9ef,True
SENT,sent01,101,iteration_end,20,15,5478,5478,True,5aa40d110b7befde,5aa40d110b7befde,True
SENT,sent01,101,iteration_end,20,16,5404,5404,True,e648949e37d44811,e648949e37d44811,True
SENT,sent01,101,iteration_end,20,17,5327,5327,True,ba7b416da676da29,ba7b416da676da29,True
SENT,sent01,101,iteration_end,20,18,4789,4789,True,1c0e43039e8f5ad9,1c0e43039e8f5ad9,True
SENT,sent01,101,iteration_end,20,19,3159,3159,True,9b140bfa11dae83a,9b140bfa11dae83a,True
SENT,sent01,101,iteration_end,21,0,7710,7710,True,1b11be4fb87a405b,1b11be4fb87a405b,True
SENT,sent01,101,iteration_end,21,1,7706,7706,True,a633810d7649aeea,a633810d7649aeea,True
SENT,sent01,101,iteration_end,21,2,7693,7693,True,a53576ec0371ca57,a53576ec0371ca57,True
SENT,sent01,101,iteration_end,21,3,7676,7676,True,2091422b86ab6720,2091422b86ab6720,True
SENT,sent01,101,iteration_end,21,4,7662,7662,True,3cf565e42d9eaced,3cf565e42d9eaced,True
SENT,sent01,101,iteration_end,21,5,7658,7658,True,01326343fa0d7965,01326343fa0d7965,True
SENT,sent01,101,iteration_end,21,6,7639,7639,True,3fe056ac05e2b054,3fe056ac05e2b054,True
SENT,sent01,101,iteration_end,21,7,7634,7634,True,b9a0e677a91173ad,b9a0e677a91173ad,True
SENT,sent01,101,iteration_end,21,8,7621,7621,True,46fe53cf00f62a51,46fe53cf00f62a51,True
SENT,sent01,101,iteration_end,21,9,7586,7586,True,dbf2221a74f958e5,dbf2221a74f958e5,True
SENT,sent01,101,iteration_end,21,10,7245,7245,True,c7f713d96621631e,c7f713d96621631e,True
SENT,sent01,101,iteration_end,21,11,6874,6874,True,ea2f46bb2f4856e6,ea2f46bb2f4856e6,True
SENT,sent01,101,iteration_end,21,12,6799,6799,True,343aabefab87ae2c,343aabefab87ae2c,True
SENT,sent01,101,iteration_end,21,13,6567,6567,True,59184dfb298878c3,59184dfb298878c3,True
SENT,sent01,101,iteration_end,21,14,6439,6439,True,1577a5dd087374db,1577a5dd087374db,True
SENT,sent01,101,iteration_end,21,15,6336,6336,True,f4e4f5bad075ba28,f4e4f5bad075ba28,True
SENT,sent01,101,iteration_end,21,16,5806,5806,True,c012247fc1ec714b,c012247fc1ec714b,True
SENT,sent01,101,iteration_end,21,17,5466,5466,True,3d7f30c319760843,3d7f30c319760843,True
SENT,sent01,101,iteration_end,21,18,5366,5366,True,941fdfbf726c8a0f,941fdfbf726c8a0f,True
SENT,sent01,101,iteration_end,21,19,4495,4495,True,281ae6356e5f0315,281ae6356e5f0315,True
SENT,sent01,101,iteration_end,22,0,7758,7758,True,657bdc4e5fcfacb1,657bdc4e5fcfacb1,True
SENT,sent01,101,iteration_end,22,1,7739,7739,True,2af1ef47f5218f7f,2af1ef47f5218f7f,True
SENT,sent01,101,iteration_end,22,2,7706,7706,True,144cdd8ec39b4885,144cdd8ec39b4885,True
SENT,sent01,101,iteration_end,22,3,7699,7699,True,1f516460f765b2a1,1f516460f765b2a1,True
SENT,sent01,101,iteration_end,22,4,7694,7694,True,c55191c3760c417a,c55191c3760c417a,True
SENT,sent01,101,iteration_end,22,5,7662,7662,True,3cf565e42d9eaced,3cf565e42d9eaced,True
SENT,sent01,101,iteration_end,22,6,7662,7662,True,3cf565e42d9eaced,3cf565e42d9eaced,True
SENT,sent01,101,iteration_end,22,7,7662,7662,True,3cf565e42d9eaced,3cf565e42d9eaced,True
SENT,sent01,101,iteration_end,22,8,7634,7634,True,8cd5b7538228854d,8cd5b7538228854d,True
SENT,sent01,101,iteration_end,22,9,7490,7490,True,47b58220cdfcb54e,47b58220cdfcb54e,True
SENT,sent01,101,iteration_end,22,10,7452,7452,True,ecec1315938678cb,ecec1315938678cb,True
SENT,sent01,101,iteration_end,22,11,7433,7433,True,0f6dff9111e93794,0f6dff9111e93794,True
SENT,sent01,101,iteration_end,22,12,7298,7298,True,acafc42d56ee961e,acafc42d56ee961e,True
SENT,sent01,101,iteration_end,22,13,7214,7214,True,d09f30e588ba008f,d09f30e588ba008f,True
SENT,sent01,101,iteration_end,22,14,7213,7213,True,eb69ca5434528344,eb69ca5434528344,True
SENT,sent01,101,iteration_end,22,15,7171,7171,True,d6e3e39bcff9d6a6,d6e3e39bcff9d6a6,True
SENT,sent01,101,iteration_end,22,16,6746,6746,True,baf879869fcdace7,baf879869fcdace7,True
SENT,sent01,101,iteration_end,22,17,6075,6075,True,4f47e7a8d8740f38,4f47e7a8d8740f38,True
SENT,sent01,101,iteration_end,22,18,5136,5136,True,e85cad2dffd069c2,e85cad2dffd069c2,True
SENT,sent01,101,iteration_end,22,19,4002,4002,True,b698b7a8c3457ca9,b698b7a8c3457ca9,True
SENT,sent01,101,iteration_end,23,0,7758,7758,True,657bdc4e5fcfacb1,657bdc4e5fcfacb1,True
SENT,sent01,101,iteration_end,23,1,7734,7734,True,5f7b3433a54b08dc,5f7b3433a54b08dc,True
SENT,sent01,101,iteration_end,23,2,7694,7694,True,c55191c3760c417a,c55191c3760c417a,True
SENT,sent01,101,iteration_end,23,3,7662,7662,True,3cf565e42d9eaced,3cf565e42d9eaced,True
SENT,sent01,101,iteration_end,23,4,7632,7632,True,a4dca8405ba3b6f7,a4dca8405ba3b6f7,True
SENT,sent01,101,iteration_end,23,5,7620,7620,True,3387854d35544823,3387854d35544823,True
SENT,sent01,101,iteration_end,23,6,7528,7528,True,a364a32af2ac6c71,a364a32af2ac6c71,True
SENT,sent01,101,iteration_end,23,7,7466,7466,True,60e6b990a60eeaa8,60e6b990a60eeaa8,True
SENT,sent01,101,iteration_end,23,8,7192,7192,True,54f4a48ba15a8ca8,54f4a48ba15a8ca8,True
SENT,sent01,101,iteration_end,23,9,7051,7051,True,d0005e2668e9467e,d0005e2668e9467e,True
SENT,sent01,101,iteration_end,23,10,6902,6902,True,e8319ea9dd83cb48,e8319ea9dd83cb48,True
SENT,sent01,101,iteration_end,23,11,6869,6869,True,3968c2d9532a9952,3968c2d9532a9952,True
SENT,sent01,101,iteration_end,23,12,6863,6863,True,a73fc44bd005b1a6,a73fc44bd005b1a6,True
SENT,sent01,101,iteration_end,23,13,6835,6835,True,a4a1066b9f0ec56a,a4a1066b9f0ec56a,True
SENT,sent01,101,iteration_end,23,14,6259,6259,True,6b5f1f3c7879db2b,6b5f1f3c7879db2b,True
SENT,sent01,101,iteration_end,23,15,6199,6199,True,cb50006d4767b364,cb50006d4767b364,True
SENT,sent01,101,iteration_end,23,16,5986,5986,True,8d08908bbf247959,8d08908bbf247959,True
SENT,sent01,101,iteration_end,23,17,5834,5834,True,ce56c8734e8c103a,ce56c8734e8c103a,True
SENT,sent01,101,iteration_end,23,18,5587,5587,True,b99cc66dd7c81d5a,b99cc66dd7c81d5a,True
SENT,sent01,101,iteration_end,23,19,4995,4995,True,8520e5ee31eae50f,8520e5ee31eae50f,True
SENT,sent01,101,iteration_end,24,0,7758,7758,True,657bdc4e5fcfacb1,657bdc4e5fcfacb1,True
SENT,sent01,101,iteration_end,24,1,7758,7758,True,657bdc4e5fcfacb1,657bdc4e5fcfacb1,True
SENT,sent01,101,iteration_end,24,2,7734,7734,True,5f7b3433a54b08dc,5f7b3433a54b08dc,True
SENT,sent01,101,iteration_end,24,3,7706,7706,True,144cdd8ec39b4885,144cdd8ec39b4885,True
SENT,sent01,101,iteration_end,24,4,7662,7662,True,3cf565e42d9eaced,3cf565e42d9eaced,True
SENT,sent01,101,iteration_end,24,5,7583,7583,True,38b8d09387529e6d,38b8d09387529e6d,True
SENT,sent01,101,iteration_end,24,6,7518,7518,True,80a544405e0d6f27,80a544405e0d6f27,True
SENT,sent01,101,iteration_end,24,7,7411,7411,True,c858a9debbbc1a73,c858a9debbbc1a73,True
SENT,sent01,101,iteration_end,24,8,7053,7053,True,42ed763f48e054e9,42ed763f48e054e9,True
SENT,sent01,101,iteration_end,24,9,6928,6928,True,fc954335af74212f,fc954335af74212f,True
SENT,sent01,101,iteration_end,24,10,6890,6890,True,4a8700a368d4c4bf,4a8700a368d4c4bf,True
SENT,sent01,101,iteration_end,24,11,6816,6816,True,4e1407c446f1a0de,4e1407c446f1a0de,True
SENT,sent01,101,iteration_end,24,12,6557,6557,True,0b206e734204962d,0b206e734204962d,True
SENT,sent01,101,iteration_end,24,13,6190,6190,True,d967caf685064103,d967caf685064103,True
SENT,sent01,101,iteration_end,24,14,6150,6150,True,c54c591b652c9837,c54c591b652c9837,True
SENT,sent01,101,iteration_end,24,15,6086,6086,True,8056609fdb37614e,8056609fdb37614e,True
SENT,sent01,101,iteration_end,24,16,5996,5996,True,ff1ee6d03c69b871,ff1ee6d03c69b871,True
SENT,sent01,101,iteration_end,24,17,5921,5921,True,6800e676ed1b7b23,6800e676ed1b7b23,True
SENT,sent01,101,iteration_end,24,18,5814,5814,True,b585b4ea2a3ad520,b585b4ea2a3ad520,True
SENT,sent01,101,iteration_end,24,19,5555,5555,True,d58087680a1d6a44,d58087680a1d6a44,True
SENT,sent01,101,iteration_end,25,0,7758,7758,True,657bdc4e5fcfacb1,657bdc4e5fcfacb1,True
SENT,sent01,101,iteration_end,25,1,7721,7721,True,d73d45193350b78f,d73d45193350b78f,True
SENT,sent01,101,iteration_end,25,2,7706,7706,True,a633810d7649aeea,a633810d7649aeea,True
SENT,sent01,101,iteration_end,25,3,7705,7705,True,4ef23097aa60d907,4ef23097aa60d907,True
SENT,sent01,101,iteration_end,25,4,7694,7694,True,c55191c3760c417a,c55191c3760c417a,True
SENT,sent01,101,iteration_end,25,5,7662,7662,True,3cf565e42d9eaced,3cf565e42d9eaced,True
SENT,sent01,101,iteration_end,25,6,7562,7562,True,1c35fe4b8c1450fd,1c35fe4b8c1450fd,True
SENT,sent01,101,iteration_end,25,7,7270,7270,True,02d54bd609556052,02d54bd609556052,True
SENT,sent01,101,iteration_end,25,8,7243,7243,True,09ff8d3619790c1f,09ff8d3619790c1f,True
SENT,sent01,101,iteration_end,25,9,7025,7025,True,cdf650915047bcc4,cdf650915047bcc4,True
SENT,sent01,101,iteration_end,25,10,6975,6975,True,775fb81bde3d456c,775fb81bde3d456c,True
SENT,sent01,101,iteration_end,25,11,6946,6946,True,47221c999b121b95,47221c999b121b95,True
SENT,sent01,101,iteration_end,25,12,6440,6440,True,c8ef8b3cdf9f1529,c8ef8b3cdf9f1529,True
SENT,sent01,101,iteration_end,25,13,6238,6238,True,ab2939423e8a8ba5,ab2939423e8a8ba5,True
SENT,sent01,101,iteration_end,25,14,6099,6099,True,97892888a8bc95f6,97892888a8bc95f6,True
SENT,sent01,101,iteration_end,25,15,5988,5988,True,c7df5c521de1c5de,c7df5c521de1c5de,True
SENT,sent01,101,iteration_end,25,16,5691,5691,True,a96ccfa998dd6aed,a96ccfa998dd6aed,True
SENT,sent01,101,iteration_end,25,17,5678,5678,True,8fce32b1250d989b,8fce32b1250d989b,True
SENT,sent01,101,iteration_end,25,18,5677,5677,True,75a3d71f2e4473a7,75a3d71f2e4473a7,True
SENT,sent01,101,iteration_end,25,19,5342,5342,True,e500340a734e719f,e500340a734e719f,True
SENT,sent01,101,iteration_end,26,0,7739,7739,True,2af1ef47f5218f7f,2af1ef47f5218f7f,True
SENT,sent01,101,iteration_end,26,1,7686,7686,True,6355f8c920f67ff5,6355f8c920f67ff5,True
SENT,sent01,101,iteration_end,26,2,7686,7686,True,431b18ba2f491fc4,431b18ba2f491fc4,True
SENT,sent01,101,iteration_end,26,3,7662,7662,True,3cf565e42d9eaced,3cf565e42d9eaced,True
SENT,sent01,101,iteration_end,26,4,7657,7657,True,b5c98cd97da0899d,b5c98cd97da0899d,True
SENT,sent01,101,iteration_end,26,5,7634,7634,True,b9a0e677a91173ad,b9a0e677a91173ad,True
SENT,sent01,101,iteration_end,26,6,7557,7557,True,132f16af099d9770,132f16af099d9770,True
SENT,sent01,101,iteration_end,26,7,7458,7458,True,2429dfb8260b25cf,2429dfb8260b25cf,True
SENT,sent01,101,iteration_end,26,8,7176,7176,True,c865d264dd189b1f,c865d264dd189b1f,True
SENT,sent01,101,iteration_end,26,9,7038,7038,True,4c9b3a1fb521feb6,4c9b3a1fb521feb6,True
SENT,sent01,101,iteration_end,26,10,7025,7025,True,6e7a9ba90b8cdb8f,6e7a9ba90b8cdb8f,True
SENT,sent01,101,iteration_end,26,11,6984,6984,True,9730aba0668f3349,9730aba0668f3349,True
SENT,sent01,101,iteration_end,26,12,6868,6868,True,0824b7c58d76de7d,0824b7c58d76de7d,True
SENT,sent01,101,iteration_end,26,13,6747,6747,True,e800a5008c45e54e,e800a5008c45e54e,True
SENT,sent01,101,iteration_end,26,14,6720,6720,True,991bd22f68556b59,991bd22f68556b59,True
SENT,sent01,101,iteration_end,26,15,6425,6425,True,c68d25ba1f1e81f7,c68d25ba1f1e81f7,True
SENT,sent01,101,iteration_end,26,16,6018,6018,True,3c3729f96c0c8785,3c3729f96c0c8785,True
SENT,sent01,101,iteration_end,26,17,5313,5313,True,0042eecae9f4a343,0042eecae9f4a343,True
SENT,sent01,101,iteration_end,26,18,4172,4172,True,26210cfcb386dda8,26210cfcb386dda8,True
SENT,sent01,101,iteration_end,26,19,3813,3813,True,564a05a42e0dc1c3,564a05a42e0dc1c3,True
SENT,sent01,101,iteration_end,27,0,7758,7758,True,657bdc4e5fcfacb1,657bdc4e5fcfacb1,True
SENT,sent01,101,iteration_end,27,1,7739,7739,True,2af1ef47f5218f7f,2af1ef47f5218f7f,True
SENT,sent01,101,iteration_end,27,2,7721,7721,True,d73d45193350b78f,d73d45193350b78f,True
SENT,sent01,101,iteration_end,27,3,7706,7706,True,a633810d7649aeea,a633810d7649aeea,True
SENT,sent01,101,iteration_end,27,4,7706,7706,True,144cdd8ec39b4885,144cdd8ec39b4885,True
SENT,sent01,101,iteration_end,27,5,7693,7693,True,a53576ec0371ca57,a53576ec0371ca57,True
SENT,sent01,101,iteration_end,27,6,7693,7693,True,a53576ec0371ca57,a53576ec0371ca57,True
SENT,sent01,101,iteration_end,27,7,7664,7664,True,1be3d1fdbc7e0f97,1be3d1fdbc7e0f97,True
SENT,sent01,101,iteration_end,27,8,7662,7662,True,3cf565e42d9eaced,3cf565e42d9eaced,True
SENT,sent01,101,iteration_end,27,9,7651,7651,True,bfd70f24a5cb45ae,bfd70f24a5cb45ae,True
SENT,sent01,101,iteration_end,27,10,7638,7638,True,1ffda122869d0866,1ffda122869d0866,True
SENT,sent01,101,iteration_end,27,11,7601,7601,True,941a68a46afe5d46,941a68a46afe5d46,True
SENT,sent01,101,iteration_end,27,12,7370,7370,True,bcf46fdc2d95bcb7,bcf46fdc2d95bcb7,True
SENT,sent01,101,iteration_end,27,13,6988,6988,True,43dda28eced76b94,43dda28eced76b94,True
SENT,sent01,101,iteration_end,27,14,6632,6632,True,2c9953976de0cdda,2c9953976de0cdda,True
SENT,sent01,101,iteration_end,27,15,6621,6621,True,1e6945c928668dfc,1e6945c928668dfc,True
SENT,sent01,101,iteration_end,27,16,6585,6585,True,f434345ca82763c1,f434345ca82763c1,True
SENT,sent01,101,iteration_end,27,17,6445,6445,True,c210e691a58bc63a,c210e691a58bc63a,True
SENT,sent01,101,iteration_end,27,18,5781,5781,True,2198a70785904a9a,2198a70785904a9a,True
SENT,sent01,101,iteration_end,27,19,5592,5592,True,961576358587847c,961576358587847c,True
SENT,sent01,101,iteration_end,28,0,7758,7758,True,657bdc4e5fcfacb1,657bdc4e5fcfacb1,True
SENT,sent01,101,iteration_end,28,1,7667,7667,True,b0b81eee761a7c3b,b0b81eee761a7c3b,True
SENT,sent01,101,iteration_end,28,2,7662,7662,True,3cf565e42d9eaced,3cf565e42d9eaced,True
SENT,sent01,101,iteration_end,28,3,7662,7662,True,3cf565e42d9eaced,3cf565e42d9eaced,True
SENT,sent01,101,iteration_end,28,4,7662,7662,True,3cf565e42d9eaced,3cf565e42d9eaced,True
SENT,sent01,101,iteration_end,28,5,7662,7662,True,3cf565e42d9eaced,3cf565e42d9eaced,True
SENT,sent01,101,iteration_end,28,6,7632,7632,True,a4dca8405ba3b6f7,a4dca8405ba3b6f7,True
SENT,sent01,101,iteration_end,28,7,7616,7616,True,b25da57ee416bcf0,b25da57ee416bcf0,True
SENT,sent01,101,iteration_end,28,8,7497,7497,True,c85fa5981be69dd3,c85fa5981be69dd3,True
SENT,sent01,101,iteration_end,28,9,7003,7003,True,ef48a375f2e457e8,ef48a375f2e457e8,True
SENT,sent01,101,iteration_end,28,10,6871,6871,True,707bb5f5d77a7dd9,707bb5f5d77a7dd9,True
SENT,sent01,101,iteration_end,28,11,6831,6831,True,3b48a3ac127d2377,3b48a3ac127d2377,True
SENT,sent01,101,iteration_end,28,12,6758,6758,True,e41d369025dc22b8,e41d369025dc22b8,True
SENT,sent01,101,iteration_end,28,13,6607,6607,True,3b92d0eb4fa9c2f3,3b92d0eb4fa9c2f3,True
SENT,sent01,101,iteration_end,28,14,6444,6444,True,34ad169e747e78ab,34ad169e747e78ab,True
SENT,sent01,101,iteration_end,28,15,6436,6436,True,4ad5eb2d76f5b761,4ad5eb2d76f5b761,True
SENT,sent01,101,iteration_end,28,16,6113,6113,True,d7d4c5ba888aa882,d7d4c5ba888aa882,True
SENT,sent01,101,iteration_end,28,17,4762,4762,True,12f974243025bbe4,12f974243025bbe4,True
SENT,sent01,101,iteration_end,28,18,3364,3364,True,ec44e6e595183a36,ec44e6e595183a36,True
SENT,sent01,101,iteration_end,28,19,1514,1514,True,c3149345ec1db656,c3149345ec1db656,True
SENT,sent01,101,iteration_end,29,0,7758,7758,True,657bdc4e5fcfacb1,657bdc4e5fcfacb1,True
SENT,sent01,101,iteration_end,29,1,7706,7706,True,a633810d7649aeea,a633810d7649aeea,True
SENT,sent01,101,iteration_end,29,2,7686,7686,True,6355f8c920f67ff5,6355f8c920f67ff5,True
SENT,sent01,101,iteration_end,29,3,7662,7662,True,3cf565e42d9eaced,3cf565e42d9eaced,True
SENT,sent01,101,iteration_end,29,4,7658,7658,True,01326343fa0d7965,01326343fa0d7965,True
SENT,sent01,101,iteration_end,29,5,7634,7634,True,b9a0e677a91173ad,b9a0e677a91173ad,True
SENT,sent01,101,iteration_end,29,6,7616,7616,True,b25da57ee416bcf0,b25da57ee416bcf0,True
SENT,sent01,101,iteration_end,29,7,7557,7557,True,132f16af099d9770,132f16af099d9770,True
SENT,sent01,101,iteration_end,29,8,7175,7175,True,fd7a08ba79871bce,fd7a08ba79871bce,True
SENT,sent01,101,iteration_end,29,9,7173,7173,True,b3c41f98d011fd70,b3c41f98d011fd70,True
SENT,sent01,101,iteration_end,29,10,7163,7163,True,f72359de13b2c58b,f72359de13b2c58b,True
SENT,sent01,101,iteration_end,29,11,7126,7126,True,1c1bf6a39f65cd00,1c1bf6a39f65cd00,True
SENT,sent01,101,iteration_end,29,12,7079,7079,True,8e57927b5d857b12,8e57927b5d857b12,True
SENT,sent01,101,iteration_end,29,13,7019,7019,True,ccb51e2348e3401e,ccb51e2348e3401e,True
SENT,sent01,101,iteration_end,29,14,6627,6627,True,4d9cd5f80a620bb8,4d9cd5f80a620bb8,True
SENT,sent01,101,iteration_end,29,15,6594,6594,True,82ab37874a82cf31,82ab37874a82cf31,True
SENT,sent01,101,iteration_end,29,16,6466,6466,True,9017ba2c1a7c782d,9017ba2c1a7c782d,True
SENT,sent01,101,iteration_end,29,17,6005,6005,True,cb83f1dac16119c2,cb83f1dac16119c2,True
SENT,sent01,101,iteration_end,29,18,5567,5567,True,addd770a78570532,addd770a78570532,True
SENT,sent01,101,iteration_end,29,19,4361,4361,True,d8e507cc7434f107,d8e507cc7434f107,True
SENT,sent01,101,iteration_end,30,0,7758,7758,True,657bdc4e5fcfacb1,657bdc4e5fcfacb1,True
SENT,sent01,101,iteration_end,30,1,7739,7739,True,2af1ef47f5218f7f,2af1ef47f5218f7f,True
SENT,sent01,101,iteration_end,30,2,7676,7676,True,2091422b86ab6720,2091422b86ab6720,True
SENT,sent01,101,iteration_end,30,3,7616,7616,True,b25da57ee416bcf0,b25da57ee416bcf0,True
SENT,sent01,101,iteration_end,30,4,7616,7616,True,b25da57ee416bcf0,b25da57ee416bcf0,True
SENT,sent01,101,iteration_end,30,5,7295,7295,True,8d8c669c3abdbe10,8d8c669c3abdbe10,True
SENT,sent01,101,iteration_end,30,6,6992,6992,True,3628dec8d4294f92,3628dec8d4294f92,True
SENT,sent01,101,iteration_end,30,7,6930,6930,True,b5fc9f6014130e71,b5fc9f6014130e71,True
SENT,sent01,101,iteration_end,30,8,6746,6746,True,f8e919859f16c356,f8e919859f16c356,True
SENT,sent01,101,iteration_end,30,9,6631,6631,True,4c2d09e7452b818c,4c2d09e7452b818c,True
SENT,sent01,101,iteration_end,30,10,6588,6588,True,00281d41d3ff6e92,00281d41d3ff6e92,True
SENT,sent01,101,iteration_end,30,11,6518,6518,True,961784dfc94e3c62,961784dfc94e3c62,True
SENT,sent01,101,iteration_end,30,12,6453,6453,True,a63d94c8fca6d75c,a63d94c8fca6d75c,True
SENT,sent01,101,iteration_end,30,13,6438,6438,True,da7f8991e090d524,da7f8991e090d524,True
SENT,sent01,101,iteration_end,30,14,6320,6320,True,a9d172623a468157,a9d172623a468157,True
SENT,sent01,101,iteration_end,30,15,6252,6252,True,3eacb253aa2feaa6,3eacb253aa2feaa6,True
SENT,sent01,101,iteration_end,30,16,5756,5756,True,843712286e725e9e,843712286e725e9e,True
SENT,sent01,101,iteration_end,30,17,5523,5523,True,a3888072849ead94,a3888072849ead94,True
SENT,sent01,101,iteration_end,30,18,5090,5090,True,415d0f0ba4f4c08f,415d0f0ba4f4c08f,True
SENT,sent01,101,iteration_end,30,19,2469,2469,True,71e83e4965111d9a,71e83e4965111d9a,True
SENT,sent01,101,iteration_end,31,0,7734,7734,True,5f7b3433a54b08dc,5f7b3433a54b08dc,True
SENT,sent01,101,iteration_end,31,1,7706,7706,True,a633810d7649aeea,a633810d7649aeea,True
SENT,sent01,101,iteration_end,31,2,7662,7662,True,3cf565e42d9eaced,3cf565e42d9eaced,True
SENT,sent01,101,iteration_end,31,3,7658,7658,True,01326343fa0d7965,01326343fa0d7965,True
SENT,sent01,101,iteration_end,31,4,7653,7653,True,076cc4adf9fae0c1,076cc4adf9fae0c1,True
SENT,sent01,101,iteration_end,31,5,7634,7634,True,ee37d5fa44dc91ca,ee37d5fa44dc91ca,True
SENT,sent01,101,iteration_end,31,6,7586,7586,True,dbf2221a74f958e5,dbf2221a74f958e5,True
SENT,sent01,101,iteration_end,31,7,7547,7547,True,805cc0ee01620276,805cc0ee01620276,True
SENT,sent01,101,iteration_end,31,8,7458,7458,True,48bde237f55d2bd4,48bde237f55d2bd4,True
SENT,sent01,101,iteration_end,31,9,7272,7272,True,171df12eed793e91,171df12eed793e91,True
SENT,sent01,101,iteration_end,31,10,6952,6952,True,c006c033ff2746e7,c006c033ff2746e7,True
SENT,sent01,101,iteration_end,31,11,6818,6818,True,9489bb57f0a8bbe8,9489bb57f0a8bbe8,True
SENT,sent01,101,iteration_end,31,12,6767,6767,True,8ee01cff1363d640,8ee01cff1363d640,True
SENT,sent01,101,iteration_end,31,13,6323,6323,True,d4d2fd7c0fe17e01,d4d2fd7c0fe17e01,True
SENT,sent01,101,iteration_end,31,14,6073,6073,True,f449250ff8f2c926,f449250ff8f2c926,True
SENT,sent01,101,iteration_end,31,15,6044,6044,True,9f44e0b2289b287d,9f44e0b2289b287d,True
SENT,sent01,101,iteration_end,31,16,5871,5871,True,365b65938aba0870,365b65938aba0870,True
SENT,sent01,101,iteration_end,31,17,5605,5605,True,86b8222581ce550f,86b8222581ce550f,True
SENT,sent01,101,iteration_end,31,18,5257,5257,True,180f607ca6b2ec9c,180f607ca6b2ec9c,True
SENT,sent01,101,iteration_end,31,19,3787,3787,True,a537622543beab78,a537622543beab78,True
SENT,sent01,101,iteration_end,32,0,7758,7758,True,657bdc4e5fcfacb1,657bdc4e5fcfacb1,True
SENT,sent01,101,iteration_end,32,1,7758,7758,True,657bdc4e5fcfacb1,657bdc4e5fcfacb1,True
SENT,sent01,101,iteration_end,32,2,7706,7706,True,a633810d7649aeea,a633810d7649aeea,True
SENT,sent01,101,iteration_end,32,3,7693,7693,True,a53576ec0371ca57,a53576ec0371ca57,True
SENT,sent01,101,iteration_end,32,4,7658,7658,True,01326343fa0d7965,01326343fa0d7965,True
SENT,sent01,101,iteration_end,32,5,7586,7586,True,dbf2221a74f958e5,dbf2221a74f958e5,True
SENT,sent01,101,iteration_end,32,6,7586,7586,True,dbf2221a74f958e5,dbf2221a74f958e5,True
SENT,sent01,101,iteration_end,32,7,7536,7536,True,a7eb5bc75d0254c0,a7eb5bc75d0254c0,True
SENT,sent01,101,iteration_end,32,8,7518,7518,True,80a544405e0d6f27,80a544405e0d6f27,True
SENT,sent01,101,iteration_end,32,9,7441,7441,True,174173a310598d60,174173a310598d60,True
SENT,sent01,101,iteration_end,32,10,7302,7302,True,3ac506a1e52473b2,3ac506a1e52473b2,True
SENT,sent01,101,iteration_end,32,11,7165,7165,True,a2dfbf76f8e50129,a2dfbf76f8e50129,True
SENT,sent01,101,iteration_end,32,12,7083,7083,True,a9d38c78c903d6f4,a9d38c78c903d6f4,True
SENT,sent01,101,iteration_end,32,13,6540,6540,True,d5a569c9d8bba1ab,d5a569c9d8bba1ab,True
SENT,sent01,101,iteration_end,32,14,6533,6533,True,682a52f1e0cf1a78,682a52f1e0cf1a78,True
SENT,sent01,101,iteration_end,32,15,6512,6512,True,8b1f7a35f5808321,8b1f7a35f5808321,True
SENT,sent01,101,iteration_end,32,16,6186,6186,True,a11138d692fdee8c,a11138d692fdee8c,True
SENT,sent01,101,iteration_end,32,17,6110,6110,True,56392b036054194b,56392b036054194b,True
SENT,sent01,101,iteration_end,32,18,6080,6080,True,2eee7af574215e2d,2eee7af574215e2d,True
SENT,sent01,101,iteration_end,32,19,4832,4832,True,2eeae0fe940c4f29,2eeae0fe940c4f29,True
SENT,sent01,101,iteration_end,33,0,7734,7734,True,5f7b3433a54b08dc,5f7b3433a54b08dc,True
SENT,sent01,101,iteration_end,33,1,7686,7686,True,6355f8c920f67ff5,6355f8c920f67ff5,True
SENT,sent01,101,iteration_end,33,2,7686,7686,True,fa6f7459e0d9a6c8,fa6f7459e0d9a6c8,True
SENT,sent01,101,iteration_end,33,3,7662,7662,True,3cf565e42d9eaced,3cf565e42d9eaced,True
SENT,sent01,101,iteration_end,33,4,7662,7662,True,3cf565e42d9eaced,3cf565e42d9eaced,True
SENT,sent01,101,iteration_end,33,5,7662,7662,True,3cf565e42d9eaced,3cf565e42d9eaced,True
SENT,sent01,101,iteration_end,33,6,7621,7621,True,46fe53cf00f62a51,46fe53cf00f62a51,True
SENT,sent01,101,iteration_end,33,7,7616,7616,True,b25da57ee416bcf0,b25da57ee416bcf0,True
SENT,sent01,101,iteration_end,33,8,7518,7518,True,80a544405e0d6f27,80a544405e0d6f27,True
SENT,sent01,101,iteration_end,33,9,7378,7378,True,bb934ec3b3407847,bb934ec3b3407847,True
SENT,sent01,101,iteration_end,33,10,7219,7219,True,8a796bf0891d368d,8a796bf0891d368d,True
SENT,sent01,101,iteration_end,33,11,7177,7177,True,12dde09c75e02486,12dde09c75e02486,True
SENT,sent01,101,iteration_end,33,12,6973,6973,True,434ee2d10d52e24c,434ee2d10d52e24c,True
SENT,sent01,101,iteration_end,33,13,6608,6608,True,0b8027dd022dbdec,0b8027dd022dbdec,True
SENT,sent01,101,iteration_end,33,14,6584,6584,True,72c04c01e2bd744e,72c04c01e2bd744e,True
SENT,sent01,101,iteration_end,33,15,6496,6496,True,cb71f51bddee90d6,cb71f51bddee90d6,True
SENT,sent01,101,iteration_end,33,16,6074,6074,True,0d6c0ebd5097c47e,0d6c0ebd5097c47e,True
SENT,sent01,101,iteration_end,33,17,5296,5296,True,46caa86656d0163b,46caa86656d0163b,True
SENT,sent01,101,iteration_end,33,18,4840,4840,True,d3346590c5e8b3e4,d3346590c5e8b3e4,True
SENT,sent01,101,iteration_end,33,19,3421,3421,True,e1d3d7984e3f8822,e1d3d7984e3f8822,True
SENT,sent01,101,iteration_end,34,0,7734,7734,True,5f7b3433a54b08dc,5f7b3433a54b08dc,True
SENT,sent01,101,iteration_end,34,1,7734,7734,True,5f7b3433a54b08dc,5f7b3433a54b08dc,True
SENT,sent01,101,iteration_end,34,2,7693,7693,True,a53576ec0371ca57,a53576ec0371ca57,True
SENT,sent01,101,iteration_end,34,3,7676,7676,True,2091422b86ab6720,2091422b86ab6720,True
SENT,sent01,101,iteration_end,34,4,7662,7662,True,3cf565e42d9eaced,3cf565e42d9eaced,True
SENT,sent01,101,iteration_end,34,5,7662,7662,True,3cf565e42d9eaced,3cf565e42d9eaced,True
SENT,sent01,101,iteration_end,34,6,7658,7658,True,01326343fa0d7965,01326343fa0d7965,True
SENT,sent01,101,iteration_end,34,7,7579,7579,True,519f288419b7676e,519f288419b7676e,True
SENT,sent01,101,iteration_end,34,8,7579,7579,True,c3f0d196583d10bf,c3f0d196583d10bf,True
SENT,sent01,101,iteration_end,34,9,7540,7540,True,8b26991125b7ebfa,8b26991125b7ebfa,True
SENT,sent01,101,iteration_end,34,10,7368,7368,True,eb5c531890002f6c,eb5c531890002f6c,True
SENT,sent01,101,iteration_end,34,11,7313,7313,True,c1ca4173365b3e6f,c1ca4173365b3e6f,True
SENT,sent01,101,iteration_end,34,12,7253,7253,True,091ae01d3795ed85,091ae01d3795ed85,True
SENT,sent01,101,iteration_end,34,13,7222,7222,True,c0310644b2055683,c0310644b2055683,True
SENT,sent01,101,iteration_end,34,14,7008,7008,True,06fe268c606c4191,06fe268c606c4191,True
SENT,sent01,101,iteration_end,34,15,6557,6557,True,fc636fce256fe624,fc636fce256fe624,True
SENT,sent01,101,iteration_end,34,16,6379,6379,True,1afa8ca5d2b045fc,1afa8ca5d2b045fc,True
SENT,sent01,101,iteration_end,34,17,5886,5886,True,f6e14dfb31a4828e,f6e14dfb31a4828e,True
SENT,sent01,101,iteration_end,34,18,5813,5813,True,6fd4710b70ee1c6b,6fd4710b70ee1c6b,True
SENT,sent01,101,iteration_end,34,19,5428,5428,True,0ba3c26f41294467,0ba3c26f41294467,True
SENT,sent01,101,iteration_end,35,0,7758,7758,True,657bdc4e5fcfacb1,657bdc4e5fcfacb1,True
SENT,sent01,101,iteration_end,35,1,7716,7716,True,1cb060b4eeb3b724,1cb060b4eeb3b724,True
SENT,sent01,101,iteration_end,35,2,7709,7709,True,45396cd5900522af,45396cd5900522af,True
SENT,sent01,101,iteration_end,35,3,7706,7706,True,a633810d7649aeea,a633810d7649aeea,True
SENT,sent01,101,iteration_end,35,4,7694,7694,True,c55191c3760c417a,c55191c3760c417a,True
SENT,sent01,101,iteration_end,35,5,7662,7662,True,3cf565e42d9eaced,3cf565e42d9eaced,True
SENT,sent01,101,iteration_end,35,6,7662,7662,True,3cf565e42d9eaced,3cf565e42d9eaced,True
SENT,sent01,101,iteration_end,35,7,7658,7658,True,01326343fa0d7965,01326343fa0d7965,True
SENT,sent01,101,iteration_end,35,8,7634,7634,True,b9a0e677a91173ad,b9a0e677a91173ad,True
SENT,sent01,101,iteration_end,35,9,7529,7529,True,77ad9d5fbdf0036c,77ad9d5fbdf0036c,True
SENT,sent01,101,iteration_end,35,10,7441,7441,True,174173a310598d60,174173a310598d60,True
SENT,sent01,101,iteration_end,35,11,7405,7405,True,a863bc16fbae5b6c,a863bc16fbae5b6c,True
SENT,sent01,101,iteration_end,35,12,7270,7270,True,c3a98ecf6764de12,c3a98ecf6764de12,True
SENT,sent01,101,iteration_end,35,13,7153,7153,True,a5f61686d5033188,a5f61686d5033188,True
SENT,sent01,101,iteration_end,35,14,7146,7146,True,ad9ba4ac00f5bd93,ad9ba4ac00f5bd93,True
SENT,sent01,101,iteration_end,35,15,6904,6904,True,614d1c55a3a7866d,614d1c55a3a7866d,True
SENT,sent01,101,iteration_end,35,16,6843,6843,True,37b43a81c855b12e,37b43a81c855b12e,True
SENT,sent01,101,iteration_end,35,17,6677,6677,True,c2d48591ea74adf8,c2d48591ea74adf8,True
SENT,sent01,101,iteration_end,35,18,6063,6063,True,5069a789f41f2946,5069a789f41f2946,True
SENT,sent01,101,iteration_end,35,19,5907,5907,True,65eca122abdc21d6,65eca122abdc21d6,True
SENT,sent01,101,iteration_end,36,0,7758,7758,True,657bdc4e5fcfacb1,657bdc4e5fcfacb1,True
SENT,sent01,101,iteration_end,36,1,7758,7758,True,657bdc4e5fcfacb1,657bdc4e5fcfacb1,True
SENT,sent01,101,iteration_end,36,2,7694,7694,True,c55191c3760c417a,c55191c3760c417a,True
SENT,sent01,101,iteration_end,36,3,7688,7688,True,1adac28e065892f2,1adac28e065892f2,True
SENT,sent01,101,iteration_end,36,4,7688,7688,True,1adac28e065892f2,1adac28e065892f2,True
SENT,sent01,101,iteration_end,36,5,7676,7676,True,2091422b86ab6720,2091422b86ab6720,True
SENT,sent01,101,iteration_end,36,6,7662,7662,True,3cf565e42d9eaced,3cf565e42d9eaced,True
SENT,sent01,101,iteration_end,36,7,7662,7662,True,3cf565e42d9eaced,3cf565e42d9eaced,True
SENT,sent01,101,iteration_end,36,8,7658,7658,True,01326343fa0d7965,01326343fa0d7965,True
SENT,sent01,101,iteration_end,36,9,7586,7586,True,dbf2221a74f958e5,dbf2221a74f958e5,True
SENT,sent01,101,iteration_end,36,10,7571,7571,True,9cb186fe8bf82f14,9cb186fe8bf82f14,True
SENT,sent01,101,iteration_end,36,11,7515,7515,True,e57aae771112451c,e57aae771112451c,True
SENT,sent01,101,iteration_end,36,12,7329,7329,True,af16ed647c21991e,af16ed647c21991e,True
SENT,sent01,101,iteration_end,36,13,7323,7323,True,cff150e1c314a19f,cff150e1c314a19f,True
SENT,sent01,101,iteration_end,36,14,7229,7229,True,5637631e5f5bed61,5637631e5f5bed61,True
SENT,sent01,101,iteration_end,36,15,7192,7192,True,54f4a48ba15a8ca8,54f4a48ba15a8ca8,True
SENT,sent01,101,iteration_end,36,16,7110,7110,True,d4e59395c1fb930f,d4e59395c1fb930f,True
SENT,sent01,101,iteration_end,36,17,6880,6880,True,454e5411e5ace8a6,454e5411e5ace8a6,True
SENT,sent01,101,iteration_end,36,18,6437,6437,True,d257f6ae788da800,d257f6ae788da800,True
SENT,sent01,101,iteration_end,36,19,4096,4096,True,676df31992b959eb,676df31992b959eb,True
SENT,sent01,101,iteration_end,37,0,7758,7758,True,657bdc4e5fcfacb1,657bdc4e5fcfacb1,True
SENT,sent01,101,iteration_end,37,1,7758,7758,True,657bdc4e5fcfacb1,657bdc4e5fcfacb1,True
SENT,sent01,101,iteration_end,37,2,7706,7706,True,a633810d7649aeea,a633810d7649aeea,True
SENT,sent01,101,iteration_end,37,3,7664,7664,True,1be3d1fdbc7e0f97,1be3d1fdbc7e0f97,True
SENT,sent01,101,iteration_end,37,4,7662,7662,True,3cf565e42d9eaced,3cf565e42d9eaced,True
SENT,sent01,101,iteration_end,37,5,7658,7658,True,01326343fa0d7965,01326343fa0d7965,True
SENT,sent01,101,iteration_end,37,6,7329,7329,True,af16ed647c21991e,af16ed647c21991e,True
SENT,sent01,101,iteration_end,37,7,7106,7106,True,9cf739271720f487,9cf739271720f487,True
SENT,sent01,101,iteration_end,37,8,7073,7073,True,9581bd7f00fcf267,9581bd7f00fcf267,True
SENT,sent01,101,iteration_end,37,9,6480,6480,True,e0917be63ca0ece3,e0917be63ca0ece3,True
SENT,sent01,101,iteration_end,37,10,6325,6325,True,a3f29502d758d555,a3f29502d758d555,True
SENT,sent01,101,iteration_end,37,11,6200,6200,True,78dd3dfe0fb378e6,78dd3dfe0fb378e6,True
SENT,sent01,101,iteration_end,37,12,5895,5895,True,6d44241be3aa558b,6d44241be3aa558b,True
SENT,sent01,101,iteration_end,37,13,5818,5818,True,ff50e8c41a96e989,ff50e8c41a96e989,True
SENT,sent01,101,iteration_end,37,14,5818,5818,True,b69f107fd5245f98,b69f107fd5245f98,True
SENT,sent01,101,iteration_end,37,15,5784,5784,True,563d677f52cb2d0d,563d677f52cb2d0d,True
SENT,sent01,101,iteration_end,37,16,5439,5439,True,61c3755ef66a4d4e,61c3755ef66a4d4e,True
SENT,sent01,101,iteration_end,37,17,5309,5309,True,8022aba3f2d01927,8022aba3f2d01927,True
SENT,sent01,101,iteration_end,37,18,4954,4954,True,20281cf65afca0c4,20281cf65afca0c4,True
SENT,sent01,101,iteration_end,37,19,3868,3868,True,c4740db98cc1b706,c4740db98cc1b706,True
SENT,sent01,101,iteration_end,38,0,7758,7758,True,657bdc4e5fcfacb1,657bdc4e5fcfacb1,True
SENT,sent01,101,iteration_end,38,1,7739,7739,True,2af1ef47f5218f7f,2af1ef47f5218f7f,True
SENT,sent01,101,iteration_end,38,2,7662,7662,True,3cf565e42d9eaced,3cf565e42d9eaced,True
SENT,sent01,101,iteration_end,38,3,7658,7658,True,01326343fa0d7965,01326343fa0d7965,True
SENT,sent01,101,iteration_end,38,4,7595,7595,True,7fb13caa06005fb1,7fb13caa06005fb1,True
SENT,sent01,101,iteration_end,38,5,7151,7151,True,e9ca432c4e0bdcfe,e9ca432c4e0bdcfe,True
SENT,sent01,101,iteration_end,38,6,7041,7041,True,6e0584c4f75ad3b9,6e0584c4f75ad3b9,True
SENT,sent01,101,iteration_end,38,7,6874,6874,True,ea2f46bb2f4856e6,ea2f46bb2f4856e6,True
SENT,sent01,101,iteration_end,38,8,6851,6851,True,db5c0dcf8a17efb5,db5c0dcf8a17efb5,True
SENT,sent01,101,iteration_end,38,9,6430,6430,True,8baca2b0566c1d1c,8baca2b0566c1d1c,True
SENT,sent01,101,iteration_end,38,10,6419,6419,True,687436b729f67efd,687436b729f67efd,True
SENT,sent01,101,iteration_end,38,11,6365,6365,True,c1068274298f5239,c1068274298f5239,True
SENT,sent01,101,iteration_end,38,12,6353,6353,True,f6bf481a7d01e301,f6bf481a7d01e301,True
SENT,sent01,101,iteration_end,38,13,6271,6271,True,fcb35e7537f4eb01,fcb35e7537f4eb01,True
SENT,sent01,101,iteration_end,38,14,6256,6256,True,2d12e24e9e54af3d,2d12e24e9e54af3d,True
SENT,sent01,101,iteration_end,38,15,5920,5920,True,1a77b9f4a7ea1c3a,1a77b9f4a7ea1c3a,True
SENT,sent01,101,iteration_end,38,16,5642,5642,True,e5c40ca60e51f772,e5c40ca60e51f772,True
SENT,sent01,101,iteration_end,38,17,4843,4843,True,b90217c35ffe137c,b90217c35ffe137c,True
SENT,sent01,101,iteration_end,38,18,4264,4264,True,24c1723e2859a0a8,24c1723e2859a0a8,True
SENT,sent01,101,iteration_end,38,19,3171,3171,True,4248f374ddbbef61,4248f374ddbbef61,True
SENT,sent01,101,iteration_end,39,0,7758,7758,True,657bdc4e5fcfacb1,657bdc4e5fcfacb1,True
SENT,sent01,101,iteration_end,39,1,7758,7758,True,657bdc4e5fcfacb1,657bdc4e5fcfacb1,True
SENT,sent01,101,iteration_end,39,2,7719,7719,True,e41e05ca777af59f,e41e05ca777af59f,True
SENT,sent01,101,iteration_end,39,3,7688,7688,True,1adac28e065892f2,1adac28e065892f2,True
SENT,sent01,101,iteration_end,39,4,7676,7676,True,2091422b86ab6720,2091422b86ab6720,True
SENT,sent01,101,iteration_end,39,5,7586,7586,True,dbf2221a74f958e5,dbf2221a74f958e5,True
SENT,sent01,101,iteration_end,39,6,7361,7361,True,de0d78c984885b6a,de0d78c984885b6a,True
SENT,sent01,101,iteration_end,39,7,7283,7283,True,02b52727f5de6597,02b52727f5de6597,True
SENT,sent01,101,iteration_end,39,8,7237,7237,True,632404ca4a1f1db9,632404ca4a1f1db9,True
SENT,sent01,101,iteration_end,39,9,6840,6840,True,cc3df27e2d44b292,cc3df27e2d44b292,True
SENT,sent01,101,iteration_end,39,10,6626,6626,True,05dcb8d3554b8e03,05dcb8d3554b8e03,True
SENT,sent01,101,iteration_end,39,11,6485,6485,True,049a7b443b80fa03,049a7b443b80fa03,True
SENT,sent01,101,iteration_end,39,12,6364,6364,True,99e4bca079688226,99e4bca079688226,True
SENT,sent01,101,iteration_end,39,13,6346,6346,True,75b845eb77664322,75b845eb77664322,True
SENT,sent01,101,iteration_end,39,14,6345,6345,True,c632bf6a18c2db59,c632bf6a18c2db59,True
SENT,sent01,101,iteration_end,39,15,5848,5848,True,52a4f8fec5c7dc42,52a4f8fec5c7dc42,True
SENT,sent01,101,iteration_end,39,16,4127,4127,True,ca2171cadeacf0ea,ca2171cadeacf0ea,True
SENT,sent01,101,iteration_end,39,17,3504,3504,True,2ecb34cde29654fd,2ecb34cde29654fd,True
SENT,sent01,101,iteration_end,39,18,2346,2346,True,be60ed902715f1ec,be60ed902715f1ec,True
SENT,sent01,101,iteration_end,39,19,2275,2275,True,cf455706817d8cae,cf455706817d8cae,True
SENT,sent01,101,iteration_end,40,0,7758,7758,True,657bdc4e5fcfacb1,657bdc4e5fcfacb1,True
SENT,sent01,101,iteration_end,40,1,7758,7758,True,657bdc4e5fcfacb1,657bdc4e5fcfacb1,True
SENT,sent01,101,iteration_end,40,2,7734,7734,True,5f7b3433a54b08dc,5f7b3433a54b08dc,True
SENT,sent01,101,iteration_end,40,3,7700,7700,True,28f53525ad55d1cb,28f53525ad55d1cb,True
SENT,sent01,101,iteration_end,40,4,7688,7688,True,1adac28e065892f2,1adac28e065892f2,True
SENT,sent01,101,iteration_end,40,5,7658,7658,True,01326343fa0d7965,01326343fa0d7965,True
SENT,sent01,101,iteration_end,40,6,7658,7658,True,01326343fa0d7965,01326343fa0d7965,True
SENT,sent01,101,iteration_end,40,7,7638,7638,True,1ffda122869d0866,1ffda122869d0866,True
SENT,sent01,101,iteration_end,40,8,7634,7634,True,8cd5b7538228854d,8cd5b7538228854d,True
SENT,sent01,101,iteration_end,40,9,7500,7500,True,e81e8c5f7145f6b2,e81e8c5f7145f6b2,True
SENT,sent01,101,iteration_end,40,10,7295,7295,True,8d8c669c3abdbe10,8d8c669c3abdbe10,True
SENT,sent01,101,iteration_end,40,11,7121,7121,True,7a701d632e9eeb3d,7a701d632e9eeb3d,True
SENT,sent01,101,iteration_end,40,12,7101,7101,True,ddd47c95c0140587,ddd47c95c0140587,True
SENT,sent01,101,iteration_end,40,13,7095,7095,True,e3c2315aa85c6f40,e3c2315aa85c6f40,True
SENT,sent01,101,iteration_end,40,14,6901,6901,True,d18b794ade9ba343,d18b794ade9ba343,True
SENT,sent01,101,iteration_end,40,15,6432,6432,True,74d263188b0a4f89,74d263188b0a4f89,True
SENT,sent01,101,iteration_end,40,16,5649,5649,True,298eaf4070a9a14f,298eaf4070a9a14f,True
SENT,sent01,101,iteration_end,40,17,5524,5524,True,8ad4b45b428333d6,8ad4b45b428333d6,True
SENT,sent01,101,iteration_end,40,18,4378,4378,True,33e81f8a95ebed30,33e81f8a95ebed30,True
SENT,sent01,101,iteration_end,40,19,4046,4046,True,006ebd393298abd0,006ebd393298abd0,True
SENT,sent01,101,iteration_end,41,0,7706,7706,True,144cdd8ec39b4885,144cdd8ec39b4885,True
SENT,sent01,101,iteration_end,41,1,7693,7693,True,a53576ec0371ca57,a53576ec0371ca57,True
SENT,sent01,101,iteration_end,41,2,7686,7686,True,6355f8c920f67ff5,6355f8c920f67ff5,True
SENT,sent01,101,iteration_end,41,3,7662,7662,True,3cf565e42d9eaced,3cf565e42d9eaced,True
SENT,sent01,101,iteration_end,41,4,7621,7621,True,46fe53cf00f62a51,46fe53cf00f62a51,True
SENT,sent01,101,iteration_end,41,5,7621,7621,True,46fe53cf00f62a51,46fe53cf00f62a51,True
SENT,sent01,101,iteration_end,41,6,7403,7403,True,1b0862cdd847244d,1b0862cdd847244d,True
SENT,sent01,101,iteration_end,41,7,7198,7198,True,705312dbaaacc101,705312dbaaacc101,True
SENT,sent01,101,iteration_end,41,8,7171,7171,True,33474188824f6360,33474188824f6360,True
SENT,sent01,101,iteration_end,41,9,6928,6928,True,f01060ce5bc7588a,f01060ce5bc7588a,True
SENT,sent01,101,iteration_end,41,10,6863,6863,True,c94880ae3beb8aa0,c94880ae3beb8aa0,True
SENT,sent01,101,iteration_end,41,11,6605,6605,True,eccd8f1aed73dad0,eccd8f1aed73dad0,True
SENT,sent01,101,iteration_end,41,12,6427,6427,True,1c090e29e20db9b1,1c090e29e20db9b1,True
SENT,sent01,101,iteration_end,41,13,6417,6417,True,6f958563fd03cd5a,6f958563fd03cd5a,True
SENT,sent01,101,iteration_end,41,14,6152,6152,True,efc7030e18a8e79a,efc7030e18a8e79a,True
SENT,sent01,101,iteration_end,41,15,5862,5862,True,37cdc477b83c0c71,37cdc477b83c0c71,True
SENT,sent01,101,iteration_end,41,16,5768,5768,True,f7234354ecde9c36,f7234354ecde9c36,True
SENT,sent01,101,iteration_end,41,17,5335,5335,True,b70ba2e459b5c7c4,b70ba2e459b5c7c4,True
SENT,sent01,101,iteration_end,41,18,5250,5250,True,002d2bafa8be82d0,002d2bafa8be82d0,True
SENT,sent01,101,iteration_end,41,19,4990,4990,True,26df1bc9ef6d7151,26df1bc9ef6d7151,True
SENT,sent01,101,iteration_end,42,0,7758,7758,True,657bdc4e5fcfacb1,657bdc4e5fcfacb1,True
SENT,sent01,101,iteration_end,42,1,7758,7758,True,657bdc4e5fcfacb1,657bdc4e5fcfacb1,True
SENT,sent01,101,iteration_end,42,2,7734,7734,True,5f7b3433a54b08dc,5f7b3433a54b08dc,True
SENT,sent01,101,iteration_end,42,3,7693,7693,True,a53576ec0371ca57,a53576ec0371ca57,True
SENT,sent01,101,iteration_end,42,4,7573,7573,True,a7db97ae02e3e48e,a7db97ae02e3e48e,True
SENT,sent01,101,iteration_end,42,5,7271,7271,True,9539ce1bd244d6fc,9539ce1bd244d6fc,True
SENT,sent01,101,iteration_end,42,6,7207,7207,True,7b9f1d9f71f99622,7b9f1d9f71f99622,True
SENT,sent01,101,iteration_end,42,7,7054,7054,True,8ca1f587a163698b,8ca1f587a163698b,True
SENT,sent01,101,iteration_end,42,8,7022,7022,True,78419d6d0676c43a,78419d6d0676c43a,True
SENT,sent01,101,iteration_end,42,9,7008,7008,True,8bdfa4572a67cf29,8bdfa4572a67cf29,True
SENT,sent01,101,iteration_end,42,10,6979,6979,True,a2a4703c7d0ccb08,a2a4703c7d0ccb08,True
SENT,sent01,101,iteration_end,42,11,6880,6880,True,da4b21c943123a3a,da4b21c943123a3a,True
SENT,sent01,101,iteration_end,42,12,6710,6710,True,cc33bb66f391110a,cc33bb66f391110a,True
SENT,sent01,101,iteration_end,42,13,6515,6515,True,aada82b623b0df6d,aada82b623b0df6d,True
SENT,sent01,101,iteration_end,42,14,6072,6072,True,09e2acb1af18cec0,09e2acb1af18cec0,True
SENT,sent01,101,iteration_end,42,15,6037,6037,True,4e36805063e3427c,4e36805063e3427c,True
SENT,sent01,101,iteration_end,42,16,5918,5918,True,3dbe5aabd02659b8,3dbe5aabd02659b8,True
SENT,sent01,101,iteration_end,42,17,5667,5667,True,7ed79c00c84787ce,7ed79c00c84787ce,True
SENT,sent01,101,iteration_end,42,18,5650,5650,True,a77e0bc9194396cf,a77e0bc9194396cf,True
SENT,sent01,101,iteration_end,42,19,4677,4677,True,0571dbd87dd28249,0571dbd87dd28249,True
SENT,sent01,101,iteration_end,43,0,7758,7758,True,657bdc4e5fcfacb1,657bdc4e5fcfacb1,True
SENT,sent01,101,iteration_end,43,1,7694,7694,True,c55191c3760c417a,c55191c3760c417a,True
SENT,sent01,101,iteration_end,43,2,7678,7678,True,bfdc1a53f505c11a,bfdc1a53f505c11a,True
SENT,sent01,101,iteration_end,43,3,7676,7676,True,2091422b86ab6720,2091422b86ab6720,True
SENT,sent01,101,iteration_end,43,4,7662,7662,True,3cf565e42d9eaced,3cf565e42d9eaced,True
SENT,sent01,101,iteration_end,43,5,7658,7658,True,01326343fa0d7965,01326343fa0d7965,True
SENT,sent01,101,iteration_end,43,6,7658,7658,True,01326343fa0d7965,01326343fa0d7965,True
SENT,sent01,101,iteration_end,43,7,7634,7634,True,321354971be2f341,321354971be2f341,True
SENT,sent01,101,iteration_end,43,8,7601,7601,True,941a68a46afe5d46,941a68a46afe5d46,True
SENT,sent01,101,iteration_end,43,9,7586,7586,True,dbf2221a74f958e5,dbf2221a74f958e5,True
SENT,sent01,101,iteration_end,43,10,7272,7272,True,105923eddd8263b5,105923eddd8263b5,True
SENT,sent01,101,iteration_end,43,11,7165,7165,True,9152771647c3a1b5,9152771647c3a1b5,True
SENT,sent01,101,iteration_end,43,12,6973,6973,True,434ee2d10d52e24c,434ee2d10d52e24c,True
SENT,sent01,101,iteration_end,43,13,6846,6846,True,a3257f6fc486b216,a3257f6fc486b216,True
SENT,sent01,101,iteration_end,43,14,6717,6717,True,016985a1302dbada,016985a1302dbada,True
SENT,sent01,101,iteration_end,43,15,6455,6455,True,9641eeda1409df47,9641eeda1409df47,True
SENT,sent01,101,iteration_end,43,16,6293,6293,True,52f3c37cf3773985,52f3c37cf3773985,True
SENT,sent01,101,iteration_end,43,17,5663,5663,True,4d3799fee51d189c,4d3799fee51d189c,True
SENT,sent01,101,iteration_end,43,18,5431,5431,True,2839ef9c9b44d420,2839ef9c9b44d420,True
SENT,sent01,101,iteration_end,43,19,5085,5085,True,35ec3c40ef2fbd3a,35ec3c40ef2fbd3a,True
SENT,sent01,101,iteration_end,44,0,7758,7758,True,657bdc4e5fcfacb1,657bdc4e5fcfacb1,True
SENT,sent01,101,iteration_end,44,1,7706,7706,True,144cdd8ec39b4885,144cdd8ec39b4885,True
SENT,sent01,101,iteration_end,44,2,7688,7688,True,c9bcf314e3d0ed19,c9bcf314e3d0ed19,True
SENT,sent01,101,iteration_end,44,3,7686,7686,True,6355f8c920f67ff5,6355f8c920f67ff5,True
SENT,sent01,101,iteration_end,44,4,7676,7676,True,2091422b86ab6720,2091422b86ab6720,True
SENT,sent01,101,iteration_end,44,5,7654,7654,True,8891d00f3d799620,8891d00f3d799620,True
SENT,sent01,101,iteration_end,44,6,7621,7621,True,46fe53cf00f62a51,46fe53cf00f62a51,True
SENT,sent01,101,iteration_end,44,7,7601,7601,True,941a68a46afe5d46,941a68a46afe5d46,True
SENT,sent01,101,iteration_end,44,8,7284,7284,True,73d3f8b09ec909e5,73d3f8b09ec909e5,True
SENT,sent01,101,iteration_end,44,9,7196,7196,True,1196e902bae0051d,1196e902bae0051d,True
SENT,sent01,101,iteration_end,44,10,7113,7113,True,cbcd9c06e9d4b918,cbcd9c06e9d4b918,True
SENT,sent01,101,iteration_end,44,11,6918,6918,True,7ac93991200d70ed,7ac93991200d70ed,True
SENT,sent01,101,iteration_end,44,12,6767,6767,True,eeb939d09059c529,eeb939d09059c529,True
SENT,sent01,101,iteration_end,44,13,6494,6494,True,ebd98f6b53d5a4ca,ebd98f6b53d5a4ca,True
SENT,sent01,101,iteration_end,44,14,6475,6475,True,e804c491e4d7f5ea,e804c491e4d7f5ea,True
SENT,sent01,101,iteration_end,44,15,6443,6443,True,7c37a515c50adf2a,7c37a515c50adf2a,True
SENT,sent01,101,iteration_end,44,16,6279,6279,True,6fd628ccaebaf2a5,6fd628ccaebaf2a5,True
SENT,sent01,101,iteration_end,44,17,5646,5646,True,71bb77801f4dcc20,71bb77801f4dcc20,True
SENT,sent01,101,iteration_end,44,18,4871,4871,True,06081e3b2c4c4e3f,06081e3b2c4c4e3f,True
SENT,sent01,101,iteration_end,44,19,3743,3743,True,06385300d5aa9680,06385300d5aa9680,True
SENT,sent01,101,iteration_end,45,0,7734,7734,True,5f7b3433a54b08dc,5f7b3433a54b08dc,True
SENT,sent01,101,iteration_end,45,1,7734,7734,True,5f7b3433a54b08dc,5f7b3433a54b08dc,True
SENT,sent01,101,iteration_end,45,2,7699,7699,True,1f516460f765b2a1,1f516460f765b2a1,True
SENT,sent01,101,iteration_end,45,3,7693,7693,True,a53576ec0371ca57,a53576ec0371ca57,True
SENT,sent01,101,iteration_end,45,4,7686,7686,True,6355f8c920f67ff5,6355f8c920f67ff5,True
SENT,sent01,101,iteration_end,45,5,7663,7663,True,a94ff5c9b624237f,a94ff5c9b624237f,True
SENT,sent01,101,iteration_end,45,6,7662,7662,True,3cf565e42d9eaced,3cf565e42d9eaced,True
SENT,sent01,101,iteration_end,45,7,7653,7653,True,076cc4adf9fae0c1,076cc4adf9fae0c1,True
SENT,sent01,101,iteration_end,45,8,7634,7634,True,b9a0e677a91173ad,b9a0e677a91173ad,True
SENT,sent01,101,iteration_end,45,9,7616,7616,True,b25da57ee416bcf0,b25da57ee416bcf0,True
SENT,sent01,101,iteration_end,45,10,7586,7586,True,dbf2221a74f958e5,dbf2221a74f958e5,True
SENT,sent01,101,iteration_end,45,11,7531,7531,True,07854fca3b4fb9ab,07854fca3b4fb9ab,True
SENT,sent01,101,iteration_end,45,12,7518,7518,True,80a544405e0d6f27,80a544405e0d6f27,True
SENT,sent01,101,iteration_end,45,13,7316,7316,True,3dc5c071911cc7d3,3dc5c071911cc7d3,True
SENT,sent01,101,iteration_end,45,14,6746,6746,True,baf879869fcdace7,baf879869fcdace7,True
SENT,sent01,101,iteration_end,45,15,6624,6624,True,ab5d017fdaf5229a,ab5d017fdaf5229a,True
SENT,sent01,101,iteration_end,45,16,6486,6486,True,e522fa907492cdab,e522fa907492cdab,True
SENT,sent01,101,iteration_end,45,17,5902,5902,True,716eaf785cef4f66,716eaf785cef4f66,True
SENT,sent01,101,iteration_end,45,18,4963,4963,True,9f7e226267c39245,9f7e226267c39245,True
SENT,sent01,101,iteration_end,45,19,4429,4429,True,455141db38c9c572,455141db38c9c572,True
SENT,sent01,101,iteration_end,46,0,7739,7739,True,2af1ef47f5218f7f,2af1ef47f5218f7f,True
SENT,sent01,101,iteration_end,46,1,7686,7686,True,6355f8c920f67ff5,6355f8c920f67ff5,True
SENT,sent01,101,iteration_end,46,2,7686,7686,True,6355f8c920f67ff5,6355f8c920f67ff5,True
SENT,sent01,101,iteration_end,46,3,7658,7658,True,01326343fa0d7965,01326343fa0d7965,True
SENT,sent01,101,iteration_end,46,4,7285,7285,True,f1638b2bdaa742a8,f1638b2bdaa742a8,True
SENT,sent01,101,iteration_end,46,5,7223,7223,True,dd504a9aefcf2317,dd504a9aefcf2317,True
SENT,sent01,101,iteration_end,46,6,7131,7131,True,15a6557cc806e3f0,15a6557cc806e3f0,True
SENT,sent01,101,iteration_end,46,7,7099,7099,True,ff2fbbf17e971770,ff2fbbf17e971770,True
SENT,sent01,101,iteration_end,46,8,7071,7071,True,90a43f93b10f78c6,90a43f93b10f78c6,True
SENT,sent01,101,iteration_end,46,9,6700,6700,True,1833b89c2a562e53,1833b89c2a562e53,True
SENT,sent01,101,iteration_end,46,10,6454,6454,True,eb464ecbec830965,eb464ecbec830965,True
SENT,sent01,101,iteration_end,46,11,6231,6231,True,99298bef6456c058,99298bef6456c058,True
SENT,sent01,101,iteration_end,46,12,6007,6007,True,c00c5ba26b024f67,c00c5ba26b024f67,True
SENT,sent01,101,iteration_end,46,13,5980,5980,True,379b6805f59e4c63,379b6805f59e4c63,True
SENT,sent01,101,iteration_end,46,14,5582,5582,True,d6798ea69d4b0729,d6798ea69d4b0729,True
SENT,sent01,101,iteration_end,46,15,5210,5210,True,1151547a75fb62e7,1151547a75fb62e7,True
SENT,sent01,101,iteration_end,46,16,4908,4908,True,43b339d475b26171,43b339d475b26171,True
SENT,sent01,101,iteration_end,46,17,4013,4013,True,212e17a4068fd74f,212e17a4068fd74f,True
SENT,sent01,101,iteration_end,46,18,3971,3971,True,e8d08e8edc07d325,e8d08e8edc07d325,True
SENT,sent01,101,iteration_end,46,19,3474,3474,True,5c40d18ca2f3c70d,5c40d18ca2f3c70d,True
SENT,sent01,101,iteration_end,47,0,7758,7758,True,657bdc4e5fcfacb1,657bdc4e5fcfacb1,True
SENT,sent01,101,iteration_end,47,1,7734,7734,True,5f7b3433a54b08dc,5f7b3433a54b08dc,True
SENT,sent01,101,iteration_end,47,2,7734,7734,True,5f7b3433a54b08dc,5f7b3433a54b08dc,True
SENT,sent01,101,iteration_end,47,3,7697,7697,True,3e2f217082e078b3,3e2f217082e078b3,True
SENT,sent01,101,iteration_end,47,4,7693,7693,True,a53576ec0371ca57,a53576ec0371ca57,True
SENT,sent01,101,iteration_end,47,5,7662,7662,True,3cf565e42d9eaced,3cf565e42d9eaced,True
SENT,sent01,101,iteration_end,47,6,7615,7615,True,1f31e2269ed8c5f0,1f31e2269ed8c5f0,True
SENT,sent01,101,iteration_end,47,7,7563,7563,True,c2281040c0ce909a,c2281040c0ce909a,True
SENT,sent01,101,iteration_end,47,8,7213,7213,True,0fe8cce5ec76cf02,0fe8cce5ec76cf02,True
SENT,sent01,101,iteration_end,47,9,6837,6837,True,22c507649d29c598,22c507649d29c598,True
SENT,sent01,101,iteration_end,47,10,6690,6690,True,937b6f866d4ae711,937b6f866d4ae711,True
SENT,sent01,101,iteration_end,47,11,6570,6570,True,5c63e50208b97972,5c63e50208b97972,True
SENT,sent01,101,iteration_end,47,12,6563,6563,True,ac55d4cf631d2079,ac55d4cf631d2079,True
SENT,sent01,101,iteration_end,47,13,6513,6513,True,4bed5e72796301a9,4bed5e72796301a9,True
SENT,sent01,101,iteration_end,47,14,6321,6321,True,19fa22c0f57011d7,19fa22c0f57011d7,True
SENT,sent01,101,iteration_end,47,15,5968,5968,True,df55ec2badce90c6,df55ec2badce90c6,True
SENT,sent01,101,iteration_end,47,16,5893,5893,True,29f6cb99788b1da1,29f6cb99788b1da1,True
SENT,sent01,101,iteration_end,47,17,5670,5670,True,77c2fd0fbb919949,77c2fd0fbb919949,True
SENT,sent01,101,iteration_end,47,18,5619,5619,True,359179335f462b45,359179335f462b45,True
SENT,sent01,101,iteration_end,47,19,5036,5036,True,6c27555489878029,6c27555489878029,True
SENT,sent01,101,iteration_end,48,0,7758,7758,True,657bdc4e5fcfacb1,657bdc4e5fcfacb1,True
SENT,sent01,101,iteration_end,48,1,7758,7758,True,657bdc4e5fcfacb1,657bdc4e5fcfacb1,True
SENT,sent01,101,iteration_end,48,2,7734,7734,True,5f7b3433a54b08dc,5f7b3433a54b08dc,True
SENT,sent01,101,iteration_end,48,3,7706,7706,True,144cdd8ec39b4885,144cdd8ec39b4885,True
SENT,sent01,101,iteration_end,48,4,7699,7699,True,1f516460f765b2a1,1f516460f765b2a1,True
SENT,sent01,101,iteration_end,48,5,7693,7693,True,a53576ec0371ca57,a53576ec0371ca57,True
SENT,sent01,101,iteration_end,48,6,7688,7688,True,1adac28e065892f2,1adac28e065892f2,True
SENT,sent01,101,iteration_end,48,7,7676,7676,True,2091422b86ab6720,2091422b86ab6720,True
SENT,sent01,101,iteration_end,48,8,7658,7658,True,01326343fa0d7965,01326343fa0d7965,True
SENT,sent01,101,iteration_end,48,9,7586,7586,True,dbf2221a74f958e5,dbf2221a74f958e5,True
SENT,sent01,101,iteration_end,48,10,7573,7573,True,3341e07f724c7b6d,3341e07f724c7b6d,True
SENT,sent01,101,iteration_end,48,11,7213,7213,True,0fe8cce5ec76cf02,0fe8cce5ec76cf02,True
SENT,sent01,101,iteration_end,48,12,6996,6996,True,3174389a412464b3,3174389a412464b3,True
SENT,sent01,101,iteration_end,48,13,6286,6286,True,9d182bed7265fac7,9d182bed7265fac7,True
SENT,sent01,101,iteration_end,48,14,6231,6231,True,4ec3c52caba2d8f7,4ec3c52caba2d8f7,True
SENT,sent01,101,iteration_end,48,15,6011,6011,True,9599832c330009b4,9599832c330009b4,True
SENT,sent01,101,iteration_end,48,16,5889,5889,True,06e19629ec423337,06e19629ec423337,True
SENT,sent01,101,iteration_end,48,17,5693,5693,True,33294bcc460a2a93,33294bcc460a2a93,True
SENT,sent01,101,iteration_end,48,18,4741,4741,True,deca36dd4aea0b0b,deca36dd4aea0b0b,True
SENT,sent01,101,iteration_end,48,19,4128,4128,True,229a8f820931acdf,229a8f820931acdf,True
SENT,sent01,101,iteration_end,49,0,7758,7758,True,657bdc4e5fcfacb1,657bdc4e5fcfacb1,True
SENT,sent01,101,iteration_end,49,1,7688,7688,True,1adac28e065892f2,1adac28e065892f2,True
SENT,sent01,101,iteration_end,49,2,7662,7662,True,3cf565e42d9eaced,3cf565e42d9eaced,True
SENT,sent01,101,iteration_end,49,3,7662,7662,True,3cf565e42d9eaced,3cf565e42d9eaced,True
SENT,sent01,101,iteration_end,49,4,7658,7658,True,01326343fa0d7965,01326343fa0d7965,True
SENT,sent01,101,iteration_end,49,5,7658,7658,True,01326343fa0d7965,01326343fa0d7965,True
SENT,sent01,101,iteration_end,49,6,7632,7632,True,a4dca8405ba3b6f7,a4dca8405ba3b6f7,True
SENT,sent01,101,iteration_end,49,7,7612,7612,True,c2e11886c8dc0148,c2e11886c8dc0148,True
SENT,sent01,101,iteration_end,49,8,7553,7553,True,21361f0a7e0fe0db,21361f0a7e0fe0db,True
SENT,sent01,101,iteration_end,49,9,6935,6935,True,a1492a424f779258,a1492a424f779258,True
SENT,sent01,101,iteration_end,49,10,6882,6882,True,f158a730d846f045,f158a730d846f045,True
SENT,sent01,101,iteration_end,49,11,6598,6598,True,fbd4e3329a3a4d76,fbd4e3329a3a4d76,True
SENT,sent01,101,iteration_end,49,12,6460,6460,True,2a5fa5e803404063,2a5fa5e803404063,True
SENT,sent01,101,iteration_end,49,13,6306,6306,True,58b4f565b4bda3c5,58b4f565b4bda3c5,True
SENT,sent01,101,iteration_end,49,14,6298,6298,True,4be22ae30a2238e1,4be22ae30a2238e1,True
SENT,sent01,101,iteration_end,49,15,5917,5917,True,ab3fc0c009b1012b,ab3fc0c009b1012b,True
SENT,sent01,101,iteration_end,49,16,5867,5867,True,631227442fb46c41,631227442fb46c41,True
SENT,sent01,101,iteration_end,49,17,5319,5319,True,55d3902ffc41509b,55d3902ffc41509b,True
SENT,sent01,101,iteration_end,49,18,4967,4967,True,6473e389fd5e6e68,6473e389fd5e6e68,True
SENT,sent01,101,iteration_end,49,19,4960,4960,True,56647ba0ce91c769,56647ba0ce91c769,True
SENT,sent01,101,iteration_end,50,0,7758,7758,True,657bdc4e5fcfacb1,657bdc4e5fcfacb1,True
SENT,sent01,101,iteration_end,50,1,7728,7728,True,4b70a22311db47dc,4b70a22311db47dc,True
SENT,sent01,101,iteration_end,50,2,7706,7706,True,a633810d7649aeea,a633810d7649aeea,True
SENT,sent01,101,iteration_end,50,3,7667,7667,True,b0b81eee761a7c3b,b0b81eee761a7c3b,True
SENT,sent01,101,iteration_end,50,4,7662,7662,True,3cf565e42d9eaced,3cf565e42d9eaced,True
SENT,sent01,101,iteration_end,50,5,7658,7658,True,01326343fa0d7965,01326343fa0d7965,True
SENT,sent01,101,iteration_end,50,6,7653,7653,True,076cc4adf9fae0c1,076cc4adf9fae0c1,True
SENT,sent01,101,iteration_end,50,7,7634,7634,True,8cd5b7538228854d,8cd5b7538228854d,True
SENT,sent01,101,iteration_end,50,8,7616,7616,True,b25da57ee416bcf0,b25da57ee416bcf0,True
SENT,sent01,101,iteration_end,50,9,7604,7604,True,59143188b0b1f208,59143188b0b1f208,True
SENT,sent01,101,iteration_end,50,10,7604,7604,True,59143188b0b1f208,59143188b0b1f208,True
SENT,sent01,101,iteration_end,50,11,7511,7511,True,3bb1883babf9ea62,3bb1883babf9ea62,True
SENT,sent01,101,iteration_end,50,12,6905,6905,True,b4ee8a41fd5e7c2b,b4ee8a41fd5e7c2b,True
SENT,sent01,101,iteration_end,50,13,6625,6625,True,cfdf2e95c84fcebf,cfdf2e95c84fcebf,True
SENT,sent01,101,iteration_end,50,14,6414,6414,True,feba3c039703aef5,feba3c039703aef5,True
SENT,sent01,101,iteration_end,50,15,6409,6409,True,35ff7e7339ca5bcd,35ff7e7339ca5bcd,True
SENT,sent01,101,iteration_end,50,16,5938,5938,True,aab9a5fe55388ce0,aab9a5fe55388ce0,True
SENT,sent01,101,iteration_end,50,17,5744,5744,True,89d137b41e0e1a7a,89d137b41e0e1a7a,True
SENT,sent01,101,iteration_end,50,18,5663,5663,True,772d191f25a2d514,772d191f25a2d514,True
SENT,sent01,101,iteration_end,50,19,4837,4837,True,8442669ddf739878,8442669ddf739878,True
SENT,sent01,101,iteration_end,51,0,7758,7758,True,657bdc4e5fcfacb1,657bdc4e5fcfacb1,True
SENT,sent01,101,iteration_end,51,1,7758,7758,True,657bdc4e5fcfacb1,657bdc4e5fcfacb1,True
SENT,sent01,101,iteration_end,51,2,7758,7758,True,657bdc4e5fcfacb1,657bdc4e5fcfacb1,True
SENT,sent01,101,iteration_end,51,3,7758,7758,True,657bdc4e5fcfacb1,657bdc4e5fcfacb1,True
SENT,sent01,101,iteration_end,51,4,7706,7706,True,144cdd8ec39b4885,144cdd8ec39b4885,True
SENT,sent01,101,iteration_end,51,5,7693,7693,True,a53576ec0371ca57,a53576ec0371ca57,True
SENT,sent01,101,iteration_end,51,6,7693,7693,True,a53576ec0371ca57,a53576ec0371ca57,True
SENT,sent01,101,iteration_end,51,7,7688,7688,True,1adac28e065892f2,1adac28e065892f2,True
SENT,sent01,101,iteration_end,51,8,7676,7676,True,2091422b86ab6720,2091422b86ab6720,True
SENT,sent01,101,iteration_end,51,9,7656,7656,True,514847045accb640,514847045accb640,True
SENT,sent01,101,iteration_end,51,10,7616,7616,True,b25da57ee416bcf0,b25da57ee416bcf0,True
SENT,sent01,101,iteration_end,51,11,7616,7616,True,b25da57ee416bcf0,b25da57ee416bcf0,True
SENT,sent01,101,iteration_end,51,12,7531,7531,True,f3caefc72ed29725,f3caefc72ed29725,True
SENT,sent01,101,iteration_end,51,13,7146,7146,True,2a261ae0aafdd1a2,2a261ae0aafdd1a2,True
SENT,sent01,101,iteration_end,51,14,6941,6941,True,9b54dca9db5e468c,9b54dca9db5e468c,True
SENT,sent01,101,iteration_end,51,15,6934,6934,True,41128b06e3a1cee2,41128b06e3a1cee2,True
SENT,sent01,101,iteration_end,51,16,6883,6883,True,41df80f5ba58f0b4,41df80f5ba58f0b4,True
SENT,sent01,101,iteration_end,51,17,5956,5956,True,be8225ec7e317b18,be8225ec7e317b18,True
SENT,sent01,101,iteration_end,51,18,5937,5937,True,43f5941218005e32,43f5941218005e32,True
SENT,sent01,101,iteration_end,51,19,5846,5846,True,66c6dfc5bf91131c,66c6dfc5bf91131c,True
SENT,sent01,101,iteration_end,52,0,7758,7758,True,657bdc4e5fcfacb1,657bdc4e5fcfacb1,True
SENT,sent01,101,iteration_end,52,1,7706,7706,True,144cdd8ec39b4885,144cdd8ec39b4885,True
SENT,sent01,101,iteration_end,52,2,7693,7693,True,a53576ec0371ca57,a53576ec0371ca57,True
SENT,sent01,101,iteration_end,52,3,7688,7688,True,1adac28e065892f2,1adac28e065892f2,True
SENT,sent01,101,iteration_end,52,4,7676,7676,True,2091422b86ab6720,2091422b86ab6720,True
SENT,sent01,101,iteration_end,52,5,7676,7676,True,2091422b86ab6720,2091422b86ab6720,True
SENT,sent01,101,iteration_end,52,6,7634,7634,True,8cd5b7538228854d,8cd5b7538228854d,True
SENT,sent01,101,iteration_end,52,7,7604,7604,True,59143188b0b1f208,59143188b0b1f208,True
SENT,sent01,101,iteration_end,52,8,7581,7581,True,bffad4f6092c34b1,bffad4f6092c34b1,True
SENT,sent01,101,iteration_end,52,9,7529,7529,True,77ad9d5fbdf0036c,77ad9d5fbdf0036c,True
SENT,sent01,101,iteration_end,52,10,7380,7380,True,b4e682f7be788247,b4e682f7be788247,True
SENT,sent01,101,iteration_end,52,11,7023,7023,True,56e7f8c969c94843,56e7f8c969c94843,True
SENT,sent01,101,iteration_end,52,12,6986,6986,True,0c9ae441882f5f8c,0c9ae441882f5f8c,True
SENT,sent01,101,iteration_end,52,13,6788,6788,True,5d4e4acfc3b4cb6c,5d4e4acfc3b4cb6c,True
SENT,sent01,101,iteration_end,52,14,6405,6405,True,705fb579d94e11c1,705fb579d94e11c1,True
SENT,sent01,101,iteration_end,52,15,6194,6194,True,34b913c343a56591,34b913c343a56591,True
SENT,sent01,101,iteration_end,52,16,5802,5802,True,b4541fb8af7df870,b4541fb8af7df870,True
SENT,sent01,101,iteration_end,52,17,5631,5631,True,ea49142a6e6737e1,ea49142a6e6737e1,True
SENT,sent01,101,iteration_end,52,18,5252,5252,True,7b11c7dceb1ae3e9,7b11c7dceb1ae3e9,True
SENT,sent01,101,iteration_end,52,19,3746,3746,True,fbacc960c13ab21e,fbacc960c13ab21e,True
SENT,sent01,101,iteration_end,53,0,7686,7686,True,6355f8c920f67ff5,6355f8c920f67ff5,True
SENT,sent01,101,iteration_end,53,1,7671,7671,True,8644e497ad923481,8644e497ad923481,True
SENT,sent01,101,iteration_end,53,2,7662,7662,True,3cf565e42d9eaced,3cf565e42d9eaced,True
SENT,sent01,101,iteration_end,53,3,7662,7662,True,709f7827e18ee3b8,709f7827e18ee3b8,True
SENT,sent01,101,iteration_end,53,4,7662,7662,True,3cf565e42d9eaced,3cf565e42d9eaced,True
SENT,sent01,101,iteration_end,53,5,7658,7658,True,01326343fa0d7965,01326343fa0d7965,True
SENT,sent01,101,iteration_end,53,6,7232,7232,True,df5b145eae791f41,df5b145eae791f41,True
SENT,sent01,101,iteration_end,53,7,7228,7228,True,b5cc5468259a0c11,b5cc5468259a0c11,True
SENT,sent01,101,iteration_end,53,8,7053,7053,True,8d95dd4acdd414f3,8d95dd4acdd414f3,True
SENT,sent01,101,iteration_end,53,9,6862,6862,True,ebba32110531288e,ebba32110531288e,True
SENT,sent01,101,iteration_end,53,10,6709,6709,True,216acc9e3a1716c7,216acc9e3a1716c7,True
SENT,sent01,101,iteration_end,53,11,6655,6655,True,197efd3b03e04e87,197efd3b03e04e87,True
SENT,sent01,101,iteration_end,53,12,6580,6580,True,0ad66105f1d1fba1,0ad66105f1d1fba1,True
SENT,sent01,101,iteration_end,53,13,6573,6573,True,3459866e8344084a,3459866e8344084a,True
SENT,sent01,101,iteration_end,53,14,6475,6475,True,dfda5f347f3ee7ad,dfda5f347f3ee7ad,True
SENT,sent01,101,iteration_end,53,15,6470,6470,True,72a521046d0d75c4,72a521046d0d75c4,True
SENT,sent01,101,iteration_end,53,16,6200,6200,True,306c82c0ffec4830,306c82c0ffec4830,True
SENT,sent01,101,iteration_end,53,17,6008,6008,True,758193d275ee69b9,758193d275ee69b9,True
SENT,sent01,101,iteration_end,53,18,5931,5931,True,2a5ef9f26736c1a3,2a5ef9f26736c1a3,True
SENT,sent01,101,iteration_end,53,19,5629,5629,True,9e9be02afb78eace,9e9be02afb78eace,True
SENT,sent01,101,iteration_end,54,0,7685,7685,True,a4505f3aac821367,a4505f3aac821367,True
SENT,sent01,101,iteration_end,54,1,7676,7676,True,2091422b86ab6720,2091422b86ab6720,True
SENT,sent01,101,iteration_end,54,2,7667,7667,True,b0b81eee761a7c3b,b0b81eee761a7c3b,True
SENT,sent01,101,iteration_end,54,3,7662,7662,True,3cf565e42d9eaced,3cf565e42d9eaced,True
SENT,sent01,101,iteration_end,54,4,7662,7662,True,3cf565e42d9eaced,3cf565e42d9eaced,True
SENT,sent01,101,iteration_end,54,5,7662,7662,True,3cf565e42d9eaced,3cf565e42d9eaced,True
SENT,sent01,101,iteration_end,54,6,7662,7662,True,3cf565e42d9eaced,3cf565e42d9eaced,True
SENT,sent01,101,iteration_end,54,7,7652,7652,True,b57f5b1422e1a447,b57f5b1422e1a447,True
SENT,sent01,101,iteration_end,54,8,7514,7514,True,355be2a9059f899d,355be2a9059f899d,True
SENT,sent01,101,iteration_end,54,9,7282,7282,True,698b8049ae4c266f,698b8049ae4c266f,True
SENT,sent01,101,iteration_end,54,10,7268,7268,True,9e4d5f4c472fbe61,9e4d5f4c472fbe61,True
SENT,sent01,101,iteration_end,54,11,7231,7231,True,0ccb6cdec1351b68,0ccb6cdec1351b68,True
SENT,sent01,101,iteration_end,54,12,7172,7172,True,2ff33d1817236bea,2ff33d1817236bea,True
SENT,sent01,101,iteration_end,54,13,7022,7022,True,cde133a8b165150f,cde133a8b165150f,True
SENT,sent01,101,iteration_end,54,14,6982,6982,True,3bd33e23e45bd010,3bd33e23e45bd010,True
SENT,sent01,101,iteration_end,54,15,6614,6614,True,763631dd72b22d24,763631dd72b22d24,True
SENT,sent01,101,iteration_end,54,16,6341,6341,True,61154d0bf89c52f3,61154d0bf89c52f3,True
SENT,sent01,101,iteration_end,54,17,6104,6104,True,ba8e19ed54e3b11a,ba8e19ed54e3b11a,True
SENT,sent01,101,iteration_end,54,18,5413,5413,True,a0b9577aaf7e4cad,a0b9577aaf7e4cad,True
SENT,sent01,101,iteration_end,54,19,4926,4926,True,258a3805c7204054,258a3805c7204054,True
SENT,sent01,101,iteration_end,55,0,7734,7734,True,5f7b3433a54b08dc,5f7b3433a54b08dc,True
SENT,sent01,101,iteration_end,55,1,7728,7728,True,4b70a22311db47dc,4b70a22311db47dc,True
SENT,sent01,101,iteration_end,55,2,7706,7706,True,144cdd8ec39b4885,144cdd8ec39b4885,True
SENT,sent01,101,iteration_end,55,3,7683,7683,True,d03fe8d39ad8000e,d03fe8d39ad8000e,True
SENT,sent01,101,iteration_end,55,4,7662,7662,True,3cf565e42d9eaced,3cf565e42d9eaced,True
SENT,sent01,101,iteration_end,55,5,7662,7662,True,3cf565e42d9eaced,3cf565e42d9eaced,True
SENT,sent01,101,iteration_end,55,6,7621,7621,True,46fe53cf00f62a51,46fe53cf00f62a51,True
SENT,sent01,101,iteration_end,55,7,7533,7533,True,2d835195135db148,2d835195135db148,True
SENT,sent01,101,iteration_end,55,8,7478,7478,True,e913807cefbe2a5a,e913807cefbe2a5a,True
SENT,sent01,101,iteration_end,55,9,7351,7351,True,19546dfbbe056845,19546dfbbe056845,True
SENT,sent01,101,iteration_end,55,10,7261,7261,True,346697534d9ed792,346697534d9ed792,True
SENT,sent01,101,iteration_end,55,11,7215,7215,True,5581abfe9b0fe6d0,5581abfe9b0fe6d0,True
SENT,sent01,101,iteration_end,55,12,7093,7093,True,cf784f8b2d8b9b4d,cf784f8b2d8b9b4d,True
SENT,sent01,101,iteration_end,55,13,7025,7025,True,c54980a972cb12ef,c54980a972cb12ef,True
SENT,sent01,101,iteration_end,55,14,6368,6368,True,59b81747c914798c,59b81747c914798c,True
SENT,sent01,101,iteration_end,55,15,6157,6157,True,d078dbe8c3afeca1,d078dbe8c3afeca1,True
SENT,sent01,101,iteration_end,55,16,5786,5786,True,8570f24cfa3b8047,8570f24cfa3b8047,True
SENT,sent01,101,iteration_end,55,17,5331,5331,True,9a673a2ba9240e2f,9a673a2ba9240e2f,True
SENT,sent01,101,iteration_end,55,18,5013,5013,True,0f24bc4af16d1408,0f24bc4af16d1408,True
SENT,sent01,101,iteration_end,55,19,4940,4940,True,be9bb4def2f213e9,be9bb4def2f213e9,True
SENT,sent01,101,iteration_end,56,0,7758,7758,True,657bdc4e5fcfacb1,657bdc4e5fcfacb1,True
SENT,sent01,101,iteration_end,56,1,7758,7758,True,657bdc4e5fcfacb1,657bdc4e5fcfacb1,True
SENT,sent01,101,iteration_end,56,2,7758,7758,True,657bdc4e5fcfacb1,657bdc4e5fcfacb1,True
SENT,sent01,101,iteration_end,56,3,7686,7686,True,6355f8c920f67ff5,6355f8c920f67ff5,True
SENT,sent01,101,iteration_end,56,4,7658,7658,True,01326343fa0d7965,01326343fa0d7965,True
SENT,sent01,101,iteration_end,56,5,7616,7616,True,b25da57ee416bcf0,b25da57ee416bcf0,True
SENT,sent01,101,iteration_end,56,6,7604,7604,True,59143188b0b1f208,59143188b0b1f208,True
SENT,sent01,101,iteration_end,56,7,7352,7352,True,02ae2538df2f65ec,02ae2538df2f65ec,True
SENT,sent01,101,iteration_end,56,8,7313,7313,True,c1ca4173365b3e6f,c1ca4173365b3e6f,True
SENT,sent01,101,iteration_end,56,9,6944,6944,True,a49709767a1c0413,a49709767a1c0413,True
SENT,sent01,101,iteration_end,56,10,6835,6835,True,60b4237f862f78e3,60b4237f862f78e3,True
SENT,sent01,101,iteration_end,56,11,6792,6792,True,c56e400306498ae9,c56e400306498ae9,True
SENT,sent01,101,iteration_end,56,12,6766,6766,True,c409ac99833716d2,c409ac99833716d2,True
SENT,sent01,101,iteration_end,56,13,6751,6751,True,6b49081cd6c22e07,6b49081cd6c22e07,True
SENT,sent01,101,iteration_end,56,14,6229,6229,True,f779a88d0dd0b35b,f779a88d0dd0b35b,True
SENT,sent01,101,iteration_end,56,15,6191,6191,True,37954e6a142cd202,37954e6a142cd202,True
SENT,sent01,101,iteration_end,56,16,5999,5999,True,42e89c9bbfa1553c,42e89c9bbfa1553c,True
SENT,sent01,101,iteration_end,56,17,5903,5903,True,5d65cd551fecb09b,5d65cd551fecb09b,True
SENT,sent01,101,iteration_end,56,18,5605,5605,True,733b25ae13e04b47,733b25ae13e04b47,True
SENT,sent01,101,iteration_end,56,19,5531,5531,True,012d02cfaf0c4b97,012d02cfaf0c4b97,True
SENT,sent01,101,iteration_end,57,0,7758,7758,True,657bdc4e5fcfacb1,657bdc4e5fcfacb1,True
SENT,sent01,101,iteration_end,57,1,7687,7687,True,ecae5b8691e05787,ecae5b8691e05787,True
SENT,sent01,101,iteration_end,57,2,7676,7676,True,2091422b86ab6720,2091422b86ab6720,True
SENT,sent01,101,iteration_end,57,3,7633,7633,True,c5af5459a864fa3f,c5af5459a864fa3f,True
SENT,sent01,101,iteration_end,57,4,7616,7616,True,b25da57ee416bcf0,b25da57ee416bcf0,True
SENT,sent01,101,iteration_end,57,5,7615,7615,True,1f31e2269ed8c5f0,1f31e2269ed8c5f0,True
SENT,sent01,101,iteration_end,57,6,7593,7593,True,e7ce64924df96feb,e7ce64924df96feb,True
SENT,sent01,101,iteration_end,57,7,7478,7478,True,e913807cefbe2a5a,e913807cefbe2a5a,True
SENT,sent01,101,iteration_end,57,8,7475,7475,True,c52861aa106dd97a,c52861aa106dd97a,True
SENT,sent01,101,iteration_end,57,9,7153,7153,True,04e7ade7c41655d1,04e7ade7c41655d1,True
SENT,sent01,101,iteration_end,57,10,6927,6927,True,61844e20c1b3a780,61844e20c1b3a780,True
SENT,sent01,101,iteration_end,57,11,6671,6671,True,cb751eb9e65ba59d,cb751eb9e65ba59d,True
SENT,sent01,101,iteration_end,57,12,6481,6481,True,e693504a1f2e83ee,e693504a1f2e83ee,True
SENT,sent01,101,iteration_end,57,13,6237,6237,True,a32fe9d7cde85883,a32fe9d7cde85883,True
SENT,sent01,101,iteration_end,57,14,6229,6229,True,09c644bd7a874487,09c644bd7a874487,True
SENT,sent01,101,iteration_end,57,15,6124,6124,True,0758af48d5e8a2f6,0758af48d5e8a2f6,True
SENT,sent01,101,iteration_end,57,16,5887,5887,True,932edee544033ffe,932edee544033ffe,True
SENT,sent01,101,iteration_end,57,17,5474,5474,True,15bd91c0b359a056,15bd91c0b359a056,True
SENT,sent01,101,iteration_end,57,18,5284,5284,True,8e006edfa29875ae,8e006edfa29875ae,True
SENT,sent01,101,iteration_end,57,19,5225,5225,True,4cb61008d100b8b5,4cb61008d100b8b5,True
SENT,sent01,101,iteration_end,58,0,7706,7706,True,144cdd8ec39b4885,144cdd8ec39b4885,True
SENT,sent01,101,iteration_end,58,1,7676,7676,True,2091422b86ab6720,2091422b86ab6720,True
SENT,sent01,101,iteration_end,58,2,7662,7662,True,3cf565e42d9eaced,3cf565e42d9eaced,True
SENT,sent01,101,iteration_end,58,3,7560,7560,True,cbb85f81e0fc9467,cbb85f81e0fc9467,True
SENT,sent01,101,iteration_end,58,4,7534,7534,True,46869c217f0d0dd0,46869c217f0d0dd0,True
SENT,sent01,101,iteration_end,58,5,7420,7420,True,028af3216f855b21,028af3216f855b21,True
SENT,sent01,101,iteration_end,58,6,7327,7327,True,8a42e5978337a932,8a42e5978337a932,True
SENT,sent01,101,iteration_end,58,7,7235,7235,True,38b43a053d562629,38b43a053d562629,True
SENT,sent01,101,iteration_end,58,8,7228,7228,True,0f4efbe61f0e2912,0f4efbe61f0e2912,True
SENT,sent01,101,iteration_end,58,9,7055,7055,True,71bf7f3407fce618,71bf7f3407fce618,True
SENT,sent01,101,iteration_end,58,10,6979,6979,True,647405b3496e1fa9,647405b3496e1fa9,True
SENT,sent01,101,iteration_end,58,11,6945,6945,True,3ba13e83bad7ade7,3ba13e83bad7ade7,True
SENT,sent01,101,iteration_end,58,12,6791,6791,True,fe111195e4427970,fe111195e4427970,True
SENT,sent01,101,iteration_end,58,13,6681,6681,True,57e409b1f975015c,57e409b1f975015c,True
SENT,sent01,101,iteration_end,58,14,6252,6252,True,a4228e9d63781bf7,a4228e9d63781bf7,True
SENT,sent01,101,iteration_end,58,15,6040,6040,True,2cdae80d137a1994,2cdae80d137a1994,True
SENT,sent01,101,iteration_end,58,16,5694,5694,True,801362c48fa1de66,801362c48fa1de66,True
SENT,sent01,101,iteration_end,58,17,5502,5502,True,417d67fef9b10ba3,417d67fef9b10ba3,True
SENT,sent01,101,iteration_end,58,18,5441,5441,True,6dc4fd5cc5cb4792,6dc4fd5cc5cb4792,True
SENT,sent01,101,iteration_end,58,19,4855,4855,True,acfdf26ec1758073,acfdf26ec1758073,True
SENT,sent01,101,iteration_end,59,0,7758,7758,True,657bdc4e5fcfacb1,657bdc4e5fcfacb1,True
SENT,sent01,101,iteration_end,59,1,7758,7758,True,657bdc4e5fcfacb1,657bdc4e5fcfacb1,True
SENT,sent01,101,iteration_end,59,2,7758,7758,True,657bdc4e5fcfacb1,657bdc4e5fcfacb1,True
SENT,sent01,101,iteration_end,59,3,7662,7662,True,3cf565e42d9eaced,3cf565e42d9eaced,True
SENT,sent01,101,iteration_end,59,4,7658,7658,True,01326343fa0d7965,01326343fa0d7965,True
SENT,sent01,101,iteration_end,59,5,7611,7611,True,a9724f3264656608,a9724f3264656608,True
SENT,sent01,101,iteration_end,59,6,7295,7295,True,8fac666653fdd94b,8fac666653fdd94b,True
SENT,sent01,101,iteration_end,59,7,7258,7258,True,ef7eaf232efc8c01,ef7eaf232efc8c01,True
SENT,sent01,101,iteration_end,59,8,7258,7258,True,ef7eaf232efc8c01,ef7eaf232efc8c01,True
SENT,sent01,101,iteration_end,59,9,7254,7254,True,27706f3c9cc5e4b6,27706f3c9cc5e4b6,True
SENT,sent01,101,iteration_end,59,10,7073,7073,True,9581bd7f00fcf267,9581bd7f00fcf267,True
SENT,sent01,101,iteration_end,59,11,7030,7030,True,86c9988f77600822,86c9988f77600822,True
SENT,sent01,101,iteration_end,59,12,6939,6939,True,03bdcf36e9221bd4,03bdcf36e9221bd4,True
SENT,sent01,101,iteration_end,59,13,6885,6885,True,586f0c59fb86b4fe,586f0c59fb86b4fe,True
SENT,sent01,101,iteration_end,59,14,6640,6640,True,396219f11b674d96,396219f11b674d96,True
SENT,sent01,101,iteration_end,59,15,6516,6516,True,33fee3121ec3f2f4,33fee3121ec3f2f4,True
SENT,sent01,101,iteration_end,59,16,6504,6504,True,65f5cc53fb058dc4,65f5cc53fb058dc4,True
SENT,sent01,101,iteration_end,59,17,6279,6279,True,30d2d9d9258c03aa,30d2d9d9258c03aa,True
SENT,sent01,101,iteration_end,59,18,5361,5361,True,9aaa758177b27680,9aaa758177b27680,True
SENT,sent01,101,iteration_end,59,19,3914,3914,True,5e6f204ac3e444f9,5e6f204ac3e444f9,True
SENT,sent01,101,iteration_end,60,0,7758,7758,True,657bdc4e5fcfacb1,657bdc4e5fcfacb1,True
SENT,sent01,101,iteration_end,60,1,7758,7758,True,657bdc4e5fcfacb1,657bdc4e5fcfacb1,True
SENT,sent01,101,iteration_end,60,2,7758,7758,True,657bdc4e5fcfacb1,657bdc4e5fcfacb1,True
SENT,sent01,101,iteration_end,60,3,7671,7671,True,8644e497ad923481,8644e497ad923481,True
SENT,sent01,101,iteration_end,60,4,7658,7658,True,01326343fa0d7965,01326343fa0d7965,True
SENT,sent01,101,iteration_end,60,5,7658,7658,True,01326343fa0d7965,01326343fa0d7965,True
SENT,sent01,101,iteration_end,60,6,7657,7657,True,b5c98cd97da0899d,b5c98cd97da0899d,True
SENT,sent01,101,iteration_end,60,7,7615,7615,True,3a64a29a9daf1ca6,3a64a29a9daf1ca6,True
SENT,sent01,101,iteration_end,60,8,7604,7604,True,59143188b0b1f208,59143188b0b1f208,True
SENT,sent01,101,iteration_end,60,9,7270,7270,True,c3a98ecf6764de12,c3a98ecf6764de12,True
SENT,sent01,101,iteration_end,60,10,7260,7260,True,944a6bf574c5a8b8,944a6bf574c5a8b8,True
SENT,sent01,101,iteration_end,60,11,7157,7157,True,de5596a1b0f0d6db,de5596a1b0f0d6db,True
SENT,sent01,101,iteration_end,60,12,7040,7040,True,3ecadfa39c6e16f6,3ecadfa39c6e16f6,True
SENT,sent01,101,iteration_end,60,13,6992,6992,True,98941457eae75c89,98941457eae75c89,True
SENT,sent01,101,iteration_end,60,14,6289,6289,True,1c9ebc82571ad5e5,1c9ebc82571ad5e5,True
SENT,sent01,101,iteration_end,60,15,5466,5466,True,5f07c9d6bcb3957b,5f07c9d6bcb3957b,True
SENT,sent01,101,iteration_end,60,16,5054,5054,True,fb9bc9d028db1e21,fb9bc9d028db1e21,True
SENT,sent01,101,iteration_end,60,17,4859,4859,True,93075b685cb8c47f,93075b685cb8c47f,True
SENT,sent01,101,iteration_end,60,18,4853,4853,True,793b57a473bf0e87,793b57a473bf0e87,True
SENT,sent01,101,iteration_end,60,19,4173,4173,True,3aaf12fcaa141c66,3aaf12fcaa141c66,True
SENT,sent01,101,iteration_end,61,0,7758,7758,True,657bdc4e5fcfacb1,657bdc4e5fcfacb1,True
SENT,sent01,101,iteration_end,61,1,7728,7728,True,4b70a22311db47dc,4b70a22311db47dc,True
SENT,sent01,101,iteration_end,61,2,7706,7706,True,a633810d7649aeea,a633810d7649aeea,True
SENT,sent01,101,iteration_end,61,3,7693,7693,True,a53576ec0371ca57,a53576ec0371ca57,True
SENT,sent01,101,iteration_end,61,4,7686,7686,True,6355f8c920f67ff5,6355f8c920f67ff5,True
SENT,sent01,101,iteration_end,61,5,7678,7678,True,bfdc1a53f505c11a,bfdc1a53f505c11a,True
SENT,sent01,101,iteration_end,61,6,7678,7678,True,bfdc1a53f505c11a,bfdc1a53f505c11a,True
SENT,sent01,101,iteration_end,61,7,7671,7671,True,8644e497ad923481,8644e497ad923481,True
SENT,sent01,101,iteration_end,61,8,7669,7669,True,65bebe7b6cee8434,65bebe7b6cee8434,True
SENT,sent01,101,iteration_end,61,9,7658,7658,True,01326343fa0d7965,01326343fa0d7965,True
SENT,sent01,101,iteration_end,61,10,7658,7658,True,01326343fa0d7965,01326343fa0d7965,True
SENT,sent01,101,iteration_end,61,11,7604,7604,True,59143188b0b1f208,59143188b0b1f208,True
SENT,sent01,101,iteration_end,61,12,7478,7478,True,e913807cefbe2a5a,e913807cefbe2a5a,True
SENT,sent01,101,iteration_end,61,13,7170,7170,True,6e104744010373bc,6e104744010373bc,True
SENT,sent01,101,iteration_end,61,14,6705,6705,True,ed608cf6f469c6d9,ed608cf6f469c6d9,True
SENT,sent01,101,iteration_end,61,15,6231,6231,True,d5e7c9a1d8ddb1af,d5e7c9a1d8ddb1af,True
SENT,sent01,101,iteration_end,61,16,6070,6070,True,64406ac6932485fd,64406ac6932485fd,True
SENT,sent01,101,iteration_end,61,17,5700,5700,True,49060670e1f06bc1,49060670e1f06bc1,True
SENT,sent01,101,iteration_end,61,18,5395,5395,True,c2989bd7f779aa58,c2989bd7f779aa58,True
SENT,sent01,101,iteration_end,61,19,4468,4468,True,ec5b1d2b547db16d,ec5b1d2b547db16d,True
SENT,sent01,101,iteration_end,62,0,7758,7758,True,657bdc4e5fcfacb1,657bdc4e5fcfacb1,True
SENT,sent01,101,iteration_end,62,1,7739,7739,True,2af1ef47f5218f7f,2af1ef47f5218f7f,True
SENT,sent01,101,iteration_end,62,2,7706,7706,True,a633810d7649aeea,a633810d7649aeea,True
SENT,sent01,101,iteration_end,62,3,7662,7662,True,3cf565e42d9eaced,3cf565e42d9eaced,True
SENT,sent01,101,iteration_end,62,4,7658,7658,True,01326343fa0d7965,01326343fa0d7965,True
SENT,sent01,101,iteration_end,62,5,7653,7653,True,076cc4adf9fae0c1,076cc4adf9fae0c1,True
SENT,sent01,101,iteration_end,62,6,7521,7521,True,3911bf2734788bc1,3911bf2734788bc1,True
SENT,sent01,101,iteration_end,62,7,7516,7516,True,b1cf89fae8b593d0,b1cf89fae8b593d0,True
SENT,sent01,101,iteration_end,62,8,7320,7320,True,784ed4bdb5722c8c,784ed4bdb5722c8c,True
SENT,sent01,101,iteration_end,62,9,7269,7269,True,b7fa79722a673912,b7fa79722a673912,True
SENT,sent01,101,iteration_end,62,10,7230,7230,True,9a092197e10f1a2a,9a092197e10f1a2a,True
SENT,sent01,101,iteration_end,62,11,7178,7178,True,aadf7709b4b79e1c,aadf7709b4b79e1c,True
SENT,sent01,101,iteration_end,62,12,6953,6953,True,b2bd8b31d63d4ae6,b2bd8b31d63d4ae6,True
SENT,sent01,101,iteration_end,62,13,6940,6940,True,94d99c7400b47e90,94d99c7400b47e90,True
SENT,sent01,101,iteration_end,62,14,6574,6574,True,b14e86fb3f6415a9,b14e86fb3f6415a9,True
SENT,sent01,101,iteration_end,62,15,5838,5838,True,5ac92bc07e1ac9c8,5ac92bc07e1ac9c8,True
SENT,sent01,101,iteration_end,62,16,5561,5561,True,657b4054b178e4b6,657b4054b178e4b6,True
SENT,sent01,101,iteration_end,62,17,4713,4713,True,3a6d51f878de0d16,3a6d51f878de0d16,True
SENT,sent01,101,iteration_end,62,18,4439,4439,True,76f39dab91583fdb,76f39dab91583fdb,True
SENT,sent01,101,iteration_end,62,19,2518,2518,True,edfd3771639eabb3,edfd3771639eabb3,True
SENT,sent01,101,iteration_end,63,0,7758,7758,True,657bdc4e5fcfacb1,657bdc4e5fcfacb1,True
SENT,sent01,101,iteration_end,63,1,7758,7758,True,657bdc4e5fcfacb1,657bdc4e5fcfacb1,True
SENT,sent01,101,iteration_end,63,2,7671,7671,True,8644e497ad923481,8644e497ad923481,True
SENT,sent01,101,iteration_end,63,3,7662,7662,True,3cf565e42d9eaced,3cf565e42d9eaced,True
SENT,sent01,101,iteration_end,63,4,7658,7658,True,01326343fa0d7965,01326343fa0d7965,True
SENT,sent01,101,iteration_end,63,5,7658,7658,True,01326343fa0d7965,01326343fa0d7965,True
SENT,sent01,101,iteration_end,63,6,7621,7621,True,46fe53cf00f62a51,46fe53cf00f62a51,True
SENT,sent01,101,iteration_end,63,7,7616,7616,True,e8937549f2e6d4fc,e8937549f2e6d4fc,True
SENT,sent01,101,iteration_end,63,8,7586,7586,True,dbf2221a74f958e5,dbf2221a74f958e5,True
SENT,sent01,101,iteration_end,63,9,7472,7472,True,37789a0db8b18569,37789a0db8b18569,True
SENT,sent01,101,iteration_end,63,10,7134,7134,True,d001c523809bf3a5,d001c523809bf3a5,True
SENT,sent01,101,iteration_end,63,11,7086,7086,True,8cb029c35c9e8115,8cb029c35c9e8115,True
SENT,sent01,101,iteration_end,63,12,6390,6390,True,633b54dd08194b02,633b54dd08194b02,True
SENT,sent01,101,iteration_end,63,13,6361,6361,True,cf3a7cafcc64db8a,cf3a7cafcc64db8a,True
SENT,sent01,101,iteration_end,63,14,5981,5981,True,6891520e893b1267,6891520e893b1267,True
SENT,sent01,101,iteration_end,63,15,5441,5441,True,ef243db373183f3a,ef243db373183f3a,True
SENT,sent01,101,iteration_end,63,16,5378,5378,True,86d85c04d70d5ce6,86d85c04d70d5ce6,True
SENT,sent01,101,iteration_end,63,17,5001,5001,True,1f4c19202803ce76,1f4c19202803ce76,True
SENT,sent01,101,iteration_end,63,18,4413,4413,True,db18dfc46ad470e4,db18dfc46ad470e4,True
SENT,sent01,101,iteration_end,63,19,4008,4008,True,3e10b5e85f900df9,3e10b5e85f900df9,True
SENT,sent01,101,iteration_end,64,0,7734,7734,True,5f7b3433a54b08dc,5f7b3433a54b08dc,True
SENT,sent01,101,iteration_end,64,1,7688,7688,True,1adac28e065892f2,1adac28e065892f2,True
SENT,sent01,101,iteration_end,64,2,7688,7688,True,1adac28e065892f2,1adac28e065892f2,True
SENT,sent01,101,iteration_end,64,3,7676,7676,True,2091422b86ab6720,2091422b86ab6720,True
SENT,sent01,101,iteration_end,64,4,7676,7676,True,2091422b86ab6720,2091422b86ab6720,True
SENT,sent01,101,iteration_end,64,5,7658,7658,True,01326343fa0d7965,01326343fa0d7965,True
SENT,sent01,101,iteration_end,64,6,7621,7621,True,46fe53cf00f62a51,46fe53cf00f62a51,True
SENT,sent01,101,iteration_end,64,7,7586,7586,True,dbf2221a74f958e5,dbf2221a74f958e5,True
SENT,sent01,101,iteration_end,64,8,6697,6697,True,c1272e5320107362,c1272e5320107362,True
SENT,sent01,101,iteration_end,64,9,6521,6521,True,3916a4997191e2da,3916a4997191e2da,True
SENT,sent01,101,iteration_end,64,10,6520,6520,True,add6cc2e11d124cf,add6cc2e11d124cf,True
SENT,sent01,101,iteration_end,64,11,6248,6248,True,8b036d901cb42315,8b036d901cb42315,True
SENT,sent01,101,iteration_end,64,12,6105,6105,True,1e547e3ddd403e0a,1e547e3ddd403e0a,True
SENT,sent01,101,iteration_end,64,13,6002,6002,True,779ddc8ba7cc9499,779ddc8ba7cc9499,True
SENT,sent01,101,iteration_end,64,14,5893,5893,True,c2061bc4f0a72a12,c2061bc4f0a72a12,True
SENT,sent01,101,iteration_end,64,15,5858,5858,True,669f4da5e26c948d,669f4da5e26c948d,True
SENT,sent01,101,iteration_end,64,16,5669,5669,True,22e84b5db9bc7102,22e84b5db9bc7102,True
SENT,sent01,101,iteration_end,64,17,5535,5535,True,485bd116e88ce186,485bd116e88ce186,True
SENT,sent01,101,iteration_end,64,18,5100,5100,True,ba82c2a6e915a992,ba82c2a6e915a992,True
SENT,sent01,101,iteration_end,64,19,4935,4935,True,5e2c8a679e784a11,5e2c8a679e784a11,True
SENT,sent01,101,iteration_end,65,0,7758,7758,True,657bdc4e5fcfacb1,657bdc4e5fcfacb1,True
SENT,sent01,101,iteration_end,65,1,7688,7688,True,1adac28e065892f2,1adac28e065892f2,True
SENT,sent01,101,iteration_end,65,2,7676,7676,True,2091422b86ab6720,2091422b86ab6720,True
SENT,sent01,101,iteration_end,65,3,7676,7676,True,2091422b86ab6720,2091422b86ab6720,True
SENT,sent01,101,iteration_end,65,4,7662,7662,True,3cf565e42d9eaced,3cf565e42d9eaced,True
SENT,sent01,101,iteration_end,65,5,7650,7650,True,600bc16d66617f9b,600bc16d66617f9b,True
SENT,sent01,101,iteration_end,65,6,7616,7616,True,b25da57ee416bcf0,b25da57ee416bcf0,True
SENT,sent01,101,iteration_end,65,7,7586,7586,True,dbf2221a74f958e5,dbf2221a74f958e5,True
SENT,sent01,101,iteration_end,65,8,7402,7402,True,8cdab05f878f8b76,8cdab05f878f8b76,True
SENT,sent01,101,iteration_end,65,9,7210,7210,True,47d4f316d6319545,47d4f316d6319545,True
SENT,sent01,101,iteration_end,65,10,6985,6985,True,42035b969b3f47cd,42035b969b3f47cd,True
SENT,sent01,101,iteration_end,65,11,6659,6659,True,e8b3c226d8d64012,e8b3c226d8d64012,True
SENT,sent01,101,iteration_end,65,12,6637,6637,True,3c957d85704c9c0b,3c957d85704c9c0b,True
SENT,sent01,101,iteration_end,65,13,6551,6551,True,b8ea430f42a764a0,b8ea430f42a764a0,True
SENT,sent01,101,iteration_end,65,14,6388,6388,True,5e9e11b57649ffe4,5e9e11b57649ffe4,True
SENT,sent01,101,iteration_end,65,15,5776,5776,True,8f517767696c540a,8f517767696c540a,True
SENT,sent01,101,iteration_end,65,16,5764,5764,True,8d6949146d041e36,8d6949146d041e36,True
SENT,sent01,101,iteration_end,65,17,5691,5691,True,40908cf522e8b45f,40908cf522e8b45f,True
SENT,sent01,101,iteration_end,65,18,5545,5545,True,4dee7c9e9410e389,4dee7c9e9410e389,True
SENT,sent01,101,iteration_end,65,19,4076,4076,True,bf77cb4a33913890,bf77cb4a33913890,True
SENT,sent01,101,iteration_end,66,0,7758,7758,True,657bdc4e5fcfacb1,657bdc4e5fcfacb1,True
SENT,sent01,101,iteration_end,66,1,7706,7706,True,144cdd8ec39b4885,144cdd8ec39b4885,True
SENT,sent01,101,iteration_end,66,2,7686,7686,True,6355f8c920f67ff5,6355f8c920f67ff5,True
SENT,sent01,101,iteration_end,66,3,7686,7686,True,6355f8c920f67ff5,6355f8c920f67ff5,True
SENT,sent01,101,iteration_end,66,4,7676,7676,True,2091422b86ab6720,2091422b86ab6720,True
SENT,sent01,101,iteration_end,66,5,7671,7671,True,9cc73e77bbd92d4c,9cc73e77bbd92d4c,True
SENT,sent01,101,iteration_end,66,6,7667,7667,True,b0b81eee761a7c3b,b0b81eee761a7c3b,True
SENT,sent01,101,iteration_end,66,7,7664,7664,True,1be3d1fdbc7e0f97,1be3d1fdbc7e0f97,True
SENT,sent01,101,iteration_end,66,8,7662,7662,True,3cf565e42d9eaced,3cf565e42d9eaced,True
SENT,sent01,101,iteration_end,66,9,7662,7662,True,3cf565e42d9eaced,3cf565e42d9eaced,True
SENT,sent01,101,iteration_end,66,10,6977,6977,True,5aa48d355d05fe0b,5aa48d355d05fe0b,True
SENT,sent01,101,iteration_end,66,11,6766,6766,True,e0773509d4322750,e0773509d4322750,True
SENT,sent01,101,iteration_end,66,12,6721,6721,True,f370d959f370baef,f370d959f370baef,True
SENT,sent01,101,iteration_end,66,13,6666,6666,True,78767b08263d0276,78767b08263d0276,True
SENT,sent01,101,iteration_end,66,14,6603,6603,True,c610551e3020b4fb,c610551e3020b4fb,True
SENT,sent01,101,iteration_end,66,15,6331,6331,True,5ee24ea015a80e07,5ee24ea015a80e07,True
SENT,sent01,101,iteration_end,66,16,5886,5886,True,71fdc8fa7205c3b8,71fdc8fa7205c3b8,True
SENT,sent01,101,iteration_end,66,17,5388,5388,True,b4b1e353f57c32d3,b4b1e353f57c32d3,True
SENT,sent01,101,iteration_end,66,18,5044,5044,True,0120a112f904b481,0120a112f904b481,True
SENT,sent01,101,iteration_end,66,19,4589,4589,True,089d52fa156ac4dc,089d52fa156ac4dc,True
SENT,sent01,101,iteration_end,67,0,7758,7758,True,657bdc4e5fcfacb1,657bdc4e5fcfacb1,True
SENT,sent01,101,iteration_end,67,1,7758,7758,True,657bdc4e5fcfacb1,657bdc4e5fcfacb1,True
SENT,sent01,101,iteration_end,67,2,7721,7721,True,d73d45193350b78f,d73d45193350b78f,True
SENT,sent01,101,iteration_end,67,3,7686,7686,True,6355f8c920f67ff5,6355f8c920f67ff5,True
SENT,sent01,101,iteration_end,67,4,7658,7658,True,01326343fa0d7965,01326343fa0d7965,True
SENT,sent01,101,iteration_end,67,5,7621,7621,True,46fe53cf00f62a51,46fe53cf00f62a51,True
SENT,sent01,101,iteration_end,67,6,7604,7604,True,59143188b0b1f208,59143188b0b1f208,True
SENT,sent01,101,iteration_end,67,7,7586,7586,True,dbf2221a74f958e5,dbf2221a74f958e5,True
SENT,sent01,101,iteration_end,67,8,7553,7553,True,21361f0a7e0fe0db,21361f0a7e0fe0db,True
SENT,sent01,101,iteration_end,67,9,7323,7323,True,b8dcfaa67811ce32,b8dcfaa67811ce32,True
SENT,sent01,101,iteration_end,67,10,7223,7223,True,dd504a9aefcf2317,dd504a9aefcf2317,True
SENT,sent01,101,iteration_end,67,11,7200,7200,True,b47c34f932b3e323,b47c34f932b3e323,True
SENT,sent01,101,iteration_end,67,12,7170,7170,True,3909f3a35931e05c,3909f3a35931e05c,True
SENT,sent01,101,iteration_end,67,13,6870,6870,True,e083accba1912f39,e083accba1912f39,True
SENT,sent01,101,iteration_end,67,14,6313,6313,True,abd1436a52265c32,abd1436a52265c32,True
SENT,sent01,101,iteration_end,67,15,6244,6244,True,4b3046af24ee530e,4b3046af24ee530e,True
SENT,sent01,101,iteration_end,67,16,5811,5811,True,d55dee9492bfc3ba,d55dee9492bfc3ba,True
SENT,sent01,101,iteration_end,67,17,5577,5577,True,3bba80619f96d529,3bba80619f96d529,True
SENT,sent01,101,iteration_end,67,18,5488,5488,True,7dbcdc0bc584ae9f,7dbcdc0bc584ae9f,True
SENT,sent01,101,iteration_end,67,19,3869,3869,True,59e86771e87bb8ec,59e86771e87bb8ec,True
SENT,sent01,101,iteration_end,68,0,7758,7758,True,657bdc4e5fcfacb1,657bdc4e5fcfacb1,True
SENT,sent01,101,iteration_end,68,1,7758,7758,True,657bdc4e5fcfacb1,657bdc4e5fcfacb1,True
SENT,sent01,101,iteration_end,68,2,7739,7739,True,2af1ef47f5218f7f,2af1ef47f5218f7f,True
SENT,sent01,101,iteration_end,68,3,7693,7693,True,a53576ec0371ca57,a53576ec0371ca57,True
SENT,sent01,101,iteration_end,68,4,7686,7686,True,6355f8c920f67ff5,6355f8c920f67ff5,True
SENT,sent01,101,iteration_end,68,5,7686,7686,True,6355f8c920f67ff5,6355f8c920f67ff5,True
SENT,sent01,101,iteration_end,68,6,7671,7671,True,8644e497ad923481,8644e497ad923481,True
SENT,sent01,101,iteration_end,68,7,7658,7658,True,01326343fa0d7965,01326343fa0d7965,True
SENT,sent01,101,iteration_end,68,8,7634,7634,True,8cd5b7538228854d,8cd5b7538228854d,True
SENT,sent01,101,iteration_end,68,9,7528,7528,True,468d7416d016df2e,468d7416d016df2e,True
SENT,sent01,101,iteration_end,68,10,7467,7467,True,f6f0805cc9719d6b,f6f0805cc9719d6b,True
SENT,sent01,101,iteration_end,68,11,7297,7297,True,5338c0d9cd8a9900,5338c0d9cd8a9900,True
SENT,sent01,101,iteration_end,68,12,7181,7181,True,432f4842f5597aab,432f4842f5597aab,True
SENT,sent01,101,iteration_end,68,13,7004,7004,True,f522964377b181f9,f522964377b181f9,True
SENT,sent01,101,iteration_end,68,14,6936,6936,True,34442b984aa2dedc,34442b984aa2dedc,True
SENT,sent01,101,iteration_end,68,15,6415,6415,True,c08d64717ff543c1,c08d64717ff543c1,True
SENT,sent01,101,iteration_end,68,16,6048,6048,True,ddc0f1a04e058f00,ddc0f1a04e058f00,True
SENT,sent01,101,iteration_end,68,17,5863,5863,True,f8f85a07699423f9,f8f85a07699423f9,True
SENT,sent01,101,iteration_end,68,18,5796,5796,True,7b9e261223da9d79,7b9e261223da9d79,True
SENT,sent01,101,iteration_end,68,19,4897,4897,True,4d4890dedebfa086,4d4890dedebfa086,True
SENT,sent01,101,iteration_end,69,0,7758,7758,True,657bdc4e5fcfacb1,657bdc4e5fcfacb1,True
SENT,sent01,101,iteration_end,69,1,7739,7739,True,2af1ef47f5218f7f,2af1ef47f5218f7f,True
SENT,sent01,101,iteration_end,69,2,7734,7734,True,5f7b3433a54b08dc,5f7b3433a54b08dc,True
SENT,sent01,101,iteration_end,69,3,7734,7734,True,5f7b3433a54b08dc,5f7b3433a54b08dc,True
SENT,sent01,101,iteration_end,69,4,7706,7706,True,144cdd8ec39b4885,144cdd8ec39b4885,True
SENT,sent01,101,iteration_end,69,5,7693,7693,True,a53576ec0371ca57,a53576ec0371ca57,True
SENT,sent01,101,iteration_end,69,6,7688,7688,True,1adac28e065892f2,1adac28e065892f2,True
SENT,sent01,101,iteration_end,69,7,7671,7671,True,8644e497ad923481,8644e497ad923481,True
SENT,sent01,101,iteration_end,69,8,7657,7657,True,b5c98cd97da0899d,b5c98cd97da0899d,True
SENT,sent01,101,iteration_end,69,9,7465,7465,True,93c3a71936e95e9a,93c3a71936e95e9a,True
SENT,sent01,101,iteration_end,69,10,7353,7353,True,8914825afbc8f19c,8914825afbc8f19c,True
SENT,sent01,101,iteration_end,69,11,6964,6964,True,7474c42eb933faa9,7474c42eb933faa9,True
SENT,sent01,101,iteration_end,69,12,6840,6840,True,69337431146ea88f,69337431146ea88f,True
SENT,sent01,101,iteration_end,69,13,6799,6799,True,c488b77b4cf9a47d,c488b77b4cf9a47d,True
SENT,sent01,101,iteration_end,69,14,6565,6565,True,578eecf7c062ee7f,578eecf7c062ee7f,True
SENT,sent01,101,iteration_end,69,15,6296,6296,True,b754f34c80b0c543,b754f34c80b0c543,True
SENT,sent01,101,iteration_end,69,16,5997,5997,True,77c0ea802413ac9d,77c0ea802413ac9d,True
SENT,sent01,101,iteration_end,69,17,5939,5939,True,fff3ca041f4b5172,fff3ca041f4b5172,True
SENT,sent01,101,iteration_end,69,18,5873,5873,True,30d0c0c03498f624,30d0c0c03498f624,True
SENT,sent01,101,iteration_end,69,19,5731,5731,True,a66c2e8348897fc6,a66c2e8348897fc6,True
SENT,sent01,101,iteration_end,70,0,7758,7758,True,657bdc4e5fcfacb1,657bdc4e5fcfacb1,True
SENT,sent01,101,iteration_end,70,1,7734,7734,True,5f7b3433a54b08dc,5f7b3433a54b08dc,True
SENT,sent01,101,iteration_end,70,2,7706,7706,True,144cdd8ec39b4885,144cdd8ec39b4885,True
SENT,sent01,101,iteration_end,70,3,7686,7686,True,6355f8c920f67ff5,6355f8c920f67ff5,True
SENT,sent01,101,iteration_end,70,4,7676,7676,True,2091422b86ab6720,2091422b86ab6720,True
SENT,sent01,101,iteration_end,70,5,7665,7665,True,f9ddde87b63dd02b,f9ddde87b63dd02b,True
SENT,sent01,101,iteration_end,70,6,7621,7621,True,46fe53cf00f62a51,46fe53cf00f62a51,True
SENT,sent01,101,iteration_end,70,7,7621,7621,True,46fe53cf00f62a51,46fe53cf00f62a51,True
SENT,sent01,101,iteration_end,70,8,7128,7128,True,3928f60f3539c7f8,3928f60f3539c7f8,True
SENT,sent01,101,iteration_end,70,9,6924,6924,True,9d7f0b75d2267855,9d7f0b75d2267855,True
SENT,sent01,101,iteration_end,70,10,6920,6920,True,9e4a8057c6ae6899,9e4a8057c6ae6899,True
SENT,sent01,101,iteration_end,70,11,6866,6866,True,3a7d1f38016aeea9,3a7d1f38016aeea9,True
SENT,sent01,101,iteration_end,70,12,6710,6710,True,41d62cfabcfa7928,41d62cfabcfa7928,True
SENT,sent01,101,iteration_end,70,13,6336,6336,True,d0defe4657de3dab,d0defe4657de3dab,True
SENT,sent01,101,iteration_end,70,14,6229,6229,True,b561e754f1a8ca2e,b561e754f1a8ca2e,True
SENT,sent01,101,iteration_end,70,15,6065,6065,True,f6ab7bff4c50f537,f6ab7bff4c50f537,True
SENT,sent01,101,iteration_end,70,16,5953,5953,True,ef6e754cd681f63b,ef6e754cd681f63b,True
SENT,sent01,101,iteration_end,70,17,5823,5823,True,1f6b1c84f9d80e06,1f6b1c84f9d80e06,True
SENT,sent01,101,iteration_end,70,18,5701,5701,True,9e4e528b8fb27803,9e4e528b8fb27803,True
SENT,sent01,101,iteration_end,70,19,5270,5270,True,5d99ed47e23e3750,5d99ed47e23e3750,True
SENT,sent01,101,iteration_end,71,0,7706,7706,True,a633810d7649aeea,a633810d7649aeea,True
SENT,sent01,101,iteration_end,71,1,7676,7676,True,2091422b86ab6720,2091422b86ab6720,True
SENT,sent01,101,iteration_end,71,2,7658,7658,True,01326343fa0d7965,01326343fa0d7965,True
SENT,sent01,101,iteration_end,71,3,7634,7634,True,8cd5b7538228854d,8cd5b7538228854d,True
SENT,sent01,101,iteration_end,71,4,7472,7472,True,8fd8edb50c4d5886,8fd8edb50c4d5886,True
SENT,sent01,101,iteration_end,71,5,7350,7350,True,0d39af07421f64bf,0d39af07421f64bf,True
SENT,sent01,101,iteration_end,71,6,7113,7113,True,b29511ac596f8a3f,b29511ac596f8a3f,True
SENT,sent01,101,iteration_end,71,7,7053,7053,True,b2d58a7f4fee956c,b2d58a7f4fee956c,True
SENT,sent01,101,iteration_end,71,8,7019,7019,True,84fa1ef68b740191,84fa1ef68b740191,True
SENT,sent01,101,iteration_end,71,9,6926,6926,True,8971032846877726,8971032846877726,True
SENT,sent01,101,iteration_end,71,10,6824,6824,True,f234d04700df9b3f,f234d04700df9b3f,True
SENT,sent01,101,iteration_end,71,11,6765,6765,True,5f3f9d5930b45141,5f3f9d5930b45141,True
SENT,sent01,101,iteration_end,71,12,6737,6737,True,13a020fa2dcffd23,13a020fa2dcffd23,True
SENT,sent01,101,iteration_end,71,13,6169,6169,True,2e5a7f64c80f60e8,2e5a7f64c80f60e8,True
SENT,sent01,101,iteration_end,71,14,6013,6013,True,8de4e03f8a3a479b,8de4e03f8a3a479b,True
SENT,sent01,101,iteration_end,71,15,5706,5706,True,dd0487db30b64fe5,dd0487db30b64fe5,True
SENT,sent01,101,iteration_end,71,16,5606,5606,True,9b6568c3bdeda9a9,9b6568c3bdeda9a9,True
SENT,sent01,101,iteration_end,71,17,5278,5278,True,5930fa824b40700b,5930fa824b40700b,True
SENT,sent01,101,iteration_end,71,18,4407,4407,True,87ace1954f69082e,87ace1954f69082e,True
SENT,sent01,101,iteration_end,71,19,2834,2834,True,ee316212851b82a1,ee316212851b82a1,True
SENT,sent01,101,iteration_end,72,0,7758,7758,True,657bdc4e5fcfacb1,657bdc4e5fcfacb1,True
SENT,sent01,101,iteration_end,72,1,7758,7758,True,657bdc4e5fcfacb1,657bdc4e5fcfacb1,True
SENT,sent01,101,iteration_end,72,2,7758,7758,True,657bdc4e5fcfacb1,657bdc4e5fcfacb1,True
SENT,sent01,101,iteration_end,72,3,7693,7693,True,a53576ec0371ca57,a53576ec0371ca57,True
SENT,sent01,101,iteration_end,72,4,7658,7658,True,01326343fa0d7965,01326343fa0d7965,True
SENT,sent01,101,iteration_end,72,5,7653,7653,True,076cc4adf9fae0c1,076cc4adf9fae0c1,True
SENT,sent01,101,iteration_end,72,6,7634,7634,True,8cd5b7538228854d,8cd5b7538228854d,True
SENT,sent01,101,iteration_end,72,7,7633,7633,True,79681db9fe2273e5,79681db9fe2273e5,True
SENT,sent01,101,iteration_end,72,8,7586,7586,True,dbf2221a74f958e5,dbf2221a74f958e5,True
SENT,sent01,101,iteration_end,72,9,7488,7488,True,023875a22f1ad3db,023875a22f1ad3db,True
SENT,sent01,101,iteration_end,72,10,7326,7326,True,d84e984d46c3e27e,d84e984d46c3e27e,True
SENT,sent01,101,iteration_end,72,11,7315,7315,True,9a5f10a654381f3a,9a5f10a654381f3a,True
SENT,sent01,101,iteration_end,72,12,7313,7313,True,c1ca4173365b3e6f,c1ca4173365b3e6f,True
SENT,sent01,101,iteration_end,72,13,7243,7243,True,09ff8d3619790c1f,09ff8d3619790c1f,True
SENT,sent01,101,iteration_end,72,14,7055,7055,True,918547812bd9b484,918547812bd9b484,True
SENT,sent01,101,iteration_end,72,15,6836,6836,True,74ce4849b98db280,74ce4849b98db280,True
SENT,sent01,101,iteration_end,72,16,6539,6539,True,b218972671691a56,b218972671691a56,True
SENT,sent01,101,iteration_end,72,17,6384,6384,True,d7b35b56f868d044,d7b35b56f868d044,True
SENT,sent01,101,iteration_end,72,18,6368,6368,True,8de1426cd680915a,8de1426cd680915a,True
SENT,sent01,101,iteration_end,72,19,6298,6298,True,86c283f8c351f3f0,86c283f8c351f3f0,True
SENT,sent01,101,iteration_end,73,0,7734,7734,True,5f7b3433a54b08dc,5f7b3433a54b08dc,True
SENT,sent01,101,iteration_end,73,1,7734,7734,True,5f7b3433a54b08dc,5f7b3433a54b08dc,True
SENT,sent01,101,iteration_end,73,2,7706,7706,True,144cdd8ec39b4885,144cdd8ec39b4885,True
SENT,sent01,101,iteration_end,73,3,7694,7694,True,c55191c3760c417a,c55191c3760c417a,True
SENT,sent01,101,iteration_end,73,4,7676,7676,True,2091422b86ab6720,2091422b86ab6720,True
SENT,sent01,101,iteration_end,73,5,7655,7655,True,9ded0219d7077244,9ded0219d7077244,True
SENT,sent01,101,iteration_end,73,6,7586,7586,True,dbf2221a74f958e5,dbf2221a74f958e5,True
SENT,sent01,101,iteration_end,73,7,7446,7446,True,49938f970b4f9344,49938f970b4f9344,True
SENT,sent01,101,iteration_end,73,8,7296,7296,True,0bbb17a2b649989f,0bbb17a2b649989f,True
SENT,sent01,101,iteration_end,73,9,6893,6893,True,e4f14173c51cd56f,e4f14173c51cd56f,True
SENT,sent01,101,iteration_end,73,10,6850,6850,True,c6fb954534032a97,c6fb954534032a97,True
SENT,sent01,101,iteration_end,73,11,6563,6563,True,81dca121448d1f83,81dca121448d1f83,True
SENT,sent01,101,iteration_end,73,12,6229,6229,True,0dbb3f9149589ee6,0dbb3f9149589ee6,True
SENT,sent01,101,iteration_end,73,13,6217,6217,True,e718ab3a93d8172d,e718ab3a93d8172d,True
SENT,sent01,101,iteration_end,73,14,5646,5646,True,94c21fa8bbb192b3,94c21fa8bbb192b3,True
SENT,sent01,101,iteration_end,73,15,5529,5529,True,9d7ca0644f8ca624,9d7ca0644f8ca624,True
SENT,sent01,101,iteration_end,73,16,5194,5194,True,1db3b0e07c035128,1db3b0e07c035128,True
SENT,sent01,101,iteration_end,73,17,4682,4682,True,fd206e6d9596459a,fd206e6d9596459a,True
SENT,sent01,101,iteration_end,73,18,4327,4327,True,2cbc606c5a161141,2cbc606c5a161141,True
SENT,sent01,101,iteration_end,73,19,3008,3008,True,531a0239d35f3d46,531a0239d35f3d46,True
SENT,sent01,101,iteration_end,74,0,7758,7758,True,657bdc4e5fcfacb1,657bdc4e5fcfacb1,True
SENT,sent01,101,iteration_end,74,1,7758,7758,True,657bdc4e5fcfacb1,657bdc4e5fcfacb1,True
SENT,sent01,101,iteration_end,74,2,7721,7721,True,d73d45193350b78f,d73d45193350b78f,True
SENT,sent01,101,iteration_end,74,3,7705,7705,True,4ef23097aa60d907,4ef23097aa60d907,True
SENT,sent01,101,iteration_end,74,4,7686,7686,True,6355f8c920f67ff5,6355f8c920f67ff5,True
SENT,sent01,101,iteration_end,74,5,7671,7671,True,8644e497ad923481,8644e497ad923481,True
SENT,sent01,101,iteration_end,74,6,7662,7662,True,3cf565e42d9eaced,3cf565e42d9eaced,True
SENT,sent01,101,iteration_end,74,7,7658,7658,True,01326343fa0d7965,01326343fa0d7965,True
SENT,sent01,101,iteration_end,74,8,7500,7500,True,e81e8c5f7145f6b2,e81e8c5f7145f6b2,True
SENT,sent01,101,iteration_end,74,9,7220,7220,True,464417e4e72d414b,464417e4e72d414b,True
SENT,sent01,101,iteration_end,74,10,6995,6995,True,0ac55d8f64e9df14,0ac55d8f64e9df14,True
SENT,sent01,101,iteration_end,74,11,6916,6916,True,045ecbbe6ed99c1c,045ecbbe6ed99c1c,True
SENT,sent01,101,iteration_end,74,12,6846,6846,True,f978d5213479afa3,f978d5213479afa3,True
SENT,sent01,101,iteration_end,74,13,6707,6707,True,6f27f60a9ae4aaf3,6f27f60a9ae4aaf3,True
SENT,sent01,101,iteration_end,74,14,6649,6649,True,1f93b484a89fce67,1f93b484a89fce67,True
SENT,sent01,101,iteration_end,74,15,6301,6301,True,98a0745dabe5e5c8,98a0745dabe5e5c8,True
SENT,sent01,101,iteration_end,74,16,6241,6241,True,31cca3cfa4ab3857,31cca3cfa4ab3857,True
SENT,sent01,101,iteration_end,74,17,6062,6062,True,f1bbc4c7dca9b6c8,f1bbc4c7dca9b6c8,True
SENT,sent01,101,iteration_end,74,18,5839,5839,True,942343351d69adc7,942343351d69adc7,True
SENT,sent01,101,iteration_end,74,19,3319,3319,True,826dd2ca0b6c0b72,826dd2ca0b6c0b72,True
SENT,sent01,101,iteration_end,75,0,7758,7758,True,657bdc4e5fcfacb1,657bdc4e5fcfacb1,True
SENT,sent01,101,iteration_end,75,1,7734,7734,True,5f7b3433a54b08dc,5f7b3433a54b08dc,True
SENT,sent01,101,iteration_end,75,2,7706,7706,True,a633810d7649aeea,a633810d7649aeea,True
SENT,sent01,101,iteration_end,75,3,7693,7693,True,a53576ec0371ca57,a53576ec0371ca57,True
SENT,sent01,101,iteration_end,75,4,7686,7686,True,6355f8c920f67ff5,6355f8c920f67ff5,True
SENT,sent01,101,iteration_end,75,5,7676,7676,True,2091422b86ab6720,2091422b86ab6720,True
SENT,sent01,101,iteration_end,75,6,7658,7658,True,01326343fa0d7965,01326343fa0d7965,True
SENT,sent01,101,iteration_end,75,7,7553,7553,True,8aa3de76339fda58,8aa3de76339fda58,True
SENT,sent01,101,iteration_end,75,8,7055,7055,True,d9cc29fea8a5ace0,d9cc29fea8a5ace0,True
SENT,sent01,101,iteration_end,75,9,7021,7021,True,88fa47be45da4b4b,88fa47be45da4b4b,True
SENT,sent01,101,iteration_end,75,10,6991,6991,True,a07ee891271eede2,a07ee891271eede2,True
SENT,sent01,101,iteration_end,75,11,6693,6693,True,3bb1f30902ddcbc1,3bb1f30902ddcbc1,True
SENT,sent01,101,iteration_end,75,12,6679,6679,True,e02337f0376c8f38,e02337f0376c8f38,True
SENT,sent01,101,iteration_end,75,13,6613,6613,True,4698db297de09ce1,4698db297de09ce1,True
SENT,sent01,101,iteration_end,75,14,6529,6529,True,2d80f06fba48bdaa,2d80f06fba48bdaa,True
SENT,sent01,101,iteration_end,75,15,6050,6050,True,abd1287d07483809,abd1287d07483809,True
SENT,sent01,101,iteration_end,75,16,5909,5909,True,3e334ce38b19485d,3e334ce38b19485d,True
SENT,sent01,101,iteration_end,75,17,5433,5433,True,e66cc2d9a2e7c0b4,e66cc2d9a2e7c0b4,True
SENT,sent01,101,iteration_end,75,18,5224,5224,True,a881486456df738a,a881486456df738a,True
SENT,sent01,101,iteration_end,75,19,2994,2994,True,d67cbf37d0975fa2,d67cbf37d0975fa2,True
SENT,sent01,101,iteration_end,76,0,7721,7721,True,d73d45193350b78f,d73d45193350b78f,True
SENT,sent01,101,iteration_end,76,1,7706,7706,True,144cdd8ec39b4885,144cdd8ec39b4885,True
SENT,sent01,101,iteration_end,76,2,7693,7693,True,a53576ec0371ca57,a53576ec0371ca57,True
SENT,sent01,101,iteration_end,76,3,7676,7676,True,2091422b86ab6720,2091422b86ab6720,True
SENT,sent01,101,iteration_end,76,4,7671,7671,True,8644e497ad923481,8644e497ad923481,True
SENT,sent01,101,iteration_end,76,5,7671,7671,True,8644e497ad923481,8644e497ad923481,True
SENT,sent01,101,iteration_end,76,6,7658,7658,True,01326343fa0d7965,01326343fa0d7965,True
SENT,sent01,101,iteration_end,76,7,7658,7658,True,01326343fa0d7965,01326343fa0d7965,True
SENT,sent01,101,iteration_end,76,8,7586,7586,True,dbf2221a74f958e5,dbf2221a74f958e5,True
SENT,sent01,101,iteration_end,76,9,7357,7357,True,d380004d9e1af061,d380004d9e1af061,True
SENT,sent01,101,iteration_end,76,10,7240,7240,True,05ea0e844dbe204b,05ea0e844dbe204b,True
SENT,sent01,101,iteration_end,76,11,7113,7113,True,0cf51ba1cd4399a4,0cf51ba1cd4399a4,True
SENT,sent01,101,iteration_end,76,12,6706,6706,True,ae2af0f104947b21,ae2af0f104947b21,True
SENT,sent01,101,iteration_end,76,13,6652,6652,True,5d22458d8038306e,5d22458d8038306e,True
SENT,sent01,101,iteration_end,76,14,6650,6650,True,2d3d28de44b50909,2d3d28de44b50909,True
SENT,sent01,101,iteration_end,76,15,6537,6537,True,7d411855e2d1d446,7d411855e2d1d446,True
SENT,sent01,101,iteration_end,76,16,6373,6373,True,35663eb6d0c0c900,35663eb6d0c0c900,True
SENT,sent01,101,iteration_end,76,17,6241,6241,True,a77fa0984c023f61,a77fa0984c023f61,True
SENT,sent01,101,iteration_end,76,18,6208,6208,True,b2d98f77f0832065,b2d98f77f0832065,True
SENT,sent01,101,iteration_end,76,19,5847,5847,True,1156b0e5427507a6,1156b0e5427507a6,True
SENT,sent01,101,iteration_end,77,0,7758,7758,True,657bdc4e5fcfacb1,657bdc4e5fcfacb1,True
SENT,sent01,101,iteration_end,77,1,7758,7758,True,657bdc4e5fcfacb1,657bdc4e5fcfacb1,True
SENT,sent01,101,iteration_end,77,2,7739,7739,True,2af1ef47f5218f7f,2af1ef47f5218f7f,True
SENT,sent01,101,iteration_end,77,3,7734,7734,True,5f7b3433a54b08dc,5f7b3433a54b08dc,True
SENT,sent01,101,iteration_end,77,4,7688,7688,True,1adac28e065892f2,1adac28e065892f2,True
SENT,sent01,101,iteration_end,77,5,7686,7686,True,6355f8c920f67ff5,6355f8c920f67ff5,True
SENT,sent01,101,iteration_end,77,6,7686,7686,True,6355f8c920f67ff5,6355f8c920f67ff5,True
SENT,sent01,101,iteration_end,77,7,7676,7676,True,2091422b86ab6720,2091422b86ab6720,True
SENT,sent01,101,iteration_end,77,8,7658,7658,True,01326343fa0d7965,01326343fa0d7965,True
SENT,sent01,101,iteration_end,77,9,7658,7658,True,01326343fa0d7965,01326343fa0d7965,True
SENT,sent01,101,iteration_end,77,10,7658,7658,True,01326343fa0d7965,01326343fa0d7965,True
SENT,sent01,101,iteration_end,77,11,7658,7658,True,01326343fa0d7965,01326343fa0d7965,True
SENT,sent01,101,iteration_end,77,12,7658,7658,True,01326343fa0d7965,01326343fa0d7965,True
SENT,sent01,101,iteration_end,77,13,7503,7503,True,a7905894cbd64b85,a7905894cbd64b85,True
SENT,sent01,101,iteration_end,77,14,7380,7380,True,b4e682f7be788247,b4e682f7be788247,True
SENT,sent01,101,iteration_end,77,15,7255,7255,True,93e99782799f8836,93e99782799f8836,True
SENT,sent01,101,iteration_end,77,16,6431,6431,True,c9c9e6604c01c50b,c9c9e6604c01c50b,True
SENT,sent01,101,iteration_end,77,17,6250,6250,True,897f0ef06e62150b,897f0ef06e62150b,True
SENT,sent01,101,iteration_end,77,18,5768,5768,True,55987da0dfcfc85e,55987da0dfcfc85e,True
SENT,sent01,101,iteration_end,77,19,3489,3489,True,01d8ba0ac0bd8943,01d8ba0ac0bd8943,True
SENT,sent01,101,iteration_end,78,0,7758,7758,True,657bdc4e5fcfacb1,657bdc4e5fcfacb1,True
SENT,sent01,101,iteration_end,78,1,7734,7734,True,5f7b3433a54b08dc,5f7b3433a54b08dc,True
SENT,sent01,101,iteration_end,78,2,7706,7706,True,a633810d7649aeea,a633810d7649aeea,True
SENT,sent01,101,iteration_end,78,3,7699,7699,True,1f516460f765b2a1,1f516460f765b2a1,True
SENT,sent01,101,iteration_end,78,4,7693,7693,True,a53576ec0371ca57,a53576ec0371ca57,True
SENT,sent01,101,iteration_end,78,5,7688,7688,True,1adac28e065892f2,1adac28e065892f2,True
SENT,sent01,101,iteration_end,78,6,7604,7604,True,59143188b0b1f208,59143188b0b1f208,True
SENT,sent01,101,iteration_end,78,7,7593,7593,True,02a2d9c4fa0b8d79,02a2d9c4fa0b8d79,True
SENT,sent01,101,iteration_end,78,8,7586,7586,True,dbf2221a74f958e5,dbf2221a74f958e5,True
SENT,sent01,101,iteration_end,78,9,7518,7518,True,80a544405e0d6f27,80a544405e0d6f27,True
SENT,sent01,101,iteration_end,78,10,7368,7368,True,eb5c531890002f6c,eb5c531890002f6c,True
SENT,sent01,101,iteration_end,78,11,7333,7333,True,10a84a69b1c2ef77,10a84a69b1c2ef77,True
SENT,sent01,101,iteration_end,78,12,7202,7202,True,b6d27bc2306a6cda,b6d27bc2306a6cda,True
SENT,sent01,101,iteration_end,78,13,6916,6916,True,ab72e170dfc715f8,ab72e170dfc715f8,True
SENT,sent01,101,iteration_end,78,14,6688,6688,True,1f2eeb4713014387,1f2eeb4713014387,True
SENT,sent01,101,iteration_end,78,15,6521,6521,True,d763396d445a310b,d763396d445a310b,True
SENT,sent01,101,iteration_end,78,16,5952,5952,True,af98b0e9355679cc,af98b0e9355679cc,True
SENT,sent01,101,iteration_end,78,17,5482,5482,True,e3575aca2f649c9f,e3575aca2f649c9f,True
SENT,sent01,101,iteration_end,78,18,5443,5443,True,a3f6db06d7071e67,a3f6db06d7071e67,True
SENT,sent01,101,iteration_end,78,19,4237,4237,True,ec7696f602f5b851,ec7696f602f5b851,True
SENT,sent01,101,iteration_end,79,0,7721,7721,True,d73d45193350b78f,d73d45193350b78f,True
SENT,sent01,101,iteration_end,79,1,7693,7693,True,a53576ec0371ca57,a53576ec0371ca57,True
SENT,sent01,101,iteration_end,79,2,7686,7686,True,6355f8c920f67ff5,6355f8c920f67ff5,True
SENT,sent01,101,iteration_end,79,3,7671,7671,True,8644e497ad923481,8644e497ad923481,True
SENT,sent01,101,iteration_end,79,4,7663,7663,True,a94ff5c9b624237f,a94ff5c9b624237f,True
SENT,sent01,101,iteration_end,79,5,7658,7658,True,01326343fa0d7965,01326343fa0d7965,True
SENT,sent01,101,iteration_end,79,6,7657,7657,True,b5c98cd97da0899d,b5c98cd97da0899d,True
SENT,sent01,101,iteration_end,79,7,7653,7653,True,076cc4adf9fae0c1,076cc4adf9fae0c1,True
SENT,sent01,101,iteration_end,79,8,7613,7613,True,e9d5e9def5717800,e9d5e9def5717800,True
SENT,sent01,101,iteration_end,79,9,7600,7600,True,999344f5b249a3d1,999344f5b249a3d1,True
SENT,sent01,101,iteration_end,79,10,7510,7510,True,4c223c31f0e29748,4c223c31f0e29748,True
SENT,sent01,101,iteration_end,79,11,6931,6931,True,bba3756c44439e4d,bba3756c44439e4d,True
SENT,sent01,101,iteration_end,79,12,6916,6916,True,a6e368bc215de9e7,a6e368bc215de9e7,True
SENT,sent01,101,iteration_end,79,13,6847,6847,True,9c11ec4e6c669ee6,9c11ec4e6c669ee6,True
SENT,sent01,101,iteration_end,79,14,6809,6809,True,9ab651b97fc6ba5b,9ab651b97fc6ba5b,True
SENT,sent01,101,iteration_end,79,15,6627,6627,True,cf6c3ff9062858ff,cf6c3ff9062858ff,True
SENT,sent01,101,iteration_end,79,16,6547,6547,True,a594e7b9df24d2a0,a594e7b9df24d2a0,True
SENT,sent01,101,iteration_end,79,17,6182,6182,True,e15cef111e6e87b1,e15cef111e6e87b1,True
SENT,sent01,101,iteration_end,79,18,6026,6026,True,34f3acf39bfe586d,34f3acf39bfe586d,True
SENT,sent01,101,iteration_end,79,19,4447,4447,True,9f5215f8362b1f8c,9f5215f8362b1f8c,True
SENT,sent01,101,iteration_end,80,0,7739,7739,True,2af1ef47f5218f7f,2af1ef47f5218f7f,True
SENT,sent01,101,iteration_end,80,1,7734,7734,True,5f7b3433a54b08dc,5f7b3433a54b08dc,True
SENT,sent01,101,iteration_end,80,2,7719,7719,True,e41e05ca777af59f,e41e05ca777af59f,True
SENT,sent01,101,iteration_end,80,3,7705,7705,True,4ef23097aa60d907,4ef23097aa60d907,True
SENT,sent01,101,iteration_end,80,4,7699,7699,True,1f516460f765b2a1,1f516460f765b2a1,True
SENT,sent01,101,iteration_end,80,5,7694,7694,True,c55191c3760c417a,c55191c3760c417a,True
SENT,sent01,101,iteration_end,80,6,7662,7662,True,3cf565e42d9eaced,3cf565e42d9eaced,True
SENT,sent01,101,iteration_end,80,7,7634,7634,True,8cd5b7538228854d,8cd5b7538228854d,True
SENT,sent01,101,iteration_end,80,8,7528,7528,True,58503f5ad69fe85f,58503f5ad69fe85f,True
SENT,sent01,101,iteration_end,80,9,7481,7481,True,284a8155971095ec,284a8155971095ec,True
SENT,sent01,101,iteration_end,80,10,7186,7186,True,cd582c325b22bc37,cd582c325b22bc37,True
SENT,sent01,101,iteration_end,80,11,7035,7035,True,8f5748e76d4cade6,8f5748e76d4cade6,True
SENT,sent01,101,iteration_end,80,12,6975,6975,True,ef35064d8883eccd,ef35064d8883eccd,True
SENT,sent01,101,iteration_end,80,13,6966,6966,True,ef051fde3fd1aba8,ef051fde3fd1aba8,True
SENT,sent01,101,iteration_end,80,14,6714,6714,True,dc6f3ba64052f792,dc6f3ba64052f792,True
SENT,sent01,101,iteration_end,80,15,6677,6677,True,83fbd2426930c21f,83fbd2426930c21f,True
SENT,sent01,101,iteration_end,80,16,6627,6627,True,35902755027769a8,35902755027769a8,True
SENT,sent01,101,iteration_end,80,17,5407,5407,True,3e8c97a71d65f348,3e8c97a71d65f348,True
SENT,sent01,101,iteration_end,80,18,5358,5358,True,752371d79dc09f46,752371d79dc09f46,True
SENT,sent01,101,iteration_end,80,19,4347,4347,True,f4e71042f52f7b22,f4e71042f52f7b22,True
SENT,sent01,101,iteration_end,81,0,7758,7758,True,657bdc4e5fcfacb1,657bdc4e5fcfacb1,True
SENT,sent01,101,iteration_end,81,1,7693,7693,True,a53576ec0371ca57,a53576ec0371ca57,True
SENT,sent01,101,iteration_end,81,2,7693,7693,True,a53576ec0371ca57,a53576ec0371ca57,True
SENT,sent01,101,iteration_end,81,3,7685,7685,True,a4505f3aac821367,a4505f3aac821367,True
SENT,sent01,101,iteration_end,81,4,7662,7662,True,3cf565e42d9eaced,3cf565e42d9eaced,True
SENT,sent01,101,iteration_end,81,5,7621,7621,True,46fe53cf00f62a51,46fe53cf00f62a51,True
SENT,sent01,101,iteration_end,81,6,7616,7616,True,b25da57ee416bcf0,b25da57ee416bcf0,True
SENT,sent01,101,iteration_end,81,7,7586,7586,True,dbf2221a74f958e5,dbf2221a74f958e5,True
SENT,sent01,101,iteration_end,81,8,7492,7492,True,e37ed9e8d0641045,e37ed9e8d0641045,True
SENT,sent01,101,iteration_end,81,9,7473,7473,True,cfbe7c354ab35b48,cfbe7c354ab35b48,True
SENT,sent01,101,iteration_end,81,10,7434,7434,True,722dc5ad388572e5,722dc5ad388572e5,True
SENT,sent01,101,iteration_end,81,11,7403,7403,True,14038a8a2cdaba55,14038a8a2cdaba55,True
SENT,sent01,101,iteration_end,81,12,6557,6557,True,f77b7cceb6495387,f77b7cceb6495387,True
SENT,sent01,101,iteration_end,81,13,6023,6023,True,8d43ee926f559ad1,8d43ee926f559ad1,True
SENT,sent01,101,iteration_end,81,14,5779,5779,True,e36a6b46b8aa0aac,e36a6b46b8aa0aac,True
SENT,sent01,101,iteration_end,81,15,5746,5746,True,2a013db8cc639a5b,2a013db8cc639a5b,True
SENT,sent01,101,iteration_end,81,16,5458,5458,True,a93d1a931d59fa40,a93d1a931d59fa40,True
SENT,sent01,101,iteration_end,81,17,5284,5284,True,e40172eab181c735,e40172eab181c735,True
SENT,sent01,101,iteration_end,81,18,5145,5145,True,f7b27e71bccbfc44,f7b27e71bccbfc44,True
SENT,sent01,101,iteration_end,81,19,5049,5049,True,eccb4a91e688a66d,eccb4a91e688a66d,True
SENT,sent01,101,iteration_end,82,0,7706,7706,True,144cdd8ec39b4885,144cdd8ec39b4885,True
SENT,sent01,101,iteration_end,82,1,7693,7693,True,a53576ec0371ca57,a53576ec0371ca57,True
SENT,sent01,101,iteration_end,82,2,7671,7671,True,8644e497ad923481,8644e497ad923481,True
SENT,sent01,101,iteration_end,82,3,7621,7621,True,46fe53cf00f62a51,46fe53cf00f62a51,True
SENT,sent01,101,iteration_end,82,4,7616,7616,True,e8937549f2e6d4fc,e8937549f2e6d4fc,True
SENT,sent01,101,iteration_end,82,5,7596,7596,True,a1225b9242af2d45,a1225b9242af2d45,True
SENT,sent01,101,iteration_end,82,6,7513,7513,True,80c9212599fba9e6,80c9212599fba9e6,True
SENT,sent01,101,iteration_end,82,7,7434,7434,True,722dc5ad388572e5,722dc5ad388572e5,True
SENT,sent01,101,iteration_end,82,8,7300,7300,True,245c071289022282,245c071289022282,True
SENT,sent01,101,iteration_end,82,9,7014,7014,True,ad4047ba2e041986,ad4047ba2e041986,True
SENT,sent01,101,iteration_end,82,10,6979,6979,True,a2a4703c7d0ccb08,a2a4703c7d0ccb08,True
SENT,sent01,101,iteration_end,82,11,6977,6977,True,b94c45ec89daa812,b94c45ec89daa812,True
SENT,sent01,101,iteration_end,82,12,6834,6834,True,1e2ea4c443627c5a,1e2ea4c443627c5a,True
SENT,sent01,101,iteration_end,82,13,6539,6539,True,43b347f3208294be,43b347f3208294be,True
SENT,sent01,101,iteration_end,82,14,6537,6537,True,41b32fe13f4fe514,41b32fe13f4fe514,True
SENT,sent01,101,iteration_end,82,15,6376,6376,True,8715e49c78ae9407,8715e49c78ae9407,True
SENT,sent01,101,iteration_end,82,16,6088,6088,True,c9d609230063d86e,c9d609230063d86e,True
SENT,sent01,101,iteration_end,82,17,5879,5879,True,8ab23b1c1fd24045,8ab23b1c1fd24045,True
SENT,sent01,101,iteration_end,82,18,5678,5678,True,274f269ad2bb2a0e,274f269ad2bb2a0e,True
SENT,sent01,101,iteration_end,82,19,4293,4293,True,c9664fa42caa6766,c9664fa42caa6766,True
SENT,sent01,101,iteration_end,83,0,7758,7758,True,657bdc4e5fcfacb1,657bdc4e5fcfacb1,True
SENT,sent01,101,iteration_end,83,1,7706,7706,True,144cdd8ec39b4885,144cdd8ec39b4885,True
SENT,sent01,101,iteration_end,83,2,7693,7693,True,a53576ec0371ca57,a53576ec0371ca57,True
SENT,sent01,101,iteration_end,83,3,7687,7687,True,ecae5b8691e05787,ecae5b8691e05787,True
SENT,sent01,101,iteration_end,83,4,7687,7687,True,ecae5b8691e05787,ecae5b8691e05787,True
SENT,sent01,101,iteration_end,83,5,7605,7605,True,030cee9cace6fa55,030cee9cace6fa55,True
SENT,sent01,101,iteration_end,83,6,7415,7415,True,ba37c34dba09fc8d,ba37c34dba09fc8d,True
SENT,sent01,101,iteration_end,83,7,7053,7053,True,407c8f8018455037,407c8f8018455037,True
SENT,sent01,101,iteration_end,83,8,7025,7025,True,d3cd11bd0894503d,d3cd11bd0894503d,True
SENT,sent01,101,iteration_end,83,9,6746,6746,True,d2fdace35d92e644,d2fdace35d92e644,True
SENT,sent01,101,iteration_end,83,10,6733,6733,True,96bc9e7286e6af76,96bc9e7286e6af76,True
SENT,sent01,101,iteration_end,83,11,6543,6543,True,664dd2445b98986a,664dd2445b98986a,True
SENT,sent01,101,iteration_end,83,12,6463,6463,True,e9879eea3ebd3b75,e9879eea3ebd3b75,True
SENT,sent01,101,iteration_end,83,13,6260,6260,True,6356aed62a611df3,6356aed62a611df3,True
SENT,sent01,101,iteration_end,83,14,5905,5905,True,e98e0b74f8e559fc,e98e0b74f8e559fc,True
SENT,sent01,101,iteration_end,83,15,5770,5770,True,45b4ad7e1df22c15,45b4ad7e1df22c15,True
SENT,sent01,101,iteration_end,83,16,5503,5503,True,646cc1560c437bdf,646cc1560c437bdf,True
SENT,sent01,101,iteration_end,83,17,5163,5163,True,29720d9bad40f469,29720d9bad40f469,True
SENT,sent01,101,iteration_end,83,18,4870,4870,True,313f05a355d41c3b,313f05a355d41c3b,True
SENT,sent01,101,iteration_end,83,19,4810,4810,True,f1a7a5a51dcf2af9,f1a7a5a51dcf2af9,True
SENT,sent01,101,iteration_end,84,0,7758,7758,True,657bdc4e5fcfacb1,657bdc4e5fcfacb1,True
SENT,sent01,101,iteration_end,84,1,7758,7758,True,657bdc4e5fcfacb1,657bdc4e5fcfacb1,True
SENT,sent01,101,iteration_end,84,2,7758,7758,True,657bdc4e5fcfacb1,657bdc4e5fcfacb1,True
SENT,sent01,101,iteration_end,84,3,7721,7721,True,d73d45193350b78f,d73d45193350b78f,True
SENT,sent01,101,iteration_end,84,4,7716,7716,True,1cb060b4eeb3b724,1cb060b4eeb3b724,True
SENT,sent01,101,iteration_end,84,5,7687,7687,True,ecae5b8691e05787,ecae5b8691e05787,True
SENT,sent01,101,iteration_end,84,6,7658,7658,True,01326343fa0d7965,01326343fa0d7965,True
SENT,sent01,101,iteration_end,84,7,7658,7658,True,01326343fa0d7965,01326343fa0d7965,True
SENT,sent01,101,iteration_end,84,8,7467,7467,True,03ce92eaba79f590,03ce92eaba79f590,True
SENT,sent01,101,iteration_end,84,9,7249,7249,True,2fc8b2a558e2c3e3,2fc8b2a558e2c3e3,True
SENT,sent01,101,iteration_end,84,10,7158,7158,True,ede75445a909bbc5,ede75445a909bbc5,True
SENT,sent01,101,iteration_end,84,11,7106,7106,True,3731d754f7fcf83e,3731d754f7fcf83e,True
SENT,sent01,101,iteration_end,84,12,7076,7076,True,ad527fdd4efecabc,ad527fdd4efecabc,True
SENT,sent01,101,iteration_end,84,13,6930,6930,True,43d084382a42322b,43d084382a42322b,True
SENT,sent01,101,iteration_end,84,14,6848,6848,True,78fbb5520e39dc18,78fbb5520e39dc18,True
SENT,sent01,101,iteration_end,84,15,5710,5710,True,c1ce62c66cdf25ff,c1ce62c66cdf25ff,True
SENT,sent01,101,iteration_end,84,16,5469,5469,True,dcc1bc0f7106a92f,dcc1bc0f7106a92f,True
SENT,sent01,101,iteration_end,84,17,5346,5346,True,8d72f848d1dcadd6,8d72f848d1dcadd6,True
SENT,sent01,101,iteration_end,84,18,4701,4701,True,6013ae11828022bc,6013ae11828022bc,True
SENT,sent01,101,iteration_end,84,19,2339,2339,True,2b965136f01911a6,2b965136f01911a6,True
SENT,sent01,101,iteration_end,85,0,7758,7758,True,657bdc4e5fcfacb1,657bdc4e5fcfacb1,True
SENT,sent01,101,iteration_end,85,1,7706,7706,True,144cdd8ec39b4885,144cdd8ec39b4885,True
SENT,sent01,101,iteration_end,85,2,7693,7693,True,a53576ec0371ca57,a53576ec0371ca57,True
SENT,sent01,101,iteration_end,85,3,7671,7671,True,8644e497ad923481,8644e497ad923481,True
SENT,sent01,101,iteration_end,85,4,7662,7662,True,3cf565e42d9eaced,3cf565e42d9eaced,True
SENT,sent01,101,iteration_end,85,5,7604,7604,True,59143188b0b1f208,59143188b0b1f208,True
SENT,sent01,101,iteration_end,85,6,7592,7592,True,8312dc46ec4dc126,8312dc46ec4dc126,True
SENT,sent01,101,iteration_end,85,7,7516,7516,True,a051f52b945e9074,a051f52b945e9074,True
SENT,sent01,101,iteration_end,85,8,7222,7222,True,9b724b4a4308ad8e,9b724b4a4308ad8e,True
SENT,sent01,101,iteration_end,85,9,7058,7058,True,5361e0edc8919d0c,5361e0edc8919d0c,True
SENT,sent01,101,iteration_end,85,10,7006,7006,True,b8a9ad6becfd8ae2,b8a9ad6becfd8ae2,True
SENT,sent01,101,iteration_end,85,11,6757,6757,True,90108df2ff4bcc18,90108df2ff4bcc18,True
SENT,sent01,101,iteration_end,85,12,6550,6550,True,17681da680d557a8,17681da680d557a8,True
SENT,sent01,101,iteration_end,85,13,6283,6283,True,f9d505dc647545f3,f9d505dc647545f3,True
SENT,sent01,101,iteration_end,85,14,5827,5827,True,a1e815e418c3f33f,a1e815e418c3f33f,True
SENT,sent01,101,iteration_end,85,15,5704,5704,True,b84b00ae4ddff148,b84b00ae4ddff148,True
SENT,sent01,101,iteration_end,85,16,5605,5605,True,c580f02818258ec9,c580f02818258ec9,True
SENT,sent01,101,iteration_end,85,17,5513,5513,True,116dae91222d07e1,116dae91222d07e1,True
SENT,sent01,101,iteration_end,85,18,5059,5059,True,4477e1f0674f3626,4477e1f0674f3626,True
SENT,sent01,101,iteration_end,85,19,3742,3742,True,a8a43b6696494b21,a8a43b6696494b21,True
SENT,sent01,101,iteration_end,86,0,7739,7739,True,2af1ef47f5218f7f,2af1ef47f5218f7f,True
SENT,sent01,101,iteration_end,86,1,7739,7739,True,2af1ef47f5218f7f,2af1ef47f5218f7f,True
SENT,sent01,101,iteration_end,86,2,7739,7739,True,2af1ef47f5218f7f,2af1ef47f5218f7f,True
SENT,sent01,101,iteration_end,86,3,7694,7694,True,c55191c3760c417a,c55191c3760c417a,True
SENT,sent01,101,iteration_end,86,4,7693,7693,True,a53576ec0371ca57,a53576ec0371ca57,True
SENT,sent01,101,iteration_end,86,5,7693,7693,True,a53576ec0371ca57,a53576ec0371ca57,True
SENT,sent01,101,iteration_end,86,6,7693,7693,True,a53576ec0371ca57,a53576ec0371ca57,True
SENT,sent01,101,iteration_end,86,7,7662,7662,True,3cf565e42d9eaced,3cf565e42d9eaced,True
SENT,sent01,101,iteration_end,86,8,7492,7492,True,339b8a5bf9ed5d03,339b8a5bf9ed5d03,True
SENT,sent01,101,iteration_end,86,9,7001,7001,True,cdb3035a99cca5d4,cdb3035a99cca5d4,True
SENT,sent01,101,iteration_end,86,10,6948,6948,True,87a66892173d8d2e,87a66892173d8d2e,True
SENT,sent01,101,iteration_end,86,11,6795,6795,True,5176ca12bbb7f84d,5176ca12bbb7f84d,True
SENT,sent01,101,iteration_end,86,12,6702,6702,True,5d53530bdd7c7eb4,5d53530bdd7c7eb4,True
SENT,sent01,101,iteration_end,86,13,6676,6676,True,7c7a63af2ce94276,7c7a63af2ce94276,True
SENT,sent01,101,iteration_end,86,14,6514,6514,True,3abbd6ffd0964abd,3abbd6ffd0964abd,True
SENT,sent01,101,iteration_end,86,15,6352,6352,True,732dbcdeade3b693,732dbcdeade3b693,True
SENT,sent01,101,iteration_end,86,16,6258,6258,True,9bf77a3f55c95abf,9bf77a3f55c95abf,True
SENT,sent01,101,iteration_end,86,17,6210,6210,True,c60153e9fb3bd7ee,c60153e9fb3bd7ee,True
SENT,sent01,101,iteration_end,86,18,6147,6147,True,3a1dd7732eaedc8d,3a1dd7732eaedc8d,True
SENT,sent01,101,iteration_end,86,19,5862,5862,True,db16f284502e5e62,db16f284502e5e62,True
SENT,sent01,101,iteration_end,87,0,7739,7739,True,2af1ef47f5218f7f,2af1ef47f5218f7f,True
SENT,sent01,101,iteration_end,87,1,7719,7719,True,e41e05ca777af59f,e41e05ca777af59f,True
SENT,sent01,101,iteration_end,87,2,7706,7706,True,a633810d7649aeea,a633810d7649aeea,True
SENT,sent01,101,iteration_end,87,3,7706,7706,True,a633810d7649aeea,a633810d7649aeea,True
SENT,sent01,101,iteration_end,87,4,7676,7676,True,2091422b86ab6720,2091422b86ab6720,True
SENT,sent01,101,iteration_end,87,5,7667,7667,True,b0b81eee761a7c3b,b0b81eee761a7c3b,True
SENT,sent01,101,iteration_end,87,6,7662,7662,True,3cf565e42d9eaced,3cf565e42d9eaced,True
SENT,sent01,101,iteration_end,87,7,7658,7658,True,01326343fa0d7965,01326343fa0d7965,True
SENT,sent01,101,iteration_end,87,8,7653,7653,True,076cc4adf9fae0c1,076cc4adf9fae0c1,True
SENT,sent01,101,iteration_end,87,9,7583,7583,True,38b8d09387529e6d,38b8d09387529e6d,True
SENT,sent01,101,iteration_end,87,10,7484,7484,True,da5d536295c9c7f2,da5d536295c9c7f2,True
SENT,sent01,101,iteration_end,87,11,7469,7469,True,ff7f2242cb795ecb,ff7f2242cb795ecb,True
SENT,sent01,101,iteration_end,87,12,7339,7339,True,7c9246f224436c32,7c9246f224436c32,True
SENT,sent01,101,iteration_end,87,13,7195,7195,True,c88376a9b45d0240,c88376a9b45d0240,True
SENT,sent01,101,iteration_end,87,14,6973,6973,True,e72b8da9f41ea29d,e72b8da9f41ea29d,True
SENT,sent01,101,iteration_end,87,15,6711,6711,True,1203d418473d70ff,1203d418473d70ff,True
SENT,sent01,101,iteration_end,87,16,6443,6443,True,bf16f4fc4da08d8f,bf16f4fc4da08d8f,True
SENT,sent01,101,iteration_end,87,17,6321,6321,True,2c6ef58c9505d4b9,2c6ef58c9505d4b9,True
SENT,sent01,101,iteration_end,87,18,6302,6302,True,3a8a8ad9b31443a4,3a8a8ad9b31443a4,True
SENT,sent01,101,iteration_end,87,19,5614,5614,True,473e0dd3984229a7,473e0dd3984229a7,True
SENT,sent01,101,iteration_end,88,0,7758,7758,True,657bdc4e5fcfacb1,657bdc4e5fcfacb1,True
SENT,sent01,101,iteration_end,88,1,7758,7758,True,657bdc4e5fcfacb1,657bdc4e5fcfacb1,True
SENT,sent01,101,iteration_end,88,2,7758,7758,True,657bdc4e5fcfacb1,657bdc4e5fcfacb1,True
SENT,sent01,101,iteration_end,88,3,7758,7758,True,657bdc4e5fcfacb1,657bdc4e5fcfacb1,True
SENT,sent01,101,iteration_end,88,4,7686,7686,True,6355f8c920f67ff5,6355f8c920f67ff5,True
SENT,sent01,101,iteration_end,88,5,7686,7686,True,6355f8c920f67ff5,6355f8c920f67ff5,True
SENT,sent01,101,iteration_end,88,6,7676,7676,True,2091422b86ab6720,2091422b86ab6720,True
SENT,sent01,101,iteration_end,88,7,7676,7676,True,2091422b86ab6720,2091422b86ab6720,True
SENT,sent01,101,iteration_end,88,8,7658,7658,True,01326343fa0d7965,01326343fa0d7965,True
SENT,sent01,101,iteration_end,88,9,7632,7632,True,a4dca8405ba3b6f7,a4dca8405ba3b6f7,True
SENT,sent01,101,iteration_end,88,10,7632,7632,True,a4dca8405ba3b6f7,a4dca8405ba3b6f7,True
SENT,sent01,101,iteration_end,88,11,7581,7581,True,bffad4f6092c34b1,bffad4f6092c34b1,True
SENT,sent01,101,iteration_end,88,12,7302,7302,True,3ac506a1e52473b2,3ac506a1e52473b2,True
SENT,sent01,101,iteration_end,88,13,7153,7153,True,df3cd441e9187299,df3cd441e9187299,True
SENT,sent01,101,iteration_end,88,14,7038,7038,True,f37e16ccb6be021e,f37e16ccb6be021e,True
SENT,sent01,101,iteration_end,88,15,6400,6400,True,bac651689994b4ed,bac651689994b4ed,True
SENT,sent01,101,iteration_end,88,16,6100,6100,True,f09090c93fbd003d,f09090c93fbd003d,True
SENT,sent01,101,iteration_end,88,17,5685,5685,True,26c7e361bb96af9e,26c7e361bb96af9e,True
SENT,sent01,101,iteration_end,88,18,5565,5565,True,6ec78bf4750ba144,6ec78bf4750ba144,True
SENT,sent01,101,iteration_end,88,19,4669,4669,True,8b8ea8bc194e7960,8b8ea8bc194e7960,True
SENT,sent01,101,iteration_end,89,0,7758,7758,True,657bdc4e5fcfacb1,657bdc4e5fcfacb1,True
SENT,sent01,101,iteration_end,89,1,7719,7719,True,e41e05ca777af59f,e41e05ca777af59f,True
SENT,sent01,101,iteration_end,89,2,7716,7716,True,1cb060b4eeb3b724,1cb060b4eeb3b724,True
SENT,sent01,101,iteration_end,89,3,7706,7706,True,a633810d7649aeea,a633810d7649aeea,True
SENT,sent01,101,iteration_end,89,4,7694,7694,True,c55191c3760c417a,c55191c3760c417a,True
SENT,sent01,101,iteration_end,89,5,7662,7662,True,3cf565e42d9eaced,3cf565e42d9eaced,True
SENT,sent01,101,iteration_end,89,6,7648,7648,True,d212995905dfdc69,d212995905dfdc69,True
SENT,sent01,101,iteration_end,89,7,7634,7634,True,ee37d5fa44dc91ca,ee37d5fa44dc91ca,True
SENT,sent01,101,iteration_end,89,8,7616,7616,True,b25da57ee416bcf0,b25da57ee416bcf0,True
SENT,sent01,101,iteration_end,89,9,7586,7586,True,dbf2221a74f958e5,dbf2221a74f958e5,True
SENT,sent01,101,iteration_end,89,10,7586,7586,True,dbf2221a74f958e5,dbf2221a74f958e5,True
SENT,sent01,101,iteration_end,89,11,7479,7479,True,7a86c267115292cb,7a86c267115292cb,True
SENT,sent01,101,iteration_end,89,12,6316,6316,True,e268895bc5da383e,e268895bc5da383e,True
SENT,sent01,101,iteration_end,89,13,6258,6258,True,7f0b265a6003f005,7f0b265a6003f005,True
SENT,sent01,101,iteration_end,89,14,6253,6253,True,50aaed0eb25b057a,50aaed0eb25b057a,True
SENT,sent01,101,iteration_end,89,15,6224,6224,True,248ad54015ee6a4d,248ad54015ee6a4d,True
SENT,sent01,101,iteration_end,89,16,6059,6059,True,5d469be1fa1117c8,5d469be1fa1117c8,True
SENT,sent01,101,iteration_end,89,17,5609,5609,True,56c658234e20934e,56c658234e20934e,True
SENT,sent01,101,iteration_end,89,18,4762,4762,True,8c15dc4d08a0d3d0,8c15dc4d08a0d3d0,True
SENT,sent01,101,iteration_end,89,19,4028,4028,True,72807f8101b7e268,72807f8101b7e268,True
SENT,sent01,101,iteration_end,90,0,7758,7758,True,657bdc4e5fcfacb1,657bdc4e5fcfacb1,True
SENT,sent01,101,iteration_end,90,1,7758,7758,True,657bdc4e5fcfacb1,657bdc4e5fcfacb1,True
SENT,sent01,101,iteration_end,90,2,7758,7758,True,657bdc4e5fcfacb1,657bdc4e5fcfacb1,True
SENT,sent01,101,iteration_end,90,3,7706,7706,True,144cdd8ec39b4885,144cdd8ec39b4885,True
SENT,sent01,101,iteration_end,90,4,7694,7694,True,c55191c3760c417a,c55191c3760c417a,True
SENT,sent01,101,iteration_end,90,5,7693,7693,True,a53576ec0371ca57,a53576ec0371ca57,True
SENT,sent01,101,iteration_end,90,6,7686,7686,True,6355f8c920f67ff5,6355f8c920f67ff5,True
SENT,sent01,101,iteration_end,90,7,7686,7686,True,6355f8c920f67ff5,6355f8c920f67ff5,True
SENT,sent01,101,iteration_end,90,8,7593,7593,True,e7ce64924df96feb,e7ce64924df96feb,True
SENT,sent01,101,iteration_end,90,9,7586,7586,True,dbf2221a74f958e5,dbf2221a74f958e5,True
SENT,sent01,101,iteration_end,90,10,7200,7200,True,78eef623c8ee50cf,78eef623c8ee50cf,True
SENT,sent01,101,iteration_end,90,11,7067,7067,True,6e67cce58369d587,6e67cce58369d587,True
SENT,sent01,101,iteration_end,90,12,7025,7025,True,c54980a972cb12ef,c54980a972cb12ef,True
SENT,sent01,101,iteration_end,90,13,6727,6727,True,6abb31cb776cacc8,6abb31cb776cacc8,True
SENT,sent01,101,iteration_end,90,14,6569,6569,True,77bcab3df719eef5,77bcab3df719eef5,True
SENT,sent01,101,iteration_end,90,15,6429,6429,True,3404a1f5bcfb6574,3404a1f5bcfb6574,True
SENT,sent01,101,iteration_end,90,16,6346,6346,True,a71b1534875d200c,a71b1534875d200c,True
SENT,sent01,101,iteration_end,90,17,6335,6335,True,650dadc03edaa84a,650dadc03edaa84a,True
SENT,sent01,101,iteration_end,90,18,6072,6072,True,09e2acb1af18cec0,09e2acb1af18cec0,True
SENT,sent01,101,iteration_end,90,19,5128,5128,True,ce329a33e505b6f4,ce329a33e505b6f4,True
SENT,sent01,101,iteration_end,91,0,7758,7758,True,657bdc4e5fcfacb1,657bdc4e5fcfacb1,True
SENT,sent01,101,iteration_end,91,1,7758,7758,True,657bdc4e5fcfacb1,657bdc4e5fcfacb1,True
SENT,sent01,101,iteration_end,91,2,7739,7739,True,2af1ef47f5218f7f,2af1ef47f5218f7f,True
SENT,sent01,101,iteration_end,91,3,7706,7706,True,144cdd8ec39b4885,144cdd8ec39b4885,True
SENT,sent01,101,iteration_end,91,4,7706,7706,True,144cdd8ec39b4885,144cdd8ec39b4885,True
SENT,sent01,101,iteration_end,91,5,7693,7693,True,a53576ec0371ca57,a53576ec0371ca57,True
SENT,sent01,101,iteration_end,91,6,7676,7676,True,2091422b86ab6720,2091422b86ab6720,True
SENT,sent01,101,iteration_end,91,7,7662,7662,True,3cf565e42d9eaced,3cf565e42d9eaced,True
SENT,sent01,101,iteration_end,91,8,7658,7658,True,01326343fa0d7965,01326343fa0d7965,True
SENT,sent01,101,iteration_end,91,9,7658,7658,True,01326343fa0d7965,01326343fa0d7965,True
SENT,sent01,101,iteration_end,91,10,7656,7656,True,56a430266d289a29,56a430266d289a29,True
SENT,sent01,101,iteration_end,91,11,7586,7586,True,dbf2221a74f958e5,dbf2221a74f958e5,True
SENT,sent01,101,iteration_end,91,12,7583,7583,True,38b8d09387529e6d,38b8d09387529e6d,True
SENT,sent01,101,iteration_end,91,13,7508,7508,True,44f3e53d6c3d3a57,44f3e53d6c3d3a57,True
SENT,sent01,101,iteration_end,91,14,7449,7449,True,ed3cc74e16d9bc43,ed3cc74e16d9bc43,True
SENT,sent01,101,iteration_end,91,15,7147,7147,True,5b138ec52ffb9a7b,5b138ec52ffb9a7b,True
SENT,sent01,101,iteration_end,91,16,7083,7083,True,a9d38c78c903d6f4,a9d38c78c903d6f4,True
SENT,sent01,101,iteration_end,91,17,6945,6945,True,b64f320bb82093ea,b64f320bb82093ea,True
SENT,sent01,101,iteration_end,91,18,6594,6594,True,443a5bde9cfd1567,443a5bde9cfd1567,True
SENT,sent01,101,iteration_end,91,19,3998,3998,True,df0f3289dafc815f,df0f3289dafc815f,True
SENT,sent01,101,iteration_end,92,0,7758,7758,True,657bdc4e5fcfacb1,657bdc4e5fcfacb1,True
SENT,sent01,101,iteration_end,92,1,7739,7739,True,2af1ef47f5218f7f,2af1ef47f5218f7f,True
SENT,sent01,101,iteration_end,92,2,7734,7734,True,5f7b3433a54b08dc,5f7b3433a54b08dc,True
SENT,sent01,101,iteration_end,92,3,7734,7734,True,5f7b3433a54b08dc,5f7b3433a54b08dc,True
SENT,sent01,101,iteration_end,92,4,7706,7706,True,144cdd8ec39b4885,144cdd8ec39b4885,True
SENT,sent01,101,iteration_end,92,5,7706,7706,True,144cdd8ec39b4885,144cdd8ec39b4885,True
SENT,sent01,101,iteration_end,92,6,7693,7693,True,a53576ec0371ca57,a53576ec0371ca57,True
SENT,sent01,101,iteration_end,92,7,7662,7662,True,3cf565e42d9eaced,3cf565e42d9eaced,True
SENT,sent01,101,iteration_end,92,8,7662,7662,True,3cf565e42d9eaced,3cf565e42d9eaced,True
SENT,sent01,101,iteration_end,92,9,7662,7662,True,3cf565e42d9eaced,3cf565e42d9eaced,True
SENT,sent01,101,iteration_end,92,10,7644,7644,True,d3af690e613f8489,d3af690e613f8489,True
SENT,sent01,101,iteration_end,92,11,7633,7633,True,79681db9fe2273e5,79681db9fe2273e5,True
SENT,sent01,101,iteration_end,92,12,7621,7621,True,46fe53cf00f62a51,46fe53cf00f62a51,True
SENT,sent01,101,iteration_end,92,13,7140,7140,True,25888f79580be997,25888f79580be997,True
SENT,sent01,101,iteration_end,92,14,7032,7032,True,86411c90d1e6118f,86411c90d1e6118f,True
SENT,sent01,101,iteration_end,92,15,7014,7014,True,bee808decf8d4b52,bee808decf8d4b52,True
SENT,sent01,101,iteration_end,92,16,6998,6998,True,8a4616c1602f8ffc,8a4616c1602f8ffc,True
SENT,sent01,101,iteration_end,92,17,6979,6979,True,c623c2efe8e37181,c623c2efe8e37181,True
SENT,sent01,101,iteration_end,92,18,6020,6020,True,b60bd55c3b0aafdd,b60bd55c3b0aafdd,True
SENT,sent01,101,iteration_end,92,19,4628,4628,True,84512ee0313a5de9,84512ee0313a5de9,True
SENT,sent01,101,iteration_end,93,0,7758,7758,True,657bdc4e5fcfacb1,657bdc4e5fcfacb1,True
SENT,sent01,101,iteration_end,93,1,7758,7758,True,657bdc4e5fcfacb1,657bdc4e5fcfacb1,True
SENT,sent01,101,iteration_end,93,2,7734,7734,True,5f7b3433a54b08dc,5f7b3433a54b08dc,True
SENT,sent01,101,iteration_end,93,3,7694,7694,True,c55191c3760c417a,c55191c3760c417a,True
SENT,sent01,101,iteration_end,93,4,7693,7693,True,a53576ec0371ca57,a53576ec0371ca57,True
SENT,sent01,101,iteration_end,93,5,7692,7692,True,513c905279b502d5,513c905279b502d5,True
SENT,sent01,101,iteration_end,93,6,7676,7676,True,2091422b86ab6720,2091422b86ab6720,True
SENT,sent01,101,iteration_end,93,7,7604,7604,True,59143188b0b1f208,59143188b0b1f208,True
SENT,sent01,101,iteration_end,93,8,7379,7379,True,bcdc501929a81227,bcdc501929a81227,True
SENT,sent01,101,iteration_end,93,9,7281,7281,True,6c98d273472f0845,6c98d273472f0845,True
SENT,sent01,101,iteration_end,93,10,6939,6939,True,b0ccf8d7d0ef89e7,b0ccf8d7d0ef89e7,True
SENT,sent01,101,iteration_end,93,11,6872,6872,True,f8dcc26d8624335e,f8dcc26d8624335e,True
SENT,sent01,101,iteration_end,93,12,6723,6723,True,af1ef6936d7e795f,af1ef6936d7e795f,True
SENT,sent01,101,iteration_end,93,13,6035,6035,True,d981b130e3141f11,d981b130e3141f11,True
SENT,sent01,101,iteration_end,93,14,5921,5921,True,5f873521b1705347,5f873521b1705347,True
SENT,sent01,101,iteration_end,93,15,5736,5736,True,5a72fdc6015c8ba2,5a72fdc6015c8ba2,True
SENT,sent01,101,iteration_end,93,16,5326,5326,True,174db58d97c7b0c9,174db58d97c7b0c9,True
SENT,sent01,101,iteration_end,93,17,4787,4787,True,0cdc1bd10521664f,0cdc1bd10521664f,True
SENT,sent01,101,iteration_end,93,18,4612,4612,True,4d425d39a979bf69,4d425d39a979bf69,True
SENT,sent01,101,iteration_end,93,19,4428,4428,True,6990b0d1b528977a,6990b0d1b528977a,True
SENT,sent01,101,iteration_end,94,0,7688,7688,True,1adac28e065892f2,1adac28e065892f2,True
SENT,sent01,101,iteration_end,94,1,7687,7687,True,ecae5b8691e05787,ecae5b8691e05787,True
SENT,sent01,101,iteration_end,94,2,7686,7686,True,6355f8c920f67ff5,6355f8c920f67ff5,True
SENT,sent01,101,iteration_end,94,3,7676,7676,True,2091422b86ab6720,2091422b86ab6720,True
SENT,sent01,101,iteration_end,94,4,7621,7621,True,46fe53cf00f62a51,46fe53cf00f62a51,True
SENT,sent01,101,iteration_end,94,5,7588,7588,True,32b937192e205144,32b937192e205144,True
SENT,sent01,101,iteration_end,94,6,7467,7467,True,987096b79e9c49ed,987096b79e9c49ed,True
SENT,sent01,101,iteration_end,94,7,7324,7324,True,9f1574c05c11466b,9f1574c05c11466b,True
SENT,sent01,101,iteration_end,94,8,7281,7281,True,6c98d273472f0845,6c98d273472f0845,True
SENT,sent01,101,iteration_end,94,9,7116,7116,True,51bb62c0beedd068,51bb62c0beedd068,True
SENT,sent01,101,iteration_end,94,10,6695,6695,True,63b2abedc23bfd69,63b2abedc23bfd69,True
SENT,sent01,101,iteration_end,94,11,6353,6353,True,f3860791cdcb9006,f3860791cdcb9006,True
SENT,sent01,101,iteration_end,94,12,6176,6176,True,27e9d548a45469b9,27e9d548a45469b9,True
SENT,sent01,101,iteration_end,94,13,6053,6053,True,0ecc5015ea186c81,0ecc5015ea186c81,True
SENT,sent01,101,iteration_end,94,14,6052,6052,True,77dc4d004c88af89,77dc4d004c88af89,True
SENT,sent01,101,iteration_end,94,15,5888,5888,True,692580fa47dcb71d,692580fa47dcb71d,True
SENT,sent01,101,iteration_end,94,16,5771,5771,True,7bd28c8c483ca189,7bd28c8c483ca189,True
SENT,sent01,101,iteration_end,94,17,5566,5566,True,11837e00b36df2d4,11837e00b36df2d4,True
SENT,sent01,101,iteration_end,94,18,3475,3475,True,f3ec644004179897,f3ec644004179897,True
SENT,sent01,101,iteration_end,94,19,3346,3346,True,d45bd45b71e099f5,d45bd45b71e099f5,True
SENT,sent01,101,iteration_end,95,0,7758,7758,True,657bdc4e5fcfacb1,657bdc4e5fcfacb1,True
SENT,sent01,101,iteration_end,95,1,7706,7706,True,144cdd8ec39b4885,144cdd8ec39b4885,True
SENT,sent01,101,iteration_end,95,2,7706,7706,True,144cdd8ec39b4885,144cdd8ec39b4885,True
SENT,sent01,101,iteration_end,95,3,7671,7671,True,8644e497ad923481,8644e497ad923481,True
SENT,sent01,101,iteration_end,95,4,7662,7662,True,3cf565e42d9eaced,3cf565e42d9eaced,True
SENT,sent01,101,iteration_end,95,5,7621,7621,True,4ecf41222df787d1,4ecf41222df787d1,True
SENT,sent01,101,iteration_end,95,6,7599,7599,True,22bc10bd73d47960,22bc10bd73d47960,True
SENT,sent01,101,iteration_end,95,7,7098,7098,True,1cabb352f98b405a,1cabb352f98b405a,True
SENT,sent01,101,iteration_end,95,8,7018,7018,True,e80954b1fa720216,e80954b1fa720216,True
SENT,sent01,101,iteration_end,95,9,6846,6846,True,19d4224b72566c57,19d4224b72566c57,True
SENT,sent01,101,iteration_end,95,10,6532,6532,True,cf7f944e971a6910,cf7f944e971a6910,True
SENT,sent01,101,iteration_end,95,11,6264,6264,True,12d0843466703261,12d0843466703261,True
SENT,sent01,101,iteration_end,95,12,6258,6258,True,9cc3ec64e7dc6bbe,9cc3ec64e7dc6bbe,True
SENT,sent01,101,iteration_end,95,13,6223,6223,True,d8e6f72b14c30a78,d8e6f72b14c30a78,True
SENT,sent01,101,iteration_end,95,14,5880,5880,True,e54cbffbff00d36a,e54cbffbff00d36a,True
SENT,sent01,101,iteration_end,95,15,5716,5716,True,d48e20095580350f,d48e20095580350f,True
SENT,sent01,101,iteration_end,95,16,5603,5603,True,2998144b25bbe635,2998144b25bbe635,True
SENT,sent01,101,iteration_end,95,17,5477,5477,True,cd2f8aacf180c74f,cd2f8aacf180c74f,True
SENT,sent01,101,iteration_end,95,18,4782,4782,True,a6e104d7581657b2,a6e104d7581657b2,True
SENT,sent01,101,iteration_end,95,19,4664,4664,True,55f1613ccbdfd24f,55f1613ccbdfd24f,True
SENT,sent01,101,iteration_end,96,0,7758,7758,True,657bdc4e5fcfacb1,657bdc4e5fcfacb1,True
SENT,sent01,101,iteration_end,96,1,7734,7734,True,5f7b3433a54b08dc,5f7b3433a54b08dc,True
SENT,sent01,101,iteration_end,96,2,7734,7734,True,5f7b3433a54b08dc,5f7b3433a54b08dc,True
SENT,sent01,101,iteration_end,96,3,7721,7721,True,d73d45193350b78f,d73d45193350b78f,True
SENT,sent01,101,iteration_end,96,4,7713,7713,True,f6dc34681261c563,f6dc34681261c563,True
SENT,sent01,101,iteration_end,96,5,7706,7706,True,a633810d7649aeea,a633810d7649aeea,True
SENT,sent01,101,iteration_end,96,6,7665,7665,True,f9ddde87b63dd02b,f9ddde87b63dd02b,True
SENT,sent01,101,iteration_end,96,7,7658,7658,True,01326343fa0d7965,01326343fa0d7965,True
SENT,sent01,101,iteration_end,96,8,7658,7658,True,01326343fa0d7965,01326343fa0d7965,True
SENT,sent01,101,iteration_end,96,9,7621,7621,True,46fe53cf00f62a51,46fe53cf00f62a51,True
SENT,sent01,101,iteration_end,96,10,7613,7613,True,e9d5e9def5717800,e9d5e9def5717800,True
SENT,sent01,101,iteration_end,96,11,7590,7590,True,c2db852feb20b476,c2db852feb20b476,True
SENT,sent01,101,iteration_end,96,12,7368,7368,True,323844cc43dda899,323844cc43dda899,True
SENT,sent01,101,iteration_end,96,13,7109,7109,True,be666567523fe05d,be666567523fe05d,True
SENT,sent01,101,iteration_end,96,14,7017,7017,True,eed251262f9a5f5b,eed251262f9a5f5b,True
SENT,sent01,101,iteration_end,96,15,6924,6924,True,c31f975236aee124,c31f975236aee124,True
SENT,sent01,101,iteration_end,96,16,6797,6797,True,fb3b9a9a197dffbd,fb3b9a9a197dffbd,True
SENT,sent01,101,iteration_end,96,17,6613,6613,True,103a393aadf102bf,103a393aadf102bf,True
SENT,sent01,101,iteration_end,96,18,6567,6567,True,3aec685698c3ea2d,3aec685698c3ea2d,True
SENT,sent01,101,iteration_end,96,19,5728,5728,True,706bba10384b1a25,706bba10384b1a25,True
SENT,sent01,101,iteration_end,97,0,7758,7758,True,657bdc4e5fcfacb1,657bdc4e5fcfacb1,True
SENT,sent01,101,iteration_end,97,1,7758,7758,True,657bdc4e5fcfacb1,657bdc4e5fcfacb1,True
SENT,sent01,101,iteration_end,97,2,7758,7758,True,657bdc4e5fcfacb1,657bdc4e5fcfacb1,True
SENT,sent01,101,iteration_end,97,3,7758,7758,True,657bdc4e5fcfacb1,657bdc4e5fcfacb1,True
SENT,sent01,101,iteration_end,97,4,7706,7706,True,144cdd8ec39b4885,144cdd8ec39b4885,True
SENT,sent01,101,iteration_end,97,5,7706,7706,True,a633810d7649aeea,a633810d7649aeea,True
SENT,sent01,101,iteration_end,97,6,7693,7693,True,a53576ec0371ca57,a53576ec0371ca57,True
SENT,sent01,101,iteration_end,97,7,7693,7693,True,a53576ec0371ca57,a53576ec0371ca57,True
SENT,sent01,101,iteration_end,97,8,7693,7693,True,a53576ec0371ca57,a53576ec0371ca57,True
SENT,sent01,101,iteration_end,97,9,7676,7676,True,36a9fda4241f3e83,36a9fda4241f3e83,True
SENT,sent01,101,iteration_end,97,10,7662,7662,True,3cf565e42d9eaced,3cf565e42d9eaced,True
SENT,sent01,101,iteration_end,97,11,7658,7658,True,01326343fa0d7965,01326343fa0d7965,True
SENT,sent01,101,iteration_end,97,12,7658,7658,True,01326343fa0d7965,01326343fa0d7965,True
SENT,sent01,101,iteration_end,97,13,7651,7651,True,bfd70f24a5cb45ae,bfd70f24a5cb45ae,True
SENT,sent01,101,iteration_end,97,14,7634,7634,True,8cd5b7538228854d,8cd5b7538228854d,True
SENT,sent01,101,iteration_end,97,15,7094,7094,True,07667cf88e1d1bb1,07667cf88e1d1bb1,True
SENT,sent01,101,iteration_end,97,16,6822,6822,True,705183c03d3d157e,705183c03d3d157e,True
SENT,sent01,101,iteration_end,97,17,6464,6464,True,583d161e86a1e864,583d161e86a1e864,True
SENT,sent01,101,iteration_end,97,18,6328,6328,True,bd5af77c7a614dcd,bd5af77c7a614dcd,True
SENT,sent01,101,iteration_end,97,19,4437,4437,True,e43b76563fd866cb,e43b76563fd866cb,True
SENT,sent01,101,iteration_end,98,0,7734,7734,True,5f7b3433a54b08dc,5f7b3433a54b08dc,True
SENT,sent01,101,iteration_end,98,1,7719,7719,True,e41e05ca777af59f,e41e05ca777af59f,True
SENT,sent01,101,iteration_end,98,2,7693,7693,True,a53576ec0371ca57,a53576ec0371ca57,True
SENT,sent01,101,iteration_end,98,3,7688,7688,True,1adac28e065892f2,1adac28e065892f2,True
SENT,sent01,101,iteration_end,98,4,7662,7662,True,3cf565e42d9eaced,3cf565e42d9eaced,True
SENT,sent01,101,iteration_end,98,5,7662,7662,True,3cf565e42d9eaced,3cf565e42d9eaced,True
SENT,sent01,101,iteration_end,98,6,7658,7658,True,01326343fa0d7965,01326343fa0d7965,True
SENT,sent01,101,iteration_end,98,7,7586,7586,True,dbf2221a74f958e5,dbf2221a74f958e5,True
SENT,sent01,101,iteration_end,98,8,7446,7446,True,49938f970b4f9344,49938f970b4f9344,True
SENT,sent01,101,iteration_end,98,9,7213,7213,True,5c6b7cd0d64453c1,5c6b7cd0d64453c1,True
SENT,sent01,101,iteration_end,98,10,7211,7211,True,4ae255c7c4dd40fb,4ae255c7c4dd40fb,True
SENT,sent01,101,iteration_end,98,11,6998,6998,True,d397ee130f7ace42,d397ee130f7ace42,True
SENT,sent01,101,iteration_end,98,12,6916,6916,True,96aa3d59151c481f,96aa3d59151c481f,True
SENT,sent01,101,iteration_end,98,13,6844,6844,True,bf7b871f7942a2b1,bf7b871f7942a2b1,True
SENT,sent01,101,iteration_end,98,14,6805,6805,True,c12209464af0d537,c12209464af0d537,True
SENT,sent01,101,iteration_end,98,15,6185,6185,True,0172107e818a17c7,0172107e818a17c7,True
SENT,sent01,101,iteration_end,98,16,5981,5981,True,4ed3433386f336b3,4ed3433386f336b3,True
SENT,sent01,101,iteration_end,98,17,5659,5659,True,d61a8a9781f6022e,d61a8a9781f6022e,True
SENT,sent01,101,iteration_end,98,18,5371,5371,True,f44df720ab0f0566,f44df720ab0f0566,True
SENT,sent01,101,iteration_end,98,19,4374,4374,True,36ebd996a4be051e,36ebd996a4be051e,True
SENT,sent01,101,iteration_end,99,0,7758,7758,True,657bdc4e5fcfacb1,657bdc4e5fcfacb1,True
SENT,sent01,101,iteration_end,99,1,7758,7758,True,657bdc4e5fcfacb1,657bdc4e5fcfacb1,True
SENT,sent01,101,iteration_end,99,2,7758,7758,True,657bdc4e5fcfacb1,657bdc4e5fcfacb1,True
SENT,sent01,101,iteration_end,99,3,7721,7721,True,d73d45193350b78f,d73d45193350b78f,True
SENT,sent01,101,iteration_end,99,4,7706,7706,True,144cdd8ec39b4885,144cdd8ec39b4885,True
SENT,sent01,101,iteration_end,99,5,7693,7693,True,a53576ec0371ca57,a53576ec0371ca57,True
SENT,sent01,101,iteration_end,99,6,7676,7676,True,2091422b86ab6720,2091422b86ab6720,True
SENT,sent01,101,iteration_end,99,7,7350,7350,True,d2f9f61edbcc4078,d2f9f61edbcc4078,True
SENT,sent01,101,iteration_end,99,8,7246,7246,True,8c313f3555865b45,8c313f3555865b45,True
SENT,sent01,101,iteration_end,99,9,6908,6908,True,84b20d05559dd57a,84b20d05559dd57a,True
SENT,sent01,101,iteration_end,99,10,6799,6799,True,20cf2d1992f7060b,20cf2d1992f7060b,True
SENT,sent01,101,iteration_end,99,11,6676,6676,True,7c7a63af2ce94276,7c7a63af2ce94276,True
SENT,sent01,101,iteration_end,99,12,6546,6546,True,38126bf257f2c837,38126bf257f2c837,True
SENT,sent01,101,iteration_end,99,13,6038,6038,True,ddd021295645428e,ddd021295645428e,True
SENT,sent01,101,iteration_end,99,14,5617,5617,True,e8825120bf9b9ed7,e8825120bf9b9ed7,True
SENT,sent01,101,iteration_end,99,15,5524,5524,True,2c24ec2569858291,2c24ec2569858291,True
SENT,sent01,101,iteration_end,99,16,5456,5456,True,b6e9365b58b9209a,b6e9365b58b9209a,True
SENT,sent01,101,iteration_end,99,17,4829,4829,True,88109c0af7e26be6,88109c0af7e26be6,True
SENT,sent01,101,iteration_end,99,18,4823,4823,True,b6cad34557001fd8,b6cad34557001fd8,True
SENT,sent01,101,iteration_end,99,19,4485,4485,True,c1b5dbf3e296bf37,c1b5dbf3e296bf37,True
SENT,sent01,101,iteration_end,100,0,7758,7758,True,657bdc4e5fcfacb1,657bdc4e5fcfacb1,True
SENT,sent01,101,iteration_end,100,1,7694,7694,True,c55191c3760c417a,c55191c3760c417a,True
SENT,sent01,101,iteration_end,100,2,7688,7688,True,1adac28e065892f2,1adac28e065892f2,True
SENT,sent01,101,iteration_end,100,3,7676,7676,True,2091422b86ab6720,2091422b86ab6720,True
SENT,sent01,101,iteration_end,100,4,7671,7671,True,8644e497ad923481,8644e497ad923481,True
SENT,sent01,101,iteration_end,100,5,7634,7634,True,8cd5b7538228854d,8cd5b7538228854d,True
SENT,sent01,101,iteration_end,100,6,7511,7511,True,3bb1883babf9ea62,3bb1883babf9ea62,True
SENT,sent01,101,iteration_end,100,7,7500,7500,True,e81e8c5f7145f6b2,e81e8c5f7145f6b2,True
SENT,sent01,101,iteration_end,100,8,7374,7374,True,70506b5956b86ea6,70506b5956b86ea6,True
SENT,sent01,101,iteration_end,100,9,6892,6892,True,330e6fef9ea89ee0,330e6fef9ea89ee0,True
SENT,sent01,101,iteration_end,100,10,6664,6664,True,331ab810cf61eb2e,331ab810cf61eb2e,True
SENT,sent01,101,iteration_end,100,11,6654,6654,True,3b657f71ae8da5b8,3b657f71ae8da5b8,True
SENT,sent01,101,iteration_end,100,12,6640,6640,True,e38963ea45647d7b,e38963ea45647d7b,True
SENT,sent01,101,iteration_end,100,13,6607,6607,True,52ff5f1c709d0472,52ff5f1c709d0472,True
SENT,sent01,101,iteration_end,100,14,6421,6421,True,5de95d12639e2791,5de95d12639e2791,True
SENT,sent01,101,iteration_end,100,15,6202,6202,True,91e013508cda7f4a,91e013508cda7f4a,True
SENT,sent01,101,iteration_end,100,16,5476,5476,True,b73dcba2a7db8468,b73dcba2a7db8468,True
SENT,sent01,101,iteration_end,100,17,5457,5457,True,78c45bc66935bb16,78c45bc66935bb16,True
SENT,sent01,101,iteration_end,100,18,5251,5251,True,bca84a813ea8535b,bca84a813ea8535b,True
SENT,sent01,101,iteration_end,100,19,3648,3648,True,8285e0d06e632766,8285e0d06e632766,True
SENT,sent01,101,iteration_end,101,0,7758,7758,True,657bdc4e5fcfacb1,657bdc4e5fcfacb1,True
SENT,sent01,101,iteration_end,101,1,7758,7758,True,657bdc4e5fcfacb1,657bdc4e5fcfacb1,True
SENT,sent01,101,iteration_end,101,2,7706,7706,True,144cdd8ec39b4885,144cdd8ec39b4885,True
SENT,sent01,101,iteration_end,101,3,7688,7688,True,1adac28e065892f2,1adac28e065892f2,True
SENT,sent01,101,iteration_end,101,4,7662,7662,True,3cf565e42d9eaced,3cf565e42d9eaced,True
SENT,sent01,101,iteration_end,101,5,7662,7662,True,3cf565e42d9eaced,3cf565e42d9eaced,True
SENT,sent01,101,iteration_end,101,6,7621,7621,True,46fe53cf00f62a51,46fe53cf00f62a51,True
SENT,sent01,101,iteration_end,101,7,7563,7563,True,c2281040c0ce909a,c2281040c0ce909a,True
SENT,sent01,101,iteration_end,101,8,7558,7558,True,bc87b99750b4687a,bc87b99750b4687a,True
SENT,sent01,101,iteration_end,101,9,7320,7320,True,784ed4bdb5722c8c,784ed4bdb5722c8c,True
SENT,sent01,101,iteration_end,101,10,7276,7276,True,534491fe6c5858b2,534491fe6c5858b2,True
SENT,sent01,101,iteration_end,101,11,7111,7111,True,43ffa6a4a476074c,43ffa6a4a476074c,True
SENT,sent01,101,iteration_end,101,12,7037,7037,True,c29e8ca997914979,c29e8ca997914979,True
SENT,sent01,101,iteration_end,101,13,6890,6890,True,677fa4872373a453,677fa4872373a453,True
SENT,sent01,101,iteration_end,101,14,6534,6534,True,1c58a427d459ccd7,1c58a427d459ccd7,True
SENT,sent01,101,iteration_end,101,15,6529,6529,True,68ae9491d68ba2b2,68ae9491d68ba2b2,True
SENT,sent01,101,iteration_end,101,16,6205,6205,True,9768c22c315b65cc,9768c22c315b65cc,True
SENT,sent01,101,iteration_end,101,17,5596,5596,True,20f50162bd4355ef,20f50162bd4355ef,True
SENT,sent01,101,iteration_end,101,18,4523,4523,True,c2e54b3952123bc1,c2e54b3952123bc1,True
SENT,sent01,101,iteration_end,101,19,4468,4468,True,b0961b99c5088b8a,b0961b99c5088b8a,True
SENT,sent01,101,iteration_end,102,0,7758,7758,True,657bdc4e5fcfacb1,657bdc4e5fcfacb1,True
SENT,sent01,101,iteration_end,102,1,7758,7758,True,657bdc4e5fcfacb1,657bdc4e5fcfacb1,True
SENT,sent01,101,iteration_end,102,2,7694,7694,True,c55191c3760c417a,c55191c3760c417a,True
SENT,sent01,101,iteration_end,102,3,7686,7686,True,6355f8c920f67ff5,6355f8c920f67ff5,True
SENT,sent01,101,iteration_end,102,4,7658,7658,True,01326343fa0d7965,01326343fa0d7965,True
SENT,sent01,101,iteration_end,102,5,7658,7658,True,01326343fa0d7965,01326343fa0d7965,True
SENT,sent01,101,iteration_end,102,6,7634,7634,True,b9a0e677a91173ad,b9a0e677a91173ad,True
SENT,sent01,101,iteration_end,102,7,7618,7618,True,f4bbd0d4b8c317f3,f4bbd0d4b8c317f3,True
SENT,sent01,101,iteration_end,102,8,7604,7604,True,59143188b0b1f208,59143188b0b1f208,True
SENT,sent01,101,iteration_end,102,9,7586,7586,True,dbf2221a74f958e5,dbf2221a74f958e5,True
SENT,sent01,101,iteration_end,102,10,7571,7571,True,9cb186fe8bf82f14,9cb186fe8bf82f14,True
SENT,sent01,101,iteration_end,102,11,7528,7528,True,a364a32af2ac6c71,a364a32af2ac6c71,True
SENT,sent01,101,iteration_end,102,12,7371,7371,True,8454af055cb70ab9,8454af055cb70ab9,True
SENT,sent01,101,iteration_end,102,13,7139,7139,True,50fbb9fd9afaf41c,50fbb9fd9afaf41c,True
SENT,sent01,101,iteration_end,102,14,7087,7087,True,2c46d50fc0a6e9ae,2c46d50fc0a6e9ae,True
SENT,sent01,101,iteration_end,102,15,7025,7025,True,c54980a972cb12ef,c54980a972cb12ef,True
SENT,sent01,101,iteration_end,102,16,6989,6989,True,cd1fcd7391acfb92,cd1fcd7391acfb92,True
SENT,sent01,101,iteration_end,102,17,6513,6513,True,454aca91fb76d53f,454aca91fb76d53f,True
SENT,sent01,101,iteration_end,102,18,6452,6452,True,52d3c3289870e496,52d3c3289870e496,True
SENT,sent01,101,iteration_end,102,19,5995,5995,True,ecb9066d310812d8,ecb9066d310812d8,True
SENT,sent01,101,iteration_end,103,0,7758,7758,True,657bdc4e5fcfacb1,657bdc4e5fcfacb1,True
SENT,sent01,101,iteration_end,103,1,7706,7706,True,a633810d7649aeea,a633810d7649aeea,True
SENT,sent01,101,iteration_end,103,2,7706,7706,True,144cdd8ec39b4885,144cdd8ec39b4885,True
SENT,sent01,101,iteration_end,103,3,7697,7697,True,9c82f7f32f1ba448,9c82f7f32f1ba448,True
SENT,sent01,101,iteration_end,103,4,7686,7686,True,6355f8c920f67ff5,6355f8c920f67ff5,True
SENT,sent01,101,iteration_end,103,5,7686,7686,True,6355f8c920f67ff5,6355f8c920f67ff5,True
SENT,sent01,101,iteration_end,103,6,7671,7671,True,8644e497ad923481,8644e497ad923481,True
SENT,sent01,101,iteration_end,103,7,7671,7671,True,8644e497ad923481,8644e497ad923481,True
SENT,sent01,101,iteration_end,103,8,7662,7662,True,3cf565e42d9eaced,3cf565e42d9eaced,True
SENT,sent01,101,iteration_end,103,9,7658,7658,True,01326343fa0d7965,01326343fa0d7965,True
SENT,sent01,101,iteration_end,103,10,7634,7634,True,8cd5b7538228854d,8cd5b7538228854d,True
SENT,sent01,101,iteration_end,103,11,7634,7634,True,8cd5b7538228854d,8cd5b7538228854d,True
SENT,sent01,101,iteration_end,103,12,7023,7023,True,d7d89c6c251d15cc,d7d89c6c251d15cc,True
SENT,sent01,101,iteration_end,103,13,7013,7013,True,3d3b2af1d2dd574d,3d3b2af1d2dd574d,True
SENT,sent01,101,iteration_end,103,14,6976,6976,True,df04baf3572e22e7,df04baf3572e22e7,True
SENT,sent01,101,iteration_end,103,15,6873,6873,True,297963a8f0f51f3d,297963a8f0f51f3d,True
SENT,sent01,101,iteration_end,103,16,6801,6801,True,a61b8bdbf58c44c6,a61b8bdbf58c44c6,True
SENT,sent01,101,iteration_end,103,17,6774,6774,True,c0a93de78038991e,c0a93de78038991e,True
SENT,sent01,101,iteration_end,103,18,6683,6683,True,6ad7a3cc77c8c362,6ad7a3cc77c8c362,True
SENT,sent01,101,iteration_end,103,19,6003,6003,True,727e3d270bc560ae,727e3d270bc560ae,True
SENT,sent01,101,iteration_end,104,0,7758,7758,True,657bdc4e5fcfacb1,657bdc4e5fcfacb1,True
SENT,sent01,101,iteration_end,104,1,7758,7758,True,657bdc4e5fcfacb1,657bdc4e5fcfacb1,True
SENT,sent01,101,iteration_end,104,2,7706,7706,True,144cdd8ec39b4885,144cdd8ec39b4885,True
SENT,sent01,101,iteration_end,104,3,7688,7688,True,1adac28e065892f2,1adac28e065892f2,True
SENT,sent01,101,iteration_end,104,4,7688,7688,True,1adac28e065892f2,1adac28e065892f2,True
SENT,sent01,101,iteration_end,104,5,7686,7686,True,6355f8c920f67ff5,6355f8c920f67ff5,True
SENT,sent01,101,iteration_end,104,6,7676,7676,True,2091422b86ab6720,2091422b86ab6720,True
SENT,sent01,101,iteration_end,104,7,7668,7668,True,3ef56f62411a8b90,3ef56f62411a8b90,True
SENT,sent01,101,iteration_end,104,8,7653,7653,True,076cc4adf9fae0c1,076cc4adf9fae0c1,True
SENT,sent01,101,iteration_end,104,9,7653,7653,True,076cc4adf9fae0c1,076cc4adf9fae0c1,True
SENT,sent01,101,iteration_end,104,10,7616,7616,True,b25da57ee416bcf0,b25da57ee416bcf0,True
SENT,sent01,101,iteration_end,104,11,7463,7463,True,7787be7aadb29872,7787be7aadb29872,True
SENT,sent01,101,iteration_end,104,12,7320,7320,True,784ed4bdb5722c8c,784ed4bdb5722c8c,True
SENT,sent01,101,iteration_end,104,13,7211,7211,True,4ae255c7c4dd40fb,4ae255c7c4dd40fb,True
SENT,sent01,101,iteration_end,104,14,7211,7211,True,4ae255c7c4dd40fb,4ae255c7c4dd40fb,True
SENT,sent01,101,iteration_end,104,15,7093,7093,True,c7052441e45a122a,c7052441e45a122a,True
SENT,sent01,101,iteration_end,104,16,6746,6746,True,c150fe4f2c24fd66,c150fe4f2c24fd66,True
SENT,sent01,101,iteration_end,104,17,5647,5647,True,1097cc1438110d7d,1097cc1438110d7d,True
SENT,sent01,101,iteration_end,104,18,5340,5340,True,1baeacd8a59de75e,1baeacd8a59de75e,True
SENT,sent01,101,iteration_end,104,19,4926,4926,True,308a7d390a3c38c4,308a7d390a3c38c4,True
SENT,sent01,101,iteration_end,105,0,7758,7758,True,657bdc4e5fcfacb1,657bdc4e5fcfacb1,True
SENT,sent01,101,iteration_end,105,1,7706,7706,True,144cdd8ec39b4885,144cdd8ec39b4885,True
SENT,sent01,101,iteration_end,105,2,7693,7693,True,a53576ec0371ca57,a53576ec0371ca57,True
SENT,sent01,101,iteration_end,105,3,7688,7688,True,1adac28e065892f2,1adac28e065892f2,True
SENT,sent01,101,iteration_end,105,4,7686,7686,True,6355f8c920f67ff5,6355f8c920f67ff5,True
SENT,sent01,101,iteration_end,105,5,7676,7676,True,2091422b86ab6720,2091422b86ab6720,True
SENT,sent01,101,iteration_end,105,6,7662,7662,True,3cf565e42d9eaced,3cf565e42d9eaced,True
SENT,sent01,101,iteration_end,105,7,7645,7645,True,f989bd6e0c8aaac9,f989bd6e0c8aaac9,True
SENT,sent01,101,iteration_end,105,8,7588,7588,True,32b937192e205144,32b937192e205144,True
SENT,sent01,101,iteration_end,105,9,7586,7586,True,dbf2221a74f958e5,dbf2221a74f958e5,True
SENT,sent01,101,iteration_end,105,10,7428,7428,True,775f0e30f1f1dd32,775f0e30f1f1dd32,True
SENT,sent01,101,iteration_end,105,11,7258,7258,True,ef7eaf232efc8c01,ef7eaf232efc8c01,True
SENT,sent01,101,iteration_end,105,12,7242,7242,True,16e92b6a677d5104,16e92b6a677d5104,True
SENT,sent01,101,iteration_end,105,13,7143,7143,True,ca071d872d6437b1,ca071d872d6437b1,True
SENT,sent01,101,iteration_end,105,14,7140,7140,True,a1d52c2cc3001caf,a1d52c2cc3001caf,True
SENT,sent01,101,iteration_end,105,15,6652,6652,True,dbba2d29ce6cc6ec,dbba2d29ce6cc6ec,True
SENT,sent01,101,iteration_end,105,16,6561,6561,True,34ea5a6b4729b248,34ea5a6b4729b248,True
SENT,sent01,101,iteration_end,105,17,6278,6278,True,8256d51b0932fa6f,8256d51b0932fa6f,True
SENT,sent01,101,iteration_end,105,18,6212,6212,True,4753115c6086be90,4753115c6086be90,True
SENT,sent01,101,iteration_end,105,19,5703,5703,True,c60a04612fb3d790,c60a04612fb3d790,True
SENT,sent01,101,iteration_end,106,0,7758,7758,True,657bdc4e5fcfacb1,657bdc4e5fcfacb1,True
SENT,sent01,101,iteration_end,106,1,7734,7734,True,5f7b3433a54b08dc,5f7b3433a54b08dc,True
SENT,sent01,101,iteration_end,106,2,7706,7706,True,144cdd8ec39b4885,144cdd8ec39b4885,True
SENT,sent01,101,iteration_end,106,3,7688,7688,True,1adac28e065892f2,1adac28e065892f2,True
SENT,sent01,101,iteration_end,106,4,7685,7685,True,a4505f3aac821367,a4505f3aac821367,True
SENT,sent01,101,iteration_end,106,5,7671,7671,True,8644e497ad923481,8644e497ad923481,True
SENT,sent01,101,iteration_end,106,6,7662,7662,True,3cf565e42d9eaced,3cf565e42d9eaced,True
SENT,sent01,101,iteration_end,106,7,7638,7638,True,e7148ac612277287,e7148ac612277287,True
SENT,sent01,101,iteration_end,106,8,7621,7621,True,46fe53cf00f62a51,46fe53cf00f62a51,True
SENT,sent01,101,iteration_end,106,9,7616,7616,True,b25da57ee416bcf0,b25da57ee416bcf0,True
SENT,sent01,101,iteration_end,106,10,7479,7479,True,94e49aee0cd4b6e6,94e49aee0cd4b6e6,True
SENT,sent01,101,iteration_end,106,11,7025,7025,True,c54980a972cb12ef,c54980a972cb12ef,True
SENT,sent01,101,iteration_end,106,12,6961,6961,True,48e4b39c7b84f5a6,48e4b39c7b84f5a6,True
SENT,sent01,101,iteration_end,106,13,6770,6770,True,8dbb7662f0b2ec52,8dbb7662f0b2ec52,True
SENT,sent01,101,iteration_end,106,14,6494,6494,True,a470d592bf7580cf,a470d592bf7580cf,True
SENT,sent01,101,iteration_end,106,15,6478,6478,True,da88d02edef3496d,da88d02edef3496d,True
SENT,sent01,101,iteration_end,106,16,6218,6218,True,9af5505b37262855,9af5505b37262855,True
SENT,sent01,101,iteration_end,106,17,6103,6103,True,b32c2d3f8ebaf657,b32c2d3f8ebaf657,True
SENT,sent01,101,iteration_end,106,18,6003,6003,True,12c634dc865e23e8,12c634dc865e23e8,True
SENT,sent01,101,iteration_end,106,19,5563,5563,True,0eea080d0ec9bec2,0eea080d0ec9bec2,True
SENT,sent01,101,iteration_end,107,0,7721,7721,True,d73d45193350b78f,d73d45193350b78f,True
SENT,sent01,101,iteration_end,107,1,7686,7686,True,6355f8c920f67ff5,6355f8c920f67ff5,True
SENT,sent01,101,iteration_end,107,2,7662,7662,True,3cf565e42d9eaced,3cf565e42d9eaced,True
SENT,sent01,101,iteration_end,107,3,7658,7658,True,01326343fa0d7965,01326343fa0d7965,True
SENT,sent01,101,iteration_end,107,4,7658,7658,True,01326343fa0d7965,01326343fa0d7965,True
SENT,sent01,101,iteration_end,107,5,7616,7616,True,b25da57ee416bcf0,b25da57ee416bcf0,True
SENT,sent01,101,iteration_end,107,6,7586,7586,True,63dc122c2758c7e5,63dc122c2758c7e5,True
SENT,sent01,101,iteration_end,107,7,7527,7527,True,037c0cef989a0880,037c0cef989a0880,True
SENT,sent01,101,iteration_end,107,8,7414,7414,True,6b1a71518d24f545,6b1a71518d24f545,True
SENT,sent01,101,iteration_end,107,9,7411,7411,True,c323cde7d4cd011b,c323cde7d4cd011b,True
SENT,sent01,101,iteration_end,107,10,7409,7409,True,03dccc852d8b9c24,03dccc852d8b9c24,True
SENT,sent01,101,iteration_end,107,11,7070,7070,True,5bea3baa74609213,5bea3baa74609213,True
SENT,sent01,101,iteration_end,107,12,7003,7003,True,dd050210bc3728d9,dd050210bc3728d9,True
SENT,sent01,101,iteration_end,107,13,6127,6127,True,8455a4e8239ee311,8455a4e8239ee311,True
SENT,sent01,101,iteration_end,107,14,6056,6056,True,a65dde3897d2979f,a65dde3897d2979f,True
SENT,sent01,101,iteration_end,107,15,5974,5974,True,5ae9b1efcc80caf3,5ae9b1efcc80caf3,True
SENT,sent01,101,iteration_end,107,16,5865,5865,True,a3293d2036bafae9,a3293d2036bafae9,True
SENT,sent01,101,iteration_end,107,17,5755,5755,True,e38e5985bbf6d25f,e38e5985bbf6d25f,True
SENT,sent01,101,iteration_end,107,18,5579,5579,True,e885a17eb33dcc4e,e885a17eb33dcc4e,True
SENT,sent01,101,iteration_end,107,19,4771,4771,True,fa5892bf005769a7,fa5892bf005769a7,True
SENT,sent01,101,iteration_end,108,0,7706,7706,True,a633810d7649aeea,a633810d7649aeea,True
SENT,sent01,101,iteration_end,108,1,7688,7688,True,c9bcf314e3d0ed19,c9bcf314e3d0ed19,True
SENT,sent01,101,iteration_end,108,2,7634,7634,True,8cd5b7538228854d,8cd5b7538228854d,True
SENT,sent01,101,iteration_end,108,3,7282,7282,True,698b8049ae4c266f,698b8049ae4c266f,True
SENT,sent01,101,iteration_end,108,4,7258,7258,True,ef7eaf232efc8c01,ef7eaf232efc8c01,True
SENT,sent01,101,iteration_end,108,5,6965,6965,True,f9add522540502e5,f9add522540502e5,True
SENT,sent01,101,iteration_end,108,6,6889,6889,True,c6a35f5ab1d6e7a0,c6a35f5ab1d6e7a0,True
SENT,sent01,101,iteration_end,108,7,6831,6831,True,cb6b65e91bbffbd8,cb6b65e91bbffbd8,True
SENT,sent01,101,iteration_end,108,8,6786,6786,True,5a4fe2394ab930a9,5a4fe2394ab930a9,True
SENT,sent01,101,iteration_end,108,9,6693,6693,True,7b0e7c09dceeb1a3,7b0e7c09dceeb1a3,True
SENT,sent01,101,iteration_end,108,10,6644,6644,True,b54a5f97e21cb669,b54a5f97e21cb669,True
SENT,sent01,101,iteration_end,108,11,6082,6082,True,00fcbb88e309e2cb,00fcbb88e309e2cb,True
SENT,sent01,101,iteration_end,108,12,6071,6071,True,0979439c864657ae,0979439c864657ae,True
SENT,sent01,101,iteration_end,108,13,5907,5907,True,9b11dc316ee01f7f,9b11dc316ee01f7f,True
SENT,sent01,101,iteration_end,108,14,5701,5701,True,877f79397f420ba7,877f79397f420ba7,True
SENT,sent01,101,iteration_end,108,15,5662,5662,True,6a5c74bf2c7280cb,6a5c74bf2c7280cb,True
SENT,sent01,101,iteration_end,108,16,5337,5337,True,f2b8492a833b2be0,f2b8492a833b2be0,True
SENT,sent01,101,iteration_end,108,17,5228,5228,True,62bbc6efeafa97ee,62bbc6efeafa97ee,True
SENT,sent01,101,iteration_end,108,18,4932,4932,True,a3f80af194c31df3,a3f80af194c31df3,True
SENT,sent01,101,iteration_end,108,19,3297,3297,True,f31949530b5e6ed1,f31949530b5e6ed1,True
SENT,sent01,101,iteration_end,109,0,7734,7734,True,5f7b3433a54b08dc,5f7b3433a54b08dc,True
SENT,sent01,101,iteration_end,109,1,7698,7698,True,64bab79d0c3e5418,64bab79d0c3e5418,True
SENT,sent01,101,iteration_end,109,2,7693,7693,True,a53576ec0371ca57,a53576ec0371ca57,True
SENT,sent01,101,iteration_end,109,3,7676,7676,True,2091422b86ab6720,2091422b86ab6720,True
SENT,sent01,101,iteration_end,109,4,7671,7671,True,8644e497ad923481,8644e497ad923481,True
SENT,sent01,101,iteration_end,109,5,7440,7440,True,365e575ebea90e23,365e575ebea90e23,True
SENT,sent01,101,iteration_end,109,6,7146,7146,True,2a261ae0aafdd1a2,2a261ae0aafdd1a2,True
SENT,sent01,101,iteration_end,109,7,7078,7078,True,965e63a3f2b3e153,965e63a3f2b3e153,True
SENT,sent01,101,iteration_end,109,8,7036,7036,True,defc748046a3aedc,defc748046a3aedc,True
SENT,sent01,101,iteration_end,109,9,6983,6983,True,fa5aff2aa0910fed,fa5aff2aa0910fed,True
SENT,sent01,101,iteration_end,109,10,6850,6850,True,3be78d7f0ec3a2d9,3be78d7f0ec3a2d9,True
SENT,sent01,101,iteration_end,109,11,6681,6681,True,af0875d4b28cd6b0,af0875d4b28cd6b0,True
SENT,sent01,101,iteration_end,109,12,6319,6319,True,6b0379eb91886382,6b0379eb91886382,True
SENT,sent01,101,iteration_end,109,13,5950,5950,True,95f2c245bd94d5ea,95f2c245bd94d5ea,True
SENT,sent01,101,iteration_end,109,14,5823,5823,True,35ad972c6b9eda2b,35ad972c6b9eda2b,True
SENT,sent01,101,iteration_end,109,15,5615,5615,True,fb9ff583aff1e545,fb9ff583aff1e545,True
SENT,sent01,101,iteration_end,109,16,5536,5536,True,5983ce99fd6408b6,5983ce99fd6408b6,True
SENT,sent01,101,iteration_end,109,17,4743,4743,True,878bacaf454e8924,878bacaf454e8924,True
SENT,sent01,101,iteration_end,109,18,4126,4126,True,7f892fdfe29904b1,7f892fdfe29904b1,True
SENT,sent01,101,iteration_end,109,19,3303,3303,True,18ed247e71db8926,18ed247e71db8926,True
SENT,sent01,101,iteration_end,110,0,7758,7758,True,657bdc4e5fcfacb1,657bdc4e5fcfacb1,True
SENT,sent01,101,iteration_end,110,1,7734,7734,True,5f7b3433a54b08dc,5f7b3433a54b08dc,True
SENT,sent01,101,iteration_end,110,2,7710,7710,True,1b11be4fb87a405b,1b11be4fb87a405b,True
SENT,sent01,101,iteration_end,110,3,7658,7658,True,01326343fa0d7965,01326343fa0d7965,True
SENT,sent01,101,iteration_end,110,4,7480,7480,True,bb994da25022ecf4,bb994da25022ecf4,True
SENT,sent01,101,iteration_end,110,5,7440,7440,True,9abd3614da1b2336,9abd3614da1b2336,True
SENT,sent01,101,iteration_end,110,6,7420,7420,True,2730cd77e13b6c53,2730cd77e13b6c53,True
SENT,sent01,101,iteration_end,110,7,7389,7389,True,55530316e5babca6,55530316e5babca6,True
SENT,sent01,101,iteration_end,110,8,7353,7353,True,8914825afbc8f19c,8914825afbc8f19c,True
SENT,sent01,101,iteration_end,110,9,7211,7211,True,666c2bc46afa9f3f,666c2bc46afa9f3f,True
SENT,sent01,101,iteration_end,110,10,7183,7183,True,a89177d6c1d01ae9,a89177d6c1d01ae9,True
SENT,sent01,101,iteration_end,110,11,6876,6876,True,abca393668a92f90,abca393668a92f90,True
SENT,sent01,101,iteration_end,110,12,6411,6411,True,1ae8d88803383a8c,1ae8d88803383a8c,True
SENT,sent01,101,iteration_end,110,13,6380,6380,True,aa7c93118b6cad2b,aa7c93118b6cad2b,True
SENT,sent01,101,iteration_end,110,14,6216,6216,True,303f4a4a8536b372,303f4a4a8536b372,True
SENT,sent01,101,iteration_end,110,15,6129,6129,True,e48a115f6ae1d58e,e48a115f6ae1d58e,True
SENT,sent01,101,iteration_end,110,16,6084,6084,True,6d7f3c30f336fda0,6d7f3c30f336fda0,True
SENT,sent01,101,iteration_end,110,17,5957,5957,True,bd908c16315a7c32,bd908c16315a7c32,True
SENT,sent01,101,iteration_end,110,18,5702,5702,True,ab6ba02db752f231,ab6ba02db752f231,True
SENT,sent01,101,iteration_end,110,19,5209,5209,True,ff93f377674fe17f,ff93f377674fe17f,True
SENT,sent01,101,iteration_end,111,0,7758,7758,True,657bdc4e5fcfacb1,657bdc4e5fcfacb1,True
SENT,sent01,101,iteration_end,111,1,7758,7758,True,657bdc4e5fcfacb1,657bdc4e5fcfacb1,True
SENT,sent01,101,iteration_end,111,2,7739,7739,True,2af1ef47f5218f7f,2af1ef47f5218f7f,True
SENT,sent01,101,iteration_end,111,3,7706,7706,True,144cdd8ec39b4885,144cdd8ec39b4885,True
SENT,sent01,101,iteration_end,111,4,7662,7662,True,3cf565e42d9eaced,3cf565e42d9eaced,True
SENT,sent01,101,iteration_end,111,5,7658,7658,True,01326343fa0d7965,01326343fa0d7965,True
SENT,sent01,101,iteration_end,111,6,7658,7658,True,01326343fa0d7965,01326343fa0d7965,True
SENT,sent01,101,iteration_end,111,7,7645,7645,True,f989bd6e0c8aaac9,f989bd6e0c8aaac9,True
SENT,sent01,101,iteration_end,111,8,7645,7645,True,f989bd6e0c8aaac9,f989bd6e0c8aaac9,True
SENT,sent01,101,iteration_end,111,9,7621,7621,True,46fe53cf00f62a51,46fe53cf00f62a51,True
SENT,sent01,101,iteration_end,111,10,7586,7586,True,dbf2221a74f958e5,dbf2221a74f958e5,True
SENT,sent01,101,iteration_end,111,11,7423,7423,True,8d9f6f0580d71551,8d9f6f0580d71551,True
SENT,sent01,101,iteration_end,111,12,7228,7228,True,7213db6d26f3e9a7,7213db6d26f3e9a7,True
SENT,sent01,101,iteration_end,111,13,7064,7064,True,84000c18258c534e,84000c18258c534e,True
SENT,sent01,101,iteration_end,111,14,6842,6842,True,7bda00b764a8f721,7bda00b764a8f721,True
SENT,sent01,101,iteration_end,111,15,6595,6595,True,1cfac81b0f49b52f,1cfac81b0f49b52f,True
SENT,sent01,101,iteration_end,111,16,6259,6259,True,1e7b29f510e8068d,1e7b29f510e8068d,True
SENT,sent01,101,iteration_end,111,17,6073,6073,True,c37d7e34e444a81f,c37d7e34e444a81f,True
SENT,sent01,101,iteration_end,111,18,5994,5994,True,9f45cbbe54ea47a8,9f45cbbe54ea47a8,True
SENT,sent01,101,iteration_end,111,19,4870,4870,True,ed1283f91334d623,ed1283f91334d623,True
SENT,sent01,101,iteration_end,112,0,7706,7706,True,a633810d7649aeea,a633810d7649aeea,True
SENT,sent01,101,iteration_end,112,1,7688,7688,True,1adac28e065892f2,1adac28e065892f2,True
SENT,sent01,101,iteration_end,112,2,7667,7667,True,b0b81eee761a7c3b,b0b81eee761a7c3b,True
SENT,sent01,101,iteration_end,112,3,7662,7662,True,3cf565e42d9eaced,3cf565e42d9eaced,True
SENT,sent01,101,iteration_end,112,4,7662,7662,True,3cf565e42d9eaced,3cf565e42d9eaced,True
SENT,sent01,101,iteration_end,112,5,7662,7662,True,3cf565e42d9eaced,3cf565e42d9eaced,True
SENT,sent01,101,iteration_end,112,6,7615,7615,True,1f31e2269ed8c5f0,1f31e2269ed8c5f0,True
SENT,sent01,101,iteration_end,112,7,7236,7236,True,736c25061613876a,736c25061613876a,True
SENT,sent01,101,iteration_end,112,8,7215,7215,True,73e506ddb869ee52,73e506ddb869ee52,True
SENT,sent01,101,iteration_end,112,9,7177,7177,True,d482614c74cf06d8,d482614c74cf06d8,True
SENT,sent01,101,iteration_end,112,10,7142,7142,True,51fabd94cb0f521f,51fabd94cb0f521f,True
SENT,sent01,101,iteration_end,112,11,7128,7128,True,d8e32451fdc8f47c,d8e32451fdc8f47c,True
SENT,sent01,101,iteration_end,112,12,6959,6959,True,df022e4676b49465,df022e4676b49465,True
SENT,sent01,101,iteration_end,112,13,6644,6644,True,b54a5f97e21cb669,b54a5f97e21cb669,True
SENT,sent01,101,iteration_end,112,14,6366,6366,True,93b89baa93f5dbea,93b89baa93f5dbea,True
SENT,sent01,101,iteration_end,112,15,6270,6270,True,d06f1047b4f4fd00,d06f1047b4f4fd00,True
SENT,sent01,101,iteration_end,112,16,6265,6265,True,8869648e20c2eade,8869648e20c2eade,True
SENT,sent01,101,iteration_end,112,17,5914,5914,True,3a573764d99dac4e,3a573764d99dac4e,True
SENT,sent01,101,iteration_end,112,18,5521,5521,True,b625c52fd883b277,b625c52fd883b277,True
SENT,sent01,101,iteration_end,112,19,4469,4469,True,9cb1558fc7142b40,9cb1558fc7142b40,True
SENT,sent01,101,iteration_end,113,0,7758,7758,True,657bdc4e5fcfacb1,657bdc4e5fcfacb1,True
SENT,sent01,101,iteration_end,113,1,7739,7739,True,2af1ef47f5218f7f,2af1ef47f5218f7f,True
SENT,sent01,101,iteration_end,113,2,7706,7706,True,144cdd8ec39b4885,144cdd8ec39b4885,True
SENT,sent01,101,iteration_end,113,3,7693,7693,True,a53576ec0371ca57,a53576ec0371ca57,True
SENT,sent01,101,iteration_end,113,4,7687,7687,True,ecae5b8691e05787,ecae5b8691e05787,True
SENT,sent01,101,iteration_end,113,5,7686,7686,True,6355f8c920f67ff5,6355f8c920f67ff5,True
SENT,sent01,101,iteration_end,113,6,7686,7686,True,6355f8c920f67ff5,6355f8c920f67ff5,True
SENT,sent01,101,iteration_end,113,7,7662,7662,True,3cf565e42d9eaced,3cf565e42d9eaced,True
SENT,sent01,101,iteration_end,113,8,7662,7662,True,3cf565e42d9eaced,3cf565e42d9eaced,True
SENT,sent01,101,iteration_end,113,9,7658,7658,True,01326343fa0d7965,01326343fa0d7965,True
SENT,sent01,101,iteration_end,113,10,7459,7459,True,7089f128b19602aa,7089f128b19602aa,True
SENT,sent01,101,iteration_end,113,11,7446,7446,True,59b981c13dc292c0,59b981c13dc292c0,True
SENT,sent01,101,iteration_end,113,12,7247,7247,True,684bed1ea8b3f5d8,684bed1ea8b3f5d8,True
SENT,sent01,101,iteration_end,113,13,7188,7188,True,03b932db90b87d64,03b932db90b87d64,True
SENT,sent01,101,iteration_end,113,14,7027,7027,True,7c029f951ddac4db,7c029f951ddac4db,True
SENT,sent01,101,iteration_end,113,15,6846,6846,True,956f7693968678ba,956f7693968678ba,True
SENT,sent01,101,iteration_end,113,16,6795,6795,True,10b3fd9cd0809d4d,10b3fd9cd0809d4d,True
SENT,sent01,101,iteration_end,113,17,6567,6567,True,5eb6a04e02bccdf7,5eb6a04e02bccdf7,True
SENT,sent01,101,iteration_end,113,18,5996,5996,True,f676621de7c6f6c7,f676621de7c6f6c7,True
SENT,sent01,101,iteration_end,113,19,5685,5685,True,8c144f2d3aa7a606,8c144f2d3aa7a606,True
SENT,sent01,101,iteration_end,114,0,7758,7758,True,657bdc4e5fcfacb1,657bdc4e5fcfacb1,True
SENT,sent01,101,iteration_end,114,1,7758,7758,True,657bdc4e5fcfacb1,657bdc4e5fcfacb1,True
SENT,sent01,101,iteration_end,114,2,7734,7734,True,5f7b3433a54b08dc,5f7b3433a54b08dc,True
SENT,sent01,101,iteration_end,114,3,7706,7706,True,144cdd8ec39b4885,144cdd8ec39b4885,True
SENT,sent01,101,iteration_end,114,4,7706,7706,True,a633810d7649aeea,a633810d7649aeea,True
SENT,sent01,101,iteration_end,114,5,7688,7688,True,b55098b1f587efde,b55098b1f587efde,True
SENT,sent01,101,iteration_end,114,6,7634,7634,True,8cd5b7538228854d,8cd5b7538228854d,True
SENT,sent01,101,iteration_end,114,7,7586,7586,True,dbf2221a74f958e5,dbf2221a74f958e5,True
SENT,sent01,101,iteration_end,114,8,7518,7518,True,80a544405e0d6f27,80a544405e0d6f27,True
SENT,sent01,101,iteration_end,114,9,7175,7175,True,1b8919ec3468ed65,1b8919ec3468ed65,True
SENT,sent01,101,iteration_end,114,10,7137,7137,True,094b1fec41601ab0,094b1fec41601ab0,True
SENT,sent01,101,iteration_end,114,11,6721,6721,True,62a7b7de651e79d0,62a7b7de651e79d0,True
SENT,sent01,101,iteration_end,114,12,6638,6638,True,3a044fcab92ffeba,3a044fcab92ffeba,True
SENT,sent01,101,iteration_end,114,13,6514,6514,True,3abbd6ffd0964abd,3abbd6ffd0964abd,True
SENT,sent01,101,iteration_end,114,14,6308,6308,True,d7b515637142d5b3,d7b515637142d5b3,True
SENT,sent01,101,iteration_end,114,15,6183,6183,True,cf79f4e42b8d1b1e,cf79f4e42b8d1b1e,True
SENT,sent01,101,iteration_end,114,16,6084,6084,True,2198f0ce8dd4afaf,2198f0ce8dd4afaf,True
SENT,sent01,101,iteration_end,114,17,5716,5716,True,3d63b46b76b5dd8a,3d63b46b76b5dd8a,True
SENT,sent01,101,iteration_end,114,18,5439,5439,True,54948418349af0ea,54948418349af0ea,True
SENT,sent01,101,iteration_end,114,19,5016,5016,True,996ce26ef64f9303,996ce26ef64f9303,True
SENT,sent01,101,iteration_end,115,0,7761,7761,True,6f92d3f1ea6d80e8,6f92d3f1ea6d80e8,True
SENT,sent01,101,iteration_end,115,1,7758,7758,True,657bdc4e5fcfacb1,657bdc4e5fcfacb1,True
SENT,sent01,101,iteration_end,115,2,7758,7758,True,657bdc4e5fcfacb1,657bdc4e5fcfacb1,True
SENT,sent01,101,iteration_end,115,3,7706,7706,True,a633810d7649aeea,a633810d7649aeea,True
SENT,sent01,101,iteration_end,115,4,7694,7694,True,c55191c3760c417a,c55191c3760c417a,True
SENT,sent01,101,iteration_end,115,5,7686,7686,True,6355f8c920f67ff5,6355f8c920f67ff5,True
SENT,sent01,101,iteration_end,115,6,7663,7663,True,a94ff5c9b624237f,a94ff5c9b624237f,True
SENT,sent01,101,iteration_end,115,7,7662,7662,True,3cf565e42d9eaced,3cf565e42d9eaced,True
SENT,sent01,101,iteration_end,115,8,7621,7621,True,46fe53cf00f62a51,46fe53cf00f62a51,True
SENT,sent01,101,iteration_end,115,9,7604,7604,True,59143188b0b1f208,59143188b0b1f208,True
SENT,sent01,101,iteration_end,115,10,7600,7600,True,999344f5b249a3d1,999344f5b249a3d1,True
SENT,sent01,101,iteration_end,115,11,7111,7111,True,8b231fc869e171c6,8b231fc869e171c6,True
SENT,sent01,101,iteration_end,115,12,6650,6650,True,32596cf1df130f35,32596cf1df130f35,True
SENT,sent01,101,iteration_end,115,13,6628,6628,True,432dee6a57357f0b,432dee6a57357f0b,True
SENT,sent01,101,iteration_end,115,14,6530,6530,True,f4e2ab35b47a1372,f4e2ab35b47a1372,True
SENT,sent01,101,iteration_end,115,15,6147,6147,True,1b821833b3b7ff84,1b821833b3b7ff84,True
SENT,sent01,101,iteration_end,115,16,6147,6147,True,3a1dd7732eaedc8d,3a1dd7732eaedc8d,True
SENT,sent01,101,iteration_end,115,17,5882,5882,True,8bb29aca32b698bf,8bb29aca32b698bf,True
SENT,sent01,101,iteration_end,115,18,5374,5374,True,c1df42a072080476,c1df42a072080476,True
SENT,sent01,101,iteration_end,115,19,2311,2311,True,ca4fec40d1353aa2,ca4fec40d1353aa2,True
SENT,sent01,101,iteration_end,116,0,7761,7761,True,6f92d3f1ea6d80e8,6f92d3f1ea6d80e8,True
SENT,sent01,101,iteration_end,116,1,7761,7761,True,6f92d3f1ea6d80e8,6f92d3f1ea6d80e8,True
SENT,sent01,101,iteration_end,116,2,7734,7734,True,5f7b3433a54b08dc,5f7b3433a54b08dc,True
SENT,sent01,101,iteration_end,116,3,7662,7662,True,3cf565e42d9eaced,3cf565e42d9eaced,True
SENT,sent01,101,iteration_end,116,4,7662,7662,True,3cf565e42d9eaced,3cf565e42d9eaced,True
SENT,sent01,101,iteration_end,116,5,7529,7529,True,37bafae1d71c606d,37bafae1d71c606d,True
SENT,sent01,101,iteration_end,116,6,7074,7074,True,b1e95605ef3e3c06,b1e95605ef3e3c06,True
SENT,sent01,101,iteration_end,116,7,6737,6737,True,b2dd0d39c638a85e,b2dd0d39c638a85e,True
SENT,sent01,101,iteration_end,116,8,6442,6442,True,6351e1569bb2fd01,6351e1569bb2fd01,True
SENT,sent01,101,iteration_end,116,9,6274,6274,True,5f60fdc8f1ee4c37,5f60fdc8f1ee4c37,True
SENT,sent01,101,iteration_end,116,10,6218,6218,True,349cbb7fa313fd6e,349cbb7fa313fd6e,True
SENT,sent01,101,iteration_end,116,11,6205,6205,True,77816fc42e1efcd4,77816fc42e1efcd4,True
SENT,sent01,101,iteration_end,116,12,5852,5852,True,d2b997eb5a02bd96,d2b997eb5a02bd96,True
SENT,sent01,101,iteration_end,116,13,5706,5706,True,1d5e4f7d7fb9c758,1d5e4f7d7fb9c758,True
SENT,sent01,101,iteration_end,116,14,5126,5126,True,1bb1b7796bc01b45,1bb1b7796bc01b45,True
SENT,sent01,101,iteration_end,116,15,4788,4788,True,1bdbead471905481,1bdbead471905481,True
SENT,sent01,101,iteration_end,116,16,4788,4788,True,b136bc1902f30578,b136bc1902f30578,True
SENT,sent01,101,iteration_end,116,17,4747,4747,True,96cd8738dda7d5cf,96cd8738dda7d5cf,True
SENT,sent01,101,iteration_end,116,18,4355,4355,True,223a5caf718abe83,223a5caf718abe83,True
SENT,sent01,101,iteration_end,116,19,1555,1555,True,51b0637c2c6f8972,51b0637c2c6f8972,True
SENT,sent01,101,iteration_end,117,0,7734,7734,True,5f7b3433a54b08dc,5f7b3433a54b08dc,True
SENT,sent01,101,iteration_end,117,1,7700,7700,True,28f53525ad55d1cb,28f53525ad55d1cb,True
SENT,sent01,101,iteration_end,117,2,7689,7689,True,ab0108442503238b,ab0108442503238b,True
SENT,sent01,101,iteration_end,117,3,7590,7590,True,aa23d1ca32fbd439,aa23d1ca32fbd439,True
SENT,sent01,101,iteration_end,117,4,7586,7586,True,dbf2221a74f958e5,dbf2221a74f958e5,True
SENT,sent01,101,iteration_end,117,5,7553,7553,True,f9462238abb358d8,f9462238abb358d8,True
SENT,sent01,101,iteration_end,117,6,7251,7251,True,90e0e74eb280a531,90e0e74eb280a531,True
SENT,sent01,101,iteration_end,117,7,7137,7137,True,25a18e3328960290,25a18e3328960290,True
SENT,sent01,101,iteration_end,117,8,6973,6973,True,89dc471f0ff0ebb7,89dc471f0ff0ebb7,True
SENT,sent01,101,iteration_end,117,9,6899,6899,True,ebc99c322f5af680,ebc99c322f5af680,True
SENT,sent01,101,iteration_end,117,10,6776,6776,True,7ce0d0509bb828eb,7ce0d0509bb828eb,True
SENT,sent01,101,iteration_end,117,11,6765,6765,True,6e208d08885d4162,6e208d08885d4162,True
SENT,sent01,101,iteration_end,117,12,6594,6594,True,69ea9a40bfeec217,69ea9a40bfeec217,True
SENT,sent01,101,iteration_end,117,13,6553,6553,True,61d1fd6ba08496b2,61d1fd6ba08496b2,True
SENT,sent01,101,iteration_end,117,14,6168,6168,True,6dafa33d14c29027,6dafa33d14c29027,True
SENT,sent01,101,iteration_end,117,15,5953,5953,True,3cb2c8a723de6618,3cb2c8a723de6618,True
SENT,sent01,101,iteration_end,117,16,5456,5456,True,ba23c5a9195dd99c,ba23c5a9195dd99c,True
SENT,sent01,101,iteration_end,117,17,5223,5223,True,518efe4d6592992d,518efe4d6592992d,True
SENT,sent01,101,iteration_end,117,18,5080,5080,True,3924279c0bb00dbe,3924279c0bb00dbe,True
SENT,sent01,101,iteration_end,117,19,4960,4960,True,fa7b702e19e978f3,fa7b702e19e978f3,True
SENT,sent01,101,iteration_end,118,0,7761,7761,True,6f92d3f1ea6d80e8,6f92d3f1ea6d80e8,True
SENT,sent01,101,iteration_end,118,1,7662,7662,True,3cf565e42d9eaced,3cf565e42d9eaced,True
SENT,sent01,101,iteration_end,118,2,7534,7534,True,49c9b396219154f1,49c9b396219154f1,True
SENT,sent01,101,iteration_end,118,3,7474,7474,True,21bfc17f21c29193,21bfc17f21c29193,True
SENT,sent01,101,iteration_end,118,4,7419,7419,True,3ae32097dda0aff7,3ae32097dda0aff7,True
SENT,sent01,101,iteration_end,118,5,7370,7370,True,e60c5672a478cc10,e60c5672a478cc10,True
SENT,sent01,101,iteration_end,118,6,7094,7094,True,ba0e3e33c86b70f0,ba0e3e33c86b70f0,True
SENT,sent01,101,iteration_end,118,7,6950,6950,True,a3d5688bbcf0ce91,a3d5688bbcf0ce91,True
SENT,sent01,101,iteration_end,118,8,6906,6906,True,5c7755383cf70bc9,5c7755383cf70bc9,True
SENT,sent01,101,iteration_end,118,9,6814,6814,True,36b7ae9be730659f,36b7ae9be730659f,True
SENT,sent01,101,iteration_end,118,10,6799,6799,True,3a3ecb95756860f8,3a3ecb95756860f8,True
SENT,sent01,101,iteration_end,118,11,6759,6759,True,3f419d1760033b66,3f419d1760033b66,True
SENT,sent01,101,iteration_end,118,12,6541,6541,True,7ffcbdcb104312b4,7ffcbdcb104312b4,True
SENT,sent01,101,iteration_end,118,13,6427,6427,True,db9b988a29f371d6,db9b988a29f371d6,True
SENT,sent01,101,iteration_end,118,14,6396,6396,True,4b0f94f80c235afa,4b0f94f80c235afa,True
SENT,sent01,101,iteration_end,118,15,6297,6297,True,23e1bd85eddeeb1c,23e1bd85eddeeb1c,True
SENT,sent01,101,iteration_end,118,16,6277,6277,True,2c2b5bc73c9d406d,2c2b5bc73c9d406d,True
SENT,sent01,101,iteration_end,118,17,5518,5518,True,4775f2d13c4a8420,4775f2d13c4a8420,True
SENT,sent01,101,iteration_end,118,18,5184,5184,True,07a5d9317e7ae4a4,07a5d9317e7ae4a4,True
SENT,sent01,101,iteration_end,118,19,5001,5001,True,630b55d33028c033,630b55d33028c033,True
SENT,sent01,101,iteration_end,119,0,7734,7734,True,5f7b3433a54b08dc,5f7b3433a54b08dc,True
SENT,sent01,101,iteration_end,119,1,7734,7734,True,5f7b3433a54b08dc,5f7b3433a54b08dc,True
SENT,sent01,101,iteration_end,119,2,7721,7721,True,d73d45193350b78f,d73d45193350b78f,True
SENT,sent01,101,iteration_end,119,3,7662,7662,True,3cf565e42d9eaced,3cf565e42d9eaced,True
SENT,sent01,101,iteration_end,119,4,7642,7642,True,7cf2452d1305ea27,7cf2452d1305ea27,True
SENT,sent01,101,iteration_end,119,5,7516,7516,True,b1cf89fae8b593d0,b1cf89fae8b593d0,True
SENT,sent01,101,iteration_end,119,6,7199,7199,True,52d5ba39ff3d3709,52d5ba39ff3d3709,True
SENT,sent01,101,iteration_end,119,7,7175,7175,True,c6bea16e6c977283,c6bea16e6c977283,True
SENT,sent01,101,iteration_end,119,8,7054,7054,True,8ca1f587a163698b,8ca1f587a163698b,True
SENT,sent01,101,iteration_end,119,9,6817,6817,True,c7864f92a650f5bb,c7864f92a650f5bb,True
SENT,sent01,101,iteration_end,119,10,6745,6745,True,ebd076bd40710328,ebd076bd40710328,True
SENT,sent01,101,iteration_end,119,11,6717,6717,True,0d58eb17c6f0fc54,0d58eb17c6f0fc54,True
SENT,sent01,101,iteration_end,119,12,6686,6686,True,c4a5a4810ebec5d5,c4a5a4810ebec5d5,True
SENT,sent01,101,iteration_end,119,13,6512,6512,True,4254d004d7b7b62a,4254d004d7b7b62a,True
SENT,sent01,101,iteration_end,119,14,6199,6199,True,526df8f63cdc8737,526df8f63cdc8737,True
SENT,sent01,101,iteration_end,119,15,6047,6047,True,4089faece040baa6,4089faece040baa6,True
SENT,sent01,101,iteration_end,119,16,5994,5994,True,d39ce388234404e3,d39ce388234404e3,True
SENT,sent01,101,iteration_end,119,17,5563,5563,True,e1ae9c51acb64767,e1ae9c51acb64767,True
SENT,sent01,101,iteration_end,119,18,5223,5223,True,3320352a5008dab5,3320352a5008dab5,True
SENT,sent01,101,iteration_end,119,19,4518,4518,True,247c0950179fd5f9,247c0950179fd5f9,True
SENT,sent01,101,iteration_end,120,0,7761,7761,True,6f92d3f1ea6d80e8,6f92d3f1ea6d80e8,True
SENT,sent01,101,iteration_end,120,1,7689,7689,True,ab0108442503238b,ab0108442503238b,True
SENT,sent01,101,iteration_end,120,2,7662,7662,True,3cf565e42d9eaced,3cf565e42d9eaced,True
SENT,sent01,101,iteration_end,120,3,7658,7658,True,01326343fa0d7965,01326343fa0d7965,True
SENT,sent01,101,iteration_end,120,4,7596,7596,True,011c606b5dc2e567,011c606b5dc2e567,True
SENT,sent01,101,iteration_end,120,5,7596,7596,True,a1225b9242af2d45,a1225b9242af2d45,True
SENT,sent01,101,iteration_end,120,6,7408,7408,True,ccd18d5d2ec2fb7a,ccd18d5d2ec2fb7a,True
SENT,sent01,101,iteration_end,120,7,7407,7407,True,0f63952b5d3a9dc1,0f63952b5d3a9dc1,True
SENT,sent01,101,iteration_end,120,8,7406,7406,True,80e7c80a1c90ded8,80e7c80a1c90ded8,True
SENT,sent01,101,iteration_end,120,9,7401,7401,True,3562bec34adf38e9,3562bec34adf38e9,True
SENT,sent01,101,iteration_end,120,10,7225,7225,True,97baee80c741b75d,97baee80c741b75d,True
SENT,sent01,101,iteration_end,120,11,6853,6853,True,b9afdcac600c065b,b9afdcac600c065b,True
SENT,sent01,101,iteration_end,120,12,6706,6706,True,92f13da6de86bcfa,92f13da6de86bcfa,True
SENT,sent01,101,iteration_end,120,13,6689,6689,True,f3da4acf50113a1a,f3da4acf50113a1a,True
SENT,sent01,101,iteration_end,120,14,6398,6398,True,b083fbdaf66dc82f,b083fbdaf66dc82f,True
SENT,sent01,101,iteration_end,120,15,6235,6235,True,aba66aa4412d4700,aba66aa4412d4700,True
SENT,sent01,101,iteration_end,120,16,6188,6188,True,1e7b8695a14f025d,1e7b8695a14f025d,True
SENT,sent01,101,iteration_end,120,17,6079,6079,True,b1b5b05cf60caca5,b1b5b05cf60caca5,True
SENT,sent01,101,iteration_end,120,18,5780,5780,True,5155819601a0bddd,5155819601a0bddd,True
SENT,sent01,101,iteration_end,120,19,5551,5551,True,c420e23416e84935,c420e23416e84935,True
SENT,sent01,101,iteration_end,121,0,7772,7772,True,b97332b10f1cd6e0,b97332b10f1cd6e0,True
SENT,sent01,101,iteration_end,121,1,7761,7761,True,6f92d3f1ea6d80e8,6f92d3f1ea6d80e8,True
SENT,sent01,101,iteration_end,121,2,7761,7761,True,6f92d3f1ea6d80e8,6f92d3f1ea6d80e8,True
SENT,sent01,101,iteration_end,121,3,7734,7734,True,5f7b3433a54b08dc,5f7b3433a54b08dc,True
SENT,sent01,101,iteration_end,121,4,7662,7662,True,3cf565e42d9eaced,3cf565e42d9eaced,True
SENT,sent01,101,iteration_end,121,5,7662,7662,True,3cf565e42d9eaced,3cf565e42d9eaced,True
SENT,sent01,101,iteration_end,121,6,7474,7474,True,21bfc17f21c29193,21bfc17f21c29193,True
SENT,sent01,101,iteration_end,121,7,7278,7278,True,7c5eab140ac7ccc0,7c5eab140ac7ccc0,True
SENT,sent01,101,iteration_end,121,8,7239,7239,True,9305824a0189fb57,9305824a0189fb57,True
SENT,sent01,101,iteration_end,121,9,7088,7088,True,b2118bdd2b317f14,b2118bdd2b317f14,True
SENT,sent01,101,iteration_end,121,10,6979,6979,True,c623c2efe8e37181,c623c2efe8e37181,True
SENT,sent01,101,iteration_end,121,11,6779,6779,True,bcae65a5280bb74a,bcae65a5280bb74a,True
SENT,sent01,101,iteration_end,121,12,6467,6467,True,4117f9c46de1cc63,4117f9c46de1cc63,True
SENT,sent01,101,iteration_end,121,13,6123,6123,True,fa8dadc8886f901e,fa8dadc8886f901e,True
SENT,sent01,101,iteration_end,121,14,6086,6086,True,7bf00692c7da92f9,7bf00692c7da92f9,True
SENT,sent01,101,iteration_end,121,15,5121,5121,True,22ec68857968dd26,22ec68857968dd26,True
SENT,sent01,101,iteration_end,121,16,5021,5021,True,2ef47fa0812f8fbd,2ef47fa0812f8fbd,True
SENT,sent01,101,iteration_end,121,17,4493,4493,True,95dd52926f4a868a,95dd52926f4a868a,True
SENT,sent01,101,iteration_end,121,18,4341,4341,True,3b0511bda8654511,3b0511bda8654511,True
SENT,sent01,101,iteration_end,121,19,3508,3508,True,8cd9e2543fa41344,8cd9e2543fa41344,True
