500 30 30
272 688 494 686 530 187 548 423 518 476 647 607 725 250 607 499 327 317 177 626 653 560 350 722 498 624 626 669 666 298 548 308 650 551 311 301 256 439 367 615 404 316 364 637 503 522 324 486 548 343 439 336 370 753 334 195 735 694 520 467 587 279 627 358 478 750 604 302 501 639 529 746 408 466 410 419 402 448 660 480 767 723 378 616 586 347 516 345 169 623 664 562 686 524 418 337 592 538 356 278 331 686 406 719 539 386 369 697 387 283 515 587 672 409 507 542 540 780 318 324 422 691 452 647 314 384 379 619 360 245 423 671 315 694 794 341 417 338 331 466 462 389 438 762 722 631 709 742 284 705 777 749 544 358 673 438 585 524 232 225 381 506 495 302 395 792 394 623 441 570 526 518 595 363 483 422 473 348 632 627 276 739 675 775 668 558 556 638 292 222 701 433 379 516 584 701 810 529 731 634 426 553 195 499 573 344 528 648 466 532 352 519 389 742 470 660 506 606 557 668 356 486 763 703 301 279 542 521 757 299 371 728 772 265 566 418 427 461 662 399 337 658 378 597 666 509 455 403 394 501 553 343 180 506 490 574 513 692 541 263 563 574 220 663 658 515 538 651 792 661 210 449 515 235 665 707 492 530 617 594 411 448 588 597 616 536 635 705 523 201 763 663 477 618 539 520 716 736 586 314 337 228 513 593 628 264 398 450 739 531 726 436 276 397 438 681 728 491 412 655 581 413 705 818 596 752 540 793 311 614 560 326 389 739 595 789 189 503 345 717 673 542 581 416 528 374 744 786 343 427 355 786 605 77 767 251 566 524 694 237 298 290 188 352 243 609 173 520 693 371 565 248 367 361 476 656 652 673 419 450 408 425 331 329 436 480 691 345 713 365 563 693 396 206 304 653 446 415 546 702 332 458 523 543 384 576 871 513 368 285 243 356 171 622 413 330 495 695 342 452 302 629 566 200 549 596 453 556 564 575 409 230 331 865 576 677 639 494 570 83 673 240 387 469 491 311 402 404 519 421 432 783 555 579 258 417 610 497 568 520 243 629 724 475 337 715 336 547 571 453 297 399 443 867 290 423 149 644 721 492 185 580 593 328 688 248 488 675 602 550 500 710 549 388 547 482 613 318 435 692 
20 977 813 478 818 451 709 900 818 378 797 730 796 702 444 566 177 162 232 294 911 6 410 602 436 763 8 365 619 592 798 329 401 886 213 781 407 245 182 312 469 406 303 898 131 757 834 192 799 132 485 219 493 896 942 261 9 513 626 307 654 45 970 336 628 842 901 295 587 517 684 678 827 133 119 540 39 622 82 209 517 375 879 8 310 707 2 469 590 751 471 965 330 184 324 106 820 90 302 644 88 81 917 415 684 736 142 502 674 786 652 931 605 339 893 539 52 566 390 243 505 237 647 61 681 354 108 169 937 280 184 428 789 377 617 601 440 326 148 378 643 984 575 28 173 641 889 669 94 385 241 423 924 666 905 754 890 450 65 339 244 996 498 527 795 558 481 373 264 416 328 430 10 272 308 765 175 296 336 463 269 629 116 977 86 134 573 484 133 921 204 97 843 685 774 956 664 399 773 763 930 685 219 971 759 723 411 534 331 257 589 727 327 777 911 697 535 138 165 362 738 998 564 980 144 35 954 781 646 620 717 91 288 981 773 217 98 961 635 552 503 107 182 246 478 398 482 503 888 877 535 550 258 930 914 650 626 63 94 272 139 566 800 109 489 785 286 200 156 393 765 393 789 367 228 244 921 539 948 139 831 184 492 343 700 284 518 596 841 25 899 911 73 61 543 88 989 49 237 320 52 979 849 762 195 724 487 993 704 337 462 245 126 290 883 84 455 877 440 666 414 39 953 920 991 247 194 966 853 355 451 793 522 696 430 419 731 266 134 437 171 175 135 516 140 132 510 558 445 379 471 836 39 164 488 501 430 287 801 502 447 690 631 275 598 71 549 484 244 18 922 496 51 526 649 10 473 45 515 62 742 945 436 674 486 621 311 828 844 659 371 48 445 204 899 398 392 184 278 973 423 636 787 601 294 341 642 910 638 997 690 562 336 45 118 571 826 36 951 54 915 91 944 851 126 753 716 769 81 365 184 957 258 710 8 394 774 660 786 223 913 429 476 307 213 167 639 49 971 433 976 540 242 399 58 449 74 57 965 742 687 27 100 870 815 235 514 954 818 772 251 319 652 644 657 753 44 352 773 451 137 307 673 388 113 416 279 272 409 541 868 108 996 604 122 503 229 136 649 408 
210 820 235 924 46 883 201 564 421 423 400 17 380 250 139 447 808 990 672 345 860 261 602 938 175 311 306 7 708 743 332 326 423 893 898 359 359 553 419 148 392 756 362 810 829 559 422 5 760 288 28 285 458 440 151 746 921 917 43 360 764 552 900 714 615 934 970 537 159 463 504 889 461 744 761 488 379 929 378 94 856 262 709 834 842 238 914 250 544 973 918 664 749 458 801 630 172 440 369 264 87 588 296 147 821 99 197 833 70 993 814 258 671 881 265 793 423 216 172 452 350 48 314 617 320 525 667 800 629 618 583 637 853 841 282 258 118 548 304 455 710 14 115 176 7 200 48 858 446 101 85 790 330 797 345 273 740 754 169 465 746 300 830 880 11 765 64 534 922 371 208 88 716 425 848 114 816 756 675 317 232 790 461 681 396 125 385 745 41 544 468 74 971 567 588 113 648 72 119 263 256 633 534 293 38 593 926 471 40 404 722 514 942 810 451 285 916 255 842 578 863 464 531 281 441 514 834 976 692 411 578 708 369 413 705 758 702 286 677 695 777 553 333 225 503 393 160 739 250 659 854 602 150 713 975 255 515 326 575 773 912 829 679 111 659 112 338 995 339 441 5 137 345 626 611 514 219 940 499 385 143 130 587 778 687 964 832 140 704 202 781 400 74 543 311 686 752 913 617 413 885 393 533 199 522 599 693 573 698 715 797 312 794 243 937 658 24 520 478 520 514 127 753 809 628 936 9 395 191 784 454 706 44 183 926 719 468 465 979 418 84 453 30 815 626 359 834 386 91 317 704 491 833 868 990 615 485 24 655 636 744 246 24 235 433 714 800 514 869 535 597 960 898 754 518 936 754 389 468 234 351 532 647 125 307 513 18 260 933 528 542 323 99 66 1000 415 666 595 114 145 798 906 706 937 195 923 996 458 439 262 528 66 645 669 859 166 506 935 862 7 333 336 81 574 168 101 86 560 201 65 245 610 552 689 963 444 102 663 81 69 706 225 429 570 43 238 235 173 917 486 810 783 347 199 558 486 552 223 481 269 565 532 145 190 114 549 55 400 822 79 500 41 500 774 156 97 763 82 624 612 20 373 181 574 945 341 446 131 2 86 882 806 127 109 485 837 156 701 631 391 
624 210 399 13 916 494 885 521 556 742 450 458 447 588 24 954 470 619 257 93 30 900 249 490 789 772 978 783 38 377 907 287 621 496 264 675 810 216 128 145 14 932 16 126 54 372 883 396 266 56 990 628 532 425 573 539 297 199 520 932 113 130 59 89 694 546 231 689 958 325 820 792 265 764 275 82 386 516 101 197 53 845 686 736 164 668 575 223 698 937 886 700 884 760 294 390 866 135 86 393 825 756 234 720 45 285 595 692 442 900 519 243 856 577 337 929 967 189 239 712 648 767 501 479 542 153 317 908 929 440 723 401 562 462 833 239 395 175 920 837 373 117 937 783 233 780 278 391 972 637 812 228 339 35 365 869 274 680 95 188 979 572 687 538 544 714 115 22 658 283 841 374 326 615 722 193 890 383 726 818 131 372 807 125 35 861 662 214 645 794 94 134 257 44 633 605 837 33 605 334 786 160 367 597 130 89 740 673 762 250 313 114 852 840 464 113 841 460 687 834 984 737 807 10 1 767 634 608 425 26 562 797 35 991 617 851 538 787 580 15 929 108 15 694 463 44 823 729 164 448 385 256 4 765 229 904 293 126 874 836 514 549 504 164 965 359 825 616 527 510 869 139 8 925 223 416 285 461 651 405 716 682 811 754 176 917 846 800 52 832 416 481 234 243 216 475 977 553 636 956 992 305 725 789 453 997 442 342 788 429 749 93 585 114 671 574 588 553 412 738 270 69 974 15 935 603 746 202 774 724 813 303 821 309 301 605 490 94 823 586 670 532 876 945 627 862 315 942 856 818 940 653 708 190 602 886 891 70 870 337 132 496 762 137 518 673 476 282 718 149 631 930 546 369 361 401 770 753 671 520 980 872 713 539 500 178 540 750 829 707 395 304 435 358 236 378 348 333 396 646 41 732 778 368 24 164 260 29 551 8 621 21 185 193 505 515 88 186 141 471 166 59 393 47 835 502 939 458 261 778 235 344 204 811 824 938 329 854 125 221 41 485 619 830 381 511 357 292 983 69 637 656 540 989 202 174 324 750 382 16 131 280 897 151 717 593 904 353 443 926 539 497 152 744 305 73 938 642 36 712 1 548 140 195 513 145 116 117 967 865 30 134 53 894 552 205 702 614 107 301 
808 189 583 737 868 976 897 855 143 881 879 437 798 278 873 343 564 960 232 667 667 236 923 939 43 228 398 696 582 115 865 982 479 698 601 876 710 309 561 488 509 381 182 725 103 851 13 939 933 881 141 978 96 961 517 998 806 675 595 481 157 271 489 36 808 598 432 748 805 40 273 564 466 773 273 958 179 956 544 729 244 213 701 25 70 536 379 321 804 642 873 705 691 122 940 847 996 280 413 775 584 864 195 579 672 545 207 345 897 289 633 967 114 972 261 143 406 624 725 962 351 89 918 406 129 414 826 543 769 688 448 975 321 878 365 309 702 130 73 990 435 872 793 119 309 260 208 797 526 521 653 651 286 65 682 217 645 288 98 924 9 319 632 722 56 649 168 506 588 583 222 821 809 204 184 623 591 967 652 44 928 228 905 626 833 330 919 362 793 290 125 838 283 684 95 217 739 73 171 594 50 977 504 590 569 178 613 432 103 997 970 762 411 144 570 568 977 963 571 657 196 899 619 805 383 848 994 325 788 287 288 44 264 399 29 945 877 324 770 170 517 805 570 192 847 838 383 669 84 364 151 46 246 996 476 88 789 658 684 428 761 59 76 2 95 489 637 126 428 874 684 973 122 631 587 471 181 277 498 329 516 182 130 833 712 397 935 697 902 515 851 575 756 556 746 123 94 440 970 197 990 459 574 721 196 36 422 21 427 598 641 924 784 616 782 610 664 780 885 78 345 834 144 406 708 650 848 38 37 460 162 118 707 111 766 966 941 827 507 163 443 872 492 806 624 651 104 401 712 67 325 425 429 351 474 385 626 78 351 52 620 308 845 905 955 567 701 772 780 365 233 41 388 803 540 839 228 590 363 517 839 274 440 672 156 51 19 336 820 279 335 518 995 64 917 702 255 195 234 411 57 793 561 927 726 800 457 791 940 217 317 168 565 120 758 965 214 6 217 979 908 862 295 458 235 521 536 12 661 761 335 435 573 576 411 916 993 367 27 478 329 405 295 385 483 957 919 190 281 535 4 554 881 298 72 177 402 94 359 165 303 739 618 532 814 193 735 234 334 14 681 156 186 810 49 327 255 74 746 908 423 278 581 733 499 531 922 420 714 911 537 615 381 233 579 205 726 140 980 696 
427 584 965 56 687 102 130 212 387 927 408 495 695 123 412 243 362 370 444 905 610 725 23 644 933 282 828 632 940 234 859 942 794 386 836 156 232 508 355 150 686 138 489 463 305 48 689 174 911 95 887 329 219 232 497 658 304 559 619 964 544 843 347 275 490 598 833 638 445 801 804 846 264 198 148 372 685 42 172 205 352 80 915 900 587 983 903 890 375 206 624 864 546 581 917 521 179 868 442 432 335 776 516 829 73 832 266 222 723 115 812 911 271 176 536 498 988 314 680 469 169 466 325 206 179 387 537 934 598 475 728 672 669 774 332 521 906 634 763 989 228 363 593 158 555 628 405 515 381 578 301 577 478 281 384 68 593 210 975 60 18 331 402 240 599 693 588 171 321 364 278 393 694 129 533 936 628 550 291 319 950 910 965 759 166 763 113 43 166 556 958 337 550 589 593 222 37 677 651 619 256 717 492 362 611 309 606 134 523 62 145 485 495 767 906 687 938 425 170 163 193 481 247 30 380 496 773 451 279 189 851 65 182 21 805 567 618 120 357 161 342 843 728 103 112 620 618 857 568 946 89 973 426 824 634 764 763 5 62 735 614 245 545 837 643 309 193 890 812 489 289 87 495 581 520 932 514 494 325 893 370 406 823 455 74 673 102 521 28 467 459 859 480 110 360 855 256 244 47 954 743 968 171 809 693 61 41 11 636 428 285 475 31 822 203 106 263 973 204 878 805 635 613 813 311 135 182 95 475 427 104 358 885 359 803 583 256 3 530 54 870 782 480 947 239 610 406 630 579 147 220 771 568 196 747 566 458 920 396 429 62 89 283 144 933 243 713 257 576 829 804 819 528 701 462 940 827 352 792 939 829 940 461 960 324 6 807 365 193 851 114 321 848 399 81 398 271 526 460 807 814 294 559 740 914 576 209 984 393 803 65 225 205 647 968 101 457 554 543 364 317 397 783 594 969 460 946 113 971 591 101 33 737 387 674 223 717 656 799 198 379 880 808 351 891 813 813 674 887 32 891 226 709 48 508 666 169 240 134 794 561 679 955 327 952 502 374 189 615 668 969 293 296 906 790 695 528 301 795 519 839 262 133 359 544 539 496 543 497 412 84 687 490 277 840 976 838 663 763 998 
210 661 790 343 960 366 587 840 907 759 284 67 144 7 963 611 152 463 917 595 536 815 349 713 429 426 834 94 144 829 592 754 557 698 63 778 27 918 726 114 44 852 69 344 937 424 421 573 781 660 665 316 478 154 129 72 970 949 49 384 391 128 726 306 401 931 852 88 226 386 848 516 643 332 513 269 660 843 733 583 437 520 972 492 355 604 503 404 697 223 559 909 708 89 213 940 940 761 717 655 819 761 169 864 96 430 470 49 361 760 465 647 514 453 264 569 967 206 896 861 578 407 466 95 526 407 908 688 64 604 481 992 448 667 392 876 251 466 293 558 854 70 66 823 626 955 763 820 954 471 916 35 574 445 907 724 117 715 620 328 348 730 233 131 288 665 262 785 413 776 598 490 333 373 399 837 847 769 654 877 29 776 282 30 564 298 977 638 289 276 733 75 360 894 556 1 820 18 707 800 805 250 264 134 525 366 673 930 400 423 920 964 511 432 363 390 884 13 573 339 922 290 815 657 516 933 300 424 362 319 766 567 107 21 668 139 229 216 280 782 270 766 42 665 720 151 871 402 558 655 319 620 273 126 777 242 296 169 343 745 76 399 360 247 687 83 217 743 88 492 420 586 823 430 764 388 352 814 933 100 298 303 870 938 365 16 180 277 29 10 525 436 657 722 57 744 137 675 49 315 275 929 244 740 421 61 557 205 640 4 559 955 809 126 612 571 294 431 231 884 34 647 488 632 409 921 305 634 202 54 794 815 344 896 17 853 575 862 695 476 654 402 866 950 177 771 726 624 228 707 484 925 319 56 598 223 404 796 431 5 849 332 420 27 845 464 346 581 789 582 175 689 540 391 161 511 716 743 359 329 943 349 905 10 348 462 255 760 322 778 644 921 502 99 785 631 708 337 793 716 951 991 32 692 745 523 554 340 425 25 453 46 752 796 342 185 737 177 589 619 684 771 31 422 505 269 383 363 164 156 260 330 478 409 256 924 789 751 342 46 760 153 681 423 37 121 756 548 863 63 526 71 8 312 329 756 658 770 599 87 750 729 763 702 400 707 408 419 800 427 701 286 634 752 979 539 256 99 756 329 253 235 955 446 960 336 618 147 682 81 152 27 840 262 736 626 975 5 776 567 
907 374 918 154 109 157 314 996 936 138 827 41 890 586 563 430 971 716 930 98 288 235 491 231 116 134 489 797 450 512 143 122 381 744 698 955 243 561 383 289 678 815 340 404 217 334 999 73 82 723 104 19 107 46 560 874 97 118 447 958 689 451 326 426 262 930 321 273 11 403 146 506 152 410 77 650 823 247 247 13 867 333 397 596 229 581 871 958 375 928 217 63 549 63 637 185 430 955 18 132 77 675 826 94 104 529 398 683 293 572 947 251 512 619 481 959 894 758 359 609 78 444 448 502 804 675 651 925 837 12 830 764 330 154 912 863 348 791 313 919 900 413 842 148 736 124 603 978 868 745 761 317 174 945 276 181 992 864 209 71 507 692 517 681 344 168 388 443 6 673 12 750 603 355 869 654 99 25 660 271 769 495 844 624 240 111 644 978 496 525 111 871 769 755 646 835 849 828 501 60 38 825 496 776 50 301 995 314 233 433 964 124 740 279 338 204 851 559 145 982 460 802 493 165 558 666 202 154 332 30 228 600 938 63 948 341 113 708 686 32 843 93 403 874 77 617 1 87 191 304 787 794 716 928 450 921 578 985 49 77 433 455 881 472 580 370 666 996 48 47 204 72 399 452 816 530 764 118 857 898 284 67 690 684 17 151 806 699 141 510 930 950 16 102 428 516 370 130 591 39 640 574 5 290 287 591 620 842 777 870 428 621 690 663 85 437 337 501 491 883 864 140 470 932 866 452 940 860 790 432 550 509 288 866 115 134 890 525 646 307 245 815 728 833 42 381 621 581 342 797 319 521 433 704 941 854 454 72 914 529 623 228 709 117 152 747 284 180 432 670 71 861 519 380 805 700 811 140 290 316 383 404 979 949 378 741 727 526 243 314 413 601 262 404 421 89 544 360 992 596 210 843 255 952 335 306 973 519 540 796 267 890 733 244 815 631 762 880 91 498 851 315 998 53 401 19 918 391 232 633 57 373 358 331 670 236 725 892 270 178 80 606 841 687 422 485 274 390 257 227 714 531 350 227 957 684 42 294 7 432 441 279 485 633 550 287 131 344 337 679 769 388 348 226 644 906 636 382 229 876 71 518 388 898 266 520 842 656 792 87 449 596 850 793 549 854 297 262 639 886 
44 533 269 991 569 246 491 189 246 439 351 631 253 424 16 77 817 453 772 256 27 958 116 548 291 456 320 342 415 513 73 213 636 102 603 186 344 197 311 615 580 481 578 257 922 249 919 989 906 63 292 60 731 866 223 854 588 635 831 527 328 695 427 884 667 817 635 765 40 468 912 311 190 115 572 248 734 234 296 834 893 408 746 539 961 939 171 363 717 410 914 435 229 632 571 437 304 126 420 111 865 621 749 79 12 198 29 390 721 786 693 20 594 632 509 295 307 938 472 131 646 950 361 912 684 317 25 150 708 334 584 202 99 688 159 462 511 673 911 897 451 481 836 931 977 126 150 446 739 326 518 422 264 974 763 471 31 606 423 513 493 456 477 676 327 564 590 979 997 269 904 506 564 761 565 159 3 835 805 546 224 736 580 780 146 683 209 912 445 361 579 988 661 365 947 927 971 545 369 127 312 961 729 617 541 71 602 808 550 485 570 969 874 431 578 653 556 132 282 932 711 777 118 553 971 644 411 777 761 400 10 147 448 581 369 454 629 421 777 422 724 127 108 149 570 843 546 536 750 858 64 49 611 747 615 854 103 501 477 643 264 760 598 717 851 442 769 601 988 826 107 56 780 54 275 716 262 573 162 831 137 484 201 376 539 569 223 52 193 625 785 230 352 194 872 30 426 175 441 2 242 631 951 976 199 117 497 55 280 925 755 985 347 651 765 689 725 475 278 283 529 24 470 672 737 669 982 486 998 429 624 657 160 651 550 652 147 945 388 446 183 66 997 885 398 550 166 284 707 96 459 123 160 721 469 930 900 90 425 461 846 171 56 462 812 103 560 70 250 492 133 297 443 332 207 629 601 621 2 352 557 232 96 196 285 524 678 788 464 760 577 307 474 386 503 673 344 370 981 652 51 726 644 304 765 996 354 591 116 393 441 447 721 316 626 798 327 98 24 158 821 383 229 120 538 841 997 370 435 5 228 104 318 630 328 827 763 729 285 821 631 409 845 712 185 251 444 433 97 282 165 544 203 368 286 204 919 625 299 992 373 423 62 568 739 276 162 50 287 140 962 877 451 766 908 114 235 806 980 653 696 76 322 810 914 754 532 607 183 73 201 573 518 280 426 630 458 985 545 981 
560 468 991 528 871 343 519 519 305 684 851 913 77 657 914 179 563 982 398 816 820 609 991 503 535 329 610 688 844 396 447 524 110 121 629 518 643 37 597 845 58 526 553 951 953 593 155 701 596 963 429 833 309 138 452 536 159 562 548 47 416 398 562 407 537 212 707 103 439 63 327 910 535 835 461 942 187 163 990 783 767 706 817 633 282 651 401 14 430 297 288 755 382 966 618 253 281 717 778 212 619 421 621 352 78 52 832 805 867 199 162 960 667 922 633 631 364 157 918 643 996 329 296 604 710 93 73 208 551 546 202 283 767 896 959 405 337 319 802 438 537 390 144 594 424 492 830 293 329 447 42 717 577 615 914 362 752 786 413 846 162 782 986 733 388 288 780 195 567 111 154 711 126 367 904 636 543 695 240 985 411 402 382 125 893 981 830 237 317 141 390 569 770 670 323 417 209 484 21 907 560 906 17 474 89 851 442 933 294 211 111 820 297 613 506 651 577 955 150 949 436 503 718 831 799 92 213 473 110 620 417 853 948 48 703 549 265 113 253 622 791 425 498 423 363 760 782 599 260 464 856 193 293 535 443 521 49 632 840 244 963 384 434 937 667 514 867 737 720 673 98 272 217 584 178 88 441 308 537 473 950 372 45 875 64 150 38 584 321 505 499 514 561 18 566 655 494 287 583 814 438 140 1 737 60 641 734 160 284 504 131 297 423 176 228 642 845 347 774 554 326 631 135 346 382 7 37 863 508 911 264 765 393 370 713 234 185 715 935 119 867 381 726 759 63 307 30 581 421 375 956 328 240 563 803 14 132 465 105 545 629 171 745 852 947 770 787 107 686 791 429 261 854 522 136 835 559 598 723 830 30 801 616 930 919 253 977 228 434 680 288 973 313 483 968 12 450 300 503 524 37 556 440 554 829 528 50 165 670 816 923 195 602 977 514 976 219 355 702 750 600 562 66 851 856 429 758 924 944 169 404 13 781 866 911 942 368 318 580 445 228 362 429 694 288 504 977 138 301 928 213 242 167 42 489 170 395 764 354 14 388 440 299 230 534 978 363 881 199 829 869 498 905 803 618 389 160 70 62 752 235 425 852 882 357 61 563 284 601 637 110 913 735 425 260 887 448 315 196 267 
275 548 862 974 141 179 585 249 979 146 321 210 559 240 612 588 84 886 97 440 986 371 488 229 319 453 87 592 284 470 457 740 467 979 694 416 753 859 700 755 959 988 337 800 952 397 597 721 947 562 626 941 134 987 600 546 702 940 611 9 336 666 75 915 871 947 535 191 92 914 49 129 6 101 191 865 631 855 559 153 2 155 951 452 701 375 208 423 435 317 928 929 742 600 394 154 503 59 583 260 349 121 64 36 247 844 227 111 882 742 129 428 993 49 136 766 880 591 950 934 918 568 864 506 477 831 333 487 835 940 766 944 23 583 827 884 962 57 284 137 835 355 819 138 121 643 741 729 237 394 578 821 847 926 41 482 822 856 462 996 28 765 46 153 679 413 296 57 656 669 467 830 921 389 255 547 40 121 589 318 110 640 262 342 303 942 812 963 823 338 762 663 465 262 109 696 726 50 543 147 287 624 144 976 644 941 243 431 560 988 537 638 442 194 744 959 52 489 793 107 210 341 332 522 450 944 444 437 645 407 290 258 969 649 178 181 580 810 168 238 712 763 400 79 481 479 952 881 856 918 95 740 173 98 378 43 207 571 730 601 683 794 903 701 805 256 466 950 377 428 597 232 752 519 796 466 548 928 696 525 394 902 631 508 282 776 525 139 720 758 984 770 464 158 863 766 51 278 632 76 756 164 443 44 321 111 67 375 266 68 126 49 34 663 505 652 409 176 508 538 358 137 414 121 684 681 529 948 955 562 563 245 508 18 266 892 281 644 589 582 634 131 347 822 833 676 388 540 264 265 713 104 479 821 28 189 39 107 678 22 918 741 413 506 960 693 506 895 722 845 468 919 886 982 502 724 837 731 681 596 864 948 633 981 597 313 329 104 906 189 430 670 795 998 364 195 819 757 250 916 883 922 606 41 166 189 456 539 248 404 48 909 298 528 415 521 447 830 86 121 124 542 553 850 433 301 792 80 90 19 699 565 228 868 635 270 616 183 649 867 721 824 648 620 957 477 81 820 221 907 794 320 677 718 694 500 66 403 410 217 318 614 933 888 374 994 453 213 757 868 937 980 600 366 442 468 73 436 304 182 32 96 982 140 317 902 150 994 382 607 890 558 656 151 447 214 463 397 450 142 
110 13 519 126 686 495 582 852 718 676 100 655 678 270 674 615 172 982 328 221 291 2 168 879 791 637 314 544 489 188 51 384 106 321 548 64 233 922 19 460 733 174 668 727 185 85 694 136 139 477 285 278 627 460 443 83 787 248 558 156 203 32 407 629 409 664 216 996 187 679 970 108 333 73 785 397 264 444 825 222 721 843 957 3 445 635 180 132 476 793 778 3 277 144 471 923 828 84 434 865 643 815 147 203 269 382 411 875 316 107 348 450 957 705 392 677 953 505 339 649 763 783 991 781 607 524 923 907 169 250 923 590 225 697 758 515 600 580 850 880 659 315 111 757 498 318 285 92 583 526 375 545 926 131 325 698 242 189 939 350 618 772 355 69 173 942 42 171 755 12 821 803 374 627 921 205 293 875 981 248 455 9 545 862 479 149 555 170 452 706 726 842 662 193 745 404 488 717 200 890 935 725 388 317 926 619 619 451 831 503 704 657 914 514 833 534 845 851 339 285 431 964 757 336 93 690 222 213 552 511 767 986 949 167 801 767 2 956 773 743 977 194 22 503 686 386 718 19 449 351 442 947 362 99 231 376 543 606 866 550 511 59 705 129 140 955 650 7 978 782 983 690 898 645 686 713 493 57 945 435 89 769 51 963 581 29 382 866 716 222 564 984 124 418 308 584 460 336 408 870 687 328 112 722 298 184 792 729 742 437 826 959 566 784 228 423 649 764 704 70 853 449 621 291 447 427 296 743 629 263 194 165 647 306 521 168 257 841 854 430 530 993 329 664 825 84 382 854 276 560 653 612 569 136 757 455 385 174 495 591 511 855 778 906 300 285 65 947 623 51 726 671 639 274 989 444 577 686 337 527 168 224 255 172 248 530 500 972 600 604 151 934 971 97 270 854 77 312 633 37 853 875 681 54 79 314 375 324 910 846 564 924 716 348 492 558 882 815 561 546 678 140 544 709 479 444 966 745 330 292 609 77 938 316 870 153 777 465 246 616 145 450 112 35 232 309 148 706 767 344 301 857 122 527 756 444 813 984 740 291 99 840 641 763 246 307 559 522 349 94 396 64 280 788 212 526 253 802 737 375 504 564 655 561 964 60 57 27 588 206 109 411 648 428 104 687 145 186 658 151 
403 889 414 468 781 84 210 107 465 772 801 687 300 932 744 58 84 284 288 706 957 69 780 771 394 777 175 728 379 689 959 81 163 555 855 987 23 193 96 395 318 482 845 585 899 767 32 956 355 62 248 552 446 398 32 10 744 391 525 664 229 950 135 257 382 347 533 375 382 444 742 286 411 213 708 140 885 558 399 70 104 42 770 999 585 416 24 512 258 860 556 629 813 580 738 901 963 538 529 743 74 28 366 885 32 796 887 554 146 192 604 498 347 889 182 606 45 820 100 332 720 27 466 585 557 49 736 910 266 719 187 331 692 73 598 270 461 848 750 313 179 261 752 775 252 354 612 988 498 169 950 808 370 513 183 618 724 997 904 228 571 267 114 434 58 340 487 730 595 535 321 570 246 222 363 644 515 438 611 891 992 728 140 250 601 497 669 873 883 768 739 471 150 805 415 478 606 828 888 65 624 812 191 534 453 771 604 899 448 924 68 185 111 392 119 644 28 472 378 158 440 571 313 999 428 813 922 245 375 98 610 514 590 645 449 771 511 162 988 466 588 917 598 800 280 225 518 20 491 416 263 338 341 550 345 147 52 20 803 577 173 717 37 831 60 90 678 978 900 662 443 554 694 304 82 22 458 460 546 83 446 393 539 867 905 16 205 229 358 169 649 208 881 349 737 743 987 916 728 675 173 628 241 115 446 990 128 501 749 264 59 282 109 714 687 866 684 681 602 764 370 861 853 467 753 131 853 650 545 514 709 742 256 894 69 774 444 430 144 11 489 438 561 807 385 779 451 743 910 962 435 552 568 407 70 42 279 63 482 999 368 756 229 419 847 924 496 665 281 632 33 385 390 949 667 59 864 237 71 34 279 370 174 64 353 744 453 446 858 312 295 912 238 67 930 538 713 813 969 133 467 621 428 583 237 470 874 414 60 287 50 634 400 890 244 518 347 519 650 317 658 518 381 19 933 191 178 523 462 897 49 34 972 972 761 157 581 536 861 456 708 914 389 265 648 137 876 104 632 468 341 120 151 418 172 162 380 887 605 693 543 377 944 664 683 46 960 19 117 851 118 817 1 653 119 542 703 664 488 760 671 576 933 447 186 683 284 155 268 931 877 890 402 620 278 295 480 754 680 905 
544 592 547 265 49 824 1 369 621 422 373 860 456 915 635 481 146 690 444 560 667 188 384 153 633 163 482 710 395 793 377 447 931 262 468 615 654 532 595 545 994 531 942 61 364 803 614 768 718 142 725 143 107 1 783 41 363 477 709 367 917 874 237 869 887 838 547 357 606 433 653 232 487 48 481 923 225 115 840 675 969 983 383 649 339 570 993 12 792 899 918 769 989 261 474 450 861 463 326 490 83 197 494 412 834 125 927 823 329 40 239 698 960 558 553 334 267 576 967 112 193 468 487 324 10 539 33 368 604 914 229 989 485 819 167 199 613 152 96 271 187 253 307 692 132 610 717 358 787 787 849 215 908 624 670 719 535 308 889 390 940 134 866 40 434 536 752 759 167 156 451 60 695 743 502 339 230 516 536 697 716 218 119 855 355 744 371 84 337 414 284 643 533 4 419 801 708 910 56 157 985 326 801 958 974 824 310 910 301 892 253 231 324 437 216 857 21 604 608 57 417 564 415 81 352 803 721 178 537 53 152 49 553 256 138 941 366 288 715 340 233 216 58 352 37 797 77 173 698 611 275 719 160 475 821 782 435 979 483 49 379 324 144 684 737 474 261 960 601 245 199 854 218 138 952 660 806 737 205 883 786 877 917 895 941 885 460 420 896 381 834 503 73 636 632 900 936 675 459 481 166 362 40 37 56 706 350 267 200 410 298 355 453 682 725 151 824 850 861 25 150 560 246 373 988 219 943 434 390 419 292 639 469 549 247 367 548 439 85 724 545 823 850 621 476 940 700 728 25 441 280 454 221 165 839 465 106 556 206 310 875 739 272 82 70 806 555 381 637 953 333 561 787 465 853 769 702 496 330 914 288 50 236 691 437 83 844 796 405 445 44 216 543 66 790 433 290 381 37 975 35 569 150 49 396 143 29 783 515 600 910 437 206 550 282 312 663 67 678 126 780 702 810 895 315 233 583 526 368 611 957 173 62 7 471 435 766 985 664 703 907 436 386 233 898 668 698 21 370 804 333 423 119 695 424 453 950 239 570 935 231 544 843 55 342 921 417 945 441 600 6 929 174 818 115 750 404 381 259 810 870 614 216 167 926 577 998 121 48 253 16 214 33 83 22 597 804 833 916 9 
955 915 337 525 685 269 36 644 916 984 542 335 475 290 616 278 2 284 443 187 745 610 65 121 310 916 783 599 214 967 847 572 533 643 431 306 879 706 35 547 386 22 851 844 873 487 932 188 225 71 168 602 785 46 277 161 356 980 214 221 414 482 667 19 320 279 329 522 500 684 809 835 919 590 754 641 825 798 214 768 541 442 845 608 681 234 323 46 621 298 362 983 547 635 16 244 451 640 798 707 132 688 238 323 841 872 850 694 625 446 156 868 741 222 873 339 319 477 756 769 544 375 76 229 598 385 109 816 214 21 175 831 431 144 81 341 402 533 932 258 179 896 799 615 609 250 221 757 125 784 8 224 717 570 932 966 853 396 347 351 353 574 756 612 357 876 443 192 537 21 127 255 926 939 366 808 618 151 281 180 594 26 926 820 420 492 537 724 442 893 474 369 837 932 101 203 943 339 380 619 943 638 292 428 378 72 658 225 694 868 548 57 831 548 935 709 693 532 996 925 795 875 417 438 785 47 801 581 828 461 987 647 162 403 243 344 424 726 659 920 455 362 943 124 938 325 411 714 193 402 909 587 418 439 682 798 772 421 945 80 652 35 81 973 268 417 900 468 182 197 696 622 436 912 186 550 165 733 537 709 334 599 675 852 119 616 418 433 600 809 348 93 199 788 822 571 252 570 838 857 918 718 515 36 397 278 260 789 527 853 682 237 918 98 655 690 80 838 196 70 989 280 628 676 22 849 249 90 258 766 738 621 431 456 969 912 554 309 878 426 648 629 94 586 504 268 473 891 487 474 926 879 345 692 127 709 511 49 284 691 190 460 704 305 593 980 29 371 276 869 784 637 920 476 133 19 37 420 785 680 130 524 169 539 70 453 221 664 132 852 492 508 872 660 639 742 117 489 845 117 154 140 218 726 879 674 806 778 219 955 510 801 875 459 365 937 178 218 552 141 420 355 324 886 817 623 712 122 249 888 682 990 3 557 451 53 830 440 234 846 140 824 529 894 657 79 833 939 215 963 718 564 215 894 106 913 224 461 587 534 847 248 916 878 258 869 948 873 380 157 952 414 111 460 521 191 717 193 310 383 877 449 119 716 966 668 279 653 748 532 423 354 302 273 802 341 644 846 508 500 
281 609 609 883 900 150 663 516 365 704 107 855 546 220 653 743 119 277 466 378 272 214 645 86 614 836 781 451 738 576 660 909 285 749 965 166 195 662 627 53 755 453 954 913 63 138 710 148 36 26 101 103 57 203 709 361 551 744 637 488 109 626 428 131 984 465 964 381 908 621 885 346 574 447 457 558 725 317 483 490 308 386 334 822 360 746 566 637 258 974 33 475 548 188 100 24 811 276 661 625 104 362 100 299 886 862 104 534 283 653 355 763 671 693 893 734 894 108 130 729 413 133 514 878 231 167 227 874 500 638 457 506 838 78 505 103 755 275 33 866 873 129 279 709 861 988 388 550 754 335 646 277 770 534 40 208 326 554 858 27 93 408 704 537 854 208 292 152 622 429 722 712 160 210 935 506 527 479 73 424 796 30 325 584 688 352 682 112 689 590 305 649 5 609 561 276 280 744 452 589 461 237 68 513 958 215 267 384 780 5 620 18 28 575 869 476 296 468 625 520 329 602 911 805 421 202 141 956 540 463 706 989 858 11 614 685 5 944 714 472 875 342 511 670 683 674 551 207 792 161 701 102 13 167 750 152 827 10 132 88 675 461 38 754 932 533 481 851 28 750 749 954 375 667 176 994 912 743 603 91 522 879 158 204 660 180 387 936 857 561 637 626 716 313 463 338 107 149 205 149 443 304 572 607 909 859 391 816 90 592 752 798 292 471 587 680 649 553 193 766 910 552 409 729 847 683 959 630 952 979 738 386 586 527 182 637 646 663 582 934 515 970 759 825 824 488 461 363 809 751 262 842 458 79 776 605 244 252 299 807 33 470 839 882 249 658 540 5 363 758 819 893 707 719 415 333 606 347 899 61 661 254 955 724 45 636 18 365 235 251 758 939 760 774 989 700 681 721 637 103 907 993 751 909 568 462 474 536 196 167 670 22 646 860 127 564 55 658 222 867 373 465 334 155 612 212 707 578 585 989 963 378 430 615 977 478 532 376 718 11 763 701 886 542 963 387 667 874 945 974 428 478 896 157 364 479 909 736 466 762 49 358 804 872 388 808 674 72 413 885 195 694 244 868 75 821 428 971 727 525 938 355 22 773 502 215 839 759 276 1000 850 246 457 435 409 520 613 389 202 603 
253 731 683 113 182 292 876 339 617 995 419 215 402 198 266 769 806 240 89 203 639 62 323 692 41 380 521 82 706 877 265 495 779 445 756 388 193 462 346 16 259 164 654 535 705 841 841 995 648 152 168 611 1000 378 996 814 26 674 221 909 338 425 982 612 408 104 719 535 198 801 117 516 304 197 609 364 591 788 539 721 21 189 396 911 734 571 326 226 322 580 245 251 788 352 50 97 10 806 139 858 419 902 4 479 626 134 652 248 109 941 495 660 675 842 823 854 217 434 417 825 299 610 432 642 643 915 349 768 147 199 81 556 690 524 936 288 320 32 254 553 377 607 566 500 980 380 294 322 665 694 556 947 12 366 47 516 20 1 638 952 602 714 409 423 146 60 721 1 402 730 80 241 53 560 416 209 831 397 924 250 902 711 608 440 206 461 922 895 416 434 558 184 543 567 947 610 995 605 814 952 113 621 826 398 400 672 124 659 276 501 16 469 289 14 317 592 311 297 849 396 96 975 93 746 130 759 550 324 749 656 552 687 843 880 915 169 987 751 883 234 284 851 209 637 489 66 843 203 753 825 955 764 699 479 410 356 980 377 339 439 760 340 615 724 210 468 572 363 988 310 301 294 813 159 103 536 6 732 457 281 571 782 25 797 865 43 790 16 859 222 161 649 685 257 867 561 53 664 749 842 581 725 97 943 513 386 564 544 952 507 312 42 333 455 411 192 378 859 625 164 993 949 898 243 19 640 283 668 828 228 429 599 85 539 872 493 719 812 718 627 439 127 975 214 991 381 728 237 559 357 490 217 597 462 692 870 330 888 720 494 520 777 325 682 820 1000 338 696 919 267 726 346 956 193 127 732 721 183 321 276 30 299 538 567 39 218 415 536 490 802 681 231 495 174 181 803 250 221 158 351 129 834 939 158 526 937 792 278 156 502 797 85 257 917 337 119 608 225 741 842 675 117 783 280 115 68 5 730 839 17 806 932 518 142 814 805 13 830 178 203 79 761 798 728 775 610 103 215 350 505 300 980 670 738 522 247 659 426 764 359 660 605 167 421 173 145 463 696 353 976 372 674 266 936 458 629 424 410 627 944 235 637 756 270 329 432 578 21 95 465 995 409 856 832 780 12 405 43 334 527 
18 344 575 997 181 788 642 108 653 518 886 602 150 746 807 856 278 207 438 161 615 256 961 498 643 787 523 871 752 123 834 426 857 909 867 522 440 628 245 772 676 69 735 228 439 211 107 10 748 936 7 973 563 816 192 297 541 885 693 376 134 385 404 41 484 976 975 274 652 17 196 359 319 600 375 840 671 493 344 596 812 658 605 272 44 552 941 837 142 246 698 181 693 454 979 916 125 320 508 790 111 834 383 499 709 814 190 661 332 306 472 534 76 582 127 314 777 816 35 280 111 695 593 383 799 201 761 186 539 117 722 812 35 280 493 114 814 584 140 427 368 682 705 944 990 851 654 562 242 817 256 608 950 384 315 54 971 515 212 117 863 176 448 829 863 266 943 482 138 413 368 313 410 668 988 697 305 242 842 762 839 778 653 167 701 471 912 474 185 371 292 260 231 240 239 305 724 560 181 781 26 277 131 473 10 864 528 331 77 466 530 329 656 476 306 427 11 678 847 971 873 762 227 62 389 758 687 144 432 947 383 473 661 17 565 337 480 423 567 204 506 636 440 726 238 166 22 149 65 733 465 9 155 695 735 101 920 274 103 762 261 227 988 455 762 409 685 243 285 512 607 38 24 799 865 787 584 497 643 526 653 995 686 100 608 266 569 239 176 34 608 551 402 286 5 375 891 628 156 805 575 84 344 143 440 867 56 694 846 60 502 268 337 457 149 196 494 588 976 238 885 688 738 879 271 31 98 82 912 554 522 80 960 642 579 961 97 225 371 1000 936 303 202 520 52 814 303 225 767 20 933 680 543 52 445 321 204 611 266 710 527 163 439 637 503 10 768 754 715 656 515 73 918 155 69 946 502 162 780 627 66 547 984 278 255 877 488 431 529 37 238 524 514 673 210 250 956 725 471 915 246 577 375 186 313 399 1000 642 767 766 323 745 256 864 632 336 196 779 580 272 959 562 5 612 184 393 20 904 760 947 671 892 554 339 953 353 327 532 82 224 695 289 789 741 887 756 647 751 309 847 544 347 197 764 57 190 457 341 700 863 809 315 689 30 504 231 127 871 858 905 972 508 743 564 450 677 433 254 826 9 453 33 550 906 867 467 912 601 325 701 195 295 689 21 37 263 335 172 657 708 
25 887 518 293 902 126 226 899 821 478 468 495 945 223 948 171 281 45 819 711 316 287 329 416 439 578 26 352 55 250 720 40 637 861 904 349 540 608 844 189 203 29 363 417 18 243 202 576 743 197 57 815 31 622 342 114 19 745 697 953 512 490 300 90 420 299 737 195 25 113 753 309 651 363 568 806 673 781 658 295 710 632 403 496 444 87 585 21 381 834 354 777 162 547 101 756 328 154 962 782 333 377 977 529 925 183 635 592 749 228 538 481 324 849 897 772 301 541 755 280 862 710 101 202 229 246 402 445 999 466 715 352 281 305 187 562 10 209 915 526 622 377 482 30 723 125 74 409 417 701 499 941 557 21 233 123 546 882 900 237 995 290 699 39 219 736 704 864 41 18 489 488 812 187 708 511 194 62 503 377 449 993 811 99 946 198 615 332 712 80 635 491 868 466 811 805 573 375 191 867 378 665 165 181 72 786 614 538 250 276 480 394 355 473 561 289 733 457 302 748 471 935 831 9 320 155 283 736 606 165 266 979 605 526 318 671 296 703 713 632 553 398 565 382 705 364 37 257 846 567 687 349 567 944 287 869 513 764 770 745 887 147 583 816 922 762 53 381 918 633 396 361 529 148 117 547 834 594 105 793 365 79 586 469 121 2 987 57 829 21 497 873 822 296 518 506 58 549 970 94 673 441 936 197 753 263 689 690 918 188 811 827 827 330 151 574 19 941 261 603 574 671 416 214 357 756 793 617 892 150 700 651 905 926 485 659 257 262 633 275 205 409 84 333 455 439 493 950 527 226 83 444 739 10 510 529 42 608 238 229 992 309 604 789 495 752 610 941 993 218 796 822 552 618 195 728 465 846 757 246 444 792 846 565 773 885 260 634 736 796 334 862 150 859 842 834 929 288 457 978 905 218 291 211 45 110 65 172 457 240 47 703 642 672 750 388 578 160 642 473 596 967 744 547 846 879 302 475 233 302 120 449 858 670 725 682 454 885 30 265 488 861 802 687 834 601 946 778 748 252 896 814 391 169 173 526 481 537 367 224 270 729 271 244 171 231 972 299 10 808 769 887 604 500 655 159 498 716 931 415 794 360 525 553 658 619 45 245 677 251 222 953 976 673 231 226 316 413 398 254 
89 679 380 126 775 501 38 135 260 88 848 883 220 701 298 410 76 700 360 666 748 218 778 662 824 639 968 234 293 439 940 99 604 465 532 278 120 457 342 63 511 189 723 510 682 346 710 1000 556 196 997 723 461 496 444 175 892 298 330 853 718 621 189 209 537 766 852 615 519 279 528 447 251 124 226 368 829 79 827 997 157 60 789 26 736 84 660 676 334 259 276 876 432 56 74 322 482 887 306 921 4 895 516 615 248 468 373 736 691 773 135 431 468 412 607 997 486 839 130 941 837 761 647 837 730 855 251 301 566 763 511 420 832 787 257 559 879 662 598 872 294 84 458 232 386 539 277 197 541 864 53 874 465 748 467 713 363 683 407 65 453 802 427 79 178 752 433 94 590 849 443 775 349 683 581 846 184 129 733 466 959 120 358 203 514 261 335 992 238 523 192 431 719 741 965 76 441 72 289 862 903 806 868 420 488 26 320 155 669 575 255 852 947 510 541 15 961 579 268 138 248 71 51 272 173 788 846 98 944 346 36 630 641 12 947 225 336 658 987 93 185 364 845 915 705 563 57 760 244 847 394 591 674 648 699 354 229 550 742 40 460 959 376 293 932 44 862 884 435 138 622 958 220 457 541 119 586 518 395 244 717 144 721 231 325 821 806 38 145 803 900 776 222 846 814 37 281 717 214 535 483 274 600 404 263 213 567 744 164 239 539 333 731 719 440 450 392 943 77 741 712 724 753 616 615 728 582 940 190 711 946 288 703 963 489 680 177 392 29 206 705 71 737 785 14 219 784 616 523 917 16 541 795 192 309 921 14 340 943 443 309 643 955 1 703 117 123 394 593 923 141 969 160 909 732 954 63 693 472 73 590 432 318 575 864 184 991 724 251 971 890 811 53 296 945 504 315 967 132 514 289 670 536 936 937 434 300 782 980 660 33 372 618 959 712 875 161 147 873 567 774 228 678 666 678 87 36 838 60 225 341 64 273 359 189 757 900 877 715 574 175 736 643 811 853 523 958 529 532 930 136 435 327 735 365 993 745 367 227 787 144 228 909 732 927 961 725 287 66 255 975 226 895 242 126 893 1 699 543 753 899 780 79 824 39 365 197 600 652 193 167 879 233 255 189 262 709 769 184 125 
442 367 881 762 156 129 953 865 917 543 220 354 950 113 180 670 725 845 991 191 873 948 615 546 910 443 565 526 609 321 414 81 187 566 729 262 886 822 173 721 681 968 5 502 515 514 496 189 193 152 522 526 183 488 213 36 520 943 685 987 461 17 982 473 223 987 78 702 478 608 18 891 829 133 409 956 196 502 266 501 171 581 599 493 430 606 247 269 253 691 692 935 937 192 33 294 854 782 449 882 467 176 831 784 586 519 977 835 431 230 844 773 307 677 294 340 534 421 885 677 599 176 995 321 243 583 358 817 838 424 465 730 692 453 605 321 95 853 749 85 502 249 692 847 242 303 174 907 256 62 177 363 661 670 266 152 428 860 631 520 393 936 640 230 532 696 676 860 956 184 492 313 456 584 690 74 534 339 304 858 659 520 281 713 767 995 440 30 613 98 634 92 958 55 356 493 504 632 331 274 761 111 544 646 950 890 64 14 433 754 780 752 878 188 541 318 237 226 414 449 453 767 103 965 357 908 421 529 361 621 667 643 718 482 430 645 942 455 988 202 642 995 962 207 587 929 879 745 239 520 420 730 748 275 584 779 174 335 445 97 1000 192 196 487 795 466 249 159 2 40 446 920 90 63 401 501 602 704 397 772 470 288 113 786 530 198 35 454 377 497 530 156 84 576 845 374 881 15 55 930 465 36 840 422 87 45 754 204 505 944 776 685 544 255 718 887 208 513 64 814 159 106 44 724 885 102 351 312 319 96 937 759 275 236 448 405 939 742 636 10 954 945 647 749 999 935 955 666 493 596 857 963 934 121 853 639 211 569 170 517 605 997 247 110 680 903 198 846 637 809 393 209 443 476 451 901 363 624 39 115 936 526 780 213 272 822 315 174 478 177 798 484 763 23 64 967 233 630 364 391 93 151 167 983 774 400 812 123 314 633 683 50 627 15 82 83 428 274 359 354 407 759 450 847 666 29 269 514 92 16 632 969 443 991 598 805 587 822 234 304 757 594 631 415 262 944 890 607 419 92 104 633 253 83 151 821 712 423 470 687 955 758 571 180 511 801 360 43 56 173 332 148 285 692 891 978 303 128 677 24 875 141 935 292 416 620 876 293 687 630 770 86 125 719 860 904 578 374 315 121 
735 126 371 495 409 358 198 635 592 16 99 549 190 372 804 435 528 938 179 593 134 858 74 671 442 235 596 461 75 285 663 128 174 984 727 465 633 576 321 874 503 991 924 376 907 985 855 830 365 542 26 863 981 865 246 690 51 971 219 147 426 663 798 206 535 451 191 154 613 884 523 774 254 838 799 439 26 269 495 765 8 639 497 153 612 734 717 54 238 598 585 770 975 883 678 627 817 168 900 98 230 599 334 777 133 276 253 115 3 224 933 960 303 302 322 253 404 255 112 269 293 117 893 578 290 410 224 721 325 174 173 345 50 595 776 682 194 657 461 525 750 472 873 191 12 770 875 700 116 844 87 894 111 231 296 563 92 723 619 711 897 214 908 919 99 991 137 880 406 38 712 299 332 888 978 826 358 987 108 239 268 397 329 384 124 581 754 924 323 318 848 181 983 127 415 283 552 228 739 357 970 106 942 742 804 357 713 128 245 530 927 356 996 363 24 789 372 438 642 375 385 12 87 771 102 226 887 183 809 298 860 455 229 718 735 670 142 858 806 187 810 910 810 748 196 510 849 515 200 242 217 67 597 172 79 248 846 454 395 33 263 439 580 647 527 897 250 339 10 380 480 681 796 504 653 855 685 853 983 27 22 602 383 663 967 415 530 742 575 924 892 531 152 213 477 462 584 604 368 285 296 933 456 652 18 159 2 325 965 960 632 222 560 526 155 500 728 677 942 971 561 915 210 811 246 732 853 554 657 430 9 484 577 613 718 266 366 356 207 782 766 952 501 514 373 725 430 963 799 908 547 249 309 643 828 987 464 355 580 172 609 136 277 888 580 530 513 981 264 742 109 361 735 732 326 216 94 775 752 106 787 382 842 246 930 957 340 913 950 762 492 924 71 649 155 193 561 815 354 683 278 902 587 640 976 221 570 1000 657 724 776 730 758 387 587 995 376 640 983 654 1000 650 915 778 285 601 275 70 624 145 17 317 210 819 707 938 282 426 962 594 840 718 575 844 696 994 806 121 135 109 112 786 671 267 746 758 563 721 615 633 401 523 469 652 234 877 410 782 899 604 494 622 721 602 333 734 807 827 18 838 535 251 493 325 634 411 840 552 519 440 797 505 677 962 552 886 832 629 755 678 
997 794 421 300 454 162 114 129 221 295 8 491 209 283 7 31 321 669 86 672 843 591 326 53 690 264 992 740 323 562 676 409 967 356 728 668 31 45 629 197 288 357 288 480 395 428 182 872 84 870 332 454 525 941 121 319 370 245 621 62 796 797 294 662 657 667 199 661 978 836 935 154 50 990 937 637 335 774 889 328 731 704 762 129 935 659 448 621 100 576 232 596 481 157 537 638 300 654 345 273 433 287 39 656 698 721 997 546 180 810 185 551 758 339 751 755 209 312 449 720 952 409 113 374 380 99 516 282 654 798 711 391 66 548 758 334 185 631 537 223 315 727 470 741 582 30 708 515 321 404 916 121 223 217 352 324 564 246 224 976 97 826 801 958 391 478 92 798 381 815 360 739 266 350 791 770 842 513 73 648 320 840 58 534 591 487 764 197 945 391 765 81 764 787 686 48 991 794 385 399 80 153 296 296 563 438 845 485 402 149 477 292 791 691 891 184 730 260 430 107 507 493 890 237 943 512 168 859 523 154 932 928 65 614 442 149 109 152 672 248 510 241 889 173 461 430 383 967 767 359 694 525 771 448 464 988 146 385 540 112 177 150 70 459 272 878 389 985 880 819 495 626 638 950 237 844 290 1000 845 595 982 929 395 746 631 249 767 926 806 271 133 728 755 469 319 734 93 247 994 14 620 936 115 162 715 451 712 754 382 674 238 148 112 593 406 964 753 895 191 547 809 658 769 913 128 39 846 11 145 740 841 106 681 166 748 609 356 705 3 405 378 963 402 754 883 295 559 193 408 715 239 627 501 280 537 4 472 421 932 520 962 226 82 423 488 805 258 232 97 223 366 198 988 243 288 749 409 300 253 811 404 740 368 150 913 124 21 161 35 342 201 935 2 59 60 787 768 622 852 269 466 301 480 589 998 59 34 677 25 119 849 16 158 170 73 76 765 563 68 904 369 931 997 206 248 911 920 848 321 248 155 633 143 252 594 162 263 659 581 361 523 49 507 905 620 606 571 109 234 151 791 649 635 251 471 726 532 237 70 844 555 252 902 284 33 244 452 861 944 922 596 299 847 705 347 630 584 584 654 392 182 296 798 868 296 998 192 863 447 45 877 376 646 601 710 855 726 155 526 222 
575 128 317 962 702 720 520 8 913 503 994 583 163 421 728 625 888 341 607 497 735 360 510 172 611 432 611 488 736 188 319 605 926 262 97 101 175 277 211 141 775 3 446 544 184 270 950 880 483 544 277 180 902 757 633 248 537 584 213 536 566 324 600 266 675 707 7 141 345 345 563 262 410 589 211 117 477 604 96 649 529 574 178 976 67 365 173 284 584 993 75 327 640 637 632 52 504 479 161 19 214 442 754 963 667 164 369 884 659 431 829 844 11 567 630 693 342 559 555 784 984 300 334 932 303 143 945 637 700 299 852 109 702 339 222 660 161 337 415 870 568 381 542 432 752 60 904 811 528 804 467 380 41 312 774 865 658 481 329 820 856 287 491 69 255 890 671 896 348 347 422 380 270 568 891 279 112 220 313 90 879 579 861 992 363 238 594 917 424 771 304 224 402 730 900 457 171 735 766 577 524 370 646 156 980 888 795 303 59 223 352 729 805 380 416 203 399 685 571 320 851 222 424 371 308 316 480 882 273 763 507 662 521 751 222 919 370 324 440 322 865 38 167 442 473 24 613 423 900 734 897 281 803 57 271 835 149 670 583 392 1 413 318 6 779 233 631 365 336 109 271 974 875 409 12 611 435 879 659 187 690 792 411 754 902 285 621 89 37 815 368 11 323 213 958 59 275 961 769 934 927 258 467 260 735 407 255 670 235 560 27 86 201 508 298 897 925 697 52 662 692 176 180 507 823 940 380 860 56 782 411 42 413 875 234 773 471 576 682 953 570 3 221 842 866 161 390 616 105 406 170 208 603 112 243 856 846 386 336 40 546 177 446 313 524 313 509 463 338 861 955 78 894 160 473 301 491 431 935 21 897 771 543 744 400 919 660 10 654 198 306 592 401 25 178 115 139 707 796 643 504 837 83 867 281 305 46 601 190 703 524 969 909 472 773 342 717 990 880 664 433 736 801 637 653 679 23 792 130 746 790 217 138 17 25 353 794 723 165 308 146 224 862 292 974 974 722 738 25 957 767 492 358 449 598 117 175 354 276 127 522 437 988 681 15 616 318 848 953 488 854 743 615 947 604 31 610 756 215 724 405 546 601 373 526 336 200 337 838 202 114 186 561 268 382 891 214 179 378 569 
431 223 168 426 158 455 751 968 27 619 411 452 471 960 237 162 951 646 376 425 890 776 128 239 185 48 459 831 657 257 804 10 122 337 588 933 173 805 647 96 888 146 664 202 145 28 180 229 179 178 926 173 651 795 488 768 785 137 972 541 800 730 542 876 380 790 698 664 366 148 356 919 545 706 355 78 185 752 581 612 833 516 146 893 977 148 544 227 441 910 937 420 705 719 413 847 476 556 273 683 280 340 749 149 806 914 903 544 961 532 705 633 833 333 827 329 797 890 760 354 154 295 633 766 741 207 892 346 138 933 122 342 763 870 347 938 399 11 682 655 840 239 232 818 251 12 26 281 413 246 482 787 914 5 837 930 581 347 329 239 782 465 549 657 503 929 854 717 277 948 869 829 567 73 186 136 847 26 62 141 363 839 932 447 867 535 821 623 504 226 957 669 49 247 121 700 725 110 781 896 79 997 600 608 420 475 238 604 838 631 753 197 94 462 750 695 380 933 656 151 558 333 888 684 730 464 439 903 491 636 825 554 133 983 578 826 521 517 477 372 127 97 945 561 55 306 154 633 509 32 376 480 168 91 881 147 841 778 831 57 707 204 794 282 455 513 236 977 293 669 799 177 842 786 214 168 300 35 542 110 998 680 42 332 292 788 41 60 86 408 121 316 812 373 143 418 518 444 734 615 768 574 51 123 31 538 170 620 959 642 658 414 48 812 985 857 964 417 424 701 625 352 164 423 86 640 442 504 248 487 31 186 978 341 194 130 662 512 147 803 927 590 664 577 545 612 259 264 55 137 893 328 538 698 849 945 114 668 904 62 263 835 352 195 100 644 300 790 464 652 281 271 244 744 830 375 67 817 953 657 741 509 497 403 362 247 255 348 87 521 860 586 98 767 881 42 76 163 856 439 548 455 670 862 718 903 77 23 413 946 187 196 270 492 628 367 88 654 32 686 732 432 820 781 281 43 369 951 228 209 463 388 18 433 208 82 765 963 436 251 536 72 272 402 962 751 861 173 164 591 786 840 83 800 105 632 260 280 762 738 107 726 833 695 898 648 288 721 338 829 589 994 378 50 321 153 210 813 350 443 190 979 693 818 547 962 986 793 404 573 569 579 945 363 630 87 900 951 29 236 
227 501 93 164 37 521 478 458 477 911 660 82 759 594 123 221 69 117 81 665 71 107 265 778 439 935 557 339 193 739 120 139 530 914 391 648 831 908 78 148 531 908 242 666 613 226 242 775 895 402 652 392 543 81 120 463 195 123 39 901 167 198 673 302 951 404 801 312 2 187 794 881 748 372 422 51 490 918 714 497 115 656 75 326 787 480 367 122 823 78 75 963 600 296 904 725 960 244 292 762 549 119 722 976 272 504 409 765 277 563 469 299 424 815 143 795 996 71 805 603 306 353 82 463 259 16 452 232 638 873 944 815 321 247 525 41 856 439 290 384 854 308 161 221 750 288 992 103 280 175 196 577 396 131 820 311 832 662 526 7 370 364 252 264 924 668 364 347 323 946 803 388 485 78 15 591 933 346 174 66 209 431 562 78 686 532 233 92 1000 91 294 826 379 724 289 643 656 261 895 456 801 728 26 536 427 355 678 632 814 966 120 403 806 191 959 32 374 845 840 671 825 174 955 593 425 129 79 697 500 923 269 590 490 426 991 262 623 939 135 162 840 291 375 652 247 432 941 657 430 525 346 654 597 800 742 35 108 924 453 914 128 637 208 31 430 543 540 277 936 341 98 588 530 330 131 252 700 841 786 295 429 429 799 554 291 944 847 242 869 316 196 990 668 867 853 185 430 287 695 500 993 697 775 909 710 562 460 386 253 195 574 420 715 580 662 931 107 599 261 661 682 754 204 597 937 166 919 517 672 499 592 829 263 392 637 791 276 332 545 752 219 53 883 326 776 171 512 17 398 772 937 331 597 549 717 151 438 102 844 924 646 723 249 366 515 825 189 648 194 687 755 716 60 759 551 134 101 793 805 324 738 559 395 654 269 182 390 44 666 25 869 588 143 133 560 961 366 485 894 98 274 307 33 159 234 442 378 628 552 743 412 804 393 73 346 852 890 68 527 876 735 842 658 286 563 844 837 204 959 107 18 275 859 577 740 706 348 14 502 648 763 948 14 616 546 441 71 814 725 24 546 991 517 6 978 226 75 597 506 896 358 747 318 980 900 512 116 651 235 170 249 394 509 736 779 970 141 112 810 717 876 33 741 709 802 223 790 368 453 842 333 45 779 478 821 70 120 297 281 803 
413 694 980 194 798 372 914 209 506 549 603 95 753 479 289 557 840 285 86 336 547 659 271 403 430 924 277 527 380 283 234 946 92 851 86 432 15 287 45 492 426 537 217 381 835 915 14 41 565 231 889 578 740 295 919 466 976 260 471 928 778 223 88 840 935 456 921 388 614 314 209 885 140 107 685 63 674 596 387 175 603 653 416 438 792 702 686 938 232 910 451 209 552 340 138 453 294 414 634 166 589 220 25 962 111 379 302 757 895 875 689 185 34 696 451 548 464 697 164 499 238 387 761 666 248 186 258 497 977 572 108 230 771 406 291 277 189 722 629 903 424 575 687 501 392 288 505 435 122 264 593 805 722 682 208 651 945 18 502 428 713 170 485 635 832 207 384 588 214 824 954 837 567 921 959 300 366 371 355 453 744 89 556 488 100 411 96 412 332 795 270 374 452 929 942 799 981 127 632 168 712 852 597 183 859 768 727 735 637 980 809 312 537 494 286 924 477 135 763 789 399 342 380 742 836 121 383 496 264 303 938 962 133 366 141 229 748 909 864 932 572 624 403 622 621 967 663 696 715 270 503 213 444 882 222 150 192 33 743 864 803 574 855 192 148 102 667 86 682 71 121 228 459 137 936 509 884 395 910 366 528 247 181 478 370 112 908 421 304 41 687 93 253 181 583 291 349 422 751 228 718 614 131 239 810 903 705 767 287 139 436 469 619 282 388 967 385 591 592 890 109 770 911 273 646 531 201 667 320 163 1000 949 446 835 638 485 58 321 37 778 861 886 993 52 917 144 446 191 769 816 376 103 69 163 606 314 550 665 902 936 261 255 519 675 836 661 33 766 858 343 525 983 478 332 212 837 500 384 8 720 338 450 709 810 266 180 997 257 606 326 526 458 669 642 676 420 391 725 125 322 17 706 721 486 82 734 910 54 674 339 157 16 53 325 454 277 771 566 36 734 292 658 792 568 886 818 102 330 151 58 298 673 105 161 745 216 385 355 711 144 894 128 771 137 105 906 820 974 344 617 170 201 858 206 69 348 18 762 391 603 301 92 120 11 306 317 676 923 243 324 190 524 608 191 763 961 62 592 663 350 665 180 417 242 695 218 837 317 88 840 700 336 559 196 734 271 330 493 395 24 
281 704 500 120 184 217 237 729 332 952 255 829 871 351 982 569 963 805 455 507 809 364 920 682 415 370 237 367 507 329 742 991 962 191 977 301 214 214 96 577 323 721 675 579 89 83 876 182 431 783 933 621 115 502 201 919 36 549 532 953 924 786 588 887 822 186 301 179 211 205 277 929 588 36 492 208 62 807 833 977 633 601 924 181 632 903 728 688 54 605 477 895 588 72 838 442 701 721 799 306 606 766 908 105 678 200 545 836 65 740 390 442 715 642 663 841 135 71 876 221 245 43 270 31 430 178 356 903 511 763 680 282 591 258 916 249 520 917 628 791 215 953 275 657 892 458 564 539 160 989 591 110 922 534 223 179 367 416 805 414 541 448 799 611 742 592 494 633 349 364 643 145 929 230 551 829 684 2 924 417 395 961 311 3 468 151 601 897 473 883 346 478 310 545 357 308 627 696 330 121 466 44 142 410 8 212 243 992 684 626 383 596 984 76 972 980 338 437 244 722 810 690 99 193 714 757 970 367 735 819 608 401 712 934 23 378 707 251 870 536 90 385 532 940 760 437 776 640 831 32 640 631 596 502 288 477 953 956 902 987 8 225 543 57 304 177 364 512 738 321 986 447 104 199 4 522 778 5 184 249 8 513 157 110 270 302 792 916 299 183 760 648 312 729 80 728 993 782 358 558 501 881 173 835 301 229 150 388 14 683 391 126 78 159 42 856 193 786 828 612 864 110 33 965 502 395 426 720 371 228 308 930 84 936 975 406 561 194 900 331 132 1000 388 718 18 347 959 309 947 43 339 335 297 112 393 372 818 144 358 624 566 860 167 558 800 49 970 686 836 823 596 351 20 963 894 835 643 924 150 885 38 104 998 443 85 197 87 739 29 143 308 159 315 493 535 344 112 329 228 332 383 475 695 424 487 900 893 107 73 139 37 208 425 90 45 121 20 310 780 379 750 345 44 638 656 39 355 402 476 370 86 592 296 142 532 269 796 156 403 528 268 103 389 645 524 904 680 681 502 794 248 885 356 21 293 502 935 883 524 354 500 620 143 842 745 753 860 816 667 162 166 448 492 937 389 774 671 235 366 27 468 698 683 823 681 692 352 781 103 40 978 729 784 774 264 514 201 939 775 504 
972 831 423 580 850 320 334 914 426 322 368 655 924 397 388 202 941 964 941 564 416 927 373 871 312 80 809 936 976 429 20 445 343 162 213 460 981 172 168 361 270 422 142 189 952 508 12 774 342 696 115 372 434 431 940 28 61 571 633 492 919 655 988 494 565 636 73 985 133 814 179 850 138 574 711 77 471 814 922 267 550 294 891 243 790 305 328 729 694 598 858 462 252 983 183 789 108 588 267 945 626 965 838 167 422 906 60 127 705 195 295 153 611 718 317 650 723 236 529 708 331 994 633 950 201 111 221 600 438 835 859 653 548 978 730 766 202 27 973 275 719 236 955 112 335 945 936 585 241 312 950 141 244 446 609 420 133 511 669 17 170 280 872 85 364 212 319 848 246 632 961 512 343 224 142 32 682 502 789 936 960 22 648 254 698 354 160 927 184 982 672 798 608 843 131 41 840 588 948 822 11 666 33 960 787 544 439 313 602 470 948 718 568 325 255 174 107 743 695 657 563 28 253 912 817 229 955 448 50 497 842 838 175 392 765 330 794 283 847 331 432 944 748 237 522 278 586 309 649 117 654 617 84 554 622 375 475 925 394 292 137 732 873 793 572 91 925 693 716 162 709 901 269 572 487 692 420 408 802 274 115 530 204 174 869 632 793 876 24 740 62 220 853 19 792 23 793 594 312 482 673 372 555 353 592 19 26 875 400 108 247 663 57 593 10 289 573 268 502 845 287 265 535 935 487 953 232 608 815 285 759 954 162 433 487 990 105 36 192 169 133 705 840 507 180 927 768 819 460 337 527 691 80 572 655 735 398 828 937 604 68 565 57 723 214 874 25 555 736 624 839 88 667 464 918 653 410 478 437 906 866 412 594 30 908 358 292 811 249 108 298 811 978 618 799 302 932 86 571 305 566 566 88 430 355 280 697 87 365 206 706 591 664 239 311 990 961 799 47 178 82 658 125 469 352 947 73 492 495 862 171 473 361 735 787 197 83 217 272 71 348 622 295 738 100 194 864 138 889 390 783 445 473 973 799 562 990 304 463 451 148 929 450 729 883 482 583 139 117 276 621 78 351 255 419 340 424 588 387 788 491 643 629 349 532 21 123 818 844 529 48 4 980 184 983 26 811 480 85 441 
256 88 829 788 591 951 560 211 259 133 593 763 559 623 745 216 517 171 543 405 90 480 477 495 616 922 691 757 513 952 700 576 140 990 171 162 202 345 459 64 301 478 609 22 341 177 250 199 682 423 84 770 129 258 822 932 519 376 142 56 582 370 566 910 178 181 261 830 10 315 591 898 15 438 444 343 470 706 66 346 661 712 954 267 976 593 490 379 225 409 15 268 992 295 81 404 920 566 364 937 830 597 994 611 471 694 986 709 337 393 838 297 853 142 240 294 407 925 850 27 342 589 640 481 249 534 446 842 688 216 856 67 862 407 133 690 815 629 235 7 485 438 481 748 35 218 375 925 886 780 534 430 782 117 990 991 472 448 284 136 409 67 528 84 530 283 808 983 262 564 606 710 684 362 937 827 517 379 206 742 29 937 437 963 530 360 388 838 541 180 556 558 547 528 517 523 482 542 778 161 332 914 396 963 622 469 879 414 685 697 231 538 213 489 720 361 409 855 568 37 257 963 950 204 638 638 375 434 519 58 836 794 850 335 244 116 209 309 243 589 994 950 520 618 964 87 39 722 314 305 147 582 338 972 649 298 595 374 533 72 896 950 269 737 782 580 208 266 511 61 996 720 972 543 97 188 268 624 314 733 912 583 853 440 730 775 102 887 560 575 536 669 325 659 863 509 562 872 990 21 583 842 67 303 219 54 796 737 28 318 728 209 8 960 61 18 832 653 21 381 55 322 808 968 206 176 432 455 533 68 870 662 169 630 184 657 176 994 167 729 909 633 962 23 947 644 28 774 964 205 382 83 439 558 188 387 395 742 56 512 575 191 82 979 165 417 338 1000 49 508 803 604 957 888 959 944 378 476 658 834 902 584 656 816 73 628 629 852 669 684 777 742 872 666 664 973 691 978 714 370 424 443 479 10 446 651 928 562 788 1000 198 304 111 189 580 838 459 579 731 269 27 579 201 34 217 620 376 387 860 873 600 401 188 280 388 571 567 507 805 830 737 622 81 566 509 509 153 691 871 859 670 748 389 554 897 636 168 814 788 175 630 215 707 851 765 898 530 423 736 127 94 292 89 225 315 910 474 47 105 48 419 85 341 146 131 289 232 925 895 175 882 264 259 668 316 306 188 650 321 374 
825 200 722 620 549 550 91 902 765 324 962 942 289 272 217 296 853 249 535 331 637 567 523 94 850 910 667 476 791 983 592 511 858 197 722 310 891 279 715 319 438 947 980 763 737 605 649 468 308 914 934 183 938 719 454 776 804 176 32 666 520 585 984 596 316 142 782 218 429 28 600 913 398 4 681 960 321 203 406 215 934 314 284 632 183 830 300 936 367 711 178 4 318 473 856 435 902 844 693 560 82 508 581 412 307 440 847 877 210 51 600 297 933 804 475 424 58 733 333 173 317 317 674 514 505 134 146 742 8 127 440 376 842 439 368 520 751 446 526 682 341 372 527 682 888 981 889 430 557 195 937 62 813 114 279 812 705 225 667 739 946 902 271 602 470 870 18 917 769 999 496 439 25 718 826 82 608 999 406 114 279 848 375 388 239 237 554 338 615 265 654 628 484 329 1 765 868 321 538 27 553 626 331 732 574 114 18 185 819 562 939 299 128 797 328 680 435 70 323 892 234 247 449 583 847 121 871 683 710 710 746 482 824 408 336 577 444 751 271 654 243 389 896 403 313 546 587 672 162 854 370 170 402 794 45 525 946 541 921 371 739 823 872 890 916 440 78 814 628 454 400 363 982 752 181 665 648 230 58 613 634 844 46 388 31 931 778 47 148 102 455 364 307 452 564 834 159 602 622 875 189 214 798 695 134 476 961 988 719 921 59 191 757 545 664 193 105 152 168 251 744 171 40 864 302 716 280 876 800 863 832 783 494 192 809 241 483 400 205 566 485 396 22 838 890 316 336 291 376 284 846 986 243 596 205 357 685 208 194 86 311 671 531 692 522 483 120 803 731 149 305 253 674 758 797 195 849 766 133 513 509 157 556 308 846 778 45 228 23 383 290 210 84 24 577 344 782 584 68 691 808 434 988 194 390 352 806 179 370 286 928 746 167 699 460 249 674 436 617 222 883 169 970 734 199 13 320 845 627 390 101 659 328 448 711 661 506 385 657 385 646 356 89 776 854 7 828 49 70 539 9 905 979 359 512 660 961 435 144 353 714 965 83 969 829 934 426 823 500 769 304 380 556 169 712 977 146 648 813 460 298 375 573 438 559 448 844 426 593 948 162 462 306 310 453 327 606 724 581 366 
122094 122754 123875 127992 125697 124781 123330 122989 125899 128355 124781 122813 122479 129672 129570 123436 122704 124583 126026 125669 131038 121785 121924 125085 122441 121157 123467 125065 126083 126678 
556 111 163 457 614 182 896 226 575 580 739 666 841 714 141 765 208 184 332 55 171 378 275 731 15 807 974 938 59 627 629 788 573 38 533 205 523 887 103 985 511 688 731 939 713 43 303 577 768 199 644 631 987 415 860 915 719 663 471 911 373 412 273 643 755 146 90 67 405 591 505 532 539 394 462 641 554 585 956 585 130 660 237 62 699 360 716 113 636 838 34 907 361 629 405 174 187 483 868 934 207 137 719 437 559 712 941 847 279 990 44 858 165 362 684 784 290 649 932 391 145 57 296 870 657 789 129 239 470 9 308 508 598 270 958 368 251 986 397 479 832 915 317 792 275 937 156 238 828 569 133 993 269 36 569 639 889 35 549 382 362 459 684 996 606 556 875 586 674 383 39 283 503 598 38 719 706 728 684 144 799 923 398 692 537 830 100 377 412 505 75 209 476 698 369 348 816 508 725 627 379 593 788 283 221 162 252 291 197 176 77 611 661 238 387 754 932 260 629 234 409 336 693 668 669 102 646 39 313 733 957 412 514 794 727 690 805 552 357 605 23 776 147 138 956 332 450 535 906 401 164 764 574 502 407 787 949 201 808 894 572 181 963 347 164 917 716 682 19 234 115 283 932 688 205 455 626 777 845 53 840 494 816 581 933 498 291 141 672 439 527 945 469 461 489 837 468 453 75 123 306 686 611 454 553 853 239 44 870 276 173 572 762 370 214 843 432 950 270 970 509 755 111 431 858 749 169 39 599 5 40 793 958 329 533 223 269 351 969 787 1 442 634 509 706 601 64 655 941 893 566 980 250 961 126 840 876 148 759 314 482 93 162 74 795 382 873 27 193 768 161 871 847 27 992 601 465 153 838 725 619 847 221 647 26 235 327 781 650 589 217 446 1 282 734 234 923 29 249 783 739 842 321 631 545 614 399 883 360 686 259 810 195 767 459 737 403 375 494 309 615 605 420 770 695 137 911 171 917 520 668 455 150 212 18 931 625 258 319 357 671 545 466 523 416 121 959 105 849 917 618 289 576 209 951 533 721 898 982 426 814 71 692 668 489 804 533 698 477 389 426 955 660 368 145 364 495 5 322 543 635 18 373 820 273 687 60 196 25 346 90 784 777 334 943 460 698 887 950 42 
413 63 111 312 888 650 111 279 890 995 81 989 623 449 486 398 153 598 253 842 189 540 608 638 60 75 687 476 350 409 463 989 959 968 650 603 879 960 21 729 92 56 63 109 914 888 679 413 568 871 28 57 216 795 356 536 91 21 994 334 300 470 326 837 292 783 641 505 292 123 605 72 21 463 393 428 911 729 612 731 247 960 793 938 192 78 145 655 286 748 479 605 614 551 357 598 605 793 939 742 873 291 266 765 355 806 288 233 512 260 60 280 543 275 390 221 127 208 367 977 288 29 544 20 954 655 521 183 776 254 453 550 159 884 25 414 315 887 755 671 514 385 934 34 998 401 790 651 607 229 255 136 411 5 396 842 488 726 34 932 258 966 988 505 57 580 193 426 6 528 557 713 408 837 89 780 822 46 440 22 481 925 892 199 481 134 544 854 947 536 713 357 527 207 70 272 340 866 426 313 871 772 266 10 974 524 854 55 12 724 471 473 914 619 905 325 894 840 772 376 370 712 13 365 803 829 278 394 621 263 743 83 238 932 470 896 491 803 32 843 946 985 498 337 286 699 963 508 686 243 489 409 20 719 16 530 184 500 509 295 275 565 447 627 154 448 215 249 133 13 910 28 679 74 534 903 314 142 218 116 55 424 156 59 999 94 647 856 90 625 904 52 76 668 154 813 492 598 61 997 328 659 682 887 813 964 238 806 169 97 370 751 876 854 418 356 375 980 121 734 128 755 410 609 439 764 863 615 961 841 102 874 447 772 548 965 654 581 408 902 649 954 390 901 562 417 668 634 129 739 497 341 275 121 301 741 783 482 820 322 803 167 790 718 253 273 493 444 810 771 947 627 527 966 317 16 677 466 146 856 369 653 115 74 130 140 345 995 750 641 565 404 978 218 875 87 14 924 59 59 307 557 111 721 303 519 420 723 952 950 967 785 518 849 571 22 777 587 170 240 333 32 166 973 263 830 381 457 194 750 908 978 467 1 339 531 620 969 312 685 857 344 104 712 353 224 939 4 187 327 860 88 27 128 965 593 402 57 461 567 900 968 444 955 884 262 238 296 292 558 887 856 582 306 127 462 364 682 425 449 151 897 670 335 856 116 533 11 106 291 164 575 688 256 982 153 317 864 497 280 
907 75 488 485 227 292 519 362 618 499 876 360 6 906 220 897 566 96 10 504 93 274 568 413 863 185 783 325 881 866 138 608 690 431 432 930 851 174 457 650 104 927 944 454 338 381 70 484 172 922 752 869 816 976 177 759 105 849 904 958 631 251 651 113 101 653 645 57 272 945 692 5 814 665 757 193 266 984 363 38 52 565 327 974 581 88 778 804 244 961 253 299 684 676 11 715 381 847 271 7 807 447 406 465 125 414 981 474 296 383 178 570 241 621 963 363 45 6 17 957 563 92 329 16 127 991 140 706 172 445 426 980 646 90 804 620 834 585 920 362 687 605 202 272 200 732 514 172 614 209 785 167 413 523 112 436 101 902 999 663 288 890 768 60 566 460 749 393 470 541 363 109 189 771 527 725 872 90 695 822 745 423 183 610 39 382 529 662 705 413 872 343 822 187 776 804 521 894 698 82 240 661 62 110 84 337 841 252 134 259 646 999 656 320 859 293 597 875 753 437 42 279 166 306 565 282 994 625 77 483 781 554 990 222 190 182 639 995 666 739 450 630 106 230 161 120 999 838 966 878 112 889 582 861 151 713 235 806 844 700 810 979 60 792 130 415 893 303 793 323 956 111 506 1000 973 985 762 147 128 394 839 582 437 144 718 755 275 537 450 94 212 952 485 935 775 395 436 351 657 372 221 757 685 205 339 4 509 264 894 680 962 788 386 152 129 404 925 309 585 618 921 636 24 921 535 646 374 330 779 434 206 572 312 70 686 889 737 124 839 168 400 373 267 539 366 750 15 529 344 649 871 194 875 728 81 821 39 39 94 983 770 718 187 611 589 500 353 461 950 41 386 984 189 811 497 504 342 181 441 446 781 936 260 901 868 71 116 934 225 99 877 587 437 446 662 515 927 58 613 42 983 248 832 959 157 324 8 742 553 792 332 609 770 238 806 883 642 127 411 870 130 670 209 417 631 394 935 964 228 787 705 893 213 116 728 909 50 328 437 792 609 385 771 776 667 628 565 708 102 375 890 76 763 970 268 688 1 174 578 907 152 432 930 759 182 779 509 518 597 141 725 725 942 862 731 573 939 75 302 72 248 557 712 995 154 602 396 650 88 334 195 902 226 758 682 476 94 269 258 236 
547 859 25 285 674 829 878 49 145 915 532 824 153 820 370 13 462 582 25 209 768 292 915 754 48 519 295 751 579 468 576 90 523 313 525 286 564 738 961 167 445 339 634 564 95 694 100 967 679 594 467 935 880 366 71 580 354 173 340 176 446 871 20 694 305 25 487 229 895 138 249 752 216 316 149 449 558 144 960 51 614 750 526 499 957 614 700 760 525 118 15 3 307 338 896 833 618 214 665 663 383 306 44 685 403 150 504 312 438 871 600 610 681 468 544 120 896 977 882 408 647 762 852 118 519 926 515 561 308 873 725 196 577 456 36 642 238 837 601 524 26 252 505 418 529 209 598 640 738 170 25 342 270 784 527 190 406 11 737 351 815 682 746 473 508 548 441 531 316 296 745 949 76 702 155 825 74 174 381 295 278 490 412 90 909 159 593 945 855 847 918 453 21 928 22 882 562 813 229 517 559 80 18 517 548 708 5 291 183 180 285 717 237 67 145 408 916 866 236 188 979 950 284 407 389 658 222 613 807 217 1 356 997 199 237 294 632 815 76 86 943 160 182 952 832 554 438 564 51 98 780 542 723 323 16 933 888 646 545 948 404 765 404 116 636 666 837 344 180 320 619 225 197 517 776 857 840 471 910 63 864 407 946 492 336 188 880 724 927 773 86 118 244 438 103 907 164 483 676 184 66 459 385 387 62 181 369 279 667 109 378 119 82 483 668 432 364 166 473 311 989 500 417 725 484 957 818 551 817 171 229 2 315 503 798 524 801 428 104 705 501 883 336 278 820 666 940 339 162 895 917 353 35 36 632 90 0 88 704 633 551 272 853 75 762 197 147 349 487 919 433 799 27 508 644 110 895 905 114 592 544 824 131 268 638 481 282 661 826 93 170 24 755 730 130 378 329 520 79 710 98 628 432 53 3 298 134 136 915 986 568 127 701 74 177 822 357 65 603 922 140 413 525 416 888 798 99 354 258 706 312 868 712 194 325 549 232 837 731 813 265 391 355 466 359 375 963 190 896 461 42 504 140 180 297 92 544 904 888 58 664 15 522 776 25 302 265 777 734 72 657 468 37 728 580 648 903 511 656 824 140 101 520 817 531 35 540 492 166 728 144 6 999 579 96 224 61 272 268 407 
599 599 359 58 318 462 464 323 702 675 29 314 451 178 580 508 87 7 984 971 122 108 64 705 387 756 505 91 667 85 218 253 966 979 569 676 923 570 38 903 54 414 875 651 938 914 761 92 205 702 707 387 183 14 306 279 316 537 600 2 430 624 235 929 933 612 285 735 499 544 631 433 413 805 514 723 788 490 870 342 900 797 82 532 229 706 182 927 765 34 625 814 780 203 967 46 519 457 354 432 65 71 391 691 338 360 291 42 368 390 730 375 613 870 800 776 942 579 885 830 410 183 603 842 331 937 572 279 821 941 438 149 321 306 590 362 393 868 541 578 698 377 478 138 646 41 18 448 673 81 277 198 418 115 875 832 174 966 889 952 27 941 712 896 351 655 399 508 629 527 24 658 590 511 176 329 707 798 226 601 590 951 404 21 318 851 709 68 927 207 286 662 891 810 260 618 328 375 173 153 980 965 944 887 42 84 552 853 892 793 786 725 844 937 565 1 588 500 659 121 252 665 478 146 578 514 113 683 512 382 384 448 101 875 966 781 269 652 625 236 605 96 402 653 66 259 770 18 39 549 840 211 862 868 299 88 287 288 346 917 763 351 817 421 486 432 961 795 785 143 855 791 692 315 690 259 309 371 432 380 844 525 659 327 643 590 617 395 609 120 208 908 995 79 259 98 414 922 916 655 620 664 857 0 692 463 463 916 747 167 600 989 115 913 391 330 408 999 997 608 883 54 467 69 370 173 584 369 966 351 868 2 838 799 323 273 406 484 349 211 983 718 658 492 742 851 654 630 608 411 950 668 788 389 490 548 738 129 894 599 398 295 920 708 526 972 739 446 548 960 999 725 249 492 923 557 237 770 100 581 590 922 897 430 467 783 681 479 734 154 235 500 951 300 953 210 952 886 451 858 247 158 618 748 144 472 399 459 919 110 71 177 745 383 992 335 335 490 856 406 532 307 675 713 657 811 577 393 774 403 389 952 459 209 190 995 516 470 215 459 542 555 533 880 707 848 976 557 846 839 78 719 170 178 630 786 599 704 925 161 736 142 350 312 880 792 787 266 191 692 312 997 399 989 326 389 471 917 355 22 973 709 220 380 469 876 490 16 411 824 434 686 383 704 891 907 828 947 638 253 
125 16 938 816 161 934 350 356 987 920 622 546 795 645 544 128 223 738 588 434 219 354 83 474 344 494 735 983 890 59 35 62 895 231 231 748 458 85 826 550 968 715 469 280 493 179 433 210 209 530 96 212 427 811 117 348 797 693 901 41 191 874 466 461 359 165 458 114 999 89 465 169 515 396 820 882 207 862 658 803 986 384 569 80 57 142 194 663 341 617 203 468 282 691 391 355 911 597 987 942 956 389 105 913 176 247 280 207 870 414 944 903 107 641 632 781 887 81 290 589 901 836 697 106 642 554 129 973 928 213 869 94 331 77 992 304 981 29 309 100 83 738 982 458 432 530 469 320 169 447 420 828 217 926 325 893 816 270 518 226 240 63 661 478 358 806 385 39 654 434 934 297 783 594 60 310 26 534 416 919 9 347 232 328 702 77 483 809 254 623 245 942 274 717 978 902 631 650 222 629 677 372 412 330 382 817 23 142 744 373 292 124 253 178 258 324 344 918 861 106 454 97 122 269 822 539 191 797 242 786 819 703 431 110 990 495 554 639 977 779 416 527 235 829 181 74 602 222 435 901 963 162 191 105 168 618 955 591 788 588 588 17 328 797 466 217 40 65 904 400 633 209 432 927 155 253 581 787 254 57 837 475 75 705 325 312 539 162 448 70 199 734 871 941 765 94 446 520 628 935 921 369 976 593 482 932 548 410 724 523 472 660 604 247 995 392 560 133 47 13 121 376 618 985 246 313 293 156 619 266 645 617 744 830 678 897 545 789 382 487 113 968 507 58 105 646 71 872 270 191 865 531 679 233 118 602 983 126 824 85 323 126 479 312 958 956 366 405 529 440 135 778 36 760 318 183 654 698 738 269 27 375 644 513 764 204 398 102 304 409 410 19 977 142 951 834 848 579 639 200 914 916 564 409 318 658 404 183 833 810 798 115 480 446 542 701 770 942 296 549 740 530 320 846 394 492 39 3 263 175 79 771 99 46 215 30 603 788 623 885 397 723 3 695 702 11 733 41 69 522 696 664 121 750 47 80 966 172 825 68 834 508 525 522 359 796 205 742 232 115 940 917 482 344 977 948 584 909 793 974 217 410 211 919 629 332 527 728 426 118 158 608 818 666 818 165 179 711 256 971 
794 962 559 323 634 265 707 775 776 248 253 781 833 654 881 335 945 892 683 417 55 945 624 67 667 371 556 676 355 260 272 463 24 361 26 708 862 355 100 314 862 237 777 757 236 190 602 665 11 565 899 109 798 568 897 399 686 325 783 527 629 918 230 711 314 268 97 52 524 494 558 927 776 52 755 266 297 252 276 527 142 748 321 871 720 341 28 559 825 307 711 842 839 878 516 204 873 42 663 780 805 237 953 547 201 235 401 1 217 825 556 779 540 423 858 342 132 956 691 144 531 605 967 40 317 513 314 660 963 619 706 270 824 373 710 740 318 584 551 478 185 766 946 706 522 275 291 641 752 36 455 151 792 648 286 436 858 266 889 155 767 557 67 54 922 484 219 712 657 614 151 430 700 745 876 354 583 342 389 618 996 612 655 695 498 602 700 71 303 179 414 769 244 905 368 162 394 907 23 844 36 890 88 190 167 130 526 826 967 666 762 632 886 866 424 326 64 716 684 451 770 762 429 453 166 175 499 879 64 286 373 304 910 704 420 184 943 197 33 953 2 269 389 280 497 732 540 696 821 270 137 388 661 785 319 219 416 147 698 216 407 626 670 163 880 751 536 21 831 789 117 702 522 226 471 530 476 737 734 414 564 21 895 142 207 33 170 867 724 921 125 730 273 381 103 297 642 370 397 321 249 309 915 423 740 242 888 678 134 550 951 710 289 389 405 562 443 289 164 539 259 10 945 761 236 76 274 695 151 578 473 687 287 211 607 408 545 576 2 380 45 480 459 801 458 41 992 130 979 704 211 614 571 553 393 242 454 223 812 341 993 161 52 685 930 85 928 173 637 368 569 289 750 44 159 853 30 817 973 119 423 807 728 617 278 437 424 749 513 87 964 408 738 243 909 27 804 598 796 900 358 592 284 19 795 919 776 43 497 574 0 602 348 20 709 138 325 275 632 682 944 319 761 625 708 484 321 123 483 595 720 930 559 81 116 590 772 284 431 952 339 931 199 588 574 744 906 885 125 452 233 120 454 170 217 327 183 984 746 10 998 142 840 35 718 826 98 728 352 807 160 279 549 336 981 481 943 261 365 157 956 844 591 939 231 568 135 502 381 336 335 381 274 876 205 119 279 230 669 573 
447 682 649 672 673 522 987 818 781 695 260 630 331 346 255 727 738 691 49 494 877 448 306 563 992 981 895 205 267 893 271 313 495 375 758 148 749 841 627 8 258 799 127 863 869 558 777 34 795 983 508 683 314 442 31 805 378 692 991 482 56 302 81 938 929 674 764 806 929 919 421 537 463 382 625 845 537 686 522 28 568 350 810 128 792 575 687 742 812 346 702 96 291 482 279 911 412 934 301 791 488 538 473 597 742 913 2 889 741 157 544 12 503 149 202 730 133 765 980 402 115 987 585 13 386 797 329 539 406 509 69 546 387 798 960 394 854 564 914 36 93 252 732 949 305 732 624 684 412 497 900 43 145 395 807 799 711 824 334 631 189 779 51 10 474 729 58 213 184 99 901 744 593 611 965 53 308 143 319 909 694 104 412 174 560 955 748 754 535 590 822 888 562 173 632 28 296 969 593 153 71 770 879 115 667 314 74 513 102 495 193 849 13 982 541 531 487 293 339 313 740 756 397 626 625 889 782 878 615 321 203 135 373 439 809 929 381 911 354 88 968 504 932 103 581 534 224 854 453 332 862 116 670 644 254 134 720 908 852 422 651 961 999 516 716 664 501 403 7 922 760 439 628 989 324 156 387 257 620 678 991 407 962 896 48 561 178 80 241 820 869 48 62 118 569 612 699 581 374 69 662 568 422 102 460 502 437 719 581 764 800 74 857 871 32 30 583 322 555 35 785 849 401 506 997 373 462 313 854 48 705 25 916 740 247 953 827 137 674 353 427 655 579 897 383 790 407 862 392 482 363 937 493 269 812 610 761 635 901 9 173 203 444 799 411 436 642 117 402 691 741 42 323 432 28 483 386 884 961 604 466 307 733 598 477 933 442 675 107 948 684 986 190 863 156 894 104 745 539 489 343 247 871 981 501 374 195 825 94 530 790 482 754 778 999 933 552 155 35 298 650 777 347 497 796 326 26 126 373 576 618 253 928 219 550 496 622 459 600 574 608 235 219 847 363 636 739 719 557 265 364 206 992 490 578 816 269 722 417 846 43 553 187 957 773 480 530 806 170 466 952 578 973 421 875 616 800 517 813 213 261 285 509 735 822 699 556 29 210 217 762 648 125 292 723 889 256 782 950 475 
399 960 197 422 379 154 160 368 319 905 334 253 725 111 449 689 630 728 187 957 220 308 34 444 378 209 655 14 339 128 285 582 883 63 445 908 975 291 190 522 81 314 344 790 482 798 73 604 112 42 114 692 707 137 683 926 957 474 735 360 230 406 189 980 285 284 617 492 862 236 914 607 873 707 189 359 862 173 647 469 464 240 377 229 39 14 771 443 782 559 47 17 421 280 768 898 63 141 927 495 344 81 72 347 183 761 439 706 505 562 588 303 392 541 787 157 723 116 809 416 309 786 970 458 22 245 91 156 94 980 530 423 456 583 178 126 810 934 202 226 431 891 980 532 216 791 560 10 475 627 329 487 521 32 960 706 897 712 160 45 741 422 719 485 551 726 336 588 672 822 991 711 974 66 886 92 963 613 322 575 486 510 494 373 793 31 293 43 341 663 247 1000 700 786 370 111 134 599 887 353 493 9 660 794 778 826 61 940 254 456 496 537 529 154 689 944 657 734 857 296 33 573 450 832 343 631 264 704 395 834 768 213 913 183 256 170 935 716 172 904 458 862 273 771 983 583 696 259 976 341 444 279 256 519 932 19 328 877 207 42 444 591 168 868 100 824 360 708 79 51 810 254 440 655 3 563 9 259 863 782 96 553 263 243 140 773 24 729 986 29 868 383 114 288 724 133 261 42 208 152 313 977 363 83 97 951 238 544 38 620 976 414 923 727 467 108 721 999 704 635 399 760 929 867 860 623 43 683 880 648 476 392 955 229 852 510 828 989 969 274 981 159 116 212 147 367 260 63 213 522 287 489 208 411 449 773 571 666 652 130 292 987 592 855 299 57 976 692 75 16 707 552 231 826 929 687 301 946 438 179 668 205 407 865 526 360 999 217 575 230 361 246 539 528 348 230 836 491 702 556 241 511 288 714 657 492 633 642 32 762 922 19 243 948 896 356 805 140 285 906 629 441 360 717 102 861 363 798 339 668 684 404 137 200 311 500 168 184 668 991 188 837 459 553 218 799 929 636 344 667 188 602 236 724 803 577 641 692 816 265 414 114 794 4 178 264 963 933 665 445 742 9 717 241 849 936 541 497 445 564 657 550 290 355 133 426 49 468 696 15 315 535 891 443 817 629 619 999 546 122 
63 374 675 523 593 502 105 14 454 787 81 180 434 354 97 988 107 605 519 419 664 305 554 986 925 82 458 76 546 764 38 762 269 357 778 881 169 13 124 746 182 447 750 249 95 381 832 394 10 646 107 235 326 636 558 329 753 616 298 288 490 209 713 884 955 798 54 722 353 612 485 697 291 723 257 632 215 902 122 32 719 938 741 420 615 339 254 245 324 766 555 740 680 526 447 149 684 399 478 543 189 299 397 669 197 679 449 0 836 906 953 908 835 848 421 891 181 841 709 162 655 457 668 451 532 508 684 783 284 370 784 953 968 419 942 941 289 208 410 175 974 927 473 450 323 619 150 822 841 449 285 59 704 994 842 554 695 159 361 346 364 995 949 211 938 110 195 19 291 927 873 914 9 818 241 812 918 582 318 43 84 73 419 585 214 200 87 438 197 424 209 226 72 677 904 809 299 905 82 327 272 474 492 111 86 772 534 879 760 969 740 259 470 383 746 773 78 420 546 879 346 749 165 61 174 121 18 457 486 393 478 772 14 675 889 625 355 859 629 229 744 276 910 442 216 545 18 645 160 196 799 721 957 239 586 43 374 784 929 803 278 39 475 533 201 263 479 180 387 460 826 613 737 664 799 164 91 100 196 999 374 150 61 928 54 261 48 97 957 900 912 624 945 11 382 559 650 585 858 141 694 928 590 301 903 729 672 571 435 661 500 894 932 255 295 103 943 247 687 716 134 983 34 445 910 42 71 226 512 650 645 160 890 157 706 50 81 724 283 468 392 644 882 296 546 208 28 98 168 296 169 252 452 577 321 448 684 867 33 101 858 439 912 831 657 151 709 488 774 643 217 680 43 587 716 34 782 187 353 894 356 536 938 769 384 243 700 173 124 404 206 606 516 408 150 19 710 756 781 604 929 810 458 284 415 523 356 719 657 464 634 220 946 66 126 539 290 202 218 145 493 103 24 472 919 2 507 104 91 27 801 972 210 812 651 78 664 438 372 402 599 833 370 99 177 256 609 32 175 301 163 47 421 940 631 258 674 753 633 152 249 893 338 769 702 913 488 228 860 7 978 704 281 136 594 946 425 885 674 304 462 137 733 760 319 594 934 883 740 552 8 316 956 794 218 755 357 351 592 538 
736 704 315 357 60 129 178 404 340 425 473 630 2 855 847 10 981 124 634 396 310 600 601 166 230 420 991 792 991 328 510 73 783 700 681 855 311 130 110 69 331 307 797 813 335 335 288 626 693 304 258 924 221 19 357 242 793 152 614 868 665 254 281 781 271 670 63 555 178 723 178 72 892 778 0 470 141 345 560 222 236 637 406 512 714 433 413 490 210 699 953 776 537 713 479 928 692 329 967 412 472 798 608 58 309 907 637 80 611 106 530 339 37 35 71 479 311 296 10 298 979 51 616 337 514 961 229 863 842 847 220 462 646 377 57 549 72 749 630 712 799 496 788 828 409 304 170 478 741 563 251 868 945 830 161 667 588 806 208 334 406 653 98 598 556 538 602 566 492 267 269 282 403 834 488 534 13 692 981 728 92 680 51 100 735 505 131 160 231 911 762 319 416 812 59 575 433 125 752 102 362 329 587 449 27 535 919 643 85 975 244 896 322 905 382 157 272 420 298 294 213 869 603 588 547 60 438 506 74 101 946 377 897 48 895 619 973 731 622 23 133 341 624 843 183 446 526 980 96 321 985 937 853 657 150 298 755 27 867 166 452 462 619 989 100 241 469 695 36 533 670 134 297 47 405 490 794 660 720 352 474 715 823 418 338 438 866 440 978 748 993 917 544 686 913 968 637 735 930 237 477 837 928 898 838 439 813 925 403 836 672 385 982 540 926 887 104 946 639 804 662 667 914 664 272 325 673 105 876 644 648 808 362 567 884 300 567 733 513 300 751 734 151 139 446 893 578 420 687 219 629 381 864 963 28 583 319 791 268 635 807 939 731 385 859 919 706 160 529 776 918 968 187 121 30 479 265 681 606 764 973 460 105 471 986 704 765 966 18 889 905 255 306 564 198 198 133 259 898 534 445 311 61 314 812 16 63 437 609 585 286 889 838 954 732 791 48 435 796 686 838 818 391 368 661 342 610 733 702 702 75 342 762 20 817 135 608 449 979 830 848 66 953 664 252 202 700 763 193 97 582 994 870 791 154 31 555 749 592 897 9 900 581 459 977 915 646 296 537 547 10 578 716 955 748 122 29 69 863 702 596 241 757 263 884 830 577 522 58 306 866 626 613 65 888 391 809 719 97 772 
494 799 889 153 424 711 774 191 484 718 879 678 986 458 726 624 272 392 691 414 41 227 125 256 673 495 438 101 733 956 265 616 842 551 952 222 770 485 581 143 355 862 27 303 633 903 125 79 96 597 91 832 113 103 671 560 549 893 111 422 995 198 794 922 616 814 555 64 465 713 554 664 676 71 896 793 609 483 543 575 839 667 557 348 370 519 770 72 873 7 231 670 84 145 358 569 331 706 388 10 23 366 885 432 812 28 699 768 667 667 203 422 698 406 254 185 398 21 707 109 462 282 946 974 783 384 989 301 649 974 752 890 385 654 73 76 519 763 649 547 975 818 37 356 297 940 985 1 31 321 735 33 942 619 937 346 396 70 580 969 271 745 174 741 793 170 499 948 132 559 970 486 689 343 523 462 0 598 774 971 381 861 352 349 23 252 697 878 537 986 969 488 602 439 910 428 925 210 496 74 731 951 1000 205 632 3 392 175 270 793 851 991 718 64 580 37 239 412 314 845 196 90 600 781 49 356 263 195 720 256 398 515 267 908 554 340 981 997 953 206 497 898 512 442 769 582 224 91 79 133 158 794 832 685 39 196 708 968 439 278 149 124 665 152 771 59 175 565 294 403 323 237 207 142 795 824 703 539 602 883 877 399 10 498 106 799 275 418 370 778 13 121 977 780 591 467 447 9 800 9 868 502 243 445 967 290 29 88 402 932 176 68 137 988 148 365 754 57 933 518 428 43 682 667 351 979 169 54 840 231 27 904 979 684 670 339 511 185 245 399 333 244 675 46 494 375 20 308 229 823 688 950 148 746 360 45 457 496 705 945 509 327 627 773 430 492 513 176 720 393 998 882 208 870 938 376 781 527 411 579 388 328 947 342 266 587 601 460 557 609 869 928 113 356 730 351 620 494 58 985 618 881 902 744 657 408 834 230 628 811 470 807 443 295 253 963 850 752 887 55 156 518 972 998 876 622 339 346 558 622 931 977 296 547 990 213 347 985 564 581 107 844 371 250 653 520 160 630 241 498 433 461 243 823 710 189 860 731 681 758 389 484 377 221 664 772 173 413 181 597 631 529 233 739 7 163 214 237 96 645 291 384 323 128 932 356 102 150 403 901 699 47 961 796 900 708 680 552 749 792 
158 936 475 254 888 717 937 998 944 231 938 46 24 104 122 782 733 589 976 635 470 418 160 458 885 117 820 82 842 461 492 240 255 815 844 90 868 669 171 719 906 578 105 791 113 30 237 114 514 198 488 294 264 216 704 986 235 767 365 483 504 764 488 479 653 518 761 30 571 907 787 778 611 921 806 599 540 332 956 400 827 518 797 837 7 341 961 945 766 162 165 392 793 569 941 486 526 668 927 584 774 71 820 684 196 410 27 482 943 111 889 664 999 841 63 121 229 708 877 176 505 496 242 628 461 469 725 25 683 944 703 929 516 676 914 755 493 969 285 463 781 28 111 516 80 6 298 232 965 577 170 944 386 655 182 78 80 508 915 814 412 203 691 252 256 573 458 843 334 981 129 270 742 814 989 940 119 611 980 778 359 726 165 854 748 323 181 394 699 122 216 725 583 234 277 516 522 901 367 460 184 643 761 832 75 106 177 426 510 508 161 965 124 293 739 515 322 556 962 545 82 768 638 433 605 551 478 198 910 346 952 489 811 847 723 611 142 947 44 950 937 107 618 14 710 229 886 404 821 942 746 498 8 513 465 623 49 9 752 32 653 479 961 786 402 235 38 344 777 177 702 801 10 737 613 319 87 969 125 38 862 983 256 803 464 936 933 552 497 244 48 740 740 873 483 949 96 49 689 550 700 953 78 503 202 78 612 895 538 452 221 887 679 732 425 705 75 590 518 674 508 483 283 446 590 77 283 18 477 367 544 741 693 372 276 124 763 509 805 199 920 875 443 217 4 503 244 42 604 17 208 117 397 755 503 907 823 646 154 713 784 456 643 697 688 503 319 877 809 151 104 247 838 48 16 908 560 809 408 989 772 660 711 669 905 843 839 88 372 594 200 131 684 204 328 926 753 824 594 700 393 334 862 107 826 881 365 336 657 628 208 121 787 734 156 929 687 218 69 943 737 396 893 263 514 555 499 857 752 838 693 372 895 179 957 217 930 917 32 224 651 908 256 797 507 747 636 35 178 8 377 979 290 26 495 527 205 114 720 684 616 549 449 659 395 566 43 821 606 21 318 81 192 253 258 65 903 849 79 141 802 700 445 91 560 796 855 722 815 68 519 424 171 755 676 620 478 11 980 871 
669 509 264 802 733 902 900 156 303 684 601 606 701 770 378 385 91 683 95 99 187 163 856 168 478 990 913 553 190 570 147 997 866 497 666 94 249 241 661 913 921 779 716 236 233 336 997 443 131 6 515 173 853 232 411 326 293 244 285 308 180 423 826 559 806 890 712 833 112 149 370 323 396 986 75 268 914 18 303 388 50 16 389 4 262 320 599 149 599 63 65 875 910 513 658 529 553 225 878 438 45 300 474 77 772 194 522 286 324 399 98 385 514 797 111 931 357 250 306 762 189 920 482 857 831 131 930 318 516 614 397 316 130 556 281 60 191 579 933 192 210 48 80 807 785 456 322 887 736 64 533 24 549 579 857 472 255 746 878 725 34 361 192 216 524 198 360 274 743 433 237 537 660 778 760 680 797 800 702 286 674 947 551 605 900 1000 569 647 804 877 235 655 552 951 205 981 547 929 748 295 690 306 528 93 517 0 593 75 931 317 659 148 984 584 763 251 222 983 243 222 789 686 142 12 544 824 673 864 877 707 211 579 50 1 919 342 700 789 859 76 446 5 3 36 480 486 376 432 71 960 826 75 854 755 378 746 715 197 588 100 72 655 963 244 122 901 833 31 423 16 738 73 813 687 580 225 61 468 291 134 631 900 87 208 242 286 855 691 732 629 195 986 621 170 260 784 368 723 980 26 983 277 851 619 1 766 360 31 131 739 377 364 16 647 702 842 383 521 555 734 825 106 978 287 72 128 764 430 971 772 341 629 0 446 419 449 988 88 156 378 545 341 978 60 428 597 641 852 561 241 80 715 848 585 144 742 272 923 637 981 510 340 658 232 260 45 386 917 185 67 108 781 815 809 566 630 23 600 205 942 681 39 61 234 737 462 168 731 140 689 608 10 268 528 311 224 181 214 334 251 453 522 353 361 733 630 56 271 807 868 145 454 344 788 802 605 773 651 920 420 166 389 900 97 938 488 429 125 280 133 585 765 152 344 684 335 759 330 343 425 990 431 61 893 161 769 27 78 770 814 802 386 488 712 210 225 805 788 268 676 130 428 592 676 179 866 760 874 354 655 443 346 661 318 638 458 548 89 635 818 856 293 966 624 392 3 766 644 504 53 421 394 131 449 867 420 839 528 536 865 
627 472 87 885 647 572 533 581 251 970 430 877 494 251 80 748 658 904 726 875 792 153 720 478 960 824 976 573 424 906 989 265 934 421 590 691 803 59 719 579 599 576 989 234 438 160 733 885 401 16 314 809 35 169 307 455 852 558 884 54 903 992 443 541 275 189 398 851 596 198 543 498 617 207 627 214 94 267 550 840 147 674 788 350 991 491 878 818 591 552 45 645 595 141 615 594 388 627 730 534 357 974 953 291 317 332 488 16 724 736 95 707 844 728 639 389 815 548 835 997 976 219 462 460 611 740 975 836 339 987 190 942 733 952 430 472 126 990 353 501 301 231 517 865 15 224 446 847 259 407 577 12 993 589 874 960 760 94 700 137 303 316 876 642 491 188 610 689 453 753 722 264 471 774 685 798 67 475 225 216 777 179 574 759 574 607 957 228 984 556 878 535 870 181 840 71 381 661 575 255 286 30 512 750 268 456 61 339 620 434 781 130 994 295 640 106 517 366 686 209 649 339 854 799 382 280 120 278 29 109 493 299 396 794 832 984 626 528 885 400 215 172 234 21 454 785 227 400 90 628 680 569 557 923 735 50 870 507 154 144 510 905 787 863 421 762 193 754 980 613 763 298 418 809 123 570 967 199 687 194 582 367 657 947 435 218 558 869 661 865 246 80 698 898 37 1000 742 160 570 667 49 619 193 753 669 764 221 322 411 156 325 454 638 549 538 982 844 679 887 155 974 896 240 117 664 29 445 884 783 494 380 386 399 149 937 591 461 18 815 176 218 429 128 831 693 167 534 427 330 273 753 872 303 399 813 574 76 620 792 345 994 918 486 358 174 285 353 310 901 478 515 877 955 886 122 264 685 586 420 537 736 274 174 536 874 738 245 593 501 780 443 69 482 920 297 475 733 479 658 93 740 164 808 697 869 99 988 24 509 885 849 902 506 449 432 997 465 488 746 291 980 807 672 797 236 574 690 89 457 597 729 448 565 842 845 516 150 90 339 154 588 530 879 844 94 232 132 684 411 582 212 565 662 686 134 570 534 990 523 855 562 337 424 414 411 217 934 95 429 613 645 727 104 812 382 96 961 103 526 979 268 566 938 832 197 343 536 69 629 188 518 531 951 315 820 247 421 293 406 16 
557 952 949 495 382 542 557 79 794 170 789 997 522 396 263 973 143 139 484 61 569 237 167 795 395 501 748 430 810 386 143 720 909 155 540 420 678 679 314 536 132 849 327 893 853 607 766 722 238 294 782 989 172 478 840 554 839 554 270 394 846 189 108 488 744 221 467 44 239 111 502 251 775 359 576 412 312 973 234 832 902 406 253 172 10 736 246 553 51 35 812 366 119 147 993 932 195 910 83 541 234 961 304 756 613 869 331 653 111 772 829 260 860 423 837 458 548 105 386 180 539 307 769 930 953 928 957 691 466 555 34 223 522 791 11 140 264 717 814 379 575 828 781 193 246 866 402 606 397 974 347 874 19 151 35 179 800 399 748 335 142 354 105 938 532 296 168 318 763 580 839 713 447 229 963 767 215 750 432 141 143 357 595 360 559 487 168 760 805 775 330 805 859 966 373 540 166 299 334 303 781 794 919 425 978 735 578 301 370 881 175 310 747 248 523 561 686 972 488 339 460 483 277 680 677 364 823 634 885 551 337 478 624 507 168 477 125 998 298 141 124 305 730 18 476 435 139 66 204 292 907 724 330 971 879 360 266 941 705 877 104 34 371 585 599 942 582 806 293 154 1000 25 634 620 644 31 470 770 200 313 44 521 440 602 686 386 120 602 969 750 241 301 69 315 338 387 414 885 18 877 739 459 318 291 24 997 193 787 662 912 262 393 199 342 446 596 734 156 963 752 172 939 450 330 74 593 803 934 233 137 334 490 229 693 98 855 867 178 551 423 532 337 132 582 623 664 69 365 130 161 20 300 295 983 951 128 707 42 518 934 907 82 87 830 206 466 798 580 667 683 799 472 289 238 852 341 77 331 692 64 0 799 506 791 292 173 564 121 188 295 173 927 661 332 901 588 720 953 875 730 284 281 881 393 173 513 381 331 560 876 665 904 836 380 911 141 795 247 343 253 187 955 334 753 795 730 470 599 62 656 626 519 636 915 764 180 78 779 688 740 322 217 430 701 587 486 200 958 383 247 534 792 626 31 427 461 818 901 838 273 962 223 568 722 502 924 989 73 88 451 910 364 590 510 867 957 212 286 799 64 842 535 806 618 238 263 461 796 518 620 873 562 737 732 560 463 897 830 755 493 
821 242 595 888 365 204 138 217 655 321 540 787 141 675 386 283 849 509 744 173 462 969 70 938 374 404 709 757 102 299 312 361 19 227 300 229 289 567 609 984 228 335 36 992 557 564 982 73 418 981 370 560 970 816 236 47 401 224 687 605 139 565 408 837 819 680 667 289 321 60 38 610 474 774 889 434 66 753 751 999 194 496 894 539 740 598 246 35 854 98 260 275 653 640 220 300 602 228 497 611 743 627 902 996 850 976 788 721 546 582 433 792 225 788 944 525 162 537 808 407 128 924 971 255 969 724 64 114 845 246 93 389 847 465 242 940 391 635 4 14 884 787 0 372 889 75 387 662 42 146 106 403 43 858 484 448 374 592 64 342 683 43 757 550 400 930 730 676 51 493 298 436 880 959 695 949 74 235 21 339 461 91 256 860 855 427 326 938 849 42 455 914 994 800 390 940 414 415 196 972 974 193 345 892 891 58 92 492 327 126 985 854 406 364 90 250 140 387 678 274 471 858 895 731 620 239 859 749 532 939 173 441 429 730 888 196 746 504 974 165 801 500 462 547 572 950 456 43 746 220 355 53 67 179 672 123 333 400 774 252 415 486 45 271 344 130 246 545 273 623 19 703 979 229 130 851 372 750 418 727 598 221 102 102 164 820 946 143 855 977 834 697 615 156 348 702 653 484 647 541 39 812 561 480 852 211 72 791 951 990 526 281 854 274 456 341 650 94 353 301 85 259 274 178 5 402 487 927 289 586 329 972 924 346 392 532 122 354 878 801 689 380 197 687 690 45 243 382 145 502 780 157 337 267 399 632 337 439 408 712 996 175 697 229 912 501 305 268 805 749 716 612 351 258 760 587 661 471 568 720 605 895 327 520 87 528 208 545 232 284 39 867 363 462 133 767 329 822 419 429 419 222 967 68 377 110 75 773 746 273 987 828 950 103 589 863 707 999 561 505 436 796 587 673 411 185 997 768 897 987 314 864 499 819 779 155 732 100 949 841 674 369 554 178 499 887 723 6 860 801 254 664 1 472 1000 873 712 226 4 828 374 381 765 591 807 857 627 452 526 77 874 193 409 842 388 837 887 350 585 203 823 84 271 922 789 661 742 403 489 653 995 259 497 850 340 752 744 799 57 794 
840 933 88 171 176 592 12 654 499 776 643 555 328 415 51 113 891 157 95 702 946 337 713 397 443 937 302 977 802 838 684 471 810 67 4 531 744 709 424 254 121 201 32 403 89 432 485 885 476 326 148 257 457 299 255 687 155 289 803 693 406 346 643 793 23 264 615 201 577 768 396 363 538 579 982 280 951 524 178 912 331 638 147 524 19 970 526 373 28 623 428 175 129 295 70 890 595 214 217 473 245 858 194 90 967 150 208 120 53 343 159 735 385 972 602 545 503 455 427 345 125 183 950 187 871 981 422 415 140 92 357 708 735 774 389 724 176 743 87 29 197 846 431 704 432 905 74 355 341 307 112 164 785 107 512 87 378 794 623 794 597 508 303 965 379 901 983 598 116 81 6 609 92 356 497 695 351 301 264 641 479 108 742 233 607 157 550 790 952 880 555 853 475 83 371 466 730 918 341 466 20 975 988 713 888 499 884 823 699 477 135 267 789 826 326 851 838 826 543 481 183 871 76 846 375 356 43 138 492 133 424 907 533 876 390 908 199 794 297 477 268 288 58 693 966 347 859 376 910 587 426 524 368 27 984 965 155 894 121 625 128 750 334 274 211 169 565 953 141 950 386 812 560 184 405 428 311 770 867 541 328 587 723 997 303 890 402 576 365 841 856 858 917 24 690 902 692 853 475 780 39 797 367 595 189 823 123 670 860 775 922 389 293 705 909 702 284 718 577 926 257 403 593 924 200 836 347 647 695 261 682 351 287 253 7 882 347 877 955 545 557 13 334 704 312 669 738 14 560 458 552 632 411 977 221 942 136 633 494 900 384 369 402 266 737 398 325 585 876 807 867 507 743 413 882 979 59 249 893 179 391 658 553 61 934 486 67 652 937 364 356 927 511 633 111 514 273 270 837 801 548 517 479 310 660 543 880 447 962 275 467 544 532 696 140 740 110 820 943 404 987 464 799 711 51 72 839 439 145 966 10 18 316 509 605 432 171 168 519 842 998 302 118 902 658 339 257 482 508 427 340 10 842 291 283 139 142 31 468 615 343 997 159 100 819 634 443 446 855 896 549 640 454 401 678 173 600 791 705 294 820 500 957 340 565 686 510 338 502 791 605 34 463 598 142 660 199 996 7 778 
818 365 678 200 455 240 594 68 423 562 729 618 451 205 633 319 525 915 523 626 283 786 879 828 280 623 854 461 516 309 597 429 657 967 978 137 863 573 990 518 676 16 410 919 372 852 318 971 687 989 32 885 40 753 313 20 921 790 807 298 929 919 867 990 275 262 233 44 294 790 990 786 443 733 980 441 948 995 123 351 394 535 802 140 182 59 24 761 211 863 231 636 607 188 809 545 221 668 631 444 402 426 174 998 680 940 669 265 9 165 680 160 894 321 850 372 838 627 279 923 850 884 556 489 719 146 956 739 471 437 164 841 32 821 18 896 756 892 280 307 0 86 329 351 697 133 672 109 779 170 364 727 509 602 29 432 579 463 981 210 591 907 256 47 391 922 58 648 617 988 811 265 796 104 417 377 83 371 523 905 916 313 254 995 910 426 764 851 668 735 155 972 619 198 568 850 565 362 458 156 823 260 143 913 606 710 72 373 314 538 512 10 974 50 311 4 294 877 281 460 714 546 438 471 295 897 158 134 792 540 645 613 59 810 264 247 962 155 845 361 369 651 274 348 464 79 944 38 435 164 88 417 11 903 405 934 955 403 861 468 146 167 964 933 39 172 825 789 776 440 148 375 75 948 865 318 459 186 732 5 558 71 785 258 61 371 337 905 332 317 101 115 985 434 75 593 852 3 303 775 827 961 293 164 516 578 928 585 218 638 888 242 657 869 0 833 111 766 44 69 442 975 957 2 847 917 818 871 280 150 521 989 980 11 128 244 372 542 677 34 670 113 796 329 201 68 627 133 998 352 341 154 877 909 69 398 295 982 920 711 443 741 672 715 764 418 521 517 434 772 560 29 458 727 506 322 170 652 260 121 520 681 990 648 219 95 397 695 58 737 233 672 722 183 708 358 690 679 571 444 466 687 410 654 429 295 207 222 819 754 154 681 810 375 768 453 521 40 877 206 8 93 200 284 155 553 216 87 601 452 593 115 839 360 291 676 515 138 945 869 934 741 506 611 155 22 303 78 474 131 448 50 985 346 764 77 25 422 348 853 66 895 337 765 535 775 813 838 425 536 814 356 386 196 336 776 325 521 649 903 594 374 408 397 545 711 965 696 270 984 366 434 279 788 978 665 649 220 124 686 
495 554 563 946 299 556 83 291 385 822 957 28 849 72 821 542 636 430 815 335 462 428 618 400 838 368 70 664 891 368 312 731 932 992 872 728 896 202 660 69 740 960 780 176 582 376 408 186 965 171 815 180 652 629 427 20 776 635 482 626 876 102 359 61 100 563 430 121 895 925 467 594 800 367 464 66 422 644 607 73 335 4 530 539 820 583 910 426 697 145 988 322 122 949 660 256 320 344 230 585 143 928 348 403 804 158 653 344 867 912 781 165 364 782 391 493 121 532 866 89 2 367 27 726 357 789 828 439 125 74 121 34 284 752 761 828 317 824 700 69 259 920 280 545 895 375 246 937 44 246 146 815 147 652 129 774 686 702 739 946 850 398 690 732 850 30 647 315 215 379 451 151 488 35 424 620 577 381 84 850 958 365 708 355 995 341 780 961 974 433 80 603 21 413 218 20 922 817 67 769 851 295 166 626 912 13 634 142 56 656 390 528 427 210 799 88 21 51 654 492 774 572 533 894 648 622 33 281 428 580 962 594 612 141 468 564 459 102 79 399 355 365 614 794 862 87 648 872 79 610 88 235 663 633 157 690 737 367 303 789 814 183 924 842 31 206 141 402 773 37 366 336 689 496 722 804 850 168 51 101 105 471 864 543 972 206 680 606 275 136 332 480 946 725 651 707 871 872 978 321 498 977 341 291 398 155 547 796 847 841 274 872 596 955 27 617 312 557 32 220 964 465 688 885 874 82 486 848 98 939 522 521 542 561 562 141 156 216 164 132 694 693 53 368 732 560 216 66 893 917 637 493 570 732 166 798 476 659 0 410 370 786 509 411 670 378 501 335 450 326 991 745 220 893 96 482 722 966 710 580 82 458 447 253 185 51 364 257 6 450 726 966 144 411 960 527 143 356 428 118 923 113 326 678 23 373 24 400 354 673 299 810 893 8 770 995 803 602 621 711 817 109 997 263 797 727 427 936 954 16 687 440 771 154 24 533 346 172 713 956 437 872 848 344 843 127 944 534 264 672 745 961 339 774 120 959 290 757 746 217 424 474 219 158 899 776 902 458 183 982 190 153 38 749 739 788 686 690 703 793 610 629 751 16 393 780 66 460 643 850 589 234 986 413 368 139 136 113 355 449 
301 408 670 916 373 767 975 833 321 955 946 462 778 768 325 162 638 910 555 23 181 742 951 659 577 862 795 647 759 902 103 379 310 342 300 69 669 177 623 61 493 751 726 341 15 850 492 7 170 650 363 780 11 345 174 575 462 893 581 579 634 432 561 83 873 703 712 835 923 351 427 850 386 173 153 370 800 872 805 460 400 547 654 540 48 943 766 319 875 651 501 393 180 507 354 271 630 590 811 874 612 190 636 31 70 315 141 929 608 771 205 937 438 725 393 577 945 287 535 890 870 541 907 416 987 383 953 489 453 935 132 388 82 855 279 634 839 964 322 398 838 743 55 264 320 449 528 987 530 468 233 153 226 273 693 370 680 987 565 435 629 975 756 198 544 239 341 194 563 493 115 981 378 803 238 357 145 351 165 308 670 383 606 134 749 38 112 796 404 96 898 211 422 181 342 837 360 346 562 782 739 338 546 898 170 851 675 14 708 276 525 396 233 788 104 281 723 335 842 5 153 921 774 151 614 528 344 4 172 935 281 566 801 780 157 842 35 574 703 864 227 121 344 160 9 635 687 557 244 399 40 532 312 929 583 288 182 582 223 794 885 26 321 502 80 839 453 161 789 9 740 948 527 565 926 756 604 162 974 470 734 449 524 428 325 414 338 18 741 29 55 634 583 908 726 909 547 300 205 929 702 304 223 673 527 176 834 135 640 522 386 636 323 57 974 183 938 426 402 59 325 723 348 23 856 428 199 704 353 719 552 123 372 606 970 101 122 341 40 946 704 565 862 361 200 198 133 887 793 140 44 333 94 758 158 90 178 685 313 6 492 885 427 334 125 316 67 600 857 935 449 36 859 97 628 412 897 301 429 974 305 908 923 574 516 941 458 863 478 564 381 244 45 847 937 226 47 485 262 689 954 114 417 458 578 36 349 515 516 506 771 793 361 460 11 305 507 56 311 641 905 144 312 760 690 107 637 971 338 224 569 122 598 927 638 874 442 6 17 124 425 559 28 754 111 710 443 532 953 52 106 83 274 204 203 587 970 767 903 184 881 0 59 808 941 965 680 473 846 538 255 86 341 656 652 779 685 160 711 435 227 672 797 553 673 858 710 437 271 125 319 639 920 165 165 947 847 731 96 228 
348 352 914 287 374 816 687 181 662 533 959 424 66 515 796 182 23 154 849 986 786 14 948 555 157 829 432 986 261 615 182 194 223 770 922 623 390 354 641 491 213 166 859 874 734 250 128 253 713 389 661 191 301 171 792 336 20 192 499 735 390 525 944 818 863 405 658 473 723 421 100 653 491 811 761 842 397 566 40 903 53 147 375 644 804 803 390 715 283 62 285 382 245 187 576 159 361 546 49 576 913 308 435 23 163 739 663 30 156 779 511 346 514 602 266 845 471 559 106 997 582 101 612 955 489 29 692 487 934 418 711 611 598 70 715 14 918 25 584 747 570 57 549 810 399 918 844 131 12 182 594 214 2 190 94 893 971 932 651 422 80 524 36 224 903 375 921 579 614 724 781 668 751 415 36 22 607 713 210 21 952 75 23 47 648 580 279 308 21 74 291 38 245 48 642 175 537 26 43 782 988 820 914 569 163 593 549 304 133 532 966 779 147 711 227 418 309 235 996 381 523 876 240 96 787 791 894 460 454 835 456 657 58 632 303 31 845 737 433 578 559 497 103 868 725 870 569 483 265 338 676 710 561 434 568 316 348 478 706 118 759 513 441 723 561 498 32 160 7 789 985 105 327 884 533 456 986 404 850 930 949 294 848 838 41 204 813 369 268 500 729 987 319 244 521 311 24 529 424 466 469 383 12 199 676 334 390 172 224 378 128 187 293 877 462 240 26 975 674 230 120 875 393 273 431 52 495 966 567 19 228 323 431 273 752 103 923 571 919 508 609 571 984 239 697 131 834 2 726 773 841 750 351 143 629 451 47 661 751 407 925 405 55 220 869 328 737 400 917 58 463 159 798 7 756 550 81 204 237 428 175 800 117 630 400 953 820 269 568 304 637 721 913 145 259 216 274 173 756 979 407 72 722 243 946 197 705 789 640 851 603 936 412 451 319 217 58 163 804 124 686 570 391 518 30 219 509 574 314 713 706 933 207 835 746 560 95 755 267 696 908 995 858 441 268 912 753 60 285 419 260 480 52 847 744 386 686 132 493 941 961 312 278 557 885 953 892 592 21 937 174 666 576 475 700 440 492 886 95 870 900 422 53 558 290 211 62 191 817 399 563 582 907 359 703 269 117 92 237 45 
440 753 464 548 82 235 599 32 860 121 746 818 749 680 231 947 673 279 981 386 16 716 76 573 150 448 72 329 686 949 253 162 968 923 541 632 56 782 371 412 155 176 174 301 310 753 177 710 273 343 829 692 375 65 123 390 112 333 587 359 170 982 689 125 138 196 115 337 413 685 811 626 879 602 377 695 89 647 567 847 407 159 608 635 45 558 767 536 616 22 788 632 742 25 888 975 931 865 936 306 950 11 312 586 47 375 18 117 448 724 988 285 559 571 77 104 308 664 152 979 72 612 847 643 231 424 916 848 240 841 29 865 145 355 131 323 380 914 10 701 960 570 686 660 734 11 256 801 985 907 779 551 357 519 743 721 301 907 589 968 378 324 974 637 294 173 700 870 85 316 288 902 710 56 467 962 788 585 374 749 931 695 215 168 620 321 643 430 265 567 160 298 239 856 109 227 760 341 54 69 588 643 929 22 510 71 100 222 178 149 679 560 414 57 460 87 30 631 961 525 523 628 145 621 857 929 42 362 522 280 394 27 928 170 436 557 528 872 571 633 78 97 951 532 918 269 826 823 263 911 284 609 531 889 311 235 916 574 226 290 633 713 242 96 592 314 954 760 537 988 86 5 876 197 32 161 706 568 678 252 709 847 191 683 17 95 61 958 392 435 803 113 831 971 543 868 827 377 988 384 654 908 904 160 988 604 543 440 182 698 97 275 913 838 536 812 145 674 674 589 971 846 696 387 872 945 126 206 379 237 47 305 977 38 742 630 749 45 771 230 128 411 885 294 193 454 750 688 501 946 616 504 482 953 512 291 11 640 950 756 231 228 176 144 720 563 59 933 652 201 446 112 901 38 420 95 78 514 485 632 533 848 279 30 102 191 407 587 986 529 437 274 258 779 378 930 395 856 744 336 756 441 4 345 132 870 424 960 515 653 23 654 833 823 589 612 219 497 659 367 328 99 897 981 333 33 452 612 588 0 850 207 114 428 679 13 459 146 914 593 326 353 817 359 555 546 906 893 259 30 755 259 8 52 975 31 160 682 304 119 560 196 722 471 701 257 501 365 514 148 743 766 824 188 638 813 90 908 683 273 786 629 500 265 898 548 809 573 539 823 140 66 732 566 608 959 471 59 298 188 
623 351 581 287 956 70 582 99 257 217 566 418 402 698 566 341 789 578 578 34 49 303 318 634 637 849 472 271 492 1 477 444 94 963 391 797 924 632 527 250 211 123 774 85 870 825 868 701 383 124 85 371 393 120 379 969 101 309 641 181 13 527 189 665 861 523 995 539 569 16 321 272 46 898 322 426 171 911 736 236 208 260 636 589 666 519 184 739 913 187 848 659 337 671 135 293 760 713 391 690 448 756 921 346 436 840 255 965 775 289 990 602 314 957 25 574 650 881 318 26 795 122 424 977 663 810 9 775 755 884 132 295 91 757 631 956 580 292 885 813 856 529 866 254 755 660 657 916 493 872 742 995 443 845 432 364 927 678 112 993 459 74 359 595 736 312 576 583 789 79 707 195 545 212 361 115 661 524 945 896 641 188 462 608 10 70 531 691 550 711 714 685 215 868 390 380 309 418 875 34 94 601 931 41 524 627 249 401 746 43 882 891 734 88 206 623 261 488 149 777 654 447 782 771 264 814 791 551 228 98 374 861 151 537 262 236 763 230 394 303 344 20 404 986 184 59 893 916 236 837 386 916 581 548 925 155 342 795 949 97 541 299 438 30 928 27 362 812 810 151 176 526 822 470 769 722 391 839 26 350 665 986 850 889 794 616 520 696 116 536 578 886 89 141 69 851 14 352 598 949 588 287 313 714 338 865 934 684 665 261 308 804 570 3 136 252 93 569 749 416 186 378 922 496 551 524 297 431 945 698 886 760 51 970 157 394 753 795 500 214 216 795 708 573 625 456 439 190 230 950 314 204 527 260 10 376 659 518 741 565 387 829 962 439 746 395 978 184 125 785 695 704 699 19 59 361 847 185 334 93 974 981 787 345 545 34 540 471 222 629 602 926 642 147 265 105 659 558 55 195 819 277 130 345 802 253 423 462 684 48 109 492 958 693 83 478 793 277 93 673 903 530 388 846 908 494 595 306 647 577 982 533 698 509 997 508 846 941 305 917 290 208 452 158 20 298 63 397 465 920 19 914 969 726 914 832 0 692 66 961 122 400 95 904 838 257 812 646 470 965 508 288 364 145 14 37 22 386 613 863 773 829 288 935 580 387 210 306 783 934 789 677 469 590 906 409 963 463 281 426 
55 946 150 125 47 361 1 159 537 528 599 115 212 770 379 41 426 266 953 294 248 170 476 37 10 784 387 956 963 896 573 820 477 117 826 529 224 935 114 852 233 801 204 401 233 551 855 181 713 351 239 44 619 79 99 458 178 295 11 713 262 147 537 914 402 628 479 700 749 580 231 878 540 67 456 375 432 47 560 341 701 407 119 453 530 641 759 973 876 681 552 241 470 528 126 914 625 129 269 989 264 274 758 240 406 768 574 245 800 94 128 96 280 465 584 188 948 370 958 469 143 238 634 705 830 707 70 538 337 590 43 99 475 72 861 876 64 300 985 885 727 526 177 169 120 83 550 878 745 129 144 233 393 414 413 853 902 947 467 522 86 203 27 969 673 678 664 960 596 978 814 912 90 128 836 278 745 137 619 28 582 386 193 552 182 246 219 864 956 395 739 94 486 648 18 825 17 851 262 51 774 952 688 324 331 451 253 935 864 233 32 908 840 423 84 912 747 981 27 436 230 216 976 487 874 106 679 1000 10 584 485 314 50 888 290 301 80 919 870 25 653 70 673 940 906 241 20 458 752 147 419 375 12 175 614 970 752 481 326 803 930 577 366 399 859 103 239 586 372 661 776 100 579 957 152 309 535 660 834 468 278 881 728 789 518 456 711 188 379 15 420 593 452 13 548 217 847 712 577 771 989 295 123 797 136 411 280 716 45 777 18 652 935 569 170 24 486 48 499 306 441 229 376 75 580 734 654 17 280 423 710 907 749 923 725 785 853 75 761 831 101 420 465 507 505 999 323 442 839 890 795 437 296 457 863 715 395 739 807 297 824 715 113 198 21 225 878 543 413 566 755 236 978 193 698 890 709 586 64 814 413 985 332 568 250 147 339 481 735 990 958 880 743 934 790 575 427 88 113 589 508 408 624 701 49 595 30 604 709 530 367 300 116 190 239 562 437 916 71 84 579 702 245 232 293 692 407 994 854 53 462 143 173 406 834 482 369 901 71 371 175 785 597 296 135 717 219 590 266 17 869 35 568 204 648 888 410 653 839 0 65 785 636 560 128 24 420 387 109 656 609 121 92 27 369 690 517 373 483 19 489 364 432 743 223 615 692 941 323 416 500 509 889 491 926 257 189 839 778 73 
6 492 1000 852 570 964 70 616 337 581 499 750 42 392 227 743 612 611 932 491 866 631 771 638 670 940 120 497 588 650 164 641 829 605 389 931 327 564 865 375 892 454 625 622 24 825 365 891 9 898 171 587 415 192 59 323 824 697 670 136 610 904 85 437 351 973 506 585 775 281 987 432 510 75 0 34 731 825 974 225 337 171 868 299 870 620 215 61 828 888 359 429 292 811 272 807 570 394 544 125 61 916 872 955 82 754 423 708 334 19 930 765 315 890 972 463 656 81 281 955 102 116 513 276 916 2 268 946 464 216 556 759 348 714 245 544 52 365 231 726 965 447 982 283 794 874 146 505 632 599 314 998 581 263 640 727 151 162 0 618 124 396 472 178 939 26 363 449 580 145 826 326 876 667 509 259 897 660 288 661 664 875 30 198 211 402 286 246 431 876 792 718 682 268 627 97 8 950 81 411 756 607 326 777 310 698 309 196 278 474 705 605 698 41 334 62 861 92 488 253 864 697 322 328 865 840 825 251 419 49 990 874 173 583 323 832 199 1 520 514 660 38 277 811 853 257 369 942 849 663 913 756 743 856 486 877 602 449 693 513 619 6 735 335 192 717 702 467 549 5 325 87 605 858 153 303 141 483 558 728 998 415 337 756 582 838 851 436 51 47 535 475 869 802 306 677 345 870 391 79 795 647 3 725 642 589 615 434 876 772 906 423 697 908 953 859 468 453 829 536 841 754 344 502 993 93 886 555 79 758 903 167 346 186 782 569 569 688 943 66 137 47 51 733 947 288 933 430 525 201 396 224 705 129 660 386 56 394 329 437 512 315 304 444 821 521 890 428 217 422 822 535 344 881 711 976 924 999 6 983 356 966 731 146 517 887 890 333 31 8 23 813 468 784 407 646 219 999 971 190 476 182 731 600 328 25 194 676 931 410 720 475 291 347 195 437 961 817 205 254 976 583 438 448 506 866 757 453 977 166 613 691 989 148 873 487 310 657 946 635 500 327 440 755 169 192 183 955 919 521 57 530 261 447 245 358 130 664 436 415 527 847 627 737 785 226 566 236 405 920 503 570 373 354 240 684 0 814 581 873 391 739 348 38 964 157 154 48 90 734 182 515 96 521 352 790 143 834 389 669 
961 337 576 627 85 595 131 750 662 391 118 721 983 718 229 589 833 56 588 750 749 916 973 194 776 876 293 361 595 485 271 855 298 528 536 720 753 704 503 371 624 166 113 609 772 533 818 194 240 646 118 160 241 240 618 597 431 243 117 36 704 48 820 213 735 639 138 583 233 348 432 600 259 357 706 200 162 927 365 573 678 683 632 820 357 103 301 341 410 326 495 179 922 939 540 643 216 759 521 932 936 425 885 801 639 941 825 815 937 129 82 491 39 922 313 27 176 121 191 411 413 195 700 527 893 963 514 816 11 331 828 473 904 69 80 406 581 731 967 393 984 910 183 661 834 265 887 617 37 398 445 87 724 889 894 961 741 587 728 372 643 368 198 928 940 597 832 801 956 465 165 448 524 637 310 364 908 732 351 618 277 57 741 281 160 98 606 882 149 534 664 370 536 340 431 267 752 446 168 343 73 210 709 155 927 636 683 601 921 753 77 472 817 593 760 612 728 19 86 335 333 90 546 708 800 521 835 653 316 138 483 189 93 16 741 288 257 497 137 293 393 315 879 268 175 165 700 124 543 809 130 600 827 160 567 303 295 379 656 809 486 297 505 655 497 739 556 913 457 810 58 798 522 679 101 549 140 167 13 825 278 474 988 12 342 244 820 109 406 996 413 953 567 142 893 759 376 140 942 690 776 571 975 477 548 808 454 975 913 489 135 583 365 724 724 14 432 65 394 504 814 492 731 489 73 794 389 533 837 527 635 531 561 376 85 659 227 529 743 239 501 276 687 852 534 813 402 139 290 481 869 302 467 547 39 481 702 743 387 837 552 85 981 178 128 753 921 32 494 769 385 963 437 717 468 814 674 495 24 701 74 434 392 215 206 58 23 412 769 650 765 978 967 532 557 359 161 957 310 17 76 59 725 152 564 979 511 679 170 159 617 358 14 279 42 689 380 649 175 300 109 663 823 749 341 869 895 418 228 408 44 14 765 350 274 430 481 292 532 521 75 471 573 329 44 726 660 230 903 813 438 783 325 58 861 276 591 227 479 555 414 468 38 686 772 104 754 721 699 150 833 161 914 721 576 555 523 289 379 353 200 595 185 676 181 254 720 883 924 772 95 262 349 931 574 506 59 47 606 261 
413 47 50 202 811 398 414 469 216 703 967 52 206 187 536 206 435 985 71 802 736 801 360 815 365 344 890 32 747 413 290 47 84 376 906 145 365 112 213 289 205 766 293 379 359 644 280 104 806 579 455 817 989 450 905 597 405 933 508 728 511 760 231 958 809 76 166 415 162 133 695 941 789 498 515 308 635 121 24 312 425 303 39 828 16 968 389 17 278 125 945 249 992 345 780 178 96 167 182 608 624 500 402 722 62 976 911 668 35 426 783 568 889 773 76 843 468 69 124 609 309 802 241 211 498 201 476 580 397 300 721 230 403 189 54 162 381 997 984 396 335 435 100 784 744 991 134 875 435 443 183 443 898 629 996 923 29 90 164 648 848 607 144 295 552 18 18 218 76 174 797 414 32 488 615 703 651 698 710 400 543 254 10 93 702 881 790 584 808 859 495 418 321 895 164 894 241 709 665 180 523 159 642 546 563 377 331 549 69 955 975 930 762 589 175 451 377 732 638 564 459 92 995 759 917 907 60 381 818 860 481 425 557 791 985 897 551 824 919 579 797 289 448 154 399 607 683 435 787 867 98 570 165 259 844 219 825 590 260 897 295 44 575 944 156 464 579 548 123 472 705 731 915 989 223 115 145 291 237 65 530 431 636 946 808 529 876 551 610 677 8 94 708 46 832 869 230 953 675 472 306 763 372 298 142 157 636 230 597 785 302 843 706 904 484 698 39 758 836 274 629 421 219 299 437 579 828 823 513 608 204 203 257 810 273 162 87 308 20 133 668 518 37 990 720 701 811 677 367 449 732 517 158 838 95 992 820 951 336 462 432 497 865 112 850 392 353 3 974 31 609 587 956 681 166 387 609 437 67 850 902 958 804 993 262 387 789 455 107 132 930 853 833 708 315 283 186 406 979 904 945 355 817 779 956 859 190 872 828 567 223 205 908 696 61 985 525 577 525 489 730 718 145 793 529 833 294 581 705 523 475 838 180 18 791 179 676 214 597 624 527 217 30 305 417 292 665 375 812 642 332 386 937 582 672 175 144 97 286 519 242 136 911 153 734 881 513 733 785 525 484 257 687 214 281 83 670 428 419 479 932 146 36 896 464 118 62 904 483 360 190 189 903 647 661 457 414 822 1 851 
164 949 500 968 967 212 365 554 348 471 886 217 372 976 240 863 927 454 599 54 86 659 227 209 366 292 14 204 84 493 250 322 125 544 745 850 364 995 700 58 112 30 464 983 627 182 934 7 761 978 888 79 752 866 59 793 264 818 573 338 746 823 635 92 762 693 740 753 731 351 508 816 338 412 803 426 662 67 275 617 152 817 668 994 270 250 432 773 996 490 494 202 224 104 371 850 313 161 861 232 597 311 915 354 346 43 859 462 945 48 141 224 998 812 669 769 178 316 91 51 998 463 158 9 787 582 354 235 740 367 435 575 875 271 867 674 248 371 296 23 827 650 775 366 773 488 190 150 968 656 893 827 924 154 909 695 16 440 122 786 323 874 970 850 121 853 148 933 902 789 272 87 358 566 526 827 117 276 949 780 705 327 86 390 772 58 450 524 17 647 560 256 563 212 667 405 553 186 639 76 538 594 137 131 474 463 155 152 400 390 395 560 873 301 502 144 820 416 206 114 937 313 472 138 830 875 545 539 100 424 833 554 254 121 233 457 24 980 190 840 482 846 758 530 886 573 784 420 525 503 258 568 681 855 23 929 645 599 299 628 184 53 948 983 630 203 705 41 560 36 466 829 534 882 828 517 548 468 38 529 219 339 748 618 850 747 572 484 115 807 564 178 123 165 179 4 492 243 568 21 564 402 602 384 695 599 718 453 533 500 509 389 4 170 91 338 23 366 169 866 428 934 33 347 355 310 372 448 586 466 303 227 165 516 179 524 117 317 78 893 723 784 224 844 536 970 12 309 731 751 946 249 565 647 546 83 352 871 195 104 234 255 353 145 549 790 459 701 802 528 920 708 549 535 586 87 874 124 805 534 1 623 928 701 802 856 801 804 927 671 858 671 73 455 778 921 427 443 69 222 463 940 10 684 909 531 900 675 218 804 914 391 382 318 83 843 487 867 209 196 390 833 738 813 760 77 220 707 580 856 316 361 409 502 4 331 32 763 621 271 271 710 859 475 760 512 399 406 344 56 382 323 333 963 550 512 494 840 979 727 323 521 666 209 896 233 515 1000 585 41 760 661 69 49 401 191 176 987 155 634 851 432 882 139 347 655 545 523 81 343 294 458 623 295 688 190 397 115 634 14 
314 583 661 544 898 385 112 108 337 782 52 483 520 806 635 451 284 349 420 549 751 769 25 591 361 894 21 522 202 607 49 155 359 734 748 821 217 837 745 489 935 339 946 595 157 759 481 550 884 676 606 494 960 373 897 959 483 623 636 559 811 557 157 775 569 767 154 170 736 409 78 461 919 16 986 632 515 926 832 66 357 516 228 1 474 86 512 519 586 147 832 157 531 88 812 612 136 923 471 412 477 677 966 479 515 91 79 84 173 955 446 827 268 972 237 19 889 861 289 296 930 574 487 496 200 778 808 600 352 607 72 343 819 244 315 286 382 363 558 441 495 961 396 19 707 116 572 698 278 225 662 450 982 492 790 982 16 904 448 663 711 965 279 234 538 546 269 360 854 194 594 727 875 997 450 866 303 173 381 308 592 243 719 76 320 241 367 901 814 303 963 345 388 173 833 358 987 679 152 544 476 608 553 613 505 225 61 410 109 519 500 661 472 666 678 240 657 671 640 553 668 155 543 208 325 39 323 316 441 727 564 682 16 992 886 471 226 631 676 847 820 78 861 573 471 993 657 548 583 138 587 678 20 757 700 682 133 696 501 758 329 746 22 20 955 268 391 896 891 384 510 645 358 765 160 437 678 522 117 374 543 369 450 954 2 330 50 455 948 538 921 474 37 54 314 164 653 894 294 981 735 251 689 263 519 761 916 53 192 224 696 940 385 868 918 999 770 275 951 984 487 507 437 482 824 57 880 428 751 700 706 251 258 8 121 427 729 617 102 863 98 15 210 599 387 96 779 783 360 417 546 418 989 555 270 888 566 612 306 808 276 272 817 607 750 571 606 334 917 107 824 220 689 490 174 739 903 539 31 831 553 215 277 383 667 262 384 578 174 325 745 216 523 809 349 118 363 372 247 250 945 332 595 208 430 486 68 216 627 109 312 957 698 299 841 291 565 394 194 307 666 1 988 830 318 164 771 574 129 599 323 619 852 412 995 159 391 728 847 330 62 820 552 838 177 696 114 934 487 324 143 414 598 420 130 550 821 427 880 857 327 228 618 828 953 84 587 45 34 76 753 396 515 54 11 379 806 563 123 382 805 563 497 302 752 137 349 763 590 292 666 826 868 717 887 725 727 116 690 668 
126732 123610 126585 116617 132367 121873 123544 132022 122474 120510 129438 126341 128921 120804 131647 126656 127121 125300 125792 125143 122913 120552 122643 127010 119505 128315 123325 124821 122432 125590 
