500 30 30
257 641 288 763 461 192 554 392 410 400 617 488 612 281 511 612 276 217 185 645 538 598 312 714 526 478 466 565 671 304 468 362 630 447 183 230 365 479 432 680 410 368 321 630 513 583 324 428 461 360 460 293 365 709 360 208 691 653 516 277 537 298 651 313 422 657 402 277 589 648 547 694 439 519 394 385 463 425 600 492 868 682 233 547 453 279 476 345 242 484 586 484 526 558 371 437 494 540 297 246 280 689 385 669 564 448 320 547 350 192 414 509 536 397 489 447 496 787 345 298 356 708 391 528 387 518 481 512 323 247 321 596 288 651 724 408 375 331 241 278 384 432 435 750 636 775 722 702 253 646 719 687 522 407 651 369 489 402 92 342 436 395 372 302 441 721 411 519 435 486 543 390 625 409 370 452 393 436 532 597 143 619 581 662 642 602 396 565 258 136 710 448 371 444 521 692 655 626 685 683 374 498 302 511 581 292 426 585 457 493 326 415 281 701 307 655 469 554 500 631 318 426 791 656 284 296 429 461 803 264 279 585 771 293 484 382 405 410 440 391 296 653 391 622 608 486 431 427 356 503 638 366 244 375 435 636 453 648 411 270 708 536 242 697 463 587 483 521 739 648 199 462 562 202 691 637 388 526 527 605 346 404 715 505 605 544 542 745 572 237 560 598 501 663 546 594 695 674 585 283 208 185 438 628 696 272 403 362 673 494 804 410 303 439 420 524 597 281 480 603 486 370 622 695 497 701 567 642 148 642 474 277 427 724 527 768 154 538 386 713 542 312 472 244 543 238 730 683 342 475 271 737 596 258 708 215 596 616 655 212 252 174 249 379 47 526 255 377 609 339 533 197 226 293 392 595 740 657 428 479 306 400 215 294 541 447 640 327 725 249 583 628 380 314 141 633 463 350 479 637 411 292 566 574 302 457 777 511 331 183 317 402 38 629 462 317 430 791 306 398 249 478 455 126 594 525 450 460 627 595 478 177 396 774 346 642 475 390 561 80 527 178 370 376 425 189 193 322 380 434 351 722 558 547 203 344 601 424 636 478 266 633 602 386 350 698 320 530 467 351 169 418 462 715 231 295 209 736 688 437 204 596 498 178 529 212 405 702 489 496 482 774 518 349 505 518 591 337 525 637 
317 719 300 590 145 569 118 627 276 840 575 153 210 923 676 757 854 687 593 976 913 74 877 863 338 423 480 688 33 582 712 164 316 601 181 61 222 263 259 446 810 753 353 670 283 654 28 595 561 118 373 157 827 768 738 425 272 812 343 706 507 680 842 496 233 827 146 416 332 475 653 814 381 239 716 277 788 412 295 386 191 88 439 196 332 56 408 500 774 626 539 476 873 874 53 921 422 237 977 576 381 478 381 610 974 27 111 79 317 567 278 332 401 254 17 652 907 371 752 415 750 26 876 53 915 540 775 864 306 837 874 741 264 631 19 538 107 477 475 388 614 199 809 919 381 904 745 60 24 929 825 785 639 571 41 540 106 303 168 950 149 733 919 319 261 775 174 893 678 116 16 28 344 243 680 68 701 565 375 702 75 496 253 356 954 293 371 715 604 338 962 553 519 37 534 694 108 837 951 637 350 408 661 31 697 883 250 451 464 861 309 64 140 627 385 998 581 553 314 328 27 373 611 482 825 956 95 458 766 225 950 248 627 217 684 405 715 856 304 941 846 353 593 611 524 655 840 873 410 951 733 412 446 153 300 602 9 635 324 947 882 972 802 872 85 809 234 366 429 681 729 928 327 536 388 552 218 470 496 35 167 718 606 440 853 742 780 903 625 385 283 241 256 821 405 475 140 149 346 642 96 199 607 469 763 771 965 301 902 976 962 134 422 254 18 322 928 683 996 434 760 918 757 859 680 837 612 386 513 71 234 936 122 729 48 676 11 121 13 787 944 628 182 944 815 128 244 19 344 144 460 675 111 883 337 835 634 867 82 525 459 111 923 394 373 679 660 789 70 819 100 610 401 434 987 530 520 539 130 931 155 6 411 858 908 327 32 408 287 312 965 172 842 435 621 902 399 242 317 640 940 728 673 882 319 187 82 620 322 159 709 434 947 236 355 414 225 699 730 25 493 355 910 200 366 150 415 94 210 626 385 189 229 648 294 691 132 926 131 766 542 293 357 648 151 819 289 297 204 150 199 648 334 965 364 607 503 526 970 808 270 590 32 683 617 548 936 333 31 548 757 112 107 877 97 365 960 522 248 122 295 697 86 675 41 125 737 450 333 235 669 862 729 678 156 36 321 795 690 616 
592 196 689 930 481 86 834 193 252 201 222 561 17 59 920 555 70 907 699 680 9 117 706 814 660 987 379 983 700 926 522 20 615 567 847 316 968 192 888 644 829 425 772 645 731 124 644 105 334 632 954 75 450 181 223 433 128 396 126 619 346 644 49 305 357 372 183 494 177 172 386 742 714 850 954 304 867 645 780 723 895 939 704 538 720 835 404 232 348 570 84 634 995 54 767 438 993 644 376 279 323 633 409 950 851 915 15 984 627 77 262 946 811 485 643 797 651 422 923 929 992 188 902 74 383 963 283 829 923 429 907 81 389 888 149 782 408 844 308 567 354 45 906 358 57 477 731 939 684 686 258 221 956 786 796 580 623 43 854 933 699 98 751 899 970 112 909 884 705 646 377 987 392 804 178 983 297 907 730 646 793 772 306 780 289 613 174 153 897 903 384 109 865 33 613 628 727 953 410 954 823 880 797 309 229 315 652 53 188 784 822 492 28 295 74 558 262 772 11 919 159 86 888 766 885 634 997 222 861 924 484 358 456 890 409 653 122 937 16 848 1000 204 527 343 44 200 987 643 602 848 12 527 736 1 263 217 448 621 367 759 413 241 843 514 62 805 781 804 629 662 144 784 535 278 559 957 34 670 813 402 191 744 144 825 724 760 53 52 625 36 754 145 494 983 846 972 17 537 512 832 456 955 18 325 744 134 964 920 260 754 968 949 133 917 873 717 364 641 449 72 480 628 151 178 56 702 734 101 151 549 468 474 74 376 735 374 267 221 215 710 59 435 515 835 986 70 693 931 127 790 220 286 301 7 814 947 587 815 858 173 217 857 6 522 260 724 270 813 200 770 351 96 376 865 631 588 232 996 828 323 628 591 318 980 992 260 30 972 647 441 219 972 424 958 985 896 396 127 552 33 96 30 141 742 154 365 139 247 573 734 536 645 253 755 807 347 450 100 584 61 405 100 465 26 203 203 523 571 940 722 549 97 194 336 385 672 713 886 744 526 867 876 567 401 994 2 398 627 26 415 756 382 795 945 356 535 138 961 541 957 882 740 181 351 189 736 611 966 446 85 262 183 962 335 937 63 145 381 916 732 760 251 89 231 131 600 531 211 805 383 151 981 56 581 943 577 700 903 610 832 
511 249 157 883 856 502 928 87 75 643 832 318 612 835 392 496 492 320 47 510 933 405 496 235 133 350 516 304 796 989 207 838 446 835 540 803 543 858 546 896 457 709 268 784 766 780 969 657 567 761 536 96 704 516 521 366 322 551 691 37 6 464 722 144 322 2 404 93 165 898 600 900 570 666 918 740 327 648 155 554 578 516 581 73 760 988 361 384 669 551 142 486 547 819 202 270 51 774 85 650 92 903 625 705 230 235 662 769 621 855 16 851 127 576 575 824 428 107 186 191 528 958 186 340 322 859 264 328 617 112 102 810 379 240 422 977 326 839 493 198 898 832 645 107 813 638 862 711 260 20 194 981 90 13 722 567 459 642 715 253 541 144 553 653 539 222 55 970 352 534 819 565 861 563 869 476 612 261 361 765 193 580 81 72 619 587 364 807 470 544 165 647 949 397 483 235 234 319 852 837 574 313 392 380 671 281 310 933 36 173 177 297 921 966 273 913 683 25 306 444 395 956 484 164 275 567 287 588 354 182 100 19 863 568 76 901 174 73 321 813 205 807 758 596 526 903 224 776 923 534 385 70 891 358 273 822 790 286 467 488 778 545 424 618 395 858 454 590 140 740 518 581 8 227 200 623 847 905 423 758 49 26 324 789 372 711 395 763 302 820 712 151 234 464 639 795 418 679 150 889 328 937 780 526 940 664 478 384 876 500 549 385 847 46 721 145 408 527 979 420 460 366 285 537 746 244 131 606 252 623 974 748 650 336 484 294 801 750 217 560 61 767 619 938 940 74 824 193 791 636 185 658 982 526 403 582 186 740 706 395 58 292 612 792 242 626 501 894 231 590 384 576 539 106 609 129 720 220 995 199 231 657 364 627 430 68 90 733 955 824 508 170 763 147 865 157 160 47 505 159 174 615 364 366 669 166 758 494 724 71 472 402 897 683 974 376 363 926 786 344 604 689 411 995 671 286 412 723 453 157 894 815 647 265 421 771 963 146 804 392 486 72 680 249 646 436 124 9 253 207 346 813 141 311 549 598 390 276 118 42 552 767 101 415 737 541 699 911 157 30 281 849 920 609 82 470 557 116 497 758 572 413 203 214 30 448 786 458 64 86 655 178 881 2 749 103 603 451 453 882 
675 356 685 408 705 466 632 695 630 474 35 983 401 984 205 129 887 415 788 257 214 84 879 403 552 241 567 151 712 634 124 987 629 441 313 45 897 594 88 605 553 814 411 100 355 760 79 351 89 2 713 730 127 804 525 269 829 945 475 886 133 362 960 508 356 623 421 791 321 114 626 321 239 993 561 653 193 214 666 649 394 393 450 204 467 953 442 464 737 596 656 70 475 844 160 468 111 93 65 40 407 80 535 937 518 346 684 10 142 58 990 301 556 948 686 137 898 632 126 491 682 690 559 214 187 223 37 331 838 988 796 6 125 415 983 526 680 66 477 434 335 867 882 260 246 420 606 807 228 883 184 760 834 810 432 30 252 44 247 840 705 68 431 339 818 741 322 904 700 592 436 247 677 617 359 222 593 273 122 624 34 146 641 725 512 788 947 749 30 250 397 181 32 571 746 205 830 82 479 327 10 917 16 896 145 221 317 395 411 58 946 586 730 796 633 748 725 777 111 501 417 953 673 280 900 827 852 901 881 398 799 331 731 584 938 420 90 758 531 427 974 343 517 286 806 841 175 699 703 944 893 772 614 202 136 507 4 644 54 84 228 514 970 892 437 153 186 221 864 245 891 942 473 481 540 676 821 458 164 196 368 242 292 340 427 677 805 508 800 917 456 1000 733 958 96 962 626 737 775 289 659 793 930 308 92 607 750 68 639 758 912 61 326 942 574 411 970 993 502 140 664 95 890 258 30 425 928 469 17 231 218 977 275 987 67 869 399 714 613 367 197 254 74 327 108 332 961 18 658 934 468 700 428 336 219 826 358 243 794 852 18 84 987 998 49 578 132 176 722 969 855 67 37 625 955 770 767 485 477 250 515 917 822 994 845 427 803 496 261 677 208 993 725 759 122 118 620 182 766 295 774 933 468 792 241 719 739 679 440 25 412 857 102 829 566 575 889 630 500 420 892 158 560 746 923 505 158 770 236 352 561 192 258 645 710 992 192 553 258 476 560 127 548 416 817 654 578 435 458 529 196 878 401 287 587 713 850 425 128 210 449 343 220 421 798 697 563 474 882 7 455 170 709 215 397 863 598 313 618 542 671 492 276 973 86 527 440 700 436 567 559 518 883 276 560 900 242 466 811 638 
608 200 155 905 161 802 41 958 524 198 863 376 568 672 620 403 10 583 153 29 600 836 13 670 467 206 44 367 822 647 736 780 736 884 829 872 644 415 750 589 907 28 65 857 646 773 139 759 309 22 867 458 110 384 543 466 503 358 554 460 299 953 576 251 708 444 830 937 572 830 597 772 435 995 392 416 88 514 242 688 496 348 145 492 31 450 472 834 529 587 776 100 815 111 908 765 267 735 158 475 586 448 917 43 869 924 659 159 301 167 600 968 313 698 657 844 578 522 382 757 224 453 350 416 972 938 499 392 765 477 157 70 479 149 775 137 503 574 27 237 847 789 615 965 186 679 188 736 118 873 818 117 805 149 30 742 825 265 918 798 90 327 586 281 266 364 267 312 475 106 72 705 510 987 253 409 234 996 706 833 317 862 660 385 326 571 910 927 887 172 461 5 435 877 318 646 651 309 216 487 992 847 250 901 760 154 906 850 257 56 522 543 918 329 747 624 149 245 39 259 356 364 456 398 135 582 105 211 794 753 248 869 334 293 360 367 758 465 304 737 823 436 829 482 962 435 416 724 704 870 808 538 354 257 494 954 758 370 882 698 776 247 945 332 854 109 387 393 121 113 901 575 805 111 235 546 639 124 35 3 265 307 722 772 224 353 128 471 16 266 162 337 131 128 691 802 438 591 658 937 920 145 650 994 681 458 459 303 63 659 236 303 872 823 469 176 230 175 709 414 389 765 337 569 621 283 367 336 352 506 918 240 147 321 766 755 237 324 103 296 569 16 146 590 707 383 313 480 628 24 855 535 197 764 983 579 157 616 581 583 395 486 255 519 483 490 498 138 328 885 644 583 949 796 389 961 724 589 701 619 826 526 140 714 601 558 251 757 876 352 741 781 439 332 941 428 366 284 54 855 882 558 213 427 683 78 623 337 945 209 194 273 689 321 708 959 296 844 709 240 832 963 750 299 429 547 823 136 86 581 210 442 900 390 48 67 172 262 230 228 4 409 463 561 768 64 665 334 50 789 575 140 307 8 9 97 379 267 934 19 458 120 933 27 684 62 806 721 39 534 395 275 68 64 597 349 839 499 145 799 239 425 407 777 499 527 414 191 147 29 649 661 682 114 760 329 612 493 486 579 
596 859 30 710 378 675 564 243 598 619 548 601 543 721 646 215 834 185 660 29 124 73 994 694 486 869 186 966 667 468 505 579 843 223 542 125 12 917 444 828 429 736 4 654 411 276 916 726 887 589 173 115 310 270 871 886 678 937 508 377 369 170 623 863 468 697 372 936 588 395 964 129 941 944 671 461 202 627 184 326 995 203 870 777 473 428 600 285 363 421 750 825 79 487 784 784 151 602 223 686 97 583 965 680 660 357 974 581 276 13 299 774 876 740 474 7 758 756 311 914 796 209 200 472 923 940 275 207 189 577 297 513 67 425 703 994 340 639 64 240 833 771 756 504 476 232 663 853 75 861 82 7 921 278 641 300 175 984 33 970 405 279 288 144 562 496 777 23 884 5 126 948 145 940 933 227 658 494 918 722 714 56 337 771 906 547 658 191 642 244 874 122 775 915 388 203 23 540 972 999 421 688 840 651 324 960 84 94 278 358 678 152 498 52 918 157 839 329 795 543 436 975 725 919 963 478 359 833 960 470 416 826 301 471 918 43 19 440 345 771 112 209 952 501 324 425 775 95 497 879 395 189 509 138 931 665 89 975 919 612 655 365 117 688 494 690 31 21 717 155 734 360 857 750 476 491 158 760 973 951 647 78 763 18 886 324 716 800 730 502 52 938 995 474 498 441 495 698 420 1 978 50 913 711 199 166 946 432 42 969 759 374 209 53 3 276 429 293 415 812 148 172 8 37 172 676 560 221 184 398 516 296 666 700 427 646 980 728 161 998 86 667 958 453 791 948 947 572 4 742 13 860 297 112 529 259 987 556 254 604 433 479 321 576 254 154 931 734 263 957 114 987 476 638 578 18 993 996 458 874 618 767 606 386 585 539 392 317 774 329 877 910 266 412 561 338 980 555 730 215 800 460 61 488 236 67 971 110 336 676 897 974 583 631 706 269 106 380 100 747 175 915 605 666 932 221 460 670 926 520 776 377 800 93 521 253 388 305 904 281 258 557 887 792 748 998 936 132 413 956 190 214 437 99 494 914 134 715 44 323 11 528 364 948 389 33 47 91 869 104 490 755 193 918 781 72 799 701 569 809 979 530 694 204 112 368 15 364 496 718 295 571 227 299 976 864 153 703 151 704 
384 921 256 36 724 664 499 685 266 507 220 106 499 223 140 102 57 611 985 10 330 909 229 581 335 114 665 805 899 616 144 853 940 76 612 68 660 178 153 97 980 584 922 345 357 402 623 348 734 115 636 282 172 912 128 649 237 260 674 195 819 531 835 426 921 592 308 307 263 397 654 131 845 501 355 52 625 987 896 509 913 105 311 125 247 976 998 590 839 122 817 434 98 529 528 670 480 893 48 649 951 344 411 666 70 762 543 196 64 451 815 979 665 972 235 924 698 828 416 422 188 555 631 362 606 937 791 427 375 804 346 733 363 987 95 16 701 38 157 26 656 49 427 277 134 740 512 37 660 516 381 679 564 280 692 563 673 939 455 360 904 852 664 409 595 919 108 779 628 865 518 228 539 54 349 515 72 370 661 105 656 641 230 27 159 720 759 364 778 200 617 261 738 662 43 804 663 979 416 917 738 20 58 3 840 289 621 164 999 758 547 440 195 51 259 24 166 163 705 71 161 935 100 49 781 97 170 949 39 560 179 516 831 374 856 759 375 130 386 58 44 662 682 98 478 145 796 520 384 370 818 426 678 913 761 934 849 885 150 926 884 605 591 257 939 272 105 344 345 738 213 84 638 781 225 111 162 643 896 489 684 733 961 455 714 685 720 18 526 923 431 717 812 539 642 645 239 153 645 886 476 57 6 25 53 512 681 487 286 514 416 500 709 810 951 852 35 588 593 767 469 811 340 588 897 409 749 310 441 697 963 489 418 814 92 490 329 586 738 210 418 45 171 249 240 564 180 826 635 509 723 699 173 12 390 777 130 975 663 13 563 449 660 928 970 289 368 984 882 736 660 8 278 541 779 256 598 656 687 794 193 353 791 231 438 926 669 197 192 854 865 34 460 889 216 29 924 779 226 297 201 796 894 48 275 625 350 401 408 385 161 682 77 575 901 604 904 122 681 808 521 141 563 853 596 127 991 519 992 667 554 118 541 302 1 244 39 402 492 692 133 212 170 91 880 183 724 184 515 567 273 10 407 21 533 470 668 982 992 173 879 818 503 727 766 420 652 18 124 599 311 425 77 3 394 901 344 970 893 164 520 165 246 411 665 925 742 781 282 667 876 441 671 415 490 764 812 257 705 700 
537 888 477 792 312 93 160 664 207 743 840 96 773 989 208 899 263 606 727 273 48 568 642 513 914 426 426 693 687 314 822 664 974 566 86 345 518 915 677 212 356 863 724 660 436 207 950 34 625 831 751 796 181 701 939 327 143 372 488 106 936 802 387 728 587 176 572 227 448 837 800 817 135 241 738 824 740 762 377 888 632 689 575 21 969 785 295 25 814 789 116 419 709 22 362 914 985 47 557 176 156 929 499 495 112 574 570 220 454 158 273 973 850 283 991 747 237 709 654 728 536 763 478 944 464 752 585 295 927 290 466 518 772 362 388 469 544 573 635 303 488 372 301 849 769 733 55 368 183 223 535 532 676 401 541 281 728 400 544 312 933 106 218 943 264 5 427 477 70 270 918 659 756 779 542 211 100 248 782 866 9 554 643 278 753 660 770 462 102 309 145 987 139 174 998 33 134 900 529 462 626 482 131 927 9 924 420 37 779 51 757 355 58 555 26 12 281 214 357 806 256 223 866 17 209 262 718 894 495 487 182 807 764 40 714 875 607 750 238 45 359 151 524 769 442 485 147 759 387 287 293 763 936 55 836 74 423 619 858 60 996 373 522 946 260 329 906 630 446 137 485 629 150 339 426 174 113 301 583 287 496 958 299 603 957 116 598 574 822 349 89 356 892 566 333 981 578 52 212 146 726 598 225 923 386 727 768 456 96 365 790 572 646 20 359 496 671 655 41 141 133 34 116 735 207 779 510 993 407 394 327 269 488 349 937 577 754 445 654 632 717 437 871 333 335 815 488 432 574 319 469 142 468 349 674 507 109 355 597 575 586 626 53 904 611 5 215 677 398 634 684 542 146 444 43 500 818 778 664 996 394 925 761 923 699 979 229 577 999 807 252 525 179 269 380 316 279 814 296 56 846 296 953 386 622 482 938 976 199 818 660 669 4 224 519 267 619 398 275 209 419 46 545 620 938 930 796 663 212 729 535 522 155 142 54 724 921 816 531 177 110 170 751 217 43 600 381 6 242 862 36 491 683 688 893 612 303 233 359 626 274 869 466 324 532 741 146 476 196 109 448 190 568 615 471 305 758 606 939 875 970 946 770 639 478 982 127 997 171 51 83 317 330 218 202 988 640 140 814 154 
365 730 726 385 348 419 317 189 704 961 898 124 194 242 459 460 260 344 960 943 125 879 248 672 619 233 503 251 66 708 210 862 190 910 984 568 610 470 120 717 734 554 74 743 762 127 655 892 326 357 448 666 205 158 168 683 381 234 776 56 615 364 982 295 270 818 20 525 970 135 906 865 313 208 931 398 906 529 104 926 810 773 599 54 371 719 649 774 768 12 310 861 552 44 41 815 741 789 211 550 36 566 265 433 210 380 348 31 387 158 580 681 618 513 228 507 575 571 996 657 164 455 505 793 294 237 260 533 580 791 117 380 568 4 213 581 728 925 14 795 348 513 124 871 797 664 568 633 154 113 8 172 97 924 408 260 480 447 79 760 833 33 409 495 783 168 871 61 547 171 569 818 157 639 807 567 395 178 499 15 202 225 54 519 96 410 716 645 206 497 665 330 854 50 408 352 816 867 551 752 883 543 996 668 102 370 894 200 68 480 780 983 201 340 694 953 832 74 469 6 488 227 451 505 602 851 546 613 563 924 597 360 793 937 928 730 695 322 217 27 545 162 516 72 854 674 520 164 977 243 890 678 798 798 365 70 805 307 134 455 304 716 848 948 867 879 645 754 369 662 336 433 857 679 227 561 90 993 387 358 579 181 548 436 297 617 134 474 799 763 133 494 775 634 410 707 75 836 771 76 778 806 74 624 107 423 80 171 987 852 416 641 223 785 891 338 368 412 679 219 457 194 383 858 705 622 416 119 384 901 345 402 500 27 288 705 241 491 588 135 315 584 454 475 99 119 15 342 779 160 720 706 793 745 603 346 436 945 197 94 907 109 520 19 798 76 25 68 739 74 679 659 601 79 383 382 401 414 663 457 826 693 240 159 289 959 162 808 842 578 415 833 754 889 327 351 928 794 439 537 687 69 624 928 989 241 344 8 464 838 692 363 189 90 720 394 336 548 772 763 179 122 695 665 414 379 983 102 299 500 336 456 479 539 112 567 383 293 980 130 160 424 837 485 772 447 368 355 94 929 328 475 925 656 692 508 680 811 512 183 773 602 860 65 810 949 711 710 71 475 425 580 434 443 715 221 400 949 960 578 796 381 71 951 249 581 791 411 647 655 354 484 672 293 117 964 984 930 101 238 
102 44 80 550 68 495 358 484 352 795 231 191 48 889 121 641 776 312 408 478 251 250 364 635 235 13 9 345 73 282 377 703 675 111 377 129 616 653 142 90 132 970 950 682 460 300 782 503 49 353 223 709 733 329 975 478 926 57 400 456 757 206 748 169 446 37 708 459 773 389 90 903 628 9 612 130 479 935 165 939 836 921 643 160 403 103 35 59 898 969 956 976 557 69 533 676 527 197 800 276 3 342 107 226 257 464 514 745 161 209 335 627 825 88 341 551 183 409 271 476 221 310 67 107 991 176 469 471 950 56 805 982 842 784 745 341 49 208 680 558 330 546 700 920 161 173 788 658 992 489 524 959 961 727 158 480 725 462 172 316 972 325 909 496 435 460 667 503 30 129 166 960 419 699 547 914 210 816 186 848 126 519 50 21 333 117 148 14 958 568 138 178 767 804 94 402 692 977 186 944 143 666 987 937 395 355 813 449 726 674 461 619 953 74 216 150 777 463 686 527 963 997 974 464 737 774 73 876 903 880 726 175 556 43 728 599 602 907 81 342 452 954 341 826 610 666 503 810 421 997 756 889 314 957 937 864 201 835 517 149 123 112 358 846 358 36 933 651 384 610 513 847 820 648 52 148 607 440 343 905 314 504 998 869 197 57 931 272 936 137 204 119 16 553 803 883 323 671 945 622 461 657 987 965 951 765 312 627 994 475 975 851 494 783 155 291 331 304 971 794 404 851 99 504 319 716 893 192 221 825 837 934 89 407 424 975 419 169 874 893 426 252 56 40 387 723 164 644 276 411 954 44 527 926 437 850 534 585 340 883 971 92 945 68 133 620 695 295 954 667 985 476 327 954 122 72 944 227 992 702 664 721 656 848 912 636 480 363 543 239 503 581 949 152 101 632 224 993 17 620 811 459 622 958 730 630 357 291 733 216 873 370 432 979 37 236 623 269 989 540 529 462 623 583 988 236 168 826 602 854 254 622 862 690 329 284 969 495 288 16 547 161 765 680 122 632 632 985 412 896 452 5 980 439 283 463 838 56 275 746 579 234 149 948 971 359 609 759 222 469 628 777 400 623 196 952 280 761 857 383 951 909 156 511 993 289 21 470 477 181 509 8 4 797 95 688 923 483 1000 45 
200 105 664 845 230 105 888 938 825 381 546 622 905 949 654 864 198 996 714 132 568 426 759 124 331 376 828 209 956 93 531 631 223 354 102 467 892 735 359 910 749 908 409 174 624 976 458 1 69 17 357 185 695 392 177 734 90 738 268 318 768 309 733 365 915 641 292 100 234 890 858 803 581 927 39 719 846 964 111 450 613 440 124 573 666 998 875 765 576 283 910 336 206 500 164 991 205 253 930 713 25 729 664 379 687 189 372 913 835 443 190 99 446 520 536 752 745 948 532 811 229 348 435 488 646 353 881 773 860 879 130 712 487 501 554 989 277 615 527 156 5 493 999 196 256 913 993 849 349 195 789 287 489 437 634 812 313 805 204 407 487 446 114 250 766 165 568 112 94 524 969 56 229 977 338 44 268 748 78 274 885 779 550 200 173 453 181 789 958 880 948 644 465 210 754 456 229 306 241 822 722 405 345 428 300 8 806 845 313 248 184 642 913 522 518 920 632 468 858 339 716 848 962 830 775 900 36 432 932 451 142 781 49 913 881 370 1 784 500 158 758 574 655 544 217 499 590 173 58 723 401 663 949 535 822 204 706 876 590 259 387 520 567 246 804 104 215 416 268 292 475 598 813 821 411 550 269 99 998 512 947 857 588 399 472 85 135 829 387 432 928 993 259 146 844 370 17 739 867 80 29 762 124 679 526 717 555 434 998 269 397 386 867 447 145 468 254 121 238 363 249 267 212 898 970 281 796 127 794 210 471 848 829 282 263 967 711 927 767 486 251 966 12 65 226 468 912 925 21 355 267 820 28 474 944 518 330 892 744 318 78 307 73 954 507 653 812 928 794 515 681 200 332 704 563 182 737 832 611 644 655 284 317 346 836 624 813 69 370 35 40 639 118 529 66 604 518 530 346 616 37 480 735 50 769 243 497 193 183 316 840 168 723 652 285 907 553 610 82 510 346 14 531 610 232 1 25 447 312 585 10 913 706 222 322 250 474 965 63 450 420 399 848 553 249 289 563 296 132 338 201 779 131 919 98 111 814 789 335 411 257 507 212 825 441 774 409 689 120 969 237 129 376 730 994 62 481 46 271 737 132 40 727 555 891 155 812 382 558 589 100 865 175 304 87 953 952 407 382 303 
297 901 27 998 284 589 519 401 820 552 328 975 649 650 335 957 644 148 315 255 770 568 231 151 580 998 804 257 257 721 503 468 519 497 400 721 982 958 79 89 889 993 151 648 619 811 111 387 933 874 509 922 522 222 826 126 438 936 491 289 442 557 916 768 521 973 661 18 848 455 674 781 232 105 883 989 282 488 24 147 686 91 491 167 28 56 90 86 639 707 611 193 133 851 878 67 728 867 537 736 329 632 487 182 385 871 469 822 951 124 386 359 824 346 692 134 738 670 346 302 62 458 821 241 865 10 829 669 786 496 326 549 713 440 511 901 268 363 349 98 776 556 692 277 649 732 505 790 474 366 96 560 740 418 577 297 639 842 17 854 961 966 49 256 824 999 689 592 25 134 691 595 215 794 551 438 995 364 818 1 134 82 189 315 927 533 294 49 597 20 641 877 811 164 997 248 631 830 311 352 25 823 694 680 795 14 683 122 77 671 854 453 917 458 121 71 801 835 190 848 421 455 479 740 514 299 488 279 333 389 311 253 787 855 591 385 349 23 223 513 799 103 726 196 96 229 267 235 993 371 974 568 630 924 256 650 238 59 803 923 738 298 737 343 55 669 574 493 83 101 420 844 825 660 418 868 13 140 348 497 591 509 625 744 48 370 279 790 69 754 22 421 494 584 823 414 725 26 866 990 207 625 170 785 204 357 106 470 318 262 804 983 371 866 613 503 571 441 498 858 553 410 720 766 785 668 375 466 453 933 956 915 303 210 481 753 206 762 997 595 266 139 882 335 798 145 675 31 935 882 746 988 920 603 203 148 635 680 617 475 48 718 828 899 725 569 776 371 793 764 28 961 417 948 479 863 22 531 275 942 413 909 502 293 860 996 340 816 141 612 887 929 4 494 729 935 201 349 56 241 612 266 703 113 867 32 139 928 189 527 212 374 116 137 359 630 748 733 198 610 702 159 167 988 43 156 405 144 993 135 272 242 768 421 949 723 89 672 53 331 826 957 943 125 996 582 557 829 417 47 639 498 558 417 322 324 341 153 629 700 439 142 721 390 51 236 799 751 321 779 990 310 453 358 27 52 541 429 448 931 617 418 792 272 253 651 95 816 456 948 676 908 945 522 811 748 711 968 940 357 
181 969 670 154 743 658 450 139 311 797 567 720 326 644 744 852 172 524 343 858 941 558 544 200 761 596 134 822 682 423 166 221 52 491 389 591 358 959 762 730 475 438 259 956 207 776 152 982 233 637 874 280 805 782 802 528 438 83 393 626 358 964 459 151 926 993 90 557 116 992 11 225 735 273 819 607 612 715 632 302 966 989 536 892 975 740 209 44 833 104 405 850 282 197 836 314 331 594 134 500 824 499 975 920 869 158 889 385 581 847 832 507 202 981 128 244 67 33 95 188 408 714 634 228 759 50 808 240 404 510 992 308 442 240 460 935 725 116 987 746 611 108 895 655 77 484 795 866 921 349 746 528 397 906 191 402 11 772 920 280 584 430 482 149 155 295 539 286 757 803 49 818 884 985 230 929 335 698 96 492 298 390 250 456 175 535 301 522 416 322 212 145 847 905 602 630 65 761 11 277 422 44 589 777 810 518 277 336 257 64 937 371 180 415 657 492 118 393 836 485 109 749 451 677 313 959 232 569 502 286 477 876 553 366 837 702 716 996 667 14 962 885 635 191 473 461 813 748 210 441 779 395 146 652 974 770 102 713 597 293 713 533 33 106 285 930 65 955 618 258 369 153 874 402 625 384 768 355 62 463 740 575 763 796 503 879 309 218 943 527 337 337 402 22 735 585 826 295 731 334 221 233 543 842 257 22 985 590 881 470 478 167 834 785 300 280 149 367 552 635 866 88 972 983 729 218 206 360 688 957 169 153 987 560 916 762 679 554 676 729 549 200 699 50 158 306 549 879 971 531 526 230 745 324 902 485 775 440 799 462 223 349 828 930 230 736 409 183 548 741 770 625 962 489 557 362 751 999 15 833 544 108 784 107 755 28 406 541 842 25 129 892 856 767 571 163 789 736 510 970 809 960 755 614 538 831 454 13 653 130 386 126 134 154 446 426 145 695 876 357 156 860 78 171 314 210 607 322 424 624 434 115 13 522 230 544 76 741 980 437 281 899 926 486 997 203 359 476 233 454 890 118 164 849 788 945 397 78 560 856 47 481 662 202 248 907 675 399 368 49 296 728 353 673 82 80 539 881 868 367 413 368 598 216 466 217 363 455 513 404 166 189 331 171 170 407 210 996 452 746 
126 835 57 807 895 684 647 358 626 60 348 107 379 134 569 19 655 204 245 838 70 459 40 721 99 108 198 266 131 836 335 291 55 731 880 954 538 405 828 439 576 931 673 530 437 150 18 407 9 833 64 516 853 611 215 364 398 263 249 907 84 644 213 16 473 458 717 41 914 172 947 186 399 470 209 59 195 451 738 700 194 680 484 810 717 165 66 934 198 617 860 818 212 803 85 883 462 448 944 300 567 255 202 209 23 670 357 246 795 3 705 962 169 106 435 864 286 361 619 527 691 172 758 847 963 329 601 522 789 220 504 323 42 561 441 322 366 842 12 467 991 942 7 697 742 790 339 950 560 302 776 215 219 784 241 665 857 712 55 615 374 78 606 294 490 695 394 86 37 83 567 457 837 269 147 457 481 892 884 164 75 796 89 278 120 788 99 842 254 301 855 512 130 111 650 989 367 667 899 501 29 504 446 314 999 223 438 466 643 661 24 729 975 52 456 972 881 840 852 232 819 386 58 846 656 422 603 312 433 117 212 80 861 770 568 492 140 677 144 924 403 593 205 463 173 981 723 296 750 613 53 125 287 422 600 153 239 436 162 222 824 924 703 309 205 96 350 273 69 366 640 774 393 39 372 5 956 824 547 460 591 98 518 327 233 498 529 17 321 592 54 577 676 296 850 885 421 483 240 63 592 266 183 706 701 295 268 890 380 60 999 415 260 536 791 312 4 173 76 462 637 419 505 824 502 146 85 248 862 177 182 863 663 986 141 846 335 282 367 248 341 801 800 320 302 254 984 374 85 872 282 256 772 924 233 234 349 321 650 278 495 285 615 266 233 533 65 68 527 167 403 261 576 328 14 80 948 597 632 402 965 186 371 607 300 667 223 745 337 302 199 135 815 925 244 222 630 852 852 218 430 671 840 779 123 89 888 808 653 156 607 644 509 643 215 235 487 529 490 43 194 736 269 187 472 465 805 276 950 54 278 121 187 529 711 704 96 699 248 358 260 147 975 476 116 172 261 836 284 637 11 785 184 440 275 241 802 362 761 100 433 884 534 810 558 565 8 837 678 174 99 795 366 499 366 98 258 637 141 314 99 208 562 380 644 165 283 387 363 87 841 190 552 21 389 595 831 316 755 35 
357 467 796 695 492 227 605 302 247 533 833 316 796 937 414 898 749 527 466 152 637 432 37 170 922 82 563 461 678 942 471 280 462 161 337 75 847 596 851 8 699 292 495 468 392 609 105 236 211 847 883 807 327 670 836 720 927 546 120 136 764 850 173 381 391 776 371 925 326 957 457 728 303 747 96 832 894 255 896 418 582 612 4 602 56 161 759 184 559 597 235 324 904 464 909 810 618 1 890 750 49 911 575 566 586 665 555 754 230 996 86 756 254 943 414 991 907 48 822 193 114 820 37 473 138 529 990 559 150 924 69 494 824 377 85 754 612 678 906 16 784 967 233 994 156 127 41 176 645 723 536 277 961 966 693 471 194 340 457 516 603 568 429 844 612 524 130 579 285 659 522 147 628 552 626 932 54 925 532 331 728 203 446 555 771 188 92 486 256 210 614 697 897 589 138 466 899 607 119 459 349 808 734 652 522 760 121 962 790 424 576 377 834 679 56 738 56 805 698 589 429 234 797 406 25 812 475 231 791 130 724 936 317 332 444 9 219 310 997 371 507 952 813 906 565 735 437 900 168 842 391 902 271 292 69 842 817 532 905 291 615 150 880 612 76 767 205 907 86 243 871 273 958 934 226 791 976 204 391 703 227 418 394 216 800 353 527 799 643 374 700 701 155 42 252 213 49 122 985 778 251 150 551 603 893 266 448 110 580 166 211 173 730 125 116 602 487 864 762 892 710 665 83 31 652 431 536 61 735 36 327 30 762 871 412 960 210 706 759 152 807 556 228 924 939 188 309 806 189 594 631 400 299 437 391 359 496 492 923 834 235 86 192 47 123 103 791 2 572 489 15 717 547 326 32 701 960 767 372 82 288 94 486 661 760 51 304 671 73 186 870 805 654 247 188 421 527 22 56 511 19 708 791 580 375 445 176 304 504 652 818 895 322 701 175 601 751 875 685 229 918 24 97 838 473 895 266 24 84 587 838 329 591 397 703 191 91 432 12 198 51 574 343 454 746 302 113 277 998 604 280 738 791 70 51 693 243 111 795 632 668 614 498 190 704 756 89 277 415 128 387 133 922 426 219 173 776 802 141 338 71 638 407 182 140 869 749 418 52 606 487 300 535 632 428 423 311 384 91 542 
755 388 182 990 508 274 133 981 12 424 435 790 841 82 338 218 870 820 631 957 596 261 238 294 163 256 284 717 971 281 270 361 512 317 469 9 40 814 653 710 46 408 362 466 21 367 690 244 572 340 241 846 339 892 287 853 953 887 449 582 779 920 834 928 701 874 423 789 752 677 693 8 391 11 859 94 857 165 959 405 758 860 778 981 122 945 523 192 298 940 340 891 906 869 102 569 866 35 877 988 555 431 115 427 478 344 54 458 207 13 57 53 164 133 547 314 320 806 481 273 509 383 636 412 357 398 275 662 935 793 999 925 826 277 360 799 267 768 410 470 694 383 7 516 982 694 43 229 149 27 274 726 50 737 747 433 213 950 200 253 60 459 916 208 315 583 516 628 566 658 816 402 854 914 714 866 556 328 28 629 361 791 966 1000 913 770 110 906 91 594 607 904 850 594 789 340 848 883 86 698 943 247 728 350 687 414 194 614 991 441 60 316 852 218 965 680 475 104 664 607 446 340 334 381 831 613 42 419 552 651 383 1 887 710 97 538 570 324 646 554 6 388 427 680 751 133 326 628 334 846 375 207 342 364 638 429 221 413 826 131 627 223 438 736 340 615 373 14 718 19 615 149 313 375 914 243 560 688 218 685 780 649 940 900 843 241 118 304 227 441 327 526 114 638 861 849 936 243 497 953 114 812 293 142 848 626 337 811 89 505 457 131 788 491 551 309 390 483 559 934 978 465 222 10 819 105 906 259 994 961 216 357 352 646 751 951 163 150 240 858 449 379 506 758 22 596 967 113 957 235 321 759 752 734 458 49 696 231 709 861 59 386 232 352 328 633 942 502 339 506 735 678 361 731 174 334 371 507 141 354 130 576 947 195 359 352 9 537 696 24 288 760 825 453 50 660 8 54 698 701 839 270 357 160 847 923 453 835 409 16 825 662 260 987 558 866 222 669 44 891 915 661 73 341 982 883 134 359 434 357 499 658 351 339 978 552 237 483 910 981 634 772 499 567 75 883 226 372 525 824 67 423 681 21 73 122 369 411 515 355 485 157 936 230 251 625 432 998 930 570 298 932 997 903 442 651 72 81 599 825 836 38 773 37 466 617 479 208 50 94 186 678 577 238 250 250 371 591 813 162 
166 48 713 127 674 87 126 859 353 564 740 776 483 249 659 997 47 592 828 840 545 771 403 953 966 17 792 756 464 485 482 604 257 182 899 680 993 327 361 495 96 716 58 755 715 481 949 159 735 330 72 536 758 298 453 396 212 613 99 765 272 572 830 12 819 867 247 750 507 100 913 456 12 858 144 801 931 77 666 971 682 312 506 25 122 852 121 120 484 778 515 805 925 971 210 130 541 240 262 632 222 512 815 996 653 709 704 393 523 93 795 9 648 722 612 11 451 856 919 523 716 201 568 612 542 515 6 294 414 764 327 672 532 611 595 500 412 158 552 989 339 674 352 673 393 375 443 406 787 55 926 134 454 970 433 130 163 355 634 504 806 608 243 420 356 532 812 640 215 492 152 323 147 516 616 490 822 559 242 170 90 512 183 609 313 108 863 279 53 963 469 815 853 875 386 869 998 731 523 984 832 704 617 36 636 793 364 814 838 891 359 398 310 236 994 659 446 271 26 259 627 292 688 877 763 301 316 60 987 145 815 691 102 649 171 281 252 539 868 123 721 226 259 700 552 626 926 894 611 52 969 173 292 382 427 232 121 23 704 703 538 29 970 283 169 119 918 952 597 34 199 723 287 52 822 195 377 562 580 745 874 210 389 407 610 520 389 482 741 648 103 487 322 424 370 871 249 611 378 618 958 341 391 44 192 26 39 674 800 477 516 236 602 906 326 552 133 82 7 353 585 649 713 844 165 385 55 926 167 949 414 663 848 613 505 344 397 204 551 443 525 587 94 518 771 467 3 407 795 461 441 935 148 433 845 950 651 825 403 746 513 195 538 839 465 481 872 5 700 577 110 12 176 658 169 337 893 621 222 518 62 296 418 370 999 41 228 653 514 599 516 754 489 48 144 714 931 665 546 772 439 537 115 639 138 245 326 27 320 801 964 939 244 851 627 699 312 984 166 849 947 187 994 733 598 369 270 760 589 366 384 446 325 413 847 18 178 449 716 54 477 71 560 631 951 335 788 786 265 639 146 106 831 318 471 292 648 424 301 265 239 639 970 953 606 396 466 895 55 624 685 704 323 894 984 835 638 580 348 391 409 549 537 736 501 503 73 168 56 181 572 884 833 789 383 582 67 919 779 148 
915 442 375 858 194 438 861 997 290 897 324 331 600 730 51 258 749 575 193 919 772 471 228 859 547 671 504 213 634 509 707 706 894 126 658 293 962 272 926 542 273 686 924 11 766 759 584 474 288 845 950 466 358 62 597 565 14 925 941 86 5 630 818 169 582 916 976 839 803 363 565 870 949 828 388 506 139 987 375 855 52 250 265 857 141 427 351 425 17 744 565 33 715 683 792 185 725 837 191 225 502 615 503 125 829 522 987 175 560 863 545 616 131 205 786 732 825 366 577 769 332 336 513 477 604 700 724 306 289 464 503 235 146 565 423 659 417 289 490 274 404 2 629 719 836 910 961 787 650 685 244 739 655 692 649 204 121 880 55 596 700 926 306 781 894 453 579 800 369 896 624 115 119 188 276 562 935 886 429 614 929 523 664 617 370 660 404 125 712 127 872 327 533 598 22 367 981 382 876 852 566 895 687 905 993 910 14 58 884 437 631 165 45 485 332 729 854 33 403 975 739 210 681 283 357 713 876 857 940 928 866 631 574 159 469 678 618 520 19 328 59 882 271 448 221 581 89 76 866 458 838 84 561 832 560 688 658 214 283 475 380 300 444 856 651 576 258 593 659 537 578 466 829 861 548 135 988 987 191 170 157 599 92 139 378 98 773 509 614 133 460 500 518 105 691 297 740 352 840 865 618 185 628 313 945 31 159 186 175 510 5 500 402 906 119 955 230 815 929 692 624 519 351 646 105 656 799 161 9 178 29 375 537 553 753 917 919 599 64 688 223 430 12 992 958 376 596 173 926 655 284 387 776 740 932 376 733 128 72 399 547 595 137 292 63 432 112 302 647 557 486 859 877 124 644 855 410 27 702 794 185 227 742 260 310 410 442 353 762 937 461 173 664 630 974 678 381 15 586 236 785 914 682 737 416 439 372 737 31 962 179 408 191 74 551 181 227 236 850 763 465 60 566 617 826 160 146 422 513 661 327 695 374 534 100 188 496 856 390 29 12 534 428 968 272 373 142 232 677 399 155 684 344 481 101 381 952 779 989 540 557 362 742 399 444 224 523 738 309 790 463 333 1 110 721 786 292 699 523 235 270 405 854 557 281 47 424 783 722 935 569 641 680 815 512 276 949 184 928 973 
887 290 10 224 638 683 985 766 723 101 888 991 69 78 707 879 691 774 8 424 896 555 516 923 586 884 37 229 297 559 91 603 567 339 325 790 179 188 485 404 38 490 539 44 826 721 970 808 598 615 972 344 299 423 423 179 587 296 524 908 814 116 516 165 756 89 121 558 641 650 213 556 620 715 661 379 982 958 930 25 794 153 86 559 601 572 681 96 299 251 135 703 53 335 738 323 934 861 686 802 959 644 888 206 85 791 549 490 431 966 604 410 448 676 460 365 236 49 643 652 179 581 371 912 23 18 790 565 421 374 723 1000 989 994 31 626 425 366 452 82 759 936 40 595 31 873 622 194 555 991 693 718 986 520 851 645 651 50 735 507 73 749 585 378 347 613 890 520 704 25 658 67 5 845 782 644 783 296 214 294 367 781 247 526 552 769 141 920 553 265 830 125 587 41 967 902 265 892 280 879 755 287 407 868 129 220 869 677 856 504 522 585 630 891 680 131 13 898 618 31 569 118 435 683 729 475 983 982 736 312 674 57 553 73 282 887 84 142 141 942 402 617 714 963 834 42 169 951 113 875 74 715 692 314 566 645 341 674 87 768 671 368 648 301 73 166 52 963 204 706 168 511 646 532 72 836 82 505 386 993 133 907 716 685 672 340 342 227 566 430 687 621 670 109 737 146 670 359 293 448 819 560 244 816 186 936 58 819 702 337 962 624 191 762 561 931 415 237 308 76 620 472 233 413 557 598 743 794 461 771 532 901 944 905 234 416 392 294 944 738 246 146 634 573 713 217 577 350 512 596 576 130 560 392 123 224 308 219 959 499 943 226 874 628 515 421 961 697 471 165 956 927 418 554 794 929 962 911 307 350 779 26 217 988 513 252 638 342 123 141 716 646 149 717 375 371 692 411 51 633 703 45 428 164 147 507 169 834 507 420 248 83 953 686 872 769 910 983 401 567 891 780 604 443 182 636 130 156 324 891 853 98 673 831 41 735 279 197 448 97 754 954 704 141 224 520 141 795 489 214 685 907 187 406 944 995 218 309 956 677 945 733 218 18 803 355 658 138 888 903 583 814 649 422 162 860 242 257 887 672 826 211 178 578 579 6 320 692 273 931 245 911 549 59 792 683 823 848 256 75 
966 922 325 746 975 602 223 551 342 177 240 601 335 406 144 76 251 185 347 591 668 931 804 507 815 2 184 507 300 710 923 531 959 564 388 939 124 509 135 272 780 342 821 679 738 934 30 568 148 266 602 804 25 71 322 623 111 324 802 731 106 510 699 394 772 232 513 106 720 256 489 518 36 834 57 824 57 795 629 968 132 654 997 571 810 351 831 164 494 728 549 723 186 215 663 600 230 804 175 246 299 891 62 528 815 589 330 549 390 926 148 163 757 775 867 492 558 634 547 938 10 7 826 908 322 729 848 758 148 16 876 25 166 628 742 520 435 486 57 262 440 199 141 552 798 604 349 990 109 720 29 569 629 505 529 372 68 589 397 986 958 84 153 930 464 853 529 220 978 262 917 195 680 580 341 441 183 902 843 851 912 810 22 585 470 812 353 260 119 35 568 612 620 545 269 273 873 350 70 262 443 436 552 636 956 280 831 180 64 213 476 218 949 808 77 794 645 842 723 75 939 706 31 710 247 719 218 262 449 70 430 788 287 312 168 73 886 136 569 794 50 631 177 827 510 480 931 444 722 291 559 915 832 106 570 791 637 709 558 928 784 901 249 223 884 443 701 514 925 158 932 588 668 271 834 773 258 764 968 526 190 638 813 771 407 748 851 879 584 403 577 433 543 364 582 360 604 468 352 95 137 986 640 536 902 562 134 514 393 68 380 242 224 380 700 691 110 471 952 973 263 10 61 759 460 915 366 573 733 812 817 543 818 731 828 127 424 954 495 560 419 127 846 303 224 100 165 83 695 588 529 283 842 985 824 252 345 408 416 143 713 914 824 484 945 369 746 57 130 447 362 88 681 150 319 860 742 630 951 714 753 42 424 760 410 337 946 614 845 870 430 94 280 534 596 828 956 581 287 534 68 56 914 331 362 511 239 579 90 123 995 714 181 945 587 795 277 393 469 374 377 490 982 194 248 681 855 153 205 446 462 670 511 117 357 647 181 221 85 794 196 746 569 33 945 346 851 62 141 730 999 956 731 630 528 419 730 683 350 553 43 677 925 393 418 983 164 989 701 222 290 891 517 220 905 521 87 693 695 439 225 475 104 609 5 50 942 489 455 651 796 558 430 689 213 535 437 325 767 901 
551 90 630 156 892 280 730 312 717 65 712 247 905 308 386 939 830 677 670 99 142 249 239 518 399 298 741 439 440 296 933 287 668 874 529 926 617 982 573 975 21 782 374 318 477 926 707 379 214 375 113 387 967 390 920 378 516 489 574 195 452 671 855 411 61 485 290 209 212 167 690 831 255 493 337 461 462 577 660 257 701 409 478 768 491 305 342 675 727 414 120 794 719 170 293 897 577 3 97 757 117 691 368 398 977 549 64 458 603 59 636 493 139 674 158 329 32 11 810 839 743 624 971 43 179 138 502 657 368 213 16 298 461 960 624 253 588 6 204 70 27 191 989 62 753 771 657 440 832 75 356 591 116 839 830 424 223 631 467 803 658 763 757 536 363 937 738 564 561 249 517 265 625 338 868 606 302 467 127 675 818 81 508 315 238 716 514 159 163 328 972 967 511 3 145 919 559 363 789 91 903 670 410 755 898 422 156 820 850 931 599 52 606 398 57 451 270 774 487 682 536 621 760 676 528 920 652 103 81 1 50 258 998 988 172 227 879 843 531 528 301 962 218 865 36 482 828 799 747 6 860 935 28 991 144 284 147 431 629 720 809 160 593 777 998 627 434 347 753 624 98 145 631 832 775 851 636 499 908 55 509 267 90 303 857 933 396 270 882 627 309 378 616 474 753 255 664 716 782 986 159 269 65 681 889 446 712 491 623 244 579 202 700 117 585 682 86 728 51 937 549 225 803 661 597 823 828 590 291 942 142 528 657 603 599 270 193 875 579 239 132 218 687 122 536 285 792 641 539 207 911 487 570 651 105 896 463 638 679 109 782 770 555 796 31 697 365 874 201 592 808 528 291 784 344 750 841 595 112 26 192 754 805 406 138 961 621 389 456 135 133 427 580 527 708 128 521 712 827 811 944 772 713 998 148 779 856 685 440 877 825 662 782 770 528 79 54 378 103 882 968 83 44 58 962 173 474 298 520 823 640 762 991 224 20 801 439 365 861 585 300 294 554 813 659 206 438 483 189 830 185 633 845 33 533 337 281 141 533 596 411 759 565 767 980 923 569 297 125 254 728 464 925 243 573 487 169 31 88 952 951 342 913 104 857 90 448 959 962 495 980 748 498 495 18 923 625 246 314 54 
85 172 784 700 123 222 799 667 111 300 830 415 356 177 680 504 763 605 436 981 964 466 561 995 5 327 982 220 477 272 853 383 654 634 462 259 310 199 35 83 437 550 511 624 957 696 61 18 243 250 106 516 855 454 361 786 916 872 707 11 624 481 203 574 91 701 850 470 439 773 959 902 324 636 244 995 912 962 209 268 897 250 865 106 275 28 887 543 368 225 398 936 226 986 723 658 409 992 371 253 301 712 364 803 402 967 869 1000 919 207 692 159 317 845 619 352 400 923 521 667 183 571 66 67 819 834 886 874 241 368 179 657 760 953 690 676 457 966 561 703 281 528 957 35 16 58 998 678 15 507 992 302 411 573 213 763 708 10 116 672 980 551 151 784 216 832 792 384 264 609 153 64 70 261 334 984 961 233 666 636 206 853 980 32 787 520 72 282 500 129 181 10 169 973 506 867 213 619 335 534 287 889 45 866 735 837 260 302 808 963 321 674 135 665 740 721 967 643 211 935 947 743 192 58 808 153 114 266 296 989 702 175 143 117 132 487 258 392 362 797 901 159 385 528 497 350 177 905 64 799 853 698 33 805 982 958 353 395 952 397 847 547 87 636 438 390 343 430 929 463 606 949 808 749 779 294 133 948 75 863 180 323 327 834 886 667 422 599 949 20 188 35 324 535 96 915 470 819 566 22 179 985 73 749 250 982 454 196 649 668 633 389 805 871 384 737 171 384 106 309 194 667 21 318 22 361 985 525 222 69 953 721 904 599 27 935 169 122 859 49 727 117 860 946 882 116 346 157 854 644 664 697 378 993 684 509 774 136 124 954 598 123 223 573 680 576 843 682 199 984 474 263 886 376 252 509 579 49 259 208 281 304 216 273 708 205 601 927 18 68 991 130 494 677 289 220 316 356 778 677 427 400 507 605 950 852 576 32 753 679 435 56 795 155 924 366 384 528 763 22 732 606 251 261 727 52 326 660 994 316 200 282 630 523 661 202 815 193 321 905 410 797 452 534 349 622 130 440 759 273 659 833 731 61 679 227 567 48 79 486 436 695 660 135 502 520 209 8 449 680 319 802 320 516 380 762 501 832 290 7 175 232 273 759 135 682 396 188 208 552 716 418 969 206 287 317 501 344 614 101 
661 993 514 833 170 195 92 757 45 777 510 18 130 286 852 793 672 348 474 744 65 932 973 232 690 192 393 189 698 266 142 387 562 515 33 856 800 746 883 357 915 154 772 171 575 330 373 288 838 875 793 239 242 413 81 601 301 398 633 13 925 574 551 432 568 494 117 933 579 170 386 299 586 59 173 601 686 45 380 186 970 784 952 456 532 930 1 787 580 39 312 334 166 341 329 557 935 651 117 873 489 178 961 607 599 986 224 724 791 894 377 792 10 923 592 229 413 43 725 878 606 428 614 136 629 959 533 282 991 801 266 460 508 571 463 969 339 138 550 395 443 662 899 2 672 147 536 61 591 793 276 860 531 348 371 683 443 67 180 415 369 232 748 454 299 164 782 129 495 344 887 216 880 148 979 840 508 640 257 431 457 4 871 772 347 447 526 911 959 625 315 892 540 865 787 55 214 94 531 190 826 839 155 993 32 937 912 386 140 59 571 565 555 586 62 782 582 310 904 500 448 378 717 241 48 556 790 511 293 744 129 618 931 556 385 48 282 931 723 616 265 691 710 661 422 470 592 650 373 456 976 106 409 317 960 582 973 560 46 974 800 819 718 4 181 833 954 371 703 285 4 330 652 529 249 896 280 830 6 495 390 270 864 129 487 58 580 931 3 301 723 876 152 38 707 227 317 406 421 467 821 469 307 688 372 428 181 423 275 466 344 31 379 607 30 177 555 162 683 360 130 372 868 88 524 673 1000 833 621 410 228 584 854 971 447 210 337 948 610 368 310 122 374 96 459 188 586 833 942 813 563 301 419 996 642 764 708 317 532 188 979 453 156 411 704 600 273 240 531 282 55 68 137 167 431 588 751 668 293 427 895 674 85 545 5 102 389 191 488 273 968 254 49 776 408 378 733 411 361 17 475 558 614 603 36 449 44 529 213 639 23 726 118 961 72 478 96 785 260 472 336 470 772 349 862 250 294 894 989 548 318 607 63 302 332 797 440 135 308 304 415 558 296 777 771 443 382 611 204 773 896 385 181 547 367 154 218 451 543 343 974 636 249 664 961 981 836 682 3 409 280 890 692 585 280 301 935 671 364 279 682 731 209 216 638 1000 978 942 758 357 227 317 881 387 754 206 440 456 396 266 
535 776 816 853 988 278 950 299 913 750 405 412 720 723 295 462 11 575 557 343 729 877 66 919 591 528 464 375 308 761 701 765 835 755 732 122 551 368 770 441 928 31 615 832 512 980 665 828 524 565 319 350 378 557 427 695 207 107 509 373 214 328 14 906 623 883 875 217 702 748 14 912 430 187 139 420 393 670 640 528 161 52 514 11 99 108 22 700 217 653 510 294 644 756 784 627 308 551 894 554 63 948 368 873 19 441 849 184 467 826 491 219 59 667 347 38 284 947 749 430 638 781 126 291 856 813 803 839 289 400 93 69 868 200 633 690 285 33 648 725 215 951 835 605 40 827 829 199 699 585 846 660 868 124 507 644 481 204 511 197 349 85 647 130 652 903 24 476 742 988 705 233 883 181 936 758 922 963 462 390 650 7 202 72 765 633 70 761 455 33 763 799 498 582 157 929 487 321 334 551 588 881 916 29 561 821 170 566 136 828 247 330 279 596 584 624 408 508 726 338 483 266 224 251 199 420 23 713 822 423 539 979 249 841 208 25 408 343 328 357 643 189 448 869 36 137 874 486 29 502 885 735 179 882 278 139 605 142 140 164 871 112 495 800 68 11 774 725 656 618 547 203 321 134 128 446 977 813 902 568 852 686 753 368 161 950 348 485 18 77 901 249 996 389 169 29 846 320 534 225 841 454 379 616 436 768 8 860 156 280 540 223 253 613 498 13 652 712 347 826 40 104 730 63 20 725 410 124 69 783 440 748 108 60 255 620 546 211 679 737 774 59 613 315 833 691 90 342 412 112 227 906 350 888 547 296 447 225 714 588 683 128 939 344 367 811 720 446 597 670 927 595 800 838 289 685 879 574 991 314 41 725 355 214 156 876 535 762 13 928 456 596 319 940 512 956 908 252 198 840 989 369 798 244 41 7 384 843 367 936 625 787 211 527 748 212 818 836 607 335 599 275 125 302 65 50 598 815 786 326 528 216 808 85 604 154 913 57 361 118 729 305 522 440 435 199 302 805 153 785 706 781 83 872 393 368 929 843 438 819 897 913 664 736 600 841 923 390 64 945 29 742 85 456 864 312 760 820 792 177 199 291 809 693 955 498 507 668 144 22 768 150 746 294 435 838 595 981 593 73 
287 265 612 458 244 949 403 573 306 871 340 184 382 472 620 255 542 327 900 280 628 772 820 426 835 149 324 100 251 402 183 217 445 313 213 220 237 897 389 677 33 999 247 961 885 467 571 548 709 239 812 30 223 364 857 781 814 861 921 144 943 16 60 431 401 480 50 723 247 196 332 513 206 20 932 86 813 497 429 474 390 211 202 484 760 87 872 249 330 446 467 35 968 54 321 915 165 166 752 871 453 524 241 26 927 687 457 878 420 500 155 762 363 690 375 651 455 780 889 220 639 89 313 581 844 228 558 229 49 332 298 543 948 884 619 750 606 384 999 864 492 268 741 804 474 756 747 51 285 299 195 911 838 141 229 566 317 339 162 525 899 409 310 133 517 521 3 582 954 662 613 318 963 608 442 279 341 426 150 412 144 53 39 130 557 122 325 982 282 970 487 315 405 766 61 472 401 237 425 546 59 241 773 487 923 112 243 533 724 884 759 670 82 1 237 349 502 953 897 565 91 722 451 470 93 634 934 135 295 152 949 490 777 778 293 594 756 389 928 197 917 944 703 273 674 120 564 560 216 490 586 795 784 514 166 688 797 182 963 139 815 865 598 622 805 560 637 840 692 903 8 31 290 361 917 877 880 705 829 419 547 756 912 824 626 282 545 792 421 745 57 549 33 64 429 742 910 812 151 866 956 596 28 690 745 52 754 882 117 69 872 406 415 639 811 316 31 515 996 965 171 827 11 99 246 222 530 778 163 157 593 358 461 734 492 352 332 340 214 128 23 307 724 593 581 732 794 447 409 717 423 449 96 565 495 502 132 58 716 482 478 387 299 677 342 829 240 855 866 478 409 966 624 299 987 947 571 562 326 528 87 711 761 610 317 30 294 214 133 381 300 965 71 463 23 927 119 480 535 865 4 588 562 958 471 14 986 726 827 290 447 689 81 105 443 946 257 999 144 668 608 14 393 701 996 513 395 188 72 72 442 636 936 30 82 406 500 667 316 849 252 707 613 729 632 523 165 7 180 575 588 38 837 334 605 752 615 295 928 516 866 236 288 322 232 259 721 824 103 491 831 291 663 845 159 959 130 143 350 242 654 103 819 173 325 732 502 776 359 812 13 943 156 924 666 897 227 435 646 698 
129 805 884 390 874 601 301 132 961 690 455 388 88 790 213 200 262 920 221 555 500 621 691 477 517 873 128 162 865 119 602 262 112 714 91 608 311 807 601 513 428 678 968 611 425 317 953 457 530 859 393 467 846 292 114 102 751 370 26 45 394 270 517 954 814 569 99 3 700 157 569 804 523 867 337 368 216 690 176 255 1000 596 611 710 45 257 313 546 810 720 975 602 134 553 199 959 146 43 517 685 379 590 294 222 694 640 809 243 551 928 594 114 392 428 803 381 586 347 738 977 868 778 552 713 478 495 567 437 476 359 984 431 452 671 280 191 846 325 592 412 126 141 103 65 722 970 88 401 724 866 947 306 559 184 901 82 889 96 189 989 397 757 406 841 861 835 910 112 570 107 696 179 171 377 174 350 159 87 620 48 91 983 844 959 433 363 893 309 903 453 747 493 651 30 949 107 391 519 681 127 145 417 391 904 760 621 464 952 789 498 812 195 855 34 54 30 732 59 129 586 592 902 567 502 976 217 510 549 131 261 968 821 541 776 142 842 35 720 972 526 694 635 579 842 256 57 9 361 688 495 777 697 404 106 858 616 259 215 16 79 472 533 333 290 182 951 517 75 446 994 883 777 873 19 95 45 143 727 789 766 683 519 732 17 324 969 476 338 612 167 892 665 646 974 910 837 714 494 739 42 513 396 189 82 15 186 801 988 362 113 889 574 558 924 619 52 175 28 388 686 835 770 826 475 958 856 483 512 171 278 137 542 594 510 834 95 798 759 633 983 907 225 918 786 842 357 630 896 85 218 211 651 417 503 537 661 782 924 486 570 344 191 230 201 354 927 873 377 520 74 790 397 537 239 596 912 286 482 917 239 486 179 672 201 533 862 938 343 800 17 229 243 409 439 572 769 530 799 707 536 3 555 737 960 852 498 290 441 330 748 431 127 186 417 149 279 351 432 509 392 763 216 136 506 302 713 441 360 929 751 688 852 457 644 666 295 293 978 785 301 567 155 317 434 762 137 896 39 655 45 226 578 263 464 281 313 575 554 453 140 431 806 975 117 314 866 336 313 835 360 441 932 579 486 54 694 860 949 49 375 757 851 560 796 964 105 382 54 309 757 882 942 756 925 681 99 692 231 932 824 
525 955 34 750 640 309 83 500 738 628 394 161 121 21 480 997 66 188 504 403 735 895 102 655 393 699 262 774 168 299 974 458 21 244 219 379 940 745 340 37 955 351 825 11 900 272 753 494 610 161 126 702 4 634 914 757 436 888 285 862 7 949 941 977 747 410 301 187 898 929 329 615 376 229 654 214 701 342 109 728 707 870 841 576 31 118 917 393 823 189 271 523 160 77 114 963 501 733 159 517 615 550 745 139 935 775 3 107 356 55 306 961 309 870 657 857 877 809 976 227 257 930 316 429 35 364 965 897 621 734 626 923 884 615 853 105 178 900 710 696 81 946 368 818 136 806 926 818 63 958 451 355 283 141 164 995 729 273 534 779 745 261 110 932 954 613 341 137 647 221 960 734 853 175 817 284 284 569 647 9 798 363 965 161 51 489 438 311 24 588 356 810 123 169 971 351 760 351 1000 451 32 985 816 717 30 151 435 165 154 908 469 191 745 840 640 157 483 803 411 975 930 878 696 476 74 410 608 126 926 189 583 86 557 840 224 581 734 297 502 166 680 513 383 564 256 989 858 447 337 854 466 565 606 191 617 626 687 873 142 15 764 736 570 212 516 907 773 6 236 126 564 815 408 704 567 608 371 732 499 30 215 807 868 863 204 198 145 468 424 613 269 452 578 455 776 356 279 169 938 184 496 397 195 1000 953 272 771 11 355 770 476 428 252 464 297 167 796 51 869 338 287 87 332 843 825 291 442 869 516 547 69 211 466 191 932 432 236 873 931 436 622 57 965 823 425 865 777 211 142 991 576 91 883 686 324 109 415 971 376 465 741 360 631 230 251 371 110 953 479 332 97 757 350 400 334 993 548 376 747 708 227 969 848 553 356 202 117 379 950 80 114 215 305 97 504 59 642 49 562 530 516 176 427 589 330 320 54 304 439 608 760 114 186 562 534 531 922 828 694 987 485 913 455 550 329 413 679 25 190 426 848 419 482 798 497 291 114 193 790 718 825 263 248 629 147 593 442 33 870 460 920 782 301 854 232 495 539 364 797 431 66 718 95 771 817 293 765 665 407 409 470 321 434 517 290 661 158 903 947 354 94 624 843 52 292 304 236 899 737 479 378 23 427 459 625 332 569 157 797 253 
367 146 53 27 834 178 847 58 955 187 154 920 260 251 86 829 884 215 60 504 258 614 285 55 890 436 556 204 322 519 810 345 148 596 996 106 202 224 759 948 499 853 895 745 871 970 690 889 884 321 24 879 814 327 335 761 456 982 504 317 733 979 131 667 517 38 251 191 480 796 977 435 901 166 570 206 503 583 39 215 860 145 480 720 885 885 688 811 652 219 118 725 65 999 273 460 234 1000 34 506 222 208 870 295 264 869 306 272 573 986 701 1 996 524 275 547 791 877 615 158 622 587 238 77 582 750 556 173 516 331 592 403 747 171 918 584 383 563 727 269 31 82 355 950 236 780 754 472 925 137 805 194 270 541 40 614 460 29 484 460 497 663 902 290 520 334 17 565 431 559 723 118 903 103 794 742 213 553 61 503 982 129 826 55 652 553 659 702 107 575 208 490 3 874 203 471 771 976 870 248 113 26 980 867 820 754 457 728 942 802 531 704 34 484 126 85 281 184 728 302 308 521 457 407 81 703 1000 306 806 82 901 311 54 379 611 620 950 371 434 78 967 735 69 35 153 234 264 372 892 242 447 198 918 173 143 795 467 363 293 51 767 35 880 484 29 587 64 610 533 224 923 94 984 113 307 512 19 116 449 212 605 853 975 302 561 771 521 750 817 392 114 785 640 852 685 933 574 169 746 194 650 988 772 361 145 480 140 46 617 729 304 645 300 395 738 118 469 418 496 344 779 110 990 950 408 252 613 36 377 661 866 23 684 268 711 440 523 930 729 607 2 378 31 687 777 332 421 278 482 922 388 89 386 620 946 345 200 355 72 447 815 152 591 408 91 538 578 329 412 346 730 290 838 998 476 330 525 143 979 470 672 260 92 240 429 810 269 361 910 450 885 727 254 281 123 717 167 510 861 309 566 621 63 782 557 462 903 774 718 93 90 509 488 271 921 567 84 889 513 216 44 225 453 252 984 937 924 446 744 223 698 332 888 973 143 901 431 809 689 730 758 996 3 573 217 36 299 277 519 312 724 788 409 302 360 534 212 327 722 450 494 189 335 630 507 634 187 285 805 712 554 584 964 687 389 661 915 498 833 321 590 856 982 14 885 940 533 365 138 443 207 643 162 321 901 107 5 923 602 167 
93 313 170 766 113 548 25 900 478 1 940 93 74 312 97 959 424 96 85 513 115 598 401 599 795 466 171 947 888 872 365 907 785 855 320 614 667 283 111 12 411 362 220 495 202 25 907 741 283 364 704 722 717 816 752 184 49 569 570 6 115 370 412 226 440 280 366 510 316 76 647 75 448 261 152 408 430 122 749 377 556 272 493 408 210 976 510 924 348 813 98 420 102 784 479 898 922 700 385 743 899 201 128 226 7 544 330 689 366 283 454 243 645 747 437 803 313 742 953 637 492 14 706 765 185 339 29 828 936 859 268 882 712 175 83 34 735 998 223 400 842 205 887 3 557 885 400 811 666 27 90 33 50 389 924 593 924 506 559 48 488 207 85 701 43 376 1000 353 656 572 722 350 379 904 176 985 69 951 357 543 365 62 656 417 197 858 694 199 800 541 293 646 660 821 21 185 796 124 166 400 331 853 825 555 183 642 641 109 563 608 470 161 195 632 724 453 413 436 72 625 748 253 718 838 371 487 907 598 636 129 366 519 390 358 645 543 920 774 705 119 729 457 704 959 930 768 790 629 250 147 531 581 160 234 123 431 845 85 152 876 914 282 112 878 75 777 478 282 941 897 753 887 325 497 982 51 732 822 918 793 332 112 119 61 348 627 988 595 379 965 884 699 365 628 483 5 393 966 195 716 55 397 128 108 185 897 334 451 216 931 899 921 588 618 836 263 616 360 360 89 339 882 807 491 24 162 520 556 960 644 853 69 988 514 279 376 212 992 905 457 991 15 558 813 552 122 25 828 885 378 248 265 167 753 272 884 768 193 295 11 696 771 852 701 694 431 846 338 615 518 487 803 47 776 679 629 298 551 143 445 601 944 460 370 606 133 512 717 238 355 608 442 594 404 239 787 811 956 501 1 976 380 519 970 370 473 381 889 737 393 830 704 366 107 764 942 240 43 639 112 995 528 290 281 484 70 943 945 669 378 411 271 113 649 786 646 862 143 441 704 86 145 69 246 235 930 495 411 726 605 644 860 54 143 206 87 968 930 540 998 284 304 9 570 985 334 488 31 885 612 739 780 631 166 725 615 953 797 182 570 790 179 168 32 351 416 411 246 789 543 717 513 894 127 223 755 88 74 704 765 
719 256 114 180 270 985 846 635 718 341 152 268 698 452 731 606 46 116 762 500 459 173 43 36 893 254 12 507 758 678 627 1000 402 466 671 95 898 66 56 106 420 49 230 479 321 120 964 372 988 562 147 187 795 717 502 85 663 182 833 328 868 121 865 328 591 186 10 775 555 271 626 500 634 122 504 540 835 440 916 259 712 555 646 769 755 239 654 925 510 654 638 851 896 316 369 317 703 913 762 362 49 866 245 569 160 847 326 379 256 443 747 12 441 750 674 768 69 505 10 29 425 966 411 300 628 573 740 583 537 927 56 57 28 51 408 273 950 297 543 516 368 722 728 509 625 819 72 830 768 382 427 75 625 431 631 27 919 71 994 109 653 522 284 189 213 425 100 315 180 559 732 599 868 108 316 679 400 451 16 500 492 435 872 256 476 448 507 440 697 992 490 929 996 549 334 676 394 524 577 609 483 42 37 100 915 65 311 890 52 654 873 74 186 403 498 972 340 666 814 843 963 384 701 50 268 173 589 335 669 517 583 273 410 169 329 851 813 458 161 22 863 218 812 49 632 187 33 599 264 52 289 596 251 928 51 687 559 44 234 502 974 508 133 941 969 916 977 44 402 855 425 859 567 954 497 207 152 325 157 257 680 823 932 955 243 7 540 498 180 898 180 409 547 767 732 451 856 276 613 695 130 455 80 1 286 220 855 461 673 289 125 506 316 282 543 767 618 941 815 953 899 486 604 184 469 200 460 389 223 560 900 483 214 626 213 720 899 928 311 315 891 718 74 186 749 982 113 938 664 915 405 429 636 344 178 707 125 183 276 545 679 865 999 378 477 673 561 32 439 774 553 632 646 652 92 809 313 26 435 803 974 817 254 279 839 97 606 290 970 187 557 688 983 302 798 707 47 531 972 393 160 239 764 638 11 300 538 399 34 70 797 217 210 398 649 901 805 80 87 69 300 389 23 331 886 536 985 693 124 72 174 306 240 819 161 612 969 805 29 187 87 787 518 934 110 650 759 832 821 718 318 539 179 132 41 192 63 550 975 850 980 338 310 949 310 865 456 498 503 712 453 151 408 168 111 64 17 894 399 888 399 450 27 22 48 392 396 736 639 40 449 352 727 998 637 241 226 673 857 295 
184399 196743 185239 190327 182624 193058 184875 186045 185674 192345 186236 192728 190346 168732 182486 187292 186644 191892 193656 190487 190431 185932 183074 187516 183258 190070 186312 184124 184906 180219 
556 111 163 457 614 182 896 226 575 580 739 666 841 714 141 765 208 184 332 55 171 378 275 731 15 807 974 938 59 627 629 788 573 38 533 205 523 887 103 985 511 688 731 939 713 43 303 577 768 199 644 631 987 415 860 915 719 663 471 911 373 412 273 643 755 146 90 67 405 591 505 532 539 394 462 641 554 585 956 585 130 660 237 62 699 360 716 113 636 838 34 907 361 629 405 174 187 483 868 934 207 137 719 437 559 712 941 847 279 990 44 858 165 362 684 784 290 649 932 391 145 57 296 870 657 789 129 239 470 9 308 508 598 270 958 368 251 986 397 479 832 915 317 792 275 937 156 238 828 569 133 993 269 36 569 639 889 35 549 382 362 459 684 996 606 556 875 586 674 383 39 283 503 598 38 719 706 728 684 144 799 923 398 692 537 830 100 377 412 505 75 209 476 698 369 348 816 508 725 627 379 593 788 283 221 162 252 291 197 176 77 611 661 238 387 754 932 260 629 234 409 336 693 668 669 102 646 39 313 733 957 412 514 794 727 690 805 552 357 605 23 776 147 138 956 332 450 535 906 401 164 764 574 502 407 787 949 201 808 894 572 181 963 347 164 917 716 682 19 234 115 283 932 688 205 455 626 777 845 53 840 494 816 581 933 498 291 141 672 439 527 945 469 461 489 837 468 453 75 123 306 686 611 454 553 853 239 44 870 276 173 572 762 370 214 843 432 950 270 970 509 755 111 431 858 749 169 39 599 5 40 793 958 329 533 223 269 351 969 787 1 442 634 509 706 601 64 655 941 893 566 980 250 961 126 840 876 148 759 314 482 93 162 74 795 382 873 27 193 768 161 871 847 27 992 601 465 153 838 725 619 847 221 647 26 235 327 781 650 589 217 446 1 282 734 234 923 29 249 783 739 842 321 631 545 614 399 883 360 686 259 810 195 767 459 737 403 375 494 309 615 605 420 770 695 137 911 171 917 520 668 455 150 212 18 931 625 258 319 357 671 545 466 523 416 121 959 105 849 917 618 289 576 209 951 533 721 898 982 426 814 71 692 668 489 804 533 698 477 389 426 955 660 368 145 364 495 5 322 543 635 18 373 820 273 687 60 196 25 346 90 784 777 334 943 460 698 887 950 42 
413 63 111 312 888 650 111 279 890 995 81 989 623 449 486 398 153 598 253 842 189 540 608 638 60 75 687 476 350 409 463 989 959 968 650 603 879 960 21 729 92 56 63 109 914 888 679 413 568 871 28 57 216 795 356 536 91 21 994 334 300 470 326 837 292 783 641 505 292 123 605 72 21 463 393 428 911 729 612 731 247 960 793 938 192 78 145 655 286 748 479 605 614 551 357 598 605 793 939 742 873 291 266 765 355 806 288 233 512 260 60 280 543 275 390 221 127 208 367 977 288 29 544 20 954 655 521 183 776 254 453 550 159 884 25 414 315 887 755 671 514 385 934 34 998 401 790 651 607 229 255 136 411 5 396 842 488 726 34 932 258 966 988 505 57 580 193 426 6 528 557 713 408 837 89 780 822 46 440 22 481 925 892 199 481 134 544 854 947 536 713 357 527 207 70 272 340 866 426 313 871 772 266 10 974 524 854 55 12 724 471 473 914 619 905 325 894 840 772 376 370 712 13 365 803 829 278 394 621 263 743 83 238 932 470 896 491 803 32 843 946 985 498 337 286 699 963 508 686 243 489 409 20 719 16 530 184 500 509 295 275 565 447 627 154 448 215 249 133 13 910 28 679 74 534 903 314 142 218 116 55 424 156 59 999 94 647 856 90 625 904 52 76 668 154 813 492 598 61 997 328 659 682 887 813 964 238 806 169 97 370 751 876 854 418 356 375 980 121 734 128 755 410 609 439 764 863 615 961 841 102 874 447 772 548 965 654 581 408 902 649 954 390 901 562 417 668 634 129 739 497 341 275 121 301 741 783 482 820 322 803 167 790 718 253 273 493 444 810 771 947 627 527 966 317 16 677 466 146 856 369 653 115 74 130 140 345 995 750 641 565 404 978 218 875 87 14 924 59 59 307 557 111 721 303 519 420 723 952 950 967 785 518 849 571 22 777 587 170 240 333 32 166 973 263 830 381 457 194 750 908 978 467 1 339 531 620 969 312 685 857 344 104 712 353 224 939 4 187 327 860 88 27 128 965 593 402 57 461 567 900 968 444 955 884 262 238 296 292 558 887 856 582 306 127 462 364 682 425 449 151 897 670 335 856 116 533 11 106 291 164 575 688 256 982 153 317 864 497 280 
907 75 488 485 227 292 519 362 618 499 876 360 6 906 220 897 566 96 10 504 93 274 568 413 863 185 783 325 881 866 138 608 690 431 432 930 851 174 457 650 104 927 944 454 338 381 70 484 172 922 752 869 816 976 177 759 105 849 904 958 631 251 651 113 101 653 645 57 272 945 692 5 814 665 757 193 266 984 363 38 52 565 327 974 581 88 778 804 244 961 253 299 684 676 11 715 381 847 271 7 807 447 406 465 125 414 981 474 296 383 178 570 241 621 963 363 45 6 17 957 563 92 329 16 127 991 140 706 172 445 426 980 646 90 804 620 834 585 920 362 687 605 202 272 200 732 514 172 614 209 785 167 413 523 112 436 101 902 999 663 288 890 768 60 566 460 749 393 470 541 363 109 189 771 527 725 872 90 695 822 745 423 183 610 39 382 529 662 705 413 872 343 822 187 776 804 521 894 698 82 240 661 62 110 84 337 841 252 134 259 646 999 656 320 859 293 597 875 753 437 42 279 166 306 565 282 994 625 77 483 781 554 990 222 190 182 639 995 666 739 450 630 106 230 161 120 999 838 966 878 112 889 582 861 151 713 235 806 844 700 810 979 60 792 130 415 893 303 793 323 956 111 506 1000 973 985 762 147 128 394 839 582 437 144 718 755 275 537 450 94 212 952 485 935 775 395 436 351 657 372 221 757 685 205 339 4 509 264 894 680 962 788 386 152 129 404 925 309 585 618 921 636 24 921 535 646 374 330 779 434 206 572 312 70 686 889 737 124 839 168 400 373 267 539 366 750 15 529 344 649 871 194 875 728 81 821 39 39 94 983 770 718 187 611 589 500 353 461 950 41 386 984 189 811 497 504 342 181 441 446 781 936 260 901 868 71 116 934 225 99 877 587 437 446 662 515 927 58 613 42 983 248 832 959 157 324 8 742 553 792 332 609 770 238 806 883 642 127 411 870 130 670 209 417 631 394 935 964 228 787 705 893 213 116 728 909 50 328 437 792 609 385 771 776 667 628 565 708 102 375 890 76 763 970 268 688 1 174 578 907 152 432 930 759 182 779 509 518 597 141 725 725 942 862 731 573 939 75 302 72 248 557 712 995 154 602 396 650 88 334 195 902 226 758 682 476 94 269 258 236 
547 859 25 285 674 829 878 49 145 915 532 824 153 820 370 13 462 582 25 209 768 292 915 754 48 519 295 751 579 468 576 90 523 313 525 286 564 738 961 167 445 339 634 564 95 694 100 967 679 594 467 935 880 366 71 580 354 173 340 176 446 871 20 694 305 25 487 229 895 138 249 752 216 316 149 449 558 144 960 51 614 750 526 499 957 614 700 760 525 118 15 3 307 338 896 833 618 214 665 663 383 306 44 685 403 150 504 312 438 871 600 610 681 468 544 120 896 977 882 408 647 762 852 118 519 926 515 561 308 873 725 196 577 456 36 642 238 837 601 524 26 252 505 418 529 209 598 640 738 170 25 342 270 784 527 190 406 11 737 351 815 682 746 473 508 548 441 531 316 296 745 949 76 702 155 825 74 174 381 295 278 490 412 90 909 159 593 945 855 847 918 453 21 928 22 882 562 813 229 517 559 80 18 517 548 708 5 291 183 180 285 717 237 67 145 408 916 866 236 188 979 950 284 407 389 658 222 613 807 217 1 356 997 199 237 294 632 815 76 86 943 160 182 952 832 554 438 564 51 98 780 542 723 323 16 933 888 646 545 948 404 765 404 116 636 666 837 344 180 320 619 225 197 517 776 857 840 471 910 63 864 407 946 492 336 188 880 724 927 773 86 118 244 438 103 907 164 483 676 184 66 459 385 387 62 181 369 279 667 109 378 119 82 483 668 432 364 166 473 311 989 500 417 725 484 957 818 551 817 171 229 2 315 503 798 524 801 428 104 705 501 883 336 278 820 666 940 339 162 895 917 353 35 36 632 90 0 88 704 633 551 272 853 75 762 197 147 349 487 919 433 799 27 508 644 110 895 905 114 592 544 824 131 268 638 481 282 661 826 93 170 24 755 730 130 378 329 520 79 710 98 628 432 53 3 298 134 136 915 986 568 127 701 74 177 822 357 65 603 922 140 413 525 416 888 798 99 354 258 706 312 868 712 194 325 549 232 837 731 813 265 391 355 466 359 375 963 190 896 461 42 504 140 180 297 92 544 904 888 58 664 15 522 776 25 302 265 777 734 72 657 468 37 728 580 648 903 511 656 824 140 101 520 817 531 35 540 492 166 728 144 6 999 579 96 224 61 272 268 407 
599 599 359 58 318 462 464 323 702 675 29 314 451 178 580 508 87 7 984 971 122 108 64 705 387 756 505 91 667 85 218 253 966 979 569 676 923 570 38 903 54 414 875 651 938 914 761 92 205 702 707 387 183 14 306 279 316 537 600 2 430 624 235 929 933 612 285 735 499 544 631 433 413 805 514 723 788 490 870 342 900 797 82 532 229 706 182 927 765 34 625 814 780 203 967 46 519 457 354 432 65 71 391 691 338 360 291 42 368 390 730 375 613 870 800 776 942 579 885 830 410 183 603 842 331 937 572 279 821 941 438 149 321 306 590 362 393 868 541 578 698 377 478 138 646 41 18 448 673 81 277 198 418 115 875 832 174 966 889 952 27 941 712 896 351 655 399 508 629 527 24 658 590 511 176 329 707 798 226 601 590 951 404 21 318 851 709 68 927 207 286 662 891 810 260 618 328 375 173 153 980 965 944 887 42 84 552 853 892 793 786 725 844 937 565 1 588 500 659 121 252 665 478 146 578 514 113 683 512 382 384 448 101 875 966 781 269 652 625 236 605 96 402 653 66 259 770 18 39 549 840 211 862 868 299 88 287 288 346 917 763 351 817 421 486 432 961 795 785 143 855 791 692 315 690 259 309 371 432 380 844 525 659 327 643 590 617 395 609 120 208 908 995 79 259 98 414 922 916 655 620 664 857 0 692 463 463 916 747 167 600 989 115 913 391 330 408 999 997 608 883 54 467 69 370 173 584 369 966 351 868 2 838 799 323 273 406 484 349 211 983 718 658 492 742 851 654 630 608 411 950 668 788 389 490 548 738 129 894 599 398 295 920 708 526 972 739 446 548 960 999 725 249 492 923 557 237 770 100 581 590 922 897 430 467 783 681 479 734 154 235 500 951 300 953 210 952 886 451 858 247 158 618 748 144 472 399 459 919 110 71 177 745 383 992 335 335 490 856 406 532 307 675 713 657 811 577 393 774 403 389 952 459 209 190 995 516 470 215 459 542 555 533 880 707 848 976 557 846 839 78 719 170 178 630 786 599 704 925 161 736 142 350 312 880 792 787 266 191 692 312 997 399 989 326 389 471 917 355 22 973 709 220 380 469 876 490 16 411 824 434 686 383 704 891 907 828 947 638 253 
125 16 938 816 161 934 350 356 987 920 622 546 795 645 544 128 223 738 588 434 219 354 83 474 344 494 735 983 890 59 35 62 895 231 231 748 458 85 826 550 968 715 469 280 493 179 433 210 209 530 96 212 427 811 117 348 797 693 901 41 191 874 466 461 359 165 458 114 999 89 465 169 515 396 820 882 207 862 658 803 986 384 569 80 57 142 194 663 341 617 203 468 282 691 391 355 911 597 987 942 956 389 105 913 176 247 280 207 870 414 944 903 107 641 632 781 887 81 290 589 901 836 697 106 642 554 129 973 928 213 869 94 331 77 992 304 981 29 309 100 83 738 982 458 432 530 469 320 169 447 420 828 217 926 325 893 816 270 518 226 240 63 661 478 358 806 385 39 654 434 934 297 783 594 60 310 26 534 416 919 9 347 232 328 702 77 483 809 254 623 245 942 274 717 978 902 631 650 222 629 677 372 412 330 382 817 23 142 744 373 292 124 253 178 258 324 344 918 861 106 454 97 122 269 822 539 191 797 242 786 819 703 431 110 990 495 554 639 977 779 416 527 235 829 181 74 602 222 435 901 963 162 191 105 168 618 955 591 788 588 588 17 328 797 466 217 40 65 904 400 633 209 432 927 155 253 581 787 254 57 837 475 75 705 325 312 539 162 448 70 199 734 871 941 765 94 446 520 628 935 921 369 976 593 482 932 548 410 724 523 472 660 604 247 995 392 560 133 47 13 121 376 618 985 246 313 293 156 619 266 645 617 744 830 678 897 545 789 382 487 113 968 507 58 105 646 71 872 270 191 865 531 679 233 118 602 983 126 824 85 323 126 479 312 958 956 366 405 529 440 135 778 36 760 318 183 654 698 738 269 27 375 644 513 764 204 398 102 304 409 410 19 977 142 951 834 848 579 639 200 914 916 564 409 318 658 404 183 833 810 798 115 480 446 542 701 770 942 296 549 740 530 320 846 394 492 39 3 263 175 79 771 99 46 215 30 603 788 623 885 397 723 3 695 702 11 733 41 69 522 696 664 121 750 47 80 966 172 825 68 834 508 525 522 359 796 205 742 232 115 940 917 482 344 977 948 584 909 793 974 217 410 211 919 629 332 527 728 426 118 158 608 818 666 818 165 179 711 256 971 
794 962 559 323 634 265 707 775 776 248 253 781 833 654 881 335 945 892 683 417 55 945 624 67 667 371 556 676 355 260 272 463 24 361 26 708 862 355 100 314 862 237 777 757 236 190 602 665 11 565 899 109 798 568 897 399 686 325 783 527 629 918 230 711 314 268 97 52 524 494 558 927 776 52 755 266 297 252 276 527 142 748 321 871 720 341 28 559 825 307 711 842 839 878 516 204 873 42 663 780 805 237 953 547 201 235 401 1 217 825 556 779 540 423 858 342 132 956 691 144 531 605 967 40 317 513 314 660 963 619 706 270 824 373 710 740 318 584 551 478 185 766 946 706 522 275 291 641 752 36 455 151 792 648 286 436 858 266 889 155 767 557 67 54 922 484 219 712 657 614 151 430 700 745 876 354 583 342 389 618 996 612 655 695 498 602 700 71 303 179 414 769 244 905 368 162 394 907 23 844 36 890 88 190 167 130 526 826 967 666 762 632 886 866 424 326 64 716 684 451 770 762 429 453 166 175 499 879 64 286 373 304 910 704 420 184 943 197 33 953 2 269 389 280 497 732 540 696 821 270 137 388 661 785 319 219 416 147 698 216 407 626 670 163 880 751 536 21 831 789 117 702 522 226 471 530 476 737 734 414 564 21 895 142 207 33 170 867 724 921 125 730 273 381 103 297 642 370 397 321 249 309 915 423 740 242 888 678 134 550 951 710 289 389 405 562 443 289 164 539 259 10 945 761 236 76 274 695 151 578 473 687 287 211 607 408 545 576 2 380 45 480 459 801 458 41 992 130 979 704 211 614 571 553 393 242 454 223 812 341 993 161 52 685 930 85 928 173 637 368 569 289 750 44 159 853 30 817 973 119 423 807 728 617 278 437 424 749 513 87 964 408 738 243 909 27 804 598 796 900 358 592 284 19 795 919 776 43 497 574 0 602 348 20 709 138 325 275 632 682 944 319 761 625 708 484 321 123 483 595 720 930 559 81 116 590 772 284 431 952 339 931 199 588 574 744 906 885 125 452 233 120 454 170 217 327 183 984 746 10 998 142 840 35 718 826 98 728 352 807 160 279 549 336 981 481 943 261 365 157 956 844 591 939 231 568 135 502 381 336 335 381 274 876 205 119 279 230 669 573 
447 682 649 672 673 522 987 818 781 695 260 630 331 346 255 727 738 691 49 494 877 448 306 563 992 981 895 205 267 893 271 313 495 375 758 148 749 841 627 8 258 799 127 863 869 558 777 34 795 983 508 683 314 442 31 805 378 692 991 482 56 302 81 938 929 674 764 806 929 919 421 537 463 382 625 845 537 686 522 28 568 350 810 128 792 575 687 742 812 346 702 96 291 482 279 911 412 934 301 791 488 538 473 597 742 913 2 889 741 157 544 12 503 149 202 730 133 765 980 402 115 987 585 13 386 797 329 539 406 509 69 546 387 798 960 394 854 564 914 36 93 252 732 949 305 732 624 684 412 497 900 43 145 395 807 799 711 824 334 631 189 779 51 10 474 729 58 213 184 99 901 744 593 611 965 53 308 143 319 909 694 104 412 174 560 955 748 754 535 590 822 888 562 173 632 28 296 969 593 153 71 770 879 115 667 314 74 513 102 495 193 849 13 982 541 531 487 293 339 313 740 756 397 626 625 889 782 878 615 321 203 135 373 439 809 929 381 911 354 88 968 504 932 103 581 534 224 854 453 332 862 116 670 644 254 134 720 908 852 422 651 961 999 516 716 664 501 403 7 922 760 439 628 989 324 156 387 257 620 678 991 407 962 896 48 561 178 80 241 820 869 48 62 118 569 612 699 581 374 69 662 568 422 102 460 502 437 719 581 764 800 74 857 871 32 30 583 322 555 35 785 849 401 506 997 373 462 313 854 48 705 25 916 740 247 953 827 137 674 353 427 655 579 897 383 790 407 862 392 482 363 937 493 269 812 610 761 635 901 9 173 203 444 799 411 436 642 117 402 691 741 42 323 432 28 483 386 884 961 604 466 307 733 598 477 933 442 675 107 948 684 986 190 863 156 894 104 745 539 489 343 247 871 981 501 374 195 825 94 530 790 482 754 778 999 933 552 155 35 298 650 777 347 497 796 326 26 126 373 576 618 253 928 219 550 496 622 459 600 574 608 235 219 847 363 636 739 719 557 265 364 206 992 490 578 816 269 722 417 846 43 553 187 957 773 480 530 806 170 466 952 578 973 421 875 616 800 517 813 213 261 285 509 735 822 699 556 29 210 217 762 648 125 292 723 889 256 782 950 475 
399 960 197 422 379 154 160 368 319 905 334 253 725 111 449 689 630 728 187 957 220 308 34 444 378 209 655 14 339 128 285 582 883 63 445 908 975 291 190 522 81 314 344 790 482 798 73 604 112 42 114 692 707 137 683 926 957 474 735 360 230 406 189 980 285 284 617 492 862 236 914 607 873 707 189 359 862 173 647 469 464 240 377 229 39 14 771 443 782 559 47 17 421 280 768 898 63 141 927 495 344 81 72 347 183 761 439 706 505 562 588 303 392 541 787 157 723 116 809 416 309 786 970 458 22 245 91 156 94 980 530 423 456 583 178 126 810 934 202 226 431 891 980 532 216 791 560 10 475 627 329 487 521 32 960 706 897 712 160 45 741 422 719 485 551 726 336 588 672 822 991 711 974 66 886 92 963 613 322 575 486 510 494 373 793 31 293 43 341 663 247 1000 700 786 370 111 134 599 887 353 493 9 660 794 778 826 61 940 254 456 496 537 529 154 689 944 657 734 857 296 33 573 450 832 343 631 264 704 395 834 768 213 913 183 256 170 935 716 172 904 458 862 273 771 983 583 696 259 976 341 444 279 256 519 932 19 328 877 207 42 444 591 168 868 100 824 360 708 79 51 810 254 440 655 3 563 9 259 863 782 96 553 263 243 140 773 24 729 986 29 868 383 114 288 724 133 261 42 208 152 313 977 363 83 97 951 238 544 38 620 976 414 923 727 467 108 721 999 704 635 399 760 929 867 860 623 43 683 880 648 476 392 955 229 852 510 828 989 969 274 981 159 116 212 147 367 260 63 213 522 287 489 208 411 449 773 571 666 652 130 292 987 592 855 299 57 976 692 75 16 707 552 231 826 929 687 301 946 438 179 668 205 407 865 526 360 999 217 575 230 361 246 539 528 348 230 836 491 702 556 241 511 288 714 657 492 633 642 32 762 922 19 243 948 896 356 805 140 285 906 629 441 360 717 102 861 363 798 339 668 684 404 137 200 311 500 168 184 668 991 188 837 459 553 218 799 929 636 344 667 188 602 236 724 803 577 641 692 816 265 414 114 794 4 178 264 963 933 665 445 742 9 717 241 849 936 541 497 445 564 657 550 290 355 133 426 49 468 696 15 315 535 891 443 817 629 619 999 546 122 
63 374 675 523 593 502 105 14 454 787 81 180 434 354 97 988 107 605 519 419 664 305 554 986 925 82 458 76 546 764 38 762 269 357 778 881 169 13 124 746 182 447 750 249 95 381 832 394 10 646 107 235 326 636 558 329 753 616 298 288 490 209 713 884 955 798 54 722 353 612 485 697 291 723 257 632 215 902 122 32 719 938 741 420 615 339 254 245 324 766 555 740 680 526 447 149 684 399 478 543 189 299 397 669 197 679 449 0 836 906 953 908 835 848 421 891 181 841 709 162 655 457 668 451 532 508 684 783 284 370 784 953 968 419 942 941 289 208 410 175 974 927 473 450 323 619 150 822 841 449 285 59 704 994 842 554 695 159 361 346 364 995 949 211 938 110 195 19 291 927 873 914 9 818 241 812 918 582 318 43 84 73 419 585 214 200 87 438 197 424 209 226 72 677 904 809 299 905 82 327 272 474 492 111 86 772 534 879 760 969 740 259 470 383 746 773 78 420 546 879 346 749 165 61 174 121 18 457 486 393 478 772 14 675 889 625 355 859 629 229 744 276 910 442 216 545 18 645 160 196 799 721 957 239 586 43 374 784 929 803 278 39 475 533 201 263 479 180 387 460 826 613 737 664 799 164 91 100 196 999 374 150 61 928 54 261 48 97 957 900 912 624 945 11 382 559 650 585 858 141 694 928 590 301 903 729 672 571 435 661 500 894 932 255 295 103 943 247 687 716 134 983 34 445 910 42 71 226 512 650 645 160 890 157 706 50 81 724 283 468 392 644 882 296 546 208 28 98 168 296 169 252 452 577 321 448 684 867 33 101 858 439 912 831 657 151 709 488 774 643 217 680 43 587 716 34 782 187 353 894 356 536 938 769 384 243 700 173 124 404 206 606 516 408 150 19 710 756 781 604 929 810 458 284 415 523 356 719 657 464 634 220 946 66 126 539 290 202 218 145 493 103 24 472 919 2 507 104 91 27 801 972 210 812 651 78 664 438 372 402 599 833 370 99 177 256 609 32 175 301 163 47 421 940 631 258 674 753 633 152 249 893 338 769 702 913 488 228 860 7 978 704 281 136 594 946 425 885 674 304 462 137 733 760 319 594 934 883 740 552 8 316 956 794 218 755 357 351 592 538 
736 704 315 357 60 129 178 404 340 425 473 630 2 855 847 10 981 124 634 396 310 600 601 166 230 420 991 792 991 328 510 73 783 700 681 855 311 130 110 69 331 307 797 813 335 335 288 626 693 304 258 924 221 19 357 242 793 152 614 868 665 254 281 781 271 670 63 555 178 723 178 72 892 778 0 470 141 345 560 222 236 637 406 512 714 433 413 490 210 699 953 776 537 713 479 928 692 329 967 412 472 798 608 58 309 907 637 80 611 106 530 339 37 35 71 479 311 296 10 298 979 51 616 337 514 961 229 863 842 847 220 462 646 377 57 549 72 749 630 712 799 496 788 828 409 304 170 478 741 563 251 868 945 830 161 667 588 806 208 334 406 653 98 598 556 538 602 566 492 267 269 282 403 834 488 534 13 692 981 728 92 680 51 100 735 505 131 160 231 911 762 319 416 812 59 575 433 125 752 102 362 329 587 449 27 535 919 643 85 975 244 896 322 905 382 157 272 420 298 294 213 869 603 588 547 60 438 506 74 101 946 377 897 48 895 619 973 731 622 23 133 341 624 843 183 446 526 980 96 321 985 937 853 657 150 298 755 27 867 166 452 462 619 989 100 241 469 695 36 533 670 134 297 47 405 490 794 660 720 352 474 715 823 418 338 438 866 440 978 748 993 917 544 686 913 968 637 735 930 237 477 837 928 898 838 439 813 925 403 836 672 385 982 540 926 887 104 946 639 804 662 667 914 664 272 325 673 105 876 644 648 808 362 567 884 300 567 733 513 300 751 734 151 139 446 893 578 420 687 219 629 381 864 963 28 583 319 791 268 635 807 939 731 385 859 919 706 160 529 776 918 968 187 121 30 479 265 681 606 764 973 460 105 471 986 704 765 966 18 889 905 255 306 564 198 198 133 259 898 534 445 311 61 314 812 16 63 437 609 585 286 889 838 954 732 791 48 435 796 686 838 818 391 368 661 342 610 733 702 702 75 342 762 20 817 135 608 449 979 830 848 66 953 664 252 202 700 763 193 97 582 994 870 791 154 31 555 749 592 897 9 900 581 459 977 915 646 296 537 547 10 578 716 955 748 122 29 69 863 702 596 241 757 263 884 830 577 522 58 306 866 626 613 65 888 391 809 719 97 772 
494 799 889 153 424 711 774 191 484 718 879 678 986 458 726 624 272 392 691 414 41 227 125 256 673 495 438 101 733 956 265 616 842 551 952 222 770 485 581 143 355 862 27 303 633 903 125 79 96 597 91 832 113 103 671 560 549 893 111 422 995 198 794 922 616 814 555 64 465 713 554 664 676 71 896 793 609 483 543 575 839 667 557 348 370 519 770 72 873 7 231 670 84 145 358 569 331 706 388 10 23 366 885 432 812 28 699 768 667 667 203 422 698 406 254 185 398 21 707 109 462 282 946 974 783 384 989 301 649 974 752 890 385 654 73 76 519 763 649 547 975 818 37 356 297 940 985 1 31 321 735 33 942 619 937 346 396 70 580 969 271 745 174 741 793 170 499 948 132 559 970 486 689 343 523 462 0 598 774 971 381 861 352 349 23 252 697 878 537 986 969 488 602 439 910 428 925 210 496 74 731 951 1000 205 632 3 392 175 270 793 851 991 718 64 580 37 239 412 314 845 196 90 600 781 49 356 263 195 720 256 398 515 267 908 554 340 981 997 953 206 497 898 512 442 769 582 224 91 79 133 158 794 832 685 39 196 708 968 439 278 149 124 665 152 771 59 175 565 294 403 323 237 207 142 795 824 703 539 602 883 877 399 10 498 106 799 275 418 370 778 13 121 977 780 591 467 447 9 800 9 868 502 243 445 967 290 29 88 402 932 176 68 137 988 148 365 754 57 933 518 428 43 682 667 351 979 169 54 840 231 27 904 979 684 670 339 511 185 245 399 333 244 675 46 494 375 20 308 229 823 688 950 148 746 360 45 457 496 705 945 509 327 627 773 430 492 513 176 720 393 998 882 208 870 938 376 781 527 411 579 388 328 947 342 266 587 601 460 557 609 869 928 113 356 730 351 620 494 58 985 618 881 902 744 657 408 834 230 628 811 470 807 443 295 253 963 850 752 887 55 156 518 972 998 876 622 339 346 558 622 931 977 296 547 990 213 347 985 564 581 107 844 371 250 653 520 160 630 241 498 433 461 243 823 710 189 860 731 681 758 389 484 377 221 664 772 173 413 181 597 631 529 233 739 7 163 214 237 96 645 291 384 323 128 932 356 102 150 403 901 699 47 961 796 900 708 680 552 749 792 
158 936 475 254 888 717 937 998 944 231 938 46 24 104 122 782 733 589 976 635 470 418 160 458 885 117 820 82 842 461 492 240 255 815 844 90 868 669 171 719 906 578 105 791 113 30 237 114 514 198 488 294 264 216 704 986 235 767 365 483 504 764 488 479 653 518 761 30 571 907 787 778 611 921 806 599 540 332 956 400 827 518 797 837 7 341 961 945 766 162 165 392 793 569 941 486 526 668 927 584 774 71 820 684 196 410 27 482 943 111 889 664 999 841 63 121 229 708 877 176 505 496 242 628 461 469 725 25 683 944 703 929 516 676 914 755 493 969 285 463 781 28 111 516 80 6 298 232 965 577 170 944 386 655 182 78 80 508 915 814 412 203 691 252 256 573 458 843 334 981 129 270 742 814 989 940 119 611 980 778 359 726 165 854 748 323 181 394 699 122 216 725 583 234 277 516 522 901 367 460 184 643 761 832 75 106 177 426 510 508 161 965 124 293 739 515 322 556 962 545 82 768 638 433 605 551 478 198 910 346 952 489 811 847 723 611 142 947 44 950 937 107 618 14 710 229 886 404 821 942 746 498 8 513 465 623 49 9 752 32 653 479 961 786 402 235 38 344 777 177 702 801 10 737 613 319 87 969 125 38 862 983 256 803 464 936 933 552 497 244 48 740 740 873 483 949 96 49 689 550 700 953 78 503 202 78 612 895 538 452 221 887 679 732 425 705 75 590 518 674 508 483 283 446 590 77 283 18 477 367 544 741 693 372 276 124 763 509 805 199 920 875 443 217 4 503 244 42 604 17 208 117 397 755 503 907 823 646 154 713 784 456 643 697 688 503 319 877 809 151 104 247 838 48 16 908 560 809 408 989 772 660 711 669 905 843 839 88 372 594 200 131 684 204 328 926 753 824 594 700 393 334 862 107 826 881 365 336 657 628 208 121 787 734 156 929 687 218 69 943 737 396 893 263 514 555 499 857 752 838 693 372 895 179 957 217 930 917 32 224 651 908 256 797 507 747 636 35 178 8 377 979 290 26 495 527 205 114 720 684 616 549 449 659 395 566 43 821 606 21 318 81 192 253 258 65 903 849 79 141 802 700 445 91 560 796 855 722 815 68 519 424 171 755 676 620 478 11 980 871 
669 509 264 802 733 902 900 156 303 684 601 606 701 770 378 385 91 683 95 99 187 163 856 168 478 990 913 553 190 570 147 997 866 497 666 94 249 241 661 913 921 779 716 236 233 336 997 443 131 6 515 173 853 232 411 326 293 244 285 308 180 423 826 559 806 890 712 833 112 149 370 323 396 986 75 268 914 18 303 388 50 16 389 4 262 320 599 149 599 63 65 875 910 513 658 529 553 225 878 438 45 300 474 77 772 194 522 286 324 399 98 385 514 797 111 931 357 250 306 762 189 920 482 857 831 131 930 318 516 614 397 316 130 556 281 60 191 579 933 192 210 48 80 807 785 456 322 887 736 64 533 24 549 579 857 472 255 746 878 725 34 361 192 216 524 198 360 274 743 433 237 537 660 778 760 680 797 800 702 286 674 947 551 605 900 1000 569 647 804 877 235 655 552 951 205 981 547 929 748 295 690 306 528 93 517 0 593 75 931 317 659 148 984 584 763 251 222 983 243 222 789 686 142 12 544 824 673 864 877 707 211 579 50 1 919 342 700 789 859 76 446 5 3 36 480 486 376 432 71 960 826 75 854 755 378 746 715 197 588 100 72 655 963 244 122 901 833 31 423 16 738 73 813 687 580 225 61 468 291 134 631 900 87 208 242 286 855 691 732 629 195 986 621 170 260 784 368 723 980 26 983 277 851 619 1 766 360 31 131 739 377 364 16 647 702 842 383 521 555 734 825 106 978 287 72 128 764 430 971 772 341 629 0 446 419 449 988 88 156 378 545 341 978 60 428 597 641 852 561 241 80 715 848 585 144 742 272 923 637 981 510 340 658 232 260 45 386 917 185 67 108 781 815 809 566 630 23 600 205 942 681 39 61 234 737 462 168 731 140 689 608 10 268 528 311 224 181 214 334 251 453 522 353 361 733 630 56 271 807 868 145 454 344 788 802 605 773 651 920 420 166 389 900 97 938 488 429 125 280 133 585 765 152 344 684 335 759 330 343 425 990 431 61 893 161 769 27 78 770 814 802 386 488 712 210 225 805 788 268 676 130 428 592 676 179 866 760 874 354 655 443 346 661 318 638 458 548 89 635 818 856 293 966 624 392 3 766 644 504 53 421 394 131 449 867 420 839 528 536 865 
627 472 87 885 647 572 533 581 251 970 430 877 494 251 80 748 658 904 726 875 792 153 720 478 960 824 976 573 424 906 989 265 934 421 590 691 803 59 719 579 599 576 989 234 438 160 733 885 401 16 314 809 35 169 307 455 852 558 884 54 903 992 443 541 275 189 398 851 596 198 543 498 617 207 627 214 94 267 550 840 147 674 788 350 991 491 878 818 591 552 45 645 595 141 615 594 388 627 730 534 357 974 953 291 317 332 488 16 724 736 95 707 844 728 639 389 815 548 835 997 976 219 462 460 611 740 975 836 339 987 190 942 733 952 430 472 126 990 353 501 301 231 517 865 15 224 446 847 259 407 577 12 993 589 874 960 760 94 700 137 303 316 876 642 491 188 610 689 453 753 722 264 471 774 685 798 67 475 225 216 777 179 574 759 574 607 957 228 984 556 878 535 870 181 840 71 381 661 575 255 286 30 512 750 268 456 61 339 620 434 781 130 994 295 640 106 517 366 686 209 649 339 854 799 382 280 120 278 29 109 493 299 396 794 832 984 626 528 885 400 215 172 234 21 454 785 227 400 90 628 680 569 557 923 735 50 870 507 154 144 510 905 787 863 421 762 193 754 980 613 763 298 418 809 123 570 967 199 687 194 582 367 657 947 435 218 558 869 661 865 246 80 698 898 37 1000 742 160 570 667 49 619 193 753 669 764 221 322 411 156 325 454 638 549 538 982 844 679 887 155 974 896 240 117 664 29 445 884 783 494 380 386 399 149 937 591 461 18 815 176 218 429 128 831 693 167 534 427 330 273 753 872 303 399 813 574 76 620 792 345 994 918 486 358 174 285 353 310 901 478 515 877 955 886 122 264 685 586 420 537 736 274 174 536 874 738 245 593 501 780 443 69 482 920 297 475 733 479 658 93 740 164 808 697 869 99 988 24 509 885 849 902 506 449 432 997 465 488 746 291 980 807 672 797 236 574 690 89 457 597 729 448 565 842 845 516 150 90 339 154 588 530 879 844 94 232 132 684 411 582 212 565 662 686 134 570 534 990 523 855 562 337 424 414 411 217 934 95 429 613 645 727 104 812 382 96 961 103 526 979 268 566 938 832 197 343 536 69 629 188 518 531 951 315 820 247 421 293 406 16 
557 952 949 495 382 542 557 79 794 170 789 997 522 396 263 973 143 139 484 61 569 237 167 795 395 501 748 430 810 386 143 720 909 155 540 420 678 679 314 536 132 849 327 893 853 607 766 722 238 294 782 989 172 478 840 554 839 554 270 394 846 189 108 488 744 221 467 44 239 111 502 251 775 359 576 412 312 973 234 832 902 406 253 172 10 736 246 553 51 35 812 366 119 147 993 932 195 910 83 541 234 961 304 756 613 869 331 653 111 772 829 260 860 423 837 458 548 105 386 180 539 307 769 930 953 928 957 691 466 555 34 223 522 791 11 140 264 717 814 379 575 828 781 193 246 866 402 606 397 974 347 874 19 151 35 179 800 399 748 335 142 354 105 938 532 296 168 318 763 580 839 713 447 229 963 767 215 750 432 141 143 357 595 360 559 487 168 760 805 775 330 805 859 966 373 540 166 299 334 303 781 794 919 425 978 735 578 301 370 881 175 310 747 248 523 561 686 972 488 339 460 483 277 680 677 364 823 634 885 551 337 478 624 507 168 477 125 998 298 141 124 305 730 18 476 435 139 66 204 292 907 724 330 971 879 360 266 941 705 877 104 34 371 585 599 942 582 806 293 154 1000 25 634 620 644 31 470 770 200 313 44 521 440 602 686 386 120 602 969 750 241 301 69 315 338 387 414 885 18 877 739 459 318 291 24 997 193 787 662 912 262 393 199 342 446 596 734 156 963 752 172 939 450 330 74 593 803 934 233 137 334 490 229 693 98 855 867 178 551 423 532 337 132 582 623 664 69 365 130 161 20 300 295 983 951 128 707 42 518 934 907 82 87 830 206 466 798 580 667 683 799 472 289 238 852 341 77 331 692 64 0 799 506 791 292 173 564 121 188 295 173 927 661 332 901 588 720 953 875 730 284 281 881 393 173 513 381 331 560 876 665 904 836 380 911 141 795 247 343 253 187 955 334 753 795 730 470 599 62 656 626 519 636 915 764 180 78 779 688 740 322 217 430 701 587 486 200 958 383 247 534 792 626 31 427 461 818 901 838 273 962 223 568 722 502 924 989 73 88 451 910 364 590 510 867 957 212 286 799 64 842 535 806 618 238 263 461 796 518 620 873 562 737 732 560 463 897 830 755 493 
821 242 595 888 365 204 138 217 655 321 540 787 141 675 386 283 849 509 744 173 462 969 70 938 374 404 709 757 102 299 312 361 19 227 300 229 289 567 609 984 228 335 36 992 557 564 982 73 418 981 370 560 970 816 236 47 401 224 687 605 139 565 408 837 819 680 667 289 321 60 38 610 474 774 889 434 66 753 751 999 194 496 894 539 740 598 246 35 854 98 260 275 653 640 220 300 602 228 497 611 743 627 902 996 850 976 788 721 546 582 433 792 225 788 944 525 162 537 808 407 128 924 971 255 969 724 64 114 845 246 93 389 847 465 242 940 391 635 4 14 884 787 0 372 889 75 387 662 42 146 106 403 43 858 484 448 374 592 64 342 683 43 757 550 400 930 730 676 51 493 298 436 880 959 695 949 74 235 21 339 461 91 256 860 855 427 326 938 849 42 455 914 994 800 390 940 414 415 196 972 974 193 345 892 891 58 92 492 327 126 985 854 406 364 90 250 140 387 678 274 471 858 895 731 620 239 859 749 532 939 173 441 429 730 888 196 746 504 974 165 801 500 462 547 572 950 456 43 746 220 355 53 67 179 672 123 333 400 774 252 415 486 45 271 344 130 246 545 273 623 19 703 979 229 130 851 372 750 418 727 598 221 102 102 164 820 946 143 855 977 834 697 615 156 348 702 653 484 647 541 39 812 561 480 852 211 72 791 951 990 526 281 854 274 456 341 650 94 353 301 85 259 274 178 5 402 487 927 289 586 329 972 924 346 392 532 122 354 878 801 689 380 197 687 690 45 243 382 145 502 780 157 337 267 399 632 337 439 408 712 996 175 697 229 912 501 305 268 805 749 716 612 351 258 760 587 661 471 568 720 605 895 327 520 87 528 208 545 232 284 39 867 363 462 133 767 329 822 419 429 419 222 967 68 377 110 75 773 746 273 987 828 950 103 589 863 707 999 561 505 436 796 587 673 411 185 997 768 897 987 314 864 499 819 779 155 732 100 949 841 674 369 554 178 499 887 723 6 860 801 254 664 1 472 1000 873 712 226 4 828 374 381 765 591 807 857 627 452 526 77 874 193 409 842 388 837 887 350 585 203 823 84 271 922 789 661 742 403 489 653 995 259 497 850 340 752 744 799 57 794 
840 933 88 171 176 592 12 654 499 776 643 555 328 415 51 113 891 157 95 702 946 337 713 397 443 937 302 977 802 838 684 471 810 67 4 531 744 709 424 254 121 201 32 403 89 432 485 885 476 326 148 257 457 299 255 687 155 289 803 693 406 346 643 793 23 264 615 201 577 768 396 363 538 579 982 280 951 524 178 912 331 638 147 524 19 970 526 373 28 623 428 175 129 295 70 890 595 214 217 473 245 858 194 90 967 150 208 120 53 343 159 735 385 972 602 545 503 455 427 345 125 183 950 187 871 981 422 415 140 92 357 708 735 774 389 724 176 743 87 29 197 846 431 704 432 905 74 355 341 307 112 164 785 107 512 87 378 794 623 794 597 508 303 965 379 901 983 598 116 81 6 609 92 356 497 695 351 301 264 641 479 108 742 233 607 157 550 790 952 880 555 853 475 83 371 466 730 918 341 466 20 975 988 713 888 499 884 823 699 477 135 267 789 826 326 851 838 826 543 481 183 871 76 846 375 356 43 138 492 133 424 907 533 876 390 908 199 794 297 477 268 288 58 693 966 347 859 376 910 587 426 524 368 27 984 965 155 894 121 625 128 750 334 274 211 169 565 953 141 950 386 812 560 184 405 428 311 770 867 541 328 587 723 997 303 890 402 576 365 841 856 858 917 24 690 902 692 853 475 780 39 797 367 595 189 823 123 670 860 775 922 389 293 705 909 702 284 718 577 926 257 403 593 924 200 836 347 647 695 261 682 351 287 253 7 882 347 877 955 545 557 13 334 704 312 669 738 14 560 458 552 632 411 977 221 942 136 633 494 900 384 369 402 266 737 398 325 585 876 807 867 507 743 413 882 979 59 249 893 179 391 658 553 61 934 486 67 652 937 364 356 927 511 633 111 514 273 270 837 801 548 517 479 310 660 543 880 447 962 275 467 544 532 696 140 740 110 820 943 404 987 464 799 711 51 72 839 439 145 966 10 18 316 509 605 432 171 168 519 842 998 302 118 902 658 339 257 482 508 427 340 10 842 291 283 139 142 31 468 615 343 997 159 100 819 634 443 446 855 896 549 640 454 401 678 173 600 791 705 294 820 500 957 340 565 686 510 338 502 791 605 34 463 598 142 660 199 996 7 778 
818 365 678 200 455 240 594 68 423 562 729 618 451 205 633 319 525 915 523 626 283 786 879 828 280 623 854 461 516 309 597 429 657 967 978 137 863 573 990 518 676 16 410 919 372 852 318 971 687 989 32 885 40 753 313 20 921 790 807 298 929 919 867 990 275 262 233 44 294 790 990 786 443 733 980 441 948 995 123 351 394 535 802 140 182 59 24 761 211 863 231 636 607 188 809 545 221 668 631 444 402 426 174 998 680 940 669 265 9 165 680 160 894 321 850 372 838 627 279 923 850 884 556 489 719 146 956 739 471 437 164 841 32 821 18 896 756 892 280 307 0 86 329 351 697 133 672 109 779 170 364 727 509 602 29 432 579 463 981 210 591 907 256 47 391 922 58 648 617 988 811 265 796 104 417 377 83 371 523 905 916 313 254 995 910 426 764 851 668 735 155 972 619 198 568 850 565 362 458 156 823 260 143 913 606 710 72 373 314 538 512 10 974 50 311 4 294 877 281 460 714 546 438 471 295 897 158 134 792 540 645 613 59 810 264 247 962 155 845 361 369 651 274 348 464 79 944 38 435 164 88 417 11 903 405 934 955 403 861 468 146 167 964 933 39 172 825 789 776 440 148 375 75 948 865 318 459 186 732 5 558 71 785 258 61 371 337 905 332 317 101 115 985 434 75 593 852 3 303 775 827 961 293 164 516 578 928 585 218 638 888 242 657 869 0 833 111 766 44 69 442 975 957 2 847 917 818 871 280 150 521 989 980 11 128 244 372 542 677 34 670 113 796 329 201 68 627 133 998 352 341 154 877 909 69 398 295 982 920 711 443 741 672 715 764 418 521 517 434 772 560 29 458 727 506 322 170 652 260 121 520 681 990 648 219 95 397 695 58 737 233 672 722 183 708 358 690 679 571 444 466 687 410 654 429 295 207 222 819 754 154 681 810 375 768 453 521 40 877 206 8 93 200 284 155 553 216 87 601 452 593 115 839 360 291 676 515 138 945 869 934 741 506 611 155 22 303 78 474 131 448 50 985 346 764 77 25 422 348 853 66 895 337 765 535 775 813 838 425 536 814 356 386 196 336 776 325 521 649 903 594 374 408 397 545 711 965 696 270 984 366 434 279 788 978 665 649 220 124 686 
495 554 563 946 299 556 83 291 385 822 957 28 849 72 821 542 636 430 815 335 462 428 618 400 838 368 70 664 891 368 312 731 932 992 872 728 896 202 660 69 740 960 780 176 582 376 408 186 965 171 815 180 652 629 427 20 776 635 482 626 876 102 359 61 100 563 430 121 895 925 467 594 800 367 464 66 422 644 607 73 335 4 530 539 820 583 910 426 697 145 988 322 122 949 660 256 320 344 230 585 143 928 348 403 804 158 653 344 867 912 781 165 364 782 391 493 121 532 866 89 2 367 27 726 357 789 828 439 125 74 121 34 284 752 761 828 317 824 700 69 259 920 280 545 895 375 246 937 44 246 146 815 147 652 129 774 686 702 739 946 850 398 690 732 850 30 647 315 215 379 451 151 488 35 424 620 577 381 84 850 958 365 708 355 995 341 780 961 974 433 80 603 21 413 218 20 922 817 67 769 851 295 166 626 912 13 634 142 56 656 390 528 427 210 799 88 21 51 654 492 774 572 533 894 648 622 33 281 428 580 962 594 612 141 468 564 459 102 79 399 355 365 614 794 862 87 648 872 79 610 88 235 663 633 157 690 737 367 303 789 814 183 924 842 31 206 141 402 773 37 366 336 689 496 722 804 850 168 51 101 105 471 864 543 972 206 680 606 275 136 332 480 946 725 651 707 871 872 978 321 498 977 341 291 398 155 547 796 847 841 274 872 596 955 27 617 312 557 32 220 964 465 688 885 874 82 486 848 98 939 522 521 542 561 562 141 156 216 164 132 694 693 53 368 732 560 216 66 893 917 637 493 570 732 166 798 476 659 0 410 370 786 509 411 670 378 501 335 450 326 991 745 220 893 96 482 722 966 710 580 82 458 447 253 185 51 364 257 6 450 726 966 144 411 960 527 143 356 428 118 923 113 326 678 23 373 24 400 354 673 299 810 893 8 770 995 803 602 621 711 817 109 997 263 797 727 427 936 954 16 687 440 771 154 24 533 346 172 713 956 437 872 848 344 843 127 944 534 264 672 745 961 339 774 120 959 290 757 746 217 424 474 219 158 899 776 902 458 183 982 190 153 38 749 739 788 686 690 703 793 610 629 751 16 393 780 66 460 643 850 589 234 986 413 368 139 136 113 355 449 
301 408 670 916 373 767 975 833 321 955 946 462 778 768 325 162 638 910 555 23 181 742 951 659 577 862 795 647 759 902 103 379 310 342 300 69 669 177 623 61 493 751 726 341 15 850 492 7 170 650 363 780 11 345 174 575 462 893 581 579 634 432 561 83 873 703 712 835 923 351 427 850 386 173 153 370 800 872 805 460 400 547 654 540 48 943 766 319 875 651 501 393 180 507 354 271 630 590 811 874 612 190 636 31 70 315 141 929 608 771 205 937 438 725 393 577 945 287 535 890 870 541 907 416 987 383 953 489 453 935 132 388 82 855 279 634 839 964 322 398 838 743 55 264 320 449 528 987 530 468 233 153 226 273 693 370 680 987 565 435 629 975 756 198 544 239 341 194 563 493 115 981 378 803 238 357 145 351 165 308 670 383 606 134 749 38 112 796 404 96 898 211 422 181 342 837 360 346 562 782 739 338 546 898 170 851 675 14 708 276 525 396 233 788 104 281 723 335 842 5 153 921 774 151 614 528 344 4 172 935 281 566 801 780 157 842 35 574 703 864 227 121 344 160 9 635 687 557 244 399 40 532 312 929 583 288 182 582 223 794 885 26 321 502 80 839 453 161 789 9 740 948 527 565 926 756 604 162 974 470 734 449 524 428 325 414 338 18 741 29 55 634 583 908 726 909 547 300 205 929 702 304 223 673 527 176 834 135 640 522 386 636 323 57 974 183 938 426 402 59 325 723 348 23 856 428 199 704 353 719 552 123 372 606 970 101 122 341 40 946 704 565 862 361 200 198 133 887 793 140 44 333 94 758 158 90 178 685 313 6 492 885 427 334 125 316 67 600 857 935 449 36 859 97 628 412 897 301 429 974 305 908 923 574 516 941 458 863 478 564 381 244 45 847 937 226 47 485 262 689 954 114 417 458 578 36 349 515 516 506 771 793 361 460 11 305 507 56 311 641 905 144 312 760 690 107 637 971 338 224 569 122 598 927 638 874 442 6 17 124 425 559 28 754 111 710 443 532 953 52 106 83 274 204 203 587 970 767 903 184 881 0 59 808 941 965 680 473 846 538 255 86 341 656 652 779 685 160 711 435 227 672 797 553 673 858 710 437 271 125 319 639 920 165 165 947 847 731 96 228 
348 352 914 287 374 816 687 181 662 533 959 424 66 515 796 182 23 154 849 986 786 14 948 555 157 829 432 986 261 615 182 194 223 770 922 623 390 354 641 491 213 166 859 874 734 250 128 253 713 389 661 191 301 171 792 336 20 192 499 735 390 525 944 818 863 405 658 473 723 421 100 653 491 811 761 842 397 566 40 903 53 147 375 644 804 803 390 715 283 62 285 382 245 187 576 159 361 546 49 576 913 308 435 23 163 739 663 30 156 779 511 346 514 602 266 845 471 559 106 997 582 101 612 955 489 29 692 487 934 418 711 611 598 70 715 14 918 25 584 747 570 57 549 810 399 918 844 131 12 182 594 214 2 190 94 893 971 932 651 422 80 524 36 224 903 375 921 579 614 724 781 668 751 415 36 22 607 713 210 21 952 75 23 47 648 580 279 308 21 74 291 38 245 48 642 175 537 26 43 782 988 820 914 569 163 593 549 304 133 532 966 779 147 711 227 418 309 235 996 381 523 876 240 96 787 791 894 460 454 835 456 657 58 632 303 31 845 737 433 578 559 497 103 868 725 870 569 483 265 338 676 710 561 434 568 316 348 478 706 118 759 513 441 723 561 498 32 160 7 789 985 105 327 884 533 456 986 404 850 930 949 294 848 838 41 204 813 369 268 500 729 987 319 244 521 311 24 529 424 466 469 383 12 199 676 334 390 172 224 378 128 187 293 877 462 240 26 975 674 230 120 875 393 273 431 52 495 966 567 19 228 323 431 273 752 103 923 571 919 508 609 571 984 239 697 131 834 2 726 773 841 750 351 143 629 451 47 661 751 407 925 405 55 220 869 328 737 400 917 58 463 159 798 7 756 550 81 204 237 428 175 800 117 630 400 953 820 269 568 304 637 721 913 145 259 216 274 173 756 979 407 72 722 243 946 197 705 789 640 851 603 936 412 451 319 217 58 163 804 124 686 570 391 518 30 219 509 574 314 713 706 933 207 835 746 560 95 755 267 696 908 995 858 441 268 912 753 60 285 419 260 480 52 847 744 386 686 132 493 941 961 312 278 557 885 953 892 592 21 937 174 666 576 475 700 440 492 886 95 870 900 422 53 558 290 211 62 191 817 399 563 582 907 359 703 269 117 92 237 45 
440 753 464 548 82 235 599 32 860 121 746 818 749 680 231 947 673 279 981 386 16 716 76 573 150 448 72 329 686 949 253 162 968 923 541 632 56 782 371 412 155 176 174 301 310 753 177 710 273 343 829 692 375 65 123 390 112 333 587 359 170 982 689 125 138 196 115 337 413 685 811 626 879 602 377 695 89 647 567 847 407 159 608 635 45 558 767 536 616 22 788 632 742 25 888 975 931 865 936 306 950 11 312 586 47 375 18 117 448 724 988 285 559 571 77 104 308 664 152 979 72 612 847 643 231 424 916 848 240 841 29 865 145 355 131 323 380 914 10 701 960 570 686 660 734 11 256 801 985 907 779 551 357 519 743 721 301 907 589 968 378 324 974 637 294 173 700 870 85 316 288 902 710 56 467 962 788 585 374 749 931 695 215 168 620 321 643 430 265 567 160 298 239 856 109 227 760 341 54 69 588 643 929 22 510 71 100 222 178 149 679 560 414 57 460 87 30 631 961 525 523 628 145 621 857 929 42 362 522 280 394 27 928 170 436 557 528 872 571 633 78 97 951 532 918 269 826 823 263 911 284 609 531 889 311 235 916 574 226 290 633 713 242 96 592 314 954 760 537 988 86 5 876 197 32 161 706 568 678 252 709 847 191 683 17 95 61 958 392 435 803 113 831 971 543 868 827 377 988 384 654 908 904 160 988 604 543 440 182 698 97 275 913 838 536 812 145 674 674 589 971 846 696 387 872 945 126 206 379 237 47 305 977 38 742 630 749 45 771 230 128 411 885 294 193 454 750 688 501 946 616 504 482 953 512 291 11 640 950 756 231 228 176 144 720 563 59 933 652 201 446 112 901 38 420 95 78 514 485 632 533 848 279 30 102 191 407 587 986 529 437 274 258 779 378 930 395 856 744 336 756 441 4 345 132 870 424 960 515 653 23 654 833 823 589 612 219 497 659 367 328 99 897 981 333 33 452 612 588 0 850 207 114 428 679 13 459 146 914 593 326 353 817 359 555 546 906 893 259 30 755 259 8 52 975 31 160 682 304 119 560 196 722 471 701 257 501 365 514 148 743 766 824 188 638 813 90 908 683 273 786 629 500 265 898 548 809 573 539 823 140 66 732 566 608 959 471 59 298 188 
623 351 581 287 956 70 582 99 257 217 566 418 402 698 566 341 789 578 578 34 49 303 318 634 637 849 472 271 492 1 477 444 94 963 391 797 924 632 527 250 211 123 774 85 870 825 868 701 383 124 85 371 393 120 379 969 101 309 641 181 13 527 189 665 861 523 995 539 569 16 321 272 46 898 322 426 171 911 736 236 208 260 636 589 666 519 184 739 913 187 848 659 337 671 135 293 760 713 391 690 448 756 921 346 436 840 255 965 775 289 990 602 314 957 25 574 650 881 318 26 795 122 424 977 663 810 9 775 755 884 132 295 91 757 631 956 580 292 885 813 856 529 866 254 755 660 657 916 493 872 742 995 443 845 432 364 927 678 112 993 459 74 359 595 736 312 576 583 789 79 707 195 545 212 361 115 661 524 945 896 641 188 462 608 10 70 531 691 550 711 714 685 215 868 390 380 309 418 875 34 94 601 931 41 524 627 249 401 746 43 882 891 734 88 206 623 261 488 149 777 654 447 782 771 264 814 791 551 228 98 374 861 151 537 262 236 763 230 394 303 344 20 404 986 184 59 893 916 236 837 386 916 581 548 925 155 342 795 949 97 541 299 438 30 928 27 362 812 810 151 176 526 822 470 769 722 391 839 26 350 665 986 850 889 794 616 520 696 116 536 578 886 89 141 69 851 14 352 598 949 588 287 313 714 338 865 934 684 665 261 308 804 570 3 136 252 93 569 749 416 186 378 922 496 551 524 297 431 945 698 886 760 51 970 157 394 753 795 500 214 216 795 708 573 625 456 439 190 230 950 314 204 527 260 10 376 659 518 741 565 387 829 962 439 746 395 978 184 125 785 695 704 699 19 59 361 847 185 334 93 974 981 787 345 545 34 540 471 222 629 602 926 642 147 265 105 659 558 55 195 819 277 130 345 802 253 423 462 684 48 109 492 958 693 83 478 793 277 93 673 903 530 388 846 908 494 595 306 647 577 982 533 698 509 997 508 846 941 305 917 290 208 452 158 20 298 63 397 465 920 19 914 969 726 914 832 0 692 66 961 122 400 95 904 838 257 812 646 470 965 508 288 364 145 14 37 22 386 613 863 773 829 288 935 580 387 210 306 783 934 789 677 469 590 906 409 963 463 281 426 
55 946 150 125 47 361 1 159 537 528 599 115 212 770 379 41 426 266 953 294 248 170 476 37 10 784 387 956 963 896 573 820 477 117 826 529 224 935 114 852 233 801 204 401 233 551 855 181 713 351 239 44 619 79 99 458 178 295 11 713 262 147 537 914 402 628 479 700 749 580 231 878 540 67 456 375 432 47 560 341 701 407 119 453 530 641 759 973 876 681 552 241 470 528 126 914 625 129 269 989 264 274 758 240 406 768 574 245 800 94 128 96 280 465 584 188 948 370 958 469 143 238 634 705 830 707 70 538 337 590 43 99 475 72 861 876 64 300 985 885 727 526 177 169 120 83 550 878 745 129 144 233 393 414 413 853 902 947 467 522 86 203 27 969 673 678 664 960 596 978 814 912 90 128 836 278 745 137 619 28 582 386 193 552 182 246 219 864 956 395 739 94 486 648 18 825 17 851 262 51 774 952 688 324 331 451 253 935 864 233 32 908 840 423 84 912 747 981 27 436 230 216 976 487 874 106 679 1000 10 584 485 314 50 888 290 301 80 919 870 25 653 70 673 940 906 241 20 458 752 147 419 375 12 175 614 970 752 481 326 803 930 577 366 399 859 103 239 586 372 661 776 100 579 957 152 309 535 660 834 468 278 881 728 789 518 456 711 188 379 15 420 593 452 13 548 217 847 712 577 771 989 295 123 797 136 411 280 716 45 777 18 652 935 569 170 24 486 48 499 306 441 229 376 75 580 734 654 17 280 423 710 907 749 923 725 785 853 75 761 831 101 420 465 507 505 999 323 442 839 890 795 437 296 457 863 715 395 739 807 297 824 715 113 198 21 225 878 543 413 566 755 236 978 193 698 890 709 586 64 814 413 985 332 568 250 147 339 481 735 990 958 880 743 934 790 575 427 88 113 589 508 408 624 701 49 595 30 604 709 530 367 300 116 190 239 562 437 916 71 84 579 702 245 232 293 692 407 994 854 53 462 143 173 406 834 482 369 901 71 371 175 785 597 296 135 717 219 590 266 17 869 35 568 204 648 888 410 653 839 0 65 785 636 560 128 24 420 387 109 656 609 121 92 27 369 690 517 373 483 19 489 364 432 743 223 615 692 941 323 416 500 509 889 491 926 257 189 839 778 73 
6 492 1000 852 570 964 70 616 337 581 499 750 42 392 227 743 612 611 932 491 866 631 771 638 670 940 120 497 588 650 164 641 829 605 389 931 327 564 865 375 892 454 625 622 24 825 365 891 9 898 171 587 415 192 59 323 824 697 670 136 610 904 85 437 351 973 506 585 775 281 987 432 510 75 0 34 731 825 974 225 337 171 868 299 870 620 215 61 828 888 359 429 292 811 272 807 570 394 544 125 61 916 872 955 82 754 423 708 334 19 930 765 315 890 972 463 656 81 281 955 102 116 513 276 916 2 268 946 464 216 556 759 348 714 245 544 52 365 231 726 965 447 982 283 794 874 146 505 632 599 314 998 581 263 640 727 151 162 0 618 124 396 472 178 939 26 363 449 580 145 826 326 876 667 509 259 897 660 288 661 664 875 30 198 211 402 286 246 431 876 792 718 682 268 627 97 8 950 81 411 756 607 326 777 310 698 309 196 278 474 705 605 698 41 334 62 861 92 488 253 864 697 322 328 865 840 825 251 419 49 990 874 173 583 323 832 199 1 520 514 660 38 277 811 853 257 369 942 849 663 913 756 743 856 486 877 602 449 693 513 619 6 735 335 192 717 702 467 549 5 325 87 605 858 153 303 141 483 558 728 998 415 337 756 582 838 851 436 51 47 535 475 869 802 306 677 345 870 391 79 795 647 3 725 642 589 615 434 876 772 906 423 697 908 953 859 468 453 829 536 841 754 344 502 993 93 886 555 79 758 903 167 346 186 782 569 569 688 943 66 137 47 51 733 947 288 933 430 525 201 396 224 705 129 660 386 56 394 329 437 512 315 304 444 821 521 890 428 217 422 822 535 344 881 711 976 924 999 6 983 356 966 731 146 517 887 890 333 31 8 23 813 468 784 407 646 219 999 971 190 476 182 731 600 328 25 194 676 931 410 720 475 291 347 195 437 961 817 205 254 976 583 438 448 506 866 757 453 977 166 613 691 989 148 873 487 310 657 946 635 500 327 440 755 169 192 183 955 919 521 57 530 261 447 245 358 130 664 436 415 527 847 627 737 785 226 566 236 405 920 503 570 373 354 240 684 0 814 581 873 391 739 348 38 964 157 154 48 90 734 182 515 96 521 352 790 143 834 389 669 
961 337 576 627 85 595 131 750 662 391 118 721 983 718 229 589 833 56 588 750 749 916 973 194 776 876 293 361 595 485 271 855 298 528 536 720 753 704 503 371 624 166 113 609 772 533 818 194 240 646 118 160 241 240 618 597 431 243 117 36 704 48 820 213 735 639 138 583 233 348 432 600 259 357 706 200 162 927 365 573 678 683 632 820 357 103 301 341 410 326 495 179 922 939 540 643 216 759 521 932 936 425 885 801 639 941 825 815 937 129 82 491 39 922 313 27 176 121 191 411 413 195 700 527 893 963 514 816 11 331 828 473 904 69 80 406 581 731 967 393 984 910 183 661 834 265 887 617 37 398 445 87 724 889 894 961 741 587 728 372 643 368 198 928 940 597 832 801 956 465 165 448 524 637 310 364 908 732 351 618 277 57 741 281 160 98 606 882 149 534 664 370 536 340 431 267 752 446 168 343 73 210 709 155 927 636 683 601 921 753 77 472 817 593 760 612 728 19 86 335 333 90 546 708 800 521 835 653 316 138 483 189 93 16 741 288 257 497 137 293 393 315 879 268 175 165 700 124 543 809 130 600 827 160 567 303 295 379 656 809 486 297 505 655 497 739 556 913 457 810 58 798 522 679 101 549 140 167 13 825 278 474 988 12 342 244 820 109 406 996 413 953 567 142 893 759 376 140 942 690 776 571 975 477 548 808 454 975 913 489 135 583 365 724 724 14 432 65 394 504 814 492 731 489 73 794 389 533 837 527 635 531 561 376 85 659 227 529 743 239 501 276 687 852 534 813 402 139 290 481 869 302 467 547 39 481 702 743 387 837 552 85 981 178 128 753 921 32 494 769 385 963 437 717 468 814 674 495 24 701 74 434 392 215 206 58 23 412 769 650 765 978 967 532 557 359 161 957 310 17 76 59 725 152 564 979 511 679 170 159 617 358 14 279 42 689 380 649 175 300 109 663 823 749 341 869 895 418 228 408 44 14 765 350 274 430 481 292 532 521 75 471 573 329 44 726 660 230 903 813 438 783 325 58 861 276 591 227 479 555 414 468 38 686 772 104 754 721 699 150 833 161 914 721 576 555 523 289 379 353 200 595 185 676 181 254 720 883 924 772 95 262 349 931 574 506 59 47 606 261 
413 47 50 202 811 398 414 469 216 703 967 52 206 187 536 206 435 985 71 802 736 801 360 815 365 344 890 32 747 413 290 47 84 376 906 145 365 112 213 289 205 766 293 379 359 644 280 104 806 579 455 817 989 450 905 597 405 933 508 728 511 760 231 958 809 76 166 415 162 133 695 941 789 498 515 308 635 121 24 312 425 303 39 828 16 968 389 17 278 125 945 249 992 345 780 178 96 167 182 608 624 500 402 722 62 976 911 668 35 426 783 568 889 773 76 843 468 69 124 609 309 802 241 211 498 201 476 580 397 300 721 230 403 189 54 162 381 997 984 396 335 435 100 784 744 991 134 875 435 443 183 443 898 629 996 923 29 90 164 648 848 607 144 295 552 18 18 218 76 174 797 414 32 488 615 703 651 698 710 400 543 254 10 93 702 881 790 584 808 859 495 418 321 895 164 894 241 709 665 180 523 159 642 546 563 377 331 549 69 955 975 930 762 589 175 451 377 732 638 564 459 92 995 759 917 907 60 381 818 860 481 425 557 791 985 897 551 824 919 579 797 289 448 154 399 607 683 435 787 867 98 570 165 259 844 219 825 590 260 897 295 44 575 944 156 464 579 548 123 472 705 731 915 989 223 115 145 291 237 65 530 431 636 946 808 529 876 551 610 677 8 94 708 46 832 869 230 953 675 472 306 763 372 298 142 157 636 230 597 785 302 843 706 904 484 698 39 758 836 274 629 421 219 299 437 579 828 823 513 608 204 203 257 810 273 162 87 308 20 133 668 518 37 990 720 701 811 677 367 449 732 517 158 838 95 992 820 951 336 462 432 497 865 112 850 392 353 3 974 31 609 587 956 681 166 387 609 437 67 850 902 958 804 993 262 387 789 455 107 132 930 853 833 708 315 283 186 406 979 904 945 355 817 779 956 859 190 872 828 567 223 205 908 696 61 985 525 577 525 489 730 718 145 793 529 833 294 581 705 523 475 838 180 18 791 179 676 214 597 624 527 217 30 305 417 292 665 375 812 642 332 386 937 582 672 175 144 97 286 519 242 136 911 153 734 881 513 733 785 525 484 257 687 214 281 83 670 428 419 479 932 146 36 896 464 118 62 904 483 360 190 189 903 647 661 457 414 822 1 851 
164 949 500 968 967 212 365 554 348 471 886 217 372 976 240 863 927 454 599 54 86 659 227 209 366 292 14 204 84 493 250 322 125 544 745 850 364 995 700 58 112 30 464 983 627 182 934 7 761 978 888 79 752 866 59 793 264 818 573 338 746 823 635 92 762 693 740 753 731 351 508 816 338 412 803 426 662 67 275 617 152 817 668 994 270 250 432 773 996 490 494 202 224 104 371 850 313 161 861 232 597 311 915 354 346 43 859 462 945 48 141 224 998 812 669 769 178 316 91 51 998 463 158 9 787 582 354 235 740 367 435 575 875 271 867 674 248 371 296 23 827 650 775 366 773 488 190 150 968 656 893 827 924 154 909 695 16 440 122 786 323 874 970 850 121 853 148 933 902 789 272 87 358 566 526 827 117 276 949 780 705 327 86 390 772 58 450 524 17 647 560 256 563 212 667 405 553 186 639 76 538 594 137 131 474 463 155 152 400 390 395 560 873 301 502 144 820 416 206 114 937 313 472 138 830 875 545 539 100 424 833 554 254 121 233 457 24 980 190 840 482 846 758 530 886 573 784 420 525 503 258 568 681 855 23 929 645 599 299 628 184 53 948 983 630 203 705 41 560 36 466 829 534 882 828 517 548 468 38 529 219 339 748 618 850 747 572 484 115 807 564 178 123 165 179 4 492 243 568 21 564 402 602 384 695 599 718 453 533 500 509 389 4 170 91 338 23 366 169 866 428 934 33 347 355 310 372 448 586 466 303 227 165 516 179 524 117 317 78 893 723 784 224 844 536 970 12 309 731 751 946 249 565 647 546 83 352 871 195 104 234 255 353 145 549 790 459 701 802 528 920 708 549 535 586 87 874 124 805 534 1 623 928 701 802 856 801 804 927 671 858 671 73 455 778 921 427 443 69 222 463 940 10 684 909 531 900 675 218 804 914 391 382 318 83 843 487 867 209 196 390 833 738 813 760 77 220 707 580 856 316 361 409 502 4 331 32 763 621 271 271 710 859 475 760 512 399 406 344 56 382 323 333 963 550 512 494 840 979 727 323 521 666 209 896 233 515 1000 585 41 760 661 69 49 401 191 176 987 155 634 851 432 882 139 347 655 545 523 81 343 294 458 623 295 688 190 397 115 634 14 
314 583 661 544 898 385 112 108 337 782 52 483 520 806 635 451 284 349 420 549 751 769 25 591 361 894 21 522 202 607 49 155 359 734 748 821 217 837 745 489 935 339 946 595 157 759 481 550 884 676 606 494 960 373 897 959 483 623 636 559 811 557 157 775 569 767 154 170 736 409 78 461 919 16 986 632 515 926 832 66 357 516 228 1 474 86 512 519 586 147 832 157 531 88 812 612 136 923 471 412 477 677 966 479 515 91 79 84 173 955 446 827 268 972 237 19 889 861 289 296 930 574 487 496 200 778 808 600 352 607 72 343 819 244 315 286 382 363 558 441 495 961 396 19 707 116 572 698 278 225 662 450 982 492 790 982 16 904 448 663 711 965 279 234 538 546 269 360 854 194 594 727 875 997 450 866 303 173 381 308 592 243 719 76 320 241 367 901 814 303 963 345 388 173 833 358 987 679 152 544 476 608 553 613 505 225 61 410 109 519 500 661 472 666 678 240 657 671 640 553 668 155 543 208 325 39 323 316 441 727 564 682 16 992 886 471 226 631 676 847 820 78 861 573 471 993 657 548 583 138 587 678 20 757 700 682 133 696 501 758 329 746 22 20 955 268 391 896 891 384 510 645 358 765 160 437 678 522 117 374 543 369 450 954 2 330 50 455 948 538 921 474 37 54 314 164 653 894 294 981 735 251 689 263 519 761 916 53 192 224 696 940 385 868 918 999 770 275 951 984 487 507 437 482 824 57 880 428 751 700 706 251 258 8 121 427 729 617 102 863 98 15 210 599 387 96 779 783 360 417 546 418 989 555 270 888 566 612 306 808 276 272 817 607 750 571 606 334 917 107 824 220 689 490 174 739 903 539 31 831 553 215 277 383 667 262 384 578 174 325 745 216 523 809 349 118 363 372 247 250 945 332 595 208 430 486 68 216 627 109 312 957 698 299 841 291 565 394 194 307 666 1 988 830 318 164 771 574 129 599 323 619 852 412 995 159 391 728 847 330 62 820 552 838 177 696 114 934 487 324 143 414 598 420 130 550 821 427 880 857 327 228 618 828 953 84 587 45 34 76 753 396 515 54 11 379 806 563 123 382 805 563 497 302 752 137 349 763 590 292 666 826 868 717 887 725 727 116 690 668 
190097 185415 189877 174925 198551 182809 185316 198032 183710 180764 194157 189512 193381 181205 197471 189983 190682 187949 188687 187715 184370 180828 183964 190514 179258 192472 184987 187232 183648 188385 
