500 30 30
-82 -37 -91 -155 441 -72 445 -70 -161 -176 316 -44 415 414 417 -32 -50 381 315 -139 -161 586 388 -150 -178 -151 317 -22 -81 -128 320 358 -25 -221 384 347 319 -153 373 -175 563 427 347 352 447 481 -139 -210 292 283 454 -61 -92 343 -185 505 -182 -124 -185 -202 -128 406 366 -207 -180 355 344 477 -238 411 -108 -237 -115 471 -117 444 358 -232 464 -112 -66 -232 -133 -139 508 541 -77 489 -75 598 -190 -252 -253 569 394 331 -48 380 -128 -22 -67 638 -31 -153 387 -25 -201 556 -55 -228 360 -156 -29 -237 -260 -33 360 284 -193 320 -150 499 -140 -203 -161 -8 -44 -61 -4 386 298 325 430 492 317 429 311 315 -222 399 -200 -9 -8 -7 -16 -126 277 -68 -90 406 338 303 -138 -76 -152 -20 -264 -146 274 -160 -80 -81 491 321 387 487 355 -10 434 450 406 275 410 293 574 384 293 -96 344 323 -202 390 317 -212 473 389 438 -27 280 331 -155 513 -2 -56 458 345 531 298 -165 444 -60 -257 -176 535 -62 514 574 -95 279 354 447 -248 -13 -220 -123 -29 491 -114 -40 -35 -82 447 345 -7 -167 499 -158 551 -57 393 -42 -93 453 296 347 -44 383 -61 340 422 351 280 480 351 -32 -130 -222 470 -232 395 -43 478 281 -89 355 -182 -73 -169 -214 -77 -256 355 -72 275 -61 349 -252 -126 -1 -78 386 -180 -148 -152 506 -171 296 298 385 -169 386 386 314 389 488 346 349 -186 -93 -185 472 -16 469 -37 472 -100 -270 -45 276 294 -95 406 -153 483 475 348 -185 -82 -218 -33 -30 329 319 436 386 357 361 -264 368 336 -124 315 415 505 -46 -122 368 -50 -10 -256 440 -231 -173 333 424 -180 348 459 -128 -42 432 324 291 431 575 463 420 -115 426 -68 307 329 471 -151 479 -58 -75 296 -14 410 347 319 -35 433 -262 -29 -248 -127 421 432 -99 292 -245 -270 450 349 493 -189 -6 -226 -9 -136 -192 333 -186 288 -192 -28 -15 -150 482 388 370 510 451 -12 454 -111 458 -76 414 320 403 277 -5 411 -23 -139 -236 -92 -130 338 -95 382 493 -32 290 339 555 464 289 -176 -42 328 464 -118 408 -124 -227 -268 -102 398 -206 -173 302 527 413 336 439 367 416 -9 491 -96 340 398 288 -59 532 333 305 -40 -208 473 342 -213 -171 -47 315 -198 -127 319 -112 -272 -229 -135 445 379 310 -197 -67 -110 312 -96 -64 360 401 -186 -175 352 322 -191 -110 -271 404 426 305 431 332 -206 502 506 -68 393 -274 -134 -183 -107 -178 457 
908 41 678 155 292 594 459 382 723 853 393 373 324 10 73 243 851 299 5 94 185 197 472 846 503 969 269 3 412 471 505 616 71 701 487 993 107 811 664 621 358 879 495 475 320 950 589 822 27 177 233 497 559 163 789 777 107 68 849 85 826 399 880 534 547 443 149 102 631 484 811 218 768 463 127 543 830 224 214 662 721 916 302 55 526 485 510 30 314 641 124 112 407 801 458 28 281 770 743 418 687 262 143 709 186 424 762 47 791 1 333 809 28 453 419 887 173 124 970 437 124 322 541 196 201 702 405 826 287 283 302 549 555 344 698 454 682 439 824 205 57 928 130 368 420 891 370 395 204 520 842 958 681 143 893 657 874 214 385 480 655 589 202 615 739 483 709 476 634 663 777 975 942 510 749 107 602 271 657 649 619 200 222 841 897 70 692 327 385 391 560 366 544 856 234 944 895 214 439 321 25 645 572 527 445 962 133 82 420 728 592 467 34 708 541 997 757 242 722 478 542 683 120 524 418 261 303 840 903 321 186 964 607 803 970 771 23 356 955 245 492 871 905 175 58 141 192 932 315 192 254 126 682 18 986 50 349 76 425 583 564 213 204 436 972 561 146 292 818 781 151 604 41 707 202 774 985 378 831 204 469 859 137 494 523 107 109 400 946 507 567 964 669 242 549 363 321 901 390 723 664 108 688 830 595 644 971 776 33 548 145 39 418 112 99 552 243 751 706 390 887 469 738 449 626 615 775 31 853 50 404 134 615 994 495 885 986 27 582 669 641 402 784 715 435 225 515 243 9 228 953 195 462 199 898 13 139 788 928 482 912 630 468 342 881 646 68 856 655 600 49 382 170 404 193 874 862 174 642 254 141 909 362 585 726 179 118 839 760 306 320 954 610 129 47 603 662 56 94 958 344 506 733 353 202 107 87 514 349 30 384 947 879 408 636 151 575 289 351 857 802 192 297 976 899 275 486 685 308 1 598 233 103 593 945 998 243 78 136 764 919 337 988 192 991 429 512 380 746 40 429 969 264 558 393 205 35 661 238 564 397 809 28 543 819 109 806 943 252 902 813 41 596 272 887 375 862 156 989 585 277 880 63 520 298 765 248 655 883 279 642 960 191 591 631 418 684 168 620 323 
413 19 318 655 12 946 89 782 867 631 797 207 282 426 383 903 816 493 160 167 842 360 680 568 644 475 688 208 963 887 34 946 526 347 418 279 104 104 785 982 302 603 461 740 944 461 90 644 114 973 527 941 384 696 984 526 163 678 207 90 526 948 882 132 687 128 538 641 646 193 280 983 919 682 240 577 983 402 843 320 481 149 174 537 821 856 764 249 613 895 924 368 15 271 570 408 609 850 974 133 488 293 758 305 927 492 652 703 264 600 104 715 355 358 724 875 2 967 178 592 8 679 910 707 909 174 922 584 227 856 677 435 13 421 515 677 452 671 250 692 417 112 522 821 170 415 67 467 917 630 963 157 590 293 662 361 528 612 643 370 933 202 936 354 213 761 798 801 80 182 546 713 148 321 857 142 277 921 584 648 24 612 270 750 822 857 243 411 496 471 549 992 807 569 231 596 617 360 896 357 850 998 852 294 232 83 516 854 716 27 926 652 690 82 133 925 320 508 446 601 974 575 640 648 849 348 377 616 127 738 48 771 490 186 207 323 285 423 20 413 984 437 467 534 51 839 462 440 388 398 95 731 265 380 723 748 820 252 847 837 881 816 840 906 184 519 683 47 995 765 305 483 32 640 384 477 83 155 281 336 322 997 974 192 672 743 559 978 94 544 985 437 926 145 269 370 37 863 850 540 587 931 650 936 731 908 349 491 835 935 31 790 339 564 434 506 878 992 252 931 41 273 790 486 78 749 218 283 608 866 306 1 123 916 984 387 179 527 761 942 658 251 264 24 342 368 556 784 328 318 553 711 716 502 600 418 993 749 141 204 913 727 844 222 741 645 883 198 392 876 821 792 512 341 412 471 923 3 916 497 79 849 327 166 864 848 708 255 632 505 215 903 656 662 591 818 648 448 34 167 840 576 225 127 357 848 322 539 898 77 353 711 260 346 854 584 451 477 677 383 25 704 424 658 997 904 869 303 125 589 6 840 684 806 396 861 65 345 419 612 539 749 508 849 302 40 526 765 831 344 329 240 46 42 167 727 248 540 331 11 522 427 783 503 309 523 791 800 740 810 311 282 735 963 213 926 941 796 846 949 115 183 521 931 870 776 493 572 482 139 292 640 729 562 693 654 250 9 898 273 
631 387 950 885 669 216 331 551 521 877 271 888 335 746 69 616 746 937 794 634 922 820 166 244 8 227 479 227 267 792 164 40 753 619 471 500 909 252 528 461 690 716 296 542 443 874 588 583 992 118 878 98 248 791 330 472 161 589 230 975 809 951 71 685 962 754 586 649 711 669 657 982 401 448 370 846 383 654 423 480 2 150 664 122 596 973 888 565 60 913 449 554 778 886 360 616 186 673 425 363 91 550 377 35 213 305 821 714 20 494 950 11 238 498 721 75 22 374 47 121 647 470 521 596 1000 478 274 137 426 655 226 881 681 524 606 900 454 760 553 33 137 819 40 544 238 793 728 69 807 16 904 869 707 397 174 13 522 926 547 376 752 917 646 421 874 545 457 449 828 148 421 434 278 837 830 967 842 67 550 424 150 246 659 593 561 229 88 157 312 751 716 53 774 610 452 405 213 813 145 914 807 974 858 991 371 75 184 368 728 289 859 436 475 421 239 437 368 206 518 588 562 952 44 551 243 751 526 771 698 79 312 655 240 909 480 54 336 309 533 354 882 826 743 681 358 688 301 441 128 433 369 378 616 617 293 8 143 59 161 429 553 415 164 552 741 330 246 648 246 404 734 663 358 983 705 639 367 972 533 701 610 254 193 343 43 851 253 759 602 654 768 732 387 910 637 685 536 940 765 309 627 471 747 158 822 695 594 301 991 291 887 673 956 571 885 203 634 541 212 659 285 825 169 545 334 899 164 190 152 451 525 782 1 942 956 526 937 835 905 637 172 373 810 172 848 67 526 957 565 128 956 230 159 259 765 938 148 343 209 27 189 904 893 553 271 498 312 48 512 442 248 590 544 569 783 608 37 747 540 583 4 68 67 46 568 813 140 728 572 145 500 51 552 347 118 87 566 139 496 901 121 188 877 79 426 175 245 748 115 325 766 32 271 903 857 580 88 278 989 171 270 602 260 712 984 155 864 288 700 416 683 547 182 450 696 234 595 880 205 487 978 681 389 695 447 427 368 129 975 79 657 803 899 953 443 48 68 408 370 572 947 129 850 115 182 4 723 925 281 83 863 243 594 326 9 245 995 984 206 811 717 575 64 832 729 526 566 693 158 354 61 331 266 399 933 790 913 24 620 769 
638 737 219 630 772 708 570 795 603 933 708 411 643 294 849 978 562 202 344 405 214 875 473 165 305 897 900 882 775 857 396 823 41 881 304 553 87 212 199 431 647 723 705 769 456 165 230 936 349 108 823 538 266 320 254 417 936 8 750 296 936 12 10 885 786 267 575 45 259 317 137 986 959 48 294 85 92 284 68 612 962 925 476 266 652 907 467 409 415 275 444 528 173 707 231 500 857 504 592 960 8 512 735 36 60 159 371 687 631 914 342 653 33 652 574 662 778 20 57 668 527 419 206 202 333 486 11 652 230 216 106 51 430 380 995 62 388 86 23 959 690 719 442 146 347 306 422 622 894 977 79 233 671 247 827 766 568 132 181 837 34 42 134 126 158 674 794 358 377 413 140 181 187 300 641 229 142 918 284 170 783 269 471 818 7 887 524 27 334 61 919 759 852 942 260 121 662 81 431 661 610 508 103 457 652 656 554 940 116 840 456 618 70 246 583 645 847 948 81 155 695 858 815 330 724 661 723 332 720 689 8 147 664 756 563 250 684 187 982 601 116 209 729 710 217 500 879 684 959 125 9 677 20 506 109 974 378 958 636 879 179 291 582 503 265 861 894 618 651 998 69 202 751 945 928 246 458 951 705 109 336 595 853 177 748 462 618 91 230 913 999 242 960 775 321 931 367 78 273 744 297 825 375 16 779 751 372 386 400 528 51 537 121 389 117 902 391 509 110 521 385 391 683 261 821 731 272 766 840 143 372 635 671 571 803 755 650 651 111 882 187 487 253 864 913 556 641 158 997 136 161 615 937 504 754 368 828 922 364 160 782 649 358 893 124 308 674 644 802 918 991 613 803 555 833 962 539 391 688 607 990 534 298 935 136 219 769 122 116 505 637 704 209 899 664 780 79 45 652 577 829 607 356 517 537 92 421 376 740 46 323 274 99 759 394 16 917 752 859 141 125 810 83 432 591 590 218 81 803 653 352 731 779 630 48 961 747 395 762 928 949 154 641 312 586 268 969 905 209 336 110 935 135 333 733 422 90 361 211 477 629 477 199 258 154 612 169 64 635 159 15 651 823 435 931 159 325 989 422 556 90 58 875 842 498 969 571 428 88 173 636 774 430 724 801 982 380 265 88 612 
936 249 453 552 705 855 49 384 491 481 266 967 330 487 770 556 639 318 695 712 891 305 909 69 455 306 109 238 639 316 436 979 994 696 996 617 91 705 347 219 332 704 429 347 455 510 442 135 517 845 79 979 722 53 781 586 951 1000 724 876 965 277 806 902 458 701 675 805 469 286 904 880 937 786 182 344 611 799 732 457 468 181 580 445 566 730 966 677 542 54 662 647 917 213 126 174 278 95 172 820 784 456 833 551 929 329 751 119 702 43 583 531 596 431 933 767 789 736 205 518 156 346 283 815 208 507 747 249 248 414 276 805 362 855 742 936 3 258 397 806 782 250 597 725 613 794 524 879 985 949 741 877 25 927 58 155 4 255 359 640 999 827 966 418 61 674 270 867 233 207 339 518 133 211 940 464 536 407 615 390 969 340 844 418 990 10 412 349 931 411 607 987 163 205 792 521 352 121 786 536 691 744 903 807 185 734 44 834 684 341 350 652 173 658 979 93 658 982 112 123 532 708 406 522 516 53 723 724 699 725 922 495 55 67 298 273 132 948 71 212 985 68 219 761 557 905 946 517 13 856 271 879 575 364 698 301 371 42 839 73 254 262 341 351 78 547 611 652 550 996 211 869 671 461 427 789 466 937 272 132 807 122 721 759 748 450 388 276 879 781 867 130 858 826 436 378 49 485 580 495 5 574 617 671 278 328 225 247 2 321 982 201 168 132 334 420 963 55 180 991 728 741 416 661 38 67 863 903 863 52 283 28 986 396 8 305 182 107 812 393 887 481 363 651 993 172 933 422 53 50 273 582 214 866 974 179 778 113 310 613 488 653 752 450 670 259 601 123 832 713 731 762 832 90 201 700 17 933 455 606 537 92 132 776 937 733 908 404 286 947 192 326 429 794 829 704 456 213 572 765 211 151 174 257 773 371 78 690 815 37 948 786 927 388 717 663 801 854 467 32 154 802 190 912 28 915 536 480 664 89 433 998 911 135 215 136 263 101 306 862 502 276 875 987 887 163 483 689 551 604 315 271 966 461 247 140 703 159 241 673 70 40 351 184 596 545 36 253 380 303 695 209 27 306 813 977 537 496 687 896 770 831 460 769 227 492 340 835 709 998 498 618 907 465 367 809 467 892 6 818 
590 858 315 921 183 488 218 964 686 411 545 682 810 783 789 150 664 16 637 715 70 913 433 932 557 621 944 187 330 392 68 405 580 125 271 479 531 118 193 667 365 789 72 41 631 342 839 14 157 168 642 93 186 711 358 208 166 243 580 220 299 894 583 871 726 784 162 259 238 355 955 552 526 758 13 323 497 89 793 473 578 405 50 105 225 209 931 708 29 620 801 709 789 413 791 817 92 764 317 693 544 295 136 986 809 532 376 473 281 242 948 78 720 198 358 783 732 782 454 977 131 823 95 279 56 670 44 513 735 848 632 341 993 971 480 153 846 577 665 564 622 721 248 127 61 571 790 447 18 814 112 535 446 244 520 144 429 480 877 512 326 69 194 123 201 278 842 140 885 141 183 954 1000 308 981 123 307 565 369 81 3 786 736 342 336 524 322 881 306 132 635 574 296 242 893 551 625 817 495 549 703 559 963 436 967 726 386 81 81 540 80 493 911 882 271 102 151 390 317 426 393 545 845 899 1000 968 110 729 24 355 590 186 459 648 532 858 147 397 512 691 695 871 707 850 38 685 541 263 933 51 283 307 465 575 685 967 475 934 496 120 462 293 392 373 537 311 451 660 5 841 591 687 453 254 993 146 521 179 18 713 641 802 26 412 138 479 137 466 218 309 193 782 611 198 813 636 545 700 776 178 771 282 198 710 44 866 483 268 263 53 821 620 228 188 618 989 332 681 905 292 182 580 842 898 447 342 645 176 708 288 827 36 55 113 862 913 147 970 217 927 776 626 647 56 28 840 629 341 40 3 271 84 238 19 651 707 483 630 327 777 8 330 419 289 1000 358 151 190 362 382 499 429 412 618 144 140 371 638 121 670 324 208 161 228 482 451 251 115 606 366 876 359 119 867 633 515 591 976 584 646 745 400 592 204 59 454 303 434 504 15 191 767 322 453 151 547 930 947 611 80 7 556 28 355 400 954 813 953 346 95 26 593 808 405 97 278 446 958 997 472 899 954 430 783 241 68 163 608 822 436 123 923 416 842 326 171 131 967 566 666 163 12 757 87 216 799 805 33 835 353 746 536 948 456 696 464 361 549 67 725 551 789 282 557 169 32 731 960 817 67 229 544 705 654 168 160 391 301 309 678 
100 31 949 344 500 72 339 377 267 559 776 880 732 271 9 20 672 637 851 545 648 966 938 905 244 654 532 588 143 880 929 781 184 553 887 898 89 907 975 985 613 162 921 874 437 625 792 177 871 266 869 32 274 623 789 823 356 43 1 355 271 55 785 38 567 414 720 636 941 312 485 577 665 359 479 876 658 147 79 20 317 998 690 732 30 318 909 800 153 486 375 652 495 667 188 969 570 743 487 975 503 728 13 570 222 13 538 868 843 150 117 133 98 777 490 933 172 116 458 165 660 118 333 185 992 35 251 222 351 67 109 76 143 610 663 202 156 229 834 275 128 33 114 924 910 20 700 130 180 864 326 70 363 939 204 865 856 568 118 501 608 155 922 73 686 430 874 306 412 438 518 497 642 445 848 465 985 6 26 101 991 963 895 796 896 654 891 579 409 457 892 174 876 102 606 311 410 517 279 378 4 81 855 910 128 585 53 348 396 720 121 293 459 828 582 749 427 830 484 961 426 142 942 897 995 708 488 110 749 142 542 434 22 693 453 634 322 438 730 597 518 777 524 897 898 427 67 394 962 276 717 81 835 920 436 222 414 942 777 302 126 970 590 154 393 978 103 229 648 307 911 523 567 962 345 850 539 281 525 787 814 127 134 525 557 566 733 293 347 171 328 158 653 608 848 42 813 345 478 535 755 745 123 568 831 226 649 529 375 694 861 416 136 992 1 851 662 177 530 77 620 932 343 928 363 521 4 194 354 66 825 64 673 855 391 299 134 457 76 588 12 984 546 520 615 110 388 828 448 632 947 440 360 696 435 139 742 188 242 834 625 115 114 839 428 293 2 339 677 176 449 588 52 26 782 5 779 425 551 432 130 828 672 68 535 800 871 455 504 641 545 10 73 639 119 94 963 500 510 674 658 606 705 137 549 241 495 598 996 514 628 688 684 748 656 11 418 283 489 355 280 161 858 665 217 643 801 36 214 163 961 414 423 68 124 284 713 72 181 154 171 353 97 754 934 856 276 907 815 353 82 993 622 348 388 33 115 841 463 384 734 595 435 264 315 121 705 51 744 276 298 123 814 620 854 839 233 473 779 757 680 619 250 495 74 120 376 8 431 113 58 300 601 819 742 753 823 958 721 438 
224 863 564 776 207 398 909 591 315 631 606 154 500 320 544 271 869 112 790 544 363 738 418 918 513 180 488 303 433 402 932 959 267 929 731 512 5 396 452 401 678 216 693 816 299 937 861 631 389 577 630 719 489 164 790 351 693 573 474 395 11 981 905 797 599 816 49 324 168 801 716 871 201 367 8 288 477 278 977 169 12 485 159 207 152 472 1000 992 517 142 299 637 188 160 625 648 710 191 28 333 425 658 420 344 988 537 550 474 202 157 84 915 801 892 370 270 535 981 53 367 282 120 596 997 972 499 724 184 471 964 141 713 646 953 326 372 832 433 48 638 787 952 717 414 740 637 287 533 129 340 536 53 506 754 189 267 139 261 177 516 747 135 963 537 9 838 143 18 747 844 958 868 775 279 61 186 38 576 661 980 27 436 983 66 167 309 469 367 841 646 377 806 88 952 959 933 457 863 162 788 135 812 71 380 86 153 947 423 589 886 45 187 863 254 507 934 696 136 326 809 999 719 60 348 736 216 465 925 78 519 621 160 155 928 604 750 944 222 88 597 979 758 719 858 339 249 636 857 909 836 606 697 372 479 378 488 850 47 9 361 729 923 569 128 119 337 109 377 645 839 540 388 479 937 994 985 1 509 9 83 614 560 725 495 560 862 130 776 582 812 382 449 104 134 238 122 564 735 561 791 326 755 775 220 817 182 143 456 696 523 915 764 75 12 596 258 931 205 693 742 4 431 641 757 205 373 971 320 944 296 273 575 890 123 912 725 177 574 774 287 345 251 522 564 709 913 91 940 997 476 627 352 876 609 106 677 639 266 993 872 173 519 285 976 385 262 416 742 664 976 150 782 706 747 109 123 923 535 418 11 39 346 835 855 183 601 360 729 318 605 176 907 618 985 133 300 859 429 166 393 373 268 641 909 845 774 373 824 45 701 208 609 407 655 406 939 60 216 716 25 922 349 271 529 335 992 848 977 968 279 156 469 16 115 572 923 129 489 122 493 323 19 662 460 295 108 771 572 403 741 286 36 43 858 911 50 300 924 263 265 672 868 256 273 833 37 538 746 766 990 811 696 765 346 476 654 198 880 244 858 724 89 909 828 506 429 840 62 482 180 937 546 540 189 754 319 216 264 625 353 
36 237 9 747 532 625 841 565 453 780 15 949 527 115 922 823 278 525 450 61 767 712 463 797 139 402 516 93 245 583 722 79 291 429 164 628 471 584 214 770 698 783 461 973 773 67 461 271 863 243 548 823 733 257 393 586 949 530 356 597 225 631 909 158 956 862 140 373 886 200 547 365 415 33 533 498 341 138 389 314 69 614 519 332 411 334 847 610 914 837 667 269 379 994 833 340 990 769 912 452 305 305 56 342 851 843 64 68 567 375 835 922 545 839 162 548 289 16 672 619 659 683 488 758 155 344 639 810 961 317 337 778 408 442 756 285 398 925 838 507 475 843 191 421 777 517 158 174 8 158 213 262 38 902 508 760 921 672 431 40 741 539 918 79 332 779 88 602 216 925 678 310 777 621 576 964 791 416 67 356 966 632 78 11 517 187 295 107 733 682 880 399 42 706 504 219 435 429 59 365 537 894 361 487 409 110 680 367 682 473 329 981 717 399 906 465 631 940 528 680 640 935 387 845 881 419 127 111 999 895 942 934 202 45 775 716 996 261 381 734 386 23 263 448 500 899 66 50 756 424 537 797 73 238 384 163 576 749 163 336 991 626 737 29 354 996 688 727 313 507 359 529 911 107 838 63 547 659 958 317 269 144 296 290 456 720 262 33 57 168 403 993 604 157 940 34 673 531 979 686 896 366 791 880 570 628 134 944 475 223 477 642 688 932 125 665 133 524 214 959 788 549 752 385 180 576 846 852 447 137 945 739 665 145 349 435 514 195 646 348 658 688 16 760 71 90 761 705 672 347 160 269 71 468 226 792 57 220 480 285 36 399 761 236 301 930 737 506 662 47 447 812 858 165 999 537 313 93 820 634 26 668 587 722 283 595 24 238 489 513 129 723 337 371 485 810 634 593 154 461 80 360 793 846 58 87 578 123 846 274 30 420 673 751 408 600 873 845 923 954 190 358 115 920 852 512 515 533 418 791 65 27 368 711 51 403 698 901 936 872 710 675 766 6 479 413 103 310 56 223 651 918 560 979 716 218 623 908 435 453 932 731 894 830 428 612 470 483 906 607 522 886 250 504 285 314 531 486 648 155 960 211 743 313 917 921 244 555 65 351 711 594 72 405 168 781 6 205 714 222 
499 454 279 167 113 600 491 470 606 889 978 961 713 921 920 66 343 207 813 993 595 265 381 724 727 590 72 687 917 573 22 804 979 313 880 841 554 739 631 116 398 254 134 982 52 632 14 547 300 949 957 189 235 779 205 819 703 614 126 182 281 961 819 853 76 769 565 93 600 98 370 330 597 69 811 764 247 24 505 170 246 276 781 623 83 653 985 599 266 588 41 24 58 252 873 737 437 725 302 467 648 556 252 705 810 840 275 745 412 482 216 256 20 100 116 903 306 814 239 992 367 640 98 566 280 795 368 31 399 638 18 635 403 858 700 274 333 852 52 191 498 21 924 637 223 116 595 997 376 358 64 670 182 987 73 985 516 40 599 57 520 443 746 93 106 451 252 579 686 947 630 724 993 58 212 122 373 340 810 465 837 782 203 512 271 92 934 119 709 907 743 110 50 701 710 697 604 647 857 605 541 980 531 329 457 480 81 725 680 573 385 691 73 285 513 144 723 972 752 329 803 946 623 693 155 451 165 663 49 463 582 80 795 128 305 814 59 40 947 207 807 94 439 955 773 468 802 396 8 658 792 639 886 112 945 56 997 285 96 567 665 83 369 244 567 583 232 651 502 425 34 304 106 576 357 361 696 794 918 846 288 38 117 665 46 826 523 421 119 348 519 273 516 90 811 241 593 319 626 832 562 955 285 728 617 634 786 141 674 200 660 44 482 713 753 79 516 379 589 990 58 567 713 844 203 468 379 495 369 634 757 245 87 423 685 398 837 204 871 582 611 253 941 520 895 602 753 985 526 456 256 937 36 887 223 634 165 138 659 406 79 840 698 906 533 717 938 748 716 311 20 102 483 225 16 8 285 946 208 775 918 987 212 647 967 803 553 585 681 419 649 581 596 800 784 119 357 963 323 649 896 691 673 243 571 253 863 989 638 465 932 433 371 228 865 248 450 900 775 539 802 567 461 838 710 627 848 83 389 620 769 717 936 166 461 607 993 176 264 151 624 965 6 374 565 138 431 845 541 705 688 926 181 239 89 504 671 288 450 824 767 381 852 543 620 579 353 920 175 467 883 694 69 504 774 768 93 613 541 284 752 370 589 236 547 491 171 882 718 231 182 261 698 808 259 465 189 87 509 272 
148 533 338 26 557 226 307 213 546 182 475 854 516 296 37 619 933 314 459 486 244 993 667 369 694 165 560 489 801 333 888 37 713 183 819 763 54 754 246 367 355 772 627 587 720 435 393 284 210 100 123 570 327 589 258 486 108 579 968 673 538 578 715 792 276 160 398 265 522 568 191 244 26 784 267 258 707 754 209 568 786 410 673 831 505 660 570 74 362 650 350 743 7 32 406 633 551 841 797 636 839 629 6 222 903 713 548 85 743 541 837 397 677 971 269 478 536 789 484 655 954 611 912 172 432 527 481 552 553 305 150 420 343 985 586 267 864 760 269 27 316 868 124 292 436 912 721 693 335 648 608 411 147 325 511 177 261 374 883 133 674 496 170 905 825 162 788 708 399 292 112 788 368 825 183 901 989 64 947 637 267 462 350 815 117 665 418 412 631 973 357 552 306 831 984 354 998 779 35 466 762 77 402 279 461 49 622 928 498 124 748 910 693 239 613 235 273 294 483 46 900 437 910 345 217 821 833 777 260 1 712 587 587 284 46 158 217 502 80 741 802 723 107 392 590 465 798 631 165 653 200 223 350 269 279 640 944 219 605 388 5 710 235 176 41 784 130 751 342 624 158 763 205 429 817 403 924 23 569 19 347 277 249 527 716 685 464 925 166 872 836 613 776 410 284 465 365 82 623 436 68 941 24 12 388 675 86 239 121 734 86 615 514 638 887 286 887 455 265 48 563 101 173 386 341 852 498 814 637 81 605 795 545 232 805 167 869 596 770 708 525 513 540 619 362 377 250 572 277 664 673 448 423 89 377 852 156 572 854 871 11 158 803 86 846 359 662 427 170 961 604 826 934 53 619 431 195 766 426 432 688 418 249 159 338 956 391 132 829 659 751 716 406 552 826 611 268 202 251 658 722 9 669 49 837 836 277 739 158 547 542 124 607 604 512 571 973 991 505 88 497 984 927 180 886 671 162 115 794 889 492 546 189 77 461 112 179 126 192 359 929 331 911 111 514 895 16 438 830 649 884 793 911 740 308 297 51 860 178 86 96 405 568 141 843 204 123 193 591 738 845 466 494 427 493 136 809 51 575 102 951 787 115 295 815 830 390 386 38 631 123 452 70 750 928 849 565 598 912 979 
161 504 675 830 212 245 592 153 580 78 502 501 215 428 892 386 641 551 863 894 125 358 893 421 765 939 979 136 234 332 428 597 897 577 459 42 980 201 159 552 372 2 604 697 343 765 793 66 277 142 213 863 362 892 263 409 220 540 698 128 105 717 990 689 264 124 629 357 996 38 26 239 183 935 722 579 821 157 39 311 996 699 192 691 868 710 891 504 858 442 789 778 972 930 727 565 948 634 953 552 838 740 443 324 935 236 192 931 283 364 201 841 597 799 50 372 835 231 542 610 97 12 220 630 467 546 183 586 559 74 694 836 80 388 232 433 4 353 381 57 592 83 797 584 264 873 761 256 64 500 635 535 809 707 454 588 524 846 781 784 392 500 77 239 676 765 402 396 220 751 850 462 524 642 387 211 173 602 870 288 889 271 1000 366 784 766 988 916 689 277 826 936 200 753 126 850 113 824 537 718 104 142 727 399 87 304 21 372 420 449 112 772 952 160 46 633 736 678 814 702 505 152 734 792 189 689 128 654 488 380 172 719 865 324 404 327 433 501 553 154 789 199 792 373 268 21 829 607 368 18 651 930 892 486 105 81 721 483 868 761 663 490 420 391 398 652 464 989 483 66 720 692 753 883 942 809 853 41 588 535 71 146 788 408 842 463 114 275 914 327 858 572 880 73 808 470 591 955 828 489 764 766 209 260 543 621 90 233 867 105 372 875 928 903 705 536 651 900 122 54 42 198 409 615 146 449 210 668 948 387 375 291 340 1 518 944 239 14 563 317 471 40 412 825 936 752 217 73 920 316 64 306 832 391 330 546 77 411 448 905 270 188 18 218 883 108 557 737 449 518 882 629 200 299 286 562 321 638 565 909 87 96 62 430 701 218 925 76 361 615 154 845 203 541 629 920 369 591 118 144 934 300 135 328 126 508 520 471 761 824 789 987 434 95 113 804 287 544 530 815 455 883 146 895 389 718 416 940 79 585 642 411 908 920 137 936 161 227 682 214 90 591 961 146 9 802 796 243 616 249 208 194 726 746 582 137 691 312 778 877 363 930 913 227 45 114 737 564 289 647 526 360 131 770 112 283 234 336 869 74 239 996 288 237 5 361 806 698 589 162 148 460 183 867 131 256 168 476 743 916 
30 128 450 757 629 977 307 191 302 57 741 603 324 305 129 95 271 290 740 377 92 893 222 778 266 803 375 442 629 379 298 823 513 735 967 461 782 381 105 484 782 190 396 573 799 409 820 746 569 797 718 720 590 680 191 205 717 779 606 865 629 985 203 943 169 395 700 504 480 934 331 139 777 127 1 239 977 91 481 828 716 9 957 245 469 20 512 318 638 538 128 189 126 470 362 58 270 509 690 126 298 834 841 725 695 658 69 66 696 992 960 735 137 294 784 449 32 888 137 981 47 456 197 214 770 97 638 777 624 804 89 79 268 908 451 168 552 50 528 31 646 695 904 289 559 349 944 805 271 580 818 419 423 382 412 252 128 842 392 69 879 249 465 322 110 689 544 525 669 660 418 780 274 640 690 139 318 573 61 527 634 945 498 446 926 492 253 590 224 74 784 28 756 211 729 793 768 35 929 140 436 554 658 474 716 516 190 294 750 303 335 40 26 615 690 7 948 968 82 30 306 104 934 807 46 690 674 171 339 586 518 21 319 196 817 481 29 99 75 584 335 738 685 976 38 468 865 405 489 557 673 275 543 332 761 454 613 623 507 575 142 533 646 1000 85 985 342 681 723 644 746 970 90 551 72 247 182 475 528 2 854 8 379 540 253 943 914 74 857 113 318 639 185 84 450 500 342 185 794 626 536 727 867 4 333 277 943 669 962 617 447 285 722 939 503 555 54 905 72 433 554 433 536 201 164 768 98 75 771 533 917 148 123 477 597 366 226 156 20 874 34 200 886 102 4 902 927 950 177 969 412 587 17 486 12 79 231 360 717 100 354 629 263 519 60 805 361 24 768 525 509 630 278 8 372 124 759 80 944 406 311 439 606 722 628 881 472 831 227 957 700 79 917 543 335 755 148 871 383 378 728 496 658 985 263 680 698 921 808 361 197 276 598 404 590 381 77 625 525 226 678 438 703 339 819 446 982 848 409 924 310 116 248 971 901 731 244 568 384 116 353 34 276 422 408 735 331 700 195 358 659 776 338 236 182 570 28 207 931 997 21 228 127 53 10 865 316 563 933 649 981 460 592 787 582 685 259 89 758 407 279 961 242 202 878 30 784 586 816 636 328 148 847 598 546 367 533 951 559 227 
730 146 306 298 871 474 931 577 129 673 367 357 535 642 289 198 427 821 958 28 528 405 427 987 975 634 7 57 873 943 472 137 723 300 671 567 301 122 786 426 218 480 613 232 941 311 160 205 799 392 647 897 810 353 596 876 949 953 517 250 462 185 237 759 457 670 651 97 67 688 956 696 108 285 985 838 544 819 401 871 500 311 292 783 688 792 389 453 466 258 45 900 732 492 223 691 163 601 551 9 727 766 433 899 913 416 467 809 1000 643 666 356 257 699 597 639 185 131 932 568 212 734 591 853 260 544 373 351 297 220 243 551 75 884 552 987 359 986 306 135 733 434 724 491 718 459 298 777 934 481 770 43 29 420 882 14 389 958 48 289 467 207 558 100 813 201 531 656 168 890 480 170 543 773 990 622 987 280 858 333 869 355 94 679 980 69 447 648 71 749 488 106 505 259 593 854 879 349 231 809 979 809 298 624 999 110 297 68 88 865 6 339 768 432 673 253 49 287 541 913 26 102 45 610 932 623 708 374 121 57 167 96 425 974 499 34 275 365 285 124 806 6 734 883 478 792 227 747 213 701 454 490 350 136 486 817 186 100 527 812 385 756 193 604 520 402 849 64 853 88 314 528 772 512 297 181 383 220 51 426 598 949 200 259 676 604 692 255 469 505 937 911 593 47 350 468 506 124 917 202 285 770 551 63 914 207 680 809 475 364 91 458 790 991 827 852 475 425 423 124 596 207 555 313 39 161 485 730 78 29 462 832 425 528 349 184 544 2 435 399 282 807 705 59 828 572 113 333 754 223 318 136 143 357 796 713 557 803 167 940 620 716 814 626 506 653 172 324 430 289 537 478 941 301 365 884 440 219 400 590 668 487 434 747 607 660 270 935 283 4 540 627 204 873 259 920 761 902 363 428 797 317 300 168 890 535 888 799 274 477 457 567 830 409 170 853 403 835 918 626 423 804 396 528 822 205 117 106 29 365 379 878 555 813 993 948 875 292 274 179 739 977 619 640 537 43 576 862 938 386 415 332 562 340 406 889 227 199 973 472 222 602 628 571 306 825 923 353 479 596 403 608 626 599 719 473 318 920 578 853 774 674 391 419 285 683 123 167 322 664 907 593 556 572 93 75 105 186 120 817 
591 336 498 413 183 776 853 625 76 197 753 956 463 2 815 81 783 74 747 258 699 655 495 711 320 403 871 6 465 512 417 130 705 336 968 132 882 491 845 482 19 436 20 202 707 531 615 172 552 920 357 338 174 316 345 889 408 856 10 652 816 202 373 141 87 587 797 43 115 745 318 18 891 901 484 670 435 668 982 837 928 30 378 791 251 40 560 550 486 162 901 45 48 208 814 827 608 481 152 868 730 89 89 339 581 487 361 345 264 910 374 116 552 379 186 209 587 771 740 712 57 418 818 193 272 35 57 290 676 811 314 837 264 628 77 139 975 26 210 260 729 232 740 410 135 880 732 696 365 4 519 981 697 887 910 80 984 434 225 691 75 840 443 160 708 481 628 476 339 983 545 117 590 466 835 405 228 308 617 564 385 251 791 94 823 306 980 434 672 478 164 550 358 929 578 251 742 553 116 996 936 293 451 365 64 157 369 454 153 679 89 100 439 809 413 612 617 738 706 190 744 22 451 747 915 373 641 271 734 67 949 940 174 221 435 196 285 936 319 733 374 338 508 802 239 61 40 989 641 719 649 494 601 707 230 290 212 173 965 588 508 263 264 908 997 38 111 11 79 988 924 546 353 332 881 676 489 640 825 970 758 954 249 1 26 724 604 243 16 192 233 546 345 166 230 629 422 113 744 416 493 744 457 484 932 414 97 940 510 961 184 963 368 242 825 342 27 513 710 798 703 462 3 769 676 119 508 117 536 749 246 300 495 957 918 573 253 431 923 784 381 992 261 664 248 392 346 591 68 371 948 738 418 720 20 17 693 483 261 53 731 186 104 990 277 394 571 892 998 936 8 146 102 254 767 201 940 75 123 562 301 73 213 209 679 333 603 866 972 401 911 941 7 297 991 24 951 376 943 881 455 880 880 632 129 283 607 222 366 596 422 584 799 716 131 714 776 70 722 796 81 802 914 644 668 354 691 217 86 6 827 571 214 151 947 667 607 933 484 271 445 498 81 426 857 179 891 812 604 402 759 798 509 701 456 388 555 867 635 57 937 940 743 356 708 502 800 812 134 311 600 484 241 189 820 830 458 359 648 961 131 434 442 842 430 594 983 452 882 679 136 544 448 851 10 754 674 388 72 673 
232 838 417 356 586 478 777 749 45 239 352 207 93 205 381 639 246 530 976 12 403 331 618 653 555 730 909 575 151 202 115 531 876 956 127 745 152 645 966 183 975 51 148 960 603 155 366 572 508 876 642 603 941 537 152 802 579 586 520 289 787 431 856 946 266 425 956 794 684 600 516 36 833 812 515 450 843 893 997 307 529 17 687 819 392 409 691 685 62 210 186 193 534 36 872 382 755 20 390 846 229 890 434 724 124 626 895 38 767 194 60 946 3 120 380 146 493 226 835 208 238 714 444 943 649 376 387 119 685 301 182 998 443 528 145 639 807 75 989 676 702 235 985 107 852 906 188 130 282 204 296 945 562 459 166 20 227 443 504 341 786 381 811 547 750 164 417 613 530 834 768 908 513 127 780 844 451 878 373 977 873 192 665 289 642 357 415 798 435 702 440 975 545 924 790 307 951 846 434 757 165 52 462 638 902 615 871 726 328 325 928 184 681 437 183 304 78 407 824 478 979 481 59 463 834 840 359 991 612 93 723 393 736 507 32 130 879 914 560 529 235 86 877 144 962 428 737 799 87 553 985 852 939 43 873 916 285 132 557 136 143 753 997 280 492 687 238 240 522 337 800 237 148 17 507 839 45 212 792 20 179 132 290 608 929 52 969 725 683 45 922 172 559 915 311 225 368 167 335 416 753 899 886 579 196 295 835 310 328 614 764 264 252 191 90 721 639 877 156 724 498 149 947 820 876 67 370 174 524 3 308 2 796 16 531 793 194 111 141 29 517 17 645 731 657 99 538 833 59 749 281 487 428 28 467 464 486 559 990 885 736 876 173 862 945 41 327 791 950 442 736 756 155 277 610 901 435 775 745 639 559 836 145 800 856 817 272 544 86 218 635 792 308 946 209 60 802 189 746 231 192 583 429 379 322 419 412 694 848 387 161 731 275 707 660 189 623 204 651 860 674 497 184 69 465 155 194 179 573 917 603 744 568 847 756 378 474 867 987 541 82 192 887 988 413 634 618 159 951 358 692 108 860 22 94 101 350 538 397 933 772 8 667 706 719 97 821 593 68 675 614 548 8 694 134 188 790 520 690 191 362 70 210 271 19 353 237 553 331 604 893 160 214 487 50 701 203 445 919 455 
702 374 990 866 722 716 68 465 991 669 661 971 222 613 518 463 136 449 596 991 464 955 712 526 788 473 975 288 270 860 147 526 746 121 923 550 240 98 354 781 743 90 499 932 661 810 496 923 497 670 573 496 493 207 687 285 988 326 851 773 391 558 864 421 407 246 100 706 802 233 688 454 6 654 515 482 727 38 215 178 1000 545 909 892 850 991 841 590 80 503 430 666 959 769 159 651 198 477 626 340 569 296 261 165 884 706 670 5 922 456 780 190 540 537 999 211 960 795 304 650 703 164 111 457 52 584 384 554 237 245 181 742 387 247 531 186 250 221 804 861 672 240 559 205 157 511 649 693 862 588 625 31 497 867 407 376 744 336 923 56 182 846 861 174 330 599 215 150 351 343 636 386 391 887 415 833 659 498 244 89 124 889 159 430 246 575 14 864 490 379 119 982 759 49 177 341 389 416 532 279 434 617 767 123 881 676 245 576 694 163 583 361 466 3 752 367 502 949 203 874 970 153 885 981 538 717 450 692 13 241 728 158 125 522 677 898 701 904 905 995 983 409 347 444 297 321 749 722 658 287 663 28 88 345 861 523 623 187 951 649 872 474 244 731 352 939 493 206 796 186 587 10 549 468 96 249 479 947 294 967 177 285 962 695 132 731 182 745 260 426 529 381 24 532 623 998 345 916 225 518 100 155 138 902 24 277 502 434 334 74 722 470 595 342 780 523 151 568 249 839 162 339 216 264 516 846 834 623 946 435 990 588 239 994 511 309 808 707 420 94 637 678 938 887 752 258 444 296 343 199 494 589 954 461 388 418 316 169 645 325 761 346 327 838 756 671 81 696 677 495 283 604 548 518 574 769 328 2 163 846 598 217 76 675 27 264 836 635 616 36 320 722 776 969 882 438 651 939 561 655 176 848 707 245 987 906 293 494 76 406 24 213 796 301 188 601 845 389 697 523 529 231 386 717 742 487 184 298 380 102 391 370 223 71 883 114 563 403 721 565 283 308 533 645 967 612 982 231 249 644 523 593 621 163 636 109 20 788 641 539 855 247 971 384 740 939 188 441 35 888 279 77 613 110 767 901 368 397 945 21 77 235 745 103 150 184 358 60 40 393 76 258 909 478 268 67 790 628 110 739 
155 794 890 952 730 988 225 415 176 688 759 19 779 773 140 820 827 500 335 552 772 758 890 525 61 988 747 914 437 947 16 264 595 568 736 4 442 909 281 130 790 766 133 168 106 799 668 416 284 338 384 931 791 969 667 925 55 216 368 13 890 176 923 944 715 442 498 875 94 618 192 733 762 999 46 702 650 795 632 378 914 703 817 899 209 357 102 946 555 154 354 579 356 689 191 451 867 737 351 795 564 186 94 122 636 769 968 515 307 105 754 100 955 158 209 753 978 807 540 124 217 579 194 118 418 337 363 969 556 484 273 661 878 925 770 631 877 247 868 561 45 8 863 484 177 276 633 382 123 449 669 435 314 587 104 796 198 597 329 122 973 804 965 121 59 476 117 645 404 382 514 918 905 952 442 411 499 955 193 800 738 811 592 599 645 753 332 606 656 887 390 510 534 600 398 256 739 718 679 989 824 216 633 260 998 322 313 970 297 107 952 616 225 52 62 775 162 741 157 901 286 255 197 477 343 329 34 968 391 164 112 925 435 269 754 849 508 365 253 991 171 427 311 30 823 36 407 405 505 232 51 623 962 684 812 343 193 694 602 522 486 725 719 766 757 612 132 78 923 266 77 515 106 699 326 602 77 260 138 368 770 457 824 77 90 326 412 403 562 720 94 6 407 17 221 728 228 637 289 163 339 912 91 326 845 188 157 484 601 155 880 287 509 433 242 927 384 502 821 163 924 982 765 635 772 289 145 843 978 753 7 680 157 288 637 184 515 709 923 420 85 322 137 996 731 959 570 894 163 164 742 101 366 536 136 987 573 957 204 279 357 152 567 566 543 313 243 825 239 399 241 817 823 992 829 301 827 619 104 128 52 966 760 211 504 63 687 693 104 604 990 716 407 808 280 347 579 379 550 961 822 641 526 605 113 102 451 292 717 86 171 534 977 199 570 691 571 954 698 49 734 982 975 346 319 19 187 911 344 207 614 744 761 139 156 839 858 219 916 191 705 743 60 215 476 84 518 950 325 922 480 406 904 244 742 265 814 97 360 740 759 221 835 374 473 382 537 470 803 79 784 39 320 63 322 565 620 247 130 909 912 230 769 478 125 245 292 617 458 137 366 905 582 779 260 722 365 642 109 740 
226 123 958 780 776 533 311 103 553 248 974 158 931 927 639 335 213 937 968 985 117 788 270 374 111 108 818 406 765 205 41 15 249 886 759 639 979 962 337 941 259 510 804 338 438 76 656 643 57 513 300 163 270 248 168 171 249 133 85 249 689 450 997 793 295 377 618 278 288 173 512 782 795 929 18 993 945 61 349 192 919 261 390 222 621 736 420 679 436 952 981 354 377 766 673 624 628 3 617 106 519 775 910 692 519 802 361 715 885 515 45 831 529 940 526 673 562 482 345 412 720 525 609 499 222 795 29 189 816 573 714 275 641 695 633 861 97 288 992 768 912 926 570 305 62 942 574 6 710 574 832 936 917 283 418 434 607 33 752 761 500 62 982 377 380 341 817 539 568 556 184 392 604 493 778 948 390 60 348 683 599 580 728 717 452 522 503 424 836 223 562 970 158 847 908 979 82 978 560 100 740 333 89 107 224 504 485 153 297 789 241 681 455 390 915 809 588 11 609 710 901 430 677 809 808 775 93 931 618 118 524 282 494 356 506 873 28 263 540 976 335 258 60 648 725 673 535 325 589 381 824 970 18 964 575 326 73 790 17 752 12 823 798 643 84 688 117 89 657 396 823 297 897 762 726 745 777 887 692 810 863 433 884 629 555 460 233 233 114 773 39 706 208 943 573 872 768 633 480 973 741 540 174 588 214 533 807 338 668 503 828 326 586 670 940 855 873 332 426 530 929 539 936 32 911 878 466 481 409 360 35 875 602 353 232 681 54 972 982 308 676 82 573 602 311 461 489 24 19 12 123 649 360 305 828 716 208 43 893 110 943 972 335 429 479 579 366 768 257 575 581 975 771 200 591 190 821 877 674 488 425 20 92 541 245 686 251 180 178 175 534 991 610 974 884 241 836 976 976 401 503 845 578 635 840 447 580 2 580 622 753 343 51 357 365 288 338 234 84 594 55 25 564 948 491 805 226 129 826 323 958 955 545 382 61 96 763 506 426 774 284 337 396 125 778 111 701 865 390 134 624 636 63 361 656 933 201 538 856 883 519 481 703 168 438 491 231 605 573 534 354 370 237 830 155 882 636 385 125 535 762 42 278 891 344 576 514 954 964 948 383 272 213 333 635 134 310 107 240 388 
756 549 547 781 815 307 696 638 651 67 693 460 116 709 336 991 732 237 569 915 76 443 295 809 659 4 908 543 361 103 280 180 258 279 454 521 699 147 561 624 534 598 956 622 422 591 268 9 746 537 286 544 601 368 959 212 761 248 704 209 631 518 262 156 710 307 19 301 408 123 942 50 685 201 963 367 23 313 354 991 897 683 393 696 747 699 624 946 415 761 472 6 697 792 443 238 200 233 985 120 766 949 913 866 961 885 26 397 31 130 60 962 84 667 345 53 723 346 186 683 670 862 155 700 741 766 423 89 504 442 594 340 669 505 424 234 136 977 720 241 398 3 960 922 960 499 863 421 344 160 421 839 796 119 195 884 485 983 521 44 319 101 276 679 854 302 76 824 444 286 886 92 149 523 510 383 567 272 467 434 266 618 216 38 755 885 294 742 488 620 98 720 99 931 567 451 591 556 580 982 340 707 92 660 610 218 816 296 935 564 868 82 913 602 108 647 962 295 420 355 614 20 234 942 150 667 196 862 762 116 529 562 432 152 937 90 183 17 860 591 18 574 347 718 317 464 280 12 521 574 806 857 568 464 816 508 839 133 691 642 782 997 163 629 553 854 518 46 875 16 739 171 455 447 144 55 815 419 29 684 457 425 180 281 124 631 918 195 614 402 308 949 675 152 602 759 221 525 731 856 230 478 964 684 111 414 298 627 582 851 531 959 16 872 534 947 596 602 721 523 452 330 798 1000 234 932 613 736 646 731 896 672 865 67 160 521 536 260 811 331 330 81 610 340 904 956 355 839 671 624 292 684 479 323 714 371 625 858 541 784 491 291 436 774 466 384 831 748 436 784 249 191 379 597 201 845 976 805 164 764 37 649 341 150 49 112 336 230 786 849 681 639 876 802 200 497 795 428 361 939 42 802 372 55 353 517 657 928 312 26 977 892 527 494 925 369 433 670 975 873 28 993 675 549 305 954 835 307 451 599 549 880 434 987 509 131 181 132 442 790 217 547 538 214 739 142 283 229 359 760 673 188 431 315 809 898 578 147 23 795 570 770 540 865 220 491 716 987 397 431 131 608 377 849 158 617 115 282 769 130 11 459 499 655 451 239 251 118 344 404 634 840 129 141 125 631 928 16 777 247 
307 40 485 764 706 659 109 815 166 233 613 680 494 865 256 346 545 587 515 617 10 461 340 988 174 151 978 426 239 589 43 967 590 751 608 155 339 794 929 110 708 484 927 230 367 394 542 228 543 122 831 474 904 911 79 837 59 104 417 170 360 479 595 490 463 755 483 885 796 549 416 936 166 690 705 574 646 709 686 559 351 1 472 51 42 825 513 885 975 241 874 296 347 745 777 290 212 948 743 266 357 76 403 83 962 907 585 782 35 26 511 258 640 322 661 915 664 364 106 682 418 969 663 978 784 296 660 662 967 859 668 354 687 776 449 633 434 896 87 832 694 882 410 532 690 45 967 609 163 935 52 677 724 97 510 601 175 758 117 565 158 183 881 949 440 832 612 96 917 281 845 514 703 60 199 23 622 601 838 654 690 267 269 607 302 368 487 988 177 843 516 713 291 785 423 291 962 749 514 273 355 388 137 526 367 897 30 121 322 54 137 547 13 871 13 638 326 158 316 13 973 277 720 784 174 696 446 132 516 278 203 860 228 948 891 306 909 280 246 420 56 637 841 758 892 275 734 459 350 548 363 219 595 343 858 211 989 349 518 432 822 260 296 377 856 318 381 807 9 881 760 798 855 749 38 736 543 328 910 190 997 481 341 662 371 335 322 91 922 111 782 127 825 14 673 472 168 332 61 654 35 157 444 264 359 959 1000 906 103 894 286 239 427 606 145 837 245 869 1000 574 531 750 567 128 387 717 406 849 323 686 732 749 579 348 201 418 281 234 574 434 394 387 101 910 641 971 784 986 385 577 43 477 914 203 312 325 294 792 902 876 393 547 841 437 154 477 432 452 99 247 793 697 234 9 92 563 941 790 610 324 416 876 868 136 7 805 339 348 89 447 762 209 450 411 949 806 959 888 801 918 671 765 801 47 822 512 795 686 473 449 159 578 649 270 386 319 280 829 614 271 700 211 154 400 942 783 32 384 418 942 235 496 924 260 85 812 351 895 706 894 452 732 846 381 84 742 7 850 582 714 449 444 280 859 206 824 86 263 178 746 875 14 159 922 554 141 86 63 163 247 120 93 398 590 432 646 177 596 704 145 298 765 110 892 667 256 845 755 473 385 354 374 130 336 261 828 633 680 588 850 
364 439 294 618 904 143 92 259 73 921 880 748 883 525 667 920 159 745 191 752 695 623 177 27 904 853 493 902 770 619 254 892 440 591 284 556 400 448 116 549 602 588 501 794 865 402 376 734 971 759 702 502 256 313 143 905 676 365 302 728 412 801 397 725 105 144 641 197 624 657 205 356 54 254 32 781 76 205 607 591 311 513 24 590 892 262 859 951 541 919 633 945 542 535 209 20 759 321 414 115 383 928 410 729 172 126 665 796 725 214 606 955 539 8 374 889 715 911 582 87 357 347 229 91 290 535 993 267 488 899 683 15 789 520 193 690 620 197 391 518 18 571 270 730 704 490 159 397 374 99 216 439 900 802 563 525 16 145 702 856 838 437 487 962 562 622 363 776 519 242 163 757 773 359 374 332 612 298 125 707 356 370 544 649 864 451 603 966 454 644 704 693 575 744 435 74 959 596 912 194 443 589 269 911 877 55 807 153 689 318 438 540 989 901 927 563 171 15 349 496 646 248 942 888 85 715 95 600 74 434 408 666 658 351 653 206 290 77 105 561 350 918 834 670 369 35 445 7 196 997 64 17 702 574 778 298 279 30 834 684 77 599 834 119 115 423 594 760 277 241 451 364 700 555 546 538 201 53 753 11 235 685 973 562 40 869 449 756 222 154 981 758 671 419 822 225 222 254 101 750 172 530 143 649 297 932 534 640 259 866 156 352 40 920 636 755 684 86 310 68 432 566 432 382 936 927 350 631 75 539 445 249 385 560 355 714 855 609 558 64 625 322 838 318 819 558 36 581 960 576 359 483 119 299 507 708 489 18 808 427 227 63 395 151 163 420 143 293 76 859 105 26 450 438 863 101 701 774 958 846 734 92 13 529 714 936 629 248 16 61 701 980 149 625 751 713 290 830 748 172 586 42 928 101 726 862 942 173 269 760 218 23 244 89 496 942 33 614 647 874 511 519 644 865 536 578 41 783 159 676 218 269 464 532 43 923 214 712 900 214 795 261 591 104 500 655 983 666 652 716 976 281 341 97 207 99 774 288 56 569 696 17 17 90 479 260 962 555 816 207 208 648 543 804 886 977 885 47 995 389 300 179 994 63 874 362 532 979 167 214 621 639 439 538 256 505 621 936 996 813 
974 33 220 339 161 933 175 890 784 921 700 542 695 490 643 99 855 50 411 239 777 522 55 152 691 401 928 203 36 824 649 944 663 510 165 894 522 282 257 914 723 635 145 231 943 921 291 932 330 602 749 360 518 468 176 862 132 630 369 545 323 436 227 254 235 358 158 435 184 728 965 19 768 184 259 839 139 297 412 932 653 785 634 566 597 629 62 648 210 952 98 865 538 141 528 405 578 2 957 753 933 705 163 460 286 725 850 957 67 457 900 57 247 144 498 753 838 292 57 214 749 727 980 780 193 19 617 190 421 266 435 151 168 196 907 388 485 588 141 155 432 26 219 396 376 550 884 97 57 833 3 855 110 484 527 810 489 5 821 226 795 373 112 143 354 202 52 549 645 37 165 207 160 715 795 94 376 812 289 214 990 181 2 533 956 454 899 755 545 283 198 719 803 715 619 983 33 274 487 277 350 199 674 171 101 949 850 957 120 673 785 232 598 512 422 494 559 198 367 391 704 358 834 774 392 621 5 369 279 517 291 38 793 674 996 5 94 7 336 850 854 278 91 487 759 553 897 116 495 51 84 165 1000 981 81 551 39 50 430 275 547 50 882 118 933 159 106 950 363 185 471 765 828 938 809 755 811 584 785 597 413 910 849 575 153 225 20 338 601 899 934 118 53 778 98 398 106 589 629 223 356 564 501 750 665 597 184 628 777 438 479 802 31 910 343 788 337 177 531 15 935 231 436 290 397 924 347 655 648 765 532 478 746 775 635 517 525 672 579 65 138 426 634 883 375 51 126 716 418 14 222 54 272 742 273 696 403 496 303 487 39 422 200 116 588 467 648 834 177 210 1000 612 292 485 635 120 540 38 870 782 946 159 964 287 612 65 356 910 352 983 828 87 296 929 665 281 929 839 510 597 691 892 568 947 865 494 898 386 998 206 662 316 699 52 126 674 99 768 782 21 443 264 354 775 737 357 535 325 507 876 986 294 677 637 586 32 936 957 103 679 453 60 471 692 373 990 108 999 877 50 759 92 331 164 811 927 292 178 601 344 978 881 111 4 118 461 168 33 737 627 657 824 754 807 377 959 350 748 806 869 699 279 143 165 131 594 621 583 656 33 768 874 220 406 411 169 766 85 607 96 
956 807 1 4 283 752 107 678 7 423 379 558 388 992 365 487 640 251 705 839 670 194 820 963 571 556 143 820 982 629 82 339 273 50 71 997 730 670 270 383 337 894 716 393 303 892 578 818 579 614 550 151 940 403 420 634 518 987 363 116 196 844 647 395 521 764 66 706 390 969 586 51 859 826 504 829 647 852 509 590 661 947 69 102 380 503 417 353 773 138 390 43 610 722 703 800 219 603 451 859 864 994 958 938 245 898 928 148 225 911 536 514 517 67 974 334 277 803 699 863 968 465 737 711 335 352 602 138 111 9 186 543 822 489 99 972 855 646 900 988 846 741 145 512 235 573 9 382 455 17 105 579 727 745 252 289 715 525 271 433 629 742 494 440 242 364 441 593 506 87 132 118 695 951 240 710 55 82 645 837 810 489 356 199 595 769 742 610 702 666 287 685 125 577 864 124 707 934 223 217 237 789 831 899 491 84 839 982 978 297 851 957 78 266 516 89 35 649 280 560 321 134 874 870 176 74 512 229 569 444 102 468 239 102 934 745 562 317 604 942 155 171 858 516 532 796 297 898 502 746 738 620 898 689 367 708 45 114 453 977 556 312 382 714 931 701 408 737 4 993 80 879 193 439 700 723 283 928 826 715 607 740 411 934 371 796 519 895 452 825 432 258 164 586 711 531 646 503 487 11 290 393 154 898 926 926 366 843 515 445 576 602 179 94 701 934 443 15 658 335 37 885 457 478 266 249 384 7 945 750 664 599 426 660 667 469 570 935 115 498 484 532 434 136 507 288 429 412 194 609 64 675 896 297 800 478 501 453 882 901 309 698 166 589 726 179 35 881 331 858 233 905 518 540 866 333 264 123 990 56 473 778 592 773 582 74 996 618 349 519 956 255 441 922 479 197 877 197 321 862 107 104 505 408 18 990 517 953 881 414 734 378 966 586 747 459 333 250 78 690 130 399 616 547 197 14 125 463 103 362 7 348 248 96 443 175 919 569 918 964 478 298 582 714 203 803 448 79 847 177 573 774 700 979 908 3 425 583 117 90 165 259 147 787 260 115 127 502 765 597 939 78 327 158 645 527 15 826 192 183 971 758 42 846 523 318 296 821 893 325 970 304 733 175 213 67 870 152 828 509 
404 99 405 751 693 698 605 411 538 761 659 765 545 145 309 706 600 637 662 178 58 950 226 992 713 495 558 124 31 288 386 676 292 267 948 111 758 639 332 13 517 344 873 327 98 43 158 514 2 330 692 459 598 956 390 865 616 538 182 261 77 618 603 611 885 155 615 333 164 21 498 340 230 710 273 118 844 707 940 790 409 653 26 790 115 391 301 997 258 561 429 600 106 558 309 746 248 526 103 499 470 899 809 530 31 467 412 826 689 178 968 646 37 333 418 44 664 318 224 50 63 219 58 468 597 773 601 104 52 537 220 968 228 345 159 309 879 88 490 883 992 47 586 785 407 498 730 301 990 890 223 282 992 568 942 864 22 478 70 71 969 286 654 539 911 288 12 230 270 980 50 697 801 155 401 273 182 445 474 81 291 970 394 611 844 369 369 606 773 210 806 926 47 501 740 294 677 367 794 742 4 183 589 652 621 429 750 300 257 333 812 952 457 46 24 710 186 478 202 412 699 753 926 236 871 845 694 215 376 78 495 579 258 211 411 340 642 813 769 116 906 563 14 922 63 319 738 451 500 989 490 748 566 441 49 698 95 382 846 568 79 166 531 910 974 437 3 865 746 36 321 95 937 398 233 207 909 844 351 226 266 865 625 588 904 932 285 369 217 113 938 823 546 927 656 191 706 175 198 539 268 609 536 206 532 38 268 535 715 158 713 91 34 999 950 581 856 362 779 127 804 669 827 429 458 208 580 774 541 136 12 882 1000 365 267 546 877 316 33 73 889 884 934 158 966 689 83 887 326 954 939 749 960 619 480 578 717 105 48 67 175 969 573 925 886 151 709 265 762 536 621 271 64 662 622 667 525 167 893 642 603 180 364 68 398 698 819 134 917 35 299 606 841 722 584 910 863 600 244 412 53 865 939 480 791 685 419 450 479 296 527 958 733 369 759 42 132 275 570 777 337 965 839 287 609 609 470 51 554 127 753 859 685 407 73 867 310 393 691 699 204 644 847 387 918 560 252 992 20 189 877 91 713 880 433 598 857 248 998 774 502 236 451 70 131 667 992 737 621 313 838 198 844 644 526 761 813 882 538 62 685 144 533 404 701 315 580 618 568 191 49 781 477 912 980 405 237 84 776 675 
572 989 990 91 152 432 187 120 530 478 42 988 359 13 674 20 949 822 574 789 726 389 919 218 167 459 546 280 621 731 384 471 540 518 305 113 182 542 800 944 102 277 452 169 114 372 84 987 258 506 672 910 228 962 784 435 482 964 317 471 506 615 193 662 283 11 440 594 600 680 211 993 783 294 952 295 559 891 962 329 115 23 698 372 200 431 163 297 256 531 262 650 420 680 691 761 323 900 850 756 70 718 916 234 751 25 989 413 140 485 854 277 768 579 435 161 148 20 529 876 8 352 77 8 963 735 245 718 795 402 416 113 630 695 293 845 405 287 44 235 843 159 181 273 849 865 932 619 647 583 162 988 482 869 722 939 40 524 872 998 364 213 586 839 625 516 364 513 297 912 324 224 27 395 786 803 214 654 501 451 41 147 525 657 110 839 189 586 161 725 932 273 308 420 72 167 472 91 729 365 739 818 70 278 588 305 851 261 640 509 485 722 818 133 195 883 780 504 429 524 376 885 201 727 437 55 313 690 890 895 174 507 428 640 250 115 727 168 977 781 358 3 957 550 467 671 396 410 765 960 962 387 804 785 102 984 174 239 246 126 207 638 129 321 282 631 96 49 251 432 643 13 824 34 485 720 82 753 463 190 863 318 502 165 173 539 404 876 703 643 374 20 287 664 602 864 911 761 639 750 271 946 674 43 414 514 436 304 833 842 381 919 28 474 327 979 748 499 290 282 592 188 163 44 67 254 787 168 610 86 104 251 205 493 78 936 424 906 140 38 959 266 246 500 899 877 446 238 95 112 289 988 169 345 571 926 89 551 218 546 667 445 283 177 308 26 975 500 911 458 490 714 236 522 338 583 341 222 362 780 160 298 345 289 147 907 358 290 899 939 80 980 987 462 927 742 677 360 828 288 313 203 577 484 49 577 744 791 136 293 844 502 654 610 50 224 997 913 14 584 184 899 204 199 232 546 589 523 942 552 822 522 296 724 287 628 852 728 737 187 526 660 460 892 897 768 803 507 807 955 57 384 168 615 535 907 988 120 781 456 41 753 180 707 211 621 773 482 639 742 236 117 438 136 738 566 745 658 493 360 193 178 735 89 380 901 433 552 526 697 814 837 285 819 80 786 866 816 147 278 
241 556 738 363 24 859 237 964 895 571 280 753 923 741 330 229 954 280 66 22 342 804 497 786 522 775 808 449 990 242 320 839 562 969 155 222 356 284 478 190 882 496 811 92 686 125 848 155 332 901 321 484 852 754 134 783 672 509 996 359 302 389 701 47 346 485 279 663 426 580 316 100 9 59 543 530 160 825 866 578 257 87 431 12 161 642 60 436 496 379 462 388 905 760 193 444 106 9 549 932 219 770 569 749 191 52 580 427 715 122 151 340 313 91 740 725 596 884 573 408 521 148 132 688 665 180 502 400 961 148 518 718 406 895 315 483 409 666 441 423 406 615 504 103 388 571 7 183 173 377 534 493 418 437 814 314 830 489 290 641 871 839 618 453 579 10 130 5 952 29 759 63 210 152 989 125 211 583 873 921 828 641 538 74 629 880 734 604 870 845 485 721 564 25 160 545 554 260 624 146 181 206 510 937 93 670 934 788 580 118 322 453 953 907 671 430 666 437 922 332 483 658 49 318 608 747 873 378 299 36 899 332 295 356 621 541 177 585 394 69 601 568 289 801 932 959 286 363 647 3 131 556 747 656 436 473 179 748 597 312 543 282 324 809 798 112 365 653 573 631 226 536 681 262 55 894 766 437 767 103 230 946 688 234 736 582 599 50 222 405 283 683 397 727 762 723 498 505 894 488 777 867 13 886 605 391 244 477 214 927 993 171 910 963 802 607 209 500 753 273 752 29 532 803 965 418 342 40 811 967 8 310 45 826 605 637 923 620 431 428 188 866 573 216 718 453 865 123 847 723 147 494 929 868 360 959 503 652 456 321 458 867 386 751 17 134 344 902 261 244 769 444 592 712 914 12 297 753 613 207 552 883 757 121 377 267 358 649 259 276 991 255 462 973 821 258 94 663 606 457 618 495 362 125 714 704 922 392 356 62 661 25 918 626 822 458 865 809 304 648 866 923 101 120 919 220 520 953 59 372 33 597 994 238 354 583 835 867 227 316 145 285 274 186 992 691 848 865 695 943 315 635 482 544 431 789 533 944 805 466 688 701 223 516 997 273 608 906 690 545 261 336 750 493 595 810 206 523 600 366 781 284 162 340 885 108 432 494 544 418 642 407 677 179 576 765 307 567 333 390 
399 96 186 364 101 390 882 993 288 428 345 505 802 152 491 161 842 598 510 59 265 313 111 822 410 582 758 720 677 720 848 75 74 666 960 904 661 849 805 271 583 726 841 257 46 732 599 11 809 86 106 204 846 470 173 273 264 772 391 884 625 805 890 977 283 183 968 52 967 446 916 691 657 520 881 656 873 912 662 11 931 893 156 168 977 896 205 526 230 632 900 587 585 757 307 320 747 662 697 32 161 619 113 511 768 698 521 324 948 443 199 255 270 658 91 857 953 767 692 326 595 287 204 283 988 681 363 839 409 600 828 428 925 747 706 730 627 701 776 783 238 317 147 816 652 270 144 766 607 892 5 929 730 491 488 254 107 616 665 712 668 811 841 111 10 371 888 555 402 520 231 607 551 855 90 510 284 704 275 983 377 551 390 31 64 708 432 906 284 770 470 857 78 130 944 387 8 205 498 940 414 628 198 502 303 616 723 129 598 184 707 955 9 886 743 536 878 721 212 240 937 984 682 404 183 475 608 846 815 361 721 43 205 120 484 530 910 25 623 137 483 23 393 956 781 980 74 628 445 866 803 849 553 265 548 759 213 478 570 978 399 118 621 770 777 805 162 580 396 441 246 814 977 245 853 384 351 310 805 931 492 496 910 683 692 94 733 236 554 628 61 325 569 156 213 463 817 578 104 132 626 624 927 344 114 497 566 1 679 526 705 45 899 514 500 55 450 46 549 657 581 196 115 97 900 628 322 515 933 119 374 330 231 503 187 191 845 675 45 157 259 212 189 82 538 841 39 101 300 634 116 359 590 934 954 788 344 781 188 991 957 125 835 606 451 942 586 722 810 692 298 29 197 351 323 593 201 252 253 853 16 537 41 583 101 219 602 23 925 32 931 161 410 844 847 288 830 435 171 123 641 547 597 689 899 327 280 876 369 467 134 399 912 836 973 847 786 371 349 554 435 36 550 346 266 306 36 992 753 417 263 481 355 489 709 33 847 693 887 434 745 63 708 723 139 314 743 880 310 100 441 190 507 10 926 770 423 98 520 534 906 485 670 395 191 85 435 550 360 705 78 514 185 632 189 97 689 387 296 618 256 65 462 865 148 409 819 169 232 585 684 482 283 874 776 211 844 919 302 622 
295 945 206 110 537 549 361 457 859 872 992 277 896 543 422 108 597 89 404 23 734 921 176 300 251 749 844 175 700 128 103 690 346 776 735 116 569 510 506 330 15 520 767 513 958 529 895 575 241 771 434 252 959 42 907 579 946 216 787 352 831 632 430 553 283 115 240 13 506 460 630 302 599 20 740 189 626 100 186 209 229 415 845 751 557 435 750 737 576 243 629 479 227 901 67 909 177 356 714 417 491 662 542 851 354 155 376 683 5 354 862 620 322 843 148 930 703 372 144 12 958 733 577 34 410 426 597 741 708 59 29 457 660 397 9 51 864 718 322 810 421 707 756 239 585 50 576 404 189 910 259 542 443 294 184 706 979 244 101 161 92 183 936 235 533 264 368 332 785 828 36 433 124 54 196 626 385 193 401 764 567 656 525 285 455 399 113 695 598 949 923 640 850 320 532 600 390 343 147 184 78 309 692 554 585 915 541 396 930 138 846 812 309 235 638 331 26 687 214 641 779 381 670 244 876 767 865 840 663 339 674 757 541 154 274 451 429 523 881 295 268 77 712 859 808 590 24 358 956 966 677 160 794 467 679 395 836 755 327 987 473 899 540 28 512 755 184 382 502 429 566 193 216 209 983 424 214 682 673 871 885 750 342 916 68 384 318 111 1 613 421 817 699 64 66 797 702 670 700 577 110 970 980 252 964 598 754 236 297 22 770 502 62 412 931 941 479 394 451 766 179 372 67 546 837 817 835 529 592 862 751 942 476 801 236 294 242 709 235 536 585 138 530 243 734 498 810 315 901 244 973 330 555 232 835 901 607 231 697 974 500 760 376 195 48 58 478 200 849 709 279 538 524 111 202 910 525 255 692 325 821 763 508 129 543 794 867 52 722 929 530 13 820 894 496 961 194 966 578 979 425 399 161 131 483 340 530 447 363 796 472 237 488 34 946 84 473 594 724 678 508 784 942 654 782 960 911 376 970 765 439 229 146 282 495 251 591 474 217 622 481 936 391 57 300 222 205 475 672 567 382 666 287 219 39 961 388 125 604 552 657 478 998 143 797 959 778 506 591 712 305 331 949 124 337 467 651 745 934 942 844 281 624 650 66 746 955 125 246 421 601 577 454 217 615 809 465 269 154 16 
755 807 24 830 681 743 78 193 316 803 813 949 462 777 187 700 309 822 858 932 802 817 411 979 552 807 753 603 542 916 414 877 971 758 406 663 588 346 261 405 831 683 249 320 372 726 150 170 632 526 342 525 506 912 589 566 762 159 838 797 28 541 927 625 120 422 980 805 494 884 415 245 884 921 683 775 192 201 243 314 180 955 869 639 716 779 869 354 417 969 787 255 227 183 781 540 536 366 770 522 455 709 715 835 851 606 50 322 377 977 304 437 944 452 560 372 794 585 636 798 470 718 555 664 980 51 103 413 941 14 832 740 904 878 219 269 101 841 320 865 223 462 590 51 676 218 334 410 171 203 82 404 402 670 588 610 733 288 742 478 582 39 181 677 344 847 93 620 921 819 419 364 330 1 468 340 48 932 144 571 656 440 886 347 76 640 367 500 8 671 354 942 91 432 402 675 583 934 153 472 519 979 75 442 602 338 187 305 956 594 902 957 591 969 1 778 812 228 331 101 396 911 10 988 325 434 807 440 733 702 865 81 327 82 282 781 784 615 643 848 680 757 320 106 858 628 99 363 154 51 489 543 25 121 431 546 58 604 203 34 746 340 35 215 233 367 990 651 691 683 843 154 29 221 837 608 480 732 195 204 567 812 41 9 864 580 449 286 292 55 431 346 646 442 887 82 46 930 951 990 211 19 212 310 426 337 158 648 481 455 954 919 202 464 755 114 719 736 776 785 714 146 595 392 762 536 527 938 29 652 647 252 536 273 518 222 55 545 18 306 261 373 384 562 202 742 126 995 936 206 771 668 932 789 991 244 29 781 169 942 134 892 588 558 698 261 177 465 252 997 115 718 988 767 676 934 329 470 147 685 466 773 907 765 778 217 18 638 919 41 678 1000 537 99 551 853 266 966 252 591 810 935 943 148 207 84 136 579 103 721 842 574 797 86 71 349 773 909 268 366 208 581 565 759 798 504 39 439 183 540 920 663 975 380 262 452 229 636 945 482 730 351 730 879 258 800 496 740 892 666 367 580 48 832 919 610 238 892 589 213 161 304 236 419 685 374 26 78 974 440 938 137 108 535 364 176 247 132 830 162 263 303 433 560 360 859 548 851 95 526 465 431 752 442 442 105 563 277 289 602 
182172 197554 186938 185676 193035 177623 182125 189842 188246 188798 182431 185027 179643 187492 185144 186482 187406 188351 193344 189050 188377 184446 181581 191057 187160 184014 189107 187874 188454 191465 
556 111 163 457 614 182 896 226 575 580 739 666 841 714 141 765 208 184 332 55 171 378 275 731 15 807 974 938 59 627 629 788 573 38 533 205 523 887 103 985 511 688 731 939 713 43 303 577 768 199 644 631 987 415 860 915 719 663 471 911 373 412 273 643 755 146 90 67 405 591 505 532 539 394 462 641 554 585 956 585 130 660 237 62 699 360 716 113 636 838 34 907 361 629 405 174 187 483 868 934 207 137 719 437 559 712 941 847 279 990 44 858 165 362 684 784 290 649 932 391 145 57 296 870 657 789 129 239 470 9 308 508 598 270 958 368 251 986 397 479 832 915 317 792 275 937 156 238 828 569 133 993 269 36 569 639 889 35 549 382 362 459 684 996 606 556 875 586 674 383 39 283 503 598 38 719 706 728 684 144 799 923 398 692 537 830 100 377 412 505 75 209 476 698 369 348 816 508 725 627 379 593 788 283 221 162 252 291 197 176 77 611 661 238 387 754 932 260 629 234 409 336 693 668 669 102 646 39 313 733 957 412 514 794 727 690 805 552 357 605 23 776 147 138 956 332 450 535 906 401 164 764 574 502 407 787 949 201 808 894 572 181 963 347 164 917 716 682 19 234 115 283 932 688 205 455 626 777 845 53 840 494 816 581 933 498 291 141 672 439 527 945 469 461 489 837 468 453 75 123 306 686 611 454 553 853 239 44 870 276 173 572 762 370 214 843 432 950 270 970 509 755 111 431 858 749 169 39 599 5 40 793 958 329 533 223 269 351 969 787 1 442 634 509 706 601 64 655 941 893 566 980 250 961 126 840 876 148 759 314 482 93 162 74 795 382 873 27 193 768 161 871 847 27 992 601 465 153 838 725 619 847 221 647 26 235 327 781 650 589 217 446 1 282 734 234 923 29 249 783 739 842 321 631 545 614 399 883 360 686 259 810 195 767 459 737 403 375 494 309 615 605 420 770 695 137 911 171 917 520 668 455 150 212 18 931 625 258 319 357 671 545 466 523 416 121 959 105 849 917 618 289 576 209 951 533 721 898 982 426 814 71 692 668 489 804 533 698 477 389 426 955 660 368 145 364 495 5 322 543 635 18 373 820 273 687 60 196 25 346 90 784 777 334 943 460 698 887 950 42 
413 63 111 312 888 650 111 279 890 995 81 989 623 449 486 398 153 598 253 842 189 540 608 638 60 75 687 476 350 409 463 989 959 968 650 603 879 960 21 729 92 56 63 109 914 888 679 413 568 871 28 57 216 795 356 536 91 21 994 334 300 470 326 837 292 783 641 505 292 123 605 72 21 463 393 428 911 729 612 731 247 960 793 938 192 78 145 655 286 748 479 605 614 551 357 598 605 793 939 742 873 291 266 765 355 806 288 233 512 260 60 280 543 275 390 221 127 208 367 977 288 29 544 20 954 655 521 183 776 254 453 550 159 884 25 414 315 887 755 671 514 385 934 34 998 401 790 651 607 229 255 136 411 5 396 842 488 726 34 932 258 966 988 505 57 580 193 426 6 528 557 713 408 837 89 780 822 46 440 22 481 925 892 199 481 134 544 854 947 536 713 357 527 207 70 272 340 866 426 313 871 772 266 10 974 524 854 55 12 724 471 473 914 619 905 325 894 840 772 376 370 712 13 365 803 829 278 394 621 263 743 83 238 932 470 896 491 803 32 843 946 985 498 337 286 699 963 508 686 243 489 409 20 719 16 530 184 500 509 295 275 565 447 627 154 448 215 249 133 13 910 28 679 74 534 903 314 142 218 116 55 424 156 59 999 94 647 856 90 625 904 52 76 668 154 813 492 598 61 997 328 659 682 887 813 964 238 806 169 97 370 751 876 854 418 356 375 980 121 734 128 755 410 609 439 764 863 615 961 841 102 874 447 772 548 965 654 581 408 902 649 954 390 901 562 417 668 634 129 739 497 341 275 121 301 741 783 482 820 322 803 167 790 718 253 273 493 444 810 771 947 627 527 966 317 16 677 466 146 856 369 653 115 74 130 140 345 995 750 641 565 404 978 218 875 87 14 924 59 59 307 557 111 721 303 519 420 723 952 950 967 785 518 849 571 22 777 587 170 240 333 32 166 973 263 830 381 457 194 750 908 978 467 1 339 531 620 969 312 685 857 344 104 712 353 224 939 4 187 327 860 88 27 128 965 593 402 57 461 567 900 968 444 955 884 262 238 296 292 558 887 856 582 306 127 462 364 682 425 449 151 897 670 335 856 116 533 11 106 291 164 575 688 256 982 153 317 864 497 280 
907 75 488 485 227 292 519 362 618 499 876 360 6 906 220 897 566 96 10 504 93 274 568 413 863 185 783 325 881 866 138 608 690 431 432 930 851 174 457 650 104 927 944 454 338 381 70 484 172 922 752 869 816 976 177 759 105 849 904 958 631 251 651 113 101 653 645 57 272 945 692 5 814 665 757 193 266 984 363 38 52 565 327 974 581 88 778 804 244 961 253 299 684 676 11 715 381 847 271 7 807 447 406 465 125 414 981 474 296 383 178 570 241 621 963 363 45 6 17 957 563 92 329 16 127 991 140 706 172 445 426 980 646 90 804 620 834 585 920 362 687 605 202 272 200 732 514 172 614 209 785 167 413 523 112 436 101 902 999 663 288 890 768 60 566 460 749 393 470 541 363 109 189 771 527 725 872 90 695 822 745 423 183 610 39 382 529 662 705 413 872 343 822 187 776 804 521 894 698 82 240 661 62 110 84 337 841 252 134 259 646 999 656 320 859 293 597 875 753 437 42 279 166 306 565 282 994 625 77 483 781 554 990 222 190 182 639 995 666 739 450 630 106 230 161 120 999 838 966 878 112 889 582 861 151 713 235 806 844 700 810 979 60 792 130 415 893 303 793 323 956 111 506 1000 973 985 762 147 128 394 839 582 437 144 718 755 275 537 450 94 212 952 485 935 775 395 436 351 657 372 221 757 685 205 339 4 509 264 894 680 962 788 386 152 129 404 925 309 585 618 921 636 24 921 535 646 374 330 779 434 206 572 312 70 686 889 737 124 839 168 400 373 267 539 366 750 15 529 344 649 871 194 875 728 81 821 39 39 94 983 770 718 187 611 589 500 353 461 950 41 386 984 189 811 497 504 342 181 441 446 781 936 260 901 868 71 116 934 225 99 877 587 437 446 662 515 927 58 613 42 983 248 832 959 157 324 8 742 553 792 332 609 770 238 806 883 642 127 411 870 130 670 209 417 631 394 935 964 228 787 705 893 213 116 728 909 50 328 437 792 609 385 771 776 667 628 565 708 102 375 890 76 763 970 268 688 1 174 578 907 152 432 930 759 182 779 509 518 597 141 725 725 942 862 731 573 939 75 302 72 248 557 712 995 154 602 396 650 88 334 195 902 226 758 682 476 94 269 258 236 
547 859 25 285 674 829 878 49 145 915 532 824 153 820 370 13 462 582 25 209 768 292 915 754 48 519 295 751 579 468 576 90 523 313 525 286 564 738 961 167 445 339 634 564 95 694 100 967 679 594 467 935 880 366 71 580 354 173 340 176 446 871 20 694 305 25 487 229 895 138 249 752 216 316 149 449 558 144 960 51 614 750 526 499 957 614 700 760 525 118 15 3 307 338 896 833 618 214 665 663 383 306 44 685 403 150 504 312 438 871 600 610 681 468 544 120 896 977 882 408 647 762 852 118 519 926 515 561 308 873 725 196 577 456 36 642 238 837 601 524 26 252 505 418 529 209 598 640 738 170 25 342 270 784 527 190 406 11 737 351 815 682 746 473 508 548 441 531 316 296 745 949 76 702 155 825 74 174 381 295 278 490 412 90 909 159 593 945 855 847 918 453 21 928 22 882 562 813 229 517 559 80 18 517 548 708 5 291 183 180 285 717 237 67 145 408 916 866 236 188 979 950 284 407 389 658 222 613 807 217 1 356 997 199 237 294 632 815 76 86 943 160 182 952 832 554 438 564 51 98 780 542 723 323 16 933 888 646 545 948 404 765 404 116 636 666 837 344 180 320 619 225 197 517 776 857 840 471 910 63 864 407 946 492 336 188 880 724 927 773 86 118 244 438 103 907 164 483 676 184 66 459 385 387 62 181 369 279 667 109 378 119 82 483 668 432 364 166 473 311 989 500 417 725 484 957 818 551 817 171 229 2 315 503 798 524 801 428 104 705 501 883 336 278 820 666 940 339 162 895 917 353 35 36 632 90 0 88 704 633 551 272 853 75 762 197 147 349 487 919 433 799 27 508 644 110 895 905 114 592 544 824 131 268 638 481 282 661 826 93 170 24 755 730 130 378 329 520 79 710 98 628 432 53 3 298 134 136 915 986 568 127 701 74 177 822 357 65 603 922 140 413 525 416 888 798 99 354 258 706 312 868 712 194 325 549 232 837 731 813 265 391 355 466 359 375 963 190 896 461 42 504 140 180 297 92 544 904 888 58 664 15 522 776 25 302 265 777 734 72 657 468 37 728 580 648 903 511 656 824 140 101 520 817 531 35 540 492 166 728 144 6 999 579 96 224 61 272 268 407 
599 599 359 58 318 462 464 323 702 675 29 314 451 178 580 508 87 7 984 971 122 108 64 705 387 756 505 91 667 85 218 253 966 979 569 676 923 570 38 903 54 414 875 651 938 914 761 92 205 702 707 387 183 14 306 279 316 537 600 2 430 624 235 929 933 612 285 735 499 544 631 433 413 805 514 723 788 490 870 342 900 797 82 532 229 706 182 927 765 34 625 814 780 203 967 46 519 457 354 432 65 71 391 691 338 360 291 42 368 390 730 375 613 870 800 776 942 579 885 830 410 183 603 842 331 937 572 279 821 941 438 149 321 306 590 362 393 868 541 578 698 377 478 138 646 41 18 448 673 81 277 198 418 115 875 832 174 966 889 952 27 941 712 896 351 655 399 508 629 527 24 658 590 511 176 329 707 798 226 601 590 951 404 21 318 851 709 68 927 207 286 662 891 810 260 618 328 375 173 153 980 965 944 887 42 84 552 853 892 793 786 725 844 937 565 1 588 500 659 121 252 665 478 146 578 514 113 683 512 382 384 448 101 875 966 781 269 652 625 236 605 96 402 653 66 259 770 18 39 549 840 211 862 868 299 88 287 288 346 917 763 351 817 421 486 432 961 795 785 143 855 791 692 315 690 259 309 371 432 380 844 525 659 327 643 590 617 395 609 120 208 908 995 79 259 98 414 922 916 655 620 664 857 0 692 463 463 916 747 167 600 989 115 913 391 330 408 999 997 608 883 54 467 69 370 173 584 369 966 351 868 2 838 799 323 273 406 484 349 211 983 718 658 492 742 851 654 630 608 411 950 668 788 389 490 548 738 129 894 599 398 295 920 708 526 972 739 446 548 960 999 725 249 492 923 557 237 770 100 581 590 922 897 430 467 783 681 479 734 154 235 500 951 300 953 210 952 886 451 858 247 158 618 748 144 472 399 459 919 110 71 177 745 383 992 335 335 490 856 406 532 307 675 713 657 811 577 393 774 403 389 952 459 209 190 995 516 470 215 459 542 555 533 880 707 848 976 557 846 839 78 719 170 178 630 786 599 704 925 161 736 142 350 312 880 792 787 266 191 692 312 997 399 989 326 389 471 917 355 22 973 709 220 380 469 876 490 16 411 824 434 686 383 704 891 907 828 947 638 253 
125 16 938 816 161 934 350 356 987 920 622 546 795 645 544 128 223 738 588 434 219 354 83 474 344 494 735 983 890 59 35 62 895 231 231 748 458 85 826 550 968 715 469 280 493 179 433 210 209 530 96 212 427 811 117 348 797 693 901 41 191 874 466 461 359 165 458 114 999 89 465 169 515 396 820 882 207 862 658 803 986 384 569 80 57 142 194 663 341 617 203 468 282 691 391 355 911 597 987 942 956 389 105 913 176 247 280 207 870 414 944 903 107 641 632 781 887 81 290 589 901 836 697 106 642 554 129 973 928 213 869 94 331 77 992 304 981 29 309 100 83 738 982 458 432 530 469 320 169 447 420 828 217 926 325 893 816 270 518 226 240 63 661 478 358 806 385 39 654 434 934 297 783 594 60 310 26 534 416 919 9 347 232 328 702 77 483 809 254 623 245 942 274 717 978 902 631 650 222 629 677 372 412 330 382 817 23 142 744 373 292 124 253 178 258 324 344 918 861 106 454 97 122 269 822 539 191 797 242 786 819 703 431 110 990 495 554 639 977 779 416 527 235 829 181 74 602 222 435 901 963 162 191 105 168 618 955 591 788 588 588 17 328 797 466 217 40 65 904 400 633 209 432 927 155 253 581 787 254 57 837 475 75 705 325 312 539 162 448 70 199 734 871 941 765 94 446 520 628 935 921 369 976 593 482 932 548 410 724 523 472 660 604 247 995 392 560 133 47 13 121 376 618 985 246 313 293 156 619 266 645 617 744 830 678 897 545 789 382 487 113 968 507 58 105 646 71 872 270 191 865 531 679 233 118 602 983 126 824 85 323 126 479 312 958 956 366 405 529 440 135 778 36 760 318 183 654 698 738 269 27 375 644 513 764 204 398 102 304 409 410 19 977 142 951 834 848 579 639 200 914 916 564 409 318 658 404 183 833 810 798 115 480 446 542 701 770 942 296 549 740 530 320 846 394 492 39 3 263 175 79 771 99 46 215 30 603 788 623 885 397 723 3 695 702 11 733 41 69 522 696 664 121 750 47 80 966 172 825 68 834 508 525 522 359 796 205 742 232 115 940 917 482 344 977 948 584 909 793 974 217 410 211 919 629 332 527 728 426 118 158 608 818 666 818 165 179 711 256 971 
794 962 559 323 634 265 707 775 776 248 253 781 833 654 881 335 945 892 683 417 55 945 624 67 667 371 556 676 355 260 272 463 24 361 26 708 862 355 100 314 862 237 777 757 236 190 602 665 11 565 899 109 798 568 897 399 686 325 783 527 629 918 230 711 314 268 97 52 524 494 558 927 776 52 755 266 297 252 276 527 142 748 321 871 720 341 28 559 825 307 711 842 839 878 516 204 873 42 663 780 805 237 953 547 201 235 401 1 217 825 556 779 540 423 858 342 132 956 691 144 531 605 967 40 317 513 314 660 963 619 706 270 824 373 710 740 318 584 551 478 185 766 946 706 522 275 291 641 752 36 455 151 792 648 286 436 858 266 889 155 767 557 67 54 922 484 219 712 657 614 151 430 700 745 876 354 583 342 389 618 996 612 655 695 498 602 700 71 303 179 414 769 244 905 368 162 394 907 23 844 36 890 88 190 167 130 526 826 967 666 762 632 886 866 424 326 64 716 684 451 770 762 429 453 166 175 499 879 64 286 373 304 910 704 420 184 943 197 33 953 2 269 389 280 497 732 540 696 821 270 137 388 661 785 319 219 416 147 698 216 407 626 670 163 880 751 536 21 831 789 117 702 522 226 471 530 476 737 734 414 564 21 895 142 207 33 170 867 724 921 125 730 273 381 103 297 642 370 397 321 249 309 915 423 740 242 888 678 134 550 951 710 289 389 405 562 443 289 164 539 259 10 945 761 236 76 274 695 151 578 473 687 287 211 607 408 545 576 2 380 45 480 459 801 458 41 992 130 979 704 211 614 571 553 393 242 454 223 812 341 993 161 52 685 930 85 928 173 637 368 569 289 750 44 159 853 30 817 973 119 423 807 728 617 278 437 424 749 513 87 964 408 738 243 909 27 804 598 796 900 358 592 284 19 795 919 776 43 497 574 0 602 348 20 709 138 325 275 632 682 944 319 761 625 708 484 321 123 483 595 720 930 559 81 116 590 772 284 431 952 339 931 199 588 574 744 906 885 125 452 233 120 454 170 217 327 183 984 746 10 998 142 840 35 718 826 98 728 352 807 160 279 549 336 981 481 943 261 365 157 956 844 591 939 231 568 135 502 381 336 335 381 274 876 205 119 279 230 669 573 
447 682 649 672 673 522 987 818 781 695 260 630 331 346 255 727 738 691 49 494 877 448 306 563 992 981 895 205 267 893 271 313 495 375 758 148 749 841 627 8 258 799 127 863 869 558 777 34 795 983 508 683 314 442 31 805 378 692 991 482 56 302 81 938 929 674 764 806 929 919 421 537 463 382 625 845 537 686 522 28 568 350 810 128 792 575 687 742 812 346 702 96 291 482 279 911 412 934 301 791 488 538 473 597 742 913 2 889 741 157 544 12 503 149 202 730 133 765 980 402 115 987 585 13 386 797 329 539 406 509 69 546 387 798 960 394 854 564 914 36 93 252 732 949 305 732 624 684 412 497 900 43 145 395 807 799 711 824 334 631 189 779 51 10 474 729 58 213 184 99 901 744 593 611 965 53 308 143 319 909 694 104 412 174 560 955 748 754 535 590 822 888 562 173 632 28 296 969 593 153 71 770 879 115 667 314 74 513 102 495 193 849 13 982 541 531 487 293 339 313 740 756 397 626 625 889 782 878 615 321 203 135 373 439 809 929 381 911 354 88 968 504 932 103 581 534 224 854 453 332 862 116 670 644 254 134 720 908 852 422 651 961 999 516 716 664 501 403 7 922 760 439 628 989 324 156 387 257 620 678 991 407 962 896 48 561 178 80 241 820 869 48 62 118 569 612 699 581 374 69 662 568 422 102 460 502 437 719 581 764 800 74 857 871 32 30 583 322 555 35 785 849 401 506 997 373 462 313 854 48 705 25 916 740 247 953 827 137 674 353 427 655 579 897 383 790 407 862 392 482 363 937 493 269 812 610 761 635 901 9 173 203 444 799 411 436 642 117 402 691 741 42 323 432 28 483 386 884 961 604 466 307 733 598 477 933 442 675 107 948 684 986 190 863 156 894 104 745 539 489 343 247 871 981 501 374 195 825 94 530 790 482 754 778 999 933 552 155 35 298 650 777 347 497 796 326 26 126 373 576 618 253 928 219 550 496 622 459 600 574 608 235 219 847 363 636 739 719 557 265 364 206 992 490 578 816 269 722 417 846 43 553 187 957 773 480 530 806 170 466 952 578 973 421 875 616 800 517 813 213 261 285 509 735 822 699 556 29 210 217 762 648 125 292 723 889 256 782 950 475 
399 960 197 422 379 154 160 368 319 905 334 253 725 111 449 689 630 728 187 957 220 308 34 444 378 209 655 14 339 128 285 582 883 63 445 908 975 291 190 522 81 314 344 790 482 798 73 604 112 42 114 692 707 137 683 926 957 474 735 360 230 406 189 980 285 284 617 492 862 236 914 607 873 707 189 359 862 173 647 469 464 240 377 229 39 14 771 443 782 559 47 17 421 280 768 898 63 141 927 495 344 81 72 347 183 761 439 706 505 562 588 303 392 541 787 157 723 116 809 416 309 786 970 458 22 245 91 156 94 980 530 423 456 583 178 126 810 934 202 226 431 891 980 532 216 791 560 10 475 627 329 487 521 32 960 706 897 712 160 45 741 422 719 485 551 726 336 588 672 822 991 711 974 66 886 92 963 613 322 575 486 510 494 373 793 31 293 43 341 663 247 1000 700 786 370 111 134 599 887 353 493 9 660 794 778 826 61 940 254 456 496 537 529 154 689 944 657 734 857 296 33 573 450 832 343 631 264 704 395 834 768 213 913 183 256 170 935 716 172 904 458 862 273 771 983 583 696 259 976 341 444 279 256 519 932 19 328 877 207 42 444 591 168 868 100 824 360 708 79 51 810 254 440 655 3 563 9 259 863 782 96 553 263 243 140 773 24 729 986 29 868 383 114 288 724 133 261 42 208 152 313 977 363 83 97 951 238 544 38 620 976 414 923 727 467 108 721 999 704 635 399 760 929 867 860 623 43 683 880 648 476 392 955 229 852 510 828 989 969 274 981 159 116 212 147 367 260 63 213 522 287 489 208 411 449 773 571 666 652 130 292 987 592 855 299 57 976 692 75 16 707 552 231 826 929 687 301 946 438 179 668 205 407 865 526 360 999 217 575 230 361 246 539 528 348 230 836 491 702 556 241 511 288 714 657 492 633 642 32 762 922 19 243 948 896 356 805 140 285 906 629 441 360 717 102 861 363 798 339 668 684 404 137 200 311 500 168 184 668 991 188 837 459 553 218 799 929 636 344 667 188 602 236 724 803 577 641 692 816 265 414 114 794 4 178 264 963 933 665 445 742 9 717 241 849 936 541 497 445 564 657 550 290 355 133 426 49 468 696 15 315 535 891 443 817 629 619 999 546 122 
63 374 675 523 593 502 105 14 454 787 81 180 434 354 97 988 107 605 519 419 664 305 554 986 925 82 458 76 546 764 38 762 269 357 778 881 169 13 124 746 182 447 750 249 95 381 832 394 10 646 107 235 326 636 558 329 753 616 298 288 490 209 713 884 955 798 54 722 353 612 485 697 291 723 257 632 215 902 122 32 719 938 741 420 615 339 254 245 324 766 555 740 680 526 447 149 684 399 478 543 189 299 397 669 197 679 449 0 836 906 953 908 835 848 421 891 181 841 709 162 655 457 668 451 532 508 684 783 284 370 784 953 968 419 942 941 289 208 410 175 974 927 473 450 323 619 150 822 841 449 285 59 704 994 842 554 695 159 361 346 364 995 949 211 938 110 195 19 291 927 873 914 9 818 241 812 918 582 318 43 84 73 419 585 214 200 87 438 197 424 209 226 72 677 904 809 299 905 82 327 272 474 492 111 86 772 534 879 760 969 740 259 470 383 746 773 78 420 546 879 346 749 165 61 174 121 18 457 486 393 478 772 14 675 889 625 355 859 629 229 744 276 910 442 216 545 18 645 160 196 799 721 957 239 586 43 374 784 929 803 278 39 475 533 201 263 479 180 387 460 826 613 737 664 799 164 91 100 196 999 374 150 61 928 54 261 48 97 957 900 912 624 945 11 382 559 650 585 858 141 694 928 590 301 903 729 672 571 435 661 500 894 932 255 295 103 943 247 687 716 134 983 34 445 910 42 71 226 512 650 645 160 890 157 706 50 81 724 283 468 392 644 882 296 546 208 28 98 168 296 169 252 452 577 321 448 684 867 33 101 858 439 912 831 657 151 709 488 774 643 217 680 43 587 716 34 782 187 353 894 356 536 938 769 384 243 700 173 124 404 206 606 516 408 150 19 710 756 781 604 929 810 458 284 415 523 356 719 657 464 634 220 946 66 126 539 290 202 218 145 493 103 24 472 919 2 507 104 91 27 801 972 210 812 651 78 664 438 372 402 599 833 370 99 177 256 609 32 175 301 163 47 421 940 631 258 674 753 633 152 249 893 338 769 702 913 488 228 860 7 978 704 281 136 594 946 425 885 674 304 462 137 733 760 319 594 934 883 740 552 8 316 956 794 218 755 357 351 592 538 
736 704 315 357 60 129 178 404 340 425 473 630 2 855 847 10 981 124 634 396 310 600 601 166 230 420 991 792 991 328 510 73 783 700 681 855 311 130 110 69 331 307 797 813 335 335 288 626 693 304 258 924 221 19 357 242 793 152 614 868 665 254 281 781 271 670 63 555 178 723 178 72 892 778 0 470 141 345 560 222 236 637 406 512 714 433 413 490 210 699 953 776 537 713 479 928 692 329 967 412 472 798 608 58 309 907 637 80 611 106 530 339 37 35 71 479 311 296 10 298 979 51 616 337 514 961 229 863 842 847 220 462 646 377 57 549 72 749 630 712 799 496 788 828 409 304 170 478 741 563 251 868 945 830 161 667 588 806 208 334 406 653 98 598 556 538 602 566 492 267 269 282 403 834 488 534 13 692 981 728 92 680 51 100 735 505 131 160 231 911 762 319 416 812 59 575 433 125 752 102 362 329 587 449 27 535 919 643 85 975 244 896 322 905 382 157 272 420 298 294 213 869 603 588 547 60 438 506 74 101 946 377 897 48 895 619 973 731 622 23 133 341 624 843 183 446 526 980 96 321 985 937 853 657 150 298 755 27 867 166 452 462 619 989 100 241 469 695 36 533 670 134 297 47 405 490 794 660 720 352 474 715 823 418 338 438 866 440 978 748 993 917 544 686 913 968 637 735 930 237 477 837 928 898 838 439 813 925 403 836 672 385 982 540 926 887 104 946 639 804 662 667 914 664 272 325 673 105 876 644 648 808 362 567 884 300 567 733 513 300 751 734 151 139 446 893 578 420 687 219 629 381 864 963 28 583 319 791 268 635 807 939 731 385 859 919 706 160 529 776 918 968 187 121 30 479 265 681 606 764 973 460 105 471 986 704 765 966 18 889 905 255 306 564 198 198 133 259 898 534 445 311 61 314 812 16 63 437 609 585 286 889 838 954 732 791 48 435 796 686 838 818 391 368 661 342 610 733 702 702 75 342 762 20 817 135 608 449 979 830 848 66 953 664 252 202 700 763 193 97 582 994 870 791 154 31 555 749 592 897 9 900 581 459 977 915 646 296 537 547 10 578 716 955 748 122 29 69 863 702 596 241 757 263 884 830 577 522 58 306 866 626 613 65 888 391 809 719 97 772 
494 799 889 153 424 711 774 191 484 718 879 678 986 458 726 624 272 392 691 414 41 227 125 256 673 495 438 101 733 956 265 616 842 551 952 222 770 485 581 143 355 862 27 303 633 903 125 79 96 597 91 832 113 103 671 560 549 893 111 422 995 198 794 922 616 814 555 64 465 713 554 664 676 71 896 793 609 483 543 575 839 667 557 348 370 519 770 72 873 7 231 670 84 145 358 569 331 706 388 10 23 366 885 432 812 28 699 768 667 667 203 422 698 406 254 185 398 21 707 109 462 282 946 974 783 384 989 301 649 974 752 890 385 654 73 76 519 763 649 547 975 818 37 356 297 940 985 1 31 321 735 33 942 619 937 346 396 70 580 969 271 745 174 741 793 170 499 948 132 559 970 486 689 343 523 462 0 598 774 971 381 861 352 349 23 252 697 878 537 986 969 488 602 439 910 428 925 210 496 74 731 951 1000 205 632 3 392 175 270 793 851 991 718 64 580 37 239 412 314 845 196 90 600 781 49 356 263 195 720 256 398 515 267 908 554 340 981 997 953 206 497 898 512 442 769 582 224 91 79 133 158 794 832 685 39 196 708 968 439 278 149 124 665 152 771 59 175 565 294 403 323 237 207 142 795 824 703 539 602 883 877 399 10 498 106 799 275 418 370 778 13 121 977 780 591 467 447 9 800 9 868 502 243 445 967 290 29 88 402 932 176 68 137 988 148 365 754 57 933 518 428 43 682 667 351 979 169 54 840 231 27 904 979 684 670 339 511 185 245 399 333 244 675 46 494 375 20 308 229 823 688 950 148 746 360 45 457 496 705 945 509 327 627 773 430 492 513 176 720 393 998 882 208 870 938 376 781 527 411 579 388 328 947 342 266 587 601 460 557 609 869 928 113 356 730 351 620 494 58 985 618 881 902 744 657 408 834 230 628 811 470 807 443 295 253 963 850 752 887 55 156 518 972 998 876 622 339 346 558 622 931 977 296 547 990 213 347 985 564 581 107 844 371 250 653 520 160 630 241 498 433 461 243 823 710 189 860 731 681 758 389 484 377 221 664 772 173 413 181 597 631 529 233 739 7 163 214 237 96 645 291 384 323 128 932 356 102 150 403 901 699 47 961 796 900 708 680 552 749 792 
158 936 475 254 888 717 937 998 944 231 938 46 24 104 122 782 733 589 976 635 470 418 160 458 885 117 820 82 842 461 492 240 255 815 844 90 868 669 171 719 906 578 105 791 113 30 237 114 514 198 488 294 264 216 704 986 235 767 365 483 504 764 488 479 653 518 761 30 571 907 787 778 611 921 806 599 540 332 956 400 827 518 797 837 7 341 961 945 766 162 165 392 793 569 941 486 526 668 927 584 774 71 820 684 196 410 27 482 943 111 889 664 999 841 63 121 229 708 877 176 505 496 242 628 461 469 725 25 683 944 703 929 516 676 914 755 493 969 285 463 781 28 111 516 80 6 298 232 965 577 170 944 386 655 182 78 80 508 915 814 412 203 691 252 256 573 458 843 334 981 129 270 742 814 989 940 119 611 980 778 359 726 165 854 748 323 181 394 699 122 216 725 583 234 277 516 522 901 367 460 184 643 761 832 75 106 177 426 510 508 161 965 124 293 739 515 322 556 962 545 82 768 638 433 605 551 478 198 910 346 952 489 811 847 723 611 142 947 44 950 937 107 618 14 710 229 886 404 821 942 746 498 8 513 465 623 49 9 752 32 653 479 961 786 402 235 38 344 777 177 702 801 10 737 613 319 87 969 125 38 862 983 256 803 464 936 933 552 497 244 48 740 740 873 483 949 96 49 689 550 700 953 78 503 202 78 612 895 538 452 221 887 679 732 425 705 75 590 518 674 508 483 283 446 590 77 283 18 477 367 544 741 693 372 276 124 763 509 805 199 920 875 443 217 4 503 244 42 604 17 208 117 397 755 503 907 823 646 154 713 784 456 643 697 688 503 319 877 809 151 104 247 838 48 16 908 560 809 408 989 772 660 711 669 905 843 839 88 372 594 200 131 684 204 328 926 753 824 594 700 393 334 862 107 826 881 365 336 657 628 208 121 787 734 156 929 687 218 69 943 737 396 893 263 514 555 499 857 752 838 693 372 895 179 957 217 930 917 32 224 651 908 256 797 507 747 636 35 178 8 377 979 290 26 495 527 205 114 720 684 616 549 449 659 395 566 43 821 606 21 318 81 192 253 258 65 903 849 79 141 802 700 445 91 560 796 855 722 815 68 519 424 171 755 676 620 478 11 980 871 
669 509 264 802 733 902 900 156 303 684 601 606 701 770 378 385 91 683 95 99 187 163 856 168 478 990 913 553 190 570 147 997 866 497 666 94 249 241 661 913 921 779 716 236 233 336 997 443 131 6 515 173 853 232 411 326 293 244 285 308 180 423 826 559 806 890 712 833 112 149 370 323 396 986 75 268 914 18 303 388 50 16 389 4 262 320 599 149 599 63 65 875 910 513 658 529 553 225 878 438 45 300 474 77 772 194 522 286 324 399 98 385 514 797 111 931 357 250 306 762 189 920 482 857 831 131 930 318 516 614 397 316 130 556 281 60 191 579 933 192 210 48 80 807 785 456 322 887 736 64 533 24 549 579 857 472 255 746 878 725 34 361 192 216 524 198 360 274 743 433 237 537 660 778 760 680 797 800 702 286 674 947 551 605 900 1000 569 647 804 877 235 655 552 951 205 981 547 929 748 295 690 306 528 93 517 0 593 75 931 317 659 148 984 584 763 251 222 983 243 222 789 686 142 12 544 824 673 864 877 707 211 579 50 1 919 342 700 789 859 76 446 5 3 36 480 486 376 432 71 960 826 75 854 755 378 746 715 197 588 100 72 655 963 244 122 901 833 31 423 16 738 73 813 687 580 225 61 468 291 134 631 900 87 208 242 286 855 691 732 629 195 986 621 170 260 784 368 723 980 26 983 277 851 619 1 766 360 31 131 739 377 364 16 647 702 842 383 521 555 734 825 106 978 287 72 128 764 430 971 772 341 629 0 446 419 449 988 88 156 378 545 341 978 60 428 597 641 852 561 241 80 715 848 585 144 742 272 923 637 981 510 340 658 232 260 45 386 917 185 67 108 781 815 809 566 630 23 600 205 942 681 39 61 234 737 462 168 731 140 689 608 10 268 528 311 224 181 214 334 251 453 522 353 361 733 630 56 271 807 868 145 454 344 788 802 605 773 651 920 420 166 389 900 97 938 488 429 125 280 133 585 765 152 344 684 335 759 330 343 425 990 431 61 893 161 769 27 78 770 814 802 386 488 712 210 225 805 788 268 676 130 428 592 676 179 866 760 874 354 655 443 346 661 318 638 458 548 89 635 818 856 293 966 624 392 3 766 644 504 53 421 394 131 449 867 420 839 528 536 865 
627 472 87 885 647 572 533 581 251 970 430 877 494 251 80 748 658 904 726 875 792 153 720 478 960 824 976 573 424 906 989 265 934 421 590 691 803 59 719 579 599 576 989 234 438 160 733 885 401 16 314 809 35 169 307 455 852 558 884 54 903 992 443 541 275 189 398 851 596 198 543 498 617 207 627 214 94 267 550 840 147 674 788 350 991 491 878 818 591 552 45 645 595 141 615 594 388 627 730 534 357 974 953 291 317 332 488 16 724 736 95 707 844 728 639 389 815 548 835 997 976 219 462 460 611 740 975 836 339 987 190 942 733 952 430 472 126 990 353 501 301 231 517 865 15 224 446 847 259 407 577 12 993 589 874 960 760 94 700 137 303 316 876 642 491 188 610 689 453 753 722 264 471 774 685 798 67 475 225 216 777 179 574 759 574 607 957 228 984 556 878 535 870 181 840 71 381 661 575 255 286 30 512 750 268 456 61 339 620 434 781 130 994 295 640 106 517 366 686 209 649 339 854 799 382 280 120 278 29 109 493 299 396 794 832 984 626 528 885 400 215 172 234 21 454 785 227 400 90 628 680 569 557 923 735 50 870 507 154 144 510 905 787 863 421 762 193 754 980 613 763 298 418 809 123 570 967 199 687 194 582 367 657 947 435 218 558 869 661 865 246 80 698 898 37 1000 742 160 570 667 49 619 193 753 669 764 221 322 411 156 325 454 638 549 538 982 844 679 887 155 974 896 240 117 664 29 445 884 783 494 380 386 399 149 937 591 461 18 815 176 218 429 128 831 693 167 534 427 330 273 753 872 303 399 813 574 76 620 792 345 994 918 486 358 174 285 353 310 901 478 515 877 955 886 122 264 685 586 420 537 736 274 174 536 874 738 245 593 501 780 443 69 482 920 297 475 733 479 658 93 740 164 808 697 869 99 988 24 509 885 849 902 506 449 432 997 465 488 746 291 980 807 672 797 236 574 690 89 457 597 729 448 565 842 845 516 150 90 339 154 588 530 879 844 94 232 132 684 411 582 212 565 662 686 134 570 534 990 523 855 562 337 424 414 411 217 934 95 429 613 645 727 104 812 382 96 961 103 526 979 268 566 938 832 197 343 536 69 629 188 518 531 951 315 820 247 421 293 406 16 
557 952 949 495 382 542 557 79 794 170 789 997 522 396 263 973 143 139 484 61 569 237 167 795 395 501 748 430 810 386 143 720 909 155 540 420 678 679 314 536 132 849 327 893 853 607 766 722 238 294 782 989 172 478 840 554 839 554 270 394 846 189 108 488 744 221 467 44 239 111 502 251 775 359 576 412 312 973 234 832 902 406 253 172 10 736 246 553 51 35 812 366 119 147 993 932 195 910 83 541 234 961 304 756 613 869 331 653 111 772 829 260 860 423 837 458 548 105 386 180 539 307 769 930 953 928 957 691 466 555 34 223 522 791 11 140 264 717 814 379 575 828 781 193 246 866 402 606 397 974 347 874 19 151 35 179 800 399 748 335 142 354 105 938 532 296 168 318 763 580 839 713 447 229 963 767 215 750 432 141 143 357 595 360 559 487 168 760 805 775 330 805 859 966 373 540 166 299 334 303 781 794 919 425 978 735 578 301 370 881 175 310 747 248 523 561 686 972 488 339 460 483 277 680 677 364 823 634 885 551 337 478 624 507 168 477 125 998 298 141 124 305 730 18 476 435 139 66 204 292 907 724 330 971 879 360 266 941 705 877 104 34 371 585 599 942 582 806 293 154 1000 25 634 620 644 31 470 770 200 313 44 521 440 602 686 386 120 602 969 750 241 301 69 315 338 387 414 885 18 877 739 459 318 291 24 997 193 787 662 912 262 393 199 342 446 596 734 156 963 752 172 939 450 330 74 593 803 934 233 137 334 490 229 693 98 855 867 178 551 423 532 337 132 582 623 664 69 365 130 161 20 300 295 983 951 128 707 42 518 934 907 82 87 830 206 466 798 580 667 683 799 472 289 238 852 341 77 331 692 64 0 799 506 791 292 173 564 121 188 295 173 927 661 332 901 588 720 953 875 730 284 281 881 393 173 513 381 331 560 876 665 904 836 380 911 141 795 247 343 253 187 955 334 753 795 730 470 599 62 656 626 519 636 915 764 180 78 779 688 740 322 217 430 701 587 486 200 958 383 247 534 792 626 31 427 461 818 901 838 273 962 223 568 722 502 924 989 73 88 451 910 364 590 510 867 957 212 286 799 64 842 535 806 618 238 263 461 796 518 620 873 562 737 732 560 463 897 830 755 493 
821 242 595 888 365 204 138 217 655 321 540 787 141 675 386 283 849 509 744 173 462 969 70 938 374 404 709 757 102 299 312 361 19 227 300 229 289 567 609 984 228 335 36 992 557 564 982 73 418 981 370 560 970 816 236 47 401 224 687 605 139 565 408 837 819 680 667 289 321 60 38 610 474 774 889 434 66 753 751 999 194 496 894 539 740 598 246 35 854 98 260 275 653 640 220 300 602 228 497 611 743 627 902 996 850 976 788 721 546 582 433 792 225 788 944 525 162 537 808 407 128 924 971 255 969 724 64 114 845 246 93 389 847 465 242 940 391 635 4 14 884 787 0 372 889 75 387 662 42 146 106 403 43 858 484 448 374 592 64 342 683 43 757 550 400 930 730 676 51 493 298 436 880 959 695 949 74 235 21 339 461 91 256 860 855 427 326 938 849 42 455 914 994 800 390 940 414 415 196 972 974 193 345 892 891 58 92 492 327 126 985 854 406 364 90 250 140 387 678 274 471 858 895 731 620 239 859 749 532 939 173 441 429 730 888 196 746 504 974 165 801 500 462 547 572 950 456 43 746 220 355 53 67 179 672 123 333 400 774 252 415 486 45 271 344 130 246 545 273 623 19 703 979 229 130 851 372 750 418 727 598 221 102 102 164 820 946 143 855 977 834 697 615 156 348 702 653 484 647 541 39 812 561 480 852 211 72 791 951 990 526 281 854 274 456 341 650 94 353 301 85 259 274 178 5 402 487 927 289 586 329 972 924 346 392 532 122 354 878 801 689 380 197 687 690 45 243 382 145 502 780 157 337 267 399 632 337 439 408 712 996 175 697 229 912 501 305 268 805 749 716 612 351 258 760 587 661 471 568 720 605 895 327 520 87 528 208 545 232 284 39 867 363 462 133 767 329 822 419 429 419 222 967 68 377 110 75 773 746 273 987 828 950 103 589 863 707 999 561 505 436 796 587 673 411 185 997 768 897 987 314 864 499 819 779 155 732 100 949 841 674 369 554 178 499 887 723 6 860 801 254 664 1 472 1000 873 712 226 4 828 374 381 765 591 807 857 627 452 526 77 874 193 409 842 388 837 887 350 585 203 823 84 271 922 789 661 742 403 489 653 995 259 497 850 340 752 744 799 57 794 
840 933 88 171 176 592 12 654 499 776 643 555 328 415 51 113 891 157 95 702 946 337 713 397 443 937 302 977 802 838 684 471 810 67 4 531 744 709 424 254 121 201 32 403 89 432 485 885 476 326 148 257 457 299 255 687 155 289 803 693 406 346 643 793 23 264 615 201 577 768 396 363 538 579 982 280 951 524 178 912 331 638 147 524 19 970 526 373 28 623 428 175 129 295 70 890 595 214 217 473 245 858 194 90 967 150 208 120 53 343 159 735 385 972 602 545 503 455 427 345 125 183 950 187 871 981 422 415 140 92 357 708 735 774 389 724 176 743 87 29 197 846 431 704 432 905 74 355 341 307 112 164 785 107 512 87 378 794 623 794 597 508 303 965 379 901 983 598 116 81 6 609 92 356 497 695 351 301 264 641 479 108 742 233 607 157 550 790 952 880 555 853 475 83 371 466 730 918 341 466 20 975 988 713 888 499 884 823 699 477 135 267 789 826 326 851 838 826 543 481 183 871 76 846 375 356 43 138 492 133 424 907 533 876 390 908 199 794 297 477 268 288 58 693 966 347 859 376 910 587 426 524 368 27 984 965 155 894 121 625 128 750 334 274 211 169 565 953 141 950 386 812 560 184 405 428 311 770 867 541 328 587 723 997 303 890 402 576 365 841 856 858 917 24 690 902 692 853 475 780 39 797 367 595 189 823 123 670 860 775 922 389 293 705 909 702 284 718 577 926 257 403 593 924 200 836 347 647 695 261 682 351 287 253 7 882 347 877 955 545 557 13 334 704 312 669 738 14 560 458 552 632 411 977 221 942 136 633 494 900 384 369 402 266 737 398 325 585 876 807 867 507 743 413 882 979 59 249 893 179 391 658 553 61 934 486 67 652 937 364 356 927 511 633 111 514 273 270 837 801 548 517 479 310 660 543 880 447 962 275 467 544 532 696 140 740 110 820 943 404 987 464 799 711 51 72 839 439 145 966 10 18 316 509 605 432 171 168 519 842 998 302 118 902 658 339 257 482 508 427 340 10 842 291 283 139 142 31 468 615 343 997 159 100 819 634 443 446 855 896 549 640 454 401 678 173 600 791 705 294 820 500 957 340 565 686 510 338 502 791 605 34 463 598 142 660 199 996 7 778 
818 365 678 200 455 240 594 68 423 562 729 618 451 205 633 319 525 915 523 626 283 786 879 828 280 623 854 461 516 309 597 429 657 967 978 137 863 573 990 518 676 16 410 919 372 852 318 971 687 989 32 885 40 753 313 20 921 790 807 298 929 919 867 990 275 262 233 44 294 790 990 786 443 733 980 441 948 995 123 351 394 535 802 140 182 59 24 761 211 863 231 636 607 188 809 545 221 668 631 444 402 426 174 998 680 940 669 265 9 165 680 160 894 321 850 372 838 627 279 923 850 884 556 489 719 146 956 739 471 437 164 841 32 821 18 896 756 892 280 307 0 86 329 351 697 133 672 109 779 170 364 727 509 602 29 432 579 463 981 210 591 907 256 47 391 922 58 648 617 988 811 265 796 104 417 377 83 371 523 905 916 313 254 995 910 426 764 851 668 735 155 972 619 198 568 850 565 362 458 156 823 260 143 913 606 710 72 373 314 538 512 10 974 50 311 4 294 877 281 460 714 546 438 471 295 897 158 134 792 540 645 613 59 810 264 247 962 155 845 361 369 651 274 348 464 79 944 38 435 164 88 417 11 903 405 934 955 403 861 468 146 167 964 933 39 172 825 789 776 440 148 375 75 948 865 318 459 186 732 5 558 71 785 258 61 371 337 905 332 317 101 115 985 434 75 593 852 3 303 775 827 961 293 164 516 578 928 585 218 638 888 242 657 869 0 833 111 766 44 69 442 975 957 2 847 917 818 871 280 150 521 989 980 11 128 244 372 542 677 34 670 113 796 329 201 68 627 133 998 352 341 154 877 909 69 398 295 982 920 711 443 741 672 715 764 418 521 517 434 772 560 29 458 727 506 322 170 652 260 121 520 681 990 648 219 95 397 695 58 737 233 672 722 183 708 358 690 679 571 444 466 687 410 654 429 295 207 222 819 754 154 681 810 375 768 453 521 40 877 206 8 93 200 284 155 553 216 87 601 452 593 115 839 360 291 676 515 138 945 869 934 741 506 611 155 22 303 78 474 131 448 50 985 346 764 77 25 422 348 853 66 895 337 765 535 775 813 838 425 536 814 356 386 196 336 776 325 521 649 903 594 374 408 397 545 711 965 696 270 984 366 434 279 788 978 665 649 220 124 686 
495 554 563 946 299 556 83 291 385 822 957 28 849 72 821 542 636 430 815 335 462 428 618 400 838 368 70 664 891 368 312 731 932 992 872 728 896 202 660 69 740 960 780 176 582 376 408 186 965 171 815 180 652 629 427 20 776 635 482 626 876 102 359 61 100 563 430 121 895 925 467 594 800 367 464 66 422 644 607 73 335 4 530 539 820 583 910 426 697 145 988 322 122 949 660 256 320 344 230 585 143 928 348 403 804 158 653 344 867 912 781 165 364 782 391 493 121 532 866 89 2 367 27 726 357 789 828 439 125 74 121 34 284 752 761 828 317 824 700 69 259 920 280 545 895 375 246 937 44 246 146 815 147 652 129 774 686 702 739 946 850 398 690 732 850 30 647 315 215 379 451 151 488 35 424 620 577 381 84 850 958 365 708 355 995 341 780 961 974 433 80 603 21 413 218 20 922 817 67 769 851 295 166 626 912 13 634 142 56 656 390 528 427 210 799 88 21 51 654 492 774 572 533 894 648 622 33 281 428 580 962 594 612 141 468 564 459 102 79 399 355 365 614 794 862 87 648 872 79 610 88 235 663 633 157 690 737 367 303 789 814 183 924 842 31 206 141 402 773 37 366 336 689 496 722 804 850 168 51 101 105 471 864 543 972 206 680 606 275 136 332 480 946 725 651 707 871 872 978 321 498 977 341 291 398 155 547 796 847 841 274 872 596 955 27 617 312 557 32 220 964 465 688 885 874 82 486 848 98 939 522 521 542 561 562 141 156 216 164 132 694 693 53 368 732 560 216 66 893 917 637 493 570 732 166 798 476 659 0 410 370 786 509 411 670 378 501 335 450 326 991 745 220 893 96 482 722 966 710 580 82 458 447 253 185 51 364 257 6 450 726 966 144 411 960 527 143 356 428 118 923 113 326 678 23 373 24 400 354 673 299 810 893 8 770 995 803 602 621 711 817 109 997 263 797 727 427 936 954 16 687 440 771 154 24 533 346 172 713 956 437 872 848 344 843 127 944 534 264 672 745 961 339 774 120 959 290 757 746 217 424 474 219 158 899 776 902 458 183 982 190 153 38 749 739 788 686 690 703 793 610 629 751 16 393 780 66 460 643 850 589 234 986 413 368 139 136 113 355 449 
301 408 670 916 373 767 975 833 321 955 946 462 778 768 325 162 638 910 555 23 181 742 951 659 577 862 795 647 759 902 103 379 310 342 300 69 669 177 623 61 493 751 726 341 15 850 492 7 170 650 363 780 11 345 174 575 462 893 581 579 634 432 561 83 873 703 712 835 923 351 427 850 386 173 153 370 800 872 805 460 400 547 654 540 48 943 766 319 875 651 501 393 180 507 354 271 630 590 811 874 612 190 636 31 70 315 141 929 608 771 205 937 438 725 393 577 945 287 535 890 870 541 907 416 987 383 953 489 453 935 132 388 82 855 279 634 839 964 322 398 838 743 55 264 320 449 528 987 530 468 233 153 226 273 693 370 680 987 565 435 629 975 756 198 544 239 341 194 563 493 115 981 378 803 238 357 145 351 165 308 670 383 606 134 749 38 112 796 404 96 898 211 422 181 342 837 360 346 562 782 739 338 546 898 170 851 675 14 708 276 525 396 233 788 104 281 723 335 842 5 153 921 774 151 614 528 344 4 172 935 281 566 801 780 157 842 35 574 703 864 227 121 344 160 9 635 687 557 244 399 40 532 312 929 583 288 182 582 223 794 885 26 321 502 80 839 453 161 789 9 740 948 527 565 926 756 604 162 974 470 734 449 524 428 325 414 338 18 741 29 55 634 583 908 726 909 547 300 205 929 702 304 223 673 527 176 834 135 640 522 386 636 323 57 974 183 938 426 402 59 325 723 348 23 856 428 199 704 353 719 552 123 372 606 970 101 122 341 40 946 704 565 862 361 200 198 133 887 793 140 44 333 94 758 158 90 178 685 313 6 492 885 427 334 125 316 67 600 857 935 449 36 859 97 628 412 897 301 429 974 305 908 923 574 516 941 458 863 478 564 381 244 45 847 937 226 47 485 262 689 954 114 417 458 578 36 349 515 516 506 771 793 361 460 11 305 507 56 311 641 905 144 312 760 690 107 637 971 338 224 569 122 598 927 638 874 442 6 17 124 425 559 28 754 111 710 443 532 953 52 106 83 274 204 203 587 970 767 903 184 881 0 59 808 941 965 680 473 846 538 255 86 341 656 652 779 685 160 711 435 227 672 797 553 673 858 710 437 271 125 319 639 920 165 165 947 847 731 96 228 
348 352 914 287 374 816 687 181 662 533 959 424 66 515 796 182 23 154 849 986 786 14 948 555 157 829 432 986 261 615 182 194 223 770 922 623 390 354 641 491 213 166 859 874 734 250 128 253 713 389 661 191 301 171 792 336 20 192 499 735 390 525 944 818 863 405 658 473 723 421 100 653 491 811 761 842 397 566 40 903 53 147 375 644 804 803 390 715 283 62 285 382 245 187 576 159 361 546 49 576 913 308 435 23 163 739 663 30 156 779 511 346 514 602 266 845 471 559 106 997 582 101 612 955 489 29 692 487 934 418 711 611 598 70 715 14 918 25 584 747 570 57 549 810 399 918 844 131 12 182 594 214 2 190 94 893 971 932 651 422 80 524 36 224 903 375 921 579 614 724 781 668 751 415 36 22 607 713 210 21 952 75 23 47 648 580 279 308 21 74 291 38 245 48 642 175 537 26 43 782 988 820 914 569 163 593 549 304 133 532 966 779 147 711 227 418 309 235 996 381 523 876 240 96 787 791 894 460 454 835 456 657 58 632 303 31 845 737 433 578 559 497 103 868 725 870 569 483 265 338 676 710 561 434 568 316 348 478 706 118 759 513 441 723 561 498 32 160 7 789 985 105 327 884 533 456 986 404 850 930 949 294 848 838 41 204 813 369 268 500 729 987 319 244 521 311 24 529 424 466 469 383 12 199 676 334 390 172 224 378 128 187 293 877 462 240 26 975 674 230 120 875 393 273 431 52 495 966 567 19 228 323 431 273 752 103 923 571 919 508 609 571 984 239 697 131 834 2 726 773 841 750 351 143 629 451 47 661 751 407 925 405 55 220 869 328 737 400 917 58 463 159 798 7 756 550 81 204 237 428 175 800 117 630 400 953 820 269 568 304 637 721 913 145 259 216 274 173 756 979 407 72 722 243 946 197 705 789 640 851 603 936 412 451 319 217 58 163 804 124 686 570 391 518 30 219 509 574 314 713 706 933 207 835 746 560 95 755 267 696 908 995 858 441 268 912 753 60 285 419 260 480 52 847 744 386 686 132 493 941 961 312 278 557 885 953 892 592 21 937 174 666 576 475 700 440 492 886 95 870 900 422 53 558 290 211 62 191 817 399 563 582 907 359 703 269 117 92 237 45 
440 753 464 548 82 235 599 32 860 121 746 818 749 680 231 947 673 279 981 386 16 716 76 573 150 448 72 329 686 949 253 162 968 923 541 632 56 782 371 412 155 176 174 301 310 753 177 710 273 343 829 692 375 65 123 390 112 333 587 359 170 982 689 125 138 196 115 337 413 685 811 626 879 602 377 695 89 647 567 847 407 159 608 635 45 558 767 536 616 22 788 632 742 25 888 975 931 865 936 306 950 11 312 586 47 375 18 117 448 724 988 285 559 571 77 104 308 664 152 979 72 612 847 643 231 424 916 848 240 841 29 865 145 355 131 323 380 914 10 701 960 570 686 660 734 11 256 801 985 907 779 551 357 519 743 721 301 907 589 968 378 324 974 637 294 173 700 870 85 316 288 902 710 56 467 962 788 585 374 749 931 695 215 168 620 321 643 430 265 567 160 298 239 856 109 227 760 341 54 69 588 643 929 22 510 71 100 222 178 149 679 560 414 57 460 87 30 631 961 525 523 628 145 621 857 929 42 362 522 280 394 27 928 170 436 557 528 872 571 633 78 97 951 532 918 269 826 823 263 911 284 609 531 889 311 235 916 574 226 290 633 713 242 96 592 314 954 760 537 988 86 5 876 197 32 161 706 568 678 252 709 847 191 683 17 95 61 958 392 435 803 113 831 971 543 868 827 377 988 384 654 908 904 160 988 604 543 440 182 698 97 275 913 838 536 812 145 674 674 589 971 846 696 387 872 945 126 206 379 237 47 305 977 38 742 630 749 45 771 230 128 411 885 294 193 454 750 688 501 946 616 504 482 953 512 291 11 640 950 756 231 228 176 144 720 563 59 933 652 201 446 112 901 38 420 95 78 514 485 632 533 848 279 30 102 191 407 587 986 529 437 274 258 779 378 930 395 856 744 336 756 441 4 345 132 870 424 960 515 653 23 654 833 823 589 612 219 497 659 367 328 99 897 981 333 33 452 612 588 0 850 207 114 428 679 13 459 146 914 593 326 353 817 359 555 546 906 893 259 30 755 259 8 52 975 31 160 682 304 119 560 196 722 471 701 257 501 365 514 148 743 766 824 188 638 813 90 908 683 273 786 629 500 265 898 548 809 573 539 823 140 66 732 566 608 959 471 59 298 188 
623 351 581 287 956 70 582 99 257 217 566 418 402 698 566 341 789 578 578 34 49 303 318 634 637 849 472 271 492 1 477 444 94 963 391 797 924 632 527 250 211 123 774 85 870 825 868 701 383 124 85 371 393 120 379 969 101 309 641 181 13 527 189 665 861 523 995 539 569 16 321 272 46 898 322 426 171 911 736 236 208 260 636 589 666 519 184 739 913 187 848 659 337 671 135 293 760 713 391 690 448 756 921 346 436 840 255 965 775 289 990 602 314 957 25 574 650 881 318 26 795 122 424 977 663 810 9 775 755 884 132 295 91 757 631 956 580 292 885 813 856 529 866 254 755 660 657 916 493 872 742 995 443 845 432 364 927 678 112 993 459 74 359 595 736 312 576 583 789 79 707 195 545 212 361 115 661 524 945 896 641 188 462 608 10 70 531 691 550 711 714 685 215 868 390 380 309 418 875 34 94 601 931 41 524 627 249 401 746 43 882 891 734 88 206 623 261 488 149 777 654 447 782 771 264 814 791 551 228 98 374 861 151 537 262 236 763 230 394 303 344 20 404 986 184 59 893 916 236 837 386 916 581 548 925 155 342 795 949 97 541 299 438 30 928 27 362 812 810 151 176 526 822 470 769 722 391 839 26 350 665 986 850 889 794 616 520 696 116 536 578 886 89 141 69 851 14 352 598 949 588 287 313 714 338 865 934 684 665 261 308 804 570 3 136 252 93 569 749 416 186 378 922 496 551 524 297 431 945 698 886 760 51 970 157 394 753 795 500 214 216 795 708 573 625 456 439 190 230 950 314 204 527 260 10 376 659 518 741 565 387 829 962 439 746 395 978 184 125 785 695 704 699 19 59 361 847 185 334 93 974 981 787 345 545 34 540 471 222 629 602 926 642 147 265 105 659 558 55 195 819 277 130 345 802 253 423 462 684 48 109 492 958 693 83 478 793 277 93 673 903 530 388 846 908 494 595 306 647 577 982 533 698 509 997 508 846 941 305 917 290 208 452 158 20 298 63 397 465 920 19 914 969 726 914 832 0 692 66 961 122 400 95 904 838 257 812 646 470 965 508 288 364 145 14 37 22 386 613 863 773 829 288 935 580 387 210 306 783 934 789 677 469 590 906 409 963 463 281 426 
55 946 150 125 47 361 1 159 537 528 599 115 212 770 379 41 426 266 953 294 248 170 476 37 10 784 387 956 963 896 573 820 477 117 826 529 224 935 114 852 233 801 204 401 233 551 855 181 713 351 239 44 619 79 99 458 178 295 11 713 262 147 537 914 402 628 479 700 749 580 231 878 540 67 456 375 432 47 560 341 701 407 119 453 530 641 759 973 876 681 552 241 470 528 126 914 625 129 269 989 264 274 758 240 406 768 574 245 800 94 128 96 280 465 584 188 948 370 958 469 143 238 634 705 830 707 70 538 337 590 43 99 475 72 861 876 64 300 985 885 727 526 177 169 120 83 550 878 745 129 144 233 393 414 413 853 902 947 467 522 86 203 27 969 673 678 664 960 596 978 814 912 90 128 836 278 745 137 619 28 582 386 193 552 182 246 219 864 956 395 739 94 486 648 18 825 17 851 262 51 774 952 688 324 331 451 253 935 864 233 32 908 840 423 84 912 747 981 27 436 230 216 976 487 874 106 679 1000 10 584 485 314 50 888 290 301 80 919 870 25 653 70 673 940 906 241 20 458 752 147 419 375 12 175 614 970 752 481 326 803 930 577 366 399 859 103 239 586 372 661 776 100 579 957 152 309 535 660 834 468 278 881 728 789 518 456 711 188 379 15 420 593 452 13 548 217 847 712 577 771 989 295 123 797 136 411 280 716 45 777 18 652 935 569 170 24 486 48 499 306 441 229 376 75 580 734 654 17 280 423 710 907 749 923 725 785 853 75 761 831 101 420 465 507 505 999 323 442 839 890 795 437 296 457 863 715 395 739 807 297 824 715 113 198 21 225 878 543 413 566 755 236 978 193 698 890 709 586 64 814 413 985 332 568 250 147 339 481 735 990 958 880 743 934 790 575 427 88 113 589 508 408 624 701 49 595 30 604 709 530 367 300 116 190 239 562 437 916 71 84 579 702 245 232 293 692 407 994 854 53 462 143 173 406 834 482 369 901 71 371 175 785 597 296 135 717 219 590 266 17 869 35 568 204 648 888 410 653 839 0 65 785 636 560 128 24 420 387 109 656 609 121 92 27 369 690 517 373 483 19 489 364 432 743 223 615 692 941 323 416 500 509 889 491 926 257 189 839 778 73 
6 492 1000 852 570 964 70 616 337 581 499 750 42 392 227 743 612 611 932 491 866 631 771 638 670 940 120 497 588 650 164 641 829 605 389 931 327 564 865 375 892 454 625 622 24 825 365 891 9 898 171 587 415 192 59 323 824 697 670 136 610 904 85 437 351 973 506 585 775 281 987 432 510 75 0 34 731 825 974 225 337 171 868 299 870 620 215 61 828 888 359 429 292 811 272 807 570 394 544 125 61 916 872 955 82 754 423 708 334 19 930 765 315 890 972 463 656 81 281 955 102 116 513 276 916 2 268 946 464 216 556 759 348 714 245 544 52 365 231 726 965 447 982 283 794 874 146 505 632 599 314 998 581 263 640 727 151 162 0 618 124 396 472 178 939 26 363 449 580 145 826 326 876 667 509 259 897 660 288 661 664 875 30 198 211 402 286 246 431 876 792 718 682 268 627 97 8 950 81 411 756 607 326 777 310 698 309 196 278 474 705 605 698 41 334 62 861 92 488 253 864 697 322 328 865 840 825 251 419 49 990 874 173 583 323 832 199 1 520 514 660 38 277 811 853 257 369 942 849 663 913 756 743 856 486 877 602 449 693 513 619 6 735 335 192 717 702 467 549 5 325 87 605 858 153 303 141 483 558 728 998 415 337 756 582 838 851 436 51 47 535 475 869 802 306 677 345 870 391 79 795 647 3 725 642 589 615 434 876 772 906 423 697 908 953 859 468 453 829 536 841 754 344 502 993 93 886 555 79 758 903 167 346 186 782 569 569 688 943 66 137 47 51 733 947 288 933 430 525 201 396 224 705 129 660 386 56 394 329 437 512 315 304 444 821 521 890 428 217 422 822 535 344 881 711 976 924 999 6 983 356 966 731 146 517 887 890 333 31 8 23 813 468 784 407 646 219 999 971 190 476 182 731 600 328 25 194 676 931 410 720 475 291 347 195 437 961 817 205 254 976 583 438 448 506 866 757 453 977 166 613 691 989 148 873 487 310 657 946 635 500 327 440 755 169 192 183 955 919 521 57 530 261 447 245 358 130 664 436 415 527 847 627 737 785 226 566 236 405 920 503 570 373 354 240 684 0 814 581 873 391 739 348 38 964 157 154 48 90 734 182 515 96 521 352 790 143 834 389 669 
961 337 576 627 85 595 131 750 662 391 118 721 983 718 229 589 833 56 588 750 749 916 973 194 776 876 293 361 595 485 271 855 298 528 536 720 753 704 503 371 624 166 113 609 772 533 818 194 240 646 118 160 241 240 618 597 431 243 117 36 704 48 820 213 735 639 138 583 233 348 432 600 259 357 706 200 162 927 365 573 678 683 632 820 357 103 301 341 410 326 495 179 922 939 540 643 216 759 521 932 936 425 885 801 639 941 825 815 937 129 82 491 39 922 313 27 176 121 191 411 413 195 700 527 893 963 514 816 11 331 828 473 904 69 80 406 581 731 967 393 984 910 183 661 834 265 887 617 37 398 445 87 724 889 894 961 741 587 728 372 643 368 198 928 940 597 832 801 956 465 165 448 524 637 310 364 908 732 351 618 277 57 741 281 160 98 606 882 149 534 664 370 536 340 431 267 752 446 168 343 73 210 709 155 927 636 683 601 921 753 77 472 817 593 760 612 728 19 86 335 333 90 546 708 800 521 835 653 316 138 483 189 93 16 741 288 257 497 137 293 393 315 879 268 175 165 700 124 543 809 130 600 827 160 567 303 295 379 656 809 486 297 505 655 497 739 556 913 457 810 58 798 522 679 101 549 140 167 13 825 278 474 988 12 342 244 820 109 406 996 413 953 567 142 893 759 376 140 942 690 776 571 975 477 548 808 454 975 913 489 135 583 365 724 724 14 432 65 394 504 814 492 731 489 73 794 389 533 837 527 635 531 561 376 85 659 227 529 743 239 501 276 687 852 534 813 402 139 290 481 869 302 467 547 39 481 702 743 387 837 552 85 981 178 128 753 921 32 494 769 385 963 437 717 468 814 674 495 24 701 74 434 392 215 206 58 23 412 769 650 765 978 967 532 557 359 161 957 310 17 76 59 725 152 564 979 511 679 170 159 617 358 14 279 42 689 380 649 175 300 109 663 823 749 341 869 895 418 228 408 44 14 765 350 274 430 481 292 532 521 75 471 573 329 44 726 660 230 903 813 438 783 325 58 861 276 591 227 479 555 414 468 38 686 772 104 754 721 699 150 833 161 914 721 576 555 523 289 379 353 200 595 185 676 181 254 720 883 924 772 95 262 349 931 574 506 59 47 606 261 
413 47 50 202 811 398 414 469 216 703 967 52 206 187 536 206 435 985 71 802 736 801 360 815 365 344 890 32 747 413 290 47 84 376 906 145 365 112 213 289 205 766 293 379 359 644 280 104 806 579 455 817 989 450 905 597 405 933 508 728 511 760 231 958 809 76 166 415 162 133 695 941 789 498 515 308 635 121 24 312 425 303 39 828 16 968 389 17 278 125 945 249 992 345 780 178 96 167 182 608 624 500 402 722 62 976 911 668 35 426 783 568 889 773 76 843 468 69 124 609 309 802 241 211 498 201 476 580 397 300 721 230 403 189 54 162 381 997 984 396 335 435 100 784 744 991 134 875 435 443 183 443 898 629 996 923 29 90 164 648 848 607 144 295 552 18 18 218 76 174 797 414 32 488 615 703 651 698 710 400 543 254 10 93 702 881 790 584 808 859 495 418 321 895 164 894 241 709 665 180 523 159 642 546 563 377 331 549 69 955 975 930 762 589 175 451 377 732 638 564 459 92 995 759 917 907 60 381 818 860 481 425 557 791 985 897 551 824 919 579 797 289 448 154 399 607 683 435 787 867 98 570 165 259 844 219 825 590 260 897 295 44 575 944 156 464 579 548 123 472 705 731 915 989 223 115 145 291 237 65 530 431 636 946 808 529 876 551 610 677 8 94 708 46 832 869 230 953 675 472 306 763 372 298 142 157 636 230 597 785 302 843 706 904 484 698 39 758 836 274 629 421 219 299 437 579 828 823 513 608 204 203 257 810 273 162 87 308 20 133 668 518 37 990 720 701 811 677 367 449 732 517 158 838 95 992 820 951 336 462 432 497 865 112 850 392 353 3 974 31 609 587 956 681 166 387 609 437 67 850 902 958 804 993 262 387 789 455 107 132 930 853 833 708 315 283 186 406 979 904 945 355 817 779 956 859 190 872 828 567 223 205 908 696 61 985 525 577 525 489 730 718 145 793 529 833 294 581 705 523 475 838 180 18 791 179 676 214 597 624 527 217 30 305 417 292 665 375 812 642 332 386 937 582 672 175 144 97 286 519 242 136 911 153 734 881 513 733 785 525 484 257 687 214 281 83 670 428 419 479 932 146 36 896 464 118 62 904 483 360 190 189 903 647 661 457 414 822 1 851 
164 949 500 968 967 212 365 554 348 471 886 217 372 976 240 863 927 454 599 54 86 659 227 209 366 292 14 204 84 493 250 322 125 544 745 850 364 995 700 58 112 30 464 983 627 182 934 7 761 978 888 79 752 866 59 793 264 818 573 338 746 823 635 92 762 693 740 753 731 351 508 816 338 412 803 426 662 67 275 617 152 817 668 994 270 250 432 773 996 490 494 202 224 104 371 850 313 161 861 232 597 311 915 354 346 43 859 462 945 48 141 224 998 812 669 769 178 316 91 51 998 463 158 9 787 582 354 235 740 367 435 575 875 271 867 674 248 371 296 23 827 650 775 366 773 488 190 150 968 656 893 827 924 154 909 695 16 440 122 786 323 874 970 850 121 853 148 933 902 789 272 87 358 566 526 827 117 276 949 780 705 327 86 390 772 58 450 524 17 647 560 256 563 212 667 405 553 186 639 76 538 594 137 131 474 463 155 152 400 390 395 560 873 301 502 144 820 416 206 114 937 313 472 138 830 875 545 539 100 424 833 554 254 121 233 457 24 980 190 840 482 846 758 530 886 573 784 420 525 503 258 568 681 855 23 929 645 599 299 628 184 53 948 983 630 203 705 41 560 36 466 829 534 882 828 517 548 468 38 529 219 339 748 618 850 747 572 484 115 807 564 178 123 165 179 4 492 243 568 21 564 402 602 384 695 599 718 453 533 500 509 389 4 170 91 338 23 366 169 866 428 934 33 347 355 310 372 448 586 466 303 227 165 516 179 524 117 317 78 893 723 784 224 844 536 970 12 309 731 751 946 249 565 647 546 83 352 871 195 104 234 255 353 145 549 790 459 701 802 528 920 708 549 535 586 87 874 124 805 534 1 623 928 701 802 856 801 804 927 671 858 671 73 455 778 921 427 443 69 222 463 940 10 684 909 531 900 675 218 804 914 391 382 318 83 843 487 867 209 196 390 833 738 813 760 77 220 707 580 856 316 361 409 502 4 331 32 763 621 271 271 710 859 475 760 512 399 406 344 56 382 323 333 963 550 512 494 840 979 727 323 521 666 209 896 233 515 1000 585 41 760 661 69 49 401 191 176 987 155 634 851 432 882 139 347 655 545 523 81 343 294 458 623 295 688 190 397 115 634 14 
314 583 661 544 898 385 112 108 337 782 52 483 520 806 635 451 284 349 420 549 751 769 25 591 361 894 21 522 202 607 49 155 359 734 748 821 217 837 745 489 935 339 946 595 157 759 481 550 884 676 606 494 960 373 897 959 483 623 636 559 811 557 157 775 569 767 154 170 736 409 78 461 919 16 986 632 515 926 832 66 357 516 228 1 474 86 512 519 586 147 832 157 531 88 812 612 136 923 471 412 477 677 966 479 515 91 79 84 173 955 446 827 268 972 237 19 889 861 289 296 930 574 487 496 200 778 808 600 352 607 72 343 819 244 315 286 382 363 558 441 495 961 396 19 707 116 572 698 278 225 662 450 982 492 790 982 16 904 448 663 711 965 279 234 538 546 269 360 854 194 594 727 875 997 450 866 303 173 381 308 592 243 719 76 320 241 367 901 814 303 963 345 388 173 833 358 987 679 152 544 476 608 553 613 505 225 61 410 109 519 500 661 472 666 678 240 657 671 640 553 668 155 543 208 325 39 323 316 441 727 564 682 16 992 886 471 226 631 676 847 820 78 861 573 471 993 657 548 583 138 587 678 20 757 700 682 133 696 501 758 329 746 22 20 955 268 391 896 891 384 510 645 358 765 160 437 678 522 117 374 543 369 450 954 2 330 50 455 948 538 921 474 37 54 314 164 653 894 294 981 735 251 689 263 519 761 916 53 192 224 696 940 385 868 918 999 770 275 951 984 487 507 437 482 824 57 880 428 751 700 706 251 258 8 121 427 729 617 102 863 98 15 210 599 387 96 779 783 360 417 546 418 989 555 270 888 566 612 306 808 276 272 817 607 750 571 606 334 917 107 824 220 689 490 174 739 903 539 31 831 553 215 277 383 667 262 384 578 174 325 745 216 523 809 349 118 363 372 247 250 945 332 595 208 430 486 68 216 627 109 312 957 698 299 841 291 565 394 194 307 666 1 988 830 318 164 771 574 129 599 323 619 852 412 995 159 391 728 847 330 62 820 552 838 177 696 114 934 487 324 143 414 598 420 130 550 821 427 880 857 327 228 618 828 953 84 587 45 34 76 753 396 515 54 11 379 806 563 123 382 805 563 497 302 752 137 349 763 590 292 666 826 868 717 887 725 727 116 690 668 
190097 185415 189877 174925 198551 182809 185316 198032 183710 180764 194157 189512 193381 181205 197471 189983 190682 187949 188687 187715 184370 180828 183964 190514 179258 192472 184987 187232 183648 188385 
