500 30 30
-8 -268 -103 -206 374 -124 550 -3 -202 -49 -17 -104 511 568 403 322 -216 399 -125 273 -117 410 361 -261 -104 -101 -84 -30 -125 -222 403 -28 -53 -23 311 321 348 -154 492 -148 502 481 279 300 467 552 270 -137 276 -26 498 -182 -159 395 -106 354 -168 -89 -144 -227 -94 418 -10 -227 -172 416 304 554 -183 435 -120 -147 -171 454 -109 396 349 -4 430 -185 -200 -174 -15 -158 547 427 -243 428 -27 623 -124 -122 -208 551 419 375 -57 348 -220 -115 -67 470 -207 -267 360 332 -253 455 -20 -187 379 -139 364 -218 -65 275 286 301 -68 338 282 493 -5 -218 -98 -146 -234 -27 -7 555 379 411 424 334 342 417 335 343 -265 301 -222 355 297 -204 -28 -140 -2 -232 315 359 523 -58 -96 -109 -114 -27 -201 -117 325 -143 -171 -82 391 426 391 548 427 276 531 423 402 -12 484 345 395 321 390 -72 407 281 -219 387 384 -170 474 312 447 -205 -2 -16 -221 338 -231 -97 453 322 425 -46 -129 386 -34 -39 -156 638 302 463 548 -114 287 400 453 -231 -17 -194 -84 -1 650 -144 -134 -52 -268 458 -7 -194 -213 396 -140 467 -90 532 -35 -21 573 368 344 -207 424 -268 425 285 377 329 474 -86 -7 -101 -179 417 -75 424 -24 517 -53 -54 273 -143 -76 -81 -6 -52 -222 370 -182 276 338 318 -43 -207 -24 -50 367 -162 -233 -239 435 -268 387 296 357 -44 333 426 300 505 516 -51 397 -96 280 -138 402 -52 458 392 330 -65 -259 -182 -48 -5 283 329 -91 604 421 376 -133 -28 -219 -233 -61 333 478 383 433 -8 438 -258 386 436 -124 352 432 571 289 -182 466 -169 -167 273 477 -207 -158 296 409 -195 357 470 -128 329 523 321 321 359 460 518 487 -194 496 -72 349 363 488 -90 448 -167 -26 -14 -78 356 407 -37 -58 331 -13 335 -100 276 392 434 -84 -11 -34 -164 451 417 510 -223 -15 -250 457 -177 -86 342 -184 -12 -139 -57 -77 -128 356 312 308 318 293 -43 396 -165 550 -122 353 363 -27 346 -261 506 -174 -220 -33 -199 -129 309 -252 417 493 -180 -17 271 481 578 378 -217 -48 279 341 -218 384 -129 -163 -237 -137 317 -268 -100 349 533 355 313 401 313 386 371 454 -19 345 378 297 -259 387 450 -53 273 -46 382 425 -170 -81 -12 305 -229 -27 404 -163 -224 -168 -98 474 403 311 -211 -109 -56 431 -115 283 305 458 -211 -262 273 340 -61 -32 -198 499 520 336 372 381 -123 534 470 -269 357 -149 -117 -167 304 -220 378 
341 608 951 349 719 618 912 406 86 279 790 785 935 910 843 848 79 60 279 700 618 10 375 195 657 581 947 72 39 691 274 93 794 946 366 177 618 689 295 33 971 732 160 271 338 416 955 438 121 250 838 625 898 183 586 655 774 891 767 935 779 259 610 619 111 897 49 470 127 131 932 116 149 346 140 294 862 299 104 259 447 664 996 917 674 188 376 392 181 720 969 395 244 48 274 308 36 845 368 21 975 1 1000 657 863 572 321 5 715 657 210 878 761 927 145 662 209 968 56 814 694 908 392 515 563 587 779 216 770 957 347 447 427 58 483 471 966 176 793 379 177 983 376 841 760 214 783 310 304 332 355 305 49 614 373 718 631 339 516 143 967 881 345 722 122 926 780 277 843 478 674 522 368 175 50 898 523 486 828 595 133 719 345 225 671 550 280 22 256 401 758 97 437 658 915 415 236 934 172 308 263 278 812 360 409 296 330 82 122 486 1 918 874 577 745 142 743 445 745 33 710 572 657 294 979 39 408 222 249 809 587 5 217 2 624 719 563 115 422 330 85 46 517 503 846 915 156 136 296 811 895 488 945 285 548 693 313 97 442 895 250 680 64 782 385 783 950 477 398 496 487 624 324 479 625 166 137 981 594 494 893 478 354 484 378 907 809 768 848 919 359 850 861 842 525 568 135 79 198 643 250 5 957 621 744 648 301 619 675 422 651 482 243 529 780 403 568 438 534 662 214 146 767 791 316 527 535 731 59 898 503 585 367 148 519 489 935 738 16 630 228 750 566 571 283 361 323 62 147 815 395 262 733 737 540 318 382 368 777 615 902 30 34 959 230 293 366 836 179 180 812 327 565 718 764 512 102 160 632 565 747 909 713 202 644 900 580 855 899 165 345 76 631 54 455 621 925 743 945 550 979 959 919 966 365 941 244 963 779 894 386 144 144 457 456 552 643 628 751 954 316 349 680 642 670 791 693 947 150 971 746 191 223 146 369 858 76 435 655 626 314 314 995 391 651 898 472 666 651 232 719 990 615 824 406 353 595 692 173 209 832 383 207 831 560 758 923 213 450 689 525 646 395 724 665 490 650 73 720 566 738 809 106 469 854 127 954 993 742 682 815 271 812 254 576 982 21 433 373 62 
383 55 30 376 935 445 564 217 367 221 577 789 970 470 105 718 160 193 477 18 64 475 571 821 696 790 55 203 165 294 7 564 236 588 225 446 764 116 662 475 561 287 995 847 794 648 635 192 501 894 934 163 503 103 656 443 398 135 954 192 402 547 144 937 47 208 279 393 404 162 653 994 833 845 877 693 418 22 345 173 149 503 703 374 229 149 783 544 973 65 929 924 668 416 297 59 90 540 8 569 134 254 497 93 621 874 472 789 202 360 451 835 681 996 806 801 25 909 159 894 709 294 590 350 49 910 314 99 780 607 107 462 82 153 188 755 671 52 908 576 731 447 129 643 280 444 611 342 204 304 257 852 38 931 351 400 323 588 2 122 766 370 689 608 137 634 676 486 262 459 961 702 739 83 586 957 433 623 904 635 228 269 813 137 160 258 581 440 488 258 202 14 606 652 674 983 641 25 481 220 282 576 518 559 724 386 527 730 166 246 347 994 483 989 827 831 884 490 991 120 234 353 482 792 398 981 165 539 556 439 317 415 459 50 652 746 565 31 919 272 879 888 716 777 112 967 794 604 553 708 174 758 936 249 210 64 5 54 683 204 137 771 462 421 289 697 242 609 366 167 996 488 506 830 437 17 411 27 707 721 351 464 370 723 659 177 481 262 203 198 788 185 256 934 157 719 109 270 121 467 920 804 484 874 825 983 44 722 364 242 358 806 302 172 699 287 921 385 655 482 768 446 992 828 777 927 441 846 862 385 697 847 241 198 607 54 915 964 490 181 947 700 266 844 198 954 392 234 932 138 590 340 84 462 686 756 253 535 315 928 259 129 794 23 731 388 623 708 928 251 606 120 289 111 680 177 208 562 866 556 123 787 940 116 840 308 375 336 154 21 347 758 87 454 883 242 317 502 50 179 88 799 569 708 973 134 184 206 35 683 880 757 78 701 554 914 795 522 442 610 410 505 297 184 503 249 13 727 775 917 136 869 459 654 739 929 271 278 785 227 455 174 308 549 605 263 848 965 781 272 920 896 940 356 492 878 436 337 184 911 178 793 163 769 410 336 52 902 679 306 828 360 316 753 204 852 968 177 965 327 702 357 721 955 513 494 989 944 655 406 203 971 444 840 137 535 843 766 627 29 
381 295 81 621 306 151 736 562 816 164 314 647 534 817 637 292 191 157 572 773 231 618 599 57 23 325 635 110 808 263 465 917 714 343 879 313 185 654 418 855 556 264 566 468 558 253 571 385 192 68 360 119 76 226 940 298 514 293 656 800 353 548 142 918 4 866 824 406 482 790 480 810 284 532 123 392 892 41 612 155 650 264 898 861 406 728 513 798 205 810 537 803 132 812 185 823 269 759 473 155 100 719 194 557 248 808 951 145 730 651 424 338 927 340 529 471 46 715 415 637 608 492 342 376 874 343 467 706 444 774 189 479 247 771 18 126 689 485 210 48 567 726 86 38 839 669 631 476 818 484 926 871 924 506 95 904 380 134 740 77 457 912 290 588 435 671 54 63 533 738 862 782 740 71 327 407 888 877 538 838 692 498 437 532 39 36 155 593 217 344 939 658 621 492 433 120 785 853 215 422 862 295 593 385 119 200 451 573 500 676 851 803 403 854 221 628 531 587 611 780 865 534 41 447 239 315 698 237 183 380 900 933 515 133 892 954 186 489 945 336 553 560 201 517 528 583 198 143 431 678 46 393 36 895 510 885 302 36 964 993 127 717 550 298 716 84 206 481 724 481 178 775 153 276 717 410 481 118 400 37 228 614 542 720 819 860 849 389 492 327 376 38 184 800 21 502 681 227 784 550 821 656 862 180 323 422 791 347 215 594 506 245 328 18 977 873 604 724 515 117 945 645 573 378 226 659 585 201 547 658 834 337 941 663 124 582 776 310 78 480 291 11 845 449 597 762 959 860 89 184 540 206 947 462 693 614 198 32 89 796 904 562 131 378 548 781 974 684 446 876 196 857 268 306 88 536 353 39 362 977 577 639 908 1000 548 337 902 706 114 55 566 197 802 370 413 569 483 995 529 472 191 1 326 583 618 582 557 369 606 57 320 952 140 121 178 587 178 78 865 438 64 799 392 221 440 835 678 630 353 920 96 904 322 189 383 656 814 576 986 790 51 343 465 801 995 599 791 263 31 814 741 722 439 737 590 731 779 492 726 640 142 341 785 382 839 423 541 901 934 263 919 381 841 441 695 667 588 208 602 68 683 920 723 830 7 971 833 265 161 661 782 577 602 745 893 816 198 775 241 501 
132 948 390 167 814 680 400 288 745 717 349 18 700 628 731 626 536 80 136 870 156 679 174 704 93 716 596 327 775 798 419 2 327 638 701 453 268 939 773 991 361 829 877 104 803 883 716 798 171 270 701 570 787 202 422 412 48 543 181 12 939 899 274 539 583 510 108 981 418 882 197 999 636 417 917 528 705 485 895 161 822 149 302 829 998 668 77 223 201 449 585 709 977 735 503 840 500 906 749 472 704 727 393 594 74 520 379 233 269 713 980 893 11 29 132 390 189 304 188 943 826 523 624 467 97 745 66 992 983 805 102 622 254 703 505 182 788 810 984 138 351 167 411 761 329 856 798 671 216 883 835 45 338 788 993 542 731 690 722 213 774 117 831 639 885 364 245 996 960 664 868 141 191 1000 427 124 904 739 949 366 624 432 825 826 690 205 269 238 767 577 656 6 923 690 946 403 100 741 52 397 776 90 582 112 790 147 765 704 473 960 721 845 643 292 999 940 368 365 444 763 246 734 388 306 85 237 333 306 626 491 399 567 331 30 256 901 298 793 424 579 74 734 57 754 195 129 693 868 6 797 317 69 967 42 397 338 452 173 297 484 113 749 253 587 490 599 199 330 557 209 902 655 821 142 551 182 424 87 739 986 466 428 409 851 114 628 196 455 57 314 21 976 665 436 80 593 187 538 70 432 166 683 957 962 897 504 208 961 160 861 768 494 759 586 48 15 95 173 793 599 466 645 267 640 304 559 606 849 200 529 171 519 341 288 77 893 790 698 151 364 388 235 605 952 426 304 513 976 238 676 692 843 89 550 744 235 816 607 591 443 608 188 687 807 291 416 320 896 829 382 610 709 621 474 641 744 852 13 894 821 631 386 196 315 941 116 511 800 831 155 525 127 563 994 449 793 910 706 700 315 412 540 466 989 218 393 997 918 958 778 996 920 979 870 338 271 806 527 270 817 279 795 390 173 57 899 634 179 16 118 265 318 13 859 247 172 67 897 57 810 270 598 670 79 745 945 877 327 308 440 606 276 472 904 970 516 386 952 602 645 184 397 793 969 639 196 360 970 208 601 469 651 622 177 714 84 777 282 143 691 144 910 983 843 176 177 547 150 151 673 57 617 838 70 858 620 906 37 326 70 
138 209 376 731 150 316 273 229 915 33 189 163 313 161 744 692 616 791 127 962 558 212 350 726 699 681 765 751 502 809 313 906 807 210 955 233 596 519 907 483 920 903 338 671 422 51 882 512 705 777 519 895 585 659 714 812 101 96 81 970 884 870 368 581 321 107 341 932 473 689 519 863 774 147 404 199 850 137 501 127 42 184 490 791 351 734 29 995 374 728 639 709 419 212 652 479 543 493 472 430 438 898 198 287 383 806 468 395 346 381 352 178 683 307 377 312 977 628 518 66 765 475 535 759 938 995 509 191 721 440 778 453 146 155 839 188 106 703 106 194 199 142 68 743 140 530 708 484 189 630 590 99 746 88 825 506 187 781 626 519 96 106 187 322 861 331 60 742 991 214 693 430 770 949 393 343 846 22 811 153 21 499 996 68 941 336 900 693 910 599 572 773 594 901 429 486 383 3 283 565 775 732 334 757 490 33 487 546 688 967 509 832 344 91 370 999 735 234 345 655 225 579 563 475 297 553 422 679 889 914 117 785 416 969 861 961 863 723 389 360 9 867 659 321 566 503 758 122 126 655 543 857 558 552 695 119 44 805 655 302 90 440 281 202 796 884 674 648 233 818 484 1000 844 477 76 316 471 462 321 110 108 950 607 588 99 751 943 178 827 954 575 347 1 894 376 663 250 525 132 555 712 519 339 196 910 634 610 337 844 329 98 148 896 560 913 726 954 576 932 101 326 614 431 862 248 756 882 922 802 957 628 243 325 657 867 115 616 661 371 265 611 935 778 394 322 940 869 48 227 825 629 310 446 116 199 559 991 137 158 778 932 259 817 398 791 768 860 204 363 731 503 337 702 976 161 217 979 562 378 155 860 4 419 206 546 642 119 206 996 621 981 470 41 832 84 301 278 789 62 817 934 502 576 388 420 853 695 961 377 987 73 5 639 249 566 701 137 392 694 931 801 888 239 680 519 859 845 824 418 55 488 353 336 950 260 841 837 598 475 250 254 790 618 615 650 95 446 611 958 350 693 990 316 324 932 134 912 308 780 199 987 839 643 651 36 601 187 248 170 177 174 844 729 564 708 433 519 783 618 32 430 53 379 462 991 246 475 2 987 932 296 250 298 812 839 528 415 234 255 753 
865 729 647 551 914 220 1 963 13 415 451 804 666 821 513 21 346 840 629 426 665 35 834 929 965 815 803 545 83 710 86 323 516 252 399 387 610 455 950 532 669 338 497 670 3 757 655 234 739 226 337 527 624 935 97 12 982 855 144 700 566 376 641 824 250 986 742 575 71 980 974 134 861 222 187 656 696 749 557 724 835 691 121 402 930 275 751 635 876 109 118 506 850 661 303 174 499 267 708 85 243 595 55 816 503 211 66 761 921 238 306 13 139 923 451 889 637 708 794 525 712 151 324 451 374 783 257 191 71 904 136 860 221 581 138 754 650 849 326 192 614 215 951 907 922 547 607 37 723 444 650 540 696 728 11 231 499 206 183 513 543 569 51 819 629 305 198 947 590 314 38 903 863 153 36 648 832 586 55 638 620 243 313 127 806 982 843 518 39 249 561 141 561 637 589 92 707 384 708 525 987 19 155 820 445 147 136 994 589 233 369 924 678 344 269 557 856 529 827 496 36 712 294 436 151 116 533 317 687 521 404 206 809 942 277 313 127 774 860 370 682 79 773 407 243 843 502 1000 200 82 852 21 681 948 855 812 568 719 780 343 490 901 518 72 865 66 348 260 61 161 8 24 206 652 837 271 41 853 494 678 334 288 990 461 622 628 979 118 981 253 106 459 723 795 313 25 498 8 495 519 391 988 948 796 96 649 79 979 330 502 755 944 752 731 121 160 963 441 132 722 556 767 934 767 682 260 782 330 892 248 423 920 949 184 775 422 290 397 828 669 213 4 62 511 792 396 308 438 264 90 272 656 839 172 338 508 887 831 717 148 303 272 19 504 719 533 850 926 636 161 827 988 323 58 918 681 396 667 496 822 6 367 927 776 372 316 731 434 779 668 101 925 291 666 284 55 214 65 796 996 212 605 237 327 442 213 92 583 510 95 740 586 124 81 51 762 845 448 180 41 484 180 255 6 25 182 866 565 793 831 502 608 244 95 794 752 812 735 384 241 453 168 746 976 10 56 698 958 482 752 163 33 356 558 691 327 207 507 989 538 344 964 816 402 722 97 882 837 360 744 90 503 850 7 328 450 976 435 348 763 809 811 505 90 666 779 720 648 615 498 596 686 675 618 154 74 248 315 300 136 
470 607 1 345 395 435 486 206 558 146 283 939 732 377 142 868 142 138 383 857 97 409 440 161 747 497 427 215 958 316 193 407 214 12 174 799 90 908 798 189 981 670 277 373 385 603 729 999 968 180 752 202 339 899 689 395 510 320 508 707 826 836 120 923 888 664 929 25 542 52 254 16 619 966 371 240 586 576 195 859 249 536 395 755 566 558 158 27 374 591 605 92 133 780 987 396 173 50 81 310 127 424 958 349 378 851 100 150 614 17 187 31 312 86 375 715 611 914 776 675 898 903 117 972 768 988 344 515 740 979 479 1000 597 218 896 757 545 156 33 997 126 349 467 845 404 263 557 108 609 359 583 930 866 95 709 841 922 698 391 478 717 506 699 566 473 561 234 88 97 497 466 807 616 628 369 68 1000 283 764 853 768 455 34 591 983 560 613 485 555 553 978 694 616 776 580 71 649 982 948 398 1000 275 727 962 350 615 949 211 721 680 853 157 600 231 467 972 943 705 484 118 771 358 759 779 477 412 763 941 23 944 200 951 144 209 639 671 967 165 841 68 416 241 176 126 458 585 95 823 596 259 547 245 979 859 110 861 957 894 312 190 634 544 260 291 872 500 523 38 107 143 555 565 390 299 117 222 996 812 249 177 245 965 522 498 354 200 985 507 471 183 394 428 290 581 49 866 448 203 498 224 786 972 787 911 634 744 787 734 480 681 903 971 650 655 624 101 215 924 750 31 587 558 602 157 640 720 598 171 592 623 878 515 324 317 579 290 60 480 563 543 941 56 450 419 260 874 566 638 652 511 886 720 329 84 96 170 402 96 589 608 480 847 309 24 114 473 81 863 36 730 85 423 251 39 89 946 209 21 92 53 593 610 520 606 177 608 996 156 370 477 347 624 745 52 863 991 387 673 630 228 922 734 24 207 122 832 974 720 91 977 210 114 36 732 893 928 67 763 221 161 639 264 547 106 938 125 950 15 375 780 905 266 695 285 13 855 339 339 599 117 953 477 655 949 55 630 125 136 88 500 188 522 913 96 507 920 67 578 936 290 990 362 235 297 90 422 484 687 453 95 876 721 763 738 196 814 256 919 520 420 551 19 808 7 897 710 196 904 828 404 453 63 608 852 828 385 995 810 828 79 
392 341 294 396 177 63 328 21 393 384 725 486 992 841 490 440 205 545 694 876 373 146 399 246 982 385 540 570 290 56 6 71 620 715 293 678 843 237 116 545 450 744 501 708 563 502 442 5 687 442 496 162 543 901 932 342 935 498 338 331 239 393 938 759 209 492 657 615 330 899 48 652 553 351 255 207 945 89 832 477 334 408 443 995 632 548 709 681 827 662 839 198 867 764 575 599 768 646 281 231 125 169 948 500 367 494 581 79 736 474 627 994 138 84 255 656 858 984 417 949 394 214 3 602 348 201 134 407 975 553 14 989 708 256 599 75 861 628 877 933 690 850 524 819 235 580 603 863 428 192 705 196 140 193 741 254 316 521 791 358 120 757 512 867 711 615 818 719 610 378 727 47 550 120 483 504 297 643 200 81 935 636 789 828 178 807 542 76 858 556 290 454 490 204 847 815 222 23 917 370 494 231 61 446 748 812 495 264 533 183 942 214 961 869 77 847 386 897 542 195 983 456 334 53 517 3 738 995 322 271 703 858 465 916 221 666 405 703 513 141 758 512 605 446 780 459 544 75 22 239 524 482 921 392 196 413 170 972 250 541 706 704 17 72 780 24 663 915 327 353 57 533 628 111 76 169 351 757 663 233 645 775 385 786 594 81 340 308 487 254 630 103 598 217 195 492 533 316 493 912 548 873 838 666 335 931 427 214 554 435 97 633 120 620 901 932 841 29 261 948 814 2 471 767 838 954 837 262 126 487 925 587 19 927 138 658 143 484 540 927 29 414 384 411 381 747 263 486 494 756 488 827 102 232 245 598 26 148 38 46 566 865 592 611 148 428 962 454 389 523 477 627 32 933 714 599 974 374 776 457 769 637 508 106 839 126 72 172 147 46 159 172 630 483 469 632 263 607 817 358 248 200 183 610 580 248 79 517 209 813 856 597 410 992 379 465 354 38 719 737 711 913 591 560 700 4 949 505 917 248 237 267 200 834 482 379 608 168 505 149 8 847 335 634 10 534 347 785 45 720 299 821 848 332 919 186 698 261 768 64 116 385 23 435 29 609 541 952 740 53 206 303 595 892 156 40 688 918 228 696 618 627 339 392 909 440 63 690 918 21 613 651 22 135 934 711 895 950 713 15 
56 509 734 379 264 765 680 495 484 889 800 263 848 80 249 930 471 852 903 536 426 452 214 51 786 100 532 71 959 144 461 537 324 235 835 672 616 986 842 887 590 510 637 606 119 869 779 355 492 809 582 779 357 355 249 25 713 967 639 314 755 415 131 927 537 941 51 1000 628 705 996 384 190 558 276 204 815 885 633 563 694 494 509 69 224 2 510 843 329 209 575 602 589 388 945 103 70 123 423 377 275 244 907 58 925 896 52 667 465 486 325 962 947 715 356 948 769 64 438 218 620 313 389 454 908 87 544 194 290 829 486 341 141 859 386 796 585 940 30 658 595 896 549 167 349 529 58 786 650 77 49 374 952 552 929 214 161 7 911 768 24 124 273 90 115 205 495 624 956 587 74 969 879 811 113 4 148 7 280 541 290 50 79 208 991 285 539 353 634 740 911 441 245 624 384 114 691 339 803 612 205 357 240 751 756 793 243 576 582 78 950 303 185 390 71 894 481 121 290 937 457 583 824 501 922 264 611 795 903 251 134 506 261 713 919 750 507 103 969 122 581 381 795 214 903 138 986 49 460 451 824 157 61 231 41 980 176 228 777 878 86 336 583 328 202 975 928 300 714 871 276 467 223 413 736 83 85 805 664 800 122 219 970 260 718 549 835 654 350 485 739 932 952 152 968 776 566 247 418 99 803 928 27 572 350 149 29 774 977 767 825 485 809 690 363 623 468 336 126 739 476 90 313 115 981 427 678 56 343 651 503 433 500 507 663 675 953 421 353 511 597 569 836 647 395 607 897 215 495 257 946 963 274 580 114 716 493 58 756 585 983 88 556 719 375 776 808 225 481 774 957 878 32 459 409 574 903 35 429 130 984 679 974 494 920 578 255 383 649 108 656 291 86 16 220 966 299 533 966 646 68 607 817 51 979 547 442 297 814 589 382 521 262 370 771 11 511 725 575 820 144 505 179 775 242 210 397 236 985 748 520 339 308 337 173 334 436 420 405 58 758 902 141 668 888 267 544 404 134 676 716 395 746 418 4 147 197 927 256 26 679 93 199 446 480 395 296 87 709 987 723 72 897 157 354 211 337 705 79 303 797 943 44 763 831 879 460 264 685 511 693 120 471 335 146 320 88 534 187 566 
940 171 627 762 6 323 469 614 310 725 877 782 428 751 728 478 543 86 523 886 596 552 868 662 520 715 155 289 788 521 341 619 579 753 535 833 853 151 125 237 424 230 253 423 947 411 127 683 171 946 281 588 42 964 740 692 58 103 128 424 693 676 824 149 913 687 740 662 894 177 299 728 528 829 701 787 195 20 170 345 234 456 701 620 821 443 229 538 157 310 849 239 369 872 889 958 535 325 885 367 273 26 390 167 845 761 294 875 931 689 745 330 628 91 400 973 422 468 289 192 890 542 752 757 610 229 827 205 875 722 792 813 823 33 136 154 671 434 56 197 675 851 307 92 553 488 106 847 790 304 366 933 240 943 379 746 823 722 956 641 135 334 630 840 831 623 695 185 70 961 587 474 99 953 505 377 49 385 194 185 556 998 405 707 422 521 922 877 944 39 557 75 426 250 215 728 41 3 331 115 251 318 134 938 563 227 19 127 693 990 689 677 40 918 149 513 566 990 455 872 62 957 478 748 324 493 242 502 349 165 734 626 188 184 361 493 883 226 561 344 899 678 958 681 786 449 72 710 32 227 160 889 719 267 758 186 317 791 56 695 179 654 158 756 931 103 510 555 100 750 338 82 157 689 787 839 491 758 907 788 322 514 406 66 149 81 239 278 662 202 113 286 804 262 52 139 367 92 3 748 405 685 287 830 26 504 70 765 73 566 121 57 942 298 904 49 39 528 254 808 453 19 516 226 487 868 199 69 457 798 377 208 446 402 376 132 138 930 120 748 910 608 744 190 539 428 247 927 997 520 406 848 92 940 715 443 716 600 344 596 463 37 47 511 95 122 604 892 662 16 824 357 297 708 769 452 529 688 675 765 623 752 789 367 818 524 107 609 131 675 495 430 722 794 310 440 377 551 164 374 140 905 487 366 987 171 220 233 400 260 540 369 438 240 532 691 407 804 671 139 60 556 923 876 411 453 342 829 538 713 583 434 886 981 829 528 186 621 616 518 248 498 377 524 881 17 490 204 12 212 29 355 591 492 398 598 241 565 735 180 284 415 583 752 819 957 146 571 255 232 742 347 706 922 531 990 615 666 784 652 319 810 454 623 661 818 717 84 300 386 656 975 470 17 450 672 163 553 381 199 
315 199 110 192 244 219 298 735 762 20 798 442 90 368 329 521 501 350 411 718 677 37 226 204 944 128 897 362 215 48 895 92 869 263 799 813 872 710 317 471 362 534 180 502 388 54 687 831 959 225 270 404 834 805 373 301 474 676 739 45 341 730 623 674 181 187 850 98 973 417 109 886 677 608 841 655 117 203 672 83 875 131 887 246 773 914 208 440 517 139 753 379 983 520 686 577 132 48 335 527 700 535 610 643 357 499 190 319 22 551 612 11 778 770 46 404 333 525 724 774 752 15 443 307 652 201 316 408 128 944 54 940 811 118 331 616 577 479 363 269 149 3 642 864 114 401 330 862 426 126 25 664 779 584 880 668 164 798 625 753 963 291 606 769 372 926 505 188 897 835 63 872 84 399 83 330 789 293 588 499 268 980 862 980 886 677 865 359 176 966 604 939 884 984 552 573 750 119 404 950 101 943 955 321 18 209 135 609 698 272 628 789 148 911 868 803 353 679 694 405 414 993 662 501 131 775 19 970 153 795 483 704 661 660 735 241 215 76 109 573 353 482 825 27 960 984 787 189 844 989 695 188 144 408 783 953 560 665 328 702 629 679 79 760 506 697 594 6 243 341 198 374 259 314 516 404 602 894 778 402 784 791 459 685 237 66 366 549 556 973 599 643 994 437 640 640 715 14 989 425 511 982 778 604 374 713 69 938 345 506 115 218 980 590 539 233 637 64 460 755 885 500 448 951 441 132 29 70 127 588 640 362 961 375 32 135 580 405 115 467 533 83 715 620 464 137 287 222 824 361 457 777 773 669 754 452 929 765 456 291 737 251 762 42 379 831 97 743 212 673 15 264 279 594 613 570 956 273 318 477 118 86 932 32 435 616 894 24 794 968 542 984 222 314 68 47 388 830 917 484 294 346 161 354 69 870 487 3 169 853 977 342 680 302 271 680 471 566 276 444 140 307 26 107 255 409 70 322 916 485 156 853 538 739 209 959 697 447 666 831 661 749 871 825 973 242 575 89 706 991 267 776 679 520 290 61 429 953 8 634 196 379 53 628 881 17 542 824 258 494 54 709 290 154 874 990 997 1 759 372 418 450 36 748 660 743 831 686 487 377 617 881 298 961 729 487 177 598 345 589 
688 882 506 503 527 276 888 796 360 915 917 615 809 519 247 681 706 279 793 638 701 434 666 550 600 614 719 160 508 450 761 254 227 116 223 283 604 642 778 261 510 417 258 346 534 791 827 181 440 601 199 477 727 659 418 953 317 123 904 45 337 860 967 107 188 99 284 170 906 28 439 528 432 642 870 143 705 177 201 56 97 579 954 507 446 372 403 65 737 671 348 288 657 828 171 868 490 208 419 653 39 299 800 333 413 127 720 485 123 373 57 636 746 792 610 776 888 910 410 152 685 682 691 775 74 979 773 313 52 914 234 802 997 334 749 539 117 807 425 132 506 860 346 144 228 910 830 539 615 929 962 373 359 141 988 371 958 416 508 577 941 161 985 362 67 261 973 68 976 323 480 284 568 902 518 396 760 845 159 30 802 635 609 479 961 271 176 612 595 796 73 158 218 526 506 285 153 65 121 734 262 946 495 884 940 546 514 800 325 373 557 992 617 719 168 279 834 161 71 82 195 94 428 375 92 753 347 803 383 978 409 178 855 884 492 854 942 160 313 123 283 440 95 840 381 954 719 14 322 370 368 805 958 303 796 443 772 753 101 588 574 551 13 633 868 210 839 320 350 129 921 495 762 923 958 504 404 903 302 210 913 323 412 549 2 430 666 636 841 838 311 288 228 584 140 457 324 468 90 924 628 620 771 98 731 104 978 886 688 907 756 756 96 379 891 522 369 571 254 352 651 25 634 295 75 198 495 603 247 600 371 512 465 354 399 550 996 430 403 99 384 96 417 437 733 531 908 212 857 71 576 353 698 193 606 209 762 296 46 615 37 953 226 141 700 66 532 985 671 750 824 1000 636 382 655 323 226 242 448 547 652 825 375 989 710 158 643 142 161 799 24 933 399 36 81 380 629 580 931 204 171 616 714 651 277 227 796 151 46 608 375 663 161 514 427 437 792 673 272 646 529 714 158 517 803 531 6 235 540 201 851 64 752 674 192 861 57 882 201 713 737 358 433 743 481 137 470 2 887 122 206 248 880 298 671 759 635 518 650 227 106 553 582 547 742 814 259 414 954 377 493 161 452 459 245 877 162 711 574 346 171 56 500 990 152 590 821 339 510 780 612 84 453 579 906 230 542 788 563 70 
863 64 561 774 109 208 316 431 446 267 236 726 500 963 859 582 968 718 126 601 188 965 69 742 703 935 104 817 87 515 864 29 904 7 21 890 238 140 797 447 28 158 519 222 962 732 867 786 408 291 835 177 430 426 381 417 359 366 719 300 689 620 801 539 117 664 289 740 134 655 721 475 756 518 217 578 22 650 988 264 9 468 227 362 138 378 252 997 917 935 560 335 428 821 663 520 998 432 740 612 237 858 232 45 470 270 384 594 678 173 565 193 457 266 79 742 754 278 33 114 25 418 931 402 992 81 618 868 732 337 783 457 756 949 890 427 698 116 340 662 4 462 823 494 202 876 431 796 485 677 957 143 92 680 167 340 142 454 713 758 726 114 858 285 737 135 598 566 657 80 671 301 447 541 402 525 75 883 50 827 219 64 136 670 909 369 333 583 404 468 877 504 540 588 364 462 302 952 677 918 482 667 687 393 688 137 517 391 132 350 41 37 308 862 329 22 723 684 525 922 684 515 918 233 726 367 502 950 106 409 559 683 69 236 732 873 549 842 570 172 885 893 164 680 249 360 409 966 241 73 567 740 957 692 523 512 220 73 432 67 181 145 323 733 698 627 416 340 392 953 70 924 535 681 515 373 841 84 896 784 388 73 82 551 199 727 797 119 951 652 881 262 327 969 930 988 105 769 841 684 879 933 644 447 200 898 149 861 652 893 189 730 245 699 423 921 299 283 188 340 302 64 538 39 721 392 452 40 19 838 607 687 52 647 98 981 226 278 923 710 394 113 801 269 581 824 205 316 911 192 24 905 809 52 123 31 537 22 376 457 783 97 116 727 951 590 817 510 876 112 421 81 547 240 660 842 923 567 310 790 765 919 816 52 232 912 851 460 97 940 535 87 269 522 190 770 990 499 368 994 406 701 722 30 199 867 805 863 415 833 344 457 660 632 885 230 19 493 435 679 488 858 945 681 733 482 526 377 659 205 896 136 225 903 707 669 743 593 925 29 193 845 483 859 4 129 270 631 307 659 155 864 638 422 197 41 887 288 475 4 444 476 497 850 195 126 752 238 874 346 820 172 81 75 97 61 206 380 53 119 454 824 947 15 548 915 69 870 435 573 958 396 747 249 843 22 870 25 192 569 
128 295 170 172 592 852 352 791 816 57 263 606 974 191 618 563 288 550 446 919 466 56 391 959 967 627 253 518 25 344 932 622 113 472 838 349 461 447 912 601 156 695 279 676 602 741 633 462 236 714 563 614 59 937 686 158 881 883 696 176 356 308 604 644 741 75 265 767 808 525 707 635 385 766 891 193 530 12 791 327 607 956 602 121 446 969 250 585 31 920 252 350 248 765 103 549 765 475 538 466 513 693 391 165 967 911 4 693 103 324 854 62 153 230 92 353 83 687 292 655 571 347 648 294 307 505 590 304 240 741 395 694 376 416 189 55 742 170 402 456 888 780 844 2 3 888 441 431 883 716 980 682 956 403 261 313 831 179 721 540 293 44 913 443 118 173 516 993 783 750 516 274 908 268 817 5 819 217 704 217 908 392 281 801 946 32 43 152 267 216 647 179 895 253 127 680 681 228 821 794 304 795 123 610 877 229 326 821 571 441 50 248 216 137 892 972 677 43 897 297 591 530 90 267 315 178 875 351 467 398 584 404 827 313 951 210 427 654 651 564 602 649 63 876 550 161 540 50 54 180 72 677 395 657 191 446 898 723 182 607 795 514 780 54 407 553 536 720 412 784 640 168 256 864 438 357 806 456 683 485 51 122 928 732 496 612 433 714 293 263 952 111 442 497 347 639 709 91 597 606 378 178 333 930 485 46 752 691 873 565 807 548 486 949 8 646 932 963 718 432 987 342 664 969 870 978 555 113 931 974 734 234 323 181 337 506 82 21 461 390 557 280 897 174 14 374 970 275 897 63 55 784 540 601 752 27 1 446 636 786 651 650 893 254 401 688 220 145 373 850 436 638 892 482 200 820 59 580 347 986 38 351 876 850 584 687 757 110 442 636 87 100 211 736 432 984 755 75 584 453 760 927 358 131 61 67 229 839 654 847 790 357 227 980 412 998 824 577 570 786 489 373 668 317 29 248 360 257 450 343 523 631 250 347 395 772 240 945 224 709 133 696 129 475 257 421 160 28 730 486 29 64 430 728 403 62 129 136 260 649 772 972 166 7 619 911 754 979 757 887 224 199 906 743 773 868 607 234 344 260 688 958 319 694 169 557 275 87 69 986 134 408 931 760 136 965 252 746 829 839 
933 138 999 741 220 307 546 807 212 692 219 678 81 546 735 173 603 269 373 432 250 318 396 295 822 526 786 16 67 221 121 719 238 732 578 55 627 108 151 774 466 387 538 322 901 898 222 437 851 591 441 801 145 51 38 812 565 635 500 34 362 335 17 661 602 557 260 525 983 803 173 991 680 230 549 128 677 365 908 934 417 732 790 722 761 809 469 903 200 473 694 482 200 257 315 983 408 444 835 359 753 679 307 659 159 381 299 88 775 163 729 320 797 219 230 315 482 81 977 258 992 280 743 416 717 554 160 214 497 617 128 589 936 192 435 955 589 785 565 321 637 749 36 994 639 901 62 596 692 291 194 772 587 239 824 251 658 962 344 323 859 245 459 143 372 735 11 29 652 473 619 309 774 906 62 30 584 337 625 101 920 30 703 853 163 390 841 765 69 922 306 556 248 583 875 541 205 100 675 10 179 726 764 354 770 658 686 315 422 711 981 566 229 58 666 116 47 558 729 556 304 738 831 370 798 208 225 127 419 478 645 234 762 375 34 890 281 895 134 872 939 688 459 14 987 767 656 619 487 814 153 890 554 648 118 429 871 639 853 372 70 533 551 549 377 268 26 939 500 438 580 775 838 251 418 831 402 254 364 233 492 319 577 781 547 63 481 909 283 557 598 110 751 258 442 244 457 342 767 118 226 281 240 767 744 401 947 760 754 247 124 965 452 248 656 446 387 20 646 658 768 817 797 995 661 116 173 116 424 780 615 636 562 47 284 871 503 921 166 136 395 177 385 337 985 562 151 158 715 33 686 572 752 131 354 45 304 972 785 176 88 319 891 595 222 65 222 784 189 452 691 193 982 340 10 611 394 4 710 779 473 478 88 219 417 228 364 634 256 857 198 639 248 246 179 156 918 62 751 483 256 577 401 681 242 737 208 492 207 638 620 534 983 434 917 911 797 155 956 732 397 972 444 1 857 866 94 375 736 167 910 614 154 969 905 17 511 1000 603 964 336 545 58 775 564 77 957 703 451 209 522 665 984 148 202 662 857 266 981 596 302 211 852 338 483 619 611 209 893 463 163 916 454 356 768 910 912 824 567 325 860 469 950 122 504 689 33 301 346 855 216 827 847 123 145 791 601 231 654 858 
332 96 39 282 151 952 526 475 28 490 220 552 654 872 391 615 357 996 376 576 410 824 902 900 139 302 4 317 486 598 203 154 613 35 496 671 173 68 299 134 214 756 340 831 995 297 262 784 943 940 320 349 523 381 944 239 554 780 991 4 872 831 922 650 822 583 141 203 791 921 856 838 848 5 159 356 658 248 242 93 38 258 297 462 917 287 206 627 468 294 312 916 417 987 738 26 353 980 768 438 662 814 228 205 681 790 860 61 411 478 973 902 187 925 923 961 974 85 351 978 170 211 55 557 465 513 308 786 437 331 47 215 664 532 177 138 929 62 204 91 942 523 428 859 772 478 157 944 535 872 772 259 946 300 957 479 582 338 88 26 379 212 994 816 599 714 725 972 489 709 366 335 163 470 10 276 19 460 608 641 897 527 893 333 694 32 634 906 489 173 262 201 553 62 811 496 258 480 928 565 255 484 404 351 907 191 685 289 455 511 764 333 43 947 865 890 846 512 814 37 131 818 45 129 641 25 504 487 49 39 340 435 733 842 484 516 461 110 918 625 449 976 992 740 645 115 642 208 440 779 872 586 139 554 149 753 162 109 569 764 908 846 7 160 962 408 190 342 569 437 669 374 367 367 310 558 831 495 133 929 821 273 297 703 601 749 16 304 940 563 776 281 923 678 241 442 590 205 452 389 127 393 393 983 259 827 843 459 186 640 53 587 406 603 761 286 293 785 652 912 103 731 611 428 639 94 620 346 33 426 844 657 791 524 579 259 636 436 602 627 445 118 840 7 914 777 279 205 680 65 258 295 155 124 907 879 54 903 214 761 852 662 358 354 370 390 979 68 922 674 9 686 335 48 199 141 905 505 980 310 912 842 370 767 137 726 375 744 322 768 127 933 373 210 332 736 359 101 841 168 541 959 601 4 506 566 98 302 779 366 176 423 135 86 947 766 392 386 608 880 587 601 193 471 230 460 212 963 478 324 140 680 525 104 793 389 62 360 768 624 937 405 290 345 876 621 518 557 104 120 614 352 679 99 506 575 198 279 167 938 135 969 653 13 443 327 882 696 793 672 938 140 689 768 860 852 888 750 107 765 529 878 745 966 351 277 195 805 285 697 636 79 658 36 419 5 5 548 44 919 
949 523 600 938 581 303 67 697 377 97 465 372 995 478 1000 739 580 400 883 81 644 610 780 473 367 773 671 785 389 549 103 865 464 187 9 233 300 25 746 606 473 839 377 187 135 744 28 199 29 819 923 147 193 851 103 487 503 749 977 377 451 821 762 13 964 792 150 835 70 118 607 284 526 167 123 914 420 59 588 314 282 135 467 642 230 955 989 699 225 780 633 861 509 18 606 820 529 712 39 911 420 631 707 179 810 826 782 81 626 279 554 796 147 499 395 728 282 322 237 123 917 537 662 213 564 892 331 255 693 878 723 989 716 851 285 178 820 575 395 808 601 429 748 333 889 616 618 532 557 289 224 288 187 172 889 233 81 203 816 492 913 231 443 652 168 163 695 451 205 495 498 343 801 165 570 588 922 204 545 165 727 592 509 467 28 390 633 81 667 808 286 148 102 806 775 382 519 422 631 69 835 681 194 758 682 78 302 435 656 306 80 173 377 134 766 602 886 446 712 45 466 267 77 888 859 112 486 249 353 581 509 152 40 549 780 252 77 928 638 489 650 208 390 690 858 523 545 686 971 381 972 700 462 771 708 278 8 751 378 919 558 831 555 491 67 764 888 851 353 107 155 109 688 518 444 142 594 696 46 615 106 786 221 288 712 216 812 935 294 571 280 182 863 460 639 160 620 542 806 474 254 480 4 865 243 629 634 151 849 828 583 565 107 502 837 103 806 595 133 379 147 507 755 888 66 229 281 901 859 649 925 96 524 7 826 763 473 716 687 862 191 496 114 152 711 688 154 571 178 907 830 178 225 975 857 779 505 530 651 972 865 408 830 55 748 351 533 629 764 739 60 548 260 675 247 736 876 56 540 242 867 481 176 572 102 480 443 656 123 154 259 835 940 384 904 45 884 344 220 653 651 979 937 839 769 741 168 421 716 103 629 190 913 116 91 545 45 541 865 983 169 597 265 699 310 699 261 123 126 451 400 613 894 196 69 496 37 7 243 751 334 804 779 917 733 245 607 56 307 999 434 512 961 755 479 749 654 561 43 938 809 607 161 419 709 237 402 799 616 721 489 13 986 760 151 752 45 235 635 811 297 405 31 891 125 390 51 607 108 121 890 496 805 845 239 264 697 734 213 460 
738 225 729 473 688 818 864 848 875 86 272 721 880 703 264 592 660 267 86 410 497 923 940 630 291 900 17 548 753 104 209 15 100 106 740 905 305 611 839 251 86 735 189 905 375 782 4 447 798 252 727 38 331 992 359 68 817 677 760 647 853 778 660 592 540 809 410 223 995 322 724 834 614 53 476 997 22 154 156 648 683 377 839 43 812 136 43 826 937 711 612 681 269 741 567 910 204 721 507 153 304 152 431 61 932 777 563 603 285 42 584 979 227 608 630 257 363 713 690 352 346 474 828 978 657 296 961 587 539 855 678 633 231 388 903 292 886 114 298 541 316 758 415 583 415 84 420 184 328 405 954 150 740 607 81 610 897 763 604 294 65 469 452 269 465 798 813 711 94 369 179 833 956 399 346 198 301 338 944 608 740 372 292 548 191 918 387 89 790 479 286 830 142 379 236 718 684 7 97 326 779 317 276 784 731 76 265 686 15 309 819 520 621 861 887 538 540 845 713 438 127 332 527 589 435 407 856 309 954 350 722 808 469 366 613 138 627 222 859 201 292 866 773 122 149 905 188 168 1 535 68 891 316 297 417 553 679 244 478 880 329 252 385 119 764 861 792 383 851 284 778 557 637 283 949 357 955 782 675 845 328 761 412 423 293 62 466 836 682 744 686 248 19 920 46 346 569 546 59 680 228 494 467 164 392 536 68 144 127 95 556 107 112 237 816 985 914 404 522 372 92 931 641 669 456 346 160 704 394 332 311 771 876 405 641 20 207 696 802 613 673 762 534 313 481 75 233 971 188 882 395 226 325 997 456 911 526 75 752 235 289 299 91 768 765 584 970 950 105 307 166 170 825 415 882 414 172 322 495 51 882 72 155 519 173 303 816 950 39 899 270 801 141 159 752 65 390 384 159 907 110 546 57 129 736 542 63 259 455 658 81 338 148 871 906 33 965 609 596 506 489 697 729 932 142 98 134 29 399 709 712 969 86 756 19 312 781 417 343 753 980 700 585 689 898 191 482 609 868 610 10 274 366 365 874 978 325 161 116 4 128 245 324 41 274 986 707 56 24 789 479 926 394 463 476 166 428 495 745 215 354 634 922 160 309 584 481 116 24 102 764 774 137 466 492 851 144 379 962 601 
681 268 730 403 953 132 413 810 27 263 288 875 503 714 846 43 415 585 54 650 649 537 252 170 675 164 440 23 546 783 664 467 729 710 614 401 754 594 858 173 133 296 502 277 396 745 868 546 234 617 360 245 447 552 172 698 909 610 191 773 399 215 181 615 294 289 916 262 659 834 460 15 180 177 509 933 255 96 29 271 8 15 968 155 202 102 693 68 463 932 962 140 927 91 456 283 730 200 684 155 910 539 979 304 519 275 922 178 306 998 712 24 896 363 637 461 538 841 935 42 185 507 305 62 659 994 546 615 540 416 694 376 514 797 822 984 190 973 160 14 684 388 951 359 50 30 928 907 920 57 826 50 611 494 963 298 497 676 458 805 988 236 521 45 87 633 510 279 690 975 365 960 989 833 656 802 310 936 665 293 579 974 477 270 430 606 481 199 579 290 242 484 722 969 469 641 549 703 979 317 970 2 178 735 733 837 851 90 668 551 400 10 890 217 113 84 552 106 131 247 952 691 431 260 615 713 108 774 893 597 508 738 901 94 807 45 429 537 209 704 341 134 948 580 232 578 374 389 115 43 984 744 432 831 372 949 226 116 268 107 949 78 26 925 581 305 115 560 964 773 818 866 768 722 158 114 818 16 475 521 638 480 306 124 675 903 55 646 339 377 278 200 87 303 109 704 26 478 839 242 994 551 342 473 773 373 606 83 473 891 817 328 402 34 694 409 874 195 353 889 122 944 729 436 514 602 444 409 706 770 139 641 551 978 860 701 172 463 899 553 790 268 144 98 837 871 943 217 595 466 322 188 503 586 247 793 743 471 368 50 782 824 206 207 203 395 333 934 469 919 374 947 200 842 384 863 833 946 875 522 944 340 57 33 794 622 413 141 892 805 329 449 639 133 265 442 590 548 601 764 89 149 167 280 743 942 272 167 733 993 347 893 96 146 375 654 836 621 846 410 387 436 423 800 812 211 268 747 425 45 384 527 447 418 141 161 459 135 497 458 801 764 175 26 300 843 436 260 316 702 192 886 418 597 393 877 61 818 430 578 491 965 513 302 343 238 426 327 764 854 90 696 525 100 974 441 874 96 512 268 450 305 60 754 91 919 328 593 603 569 1 287 412 788 4 379 337 671 411 104 
611 930 732 352 313 856 89 786 212 432 290 836 838 887 90 719 742 507 731 372 804 328 186 50 580 859 219 253 373 568 219 413 559 667 983 804 798 136 896 765 776 316 107 565 304 688 953 915 849 560 987 150 258 512 764 635 532 529 396 931 387 326 536 534 936 234 283 475 531 669 266 978 104 915 874 335 129 730 50 535 429 215 592 303 12 552 701 938 802 479 192 863 4 363 475 339 446 734 951 228 288 895 336 849 36 493 920 234 512 360 509 131 35 543 690 647 34 201 534 447 536 92 606 775 999 647 251 60 329 672 956 137 229 341 970 930 482 19 989 558 877 935 793 615 362 248 304 814 748 994 758 241 949 921 56 301 676 697 274 289 898 487 146 552 42 551 831 364 964 860 633 579 568 834 327 259 642 971 339 340 34 251 903 530 561 149 67 119 187 49 214 210 303 252 712 498 568 854 80 121 536 321 587 313 617 286 31 391 644 520 579 273 461 309 759 345 964 432 50 582 445 560 775 599 234 742 31 511 565 129 373 64 560 337 468 519 281 237 857 235 742 101 223 101 516 823 382 309 591 523 827 555 48 333 390 360 218 365 359 336 787 40 862 880 771 781 771 399 270 719 252 374 386 325 48 591 679 2 790 712 177 877 799 876 286 793 291 453 391 698 527 459 673 572 498 850 906 692 874 128 682 547 929 682 95 501 246 185 350 534 797 592 530 351 550 58 134 379 670 733 890 485 88 577 816 421 962 383 843 742 495 393 604 321 863 462 693 575 656 602 617 193 483 190 762 504 775 429 256 84 518 650 226 405 634 130 566 906 429 477 232 308 74 92 581 658 527 73 76 659 463 1 25 309 658 803 593 225 51 453 541 219 789 242 678 538 708 766 429 827 108 493 560 398 93 327 307 261 657 469 444 32 267 519 805 690 392 317 279 409 834 410 563 808 1000 143 672 596 199 877 596 305 471 616 619 722 982 715 704 315 253 496 374 678 780 37 645 231 790 981 917 816 995 716 52 500 634 111 864 997 411 63 251 11 486 388 41 859 518 545 147 91 274 291 209 910 593 409 921 845 451 403 674 607 752 834 263 422 433 732 820 554 760 667 962 98 848 250 530 86 356 151 932 645 785 655 901 511 715 700 
465 762 704 551 22 414 198 670 300 23 942 484 342 253 541 11 825 805 822 930 863 317 337 310 811 514 506 210 170 202 497 950 30 697 677 217 505 964 848 871 795 534 128 136 604 478 931 622 17 157 632 284 583 400 877 6 224 626 492 173 344 798 941 712 358 216 993 553 508 689 324 292 533 436 64 352 856 547 753 771 777 961 765 296 146 350 271 967 68 852 992 888 592 820 924 744 579 367 6 839 717 190 899 535 752 832 14 388 881 951 713 708 729 41 510 5 240 583 769 665 694 152 822 523 848 723 977 247 44 286 633 947 126 466 188 406 382 770 274 860 304 808 393 887 417 78 579 581 929 684 425 780 606 503 757 606 426 827 506 469 330 126 221 804 102 685 992 459 806 155 403 208 587 406 257 278 145 695 555 783 582 636 711 968 300 200 374 25 637 157 264 561 163 591 216 236 781 184 455 988 97 675 690 1000 964 737 651 287 370 141 911 731 638 128 212 861 192 555 977 260 706 137 955 189 497 632 259 426 139 931 369 962 549 265 222 628 42 426 797 835 771 143 223 904 841 479 696 835 155 433 365 919 87 589 322 528 202 521 22 381 457 365 173 861 844 413 817 148 733 497 567 514 179 750 259 840 775 178 507 705 747 946 908 666 846 276 598 890 376 851 904 471 854 22 420 910 420 696 785 367 485 677 947 196 653 561 586 737 96 880 636 569 986 61 395 292 886 587 823 402 35 461 106 654 753 447 774 3 103 937 238 295 355 94 103 962 470 424 501 620 533 641 492 194 575 226 957 951 415 388 685 98 649 976 556 787 189 975 850 85 477 208 786 227 701 509 12 866 295 740 99 570 348 454 59 859 907 210 912 385 945 407 519 824 380 571 213 15 959 487 73 4 276 974 995 586 725 385 65 941 17 229 669 865 415 479 504 54 828 332 149 164 828 539 309 798 610 975 534 608 472 654 283 888 926 643 2 158 930 587 71 194 747 857 67 306 909 275 340 9 876 161 516 518 721 616 617 50 645 699 471 967 441 156 967 72 841 710 438 781 124 914 414 611 981 147 645 821 78 802 495 165 41 584 892 969 119 639 185 53 708 271 239 316 881 538 958 870 591 687 896 960 724 263 893 151 975 704 482 930 
243 956 8 706 237 505 654 163 822 471 870 487 784 540 88 471 184 512 272 801 967 407 304 488 680 769 958 518 906 82 691 281 563 35 569 25 368 149 209 877 470 449 407 545 239 370 991 376 742 492 501 897 682 717 781 819 554 200 630 855 100 689 880 114 733 268 975 488 256 756 695 943 239 308 182 625 435 175 423 567 323 993 420 629 902 249 481 466 673 493 120 820 647 716 688 493 291 521 909 744 879 117 510 322 682 417 457 104 883 158 422 172 232 764 150 751 485 421 817 69 973 983 514 275 786 371 716 610 77 362 233 577 739 40 86 564 350 847 376 102 319 300 221 679 844 656 458 685 510 734 472 92 230 711 245 62 749 183 900 249 1 989 620 51 726 886 585 814 171 302 197 179 935 139 852 167 911 218 993 601 977 406 84 895 221 812 929 763 152 928 599 321 352 773 925 742 952 334 429 111 377 191 821 175 844 995 74 846 649 404 51 641 574 276 862 126 865 663 757 404 372 468 206 28 651 247 886 361 447 312 307 785 736 786 571 601 844 203 680 979 954 334 808 462 445 897 510 97 850 735 874 287 400 149 681 1 793 886 349 670 468 534 170 827 160 829 342 251 961 955 957 493 491 294 783 624 959 908 691 176 472 972 232 157 756 171 408 159 746 23 810 636 960 797 467 517 562 163 445 820 906 388 459 606 459 743 913 968 867 966 638 626 331 719 734 734 112 445 802 552 15 468 879 434 786 383 910 31 461 329 72 51 311 261 1000 428 201 535 782 308 681 278 311 769 331 184 861 482 596 508 80 586 942 661 578 754 34 659 475 136 681 809 297 898 801 815 124 896 600 926 85 437 65 605 933 51 985 814 277 305 256 375 185 494 945 441 43 723 248 10 633 962 118 947 302 751 382 377 409 75 837 644 399 819 371 186 225 514 572 153 222 155 133 614 790 637 511 584 292 212 357 835 353 227 509 790 456 284 824 756 693 851 937 514 180 734 712 885 171 556 516 217 351 120 418 346 135 733 200 803 987 70 815 391 402 477 892 786 702 839 46 847 313 241 229 64 531 597 47 279 786 939 473 888 969 104 527 474 652 791 644 905 904 354 464 645 510 150 613 16 401 41 424 98 100 85 648 989 669 642 
632 32 815 477 243 747 491 915 564 919 340 251 11 939 237 398 367 422 435 279 623 799 793 955 790 670 919 583 898 849 226 236 339 822 266 883 395 12 214 104 554 920 928 609 846 584 752 979 277 25 201 721 410 784 998 387 897 578 130 63 59 445 178 563 32 883 411 462 872 603 314 505 511 501 640 721 460 920 402 313 864 846 98 458 535 90 247 354 488 391 588 909 211 440 916 710 495 463 17 876 386 302 615 853 605 703 499 803 773 196 18 896 562 526 372 835 932 238 189 384 922 388 951 401 347 667 945 279 969 897 885 614 489 600 820 163 227 886 490 663 9 596 545 200 417 24 71 252 771 147 351 677 858 706 64 643 690 125 416 844 149 770 310 524 573 383 514 125 457 193 397 700 464 935 575 137 7 85 509 773 363 905 607 481 565 496 346 98 840 983 594 191 419 449 317 350 567 707 393 705 63 16 963 444 507 501 812 131 755 236 724 750 556 305 11 948 308 463 707 592 933 576 391 846 83 622 730 356 469 260 568 80 270 836 733 14 577 679 839 814 382 22 20 199 502 235 963 742 504 558 20 4 713 640 599 314 670 226 869 238 889 203 32 403 989 148 747 353 186 788 425 562 222 74 735 191 730 53 513 270 792 589 725 413 461 848 889 75 394 284 549 979 970 560 889 32 52 768 309 303 150 84 682 422 605 504 699 160 534 986 587 382 268 613 989 885 528 272 814 817 929 837 619 229 697 290 890 72 51 994 682 526 357 992 833 260 546 281 241 897 284 727 761 437 948 701 245 914 873 382 342 973 866 940 887 155 356 289 900 371 962 207 467 48 72 32 519 842 981 620 952 785 723 838 725 466 72 246 421 53 994 356 248 717 21 737 728 124 309 550 431 217 986 577 455 483 789 731 28 682 838 522 690 338 595 815 45 551 265 959 476 519 691 234 797 898 131 621 247 26 987 72 642 642 777 287 239 576 382 713 223 34 430 538 805 123 21 553 706 442 446 265 867 46 138 991 525 643 386 536 276 875 662 184 574 422 377 74 139 127 26 539 153 364 59 5 913 371 887 652 35 404 383 443 546 267 49 308 919 290 436 209 215 817 910 685 843 773 121 457 507 832 737 704 978 646 951 810 127 603 
459 577 9 142 68 789 729 942 439 960 348 150 848 920 191 50 611 240 785 422 193 509 190 211 68 569 737 529 321 626 359 468 768 727 252 102 253 384 431 119 932 427 292 511 414 734 828 903 486 984 311 307 538 853 301 144 177 965 119 406 1 908 249 972 222 439 500 245 770 859 92 742 688 590 110 636 846 266 784 64 93 685 982 339 18 594 448 871 762 357 692 947 584 128 164 716 230 144 368 435 516 95 722 579 707 264 812 767 81 381 441 814 762 744 237 405 187 923 734 992 358 840 368 961 348 847 41 660 342 283 889 816 234 827 823 294 62 898 51 119 205 262 984 255 197 800 398 371 52 584 832 163 805 750 242 304 495 640 8 356 880 623 671 508 660 272 164 607 896 875 62 651 68 645 557 156 868 358 431 611 77 570 838 168 552 288 291 272 912 100 528 948 3 404 505 839 218 965 241 597 657 748 259 996 133 283 103 573 856 321 416 407 647 424 183 687 813 821 834 672 479 138 490 476 943 499 64 113 557 995 117 474 865 700 171 603 625 944 295 690 546 298 83 85 600 243 492 919 414 654 841 986 229 451 118 500 4 716 363 610 707 697 281 269 880 851 742 54 686 250 68 50 161 296 38 646 2 906 189 730 482 954 693 973 416 518 596 780 795 261 68 353 694 959 788 373 599 258 491 982 918 76 392 791 229 723 769 370 300 310 962 38 985 362 121 833 986 603 603 596 995 513 25 344 461 990 960 772 292 608 355 691 71 307 193 408 582 924 646 210 702 438 458 429 428 149 499 509 34 523 388 123 659 13 123 22 944 245 75 344 1 758 150 998 659 922 967 220 893 875 915 628 568 522 126 773 921 523 316 691 184 110 622 131 309 707 969 338 696 269 445 258 605 731 339 925 346 142 172 677 672 254 240 65 715 579 909 303 114 93 244 737 676 514 82 978 145 475 748 222 795 317 416 811 57 488 499 240 250 513 294 586 969 144 863 169 413 713 248 148 494 98 530 289 511 674 968 154 597 828 60 808 707 270 290 425 379 852 318 921 717 595 549 578 903 22 206 331 624 738 615 258 621 19 839 193 71 771 280 201 243 750 616 745 119 487 940 581 901 119 667 919 473 498 955 414 434 539 38 153 
763 865 210 178 127 664 715 507 502 79 513 561 658 554 10 586 407 648 429 655 790 218 531 930 240 889 22 679 595 508 542 210 398 475 32 812 180 79 814 797 331 886 196 264 793 791 247 697 404 218 622 79 518 477 238 626 425 446 991 315 952 915 16 358 858 347 810 656 325 178 439 840 310 31 817 399 907 646 682 351 860 676 879 413 397 927 67 118 125 633 133 627 451 680 401 588 621 198 1000 334 641 577 543 388 416 370 663 486 325 238 545 100 521 55 55 345 43 232 875 568 890 466 985 47 803 817 988 710 625 374 393 294 280 987 189 169 7 80 519 333 913 552 21 936 514 474 808 851 145 993 934 270 194 514 579 527 792 585 247 434 261 466 206 112 466 360 554 887 437 352 665 108 909 275 334 595 959 998 752 803 230 441 396 338 732 361 211 219 579 101 763 986 73 83 223 419 263 281 998 222 977 163 644 875 91 263 891 21 896 314 535 665 594 744 756 786 888 142 672 563 90 424 232 332 366 689 723 281 504 501 993 830 123 808 33 986 538 541 981 438 589 590 302 260 445 7 695 144 734 777 787 127 95 775 533 882 362 458 715 513 396 173 122 111 523 600 368 689 475 997 772 206 223 83 461 238 455 966 237 914 30 971 340 303 665 780 123 786 207 657 7 362 219 616 386 672 818 634 216 824 588 221 543 501 669 297 916 141 441 524 589 345 993 747 682 611 480 231 106 173 500 563 367 366 21 87 128 99 799 326 179 823 479 744 991 170 255 55 370 803 753 985 536 589 62 378 894 163 220 87 769 147 65 546 130 491 690 241 110 719 250 573 814 477 283 955 924 575 533 197 488 486 353 126 509 614 61 687 552 430 477 476 209 20 646 686 825 227 490 134 970 67 107 895 252 172 440 184 797 746 207 348 198 976 200 818 358 828 38 283 263 478 844 927 938 616 444 150 779 956 918 759 460 889 530 754 811 419 230 695 179 765 438 219 227 719 167 406 505 847 33 861 364 729 752 135 116 735 577 890 817 887 613 508 982 975 599 241 612 785 237 615 518 382 609 2 496 988 356 329 327 263 703 61 991 433 473 965 782 849 159 643 795 124 983 708 814 255 387 921 271 736 654 544 446 95 24 210 725 647 
17 267 7 948 927 916 775 732 815 448 553 710 453 928 529 828 44 319 117 703 581 684 667 790 208 947 402 142 907 139 898 456 165 997 682 446 577 937 309 596 195 785 764 278 179 818 866 285 349 469 698 504 165 434 177 132 699 223 11 204 242 868 494 463 656 767 64 45 141 653 985 351 795 575 328 488 514 400 687 376 56 992 710 514 971 394 441 2 999 941 8 473 166 29 490 844 418 687 280 8 635 215 226 150 945 586 37 22 320 850 832 573 863 581 489 405 823 804 362 1 52 836 546 349 501 39 125 671 451 344 339 577 691 720 418 809 740 755 867 999 919 57 940 475 305 870 714 522 770 457 341 319 411 45 353 209 297 561 904 304 828 415 129 734 934 887 207 432 580 185 369 50 318 533 148 508 990 426 483 183 11 160 42 277 626 871 573 402 521 884 595 231 924 286 650 905 675 149 273 251 241 381 744 785 213 501 552 455 599 682 234 452 434 42 624 19 859 18 997 27 366 7 462 300 187 509 317 24 914 792 561 90 804 14 608 250 757 273 351 228 346 774 823 371 151 246 48 817 110 663 530 155 174 250 264 182 673 35 427 237 875 587 207 669 116 693 920 6 788 946 170 794 57 4 451 955 730 469 234 535 913 310 188 530 283 486 562 679 206 985 619 662 167 388 451 228 168 425 521 822 604 631 433 251 627 543 502 660 892 190 365 92 877 933 170 712 947 603 107 949 451 877 951 396 156 67 956 439 722 850 435 208 652 761 292 285 488 28 472 990 579 905 658 610 219 911 21 396 880 40 989 210 678 938 357 279 132 49 187 261 146 313 261 117 908 783 930 714 680 733 200 120 193 967 825 960 690 785 165 328 714 253 254 572 161 22 653 359 302 5 872 320 342 326 248 549 732 697 796 176 780 98 711 204 285 440 74 677 346 269 441 459 71 19 446 741 779 385 537 660 866 695 234 527 56 31 292 640 173 520 833 673 971 498 909 904 632 475 876 123 619 707 570 180 729 897 911 243 21 987 351 950 945 664 226 689 103 511 168 574 269 819 714 27 740 941 809 326 232 240 736 16 710 914 848 397 918 231 951 503 605 189 783 973 577 704 368 440 603 11 765 975 214 251 679 727 114 372 540 84 
471 455 885 438 425 802 755 988 96 382 439 1 165 983 707 913 564 694 139 538 284 182 387 443 423 415 928 549 490 134 182 235 724 626 821 291 110 988 418 42 102 30 438 345 332 64 569 466 89 530 284 336 642 837 682 89 1 768 692 397 805 740 622 348 55 38 302 609 948 23 542 159 305 638 813 271 114 528 770 304 328 893 347 11 14 194 481 467 738 549 700 303 836 869 166 429 448 765 352 782 963 556 782 612 687 454 924 35 519 640 517 306 841 782 64 401 343 173 425 872 116 15 944 355 662 369 531 999 343 198 725 259 947 474 835 183 458 511 395 93 467 831 971 98 717 678 970 867 573 324 873 807 837 973 911 769 435 489 248 18 405 746 971 152 301 762 885 401 817 624 113 421 111 166 868 510 658 148 98 433 792 370 995 522 527 15 122 353 379 413 27 958 217 601 370 93 264 643 156 466 348 930 927 659 746 180 360 120 362 776 511 715 88 196 141 239 497 286 593 507 558 724 229 499 283 737 468 914 76 669 591 858 91 812 20 503 668 506 478 246 980 235 235 385 694 93 775 392 52 945 67 526 573 406 789 297 867 452 71 967 889 865 943 264 543 742 769 8 549 247 367 114 49 140 91 547 840 50 242 691 646 473 89 996 863 380 61 752 617 58 484 500 87 655 380 582 654 673 814 360 365 907 586 762 631 500 634 593 136 693 766 753 425 365 467 395 707 965 811 703 174 650 42 585 663 629 949 451 66 877 363 565 397 855 809 903 408 803 446 507 725 46 219 706 524 902 969 797 156 417 615 504 328 877 810 189 215 782 579 255 338 944 815 993 531 698 818 993 50 319 608 704 823 836 353 655 231 683 394 864 863 393 235 714 97 938 116 570 113 271 846 817 22 949 603 138 425 677 813 696 919 874 464 354 719 423 31 678 290 556 575 622 557 949 77 868 184 281 88 879 796 194 669 939 823 281 423 786 342 663 644 188 63 612 853 55 308 104 533 600 902 690 303 453 503 308 357 16 750 675 45 859 312 47 922 699 899 119 466 383 619 1 733 85 984 924 880 465 253 806 485 685 722 37 939 566 108 398 13 876 873 439 340 616 246 957 514 851 636 188 421 202 126 898 688 747 876 754 913 598 
828 930 925 708 557 564 35 298 12 12 555 913 859 142 124 76 20 524 80 889 569 234 544 107 345 267 231 278 617 599 816 832 841 971 774 887 209 559 943 807 231 877 911 104 930 903 742 297 364 213 826 54 226 321 747 858 59 651 192 222 545 203 484 133 938 898 63 181 398 94 510 150 318 890 355 863 769 930 338 693 77 423 377 27 287 992 813 503 124 530 588 867 683 164 542 830 609 542 474 294 298 259 849 207 431 578 573 583 509 144 552 969 799 491 700 998 657 415 951 986 700 785 778 244 280 565 877 844 108 439 796 137 7 459 568 682 36 942 134 400 207 553 287 29 475 384 949 368 158 471 400 843 555 463 3 827 966 35 642 453 69 526 8 600 611 352 306 175 900 613 485 658 912 179 176 297 119 471 618 745 840 895 665 202 762 781 151 598 135 528 253 298 659 138 660 313 352 450 664 645 631 855 187 213 286 137 419 325 821 591 851 785 670 135 514 319 928 122 758 983 330 244 390 611 887 780 953 350 926 207 810 342 910 405 216 593 291 480 408 25 740 680 905 512 841 497 211 506 269 503 703 916 319 702 460 216 295 659 503 293 251 474 871 177 951 862 660 606 735 659 334 669 108 915 220 534 463 530 283 970 841 179 283 542 790 206 136 529 805 848 269 936 168 809 240 885 348 299 718 500 184 599 117 121 229 800 812 362 338 108 755 745 700 966 673 750 887 309 889 862 336 354 92 813 438 92 877 564 460 651 543 267 127 782 247 301 944 77 112 22 257 886 682 221 279 689 163 866 211 418 153 350 720 353 996 669 580 755 398 900 255 23 95 106 277 472 866 561 467 589 433 745 396 769 850 152 80 267 918 731 49 422 390 723 253 654 812 224 498 479 754 943 237 454 749 731 729 716 991 540 320 413 199 506 923 517 305 648 913 93 525 393 377 64 792 68 144 769 325 710 88 32 626 331 287 384 530 61 339 882 293 544 790 495 482 723 926 368 128 111 889 654 678 644 627 33 121 832 367 376 663 31 631 429 725 66 284 190 806 223 115 355 781 396 310 179 233 90 950 116 894 371 961 679 187 484 919 408 559 57 740 22 601 603 934 238 724 506 483 879 360 91 290 302 423 815 614 512 52 513 
993 641 908 85 151 991 809 889 62 981 626 141 382 952 29 50 188 348 95 604 678 628 89 511 14 444 219 418 208 942 653 334 977 534 42 501 789 886 347 579 87 865 572 78 253 585 480 508 43 126 806 136 501 548 305 308 665 284 664 574 202 86 626 411 278 243 127 691 810 525 551 482 178 955 139 218 618 734 141 785 603 29 320 542 886 152 895 50 306 110 519 849 318 959 212 342 726 697 492 160 686 4 285 269 511 700 336 506 811 849 306 968 426 296 134 550 611 887 932 978 154 763 40 100 275 746 299 400 842 680 33 929 961 354 527 590 414 331 666 246 778 618 920 587 994 416 472 552 755 66 600 378 183 99 514 544 402 798 118 369 67 454 606 921 251 471 435 300 207 97 202 103 230 591 271 913 242 732 589 228 470 704 963 211 523 293 958 523 97 404 550 777 600 606 330 647 245 724 978 230 363 797 440 795 951 723 830 425 793 300 6 386 748 985 964 181 756 769 420 206 66 715 354 824 257 501 358 211 238 344 843 726 809 551 676 707 101 667 182 117 498 33 971 962 117 726 964 504 924 808 443 889 852 587 708 990 614 525 801 845 526 499 760 802 929 728 237 47 841 714 22 419 122 322 995 947 714 446 666 532 754 401 836 692 303 45 130 195 168 150 340 836 13 294 175 523 563 480 644 383 474 85 232 740 123 184 623 463 977 530 424 200 431 628 903 862 339 977 20 871 333 327 615 602 443 697 112 90 704 814 985 338 536 406 498 769 411 578 895 989 884 833 699 118 289 586 212 473 721 509 196 889 751 864 298 454 97 379 12 517 102 682 843 202 707 237 228 864 356 553 579 828 787 76 374 101 426 923 362 724 976 100 584 867 285 282 324 455 93 644 659 493 663 892 531 86 971 769 640 362 245 940 10 413 340 682 207 708 89 838 146 407 543 443 224 396 415 956 590 102 857 269 253 450 210 38 393 694 848 130 132 111 359 355 485 769 504 707 71 13 214 779 459 137 329 868 342 43 150 279 328 484 652 125 873 28 327 725 268 857 467 849 449 399 360 967 563 510 544 376 486 527 729 283 622 196 379 871 272 122 648 658 193 743 47 21 712 379 751 347 29 233 259 621 750 794 674 960 69 845 
867 617 83 737 483 365 987 382 278 579 927 615 759 822 410 920 680 700 378 863 672 848 276 836 496 847 540 768 340 836 859 879 113 220 143 108 474 666 938 929 219 592 706 787 786 514 467 647 33 74 823 280 972 491 640 811 986 254 507 73 926 118 749 770 298 148 362 849 464 1 354 123 161 375 50 879 257 798 276 149 121 920 646 246 754 20 482 127 145 579 451 668 384 107 354 575 743 62 244 374 900 346 612 613 672 863 351 337 620 755 620 240 568 718 863 512 42 268 962 574 158 885 515 491 890 661 787 638 838 260 476 612 382 622 584 640 624 321 809 50 244 249 708 633 534 346 68 344 780 314 968 609 584 476 28 453 77 420 888 967 49 206 395 163 735 837 173 802 729 252 343 722 720 926 779 95 19 623 267 749 673 558 883 512 287 289 661 209 728 575 296 626 143 299 912 139 237 782 316 828 236 561 682 961 96 525 106 756 96 762 117 942 575 953 124 156 667 891 272 625 619 334 148 574 728 803 124 628 90 33 141 502 999 783 969 119 108 259 689 103 908 613 849 349 32 931 138 3 268 323 58 539 214 226 76 597 485 455 471 694 717 183 343 736 412 390 998 292 180 666 792 984 902 496 649 672 579 779 798 413 99 488 102 769 129 26 207 302 628 855 577 609 694 143 579 34 706 255 903 16 656 66 174 838 601 362 42 288 369 265 80 572 846 763 130 873 741 831 470 729 519 305 641 621 590 609 305 260 186 954 236 107 873 562 396 699 362 331 671 318 848 246 920 487 199 851 751 620 808 288 521 669 749 512 48 258 891 62 472 870 226 925 431 821 86 42 746 958 851 924 358 392 82 593 749 294 453 464 685 522 316 526 280 116 518 345 989 183 543 766 761 447 508 315 30 621 7 715 239 366 802 597 40 47 589 963 32 25 441 179 836 532 472 528 162 580 634 310 146 878 409 536 884 633 783 129 457 21 268 36 228 36 25 204 765 99 883 331 729 231 65 972 683 880 869 527 616 702 674 383 237 493 345 204 817 963 643 617 554 667 493 14 489 369 399 540 996 108 628 154 63 362 607 521 122 239 857 306 817 19 52 635 166 926 359 923 31 28 984 355 503 257 459 976 365 963 877 26 542 306 
128496 123579 125492 129134 129472 124789 125225 122064 123388 122971 124983 124090 123878 123875 123969 123841 124406 121747 123193 125331 130881 129143 126992 122823 123687 122287 127068 124013 122683 122918 
556 111 163 457 614 182 896 226 575 580 739 666 841 714 141 765 208 184 332 55 171 378 275 731 15 807 974 938 59 627 629 788 573 38 533 205 523 887 103 985 511 688 731 939 713 43 303 577 768 199 644 631 987 415 860 915 719 663 471 911 373 412 273 643 755 146 90 67 405 591 505 532 539 394 462 641 554 585 956 585 130 660 237 62 699 360 716 113 636 838 34 907 361 629 405 174 187 483 868 934 207 137 719 437 559 712 941 847 279 990 44 858 165 362 684 784 290 649 932 391 145 57 296 870 657 789 129 239 470 9 308 508 598 270 958 368 251 986 397 479 832 915 317 792 275 937 156 238 828 569 133 993 269 36 569 639 889 35 549 382 362 459 684 996 606 556 875 586 674 383 39 283 503 598 38 719 706 728 684 144 799 923 398 692 537 830 100 377 412 505 75 209 476 698 369 348 816 508 725 627 379 593 788 283 221 162 252 291 197 176 77 611 661 238 387 754 932 260 629 234 409 336 693 668 669 102 646 39 313 733 957 412 514 794 727 690 805 552 357 605 23 776 147 138 956 332 450 535 906 401 164 764 574 502 407 787 949 201 808 894 572 181 963 347 164 917 716 682 19 234 115 283 932 688 205 455 626 777 845 53 840 494 816 581 933 498 291 141 672 439 527 945 469 461 489 837 468 453 75 123 306 686 611 454 553 853 239 44 870 276 173 572 762 370 214 843 432 950 270 970 509 755 111 431 858 749 169 39 599 5 40 793 958 329 533 223 269 351 969 787 1 442 634 509 706 601 64 655 941 893 566 980 250 961 126 840 876 148 759 314 482 93 162 74 795 382 873 27 193 768 161 871 847 27 992 601 465 153 838 725 619 847 221 647 26 235 327 781 650 589 217 446 1 282 734 234 923 29 249 783 739 842 321 631 545 614 399 883 360 686 259 810 195 767 459 737 403 375 494 309 615 605 420 770 695 137 911 171 917 520 668 455 150 212 18 931 625 258 319 357 671 545 466 523 416 121 959 105 849 917 618 289 576 209 951 533 721 898 982 426 814 71 692 668 489 804 533 698 477 389 426 955 660 368 145 364 495 5 322 543 635 18 373 820 273 687 60 196 25 346 90 784 777 334 943 460 698 887 950 42 
413 63 111 312 888 650 111 279 890 995 81 989 623 449 486 398 153 598 253 842 189 540 608 638 60 75 687 476 350 409 463 989 959 968 650 603 879 960 21 729 92 56 63 109 914 888 679 413 568 871 28 57 216 795 356 536 91 21 994 334 300 470 326 837 292 783 641 505 292 123 605 72 21 463 393 428 911 729 612 731 247 960 793 938 192 78 145 655 286 748 479 605 614 551 357 598 605 793 939 742 873 291 266 765 355 806 288 233 512 260 60 280 543 275 390 221 127 208 367 977 288 29 544 20 954 655 521 183 776 254 453 550 159 884 25 414 315 887 755 671 514 385 934 34 998 401 790 651 607 229 255 136 411 5 396 842 488 726 34 932 258 966 988 505 57 580 193 426 6 528 557 713 408 837 89 780 822 46 440 22 481 925 892 199 481 134 544 854 947 536 713 357 527 207 70 272 340 866 426 313 871 772 266 10 974 524 854 55 12 724 471 473 914 619 905 325 894 840 772 376 370 712 13 365 803 829 278 394 621 263 743 83 238 932 470 896 491 803 32 843 946 985 498 337 286 699 963 508 686 243 489 409 20 719 16 530 184 500 509 295 275 565 447 627 154 448 215 249 133 13 910 28 679 74 534 903 314 142 218 116 55 424 156 59 999 94 647 856 90 625 904 52 76 668 154 813 492 598 61 997 328 659 682 887 813 964 238 806 169 97 370 751 876 854 418 356 375 980 121 734 128 755 410 609 439 764 863 615 961 841 102 874 447 772 548 965 654 581 408 902 649 954 390 901 562 417 668 634 129 739 497 341 275 121 301 741 783 482 820 322 803 167 790 718 253 273 493 444 810 771 947 627 527 966 317 16 677 466 146 856 369 653 115 74 130 140 345 995 750 641 565 404 978 218 875 87 14 924 59 59 307 557 111 721 303 519 420 723 952 950 967 785 518 849 571 22 777 587 170 240 333 32 166 973 263 830 381 457 194 750 908 978 467 1 339 531 620 969 312 685 857 344 104 712 353 224 939 4 187 327 860 88 27 128 965 593 402 57 461 567 900 968 444 955 884 262 238 296 292 558 887 856 582 306 127 462 364 682 425 449 151 897 670 335 856 116 533 11 106 291 164 575 688 256 982 153 317 864 497 280 
907 75 488 485 227 292 519 362 618 499 876 360 6 906 220 897 566 96 10 504 93 274 568 413 863 185 783 325 881 866 138 608 690 431 432 930 851 174 457 650 104 927 944 454 338 381 70 484 172 922 752 869 816 976 177 759 105 849 904 958 631 251 651 113 101 653 645 57 272 945 692 5 814 665 757 193 266 984 363 38 52 565 327 974 581 88 778 804 244 961 253 299 684 676 11 715 381 847 271 7 807 447 406 465 125 414 981 474 296 383 178 570 241 621 963 363 45 6 17 957 563 92 329 16 127 991 140 706 172 445 426 980 646 90 804 620 834 585 920 362 687 605 202 272 200 732 514 172 614 209 785 167 413 523 112 436 101 902 999 663 288 890 768 60 566 460 749 393 470 541 363 109 189 771 527 725 872 90 695 822 745 423 183 610 39 382 529 662 705 413 872 343 822 187 776 804 521 894 698 82 240 661 62 110 84 337 841 252 134 259 646 999 656 320 859 293 597 875 753 437 42 279 166 306 565 282 994 625 77 483 781 554 990 222 190 182 639 995 666 739 450 630 106 230 161 120 999 838 966 878 112 889 582 861 151 713 235 806 844 700 810 979 60 792 130 415 893 303 793 323 956 111 506 1000 973 985 762 147 128 394 839 582 437 144 718 755 275 537 450 94 212 952 485 935 775 395 436 351 657 372 221 757 685 205 339 4 509 264 894 680 962 788 386 152 129 404 925 309 585 618 921 636 24 921 535 646 374 330 779 434 206 572 312 70 686 889 737 124 839 168 400 373 267 539 366 750 15 529 344 649 871 194 875 728 81 821 39 39 94 983 770 718 187 611 589 500 353 461 950 41 386 984 189 811 497 504 342 181 441 446 781 936 260 901 868 71 116 934 225 99 877 587 437 446 662 515 927 58 613 42 983 248 832 959 157 324 8 742 553 792 332 609 770 238 806 883 642 127 411 870 130 670 209 417 631 394 935 964 228 787 705 893 213 116 728 909 50 328 437 792 609 385 771 776 667 628 565 708 102 375 890 76 763 970 268 688 1 174 578 907 152 432 930 759 182 779 509 518 597 141 725 725 942 862 731 573 939 75 302 72 248 557 712 995 154 602 396 650 88 334 195 902 226 758 682 476 94 269 258 236 
547 859 25 285 674 829 878 49 145 915 532 824 153 820 370 13 462 582 25 209 768 292 915 754 48 519 295 751 579 468 576 90 523 313 525 286 564 738 961 167 445 339 634 564 95 694 100 967 679 594 467 935 880 366 71 580 354 173 340 176 446 871 20 694 305 25 487 229 895 138 249 752 216 316 149 449 558 144 960 51 614 750 526 499 957 614 700 760 525 118 15 3 307 338 896 833 618 214 665 663 383 306 44 685 403 150 504 312 438 871 600 610 681 468 544 120 896 977 882 408 647 762 852 118 519 926 515 561 308 873 725 196 577 456 36 642 238 837 601 524 26 252 505 418 529 209 598 640 738 170 25 342 270 784 527 190 406 11 737 351 815 682 746 473 508 548 441 531 316 296 745 949 76 702 155 825 74 174 381 295 278 490 412 90 909 159 593 945 855 847 918 453 21 928 22 882 562 813 229 517 559 80 18 517 548 708 5 291 183 180 285 717 237 67 145 408 916 866 236 188 979 950 284 407 389 658 222 613 807 217 1 356 997 199 237 294 632 815 76 86 943 160 182 952 832 554 438 564 51 98 780 542 723 323 16 933 888 646 545 948 404 765 404 116 636 666 837 344 180 320 619 225 197 517 776 857 840 471 910 63 864 407 946 492 336 188 880 724 927 773 86 118 244 438 103 907 164 483 676 184 66 459 385 387 62 181 369 279 667 109 378 119 82 483 668 432 364 166 473 311 989 500 417 725 484 957 818 551 817 171 229 2 315 503 798 524 801 428 104 705 501 883 336 278 820 666 940 339 162 895 917 353 35 36 632 90 0 88 704 633 551 272 853 75 762 197 147 349 487 919 433 799 27 508 644 110 895 905 114 592 544 824 131 268 638 481 282 661 826 93 170 24 755 730 130 378 329 520 79 710 98 628 432 53 3 298 134 136 915 986 568 127 701 74 177 822 357 65 603 922 140 413 525 416 888 798 99 354 258 706 312 868 712 194 325 549 232 837 731 813 265 391 355 466 359 375 963 190 896 461 42 504 140 180 297 92 544 904 888 58 664 15 522 776 25 302 265 777 734 72 657 468 37 728 580 648 903 511 656 824 140 101 520 817 531 35 540 492 166 728 144 6 999 579 96 224 61 272 268 407 
599 599 359 58 318 462 464 323 702 675 29 314 451 178 580 508 87 7 984 971 122 108 64 705 387 756 505 91 667 85 218 253 966 979 569 676 923 570 38 903 54 414 875 651 938 914 761 92 205 702 707 387 183 14 306 279 316 537 600 2 430 624 235 929 933 612 285 735 499 544 631 433 413 805 514 723 788 490 870 342 900 797 82 532 229 706 182 927 765 34 625 814 780 203 967 46 519 457 354 432 65 71 391 691 338 360 291 42 368 390 730 375 613 870 800 776 942 579 885 830 410 183 603 842 331 937 572 279 821 941 438 149 321 306 590 362 393 868 541 578 698 377 478 138 646 41 18 448 673 81 277 198 418 115 875 832 174 966 889 952 27 941 712 896 351 655 399 508 629 527 24 658 590 511 176 329 707 798 226 601 590 951 404 21 318 851 709 68 927 207 286 662 891 810 260 618 328 375 173 153 980 965 944 887 42 84 552 853 892 793 786 725 844 937 565 1 588 500 659 121 252 665 478 146 578 514 113 683 512 382 384 448 101 875 966 781 269 652 625 236 605 96 402 653 66 259 770 18 39 549 840 211 862 868 299 88 287 288 346 917 763 351 817 421 486 432 961 795 785 143 855 791 692 315 690 259 309 371 432 380 844 525 659 327 643 590 617 395 609 120 208 908 995 79 259 98 414 922 916 655 620 664 857 0 692 463 463 916 747 167 600 989 115 913 391 330 408 999 997 608 883 54 467 69 370 173 584 369 966 351 868 2 838 799 323 273 406 484 349 211 983 718 658 492 742 851 654 630 608 411 950 668 788 389 490 548 738 129 894 599 398 295 920 708 526 972 739 446 548 960 999 725 249 492 923 557 237 770 100 581 590 922 897 430 467 783 681 479 734 154 235 500 951 300 953 210 952 886 451 858 247 158 618 748 144 472 399 459 919 110 71 177 745 383 992 335 335 490 856 406 532 307 675 713 657 811 577 393 774 403 389 952 459 209 190 995 516 470 215 459 542 555 533 880 707 848 976 557 846 839 78 719 170 178 630 786 599 704 925 161 736 142 350 312 880 792 787 266 191 692 312 997 399 989 326 389 471 917 355 22 973 709 220 380 469 876 490 16 411 824 434 686 383 704 891 907 828 947 638 253 
125 16 938 816 161 934 350 356 987 920 622 546 795 645 544 128 223 738 588 434 219 354 83 474 344 494 735 983 890 59 35 62 895 231 231 748 458 85 826 550 968 715 469 280 493 179 433 210 209 530 96 212 427 811 117 348 797 693 901 41 191 874 466 461 359 165 458 114 999 89 465 169 515 396 820 882 207 862 658 803 986 384 569 80 57 142 194 663 341 617 203 468 282 691 391 355 911 597 987 942 956 389 105 913 176 247 280 207 870 414 944 903 107 641 632 781 887 81 290 589 901 836 697 106 642 554 129 973 928 213 869 94 331 77 992 304 981 29 309 100 83 738 982 458 432 530 469 320 169 447 420 828 217 926 325 893 816 270 518 226 240 63 661 478 358 806 385 39 654 434 934 297 783 594 60 310 26 534 416 919 9 347 232 328 702 77 483 809 254 623 245 942 274 717 978 902 631 650 222 629 677 372 412 330 382 817 23 142 744 373 292 124 253 178 258 324 344 918 861 106 454 97 122 269 822 539 191 797 242 786 819 703 431 110 990 495 554 639 977 779 416 527 235 829 181 74 602 222 435 901 963 162 191 105 168 618 955 591 788 588 588 17 328 797 466 217 40 65 904 400 633 209 432 927 155 253 581 787 254 57 837 475 75 705 325 312 539 162 448 70 199 734 871 941 765 94 446 520 628 935 921 369 976 593 482 932 548 410 724 523 472 660 604 247 995 392 560 133 47 13 121 376 618 985 246 313 293 156 619 266 645 617 744 830 678 897 545 789 382 487 113 968 507 58 105 646 71 872 270 191 865 531 679 233 118 602 983 126 824 85 323 126 479 312 958 956 366 405 529 440 135 778 36 760 318 183 654 698 738 269 27 375 644 513 764 204 398 102 304 409 410 19 977 142 951 834 848 579 639 200 914 916 564 409 318 658 404 183 833 810 798 115 480 446 542 701 770 942 296 549 740 530 320 846 394 492 39 3 263 175 79 771 99 46 215 30 603 788 623 885 397 723 3 695 702 11 733 41 69 522 696 664 121 750 47 80 966 172 825 68 834 508 525 522 359 796 205 742 232 115 940 917 482 344 977 948 584 909 793 974 217 410 211 919 629 332 527 728 426 118 158 608 818 666 818 165 179 711 256 971 
794 962 559 323 634 265 707 775 776 248 253 781 833 654 881 335 945 892 683 417 55 945 624 67 667 371 556 676 355 260 272 463 24 361 26 708 862 355 100 314 862 237 777 757 236 190 602 665 11 565 899 109 798 568 897 399 686 325 783 527 629 918 230 711 314 268 97 52 524 494 558 927 776 52 755 266 297 252 276 527 142 748 321 871 720 341 28 559 825 307 711 842 839 878 516 204 873 42 663 780 805 237 953 547 201 235 401 1 217 825 556 779 540 423 858 342 132 956 691 144 531 605 967 40 317 513 314 660 963 619 706 270 824 373 710 740 318 584 551 478 185 766 946 706 522 275 291 641 752 36 455 151 792 648 286 436 858 266 889 155 767 557 67 54 922 484 219 712 657 614 151 430 700 745 876 354 583 342 389 618 996 612 655 695 498 602 700 71 303 179 414 769 244 905 368 162 394 907 23 844 36 890 88 190 167 130 526 826 967 666 762 632 886 866 424 326 64 716 684 451 770 762 429 453 166 175 499 879 64 286 373 304 910 704 420 184 943 197 33 953 2 269 389 280 497 732 540 696 821 270 137 388 661 785 319 219 416 147 698 216 407 626 670 163 880 751 536 21 831 789 117 702 522 226 471 530 476 737 734 414 564 21 895 142 207 33 170 867 724 921 125 730 273 381 103 297 642 370 397 321 249 309 915 423 740 242 888 678 134 550 951 710 289 389 405 562 443 289 164 539 259 10 945 761 236 76 274 695 151 578 473 687 287 211 607 408 545 576 2 380 45 480 459 801 458 41 992 130 979 704 211 614 571 553 393 242 454 223 812 341 993 161 52 685 930 85 928 173 637 368 569 289 750 44 159 853 30 817 973 119 423 807 728 617 278 437 424 749 513 87 964 408 738 243 909 27 804 598 796 900 358 592 284 19 795 919 776 43 497 574 0 602 348 20 709 138 325 275 632 682 944 319 761 625 708 484 321 123 483 595 720 930 559 81 116 590 772 284 431 952 339 931 199 588 574 744 906 885 125 452 233 120 454 170 217 327 183 984 746 10 998 142 840 35 718 826 98 728 352 807 160 279 549 336 981 481 943 261 365 157 956 844 591 939 231 568 135 502 381 336 335 381 274 876 205 119 279 230 669 573 
447 682 649 672 673 522 987 818 781 695 260 630 331 346 255 727 738 691 49 494 877 448 306 563 992 981 895 205 267 893 271 313 495 375 758 148 749 841 627 8 258 799 127 863 869 558 777 34 795 983 508 683 314 442 31 805 378 692 991 482 56 302 81 938 929 674 764 806 929 919 421 537 463 382 625 845 537 686 522 28 568 350 810 128 792 575 687 742 812 346 702 96 291 482 279 911 412 934 301 791 488 538 473 597 742 913 2 889 741 157 544 12 503 149 202 730 133 765 980 402 115 987 585 13 386 797 329 539 406 509 69 546 387 798 960 394 854 564 914 36 93 252 732 949 305 732 624 684 412 497 900 43 145 395 807 799 711 824 334 631 189 779 51 10 474 729 58 213 184 99 901 744 593 611 965 53 308 143 319 909 694 104 412 174 560 955 748 754 535 590 822 888 562 173 632 28 296 969 593 153 71 770 879 115 667 314 74 513 102 495 193 849 13 982 541 531 487 293 339 313 740 756 397 626 625 889 782 878 615 321 203 135 373 439 809 929 381 911 354 88 968 504 932 103 581 534 224 854 453 332 862 116 670 644 254 134 720 908 852 422 651 961 999 516 716 664 501 403 7 922 760 439 628 989 324 156 387 257 620 678 991 407 962 896 48 561 178 80 241 820 869 48 62 118 569 612 699 581 374 69 662 568 422 102 460 502 437 719 581 764 800 74 857 871 32 30 583 322 555 35 785 849 401 506 997 373 462 313 854 48 705 25 916 740 247 953 827 137 674 353 427 655 579 897 383 790 407 862 392 482 363 937 493 269 812 610 761 635 901 9 173 203 444 799 411 436 642 117 402 691 741 42 323 432 28 483 386 884 961 604 466 307 733 598 477 933 442 675 107 948 684 986 190 863 156 894 104 745 539 489 343 247 871 981 501 374 195 825 94 530 790 482 754 778 999 933 552 155 35 298 650 777 347 497 796 326 26 126 373 576 618 253 928 219 550 496 622 459 600 574 608 235 219 847 363 636 739 719 557 265 364 206 992 490 578 816 269 722 417 846 43 553 187 957 773 480 530 806 170 466 952 578 973 421 875 616 800 517 813 213 261 285 509 735 822 699 556 29 210 217 762 648 125 292 723 889 256 782 950 475 
399 960 197 422 379 154 160 368 319 905 334 253 725 111 449 689 630 728 187 957 220 308 34 444 378 209 655 14 339 128 285 582 883 63 445 908 975 291 190 522 81 314 344 790 482 798 73 604 112 42 114 692 707 137 683 926 957 474 735 360 230 406 189 980 285 284 617 492 862 236 914 607 873 707 189 359 862 173 647 469 464 240 377 229 39 14 771 443 782 559 47 17 421 280 768 898 63 141 927 495 344 81 72 347 183 761 439 706 505 562 588 303 392 541 787 157 723 116 809 416 309 786 970 458 22 245 91 156 94 980 530 423 456 583 178 126 810 934 202 226 431 891 980 532 216 791 560 10 475 627 329 487 521 32 960 706 897 712 160 45 741 422 719 485 551 726 336 588 672 822 991 711 974 66 886 92 963 613 322 575 486 510 494 373 793 31 293 43 341 663 247 1000 700 786 370 111 134 599 887 353 493 9 660 794 778 826 61 940 254 456 496 537 529 154 689 944 657 734 857 296 33 573 450 832 343 631 264 704 395 834 768 213 913 183 256 170 935 716 172 904 458 862 273 771 983 583 696 259 976 341 444 279 256 519 932 19 328 877 207 42 444 591 168 868 100 824 360 708 79 51 810 254 440 655 3 563 9 259 863 782 96 553 263 243 140 773 24 729 986 29 868 383 114 288 724 133 261 42 208 152 313 977 363 83 97 951 238 544 38 620 976 414 923 727 467 108 721 999 704 635 399 760 929 867 860 623 43 683 880 648 476 392 955 229 852 510 828 989 969 274 981 159 116 212 147 367 260 63 213 522 287 489 208 411 449 773 571 666 652 130 292 987 592 855 299 57 976 692 75 16 707 552 231 826 929 687 301 946 438 179 668 205 407 865 526 360 999 217 575 230 361 246 539 528 348 230 836 491 702 556 241 511 288 714 657 492 633 642 32 762 922 19 243 948 896 356 805 140 285 906 629 441 360 717 102 861 363 798 339 668 684 404 137 200 311 500 168 184 668 991 188 837 459 553 218 799 929 636 344 667 188 602 236 724 803 577 641 692 816 265 414 114 794 4 178 264 963 933 665 445 742 9 717 241 849 936 541 497 445 564 657 550 290 355 133 426 49 468 696 15 315 535 891 443 817 629 619 999 546 122 
63 374 675 523 593 502 105 14 454 787 81 180 434 354 97 988 107 605 519 419 664 305 554 986 925 82 458 76 546 764 38 762 269 357 778 881 169 13 124 746 182 447 750 249 95 381 832 394 10 646 107 235 326 636 558 329 753 616 298 288 490 209 713 884 955 798 54 722 353 612 485 697 291 723 257 632 215 902 122 32 719 938 741 420 615 339 254 245 324 766 555 740 680 526 447 149 684 399 478 543 189 299 397 669 197 679 449 0 836 906 953 908 835 848 421 891 181 841 709 162 655 457 668 451 532 508 684 783 284 370 784 953 968 419 942 941 289 208 410 175 974 927 473 450 323 619 150 822 841 449 285 59 704 994 842 554 695 159 361 346 364 995 949 211 938 110 195 19 291 927 873 914 9 818 241 812 918 582 318 43 84 73 419 585 214 200 87 438 197 424 209 226 72 677 904 809 299 905 82 327 272 474 492 111 86 772 534 879 760 969 740 259 470 383 746 773 78 420 546 879 346 749 165 61 174 121 18 457 486 393 478 772 14 675 889 625 355 859 629 229 744 276 910 442 216 545 18 645 160 196 799 721 957 239 586 43 374 784 929 803 278 39 475 533 201 263 479 180 387 460 826 613 737 664 799 164 91 100 196 999 374 150 61 928 54 261 48 97 957 900 912 624 945 11 382 559 650 585 858 141 694 928 590 301 903 729 672 571 435 661 500 894 932 255 295 103 943 247 687 716 134 983 34 445 910 42 71 226 512 650 645 160 890 157 706 50 81 724 283 468 392 644 882 296 546 208 28 98 168 296 169 252 452 577 321 448 684 867 33 101 858 439 912 831 657 151 709 488 774 643 217 680 43 587 716 34 782 187 353 894 356 536 938 769 384 243 700 173 124 404 206 606 516 408 150 19 710 756 781 604 929 810 458 284 415 523 356 719 657 464 634 220 946 66 126 539 290 202 218 145 493 103 24 472 919 2 507 104 91 27 801 972 210 812 651 78 664 438 372 402 599 833 370 99 177 256 609 32 175 301 163 47 421 940 631 258 674 753 633 152 249 893 338 769 702 913 488 228 860 7 978 704 281 136 594 946 425 885 674 304 462 137 733 760 319 594 934 883 740 552 8 316 956 794 218 755 357 351 592 538 
736 704 315 357 60 129 178 404 340 425 473 630 2 855 847 10 981 124 634 396 310 600 601 166 230 420 991 792 991 328 510 73 783 700 681 855 311 130 110 69 331 307 797 813 335 335 288 626 693 304 258 924 221 19 357 242 793 152 614 868 665 254 281 781 271 670 63 555 178 723 178 72 892 778 0 470 141 345 560 222 236 637 406 512 714 433 413 490 210 699 953 776 537 713 479 928 692 329 967 412 472 798 608 58 309 907 637 80 611 106 530 339 37 35 71 479 311 296 10 298 979 51 616 337 514 961 229 863 842 847 220 462 646 377 57 549 72 749 630 712 799 496 788 828 409 304 170 478 741 563 251 868 945 830 161 667 588 806 208 334 406 653 98 598 556 538 602 566 492 267 269 282 403 834 488 534 13 692 981 728 92 680 51 100 735 505 131 160 231 911 762 319 416 812 59 575 433 125 752 102 362 329 587 449 27 535 919 643 85 975 244 896 322 905 382 157 272 420 298 294 213 869 603 588 547 60 438 506 74 101 946 377 897 48 895 619 973 731 622 23 133 341 624 843 183 446 526 980 96 321 985 937 853 657 150 298 755 27 867 166 452 462 619 989 100 241 469 695 36 533 670 134 297 47 405 490 794 660 720 352 474 715 823 418 338 438 866 440 978 748 993 917 544 686 913 968 637 735 930 237 477 837 928 898 838 439 813 925 403 836 672 385 982 540 926 887 104 946 639 804 662 667 914 664 272 325 673 105 876 644 648 808 362 567 884 300 567 733 513 300 751 734 151 139 446 893 578 420 687 219 629 381 864 963 28 583 319 791 268 635 807 939 731 385 859 919 706 160 529 776 918 968 187 121 30 479 265 681 606 764 973 460 105 471 986 704 765 966 18 889 905 255 306 564 198 198 133 259 898 534 445 311 61 314 812 16 63 437 609 585 286 889 838 954 732 791 48 435 796 686 838 818 391 368 661 342 610 733 702 702 75 342 762 20 817 135 608 449 979 830 848 66 953 664 252 202 700 763 193 97 582 994 870 791 154 31 555 749 592 897 9 900 581 459 977 915 646 296 537 547 10 578 716 955 748 122 29 69 863 702 596 241 757 263 884 830 577 522 58 306 866 626 613 65 888 391 809 719 97 772 
494 799 889 153 424 711 774 191 484 718 879 678 986 458 726 624 272 392 691 414 41 227 125 256 673 495 438 101 733 956 265 616 842 551 952 222 770 485 581 143 355 862 27 303 633 903 125 79 96 597 91 832 113 103 671 560 549 893 111 422 995 198 794 922 616 814 555 64 465 713 554 664 676 71 896 793 609 483 543 575 839 667 557 348 370 519 770 72 873 7 231 670 84 145 358 569 331 706 388 10 23 366 885 432 812 28 699 768 667 667 203 422 698 406 254 185 398 21 707 109 462 282 946 974 783 384 989 301 649 974 752 890 385 654 73 76 519 763 649 547 975 818 37 356 297 940 985 1 31 321 735 33 942 619 937 346 396 70 580 969 271 745 174 741 793 170 499 948 132 559 970 486 689 343 523 462 0 598 774 971 381 861 352 349 23 252 697 878 537 986 969 488 602 439 910 428 925 210 496 74 731 951 1000 205 632 3 392 175 270 793 851 991 718 64 580 37 239 412 314 845 196 90 600 781 49 356 263 195 720 256 398 515 267 908 554 340 981 997 953 206 497 898 512 442 769 582 224 91 79 133 158 794 832 685 39 196 708 968 439 278 149 124 665 152 771 59 175 565 294 403 323 237 207 142 795 824 703 539 602 883 877 399 10 498 106 799 275 418 370 778 13 121 977 780 591 467 447 9 800 9 868 502 243 445 967 290 29 88 402 932 176 68 137 988 148 365 754 57 933 518 428 43 682 667 351 979 169 54 840 231 27 904 979 684 670 339 511 185 245 399 333 244 675 46 494 375 20 308 229 823 688 950 148 746 360 45 457 496 705 945 509 327 627 773 430 492 513 176 720 393 998 882 208 870 938 376 781 527 411 579 388 328 947 342 266 587 601 460 557 609 869 928 113 356 730 351 620 494 58 985 618 881 902 744 657 408 834 230 628 811 470 807 443 295 253 963 850 752 887 55 156 518 972 998 876 622 339 346 558 622 931 977 296 547 990 213 347 985 564 581 107 844 371 250 653 520 160 630 241 498 433 461 243 823 710 189 860 731 681 758 389 484 377 221 664 772 173 413 181 597 631 529 233 739 7 163 214 237 96 645 291 384 323 128 932 356 102 150 403 901 699 47 961 796 900 708 680 552 749 792 
158 936 475 254 888 717 937 998 944 231 938 46 24 104 122 782 733 589 976 635 470 418 160 458 885 117 820 82 842 461 492 240 255 815 844 90 868 669 171 719 906 578 105 791 113 30 237 114 514 198 488 294 264 216 704 986 235 767 365 483 504 764 488 479 653 518 761 30 571 907 787 778 611 921 806 599 540 332 956 400 827 518 797 837 7 341 961 945 766 162 165 392 793 569 941 486 526 668 927 584 774 71 820 684 196 410 27 482 943 111 889 664 999 841 63 121 229 708 877 176 505 496 242 628 461 469 725 25 683 944 703 929 516 676 914 755 493 969 285 463 781 28 111 516 80 6 298 232 965 577 170 944 386 655 182 78 80 508 915 814 412 203 691 252 256 573 458 843 334 981 129 270 742 814 989 940 119 611 980 778 359 726 165 854 748 323 181 394 699 122 216 725 583 234 277 516 522 901 367 460 184 643 761 832 75 106 177 426 510 508 161 965 124 293 739 515 322 556 962 545 82 768 638 433 605 551 478 198 910 346 952 489 811 847 723 611 142 947 44 950 937 107 618 14 710 229 886 404 821 942 746 498 8 513 465 623 49 9 752 32 653 479 961 786 402 235 38 344 777 177 702 801 10 737 613 319 87 969 125 38 862 983 256 803 464 936 933 552 497 244 48 740 740 873 483 949 96 49 689 550 700 953 78 503 202 78 612 895 538 452 221 887 679 732 425 705 75 590 518 674 508 483 283 446 590 77 283 18 477 367 544 741 693 372 276 124 763 509 805 199 920 875 443 217 4 503 244 42 604 17 208 117 397 755 503 907 823 646 154 713 784 456 643 697 688 503 319 877 809 151 104 247 838 48 16 908 560 809 408 989 772 660 711 669 905 843 839 88 372 594 200 131 684 204 328 926 753 824 594 700 393 334 862 107 826 881 365 336 657 628 208 121 787 734 156 929 687 218 69 943 737 396 893 263 514 555 499 857 752 838 693 372 895 179 957 217 930 917 32 224 651 908 256 797 507 747 636 35 178 8 377 979 290 26 495 527 205 114 720 684 616 549 449 659 395 566 43 821 606 21 318 81 192 253 258 65 903 849 79 141 802 700 445 91 560 796 855 722 815 68 519 424 171 755 676 620 478 11 980 871 
669 509 264 802 733 902 900 156 303 684 601 606 701 770 378 385 91 683 95 99 187 163 856 168 478 990 913 553 190 570 147 997 866 497 666 94 249 241 661 913 921 779 716 236 233 336 997 443 131 6 515 173 853 232 411 326 293 244 285 308 180 423 826 559 806 890 712 833 112 149 370 323 396 986 75 268 914 18 303 388 50 16 389 4 262 320 599 149 599 63 65 875 910 513 658 529 553 225 878 438 45 300 474 77 772 194 522 286 324 399 98 385 514 797 111 931 357 250 306 762 189 920 482 857 831 131 930 318 516 614 397 316 130 556 281 60 191 579 933 192 210 48 80 807 785 456 322 887 736 64 533 24 549 579 857 472 255 746 878 725 34 361 192 216 524 198 360 274 743 433 237 537 660 778 760 680 797 800 702 286 674 947 551 605 900 1000 569 647 804 877 235 655 552 951 205 981 547 929 748 295 690 306 528 93 517 0 593 75 931 317 659 148 984 584 763 251 222 983 243 222 789 686 142 12 544 824 673 864 877 707 211 579 50 1 919 342 700 789 859 76 446 5 3 36 480 486 376 432 71 960 826 75 854 755 378 746 715 197 588 100 72 655 963 244 122 901 833 31 423 16 738 73 813 687 580 225 61 468 291 134 631 900 87 208 242 286 855 691 732 629 195 986 621 170 260 784 368 723 980 26 983 277 851 619 1 766 360 31 131 739 377 364 16 647 702 842 383 521 555 734 825 106 978 287 72 128 764 430 971 772 341 629 0 446 419 449 988 88 156 378 545 341 978 60 428 597 641 852 561 241 80 715 848 585 144 742 272 923 637 981 510 340 658 232 260 45 386 917 185 67 108 781 815 809 566 630 23 600 205 942 681 39 61 234 737 462 168 731 140 689 608 10 268 528 311 224 181 214 334 251 453 522 353 361 733 630 56 271 807 868 145 454 344 788 802 605 773 651 920 420 166 389 900 97 938 488 429 125 280 133 585 765 152 344 684 335 759 330 343 425 990 431 61 893 161 769 27 78 770 814 802 386 488 712 210 225 805 788 268 676 130 428 592 676 179 866 760 874 354 655 443 346 661 318 638 458 548 89 635 818 856 293 966 624 392 3 766 644 504 53 421 394 131 449 867 420 839 528 536 865 
627 472 87 885 647 572 533 581 251 970 430 877 494 251 80 748 658 904 726 875 792 153 720 478 960 824 976 573 424 906 989 265 934 421 590 691 803 59 719 579 599 576 989 234 438 160 733 885 401 16 314 809 35 169 307 455 852 558 884 54 903 992 443 541 275 189 398 851 596 198 543 498 617 207 627 214 94 267 550 840 147 674 788 350 991 491 878 818 591 552 45 645 595 141 615 594 388 627 730 534 357 974 953 291 317 332 488 16 724 736 95 707 844 728 639 389 815 548 835 997 976 219 462 460 611 740 975 836 339 987 190 942 733 952 430 472 126 990 353 501 301 231 517 865 15 224 446 847 259 407 577 12 993 589 874 960 760 94 700 137 303 316 876 642 491 188 610 689 453 753 722 264 471 774 685 798 67 475 225 216 777 179 574 759 574 607 957 228 984 556 878 535 870 181 840 71 381 661 575 255 286 30 512 750 268 456 61 339 620 434 781 130 994 295 640 106 517 366 686 209 649 339 854 799 382 280 120 278 29 109 493 299 396 794 832 984 626 528 885 400 215 172 234 21 454 785 227 400 90 628 680 569 557 923 735 50 870 507 154 144 510 905 787 863 421 762 193 754 980 613 763 298 418 809 123 570 967 199 687 194 582 367 657 947 435 218 558 869 661 865 246 80 698 898 37 1000 742 160 570 667 49 619 193 753 669 764 221 322 411 156 325 454 638 549 538 982 844 679 887 155 974 896 240 117 664 29 445 884 783 494 380 386 399 149 937 591 461 18 815 176 218 429 128 831 693 167 534 427 330 273 753 872 303 399 813 574 76 620 792 345 994 918 486 358 174 285 353 310 901 478 515 877 955 886 122 264 685 586 420 537 736 274 174 536 874 738 245 593 501 780 443 69 482 920 297 475 733 479 658 93 740 164 808 697 869 99 988 24 509 885 849 902 506 449 432 997 465 488 746 291 980 807 672 797 236 574 690 89 457 597 729 448 565 842 845 516 150 90 339 154 588 530 879 844 94 232 132 684 411 582 212 565 662 686 134 570 534 990 523 855 562 337 424 414 411 217 934 95 429 613 645 727 104 812 382 96 961 103 526 979 268 566 938 832 197 343 536 69 629 188 518 531 951 315 820 247 421 293 406 16 
557 952 949 495 382 542 557 79 794 170 789 997 522 396 263 973 143 139 484 61 569 237 167 795 395 501 748 430 810 386 143 720 909 155 540 420 678 679 314 536 132 849 327 893 853 607 766 722 238 294 782 989 172 478 840 554 839 554 270 394 846 189 108 488 744 221 467 44 239 111 502 251 775 359 576 412 312 973 234 832 902 406 253 172 10 736 246 553 51 35 812 366 119 147 993 932 195 910 83 541 234 961 304 756 613 869 331 653 111 772 829 260 860 423 837 458 548 105 386 180 539 307 769 930 953 928 957 691 466 555 34 223 522 791 11 140 264 717 814 379 575 828 781 193 246 866 402 606 397 974 347 874 19 151 35 179 800 399 748 335 142 354 105 938 532 296 168 318 763 580 839 713 447 229 963 767 215 750 432 141 143 357 595 360 559 487 168 760 805 775 330 805 859 966 373 540 166 299 334 303 781 794 919 425 978 735 578 301 370 881 175 310 747 248 523 561 686 972 488 339 460 483 277 680 677 364 823 634 885 551 337 478 624 507 168 477 125 998 298 141 124 305 730 18 476 435 139 66 204 292 907 724 330 971 879 360 266 941 705 877 104 34 371 585 599 942 582 806 293 154 1000 25 634 620 644 31 470 770 200 313 44 521 440 602 686 386 120 602 969 750 241 301 69 315 338 387 414 885 18 877 739 459 318 291 24 997 193 787 662 912 262 393 199 342 446 596 734 156 963 752 172 939 450 330 74 593 803 934 233 137 334 490 229 693 98 855 867 178 551 423 532 337 132 582 623 664 69 365 130 161 20 300 295 983 951 128 707 42 518 934 907 82 87 830 206 466 798 580 667 683 799 472 289 238 852 341 77 331 692 64 0 799 506 791 292 173 564 121 188 295 173 927 661 332 901 588 720 953 875 730 284 281 881 393 173 513 381 331 560 876 665 904 836 380 911 141 795 247 343 253 187 955 334 753 795 730 470 599 62 656 626 519 636 915 764 180 78 779 688 740 322 217 430 701 587 486 200 958 383 247 534 792 626 31 427 461 818 901 838 273 962 223 568 722 502 924 989 73 88 451 910 364 590 510 867 957 212 286 799 64 842 535 806 618 238 263 461 796 518 620 873 562 737 732 560 463 897 830 755 493 
821 242 595 888 365 204 138 217 655 321 540 787 141 675 386 283 849 509 744 173 462 969 70 938 374 404 709 757 102 299 312 361 19 227 300 229 289 567 609 984 228 335 36 992 557 564 982 73 418 981 370 560 970 816 236 47 401 224 687 605 139 565 408 837 819 680 667 289 321 60 38 610 474 774 889 434 66 753 751 999 194 496 894 539 740 598 246 35 854 98 260 275 653 640 220 300 602 228 497 611 743 627 902 996 850 976 788 721 546 582 433 792 225 788 944 525 162 537 808 407 128 924 971 255 969 724 64 114 845 246 93 389 847 465 242 940 391 635 4 14 884 787 0 372 889 75 387 662 42 146 106 403 43 858 484 448 374 592 64 342 683 43 757 550 400 930 730 676 51 493 298 436 880 959 695 949 74 235 21 339 461 91 256 860 855 427 326 938 849 42 455 914 994 800 390 940 414 415 196 972 974 193 345 892 891 58 92 492 327 126 985 854 406 364 90 250 140 387 678 274 471 858 895 731 620 239 859 749 532 939 173 441 429 730 888 196 746 504 974 165 801 500 462 547 572 950 456 43 746 220 355 53 67 179 672 123 333 400 774 252 415 486 45 271 344 130 246 545 273 623 19 703 979 229 130 851 372 750 418 727 598 221 102 102 164 820 946 143 855 977 834 697 615 156 348 702 653 484 647 541 39 812 561 480 852 211 72 791 951 990 526 281 854 274 456 341 650 94 353 301 85 259 274 178 5 402 487 927 289 586 329 972 924 346 392 532 122 354 878 801 689 380 197 687 690 45 243 382 145 502 780 157 337 267 399 632 337 439 408 712 996 175 697 229 912 501 305 268 805 749 716 612 351 258 760 587 661 471 568 720 605 895 327 520 87 528 208 545 232 284 39 867 363 462 133 767 329 822 419 429 419 222 967 68 377 110 75 773 746 273 987 828 950 103 589 863 707 999 561 505 436 796 587 673 411 185 997 768 897 987 314 864 499 819 779 155 732 100 949 841 674 369 554 178 499 887 723 6 860 801 254 664 1 472 1000 873 712 226 4 828 374 381 765 591 807 857 627 452 526 77 874 193 409 842 388 837 887 350 585 203 823 84 271 922 789 661 742 403 489 653 995 259 497 850 340 752 744 799 57 794 
840 933 88 171 176 592 12 654 499 776 643 555 328 415 51 113 891 157 95 702 946 337 713 397 443 937 302 977 802 838 684 471 810 67 4 531 744 709 424 254 121 201 32 403 89 432 485 885 476 326 148 257 457 299 255 687 155 289 803 693 406 346 643 793 23 264 615 201 577 768 396 363 538 579 982 280 951 524 178 912 331 638 147 524 19 970 526 373 28 623 428 175 129 295 70 890 595 214 217 473 245 858 194 90 967 150 208 120 53 343 159 735 385 972 602 545 503 455 427 345 125 183 950 187 871 981 422 415 140 92 357 708 735 774 389 724 176 743 87 29 197 846 431 704 432 905 74 355 341 307 112 164 785 107 512 87 378 794 623 794 597 508 303 965 379 901 983 598 116 81 6 609 92 356 497 695 351 301 264 641 479 108 742 233 607 157 550 790 952 880 555 853 475 83 371 466 730 918 341 466 20 975 988 713 888 499 884 823 699 477 135 267 789 826 326 851 838 826 543 481 183 871 76 846 375 356 43 138 492 133 424 907 533 876 390 908 199 794 297 477 268 288 58 693 966 347 859 376 910 587 426 524 368 27 984 965 155 894 121 625 128 750 334 274 211 169 565 953 141 950 386 812 560 184 405 428 311 770 867 541 328 587 723 997 303 890 402 576 365 841 856 858 917 24 690 902 692 853 475 780 39 797 367 595 189 823 123 670 860 775 922 389 293 705 909 702 284 718 577 926 257 403 593 924 200 836 347 647 695 261 682 351 287 253 7 882 347 877 955 545 557 13 334 704 312 669 738 14 560 458 552 632 411 977 221 942 136 633 494 900 384 369 402 266 737 398 325 585 876 807 867 507 743 413 882 979 59 249 893 179 391 658 553 61 934 486 67 652 937 364 356 927 511 633 111 514 273 270 837 801 548 517 479 310 660 543 880 447 962 275 467 544 532 696 140 740 110 820 943 404 987 464 799 711 51 72 839 439 145 966 10 18 316 509 605 432 171 168 519 842 998 302 118 902 658 339 257 482 508 427 340 10 842 291 283 139 142 31 468 615 343 997 159 100 819 634 443 446 855 896 549 640 454 401 678 173 600 791 705 294 820 500 957 340 565 686 510 338 502 791 605 34 463 598 142 660 199 996 7 778 
818 365 678 200 455 240 594 68 423 562 729 618 451 205 633 319 525 915 523 626 283 786 879 828 280 623 854 461 516 309 597 429 657 967 978 137 863 573 990 518 676 16 410 919 372 852 318 971 687 989 32 885 40 753 313 20 921 790 807 298 929 919 867 990 275 262 233 44 294 790 990 786 443 733 980 441 948 995 123 351 394 535 802 140 182 59 24 761 211 863 231 636 607 188 809 545 221 668 631 444 402 426 174 998 680 940 669 265 9 165 680 160 894 321 850 372 838 627 279 923 850 884 556 489 719 146 956 739 471 437 164 841 32 821 18 896 756 892 280 307 0 86 329 351 697 133 672 109 779 170 364 727 509 602 29 432 579 463 981 210 591 907 256 47 391 922 58 648 617 988 811 265 796 104 417 377 83 371 523 905 916 313 254 995 910 426 764 851 668 735 155 972 619 198 568 850 565 362 458 156 823 260 143 913 606 710 72 373 314 538 512 10 974 50 311 4 294 877 281 460 714 546 438 471 295 897 158 134 792 540 645 613 59 810 264 247 962 155 845 361 369 651 274 348 464 79 944 38 435 164 88 417 11 903 405 934 955 403 861 468 146 167 964 933 39 172 825 789 776 440 148 375 75 948 865 318 459 186 732 5 558 71 785 258 61 371 337 905 332 317 101 115 985 434 75 593 852 3 303 775 827 961 293 164 516 578 928 585 218 638 888 242 657 869 0 833 111 766 44 69 442 975 957 2 847 917 818 871 280 150 521 989 980 11 128 244 372 542 677 34 670 113 796 329 201 68 627 133 998 352 341 154 877 909 69 398 295 982 920 711 443 741 672 715 764 418 521 517 434 772 560 29 458 727 506 322 170 652 260 121 520 681 990 648 219 95 397 695 58 737 233 672 722 183 708 358 690 679 571 444 466 687 410 654 429 295 207 222 819 754 154 681 810 375 768 453 521 40 877 206 8 93 200 284 155 553 216 87 601 452 593 115 839 360 291 676 515 138 945 869 934 741 506 611 155 22 303 78 474 131 448 50 985 346 764 77 25 422 348 853 66 895 337 765 535 775 813 838 425 536 814 356 386 196 336 776 325 521 649 903 594 374 408 397 545 711 965 696 270 984 366 434 279 788 978 665 649 220 124 686 
495 554 563 946 299 556 83 291 385 822 957 28 849 72 821 542 636 430 815 335 462 428 618 400 838 368 70 664 891 368 312 731 932 992 872 728 896 202 660 69 740 960 780 176 582 376 408 186 965 171 815 180 652 629 427 20 776 635 482 626 876 102 359 61 100 563 430 121 895 925 467 594 800 367 464 66 422 644 607 73 335 4 530 539 820 583 910 426 697 145 988 322 122 949 660 256 320 344 230 585 143 928 348 403 804 158 653 344 867 912 781 165 364 782 391 493 121 532 866 89 2 367 27 726 357 789 828 439 125 74 121 34 284 752 761 828 317 824 700 69 259 920 280 545 895 375 246 937 44 246 146 815 147 652 129 774 686 702 739 946 850 398 690 732 850 30 647 315 215 379 451 151 488 35 424 620 577 381 84 850 958 365 708 355 995 341 780 961 974 433 80 603 21 413 218 20 922 817 67 769 851 295 166 626 912 13 634 142 56 656 390 528 427 210 799 88 21 51 654 492 774 572 533 894 648 622 33 281 428 580 962 594 612 141 468 564 459 102 79 399 355 365 614 794 862 87 648 872 79 610 88 235 663 633 157 690 737 367 303 789 814 183 924 842 31 206 141 402 773 37 366 336 689 496 722 804 850 168 51 101 105 471 864 543 972 206 680 606 275 136 332 480 946 725 651 707 871 872 978 321 498 977 341 291 398 155 547 796 847 841 274 872 596 955 27 617 312 557 32 220 964 465 688 885 874 82 486 848 98 939 522 521 542 561 562 141 156 216 164 132 694 693 53 368 732 560 216 66 893 917 637 493 570 732 166 798 476 659 0 410 370 786 509 411 670 378 501 335 450 326 991 745 220 893 96 482 722 966 710 580 82 458 447 253 185 51 364 257 6 450 726 966 144 411 960 527 143 356 428 118 923 113 326 678 23 373 24 400 354 673 299 810 893 8 770 995 803 602 621 711 817 109 997 263 797 727 427 936 954 16 687 440 771 154 24 533 346 172 713 956 437 872 848 344 843 127 944 534 264 672 745 961 339 774 120 959 290 757 746 217 424 474 219 158 899 776 902 458 183 982 190 153 38 749 739 788 686 690 703 793 610 629 751 16 393 780 66 460 643 850 589 234 986 413 368 139 136 113 355 449 
301 408 670 916 373 767 975 833 321 955 946 462 778 768 325 162 638 910 555 23 181 742 951 659 577 862 795 647 759 902 103 379 310 342 300 69 669 177 623 61 493 751 726 341 15 850 492 7 170 650 363 780 11 345 174 575 462 893 581 579 634 432 561 83 873 703 712 835 923 351 427 850 386 173 153 370 800 872 805 460 400 547 654 540 48 943 766 319 875 651 501 393 180 507 354 271 630 590 811 874 612 190 636 31 70 315 141 929 608 771 205 937 438 725 393 577 945 287 535 890 870 541 907 416 987 383 953 489 453 935 132 388 82 855 279 634 839 964 322 398 838 743 55 264 320 449 528 987 530 468 233 153 226 273 693 370 680 987 565 435 629 975 756 198 544 239 341 194 563 493 115 981 378 803 238 357 145 351 165 308 670 383 606 134 749 38 112 796 404 96 898 211 422 181 342 837 360 346 562 782 739 338 546 898 170 851 675 14 708 276 525 396 233 788 104 281 723 335 842 5 153 921 774 151 614 528 344 4 172 935 281 566 801 780 157 842 35 574 703 864 227 121 344 160 9 635 687 557 244 399 40 532 312 929 583 288 182 582 223 794 885 26 321 502 80 839 453 161 789 9 740 948 527 565 926 756 604 162 974 470 734 449 524 428 325 414 338 18 741 29 55 634 583 908 726 909 547 300 205 929 702 304 223 673 527 176 834 135 640 522 386 636 323 57 974 183 938 426 402 59 325 723 348 23 856 428 199 704 353 719 552 123 372 606 970 101 122 341 40 946 704 565 862 361 200 198 133 887 793 140 44 333 94 758 158 90 178 685 313 6 492 885 427 334 125 316 67 600 857 935 449 36 859 97 628 412 897 301 429 974 305 908 923 574 516 941 458 863 478 564 381 244 45 847 937 226 47 485 262 689 954 114 417 458 578 36 349 515 516 506 771 793 361 460 11 305 507 56 311 641 905 144 312 760 690 107 637 971 338 224 569 122 598 927 638 874 442 6 17 124 425 559 28 754 111 710 443 532 953 52 106 83 274 204 203 587 970 767 903 184 881 0 59 808 941 965 680 473 846 538 255 86 341 656 652 779 685 160 711 435 227 672 797 553 673 858 710 437 271 125 319 639 920 165 165 947 847 731 96 228 
348 352 914 287 374 816 687 181 662 533 959 424 66 515 796 182 23 154 849 986 786 14 948 555 157 829 432 986 261 615 182 194 223 770 922 623 390 354 641 491 213 166 859 874 734 250 128 253 713 389 661 191 301 171 792 336 20 192 499 735 390 525 944 818 863 405 658 473 723 421 100 653 491 811 761 842 397 566 40 903 53 147 375 644 804 803 390 715 283 62 285 382 245 187 576 159 361 546 49 576 913 308 435 23 163 739 663 30 156 779 511 346 514 602 266 845 471 559 106 997 582 101 612 955 489 29 692 487 934 418 711 611 598 70 715 14 918 25 584 747 570 57 549 810 399 918 844 131 12 182 594 214 2 190 94 893 971 932 651 422 80 524 36 224 903 375 921 579 614 724 781 668 751 415 36 22 607 713 210 21 952 75 23 47 648 580 279 308 21 74 291 38 245 48 642 175 537 26 43 782 988 820 914 569 163 593 549 304 133 532 966 779 147 711 227 418 309 235 996 381 523 876 240 96 787 791 894 460 454 835 456 657 58 632 303 31 845 737 433 578 559 497 103 868 725 870 569 483 265 338 676 710 561 434 568 316 348 478 706 118 759 513 441 723 561 498 32 160 7 789 985 105 327 884 533 456 986 404 850 930 949 294 848 838 41 204 813 369 268 500 729 987 319 244 521 311 24 529 424 466 469 383 12 199 676 334 390 172 224 378 128 187 293 877 462 240 26 975 674 230 120 875 393 273 431 52 495 966 567 19 228 323 431 273 752 103 923 571 919 508 609 571 984 239 697 131 834 2 726 773 841 750 351 143 629 451 47 661 751 407 925 405 55 220 869 328 737 400 917 58 463 159 798 7 756 550 81 204 237 428 175 800 117 630 400 953 820 269 568 304 637 721 913 145 259 216 274 173 756 979 407 72 722 243 946 197 705 789 640 851 603 936 412 451 319 217 58 163 804 124 686 570 391 518 30 219 509 574 314 713 706 933 207 835 746 560 95 755 267 696 908 995 858 441 268 912 753 60 285 419 260 480 52 847 744 386 686 132 493 941 961 312 278 557 885 953 892 592 21 937 174 666 576 475 700 440 492 886 95 870 900 422 53 558 290 211 62 191 817 399 563 582 907 359 703 269 117 92 237 45 
440 753 464 548 82 235 599 32 860 121 746 818 749 680 231 947 673 279 981 386 16 716 76 573 150 448 72 329 686 949 253 162 968 923 541 632 56 782 371 412 155 176 174 301 310 753 177 710 273 343 829 692 375 65 123 390 112 333 587 359 170 982 689 125 138 196 115 337 413 685 811 626 879 602 377 695 89 647 567 847 407 159 608 635 45 558 767 536 616 22 788 632 742 25 888 975 931 865 936 306 950 11 312 586 47 375 18 117 448 724 988 285 559 571 77 104 308 664 152 979 72 612 847 643 231 424 916 848 240 841 29 865 145 355 131 323 380 914 10 701 960 570 686 660 734 11 256 801 985 907 779 551 357 519 743 721 301 907 589 968 378 324 974 637 294 173 700 870 85 316 288 902 710 56 467 962 788 585 374 749 931 695 215 168 620 321 643 430 265 567 160 298 239 856 109 227 760 341 54 69 588 643 929 22 510 71 100 222 178 149 679 560 414 57 460 87 30 631 961 525 523 628 145 621 857 929 42 362 522 280 394 27 928 170 436 557 528 872 571 633 78 97 951 532 918 269 826 823 263 911 284 609 531 889 311 235 916 574 226 290 633 713 242 96 592 314 954 760 537 988 86 5 876 197 32 161 706 568 678 252 709 847 191 683 17 95 61 958 392 435 803 113 831 971 543 868 827 377 988 384 654 908 904 160 988 604 543 440 182 698 97 275 913 838 536 812 145 674 674 589 971 846 696 387 872 945 126 206 379 237 47 305 977 38 742 630 749 45 771 230 128 411 885 294 193 454 750 688 501 946 616 504 482 953 512 291 11 640 950 756 231 228 176 144 720 563 59 933 652 201 446 112 901 38 420 95 78 514 485 632 533 848 279 30 102 191 407 587 986 529 437 274 258 779 378 930 395 856 744 336 756 441 4 345 132 870 424 960 515 653 23 654 833 823 589 612 219 497 659 367 328 99 897 981 333 33 452 612 588 0 850 207 114 428 679 13 459 146 914 593 326 353 817 359 555 546 906 893 259 30 755 259 8 52 975 31 160 682 304 119 560 196 722 471 701 257 501 365 514 148 743 766 824 188 638 813 90 908 683 273 786 629 500 265 898 548 809 573 539 823 140 66 732 566 608 959 471 59 298 188 
623 351 581 287 956 70 582 99 257 217 566 418 402 698 566 341 789 578 578 34 49 303 318 634 637 849 472 271 492 1 477 444 94 963 391 797 924 632 527 250 211 123 774 85 870 825 868 701 383 124 85 371 393 120 379 969 101 309 641 181 13 527 189 665 861 523 995 539 569 16 321 272 46 898 322 426 171 911 736 236 208 260 636 589 666 519 184 739 913 187 848 659 337 671 135 293 760 713 391 690 448 756 921 346 436 840 255 965 775 289 990 602 314 957 25 574 650 881 318 26 795 122 424 977 663 810 9 775 755 884 132 295 91 757 631 956 580 292 885 813 856 529 866 254 755 660 657 916 493 872 742 995 443 845 432 364 927 678 112 993 459 74 359 595 736 312 576 583 789 79 707 195 545 212 361 115 661 524 945 896 641 188 462 608 10 70 531 691 550 711 714 685 215 868 390 380 309 418 875 34 94 601 931 41 524 627 249 401 746 43 882 891 734 88 206 623 261 488 149 777 654 447 782 771 264 814 791 551 228 98 374 861 151 537 262 236 763 230 394 303 344 20 404 986 184 59 893 916 236 837 386 916 581 548 925 155 342 795 949 97 541 299 438 30 928 27 362 812 810 151 176 526 822 470 769 722 391 839 26 350 665 986 850 889 794 616 520 696 116 536 578 886 89 141 69 851 14 352 598 949 588 287 313 714 338 865 934 684 665 261 308 804 570 3 136 252 93 569 749 416 186 378 922 496 551 524 297 431 945 698 886 760 51 970 157 394 753 795 500 214 216 795 708 573 625 456 439 190 230 950 314 204 527 260 10 376 659 518 741 565 387 829 962 439 746 395 978 184 125 785 695 704 699 19 59 361 847 185 334 93 974 981 787 345 545 34 540 471 222 629 602 926 642 147 265 105 659 558 55 195 819 277 130 345 802 253 423 462 684 48 109 492 958 693 83 478 793 277 93 673 903 530 388 846 908 494 595 306 647 577 982 533 698 509 997 508 846 941 305 917 290 208 452 158 20 298 63 397 465 920 19 914 969 726 914 832 0 692 66 961 122 400 95 904 838 257 812 646 470 965 508 288 364 145 14 37 22 386 613 863 773 829 288 935 580 387 210 306 783 934 789 677 469 590 906 409 963 463 281 426 
55 946 150 125 47 361 1 159 537 528 599 115 212 770 379 41 426 266 953 294 248 170 476 37 10 784 387 956 963 896 573 820 477 117 826 529 224 935 114 852 233 801 204 401 233 551 855 181 713 351 239 44 619 79 99 458 178 295 11 713 262 147 537 914 402 628 479 700 749 580 231 878 540 67 456 375 432 47 560 341 701 407 119 453 530 641 759 973 876 681 552 241 470 528 126 914 625 129 269 989 264 274 758 240 406 768 574 245 800 94 128 96 280 465 584 188 948 370 958 469 143 238 634 705 830 707 70 538 337 590 43 99 475 72 861 876 64 300 985 885 727 526 177 169 120 83 550 878 745 129 144 233 393 414 413 853 902 947 467 522 86 203 27 969 673 678 664 960 596 978 814 912 90 128 836 278 745 137 619 28 582 386 193 552 182 246 219 864 956 395 739 94 486 648 18 825 17 851 262 51 774 952 688 324 331 451 253 935 864 233 32 908 840 423 84 912 747 981 27 436 230 216 976 487 874 106 679 1000 10 584 485 314 50 888 290 301 80 919 870 25 653 70 673 940 906 241 20 458 752 147 419 375 12 175 614 970 752 481 326 803 930 577 366 399 859 103 239 586 372 661 776 100 579 957 152 309 535 660 834 468 278 881 728 789 518 456 711 188 379 15 420 593 452 13 548 217 847 712 577 771 989 295 123 797 136 411 280 716 45 777 18 652 935 569 170 24 486 48 499 306 441 229 376 75 580 734 654 17 280 423 710 907 749 923 725 785 853 75 761 831 101 420 465 507 505 999 323 442 839 890 795 437 296 457 863 715 395 739 807 297 824 715 113 198 21 225 878 543 413 566 755 236 978 193 698 890 709 586 64 814 413 985 332 568 250 147 339 481 735 990 958 880 743 934 790 575 427 88 113 589 508 408 624 701 49 595 30 604 709 530 367 300 116 190 239 562 437 916 71 84 579 702 245 232 293 692 407 994 854 53 462 143 173 406 834 482 369 901 71 371 175 785 597 296 135 717 219 590 266 17 869 35 568 204 648 888 410 653 839 0 65 785 636 560 128 24 420 387 109 656 609 121 92 27 369 690 517 373 483 19 489 364 432 743 223 615 692 941 323 416 500 509 889 491 926 257 189 839 778 73 
6 492 1000 852 570 964 70 616 337 581 499 750 42 392 227 743 612 611 932 491 866 631 771 638 670 940 120 497 588 650 164 641 829 605 389 931 327 564 865 375 892 454 625 622 24 825 365 891 9 898 171 587 415 192 59 323 824 697 670 136 610 904 85 437 351 973 506 585 775 281 987 432 510 75 0 34 731 825 974 225 337 171 868 299 870 620 215 61 828 888 359 429 292 811 272 807 570 394 544 125 61 916 872 955 82 754 423 708 334 19 930 765 315 890 972 463 656 81 281 955 102 116 513 276 916 2 268 946 464 216 556 759 348 714 245 544 52 365 231 726 965 447 982 283 794 874 146 505 632 599 314 998 581 263 640 727 151 162 0 618 124 396 472 178 939 26 363 449 580 145 826 326 876 667 509 259 897 660 288 661 664 875 30 198 211 402 286 246 431 876 792 718 682 268 627 97 8 950 81 411 756 607 326 777 310 698 309 196 278 474 705 605 698 41 334 62 861 92 488 253 864 697 322 328 865 840 825 251 419 49 990 874 173 583 323 832 199 1 520 514 660 38 277 811 853 257 369 942 849 663 913 756 743 856 486 877 602 449 693 513 619 6 735 335 192 717 702 467 549 5 325 87 605 858 153 303 141 483 558 728 998 415 337 756 582 838 851 436 51 47 535 475 869 802 306 677 345 870 391 79 795 647 3 725 642 589 615 434 876 772 906 423 697 908 953 859 468 453 829 536 841 754 344 502 993 93 886 555 79 758 903 167 346 186 782 569 569 688 943 66 137 47 51 733 947 288 933 430 525 201 396 224 705 129 660 386 56 394 329 437 512 315 304 444 821 521 890 428 217 422 822 535 344 881 711 976 924 999 6 983 356 966 731 146 517 887 890 333 31 8 23 813 468 784 407 646 219 999 971 190 476 182 731 600 328 25 194 676 931 410 720 475 291 347 195 437 961 817 205 254 976 583 438 448 506 866 757 453 977 166 613 691 989 148 873 487 310 657 946 635 500 327 440 755 169 192 183 955 919 521 57 530 261 447 245 358 130 664 436 415 527 847 627 737 785 226 566 236 405 920 503 570 373 354 240 684 0 814 581 873 391 739 348 38 964 157 154 48 90 734 182 515 96 521 352 790 143 834 389 669 
961 337 576 627 85 595 131 750 662 391 118 721 983 718 229 589 833 56 588 750 749 916 973 194 776 876 293 361 595 485 271 855 298 528 536 720 753 704 503 371 624 166 113 609 772 533 818 194 240 646 118 160 241 240 618 597 431 243 117 36 704 48 820 213 735 639 138 583 233 348 432 600 259 357 706 200 162 927 365 573 678 683 632 820 357 103 301 341 410 326 495 179 922 939 540 643 216 759 521 932 936 425 885 801 639 941 825 815 937 129 82 491 39 922 313 27 176 121 191 411 413 195 700 527 893 963 514 816 11 331 828 473 904 69 80 406 581 731 967 393 984 910 183 661 834 265 887 617 37 398 445 87 724 889 894 961 741 587 728 372 643 368 198 928 940 597 832 801 956 465 165 448 524 637 310 364 908 732 351 618 277 57 741 281 160 98 606 882 149 534 664 370 536 340 431 267 752 446 168 343 73 210 709 155 927 636 683 601 921 753 77 472 817 593 760 612 728 19 86 335 333 90 546 708 800 521 835 653 316 138 483 189 93 16 741 288 257 497 137 293 393 315 879 268 175 165 700 124 543 809 130 600 827 160 567 303 295 379 656 809 486 297 505 655 497 739 556 913 457 810 58 798 522 679 101 549 140 167 13 825 278 474 988 12 342 244 820 109 406 996 413 953 567 142 893 759 376 140 942 690 776 571 975 477 548 808 454 975 913 489 135 583 365 724 724 14 432 65 394 504 814 492 731 489 73 794 389 533 837 527 635 531 561 376 85 659 227 529 743 239 501 276 687 852 534 813 402 139 290 481 869 302 467 547 39 481 702 743 387 837 552 85 981 178 128 753 921 32 494 769 385 963 437 717 468 814 674 495 24 701 74 434 392 215 206 58 23 412 769 650 765 978 967 532 557 359 161 957 310 17 76 59 725 152 564 979 511 679 170 159 617 358 14 279 42 689 380 649 175 300 109 663 823 749 341 869 895 418 228 408 44 14 765 350 274 430 481 292 532 521 75 471 573 329 44 726 660 230 903 813 438 783 325 58 861 276 591 227 479 555 414 468 38 686 772 104 754 721 699 150 833 161 914 721 576 555 523 289 379 353 200 595 185 676 181 254 720 883 924 772 95 262 349 931 574 506 59 47 606 261 
413 47 50 202 811 398 414 469 216 703 967 52 206 187 536 206 435 985 71 802 736 801 360 815 365 344 890 32 747 413 290 47 84 376 906 145 365 112 213 289 205 766 293 379 359 644 280 104 806 579 455 817 989 450 905 597 405 933 508 728 511 760 231 958 809 76 166 415 162 133 695 941 789 498 515 308 635 121 24 312 425 303 39 828 16 968 389 17 278 125 945 249 992 345 780 178 96 167 182 608 624 500 402 722 62 976 911 668 35 426 783 568 889 773 76 843 468 69 124 609 309 802 241 211 498 201 476 580 397 300 721 230 403 189 54 162 381 997 984 396 335 435 100 784 744 991 134 875 435 443 183 443 898 629 996 923 29 90 164 648 848 607 144 295 552 18 18 218 76 174 797 414 32 488 615 703 651 698 710 400 543 254 10 93 702 881 790 584 808 859 495 418 321 895 164 894 241 709 665 180 523 159 642 546 563 377 331 549 69 955 975 930 762 589 175 451 377 732 638 564 459 92 995 759 917 907 60 381 818 860 481 425 557 791 985 897 551 824 919 579 797 289 448 154 399 607 683 435 787 867 98 570 165 259 844 219 825 590 260 897 295 44 575 944 156 464 579 548 123 472 705 731 915 989 223 115 145 291 237 65 530 431 636 946 808 529 876 551 610 677 8 94 708 46 832 869 230 953 675 472 306 763 372 298 142 157 636 230 597 785 302 843 706 904 484 698 39 758 836 274 629 421 219 299 437 579 828 823 513 608 204 203 257 810 273 162 87 308 20 133 668 518 37 990 720 701 811 677 367 449 732 517 158 838 95 992 820 951 336 462 432 497 865 112 850 392 353 3 974 31 609 587 956 681 166 387 609 437 67 850 902 958 804 993 262 387 789 455 107 132 930 853 833 708 315 283 186 406 979 904 945 355 817 779 956 859 190 872 828 567 223 205 908 696 61 985 525 577 525 489 730 718 145 793 529 833 294 581 705 523 475 838 180 18 791 179 676 214 597 624 527 217 30 305 417 292 665 375 812 642 332 386 937 582 672 175 144 97 286 519 242 136 911 153 734 881 513 733 785 525 484 257 687 214 281 83 670 428 419 479 932 146 36 896 464 118 62 904 483 360 190 189 903 647 661 457 414 822 1 851 
164 949 500 968 967 212 365 554 348 471 886 217 372 976 240 863 927 454 599 54 86 659 227 209 366 292 14 204 84 493 250 322 125 544 745 850 364 995 700 58 112 30 464 983 627 182 934 7 761 978 888 79 752 866 59 793 264 818 573 338 746 823 635 92 762 693 740 753 731 351 508 816 338 412 803 426 662 67 275 617 152 817 668 994 270 250 432 773 996 490 494 202 224 104 371 850 313 161 861 232 597 311 915 354 346 43 859 462 945 48 141 224 998 812 669 769 178 316 91 51 998 463 158 9 787 582 354 235 740 367 435 575 875 271 867 674 248 371 296 23 827 650 775 366 773 488 190 150 968 656 893 827 924 154 909 695 16 440 122 786 323 874 970 850 121 853 148 933 902 789 272 87 358 566 526 827 117 276 949 780 705 327 86 390 772 58 450 524 17 647 560 256 563 212 667 405 553 186 639 76 538 594 137 131 474 463 155 152 400 390 395 560 873 301 502 144 820 416 206 114 937 313 472 138 830 875 545 539 100 424 833 554 254 121 233 457 24 980 190 840 482 846 758 530 886 573 784 420 525 503 258 568 681 855 23 929 645 599 299 628 184 53 948 983 630 203 705 41 560 36 466 829 534 882 828 517 548 468 38 529 219 339 748 618 850 747 572 484 115 807 564 178 123 165 179 4 492 243 568 21 564 402 602 384 695 599 718 453 533 500 509 389 4 170 91 338 23 366 169 866 428 934 33 347 355 310 372 448 586 466 303 227 165 516 179 524 117 317 78 893 723 784 224 844 536 970 12 309 731 751 946 249 565 647 546 83 352 871 195 104 234 255 353 145 549 790 459 701 802 528 920 708 549 535 586 87 874 124 805 534 1 623 928 701 802 856 801 804 927 671 858 671 73 455 778 921 427 443 69 222 463 940 10 684 909 531 900 675 218 804 914 391 382 318 83 843 487 867 209 196 390 833 738 813 760 77 220 707 580 856 316 361 409 502 4 331 32 763 621 271 271 710 859 475 760 512 399 406 344 56 382 323 333 963 550 512 494 840 979 727 323 521 666 209 896 233 515 1000 585 41 760 661 69 49 401 191 176 987 155 634 851 432 882 139 347 655 545 523 81 343 294 458 623 295 688 190 397 115 634 14 
314 583 661 544 898 385 112 108 337 782 52 483 520 806 635 451 284 349 420 549 751 769 25 591 361 894 21 522 202 607 49 155 359 734 748 821 217 837 745 489 935 339 946 595 157 759 481 550 884 676 606 494 960 373 897 959 483 623 636 559 811 557 157 775 569 767 154 170 736 409 78 461 919 16 986 632 515 926 832 66 357 516 228 1 474 86 512 519 586 147 832 157 531 88 812 612 136 923 471 412 477 677 966 479 515 91 79 84 173 955 446 827 268 972 237 19 889 861 289 296 930 574 487 496 200 778 808 600 352 607 72 343 819 244 315 286 382 363 558 441 495 961 396 19 707 116 572 698 278 225 662 450 982 492 790 982 16 904 448 663 711 965 279 234 538 546 269 360 854 194 594 727 875 997 450 866 303 173 381 308 592 243 719 76 320 241 367 901 814 303 963 345 388 173 833 358 987 679 152 544 476 608 553 613 505 225 61 410 109 519 500 661 472 666 678 240 657 671 640 553 668 155 543 208 325 39 323 316 441 727 564 682 16 992 886 471 226 631 676 847 820 78 861 573 471 993 657 548 583 138 587 678 20 757 700 682 133 696 501 758 329 746 22 20 955 268 391 896 891 384 510 645 358 765 160 437 678 522 117 374 543 369 450 954 2 330 50 455 948 538 921 474 37 54 314 164 653 894 294 981 735 251 689 263 519 761 916 53 192 224 696 940 385 868 918 999 770 275 951 984 487 507 437 482 824 57 880 428 751 700 706 251 258 8 121 427 729 617 102 863 98 15 210 599 387 96 779 783 360 417 546 418 989 555 270 888 566 612 306 808 276 272 817 607 750 571 606 334 917 107 824 220 689 490 174 739 903 539 31 831 553 215 277 383 667 262 384 578 174 325 745 216 523 809 349 118 363 372 247 250 945 332 595 208 430 486 68 216 627 109 312 957 698 299 841 291 565 394 194 307 666 1 988 830 318 164 771 574 129 599 323 619 852 412 995 159 391 728 847 330 62 820 552 838 177 696 114 934 487 324 143 414 598 420 130 550 821 427 880 857 327 228 618 828 953 84 587 45 34 76 753 396 515 54 11 379 806 563 123 382 805 563 497 302 752 137 349 763 590 292 666 826 868 717 887 725 727 116 690 668 
126732 123610 126585 116617 132367 121873 123544 132022 122474 120510 129438 126341 128921 120804 131647 126656 127121 125300 125792 125143 122913 120552 122643 127010 119505 128315 123325 124821 122432 125590 
