500 30 30
283 -225 -9 -256 514 -213 502 -106 -97 -251 306 -136 301 384 403 349 -147 399 -74 -43 -50 550 298 -26 -241 -200 -46 288 -106 -128 471 362 -108 -223 -1 304 425 -57 347 -113 517 343 -30 449 396 439 -26 -158 270 290 403 -22 -13 356 -85 450 -188 -97 -182 -104 -137 269 -4 -196 -174 438 356 556 -1 413 -264 -187 -103 506 267 285 305 -185 427 -66 -116 -94 -116 -149 525 501 -185 344 -35 605 -95 -234 -114 427 426 358 -152 348 -239 -62 -147 560 -5 -200 -38 -63 -178 526 -22 -133 -67 -212 343 -183 -76 -73 321 270 -68 311 -61 479 -91 -144 -252 -227 -26 -51 -73 423 522 332 480 396 316 471 386 -6 -176 360 -56 317 279 -179 362 -178 316 -82 288 338 433 -35 -105 -27 -69 305 -27 -87 312 -122 -145 -246 405 468 552 362 483 -41 441 476 464 272 359 318 465 391 399 -62 425 281 -162 392 401 -136 486 376 366 -108 -91 -9 -215 352 -254 -69 419 -15 488 281 -233 448 273 -237 -211 508 -166 545 469 -127 356 461 423 -81 273 -212 -111 -48 443 -54 -217 -78 -209 327 286 -124 -212 494 -89 455 -30 546 -123 -11 594 329 340 -28 452 -218 331 376 320 387 436 -24 -98 -115 -194 431 -175 331 280 410 -74 -74 -4 -184 -234 -115 -198 -113 -264 368 280 352 -45 269 -6 -19 -17 -88 434 -204 -180 -153 384 -175 302 -9 284 -80 307 418 332 489 553 411 430 -112 -69 -202 424 -16 451 346 500 -106 -6 287 -88 294 -123 -73 -129 515 485 286 -144 -143 -211 -135 -183 350 411 461 307 -35 289 -214 468 305 -85 407 351 491 -2 -214 389 -42 -123 -182 494 -152 -210 320 400 -185 371 599 -77 384 438 409 272 434 474 383 547 -125 480 313 368 -33 382 -107 511 -192 287 297 -164 -17 383 -71 -234 393 -119 402 -241 -154 349 279 -109 -31 -235 -184 460 357 546 -115 -63 -23 407 -190 -138 369 -160 -31 -183 358 298 -168 423 -19 468 377 403 -61 341 -210 489 -100 358 326 301 440 -55 548 269 -185 -11 -216 -150 359 -113 491 445 -254 315 -17 487 485 472 -179 -26 268 461 -256 472 -130 -205 -230 -98 341 -253 -144 423 487 360 -39 402 477 377 313 482 -31 327 420 317 -199 576 449 303 -38 -75 545 423 -138 290 320 282 -25 -215 415 -112 -168 -216 -66 385 444 290 -248 -86 -5 303 -131 -88 -16 440 -195 -9 302 329 -162 313 -236 459 417 273 433 356 -103 556 475 -11 310 -204 -34 -88 -135 -222 423 
60 963 261 552 316 186 763 649 444 759 423 294 951 858 825 632 513 809 81 410 627 517 88 710 824 963 935 990 557 627 746 871 562 858 57 669 883 512 628 386 749 777 148 467 793 396 762 528 42 245 241 777 774 722 362 289 750 536 531 325 926 539 591 513 675 168 427 422 23 323 894 949 239 591 46 506 174 9 178 825 593 955 443 201 762 553 41 315 329 605 991 665 766 75 599 151 623 732 507 763 889 692 56 131 288 298 739 147 687 698 272 307 503 100 143 9 127 817 445 68 127 275 339 44 205 891 481 138 780 335 769 700 704 626 723 933 658 777 420 717 923 934 661 429 722 695 756 657 246 723 469 804 170 202 631 853 372 738 990 571 980 385 412 136 996 301 615 633 332 925 240 674 618 821 841 929 732 236 267 497 334 110 194 754 401 825 650 75 770 608 598 288 46 536 133 569 597 294 867 952 750 725 384 296 45 401 187 750 628 772 620 632 606 827 276 664 453 600 445 823 206 54 353 106 418 230 892 318 180 116 496 354 40 409 532 992 778 111 188 43 266 670 23 136 425 281 323 949 716 304 864 34 563 403 182 281 296 227 680 830 255 912 862 743 251 762 396 531 235 561 748 706 654 315 715 600 684 353 518 536 199 496 178 2 558 80 198 581 800 302 218 147 104 762 508 303 421 351 647 735 671 526 882 609 257 642 201 743 352 90 693 330 903 752 764 152 912 444 857 982 739 783 722 667 382 912 324 658 512 297 990 557 110 951 255 370 761 836 176 879 702 172 562 444 515 201 190 964 258 487 495 204 375 247 975 152 282 12 843 408 403 736 928 541 952 411 875 275 776 168 674 214 381 216 251 732 643 291 56 47 995 674 95 174 430 126 954 184 834 110 484 664 966 354 159 127 365 187 469 661 829 695 685 477 805 237 233 259 120 949 457 599 363 565 521 566 543 98 435 708 607 957 309 980 226 161 177 43 662 958 38 768 208 720 233 60 462 188 627 834 232 423 754 949 138 958 519 27 579 630 922 29 778 705 495 883 197 877 206 913 386 573 534 884 586 867 608 948 448 652 435 239 421 282 570 248 704 520 711 412 320 503 718 809 826 139 866 644 817 613 272 185 689 511 21 969 857 81 56 483 
628 918 535 235 350 573 26 242 750 80 602 555 8 519 320 537 71 515 125 513 941 657 589 667 331 724 978 495 607 17 625 298 240 905 687 790 371 665 274 802 803 641 111 30 570 494 559 829 602 183 89 480 185 690 709 527 608 797 462 374 875 188 629 225 62 701 301 616 292 709 194 392 159 368 736 391 390 99 461 893 649 969 221 443 782 871 378 524 353 945 944 30 389 121 874 616 173 331 662 400 609 177 929 68 26 599 155 164 308 486 79 529 446 97 635 880 722 145 138 780 773 857 777 95 565 129 897 719 798 450 173 40 507 22 888 13 76 70 392 854 316 128 504 664 600 422 553 640 919 543 30 774 148 852 961 177 276 307 33 373 623 419 881 943 625 516 742 469 358 451 888 406 167 744 550 284 255 737 847 387 204 578 589 41 758 187 72 859 81 71 347 244 250 461 481 725 59 481 429 338 526 817 427 42 228 911 530 36 627 769 503 458 937 617 848 783 795 749 405 239 996 86 703 891 814 737 781 977 289 760 611 814 470 638 977 195 395 684 556 856 773 646 151 931 558 973 407 22 452 362 297 84 725 567 157 465 755 110 471 501 91 742 984 751 453 90 849 273 716 440 467 575 51 129 72 631 36 116 58 839 527 251 804 905 660 51 100 176 585 309 117 839 858 606 974 526 580 213 4 892 159 338 368 619 663 681 889 54 25 697 392 515 894 576 789 960 649 321 117 894 192 229 472 281 437 77 571 947 953 984 514 180 685 554 627 234 344 399 643 743 335 218 730 848 192 895 301 479 229 482 55 549 465 702 327 321 668 901 728 647 54 83 866 704 173 353 108 566 670 850 718 916 765 199 655 999 973 939 500 135 391 653 331 963 131 961 963 664 775 374 892 848 434 285 662 546 727 478 938 813 58 930 450 532 36 481 553 792 22 833 426 880 815 739 321 250 758 637 700 527 974 575 312 599 413 302 379 225 603 762 278 72 458 544 750 295 554 383 230 571 729 643 766 107 637 963 129 184 986 835 42 100 402 136 732 380 455 551 148 5 49 284 479 263 664 924 411 116 953 313 598 576 328 833 321 950 146 565 426 366 759 754 604 248 649 706 856 191 792 79 207 661 698 213 462 899 539 5 872 885 
551 696 995 407 586 34 538 986 388 338 381 988 558 531 419 883 997 252 491 695 729 335 213 107 940 196 411 386 483 659 990 464 822 508 323 488 343 46 746 839 333 89 890 370 774 469 630 357 181 759 102 846 409 934 165 837 89 737 702 421 40 391 197 463 997 508 214 602 48 70 153 37 100 947 881 656 30 576 727 998 626 762 720 259 48 197 481 485 376 821 46 132 987 104 341 928 229 240 566 895 915 473 615 852 337 55 545 350 561 189 380 110 442 45 874 606 166 75 918 729 25 984 348 398 475 175 149 189 588 801 769 870 538 328 331 835 540 878 34 84 436 115 909 740 199 17 356 454 355 920 423 690 181 848 311 301 727 843 462 244 604 70 248 86 276 802 918 212 502 359 70 546 496 99 444 914 919 30 686 661 48 21 282 696 906 520 137 208 506 516 536 606 796 943 922 769 97 768 639 414 630 530 99 551 190 980 63 327 548 58 415 745 979 602 664 588 26 653 288 847 177 539 738 763 68 637 976 197 506 497 336 921 323 976 834 277 37 71 958 490 486 792 360 284 190 981 153 412 748 458 724 73 645 655 318 643 316 152 322 780 845 965 31 884 672 761 250 723 861 547 435 821 587 5 833 748 328 721 444 961 736 924 903 336 655 777 169 454 589 503 672 748 68 13 860 201 914 267 53 784 558 57 444 246 629 259 409 666 346 243 114 235 647 829 311 907 22 985 302 844 389 794 465 462 358 649 841 742 50 201 512 646 865 880 354 671 610 898 393 462 498 909 387 978 287 269 700 953 866 757 371 437 214 610 174 106 811 584 636 588 465 512 326 155 284 696 340 206 220 281 657 617 882 247 830 141 154 818 320 699 147 743 681 601 943 86 998 528 523 162 790 332 70 706 757 985 233 122 299 708 834 857 33 737 897 416 964 654 967 143 145 266 897 527 879 680 681 215 171 328 198 127 958 772 625 839 334 630 591 173 167 242 517 552 616 23 783 280 117 956 366 690 952 828 685 92 262 225 218 164 419 306 613 929 445 685 882 214 313 483 150 802 368 614 787 385 535 571 852 336 33 159 215 155 12 458 686 54 542 534 804 262 502 550 847 645 203 823 817 455 445 528 702 360 597 841 854 154 877 229 
720 15 871 886 67 90 94 52 380 502 7 878 141 12 142 508 52 293 527 914 559 739 283 341 416 368 271 219 381 907 299 812 308 918 600 739 393 760 998 98 319 388 128 504 87 774 857 756 220 57 899 894 691 25 875 90 227 977 150 180 488 780 417 890 143 44 907 524 120 53 252 980 895 366 722 102 722 693 663 462 111 751 372 979 485 522 996 303 447 811 873 204 215 158 647 694 57 26 289 563 402 568 415 138 269 494 21 406 580 696 74 386 630 362 421 825 437 757 455 636 156 127 497 747 59 745 364 48 722 503 658 846 311 993 544 372 975 460 600 825 118 496 864 879 448 343 164 296 963 579 556 569 42 580 653 937 202 28 977 599 810 675 806 646 605 265 959 610 87 655 220 744 249 820 842 423 845 481 66 768 936 315 635 174 98 531 159 413 518 279 926 893 674 447 404 675 502 175 475 372 516 640 217 57 340 485 775 88 101 797 7 824 146 381 523 651 386 203 941 329 870 555 842 760 128 426 541 390 905 228 405 2 479 606 342 869 447 322 232 772 408 181 978 794 147 674 549 23 44 293 576 972 274 695 694 698 134 85 113 221 942 15 629 203 798 681 996 492 546 179 509 33 726 689 852 213 106 714 536 212 511 592 983 445 435 860 178 25 187 831 967 577 661 145 986 577 299 394 155 750 374 457 702 952 88 80 149 592 184 731 109 425 835 133 499 294 47 457 949 422 856 705 296 842 30 545 45 778 180 208 514 907 282 644 98 42 597 746 268 188 459 280 620 533 601 43 340 269 192 447 232 393 547 218 708 375 546 623 710 56 715 220 43 739 613 706 322 869 429 248 490 466 5 694 453 697 463 386 601 867 709 109 747 339 974 978 154 746 783 644 76 321 480 461 195 230 401 398 421 594 368 545 743 864 277 631 951 510 687 699 260 97 822 971 709 482 152 834 235 266 383 887 40 7 585 131 5 339 134 557 781 273 199 534 298 335 491 227 259 850 304 77 938 869 747 882 599 639 473 730 967 759 833 881 226 976 288 599 151 4 450 41 744 250 80 278 77 504 479 705 785 958 186 89 606 376 621 706 161 754 329 545 942 952 614 9 290 613 843 865 426 136 751 722 686 301 709 241 413 273 
833 305 896 435 814 6 646 786 35 89 867 595 720 95 935 855 660 136 615 734 884 864 270 622 587 791 713 722 389 56 757 219 834 52 761 7 434 429 323 939 268 770 220 826 487 597 299 915 829 213 618 675 346 700 538 864 968 224 959 241 192 755 899 198 913 58 812 459 368 661 13 491 827 194 757 166 5 666 337 859 432 209 978 972 934 878 663 164 590 782 56 105 567 73 584 738 261 145 440 703 311 942 275 2 597 667 205 697 722 854 930 88 701 107 104 913 262 837 492 108 835 9 670 460 496 610 131 415 457 227 606 243 727 145 710 8 459 509 629 626 158 114 606 747 628 211 436 450 180 418 755 254 80 231 191 577 37 903 46 708 298 1000 462 710 152 77 174 93 750 823 285 984 441 566 541 722 821 378 678 359 679 628 290 371 86 330 44 15 317 423 407 379 41 943 727 26 195 947 26 744 957 497 461 165 468 729 558 110 649 479 261 544 519 107 353 971 836 738 380 232 304 42 710 859 631 89 851 542 838 130 115 195 792 740 476 919 973 827 290 983 631 403 650 732 68 968 314 7 538 902 384 274 270 497 333 627 931 716 543 666 67 403 865 421 423 239 379 824 534 717 89 158 743 125 805 245 463 954 419 709 785 55 504 783 560 532 530 69 29 195 14 629 705 245 347 605 170 539 482 350 262 654 650 889 185 637 949 66 982 210 797 982 159 980 148 757 589 218 437 847 701 908 502 97 649 1 746 445 346 663 360 26 110 831 782 713 309 948 803 466 675 584 991 10 166 13 59 789 76 867 840 67 412 23 976 252 401 950 430 307 182 492 87 277 100 375 477 605 692 154 887 79 893 786 890 416 533 507 174 599 584 120 633 343 313 260 436 176 467 308 111 73 597 617 996 581 330 46 302 519 597 598 912 663 132 234 798 802 908 133 461 732 742 856 360 733 315 125 145 307 725 924 380 597 738 486 690 315 199 773 10 382 976 944 392 571 889 512 595 511 395 44 383 90 487 820 679 803 412 903 96 910 361 581 478 176 434 796 31 911 947 652 697 634 237 105 100 748 266 835 112 863 18 479 205 170 596 459 660 562 892 436 544 842 863 464 756 154 670 563 612 929 118 945 875 154 476 80 543 728 
905 587 294 153 794 230 382 596 148 622 720 530 193 347 779 853 325 156 751 547 959 281 56 289 328 319 399 800 246 118 487 944 53 857 428 119 658 570 172 815 63 788 690 667 213 277 815 752 612 714 575 347 660 72 252 503 34 371 541 403 17 554 501 884 262 829 219 543 466 627 93 405 29 141 283 445 534 954 468 243 197 521 220 290 661 768 816 674 227 104 455 74 487 436 344 396 925 925 19 115 834 8 394 765 646 34 555 312 430 584 516 86 623 201 629 856 234 56 164 268 507 683 635 830 39 437 578 456 200 435 524 801 994 641 354 655 747 682 746 388 628 466 997 169 738 11 323 197 412 337 671 108 10 446 530 200 745 941 25 864 857 583 845 11 707 7 750 962 771 774 207 841 81 141 520 740 463 374 934 977 609 634 746 841 480 361 396 918 366 186 469 780 503 224 207 663 347 833 854 864 229 629 403 510 355 11 348 103 788 115 45 372 699 451 829 245 198 866 440 233 884 431 32 723 282 919 714 350 284 935 737 967 708 736 214 749 316 420 850 993 547 993 585 693 545 77 319 454 282 36 447 601 437 945 487 39 410 627 885 712 341 379 200 937 861 750 631 885 443 335 354 668 107 169 594 70 163 655 417 662 390 341 617 686 152 786 717 967 175 476 585 293 495 778 771 28 881 727 295 685 440 972 452 511 676 738 527 69 26 42 283 955 321 189 261 128 845 866 561 34 474 227 326 685 944 302 546 857 569 428 958 431 467 332 231 801 534 661 721 468 524 413 644 14 876 388 340 847 717 576 354 970 970 111 268 152 346 902 348 937 564 244 787 377 373 966 812 340 265 369 392 785 811 265 957 344 925 915 694 667 262 92 232 485 167 457 914 934 508 547 498 66 738 968 527 221 924 211 810 358 62 694 868 286 422 573 406 111 486 450 810 460 826 911 61 725 641 832 953 551 230 756 348 173 643 96 874 937 882 722 107 376 884 333 124 441 349 401 974 4 806 1000 521 2 512 313 199 424 808 900 648 963 464 138 745 778 832 986 867 174 158 635 309 811 299 221 785 931 809 830 142 607 741 813 307 581 344 360 575 143 853 30 448 337 922 244 34 297 927 240 427 860 656 175 592 901 179 391 586 948 
704 955 886 632 987 770 63 996 802 135 540 803 103 990 145 587 933 251 358 434 162 786 354 596 665 350 326 15 468 346 912 661 92 729 982 79 776 918 31 721 55 35 15 450 118 715 947 136 584 582 55 789 72 23 864 28 463 414 445 577 951 223 259 676 788 583 397 844 413 242 328 970 190 14 648 957 370 541 173 311 115 445 795 786 497 983 516 941 20 946 77 675 946 325 771 346 992 270 132 182 577 589 493 937 54 504 119 788 331 509 24 490 222 601 675 209 350 635 287 167 991 71 920 685 383 356 239 534 664 789 754 407 180 512 940 788 649 792 371 535 82 522 348 487 825 361 126 201 381 114 264 745 720 704 396 647 957 725 32 10 148 229 489 726 510 962 662 437 895 414 541 150 5 421 872 327 997 822 773 268 416 189 416 925 776 2 193 889 509 703 470 357 13 461 894 170 695 827 371 2 702 691 100 641 558 213 205 83 800 327 40 736 814 331 591 930 109 983 497 403 877 35 216 295 282 605 492 133 864 628 586 580 440 30 250 911 36 74 67 961 452 77 614 295 543 645 53 264 201 375 522 237 511 560 583 591 899 102 369 365 519 53 244 243 92 320 453 690 504 581 825 450 624 751 144 759 875 402 409 334 915 529 981 798 930 591 995 455 264 943 38 444 470 724 161 807 938 768 133 833 168 245 264 14 445 117 78 770 923 42 684 830 339 509 81 856 190 839 291 70 233 369 579 840 364 435 32 64 874 367 52 19 6 211 512 93 497 424 360 558 566 710 478 878 249 468 296 769 723 649 657 363 351 707 567 850 618 610 202 246 20 660 928 290 65 791 576 567 518 776 429 484 291 646 110 352 342 341 128 795 961 300 690 472 81 534 76 363 22 840 127 329 721 439 514 44 1 999 113 828 3 523 526 500 428 793 709 98 72 313 41 708 481 776 105 275 647 977 207 393 906 654 142 569 471 353 521 275 238 485 659 12 832 572 315 919 841 263 819 709 513 655 68 950 626 158 260 629 889 948 795 781 437 747 1000 358 992 761 462 333 576 65 398 926 109 840 331 875 464 800 864 218 728 423 433 551 580 461 628 366 639 448 934 727 87 447 797 368 155 112 881 931 584 954 857 892 394 338 999 401 
843 86 379 399 237 922 928 136 367 406 96 759 186 420 753 327 168 787 508 14 593 405 513 605 437 72 981 205 168 551 846 817 521 734 85 5 481 544 72 921 11 808 130 358 968 433 107 197 296 662 62 386 88 889 896 252 846 204 593 136 366 57 362 875 186 994 509 764 586 696 882 483 449 724 912 156 651 302 885 849 160 441 659 82 882 595 59 894 902 838 631 167 612 448 529 846 62 514 132 148 906 802 406 756 616 537 666 889 354 164 703 922 287 355 987 680 902 411 69 612 690 860 445 520 754 98 900 668 677 644 778 837 712 143 187 37 824 639 801 269 118 634 977 114 741 573 309 962 532 938 948 382 675 328 731 397 560 938 218 100 168 907 919 719 732 710 34 446 153 751 373 983 669 952 82 248 426 430 538 226 844 864 753 771 626 698 603 972 487 677 28 261 973 916 906 962 382 583 251 694 523 832 14 697 729 303 195 971 318 430 698 206 366 892 572 173 614 593 515 398 445 582 602 865 70 298 204 405 303 627 174 159 694 171 539 282 168 495 988 61 466 478 228 615 315 278 220 107 783 574 875 35 804 162 475 214 578 2 460 634 54 722 98 272 731 63 645 122 316 815 860 652 220 877 681 677 594 295 10 685 885 600 133 988 619 787 984 510 618 454 900 744 883 299 656 289 769 669 604 272 725 871 244 706 774 636 488 56 563 534 54 610 441 263 455 871 867 305 425 7 916 478 162 734 726 342 903 129 248 780 640 606 561 288 836 773 623 394 499 928 270 371 959 716 577 628 586 437 282 115 358 323 274 297 998 422 279 852 696 538 448 429 320 362 290 777 595 302 104 728 136 141 219 199 294 426 727 390 917 254 218 937 606 432 27 71 578 758 854 148 155 850 722 743 860 598 758 530 978 566 623 613 7 591 835 962 195 987 162 646 489 330 786 740 258 671 887 593 412 744 988 799 896 995 492 322 358 808 39 60 169 195 358 193 834 846 533 387 293 544 690 963 454 648 482 43 898 968 566 590 429 818 440 692 30 795 488 631 788 697 588 895 151 414 859 781 215 450 881 522 949 298 192 237 611 402 562 687 141 611 153 727 668 165 122 499 470 899 509 837 7 714 158 650 173 39 753 321 399 227 
671 664 787 343 922 605 874 295 202 991 100 944 806 531 50 409 170 909 320 780 427 973 751 817 115 421 443 14 429 228 745 672 847 660 231 600 906 67 569 238 499 131 614 743 455 466 143 222 641 698 251 572 955 542 171 639 53 393 969 875 424 550 494 27 114 910 664 581 471 326 136 889 4 764 557 72 403 933 394 412 813 121 896 468 107 681 996 556 19 229 486 518 275 736 302 506 558 832 503 694 89 718 128 343 261 866 831 123 490 732 365 835 656 522 455 252 973 693 137 688 213 218 531 663 125 169 169 303 493 159 659 635 233 516 281 207 430 964 69 912 397 294 29 555 57 262 551 372 712 50 620 595 827 359 599 389 189 633 510 352 686 877 77 764 981 623 907 298 199 834 398 118 106 523 477 844 896 484 913 796 788 625 579 117 742 972 220 906 222 849 854 799 593 57 661 497 951 416 269 177 873 573 747 943 675 188 443 718 437 884 461 156 273 993 334 765 756 162 184 244 349 937 376 530 591 788 115 378 134 134 672 842 283 60 4 250 767 760 8 401 705 944 610 140 8 827 783 333 895 585 779 797 235 184 366 106 510 173 638 311 290 417 908 574 108 960 856 726 46 575 436 628 107 925 346 99 207 270 236 516 334 680 790 315 617 510 990 135 176 637 695 256 19 146 808 93 327 720 489 420 320 674 334 577 810 645 378 675 624 635 885 825 777 903 801 144 534 308 600 665 796 619 478 68 994 296 389 327 297 340 812 741 398 33 495 935 369 703 917 867 82 329 804 678 777 799 588 986 634 833 358 720 34 880 746 429 957 12 547 252 67 605 772 151 230 955 751 61 557 716 433 338 245 769 175 1 876 391 263 371 101 46 374 68 547 195 684 145 958 141 290 748 678 82 575 779 770 752 421 597 375 387 431 506 314 698 367 932 844 23 129 721 728 770 104 685 605 124 580 850 652 164 41 439 89 892 694 578 345 369 634 157 208 669 375 985 95 332 91 349 832 824 522 517 74 69 118 291 778 548 378 534 463 728 801 461 948 938 329 90 588 613 702 30 663 65 528 912 934 288 940 342 984 242 812 135 74 336 934 814 481 594 125 319 192 418 521 390 591 373 711 220 897 533 512 17 572 864 651 88 
782 813 154 509 132 204 93 7 970 435 881 157 122 711 293 147 405 217 498 545 579 972 569 232 586 40 906 428 919 905 999 367 127 628 85 891 29 726 190 461 770 860 470 738 333 130 692 555 512 741 140 456 158 224 895 214 965 751 529 248 144 44 94 734 298 548 268 504 881 841 30 649 624 814 94 644 363 100 552 207 760 311 39 394 266 704 176 150 956 145 984 205 912 458 486 765 693 630 48 876 122 364 198 83 222 358 721 242 987 188 210 359 701 414 130 838 526 236 933 79 783 638 213 3 38 106 456 164 18 25 720 207 335 432 846 867 322 262 39 574 364 979 426 859 959 939 766 550 250 965 182 939 972 351 41 322 562 197 779 923 48 357 158 745 329 428 854 464 758 694 543 726 880 608 991 147 231 405 643 424 742 586 666 721 429 499 939 586 212 258 800 466 399 347 416 642 598 56 133 700 434 221 914 691 375 763 498 327 748 573 872 173 459 276 698 312 56 771 261 426 172 138 287 737 991 186 894 330 328 37 92 990 324 348 175 974 607 381 730 23 885 298 678 950 544 298 550 658 367 718 237 684 779 164 343 344 817 467 410 680 926 411 635 341 709 745 1000 285 794 717 41 523 789 605 165 345 133 701 757 830 713 597 979 479 127 752 265 487 708 181 122 310 952 232 929 123 710 951 707 617 607 812 741 170 673 989 84 231 514 548 121 259 215 63 249 371 466 567 917 421 263 489 838 579 422 343 943 62 750 740 496 866 870 257 406 670 826 810 836 688 199 991 471 970 599 940 917 127 731 592 891 68 460 486 784 286 344 365 69 479 861 984 913 208 935 892 182 622 377 597 165 772 620 663 370 812 667 685 503 797 851 60 274 402 579 901 758 745 343 13 802 55 843 259 684 259 2 414 867 681 757 45 462 515 666 516 640 295 522 225 409 867 672 826 419 529 970 165 745 706 569 244 295 60 337 310 881 379 32 231 365 97 470 787 768 925 680 285 602 220 340 353 145 802 196 923 709 143 523 806 72 666 560 804 804 359 590 745 994 904 671 838 542 12 92 86 235 986 694 490 608 515 369 564 639 811 950 774 26 534 732 593 484 866 76 221 776 712 849 411 621 914 257 747 756 395 39 374 895 657 
428 204 273 468 698 219 933 540 846 284 976 348 167 925 69 984 795 110 692 167 740 20 243 160 45 559 400 575 496 788 195 876 291 282 174 959 181 149 945 686 252 140 967 362 468 835 99 213 390 335 528 668 423 685 987 444 516 585 129 470 22 328 696 90 681 364 455 228 820 51 12 849 760 350 137 640 41 594 653 721 686 545 60 519 432 221 94 5 604 226 328 129 713 929 69 650 384 875 219 339 614 324 813 141 115 707 652 910 440 803 532 348 962 707 255 312 537 845 452 522 399 433 181 888 737 695 172 422 407 791 603 252 939 1000 677 882 52 786 176 725 983 301 112 982 954 805 650 71 648 172 597 493 980 638 832 515 870 131 667 548 214 870 239 983 940 48 44 136 459 180 871 227 832 24 184 951 854 609 740 875 983 755 408 548 115 130 224 66 425 676 170 310 189 659 22 443 135 835 538 711 448 568 159 688 218 381 117 559 239 204 823 398 294 545 182 600 956 677 30 261 16 171 411 266 941 252 113 602 582 898 358 87 819 879 497 206 446 179 230 854 979 696 153 207 939 430 326 538 951 901 186 108 637 855 996 185 765 529 936 323 408 940 889 256 61 824 836 772 122 91 189 92 28 204 786 925 351 163 129 688 397 141 659 743 47 904 645 580 109 386 642 525 813 834 91 953 348 203 857 898 696 28 304 736 633 705 276 538 499 199 63 123 117 586 378 661 78 895 496 169 181 40 417 258 69 851 875 588 82 65 272 296 919 999 232 300 194 887 669 924 190 931 408 427 319 679 839 952 939 339 27 417 341 491 938 696 521 199 962 616 350 241 56 965 383 251 348 198 32 292 45 252 304 846 627 624 435 177 497 62 837 381 670 996 406 522 152 304 351 487 488 396 160 652 683 267 984 361 69 360 457 946 446 587 561 905 297 946 353 322 841 33 355 868 667 554 414 933 497 443 281 955 4 569 977 698 887 920 690 376 227 920 703 961 478 583 218 699 874 905 114 978 87 495 615 513 672 251 559 381 214 831 102 82 407 216 488 329 668 238 542 744 69 760 689 696 477 721 602 525 462 685 749 719 250 210 577 731 222 686 488 465 503 245 447 676 241 927 532 587 523 427 883 314 421 966 327 599 277 377 
648 774 44 750 210 980 75 528 735 107 732 437 73 642 827 357 786 785 393 735 175 992 444 984 433 637 520 139 913 367 972 751 62 78 716 3 905 902 338 394 963 88 268 823 339 151 915 663 593 323 704 185 937 615 223 534 680 130 257 551 968 480 691 635 156 934 992 326 930 256 542 113 899 594 235 139 532 17 527 19 250 903 590 259 720 616 611 291 184 144 862 754 467 504 57 949 312 5 494 342 70 287 225 579 793 178 996 891 358 511 150 409 375 239 115 222 190 868 625 368 346 200 984 740 306 258 191 205 452 660 727 882 331 797 417 281 196 559 717 94 672 761 305 873 960 282 758 242 697 330 849 933 868 985 615 13 605 339 709 275 102 362 74 292 875 138 414 371 733 626 983 203 322 144 472 810 299 385 576 767 747 747 290 514 296 587 930 749 636 669 27 86 328 816 337 586 853 677 241 521 330 434 258 419 309 819 466 518 994 996 40 221 603 878 526 231 245 31 450 636 431 184 288 1000 802 821 658 61 337 102 490 299 757 208 653 151 623 267 528 580 19 569 271 467 146 572 858 332 868 204 575 106 407 603 901 896 730 649 829 222 88 118 713 97 621 803 393 317 410 983 698 243 120 659 733 115 14 156 857 656 155 467 120 799 971 734 770 549 929 437 523 779 88 980 493 970 298 780 350 278 37 16 47 45 344 287 538 284 537 278 353 869 940 811 14 562 915 98 830 97 984 256 60 421 475 729 143 496 4 98 739 906 560 429 841 184 884 807 445 765 194 139 675 298 358 165 65 989 791 70 746 498 86 883 872 348 376 420 775 146 332 117 729 513 955 606 677 917 930 347 95 864 457 955 414 558 849 856 728 647 839 275 982 73 499 421 270 968 71 198 460 983 104 134 64 155 959 180 350 861 516 594 472 323 718 956 195 395 925 613 572 847 684 656 729 503 791 215 983 665 833 454 71 201 522 844 904 632 690 639 450 758 281 708 511 936 58 1 602 911 474 99 813 342 477 406 676 58 603 472 315 31 852 132 976 46 89 112 752 952 726 181 530 409 633 18 957 629 315 119 251 36 385 146 547 629 754 36 543 603 413 104 521 402 242 729 38 896 381 201 761 563 98 97 478 278 820 483 738 612 
179 736 789 824 153 219 981 178 507 378 313 898 239 424 203 90 106 756 618 717 47 847 266 729 526 456 605 117 930 232 662 835 97 988 825 693 810 485 508 974 720 209 699 991 704 376 838 150 468 278 644 838 805 115 412 850 955 116 792 574 588 96 648 923 437 98 767 113 532 745 95 905 762 697 445 594 969 607 789 848 40 910 468 947 681 541 527 373 247 949 879 121 257 771 497 244 24 74 750 453 959 734 127 140 223 720 23 475 32 933 62 655 759 517 9 557 306 292 283 652 188 146 273 590 473 658 656 446 136 173 943 673 412 589 868 53 385 249 472 762 735 803 546 554 248 50 916 306 80 240 535 85 321 683 807 173 76 21 454 81 975 970 242 557 442 613 462 765 751 33 25 943 916 600 8 970 282 710 636 427 11 890 948 514 806 553 417 422 514 363 99 445 196 362 574 17 977 46 164 604 209 74 713 865 329 108 98 608 631 15 811 976 180 681 138 753 332 836 230 945 4 516 447 346 911 956 132 325 481 993 879 873 408 460 530 970 725 48 109 74 751 272 647 673 970 918 832 595 201 90 639 245 369 553 697 800 153 985 604 345 258 261 927 854 915 294 802 57 697 772 452 26 552 799 80 525 69 144 639 345 247 965 68 420 505 641 234 263 176 160 406 997 684 827 203 570 217 464 49 981 443 567 413 558 332 468 311 438 541 999 279 209 917 589 436 156 76 188 553 238 926 977 753 400 208 298 788 253 28 411 825 32 165 889 697 743 682 704 268 907 450 828 119 444 651 713 929 271 890 931 496 135 266 789 126 428 813 987 338 878 516 126 176 784 206 595 352 629 274 714 447 251 4 142 944 746 577 802 456 867 292 846 85 872 284 428 732 616 91 69 692 631 767 850 414 174 910 708 73 8 844 490 71 152 412 318 114 787 512 407 732 249 928 772 456 115 524 509 276 555 938 425 803 438 558 142 885 267 765 189 973 880 976 41 861 185 489 971 172 751 958 328 195 706 288 485 627 734 915 736 30 503 91 334 503 205 658 347 891 717 260 861 972 989 479 463 801 981 891 46 239 494 413 454 318 492 931 930 28 43 911 61 458 770 820 244 272 274 218 824 536 5 489 20 941 519 151 867 139 533 
42 494 387 152 988 152 301 384 721 450 668 400 354 222 55 494 7 772 933 502 382 789 654 507 390 827 97 933 178 613 618 962 974 596 264 301 555 647 375 286 363 558 738 838 307 40 350 241 67 933 263 489 983 403 107 423 898 146 72 137 735 686 783 674 24 103 933 492 907 642 37 462 632 701 775 133 522 589 367 868 256 912 845 508 3 449 256 313 94 239 842 778 383 781 369 510 599 399 803 23 290 393 511 768 839 192 731 806 440 724 89 359 903 828 216 109 956 192 956 329 360 5 30 711 440 683 913 598 715 37 465 164 642 245 284 652 906 46 901 815 187 622 69 290 638 434 720 285 969 215 865 215 850 809 909 770 148 423 447 194 388 504 857 165 586 22 877 690 825 215 767 633 885 475 355 829 703 417 885 772 162 887 828 611 858 885 630 297 434 121 267 914 242 689 329 248 434 867 306 49 122 980 382 172 37 25 722 272 337 865 118 282 807 591 264 981 450 401 690 78 682 146 700 966 742 647 577 79 259 172 82 723 398 396 989 623 371 802 747 739 924 803 708 735 936 568 315 612 529 460 537 639 964 417 499 150 886 835 715 368 211 954 750 599 630 80 938 84 839 118 966 478 384 118 55 562 966 1 390 690 72 30 427 717 808 407 519 394 516 876 197 500 508 172 814 620 561 887 694 698 778 68 482 329 710 939 206 637 536 930 393 221 125 552 567 561 663 604 578 682 543 563 663 604 749 874 345 628 7 538 369 49 515 69 592 956 964 489 90 343 742 412 27 343 810 562 974 89 968 46 754 662 416 623 867 782 222 661 145 517 625 456 490 696 66 15 392 918 284 697 283 735 832 54 189 14 782 66 616 270 547 559 391 501 957 416 903 347 671 613 275 81 373 697 162 177 367 429 242 369 109 122 472 919 47 249 575 556 305 475 572 744 216 287 331 569 760 471 51 123 65 433 298 702 821 254 673 2 578 541 461 516 487 29 995 669 313 404 912 647 483 826 267 127 479 853 676 752 792 251 473 142 522 537 268 821 536 518 886 197 547 903 938 462 771 81 297 507 480 16 121 560 421 633 77 547 529 201 794 836 21 621 671 412 388 430 810 542 230 818 618 224 811 620 520 673 848 806 245 695 
851 60 922 927 597 504 185 572 245 596 551 427 791 844 334 916 926 631 740 793 151 345 261 524 361 811 89 435 213 741 277 170 186 832 530 972 565 286 728 281 195 550 73 495 750 120 725 616 393 445 905 327 851 764 622 514 109 380 787 397 668 749 554 685 933 949 195 279 412 155 418 196 939 357 753 134 619 50 526 215 195 727 418 558 491 370 855 352 191 320 486 567 620 167 275 126 229 738 890 24 298 528 151 116 189 636 246 265 420 170 62 857 198 886 655 191 766 396 61 175 432 335 92 778 478 962 594 662 664 152 858 511 760 452 398 744 114 16 937 400 19 415 776 429 952 577 719 825 212 937 387 95 110 983 771 988 792 271 5 437 288 622 601 332 332 144 584 66 568 451 242 947 352 353 218 333 467 544 747 654 437 329 695 664 659 843 419 518 116 165 652 267 68 133 888 279 160 451 172 504 865 373 73 602 657 25 125 871 974 548 139 461 585 5 426 714 502 272 966 512 145 580 560 784 429 988 214 896 459 694 115 764 772 69 605 725 247 102 809 396 90 364 22 854 945 100 435 517 751 417 834 474 343 693 633 524 249 972 877 390 749 824 173 988 977 307 47 732 275 425 765 701 653 857 557 872 804 919 460 89 438 971 480 268 246 775 423 767 562 724 131 795 623 961 522 529 393 712 799 935 196 1 602 320 729 370 168 77 290 629 811 421 820 416 319 117 231 35 593 768 927 364 800 501 511 394 449 252 82 619 828 934 538 470 40 462 533 104 774 923 371 103 520 483 72 16 336 71 745 616 688 297 520 333 670 30 383 810 891 227 102 221 599 992 133 713 214 151 505 738 25 692 551 148 197 682 593 586 475 305 539 295 668 561 509 622 787 956 814 66 664 271 660 957 72 431 190 937 605 83 5 40 134 790 943 436 864 473 938 726 944 818 439 783 837 743 214 240 231 217 684 953 231 640 724 820 470 466 915 823 645 162 850 27 280 218 193 576 121 754 648 53 982 740 109 961 146 5 948 210 812 643 945 896 633 870 879 353 514 136 126 450 806 572 79 267 669 337 559 344 290 859 188 270 326 789 515 572 196 17 941 412 600 355 86 22 630 937 467 116 956 75 478 531 279 937 883 878 6 329 
64 682 497 406 247 330 207 279 699 600 698 124 651 975 467 369 737 324 789 793 986 454 275 273 627 249 832 625 680 767 259 507 876 169 518 217 896 736 891 648 772 126 13 951 917 43 711 293 532 497 95 365 155 798 984 851 142 653 883 980 806 619 659 7 396 850 547 93 967 776 367 393 149 701 613 560 572 79 730 559 710 405 412 95 614 293 91 986 821 726 726 786 51 908 935 861 166 639 886 810 444 291 662 907 857 742 618 760 902 99 117 495 583 777 483 94 459 706 868 980 610 388 74 106 433 890 311 925 268 384 720 120 535 905 294 172 453 368 795 567 117 368 727 21 1000 44 934 753 11 286 850 266 988 656 215 446 118 140 810 879 853 564 344 751 137 257 48 765 339 332 489 741 112 237 218 113 415 807 34 906 973 832 302 564 739 785 852 52 500 18 417 67 145 899 239 175 833 75 204 854 985 321 763 18 239 307 435 411 590 65 170 359 808 696 287 490 256 896 570 918 891 365 148 889 209 670 229 536 895 568 306 967 401 191 491 110 74 729 565 379 356 987 372 434 134 15 830 20 465 44 600 706 825 645 50 104 875 165 786 794 51 31 929 760 202 431 959 937 346 207 214 304 617 908 785 121 791 941 523 418 136 454 520 361 759 32 364 834 889 302 261 45 485 776 377 945 309 464 567 931 237 462 559 372 582 796 969 461 769 713 150 148 108 749 88 268 374 329 898 789 458 867 119 433 302 668 452 130 480 883 133 963 389 766 272 589 65 92 595 399 54 51 62 194 525 490 641 553 269 277 188 43 166 884 240 773 596 587 752 978 13 447 583 651 897 174 520 93 420 99 448 389 317 763 572 667 139 100 930 89 500 478 801 26 437 240 383 627 81 964 606 51 43 317 725 586 777 62 736 610 70 58 496 864 150 907 24 41 703 475 588 188 811 316 266 996 464 528 653 66 996 783 605 732 546 52 17 103 502 55 848 926 47 144 50 232 601 624 257 378 111 376 127 906 403 422 446 335 814 203 338 833 966 45 839 996 34 685 25 212 230 560 583 255 151 630 71 645 174 76 144 336 797 802 938 43 163 748 630 252 823 425 69 186 605 69 193 717 91 575 966 967 579 73 862 334 23 27 631 927 
62 671 285 465 496 314 62 839 666 799 674 83 667 755 127 587 451 424 518 821 142 90 167 98 852 571 405 331 141 711 217 413 911 439 311 607 320 479 651 278 714 326 394 525 362 920 440 245 495 765 692 366 914 927 373 843 577 886 195 702 291 763 198 953 523 359 584 496 382 961 505 88 259 402 405 328 228 817 47 345 881 460 92 230 743 253 208 115 666 561 946 263 328 127 518 298 225 261 261 461 168 129 535 204 243 650 820 141 658 741 869 509 281 270 126 190 733 637 872 642 792 996 167 726 180 450 72 248 194 761 233 423 704 751 302 772 764 174 247 436 347 156 706 874 983 667 161 78 828 46 284 288 778 840 565 859 80 780 870 506 132 491 882 660 621 530 13 214 141 935 557 44 831 695 542 320 36 442 134 622 813 617 941 965 903 60 178 558 98 334 797 58 129 868 625 45 551 34 990 628 381 909 887 927 718 390 168 399 871 403 941 838 775 421 218 257 674 641 239 543 380 727 856 94 264 628 141 578 38 536 431 852 951 319 869 100 688 744 793 175 912 679 509 174 105 162 141 260 744 582 780 662 141 279 693 552 537 754 608 315 627 475 184 240 464 245 398 707 958 589 40 456 503 413 263 366 38 481 380 510 226 739 328 354 133 175 373 574 636 318 928 208 469 692 978 814 298 16 635 483 119 230 110 721 444 69 891 510 875 185 719 823 457 217 908 421 717 535 536 513 705 641 341 801 251 658 653 111 979 511 236 526 531 370 851 964 992 592 345 598 225 715 592 455 924 136 807 485 555 646 237 233 113 362 745 693 272 85 697 108 725 395 121 522 162 113 527 920 553 782 72 446 305 214 773 637 107 702 579 300 153 964 645 575 379 138 137 918 129 782 246 59 975 883 705 289 284 500 513 765 297 918 785 925 98 227 991 579 406 374 270 208 550 578 111 817 479 176 712 795 495 492 547 429 626 439 205 697 473 971 298 418 543 136 691 341 196 929 781 999 141 693 960 915 626 47 797 520 845 701 693 3 347 896 496 354 956 616 28 516 914 901 18 777 299 285 31 285 495 201 864 291 625 686 227 715 101 28 813 916 597 256 799 352 268 305 103 786 7 749 151 568 94 530 224 944 798 300 541 244 
964 90 72 125 857 694 373 265 464 416 848 749 312 401 550 240 610 200 22 581 738 423 278 342 37 571 45 536 959 670 453 299 409 44 884 847 989 615 503 813 577 435 5 970 485 17 660 661 101 764 790 874 797 541 377 846 911 599 25 610 389 362 262 587 176 144 125 311 165 361 216 199 610 782 269 277 604 231 407 197 237 278 822 475 288 560 143 288 117 663 588 500 386 201 729 906 448 941 571 118 217 395 609 391 266 320 504 341 541 260 32 329 891 493 183 703 3 951 841 628 965 674 37 679 702 257 878 881 249 852 806 540 897 197 274 717 857 546 685 42 392 799 574 57 934 561 281 622 191 739 463 490 1 713 557 203 543 389 228 729 603 996 597 361 414 568 370 793 1000 892 973 235 478 865 34 350 382 267 708 735 787 963 728 90 912 795 211 32 39 771 564 792 447 894 825 110 967 91 251 667 149 188 104 522 37 25 980 158 787 866 167 524 415 983 157 236 922 104 944 102 540 595 398 239 484 697 250 985 372 367 298 675 298 436 462 477 231 864 172 98 5 479 707 211 155 408 534 328 792 457 116 629 320 606 809 366 490 29 279 466 437 315 394 281 46 572 614 654 443 285 169 146 501 393 328 765 775 701 834 893 192 605 431 733 107 563 838 525 313 147 433 243 659 103 217 76 297 395 169 43 281 440 796 102 505 601 605 595 500 39 138 53 260 469 240 350 83 315 557 731 641 706 880 211 988 988 408 942 260 177 454 685 970 34 604 125 627 958 299 83 8 453 182 519 43 368 776 552 353 189 533 58 467 299 435 10 530 474 639 422 981 55 375 524 492 90 411 969 778 25 746 894 133 224 806 594 589 559 150 690 246 601 64 937 85 685 259 255 916 151 77 115 582 869 250 785 289 881 63 513 406 760 697 596 930 415 273 711 322 929 356 94 241 216 779 928 169 25 160 540 626 326 155 518 486 857 743 130 416 230 904 460 568 526 785 37 912 410 416 895 203 302 800 299 578 249 737 646 622 646 361 200 901 924 801 184 189 662 472 736 225 513 8 644 391 617 522 505 509 378 562 760 263 903 466 48 881 237 328 605 28 45 663 242 667 587 742 559 795 857 859 451 917 891 245 952 306 961 299 568 
379 503 768 283 605 659 524 134 767 731 369 139 436 117 282 724 774 811 899 380 177 652 512 171 218 540 984 935 51 959 158 698 97 752 354 801 176 595 484 486 2 300 244 714 268 462 81 604 525 107 760 47 45 727 385 695 242 723 88 202 970 106 480 647 695 181 208 240 221 206 275 310 580 63 832 80 790 777 270 659 680 236 772 553 953 89 844 873 860 184 686 722 709 370 604 375 893 94 873 121 61 389 936 559 948 229 510 190 33 229 470 33 456 812 185 712 756 754 370 456 792 524 402 821 222 584 672 818 99 349 998 324 89 671 388 858 706 485 917 749 637 387 652 687 451 702 972 701 846 835 322 243 822 286 659 420 67 284 245 887 714 583 191 89 1000 53 967 341 447 303 727 891 779 218 966 19 795 552 144 55 760 147 477 940 815 175 75 567 574 405 531 240 289 454 555 248 98 630 584 121 913 244 802 809 9 627 909 406 999 330 667 672 800 139 955 298 930 70 831 366 446 283 849 739 64 474 995 992 223 738 105 286 842 883 575 55 881 149 625 968 567 20 846 271 344 194 524 740 710 707 842 817 924 191 400 226 735 633 375 339 287 42 199 364 889 581 973 773 322 24 137 265 155 392 409 468 607 97 599 203 389 607 282 744 318 800 263 283 990 246 358 968 811 213 725 163 398 481 421 3 564 125 350 368 875 531 651 166 877 567 941 832 959 538 592 99 14 950 936 935 134 870 105 310 314 252 417 930 402 280 607 73 143 259 816 559 64 775 597 935 979 956 725 977 26 122 940 122 235 651 25 719 229 388 504 767 227 630 356 427 923 457 482 975 436 867 430 861 209 547 534 166 343 321 9 271 960 698 293 253 509 308 250 145 725 997 243 490 217 452 574 85 371 44 727 988 889 860 273 506 558 520 784 74 707 349 727 786 280 455 116 452 436 35 749 166 597 611 737 294 89 757 910 615 913 322 822 290 256 479 537 469 207 149 625 540 878 897 927 803 962 835 601 806 921 807 1000 14 438 998 435 588 652 985 389 939 101 658 743 416 360 971 757 168 548 979 137 501 736 756 75 880 206 830 971 765 474 769 436 361 62 941 512 837 91 977 147 183 479 437 193 957 98 681 422 65 590 33 130 251 
233 351 977 250 364 983 483 367 145 536 528 623 511 8 177 167 125 45 199 989 744 826 677 403 204 656 364 762 100 424 442 679 394 273 625 424 781 854 353 14 821 821 701 424 976 552 902 763 82 595 442 435 582 314 658 64 720 576 527 905 230 279 410 569 545 587 357 588 183 788 828 696 926 271 259 364 873 244 119 937 826 742 188 347 835 868 170 845 756 826 806 583 892 510 633 994 88 684 387 437 292 217 653 535 29 471 850 787 538 5 595 593 62 995 92 291 566 313 203 547 730 885 138 397 382 582 208 688 798 428 348 643 515 51 372 937 928 636 769 12 531 306 291 995 28 268 460 276 295 952 13 792 898 242 410 849 221 743 263 676 915 316 215 85 949 525 721 743 569 918 961 337 333 939 199 231 574 177 473 54 695 177 890 797 354 480 391 28 151 23 885 645 360 779 381 389 144 652 235 81 663 638 481 264 647 945 806 285 619 969 966 121 660 397 616 138 963 352 193 390 302 9 964 341 51 418 350 386 574 234 715 207 762 515 803 43 329 916 633 197 387 60 113 181 776 803 703 751 198 545 344 439 25 66 882 867 750 232 274 651 702 623 688 737 258 670 740 896 227 995 928 135 407 803 275 914 850 372 233 932 602 915 483 119 897 580 55 455 56 621 648 737 376 954 947 879 80 926 759 25 109 110 970 626 813 414 923 208 74 167 244 33 23 951 899 886 644 23 92 160 337 690 921 405 436 147 316 433 995 740 970 836 432 974 304 256 279 347 875 231 401 965 41 70 381 612 760 403 452 346 937 400 106 407 116 157 411 139 115 559 843 967 830 482 875 314 434 272 84 388 897 823 933 397 959 347 669 187 345 776 727 589 494 950 873 443 907 474 747 721 159 777 768 704 979 860 37 715 432 745 44 561 333 335 232 111 63 832 950 971 351 388 31 809 930 409 528 638 844 812 118 398 761 198 986 605 169 304 977 704 97 805 47 985 177 329 313 772 681 548 359 589 586 598 148 845 678 275 494 697 127 835 883 761 801 296 321 337 495 895 436 433 726 10 822 21 835 107 112 596 940 881 107 904 737 208 548 858 434 98 267 795 838 720 322 419 582 366 598 890 237 689 383 71 878 977 400 124 59 415 
557 117 394 341 471 877 909 992 393 255 389 559 415 509 167 80 707 299 745 599 552 264 789 718 171 33 914 683 652 454 251 275 496 122 697 266 804 707 550 8 65 765 1000 930 115 278 954 278 231 809 890 245 151 788 189 990 143 824 386 694 756 572 921 385 930 712 697 350 995 922 988 982 102 899 987 612 309 14 921 649 773 982 881 446 739 493 590 257 99 964 414 939 728 205 765 719 386 9 507 883 307 523 966 388 31 185 798 291 783 798 434 273 669 561 845 403 964 579 791 478 759 523 309 706 350 482 289 926 8 917 271 511 540 677 341 672 765 704 680 88 392 574 206 670 175 611 174 445 779 415 705 55 531 591 952 875 784 698 715 934 468 427 397 11 798 417 848 27 974 88 609 179 64 221 132 103 307 979 526 258 975 1 892 203 48 576 719 918 493 853 308 344 287 243 252 447 561 246 873 853 484 519 827 564 800 555 453 814 698 66 283 123 416 272 560 41 861 901 713 435 245 44 51 34 511 694 237 316 846 533 677 526 574 664 604 674 902 793 289 785 970 287 862 912 270 332 28 435 978 542 303 850 416 839 505 557 342 819 552 632 203 117 407 398 748 272 941 463 284 318 943 442 205 378 175 857 545 454 497 223 863 492 425 714 150 437 878 745 203 979 356 76 330 934 317 565 662 649 334 778 625 146 297 719 634 92 165 782 554 541 47 759 132 830 670 637 968 974 258 637 670 853 307 384 690 625 312 563 429 579 78 59 213 998 877 762 713 733 505 871 447 201 173 297 162 117 967 890 156 987 380 483 311 370 858 187 588 997 712 208 151 165 966 337 408 994 859 457 587 620 362 436 914 444 484 142 480 1000 740 800 612 411 93 274 383 9 196 943 630 491 644 987 782 599 517 542 107 421 300 365 854 625 474 77 250 675 700 38 302 376 141 825 535 118 893 210 525 802 303 467 266 18 957 670 337 18 285 120 45 735 600 862 36 173 535 57 56 240 188 473 836 460 353 243 966 149 155 234 672 30 356 167 247 587 75 696 680 181 84 953 566 25 111 228 644 471 737 466 234 114 733 376 442 485 57 695 711 944 136 36 379 61 330 810 165 677 302 16 668 329 226 975 14 314 528 487 806 511 842 982 
530 978 695 953 936 1 196 950 956 342 972 510 419 277 698 758 916 633 357 792 843 21 289 483 109 331 660 407 947 302 32 647 527 143 849 84 823 811 211 366 188 655 446 994 257 849 964 497 468 502 72 694 439 602 575 365 107 899 731 964 105 940 595 627 577 858 853 699 598 801 342 360 967 524 687 102 582 262 592 573 862 964 929 67 143 199 189 406 105 778 77 646 778 536 245 148 640 538 240 861 141 107 789 12 389 828 7 427 233 486 613 424 977 404 518 536 331 492 498 444 502 433 449 845 221 218 724 328 748 464 197 914 788 650 15 458 927 80 61 234 274 345 20 315 461 69 312 395 835 410 63 680 306 191 943 1 538 435 577 344 238 155 482 714 868 205 749 730 355 959 154 65 457 142 301 639 338 912 198 221 408 736 780 674 525 317 305 761 361 650 307 501 516 227 576 252 859 492 519 148 219 545 238 441 990 269 279 610 936 52 178 30 25 503 505 578 80 475 925 215 475 647 451 461 64 769 767 570 699 88 276 464 974 855 377 322 234 135 203 805 120 706 130 582 349 758 357 903 121 263 540 729 119 228 273 481 434 732 526 146 11 585 541 950 308 305 514 412 540 932 121 392 129 865 46 613 966 406 721 523 178 451 69 881 220 974 837 409 16 5 902 974 875 126 98 310 286 478 474 159 948 402 576 435 506 81 871 67 452 62 12 901 82 671 10 685 165 23 934 453 739 643 894 716 59 639 690 768 274 126 496 451 186 75 609 54 566 611 357 400 533 431 607 93 737 26 809 671 23 62 621 413 604 871 80 86 556 69 862 211 946 170 165 688 670 495 60 961 762 414 672 740 395 768 914 746 119 252 722 109 323 28 450 217 986 312 450 698 509 911 654 585 581 929 481 245 273 293 729 763 319 547 863 263 677 577 605 174 509 254 190 712 282 176 772 384 493 991 876 449 518 981 602 496 995 892 788 940 785 118 215 662 70 769 860 816 243 915 847 207 26 640 765 936 803 315 668 492 877 402 344 443 407 344 737 74 76 714 845 100 760 632 310 913 150 241 236 761 573 389 841 343 862 344 879 213 246 500 946 780 427 140 716 992 920 384 660 877 321 451 293 260 365 54 912 436 999 58 682 360 
907 624 747 132 745 313 379 183 427 108 981 79 501 499 41 920 489 732 162 754 992 632 884 934 761 918 339 206 897 949 764 463 174 563 292 255 779 816 458 998 314 530 110 279 301 943 942 259 771 108 836 682 731 344 17 144 562 776 944 329 197 809 467 820 221 167 165 752 604 135 956 250 868 246 469 394 562 801 692 249 573 249 2 763 177 452 973 820 770 196 879 731 321 238 118 697 351 947 318 488 165 878 824 43 967 449 921 338 628 640 211 642 463 906 12 622 347 147 912 704 144 68 719 237 231 933 694 28 327 431 735 685 13 356 200 921 949 187 827 541 148 124 299 398 393 920 945 851 327 326 874 445 364 293 145 960 494 829 819 30 362 468 895 928 772 49 793 172 605 522 579 100 72 622 867 452 540 378 682 26 743 52 314 203 798 865 29 442 750 495 229 663 825 689 543 161 66 838 502 827 648 304 600 703 194 902 244 718 766 689 831 923 289 790 265 114 270 255 738 516 944 362 539 23 309 743 382 152 432 538 797 360 244 165 508 95 609 899 101 83 393 508 495 606 39 403 174 754 61 488 977 374 322 871 14 790 861 61 453 796 940 830 335 753 251 288 717 914 21 949 527 946 660 579 347 267 65 459 370 979 370 908 642 336 742 789 797 548 449 932 524 583 200 865 115 200 748 642 907 161 671 93 722 612 31 895 483 921 45 159 829 853 853 873 892 546 363 356 914 393 265 587 323 592 427 428 555 99 735 746 487 892 869 234 534 666 659 535 798 482 965 638 639 648 854 298 920 276 649 213 267 861 654 114 145 263 677 238 948 132 132 368 665 59 1 980 922 434 382 292 989 453 647 665 999 612 941 340 646 622 672 631 640 768 950 386 15 395 6 647 937 649 388 133 377 205 522 805 263 149 730 581 176 393 453 943 294 505 603 249 789 808 273 587 467 602 643 523 988 614 847 712 576 515 797 376 286 932 728 418 277 324 454 299 815 760 118 113 251 526 14 57 30 650 898 224 58 362 212 732 618 438 703 352 802 802 417 290 393 271 219 629 99 213 458 893 785 600 915 678 248 389 576 43 849 787 837 551 837 26 57 469 183 445 614 192 431 558 223 314 890 774 899 181 211 745 638 131 71 555 
650 846 539 477 608 343 454 757 377 47 878 9 267 511 763 337 460 255 158 575 647 208 768 656 281 987 274 592 43 30 80 623 277 226 28 221 119 806 316 686 950 57 899 6 384 649 168 411 961 734 328 853 809 213 980 959 644 126 67 938 711 158 789 165 515 826 965 959 107 367 172 760 757 628 965 154 642 227 4 324 605 988 629 136 286 193 278 81 644 847 708 407 836 401 134 133 156 588 780 305 494 515 21 825 604 208 555 334 728 374 840 322 25 778 932 608 573 491 909 247 473 797 502 367 833 130 83 303 600 627 482 316 350 985 593 555 837 646 30 632 18 538 275 14 84 799 686 733 390 235 618 578 396 793 864 625 806 798 635 116 16 452 494 329 509 65 182 212 407 725 94 113 576 878 406 368 790 379 291 414 377 642 181 16 283 50 859 271 780 879 751 66 946 977 657 582 723 828 276 421 802 630 403 353 691 178 361 408 687 551 955 301 398 175 102 98 8 488 663 600 769 397 423 241 704 50 851 596 662 434 397 166 351 712 188 137 570 471 996 822 392 210 837 481 238 619 916 256 818 892 332 115 943 159 138 627 209 686 443 99 760 753 327 23 684 492 98 687 877 340 430 122 359 725 674 321 135 237 424 210 33 749 569 66 693 989 185 263 685 69 611 27 63 748 882 161 43 889 124 508 196 618 48 875 582 327 617 399 787 149 617 345 509 716 959 907 331 800 44 317 661 248 944 364 381 160 72 641 667 527 676 544 103 224 265 851 660 952 931 497 809 492 361 866 943 312 734 608 162 752 994 317 39 743 917 462 442 520 703 50 708 127 40 250 326 630 458 337 497 169 64 376 41 186 406 808 102 762 469 343 872 323 580 382 493 704 112 488 892 137 616 171 550 880 384 756 50 21 803 748 301 714 504 309 244 933 608 98 57 457 157 729 143 243 74 690 766 989 530 52 372 877 610 308 954 379 990 237 682 205 204 94 121 258 458 774 632 224 784 256 722 422 902 430 574 792 780 847 210 550 283 505 443 620 518 429 982 615 552 541 550 469 828 277 308 873 247 692 111 632 246 626 81 383 455 782 221 337 729 519 945 810 362 871 352 797 436 789 540 749 879 259 902 421 108 491 822 32 767 263 
808 448 106 679 652 703 217 866 828 727 754 728 468 594 408 989 571 392 420 542 299 876 658 193 746 454 740 54 159 910 865 663 3 813 435 249 333 676 164 736 364 129 414 323 41 892 173 605 492 406 629 431 540 725 994 421 475 511 683 415 119 316 502 972 201 121 874 222 555 230 223 425 179 727 534 49 306 563 56 205 196 158 112 559 381 959 567 697 704 16 626 79 878 225 518 854 360 316 255 152 286 766 900 940 387 26 202 240 902 469 106 790 985 985 20 624 480 642 240 747 505 250 521 444 381 781 864 109 594 892 210 645 406 779 344 267 19 9 770 57 614 802 715 33 853 238 234 144 563 7 990 580 870 509 120 967 179 529 909 49 238 364 634 671 259 469 894 133 27 53 549 20 760 459 922 116 479 357 362 536 432 221 905 876 247 640 366 232 360 949 901 729 84 794 384 556 102 205 692 706 356 709 188 545 198 735 185 200 464 799 812 808 495 85 257 828 541 739 772 415 620 688 432 415 612 30 115 221 958 987 299 665 100 385 527 104 926 862 301 653 166 804 719 561 158 334 661 66 574 223 809 820 192 794 277 578 223 240 980 714 691 518 922 900 349 274 205 761 714 473 953 819 562 163 252 985 974 337 382 735 628 59 750 575 378 715 557 969 772 73 627 139 469 134 115 505 342 352 823 708 402 600 467 554 157 452 75 401 496 933 28 187 206 464 595 167 92 837 39 246 338 497 504 496 532 108 612 626 775 842 549 496 436 209 820 154 70 264 348 953 419 826 926 518 964 741 608 678 781 709 140 343 692 799 18 609 729 111 725 541 569 824 278 503 266 439 99 659 181 278 494 913 207 889 445 264 783 442 316 547 733 285 388 173 751 979 842 662 906 983 952 812 794 627 403 232 250 56 274 85 523 422 969 609 397 929 369 240 230 672 744 573 772 917 191 857 660 430 447 431 825 734 131 973 748 130 580 10 750 764 959 888 350 409 727 32 131 155 897 936 792 87 716 150 563 660 604 721 788 487 499 820 709 537 750 1 646 765 497 295 965 435 882 571 72 807 678 1000 323 710 574 351 951 125 479 260 377 202 564 606 654 807 460 556 694 202 947 152 464 446 569 365 936 110 189 312 624 127 71 152 
260 603 592 692 107 13 386 249 253 400 119 328 2 133 58 497 453 240 968 354 26 938 245 630 237 461 366 262 790 969 113 23 998 313 22 681 578 756 213 587 74 45 500 911 728 922 519 322 193 564 942 815 917 795 932 88 54 863 549 84 114 254 278 975 201 953 49 708 446 149 71 35 789 561 748 355 488 717 561 302 265 253 412 183 407 48 375 332 338 92 524 883 293 381 531 726 69 34 273 911 173 301 497 786 655 78 855 404 91 846 169 375 23 788 499 82 226 354 742 314 185 557 953 276 781 71 411 590 179 540 173 704 449 574 363 318 537 585 156 10 31 654 590 763 427 816 275 112 485 80 537 347 923 137 612 317 420 595 876 237 874 552 575 640 649 648 500 240 834 780 868 869 30 36 337 51 739 922 619 153 56 915 223 565 792 577 159 807 505 705 455 469 570 85 253 320 606 986 5 752 250 758 623 884 263 209 418 720 65 321 365 220 500 98 761 1 33 324 664 291 556 10 404 140 291 628 791 782 838 836 6 182 633 16 164 937 291 868 336 304 811 165 687 147 295 654 911 743 493 458 312 519 246 134 242 467 365 228 190 579 787 463 359 914 63 754 117 419 432 30 396 700 459 775 641 669 379 390 160 6 324 996 934 452 237 484 754 794 657 174 866 703 884 218 183 460 765 802 983 161 160 30 862 932 560 102 932 801 375 130 29 368 750 586 939 562 115 252 988 57 405 153 43 122 713 469 631 691 730 394 917 973 170 685 798 80 507 803 912 233 363 19 766 460 67 579 455 529 151 183 719 16 619 253 896 548 850 602 582 73 790 466 181 173 78 129 227 120 458 165 277 699 880 984 650 810 644 495 186 241 841 36 292 559 682 731 714 437 792 318 949 661 849 353 688 522 492 285 974 852 951 413 370 608 380 738 458 537 920 951 483 633 834 659 475 702 747 10 129 685 953 339 372 870 651 23 230 757 405 623 591 436 57 170 184 345 777 544 462 355 407 802 811 11 1000 382 604 981 804 683 724 931 975 704 291 478 709 917 246 124 31 631 429 160 456 228 823 36 438 915 734 334 689 537 818 262 669 850 510 131 919 741 660 793 953 470 105 851 142 339 289 312 44 350 33 599 828 316 38 322 
651 450 305 140 886 811 727 177 856 265 522 410 763 345 745 862 903 477 247 719 909 527 23 753 35 371 515 227 766 26 230 979 696 765 8 795 495 448 179 294 729 842 231 969 240 358 434 937 298 115 413 632 973 892 295 855 588 534 482 875 860 653 375 599 238 261 634 685 546 673 926 659 984 582 262 783 398 973 64 100 64 330 562 271 203 239 298 2 903 536 271 966 544 661 633 214 163 890 9 16 377 877 135 994 933 804 199 494 589 621 83 333 51 314 383 677 704 546 640 554 709 785 482 749 321 915 43 64 585 154 754 125 467 621 87 761 113 77 658 492 470 134 587 669 562 578 596 712 957 725 272 847 885 776 282 601 535 678 758 901 999 40 920 708 528 400 174 938 283 288 286 371 536 745 319 45 125 418 417 369 513 319 563 425 767 789 496 256 67 382 809 684 662 153 121 749 881 343 203 171 355 342 692 241 587 85 368 443 420 683 325 464 460 40 993 343 379 889 52 275 403 164 645 351 980 584 470 664 685 745 95 389 465 230 516 879 495 723 469 520 584 469 65 941 958 537 921 867 433 923 70 347 801 24 58 813 587 202 807 693 635 839 418 960 438 424 429 117 972 394 775 444 975 958 108 568 543 857 125 236 866 524 701 982 892 897 488 957 265 969 539 132 269 488 388 228 784 717 832 683 267 235 782 823 875 353 727 241 752 217 954 665 532 875 130 821 844 887 790 417 24 92 35 709 195 260 28 281 473 916 621 361 235 549 634 545 483 635 154 447 728 1000 715 348 745 944 500 864 897 267 629 263 96 332 159 440 323 356 851 183 392 150 723 295 268 576 354 170 528 574 957 36 687 223 286 219 504 484 988 399 900 940 621 849 95 233 342 700 406 375 176 206 653 562 563 293 598 421 847 770 584 258 359 911 149 373 964 655 33 566 34 146 700 514 725 197 398 889 978 763 501 158 972 134 56 617 597 915 297 891 897 625 221 790 921 639 706 34 389 545 941 743 574 881 289 230 318 844 998 183 952 187 735 104 855 423 858 258 8 153 205 195 703 990 230 290 163 382 23 31 384 215 594 423 575 739 195 32 120 302 182 8 723 198 76 854 553 576 234 285 246 287 539 476 274 867 787 735 404 586 
371 283 886 42 514 492 966 450 482 959 498 524 86 350 937 74 797 679 209 3 815 747 20 28 282 511 338 231 60 580 461 133 21 415 942 538 444 160 475 869 358 59 237 740 606 673 811 457 704 787 80 622 924 243 309 842 258 243 198 497 369 66 110 725 856 450 18 495 48 419 93 675 800 709 697 855 791 528 752 345 519 787 302 331 102 390 583 392 667 553 808 363 795 288 694 124 361 581 920 913 215 812 5 678 623 988 653 285 680 483 738 99 193 687 122 768 814 891 579 861 174 488 997 963 568 55 286 520 257 399 641 304 751 899 499 508 947 145 762 189 464 659 702 672 518 661 973 15 981 699 529 98 353 960 16 410 842 30 990 394 409 433 748 852 922 25 518 159 500 595 560 633 329 191 151 606 894 592 399 894 442 317 696 8 550 354 687 561 529 589 637 354 984 378 994 484 679 622 112 749 10 619 463 496 75 768 11 574 25 989 288 206 29 34 73 853 716 685 251 246 923 965 92 600 454 794 475 642 198 600 286 455 350 968 766 562 796 629 547 304 152 998 479 727 726 689 683 794 571 138 827 506 313 174 947 460 363 482 702 205 39 194 779 349 927 794 414 894 206 30 983 420 122 3 621 210 973 906 816 280 212 832 185 893 908 710 826 318 95 105 532 796 291 185 893 560 221 650 230 230 7 780 574 138 87 483 313 149 435 94 718 885 37 520 666 631 603 696 616 686 339 728 237 481 657 839 893 342 784 255 152 352 57 239 73 497 271 622 500 481 695 676 205 314 984 889 337 456 518 961 702 204 854 886 201 370 832 44 842 80 240 266 994 950 204 782 264 435 970 5 6 654 257 933 55 327 596 27 300 616 461 659 195 799 704 979 223 713 971 399 302 214 286 202 756 222 982 569 122 711 321 384 303 555 385 856 842 580 489 191 612 495 161 262 545 65 329 344 448 572 607 592 791 544 920 56 784 114 80 81 961 676 995 141 742 354 727 294 103 785 583 804 441 525 800 489 621 649 169 717 899 684 37 328 397 997 752 683 532 8 179 813 818 44 504 902 556 122 156 574 941 781 103 459 66 114 788 612 866 558 273 1 786 530 478 862 938 327 925 411 640 33 878 814 464 654 664 619 624 747 
998 344 653 2 647 147 184 341 452 920 678 698 527 36 891 796 65 467 260 413 656 665 326 293 233 147 465 169 899 715 172 252 735 805 335 775 817 797 603 568 808 788 258 259 589 63 646 915 694 502 939 423 999 341 756 868 988 196 654 846 402 247 838 711 606 404 579 947 588 736 11 361 329 609 534 330 722 721 901 63 645 808 585 724 548 966 907 46 112 362 54 838 739 205 910 866 236 678 240 264 472 693 511 498 173 790 697 592 495 587 614 88 654 544 532 974 269 468 706 395 724 596 259 351 480 752 254 975 239 178 439 596 822 99 783 33 726 60 205 547 314 868 89 886 682 654 916 419 669 248 658 155 399 635 122 954 104 678 148 268 385 473 23 873 60 482 925 928 291 162 543 828 893 476 816 257 375 635 835 204 785 569 683 310 940 230 462 575 323 711 289 418 665 450 874 149 916 379 447 421 860 392 162 427 15 956 161 48 535 766 951 298 802 863 812 820 64 990 893 270 458 748 180 378 759 14 366 305 189 653 670 729 881 367 540 160 768 788 837 13 953 576 353 27 441 499 495 620 180 234 760 151 435 852 46 538 803 156 139 118 287 641 865 508 491 414 654 971 848 618 739 951 878 448 464 544 188 245 522 392 689 371 439 458 416 951 151 35 621 348 867 418 619 310 882 926 49 718 511 396 255 729 340 565 940 15 437 665 213 36 333 23 606 824 33 255 472 982 710 213 958 615 180 166 967 29 751 592 835 478 616 795 294 334 64 609 533 692 688 495 148 208 17 376 475 569 447 502 443 441 821 392 549 68 510 682 421 637 616 623 817 447 969 192 340 820 143 505 200 215 361 264 767 34 542 293 224 599 545 983 242 62 153 404 282 532 251 342 140 606 967 118 419 624 602 898 377 968 992 191 941 337 399 796 383 953 220 356 5 993 990 73 619 216 333 289 269 918 361 418 588 41 242 612 521 98 274 355 157 500 908 809 980 594 475 45 613 37 778 590 195 312 176 510 400 204 559 527 310 691 760 774 837 749 225 921 692 972 10 362 808 536 530 712 694 841 292 554 448 295 825 68 784 203 292 157 176 197 448 109 894 794 634 634 496 707 350 533 187 134 866 310 459 827 916 533 681 182 284 691 
416 135 617 228 526 563 957 701 451 832 264 773 963 27 965 277 12 522 391 679 718 793 393 185 380 365 768 574 231 809 681 184 581 668 521 95 92 607 657 192 961 151 846 462 151 439 698 881 136 739 308 105 917 636 640 97 381 239 134 652 551 396 907 656 152 870 18 365 379 567 769 500 819 826 219 559 777 862 808 981 694 837 175 994 640 976 919 751 805 472 480 559 609 932 724 21 103 422 772 710 665 996 772 394 440 464 751 498 386 214 1 936 582 393 174 505 200 68 573 908 141 256 844 527 989 731 850 85 484 867 791 778 760 462 876 234 544 841 761 613 672 898 779 700 302 454 906 543 60 25 139 758 643 953 986 300 36 585 270 482 950 454 730 729 855 316 246 205 691 670 842 522 325 631 374 351 360 236 850 221 908 742 489 782 409 88 476 598 477 373 231 738 693 366 358 163 598 462 389 617 513 758 842 47 183 919 51 562 634 820 831 393 120 595 222 356 70 823 296 348 568 223 478 903 210 884 626 655 861 588 767 607 946 154 880 221 312 50 802 366 310 757 625 892 528 585 667 144 634 21 79 224 181 584 19 223 139 991 63 527 900 936 109 207 767 769 797 356 232 863 651 385 876 464 48 759 885 959 184 242 413 179 32 337 412 687 661 467 354 607 613 74 500 991 407 273 55 451 9 668 613 982 349 68 658 292 403 544 933 982 165 802 487 496 316 78 582 780 638 67 102 285 332 799 828 99 148 253 730 449 348 421 585 816 217 295 58 530 35 472 802 469 729 568 81 269 435 49 393 432 747 743 935 976 923 720 508 84 853 187 480 947 757 551 34 556 767 698 778 329 471 279 611 325 261 412 954 801 5 56 311 995 287 111 478 105 739 291 620 320 770 778 905 760 61 970 698 179 542 573 364 313 121 445 400 933 872 797 170 725 593 885 951 68 48 147 425 191 708 714 700 506 946 20 70 408 499 638 73 748 119 576 895 971 503 889 434 230 12 781 401 376 576 62 153 107 855 651 778 459 709 395 973 583 623 32 950 44 657 651 573 40 34 419 828 494 785 277 895 703 319 547 855 258 513 860 678 817 260 783 376 532 967 255 813 818 374 293 289 755 533 385 71 686 623 942 385 707 17 248 
189908 187731 188052 180140 185815 189613 183257 193789 186545 190762 183734 185186 188003 187679 185108 180168 182981 177920 189409 191372 188400 183279 192057 180872 187642 177883 189066 188062 188864 191995 
556 111 163 457 614 182 896 226 575 580 739 666 841 714 141 765 208 184 332 55 171 378 275 731 15 807 974 938 59 627 629 788 573 38 533 205 523 887 103 985 511 688 731 939 713 43 303 577 768 199 644 631 987 415 860 915 719 663 471 911 373 412 273 643 755 146 90 67 405 591 505 532 539 394 462 641 554 585 956 585 130 660 237 62 699 360 716 113 636 838 34 907 361 629 405 174 187 483 868 934 207 137 719 437 559 712 941 847 279 990 44 858 165 362 684 784 290 649 932 391 145 57 296 870 657 789 129 239 470 9 308 508 598 270 958 368 251 986 397 479 832 915 317 792 275 937 156 238 828 569 133 993 269 36 569 639 889 35 549 382 362 459 684 996 606 556 875 586 674 383 39 283 503 598 38 719 706 728 684 144 799 923 398 692 537 830 100 377 412 505 75 209 476 698 369 348 816 508 725 627 379 593 788 283 221 162 252 291 197 176 77 611 661 238 387 754 932 260 629 234 409 336 693 668 669 102 646 39 313 733 957 412 514 794 727 690 805 552 357 605 23 776 147 138 956 332 450 535 906 401 164 764 574 502 407 787 949 201 808 894 572 181 963 347 164 917 716 682 19 234 115 283 932 688 205 455 626 777 845 53 840 494 816 581 933 498 291 141 672 439 527 945 469 461 489 837 468 453 75 123 306 686 611 454 553 853 239 44 870 276 173 572 762 370 214 843 432 950 270 970 509 755 111 431 858 749 169 39 599 5 40 793 958 329 533 223 269 351 969 787 1 442 634 509 706 601 64 655 941 893 566 980 250 961 126 840 876 148 759 314 482 93 162 74 795 382 873 27 193 768 161 871 847 27 992 601 465 153 838 725 619 847 221 647 26 235 327 781 650 589 217 446 1 282 734 234 923 29 249 783 739 842 321 631 545 614 399 883 360 686 259 810 195 767 459 737 403 375 494 309 615 605 420 770 695 137 911 171 917 520 668 455 150 212 18 931 625 258 319 357 671 545 466 523 416 121 959 105 849 917 618 289 576 209 951 533 721 898 982 426 814 71 692 668 489 804 533 698 477 389 426 955 660 368 145 364 495 5 322 543 635 18 373 820 273 687 60 196 25 346 90 784 777 334 943 460 698 887 950 42 
413 63 111 312 888 650 111 279 890 995 81 989 623 449 486 398 153 598 253 842 189 540 608 638 60 75 687 476 350 409 463 989 959 968 650 603 879 960 21 729 92 56 63 109 914 888 679 413 568 871 28 57 216 795 356 536 91 21 994 334 300 470 326 837 292 783 641 505 292 123 605 72 21 463 393 428 911 729 612 731 247 960 793 938 192 78 145 655 286 748 479 605 614 551 357 598 605 793 939 742 873 291 266 765 355 806 288 233 512 260 60 280 543 275 390 221 127 208 367 977 288 29 544 20 954 655 521 183 776 254 453 550 159 884 25 414 315 887 755 671 514 385 934 34 998 401 790 651 607 229 255 136 411 5 396 842 488 726 34 932 258 966 988 505 57 580 193 426 6 528 557 713 408 837 89 780 822 46 440 22 481 925 892 199 481 134 544 854 947 536 713 357 527 207 70 272 340 866 426 313 871 772 266 10 974 524 854 55 12 724 471 473 914 619 905 325 894 840 772 376 370 712 13 365 803 829 278 394 621 263 743 83 238 932 470 896 491 803 32 843 946 985 498 337 286 699 963 508 686 243 489 409 20 719 16 530 184 500 509 295 275 565 447 627 154 448 215 249 133 13 910 28 679 74 534 903 314 142 218 116 55 424 156 59 999 94 647 856 90 625 904 52 76 668 154 813 492 598 61 997 328 659 682 887 813 964 238 806 169 97 370 751 876 854 418 356 375 980 121 734 128 755 410 609 439 764 863 615 961 841 102 874 447 772 548 965 654 581 408 902 649 954 390 901 562 417 668 634 129 739 497 341 275 121 301 741 783 482 820 322 803 167 790 718 253 273 493 444 810 771 947 627 527 966 317 16 677 466 146 856 369 653 115 74 130 140 345 995 750 641 565 404 978 218 875 87 14 924 59 59 307 557 111 721 303 519 420 723 952 950 967 785 518 849 571 22 777 587 170 240 333 32 166 973 263 830 381 457 194 750 908 978 467 1 339 531 620 969 312 685 857 344 104 712 353 224 939 4 187 327 860 88 27 128 965 593 402 57 461 567 900 968 444 955 884 262 238 296 292 558 887 856 582 306 127 462 364 682 425 449 151 897 670 335 856 116 533 11 106 291 164 575 688 256 982 153 317 864 497 280 
907 75 488 485 227 292 519 362 618 499 876 360 6 906 220 897 566 96 10 504 93 274 568 413 863 185 783 325 881 866 138 608 690 431 432 930 851 174 457 650 104 927 944 454 338 381 70 484 172 922 752 869 816 976 177 759 105 849 904 958 631 251 651 113 101 653 645 57 272 945 692 5 814 665 757 193 266 984 363 38 52 565 327 974 581 88 778 804 244 961 253 299 684 676 11 715 381 847 271 7 807 447 406 465 125 414 981 474 296 383 178 570 241 621 963 363 45 6 17 957 563 92 329 16 127 991 140 706 172 445 426 980 646 90 804 620 834 585 920 362 687 605 202 272 200 732 514 172 614 209 785 167 413 523 112 436 101 902 999 663 288 890 768 60 566 460 749 393 470 541 363 109 189 771 527 725 872 90 695 822 745 423 183 610 39 382 529 662 705 413 872 343 822 187 776 804 521 894 698 82 240 661 62 110 84 337 841 252 134 259 646 999 656 320 859 293 597 875 753 437 42 279 166 306 565 282 994 625 77 483 781 554 990 222 190 182 639 995 666 739 450 630 106 230 161 120 999 838 966 878 112 889 582 861 151 713 235 806 844 700 810 979 60 792 130 415 893 303 793 323 956 111 506 1000 973 985 762 147 128 394 839 582 437 144 718 755 275 537 450 94 212 952 485 935 775 395 436 351 657 372 221 757 685 205 339 4 509 264 894 680 962 788 386 152 129 404 925 309 585 618 921 636 24 921 535 646 374 330 779 434 206 572 312 70 686 889 737 124 839 168 400 373 267 539 366 750 15 529 344 649 871 194 875 728 81 821 39 39 94 983 770 718 187 611 589 500 353 461 950 41 386 984 189 811 497 504 342 181 441 446 781 936 260 901 868 71 116 934 225 99 877 587 437 446 662 515 927 58 613 42 983 248 832 959 157 324 8 742 553 792 332 609 770 238 806 883 642 127 411 870 130 670 209 417 631 394 935 964 228 787 705 893 213 116 728 909 50 328 437 792 609 385 771 776 667 628 565 708 102 375 890 76 763 970 268 688 1 174 578 907 152 432 930 759 182 779 509 518 597 141 725 725 942 862 731 573 939 75 302 72 248 557 712 995 154 602 396 650 88 334 195 902 226 758 682 476 94 269 258 236 
547 859 25 285 674 829 878 49 145 915 532 824 153 820 370 13 462 582 25 209 768 292 915 754 48 519 295 751 579 468 576 90 523 313 525 286 564 738 961 167 445 339 634 564 95 694 100 967 679 594 467 935 880 366 71 580 354 173 340 176 446 871 20 694 305 25 487 229 895 138 249 752 216 316 149 449 558 144 960 51 614 750 526 499 957 614 700 760 525 118 15 3 307 338 896 833 618 214 665 663 383 306 44 685 403 150 504 312 438 871 600 610 681 468 544 120 896 977 882 408 647 762 852 118 519 926 515 561 308 873 725 196 577 456 36 642 238 837 601 524 26 252 505 418 529 209 598 640 738 170 25 342 270 784 527 190 406 11 737 351 815 682 746 473 508 548 441 531 316 296 745 949 76 702 155 825 74 174 381 295 278 490 412 90 909 159 593 945 855 847 918 453 21 928 22 882 562 813 229 517 559 80 18 517 548 708 5 291 183 180 285 717 237 67 145 408 916 866 236 188 979 950 284 407 389 658 222 613 807 217 1 356 997 199 237 294 632 815 76 86 943 160 182 952 832 554 438 564 51 98 780 542 723 323 16 933 888 646 545 948 404 765 404 116 636 666 837 344 180 320 619 225 197 517 776 857 840 471 910 63 864 407 946 492 336 188 880 724 927 773 86 118 244 438 103 907 164 483 676 184 66 459 385 387 62 181 369 279 667 109 378 119 82 483 668 432 364 166 473 311 989 500 417 725 484 957 818 551 817 171 229 2 315 503 798 524 801 428 104 705 501 883 336 278 820 666 940 339 162 895 917 353 35 36 632 90 0 88 704 633 551 272 853 75 762 197 147 349 487 919 433 799 27 508 644 110 895 905 114 592 544 824 131 268 638 481 282 661 826 93 170 24 755 730 130 378 329 520 79 710 98 628 432 53 3 298 134 136 915 986 568 127 701 74 177 822 357 65 603 922 140 413 525 416 888 798 99 354 258 706 312 868 712 194 325 549 232 837 731 813 265 391 355 466 359 375 963 190 896 461 42 504 140 180 297 92 544 904 888 58 664 15 522 776 25 302 265 777 734 72 657 468 37 728 580 648 903 511 656 824 140 101 520 817 531 35 540 492 166 728 144 6 999 579 96 224 61 272 268 407 
599 599 359 58 318 462 464 323 702 675 29 314 451 178 580 508 87 7 984 971 122 108 64 705 387 756 505 91 667 85 218 253 966 979 569 676 923 570 38 903 54 414 875 651 938 914 761 92 205 702 707 387 183 14 306 279 316 537 600 2 430 624 235 929 933 612 285 735 499 544 631 433 413 805 514 723 788 490 870 342 900 797 82 532 229 706 182 927 765 34 625 814 780 203 967 46 519 457 354 432 65 71 391 691 338 360 291 42 368 390 730 375 613 870 800 776 942 579 885 830 410 183 603 842 331 937 572 279 821 941 438 149 321 306 590 362 393 868 541 578 698 377 478 138 646 41 18 448 673 81 277 198 418 115 875 832 174 966 889 952 27 941 712 896 351 655 399 508 629 527 24 658 590 511 176 329 707 798 226 601 590 951 404 21 318 851 709 68 927 207 286 662 891 810 260 618 328 375 173 153 980 965 944 887 42 84 552 853 892 793 786 725 844 937 565 1 588 500 659 121 252 665 478 146 578 514 113 683 512 382 384 448 101 875 966 781 269 652 625 236 605 96 402 653 66 259 770 18 39 549 840 211 862 868 299 88 287 288 346 917 763 351 817 421 486 432 961 795 785 143 855 791 692 315 690 259 309 371 432 380 844 525 659 327 643 590 617 395 609 120 208 908 995 79 259 98 414 922 916 655 620 664 857 0 692 463 463 916 747 167 600 989 115 913 391 330 408 999 997 608 883 54 467 69 370 173 584 369 966 351 868 2 838 799 323 273 406 484 349 211 983 718 658 492 742 851 654 630 608 411 950 668 788 389 490 548 738 129 894 599 398 295 920 708 526 972 739 446 548 960 999 725 249 492 923 557 237 770 100 581 590 922 897 430 467 783 681 479 734 154 235 500 951 300 953 210 952 886 451 858 247 158 618 748 144 472 399 459 919 110 71 177 745 383 992 335 335 490 856 406 532 307 675 713 657 811 577 393 774 403 389 952 459 209 190 995 516 470 215 459 542 555 533 880 707 848 976 557 846 839 78 719 170 178 630 786 599 704 925 161 736 142 350 312 880 792 787 266 191 692 312 997 399 989 326 389 471 917 355 22 973 709 220 380 469 876 490 16 411 824 434 686 383 704 891 907 828 947 638 253 
125 16 938 816 161 934 350 356 987 920 622 546 795 645 544 128 223 738 588 434 219 354 83 474 344 494 735 983 890 59 35 62 895 231 231 748 458 85 826 550 968 715 469 280 493 179 433 210 209 530 96 212 427 811 117 348 797 693 901 41 191 874 466 461 359 165 458 114 999 89 465 169 515 396 820 882 207 862 658 803 986 384 569 80 57 142 194 663 341 617 203 468 282 691 391 355 911 597 987 942 956 389 105 913 176 247 280 207 870 414 944 903 107 641 632 781 887 81 290 589 901 836 697 106 642 554 129 973 928 213 869 94 331 77 992 304 981 29 309 100 83 738 982 458 432 530 469 320 169 447 420 828 217 926 325 893 816 270 518 226 240 63 661 478 358 806 385 39 654 434 934 297 783 594 60 310 26 534 416 919 9 347 232 328 702 77 483 809 254 623 245 942 274 717 978 902 631 650 222 629 677 372 412 330 382 817 23 142 744 373 292 124 253 178 258 324 344 918 861 106 454 97 122 269 822 539 191 797 242 786 819 703 431 110 990 495 554 639 977 779 416 527 235 829 181 74 602 222 435 901 963 162 191 105 168 618 955 591 788 588 588 17 328 797 466 217 40 65 904 400 633 209 432 927 155 253 581 787 254 57 837 475 75 705 325 312 539 162 448 70 199 734 871 941 765 94 446 520 628 935 921 369 976 593 482 932 548 410 724 523 472 660 604 247 995 392 560 133 47 13 121 376 618 985 246 313 293 156 619 266 645 617 744 830 678 897 545 789 382 487 113 968 507 58 105 646 71 872 270 191 865 531 679 233 118 602 983 126 824 85 323 126 479 312 958 956 366 405 529 440 135 778 36 760 318 183 654 698 738 269 27 375 644 513 764 204 398 102 304 409 410 19 977 142 951 834 848 579 639 200 914 916 564 409 318 658 404 183 833 810 798 115 480 446 542 701 770 942 296 549 740 530 320 846 394 492 39 3 263 175 79 771 99 46 215 30 603 788 623 885 397 723 3 695 702 11 733 41 69 522 696 664 121 750 47 80 966 172 825 68 834 508 525 522 359 796 205 742 232 115 940 917 482 344 977 948 584 909 793 974 217 410 211 919 629 332 527 728 426 118 158 608 818 666 818 165 179 711 256 971 
794 962 559 323 634 265 707 775 776 248 253 781 833 654 881 335 945 892 683 417 55 945 624 67 667 371 556 676 355 260 272 463 24 361 26 708 862 355 100 314 862 237 777 757 236 190 602 665 11 565 899 109 798 568 897 399 686 325 783 527 629 918 230 711 314 268 97 52 524 494 558 927 776 52 755 266 297 252 276 527 142 748 321 871 720 341 28 559 825 307 711 842 839 878 516 204 873 42 663 780 805 237 953 547 201 235 401 1 217 825 556 779 540 423 858 342 132 956 691 144 531 605 967 40 317 513 314 660 963 619 706 270 824 373 710 740 318 584 551 478 185 766 946 706 522 275 291 641 752 36 455 151 792 648 286 436 858 266 889 155 767 557 67 54 922 484 219 712 657 614 151 430 700 745 876 354 583 342 389 618 996 612 655 695 498 602 700 71 303 179 414 769 244 905 368 162 394 907 23 844 36 890 88 190 167 130 526 826 967 666 762 632 886 866 424 326 64 716 684 451 770 762 429 453 166 175 499 879 64 286 373 304 910 704 420 184 943 197 33 953 2 269 389 280 497 732 540 696 821 270 137 388 661 785 319 219 416 147 698 216 407 626 670 163 880 751 536 21 831 789 117 702 522 226 471 530 476 737 734 414 564 21 895 142 207 33 170 867 724 921 125 730 273 381 103 297 642 370 397 321 249 309 915 423 740 242 888 678 134 550 951 710 289 389 405 562 443 289 164 539 259 10 945 761 236 76 274 695 151 578 473 687 287 211 607 408 545 576 2 380 45 480 459 801 458 41 992 130 979 704 211 614 571 553 393 242 454 223 812 341 993 161 52 685 930 85 928 173 637 368 569 289 750 44 159 853 30 817 973 119 423 807 728 617 278 437 424 749 513 87 964 408 738 243 909 27 804 598 796 900 358 592 284 19 795 919 776 43 497 574 0 602 348 20 709 138 325 275 632 682 944 319 761 625 708 484 321 123 483 595 720 930 559 81 116 590 772 284 431 952 339 931 199 588 574 744 906 885 125 452 233 120 454 170 217 327 183 984 746 10 998 142 840 35 718 826 98 728 352 807 160 279 549 336 981 481 943 261 365 157 956 844 591 939 231 568 135 502 381 336 335 381 274 876 205 119 279 230 669 573 
447 682 649 672 673 522 987 818 781 695 260 630 331 346 255 727 738 691 49 494 877 448 306 563 992 981 895 205 267 893 271 313 495 375 758 148 749 841 627 8 258 799 127 863 869 558 777 34 795 983 508 683 314 442 31 805 378 692 991 482 56 302 81 938 929 674 764 806 929 919 421 537 463 382 625 845 537 686 522 28 568 350 810 128 792 575 687 742 812 346 702 96 291 482 279 911 412 934 301 791 488 538 473 597 742 913 2 889 741 157 544 12 503 149 202 730 133 765 980 402 115 987 585 13 386 797 329 539 406 509 69 546 387 798 960 394 854 564 914 36 93 252 732 949 305 732 624 684 412 497 900 43 145 395 807 799 711 824 334 631 189 779 51 10 474 729 58 213 184 99 901 744 593 611 965 53 308 143 319 909 694 104 412 174 560 955 748 754 535 590 822 888 562 173 632 28 296 969 593 153 71 770 879 115 667 314 74 513 102 495 193 849 13 982 541 531 487 293 339 313 740 756 397 626 625 889 782 878 615 321 203 135 373 439 809 929 381 911 354 88 968 504 932 103 581 534 224 854 453 332 862 116 670 644 254 134 720 908 852 422 651 961 999 516 716 664 501 403 7 922 760 439 628 989 324 156 387 257 620 678 991 407 962 896 48 561 178 80 241 820 869 48 62 118 569 612 699 581 374 69 662 568 422 102 460 502 437 719 581 764 800 74 857 871 32 30 583 322 555 35 785 849 401 506 997 373 462 313 854 48 705 25 916 740 247 953 827 137 674 353 427 655 579 897 383 790 407 862 392 482 363 937 493 269 812 610 761 635 901 9 173 203 444 799 411 436 642 117 402 691 741 42 323 432 28 483 386 884 961 604 466 307 733 598 477 933 442 675 107 948 684 986 190 863 156 894 104 745 539 489 343 247 871 981 501 374 195 825 94 530 790 482 754 778 999 933 552 155 35 298 650 777 347 497 796 326 26 126 373 576 618 253 928 219 550 496 622 459 600 574 608 235 219 847 363 636 739 719 557 265 364 206 992 490 578 816 269 722 417 846 43 553 187 957 773 480 530 806 170 466 952 578 973 421 875 616 800 517 813 213 261 285 509 735 822 699 556 29 210 217 762 648 125 292 723 889 256 782 950 475 
399 960 197 422 379 154 160 368 319 905 334 253 725 111 449 689 630 728 187 957 220 308 34 444 378 209 655 14 339 128 285 582 883 63 445 908 975 291 190 522 81 314 344 790 482 798 73 604 112 42 114 692 707 137 683 926 957 474 735 360 230 406 189 980 285 284 617 492 862 236 914 607 873 707 189 359 862 173 647 469 464 240 377 229 39 14 771 443 782 559 47 17 421 280 768 898 63 141 927 495 344 81 72 347 183 761 439 706 505 562 588 303 392 541 787 157 723 116 809 416 309 786 970 458 22 245 91 156 94 980 530 423 456 583 178 126 810 934 202 226 431 891 980 532 216 791 560 10 475 627 329 487 521 32 960 706 897 712 160 45 741 422 719 485 551 726 336 588 672 822 991 711 974 66 886 92 963 613 322 575 486 510 494 373 793 31 293 43 341 663 247 1000 700 786 370 111 134 599 887 353 493 9 660 794 778 826 61 940 254 456 496 537 529 154 689 944 657 734 857 296 33 573 450 832 343 631 264 704 395 834 768 213 913 183 256 170 935 716 172 904 458 862 273 771 983 583 696 259 976 341 444 279 256 519 932 19 328 877 207 42 444 591 168 868 100 824 360 708 79 51 810 254 440 655 3 563 9 259 863 782 96 553 263 243 140 773 24 729 986 29 868 383 114 288 724 133 261 42 208 152 313 977 363 83 97 951 238 544 38 620 976 414 923 727 467 108 721 999 704 635 399 760 929 867 860 623 43 683 880 648 476 392 955 229 852 510 828 989 969 274 981 159 116 212 147 367 260 63 213 522 287 489 208 411 449 773 571 666 652 130 292 987 592 855 299 57 976 692 75 16 707 552 231 826 929 687 301 946 438 179 668 205 407 865 526 360 999 217 575 230 361 246 539 528 348 230 836 491 702 556 241 511 288 714 657 492 633 642 32 762 922 19 243 948 896 356 805 140 285 906 629 441 360 717 102 861 363 798 339 668 684 404 137 200 311 500 168 184 668 991 188 837 459 553 218 799 929 636 344 667 188 602 236 724 803 577 641 692 816 265 414 114 794 4 178 264 963 933 665 445 742 9 717 241 849 936 541 497 445 564 657 550 290 355 133 426 49 468 696 15 315 535 891 443 817 629 619 999 546 122 
63 374 675 523 593 502 105 14 454 787 81 180 434 354 97 988 107 605 519 419 664 305 554 986 925 82 458 76 546 764 38 762 269 357 778 881 169 13 124 746 182 447 750 249 95 381 832 394 10 646 107 235 326 636 558 329 753 616 298 288 490 209 713 884 955 798 54 722 353 612 485 697 291 723 257 632 215 902 122 32 719 938 741 420 615 339 254 245 324 766 555 740 680 526 447 149 684 399 478 543 189 299 397 669 197 679 449 0 836 906 953 908 835 848 421 891 181 841 709 162 655 457 668 451 532 508 684 783 284 370 784 953 968 419 942 941 289 208 410 175 974 927 473 450 323 619 150 822 841 449 285 59 704 994 842 554 695 159 361 346 364 995 949 211 938 110 195 19 291 927 873 914 9 818 241 812 918 582 318 43 84 73 419 585 214 200 87 438 197 424 209 226 72 677 904 809 299 905 82 327 272 474 492 111 86 772 534 879 760 969 740 259 470 383 746 773 78 420 546 879 346 749 165 61 174 121 18 457 486 393 478 772 14 675 889 625 355 859 629 229 744 276 910 442 216 545 18 645 160 196 799 721 957 239 586 43 374 784 929 803 278 39 475 533 201 263 479 180 387 460 826 613 737 664 799 164 91 100 196 999 374 150 61 928 54 261 48 97 957 900 912 624 945 11 382 559 650 585 858 141 694 928 590 301 903 729 672 571 435 661 500 894 932 255 295 103 943 247 687 716 134 983 34 445 910 42 71 226 512 650 645 160 890 157 706 50 81 724 283 468 392 644 882 296 546 208 28 98 168 296 169 252 452 577 321 448 684 867 33 101 858 439 912 831 657 151 709 488 774 643 217 680 43 587 716 34 782 187 353 894 356 536 938 769 384 243 700 173 124 404 206 606 516 408 150 19 710 756 781 604 929 810 458 284 415 523 356 719 657 464 634 220 946 66 126 539 290 202 218 145 493 103 24 472 919 2 507 104 91 27 801 972 210 812 651 78 664 438 372 402 599 833 370 99 177 256 609 32 175 301 163 47 421 940 631 258 674 753 633 152 249 893 338 769 702 913 488 228 860 7 978 704 281 136 594 946 425 885 674 304 462 137 733 760 319 594 934 883 740 552 8 316 956 794 218 755 357 351 592 538 
736 704 315 357 60 129 178 404 340 425 473 630 2 855 847 10 981 124 634 396 310 600 601 166 230 420 991 792 991 328 510 73 783 700 681 855 311 130 110 69 331 307 797 813 335 335 288 626 693 304 258 924 221 19 357 242 793 152 614 868 665 254 281 781 271 670 63 555 178 723 178 72 892 778 0 470 141 345 560 222 236 637 406 512 714 433 413 490 210 699 953 776 537 713 479 928 692 329 967 412 472 798 608 58 309 907 637 80 611 106 530 339 37 35 71 479 311 296 10 298 979 51 616 337 514 961 229 863 842 847 220 462 646 377 57 549 72 749 630 712 799 496 788 828 409 304 170 478 741 563 251 868 945 830 161 667 588 806 208 334 406 653 98 598 556 538 602 566 492 267 269 282 403 834 488 534 13 692 981 728 92 680 51 100 735 505 131 160 231 911 762 319 416 812 59 575 433 125 752 102 362 329 587 449 27 535 919 643 85 975 244 896 322 905 382 157 272 420 298 294 213 869 603 588 547 60 438 506 74 101 946 377 897 48 895 619 973 731 622 23 133 341 624 843 183 446 526 980 96 321 985 937 853 657 150 298 755 27 867 166 452 462 619 989 100 241 469 695 36 533 670 134 297 47 405 490 794 660 720 352 474 715 823 418 338 438 866 440 978 748 993 917 544 686 913 968 637 735 930 237 477 837 928 898 838 439 813 925 403 836 672 385 982 540 926 887 104 946 639 804 662 667 914 664 272 325 673 105 876 644 648 808 362 567 884 300 567 733 513 300 751 734 151 139 446 893 578 420 687 219 629 381 864 963 28 583 319 791 268 635 807 939 731 385 859 919 706 160 529 776 918 968 187 121 30 479 265 681 606 764 973 460 105 471 986 704 765 966 18 889 905 255 306 564 198 198 133 259 898 534 445 311 61 314 812 16 63 437 609 585 286 889 838 954 732 791 48 435 796 686 838 818 391 368 661 342 610 733 702 702 75 342 762 20 817 135 608 449 979 830 848 66 953 664 252 202 700 763 193 97 582 994 870 791 154 31 555 749 592 897 9 900 581 459 977 915 646 296 537 547 10 578 716 955 748 122 29 69 863 702 596 241 757 263 884 830 577 522 58 306 866 626 613 65 888 391 809 719 97 772 
494 799 889 153 424 711 774 191 484 718 879 678 986 458 726 624 272 392 691 414 41 227 125 256 673 495 438 101 733 956 265 616 842 551 952 222 770 485 581 143 355 862 27 303 633 903 125 79 96 597 91 832 113 103 671 560 549 893 111 422 995 198 794 922 616 814 555 64 465 713 554 664 676 71 896 793 609 483 543 575 839 667 557 348 370 519 770 72 873 7 231 670 84 145 358 569 331 706 388 10 23 366 885 432 812 28 699 768 667 667 203 422 698 406 254 185 398 21 707 109 462 282 946 974 783 384 989 301 649 974 752 890 385 654 73 76 519 763 649 547 975 818 37 356 297 940 985 1 31 321 735 33 942 619 937 346 396 70 580 969 271 745 174 741 793 170 499 948 132 559 970 486 689 343 523 462 0 598 774 971 381 861 352 349 23 252 697 878 537 986 969 488 602 439 910 428 925 210 496 74 731 951 1000 205 632 3 392 175 270 793 851 991 718 64 580 37 239 412 314 845 196 90 600 781 49 356 263 195 720 256 398 515 267 908 554 340 981 997 953 206 497 898 512 442 769 582 224 91 79 133 158 794 832 685 39 196 708 968 439 278 149 124 665 152 771 59 175 565 294 403 323 237 207 142 795 824 703 539 602 883 877 399 10 498 106 799 275 418 370 778 13 121 977 780 591 467 447 9 800 9 868 502 243 445 967 290 29 88 402 932 176 68 137 988 148 365 754 57 933 518 428 43 682 667 351 979 169 54 840 231 27 904 979 684 670 339 511 185 245 399 333 244 675 46 494 375 20 308 229 823 688 950 148 746 360 45 457 496 705 945 509 327 627 773 430 492 513 176 720 393 998 882 208 870 938 376 781 527 411 579 388 328 947 342 266 587 601 460 557 609 869 928 113 356 730 351 620 494 58 985 618 881 902 744 657 408 834 230 628 811 470 807 443 295 253 963 850 752 887 55 156 518 972 998 876 622 339 346 558 622 931 977 296 547 990 213 347 985 564 581 107 844 371 250 653 520 160 630 241 498 433 461 243 823 710 189 860 731 681 758 389 484 377 221 664 772 173 413 181 597 631 529 233 739 7 163 214 237 96 645 291 384 323 128 932 356 102 150 403 901 699 47 961 796 900 708 680 552 749 792 
158 936 475 254 888 717 937 998 944 231 938 46 24 104 122 782 733 589 976 635 470 418 160 458 885 117 820 82 842 461 492 240 255 815 844 90 868 669 171 719 906 578 105 791 113 30 237 114 514 198 488 294 264 216 704 986 235 767 365 483 504 764 488 479 653 518 761 30 571 907 787 778 611 921 806 599 540 332 956 400 827 518 797 837 7 341 961 945 766 162 165 392 793 569 941 486 526 668 927 584 774 71 820 684 196 410 27 482 943 111 889 664 999 841 63 121 229 708 877 176 505 496 242 628 461 469 725 25 683 944 703 929 516 676 914 755 493 969 285 463 781 28 111 516 80 6 298 232 965 577 170 944 386 655 182 78 80 508 915 814 412 203 691 252 256 573 458 843 334 981 129 270 742 814 989 940 119 611 980 778 359 726 165 854 748 323 181 394 699 122 216 725 583 234 277 516 522 901 367 460 184 643 761 832 75 106 177 426 510 508 161 965 124 293 739 515 322 556 962 545 82 768 638 433 605 551 478 198 910 346 952 489 811 847 723 611 142 947 44 950 937 107 618 14 710 229 886 404 821 942 746 498 8 513 465 623 49 9 752 32 653 479 961 786 402 235 38 344 777 177 702 801 10 737 613 319 87 969 125 38 862 983 256 803 464 936 933 552 497 244 48 740 740 873 483 949 96 49 689 550 700 953 78 503 202 78 612 895 538 452 221 887 679 732 425 705 75 590 518 674 508 483 283 446 590 77 283 18 477 367 544 741 693 372 276 124 763 509 805 199 920 875 443 217 4 503 244 42 604 17 208 117 397 755 503 907 823 646 154 713 784 456 643 697 688 503 319 877 809 151 104 247 838 48 16 908 560 809 408 989 772 660 711 669 905 843 839 88 372 594 200 131 684 204 328 926 753 824 594 700 393 334 862 107 826 881 365 336 657 628 208 121 787 734 156 929 687 218 69 943 737 396 893 263 514 555 499 857 752 838 693 372 895 179 957 217 930 917 32 224 651 908 256 797 507 747 636 35 178 8 377 979 290 26 495 527 205 114 720 684 616 549 449 659 395 566 43 821 606 21 318 81 192 253 258 65 903 849 79 141 802 700 445 91 560 796 855 722 815 68 519 424 171 755 676 620 478 11 980 871 
669 509 264 802 733 902 900 156 303 684 601 606 701 770 378 385 91 683 95 99 187 163 856 168 478 990 913 553 190 570 147 997 866 497 666 94 249 241 661 913 921 779 716 236 233 336 997 443 131 6 515 173 853 232 411 326 293 244 285 308 180 423 826 559 806 890 712 833 112 149 370 323 396 986 75 268 914 18 303 388 50 16 389 4 262 320 599 149 599 63 65 875 910 513 658 529 553 225 878 438 45 300 474 77 772 194 522 286 324 399 98 385 514 797 111 931 357 250 306 762 189 920 482 857 831 131 930 318 516 614 397 316 130 556 281 60 191 579 933 192 210 48 80 807 785 456 322 887 736 64 533 24 549 579 857 472 255 746 878 725 34 361 192 216 524 198 360 274 743 433 237 537 660 778 760 680 797 800 702 286 674 947 551 605 900 1000 569 647 804 877 235 655 552 951 205 981 547 929 748 295 690 306 528 93 517 0 593 75 931 317 659 148 984 584 763 251 222 983 243 222 789 686 142 12 544 824 673 864 877 707 211 579 50 1 919 342 700 789 859 76 446 5 3 36 480 486 376 432 71 960 826 75 854 755 378 746 715 197 588 100 72 655 963 244 122 901 833 31 423 16 738 73 813 687 580 225 61 468 291 134 631 900 87 208 242 286 855 691 732 629 195 986 621 170 260 784 368 723 980 26 983 277 851 619 1 766 360 31 131 739 377 364 16 647 702 842 383 521 555 734 825 106 978 287 72 128 764 430 971 772 341 629 0 446 419 449 988 88 156 378 545 341 978 60 428 597 641 852 561 241 80 715 848 585 144 742 272 923 637 981 510 340 658 232 260 45 386 917 185 67 108 781 815 809 566 630 23 600 205 942 681 39 61 234 737 462 168 731 140 689 608 10 268 528 311 224 181 214 334 251 453 522 353 361 733 630 56 271 807 868 145 454 344 788 802 605 773 651 920 420 166 389 900 97 938 488 429 125 280 133 585 765 152 344 684 335 759 330 343 425 990 431 61 893 161 769 27 78 770 814 802 386 488 712 210 225 805 788 268 676 130 428 592 676 179 866 760 874 354 655 443 346 661 318 638 458 548 89 635 818 856 293 966 624 392 3 766 644 504 53 421 394 131 449 867 420 839 528 536 865 
627 472 87 885 647 572 533 581 251 970 430 877 494 251 80 748 658 904 726 875 792 153 720 478 960 824 976 573 424 906 989 265 934 421 590 691 803 59 719 579 599 576 989 234 438 160 733 885 401 16 314 809 35 169 307 455 852 558 884 54 903 992 443 541 275 189 398 851 596 198 543 498 617 207 627 214 94 267 550 840 147 674 788 350 991 491 878 818 591 552 45 645 595 141 615 594 388 627 730 534 357 974 953 291 317 332 488 16 724 736 95 707 844 728 639 389 815 548 835 997 976 219 462 460 611 740 975 836 339 987 190 942 733 952 430 472 126 990 353 501 301 231 517 865 15 224 446 847 259 407 577 12 993 589 874 960 760 94 700 137 303 316 876 642 491 188 610 689 453 753 722 264 471 774 685 798 67 475 225 216 777 179 574 759 574 607 957 228 984 556 878 535 870 181 840 71 381 661 575 255 286 30 512 750 268 456 61 339 620 434 781 130 994 295 640 106 517 366 686 209 649 339 854 799 382 280 120 278 29 109 493 299 396 794 832 984 626 528 885 400 215 172 234 21 454 785 227 400 90 628 680 569 557 923 735 50 870 507 154 144 510 905 787 863 421 762 193 754 980 613 763 298 418 809 123 570 967 199 687 194 582 367 657 947 435 218 558 869 661 865 246 80 698 898 37 1000 742 160 570 667 49 619 193 753 669 764 221 322 411 156 325 454 638 549 538 982 844 679 887 155 974 896 240 117 664 29 445 884 783 494 380 386 399 149 937 591 461 18 815 176 218 429 128 831 693 167 534 427 330 273 753 872 303 399 813 574 76 620 792 345 994 918 486 358 174 285 353 310 901 478 515 877 955 886 122 264 685 586 420 537 736 274 174 536 874 738 245 593 501 780 443 69 482 920 297 475 733 479 658 93 740 164 808 697 869 99 988 24 509 885 849 902 506 449 432 997 465 488 746 291 980 807 672 797 236 574 690 89 457 597 729 448 565 842 845 516 150 90 339 154 588 530 879 844 94 232 132 684 411 582 212 565 662 686 134 570 534 990 523 855 562 337 424 414 411 217 934 95 429 613 645 727 104 812 382 96 961 103 526 979 268 566 938 832 197 343 536 69 629 188 518 531 951 315 820 247 421 293 406 16 
557 952 949 495 382 542 557 79 794 170 789 997 522 396 263 973 143 139 484 61 569 237 167 795 395 501 748 430 810 386 143 720 909 155 540 420 678 679 314 536 132 849 327 893 853 607 766 722 238 294 782 989 172 478 840 554 839 554 270 394 846 189 108 488 744 221 467 44 239 111 502 251 775 359 576 412 312 973 234 832 902 406 253 172 10 736 246 553 51 35 812 366 119 147 993 932 195 910 83 541 234 961 304 756 613 869 331 653 111 772 829 260 860 423 837 458 548 105 386 180 539 307 769 930 953 928 957 691 466 555 34 223 522 791 11 140 264 717 814 379 575 828 781 193 246 866 402 606 397 974 347 874 19 151 35 179 800 399 748 335 142 354 105 938 532 296 168 318 763 580 839 713 447 229 963 767 215 750 432 141 143 357 595 360 559 487 168 760 805 775 330 805 859 966 373 540 166 299 334 303 781 794 919 425 978 735 578 301 370 881 175 310 747 248 523 561 686 972 488 339 460 483 277 680 677 364 823 634 885 551 337 478 624 507 168 477 125 998 298 141 124 305 730 18 476 435 139 66 204 292 907 724 330 971 879 360 266 941 705 877 104 34 371 585 599 942 582 806 293 154 1000 25 634 620 644 31 470 770 200 313 44 521 440 602 686 386 120 602 969 750 241 301 69 315 338 387 414 885 18 877 739 459 318 291 24 997 193 787 662 912 262 393 199 342 446 596 734 156 963 752 172 939 450 330 74 593 803 934 233 137 334 490 229 693 98 855 867 178 551 423 532 337 132 582 623 664 69 365 130 161 20 300 295 983 951 128 707 42 518 934 907 82 87 830 206 466 798 580 667 683 799 472 289 238 852 341 77 331 692 64 0 799 506 791 292 173 564 121 188 295 173 927 661 332 901 588 720 953 875 730 284 281 881 393 173 513 381 331 560 876 665 904 836 380 911 141 795 247 343 253 187 955 334 753 795 730 470 599 62 656 626 519 636 915 764 180 78 779 688 740 322 217 430 701 587 486 200 958 383 247 534 792 626 31 427 461 818 901 838 273 962 223 568 722 502 924 989 73 88 451 910 364 590 510 867 957 212 286 799 64 842 535 806 618 238 263 461 796 518 620 873 562 737 732 560 463 897 830 755 493 
821 242 595 888 365 204 138 217 655 321 540 787 141 675 386 283 849 509 744 173 462 969 70 938 374 404 709 757 102 299 312 361 19 227 300 229 289 567 609 984 228 335 36 992 557 564 982 73 418 981 370 560 970 816 236 47 401 224 687 605 139 565 408 837 819 680 667 289 321 60 38 610 474 774 889 434 66 753 751 999 194 496 894 539 740 598 246 35 854 98 260 275 653 640 220 300 602 228 497 611 743 627 902 996 850 976 788 721 546 582 433 792 225 788 944 525 162 537 808 407 128 924 971 255 969 724 64 114 845 246 93 389 847 465 242 940 391 635 4 14 884 787 0 372 889 75 387 662 42 146 106 403 43 858 484 448 374 592 64 342 683 43 757 550 400 930 730 676 51 493 298 436 880 959 695 949 74 235 21 339 461 91 256 860 855 427 326 938 849 42 455 914 994 800 390 940 414 415 196 972 974 193 345 892 891 58 92 492 327 126 985 854 406 364 90 250 140 387 678 274 471 858 895 731 620 239 859 749 532 939 173 441 429 730 888 196 746 504 974 165 801 500 462 547 572 950 456 43 746 220 355 53 67 179 672 123 333 400 774 252 415 486 45 271 344 130 246 545 273 623 19 703 979 229 130 851 372 750 418 727 598 221 102 102 164 820 946 143 855 977 834 697 615 156 348 702 653 484 647 541 39 812 561 480 852 211 72 791 951 990 526 281 854 274 456 341 650 94 353 301 85 259 274 178 5 402 487 927 289 586 329 972 924 346 392 532 122 354 878 801 689 380 197 687 690 45 243 382 145 502 780 157 337 267 399 632 337 439 408 712 996 175 697 229 912 501 305 268 805 749 716 612 351 258 760 587 661 471 568 720 605 895 327 520 87 528 208 545 232 284 39 867 363 462 133 767 329 822 419 429 419 222 967 68 377 110 75 773 746 273 987 828 950 103 589 863 707 999 561 505 436 796 587 673 411 185 997 768 897 987 314 864 499 819 779 155 732 100 949 841 674 369 554 178 499 887 723 6 860 801 254 664 1 472 1000 873 712 226 4 828 374 381 765 591 807 857 627 452 526 77 874 193 409 842 388 837 887 350 585 203 823 84 271 922 789 661 742 403 489 653 995 259 497 850 340 752 744 799 57 794 
840 933 88 171 176 592 12 654 499 776 643 555 328 415 51 113 891 157 95 702 946 337 713 397 443 937 302 977 802 838 684 471 810 67 4 531 744 709 424 254 121 201 32 403 89 432 485 885 476 326 148 257 457 299 255 687 155 289 803 693 406 346 643 793 23 264 615 201 577 768 396 363 538 579 982 280 951 524 178 912 331 638 147 524 19 970 526 373 28 623 428 175 129 295 70 890 595 214 217 473 245 858 194 90 967 150 208 120 53 343 159 735 385 972 602 545 503 455 427 345 125 183 950 187 871 981 422 415 140 92 357 708 735 774 389 724 176 743 87 29 197 846 431 704 432 905 74 355 341 307 112 164 785 107 512 87 378 794 623 794 597 508 303 965 379 901 983 598 116 81 6 609 92 356 497 695 351 301 264 641 479 108 742 233 607 157 550 790 952 880 555 853 475 83 371 466 730 918 341 466 20 975 988 713 888 499 884 823 699 477 135 267 789 826 326 851 838 826 543 481 183 871 76 846 375 356 43 138 492 133 424 907 533 876 390 908 199 794 297 477 268 288 58 693 966 347 859 376 910 587 426 524 368 27 984 965 155 894 121 625 128 750 334 274 211 169 565 953 141 950 386 812 560 184 405 428 311 770 867 541 328 587 723 997 303 890 402 576 365 841 856 858 917 24 690 902 692 853 475 780 39 797 367 595 189 823 123 670 860 775 922 389 293 705 909 702 284 718 577 926 257 403 593 924 200 836 347 647 695 261 682 351 287 253 7 882 347 877 955 545 557 13 334 704 312 669 738 14 560 458 552 632 411 977 221 942 136 633 494 900 384 369 402 266 737 398 325 585 876 807 867 507 743 413 882 979 59 249 893 179 391 658 553 61 934 486 67 652 937 364 356 927 511 633 111 514 273 270 837 801 548 517 479 310 660 543 880 447 962 275 467 544 532 696 140 740 110 820 943 404 987 464 799 711 51 72 839 439 145 966 10 18 316 509 605 432 171 168 519 842 998 302 118 902 658 339 257 482 508 427 340 10 842 291 283 139 142 31 468 615 343 997 159 100 819 634 443 446 855 896 549 640 454 401 678 173 600 791 705 294 820 500 957 340 565 686 510 338 502 791 605 34 463 598 142 660 199 996 7 778 
818 365 678 200 455 240 594 68 423 562 729 618 451 205 633 319 525 915 523 626 283 786 879 828 280 623 854 461 516 309 597 429 657 967 978 137 863 573 990 518 676 16 410 919 372 852 318 971 687 989 32 885 40 753 313 20 921 790 807 298 929 919 867 990 275 262 233 44 294 790 990 786 443 733 980 441 948 995 123 351 394 535 802 140 182 59 24 761 211 863 231 636 607 188 809 545 221 668 631 444 402 426 174 998 680 940 669 265 9 165 680 160 894 321 850 372 838 627 279 923 850 884 556 489 719 146 956 739 471 437 164 841 32 821 18 896 756 892 280 307 0 86 329 351 697 133 672 109 779 170 364 727 509 602 29 432 579 463 981 210 591 907 256 47 391 922 58 648 617 988 811 265 796 104 417 377 83 371 523 905 916 313 254 995 910 426 764 851 668 735 155 972 619 198 568 850 565 362 458 156 823 260 143 913 606 710 72 373 314 538 512 10 974 50 311 4 294 877 281 460 714 546 438 471 295 897 158 134 792 540 645 613 59 810 264 247 962 155 845 361 369 651 274 348 464 79 944 38 435 164 88 417 11 903 405 934 955 403 861 468 146 167 964 933 39 172 825 789 776 440 148 375 75 948 865 318 459 186 732 5 558 71 785 258 61 371 337 905 332 317 101 115 985 434 75 593 852 3 303 775 827 961 293 164 516 578 928 585 218 638 888 242 657 869 0 833 111 766 44 69 442 975 957 2 847 917 818 871 280 150 521 989 980 11 128 244 372 542 677 34 670 113 796 329 201 68 627 133 998 352 341 154 877 909 69 398 295 982 920 711 443 741 672 715 764 418 521 517 434 772 560 29 458 727 506 322 170 652 260 121 520 681 990 648 219 95 397 695 58 737 233 672 722 183 708 358 690 679 571 444 466 687 410 654 429 295 207 222 819 754 154 681 810 375 768 453 521 40 877 206 8 93 200 284 155 553 216 87 601 452 593 115 839 360 291 676 515 138 945 869 934 741 506 611 155 22 303 78 474 131 448 50 985 346 764 77 25 422 348 853 66 895 337 765 535 775 813 838 425 536 814 356 386 196 336 776 325 521 649 903 594 374 408 397 545 711 965 696 270 984 366 434 279 788 978 665 649 220 124 686 
495 554 563 946 299 556 83 291 385 822 957 28 849 72 821 542 636 430 815 335 462 428 618 400 838 368 70 664 891 368 312 731 932 992 872 728 896 202 660 69 740 960 780 176 582 376 408 186 965 171 815 180 652 629 427 20 776 635 482 626 876 102 359 61 100 563 430 121 895 925 467 594 800 367 464 66 422 644 607 73 335 4 530 539 820 583 910 426 697 145 988 322 122 949 660 256 320 344 230 585 143 928 348 403 804 158 653 344 867 912 781 165 364 782 391 493 121 532 866 89 2 367 27 726 357 789 828 439 125 74 121 34 284 752 761 828 317 824 700 69 259 920 280 545 895 375 246 937 44 246 146 815 147 652 129 774 686 702 739 946 850 398 690 732 850 30 647 315 215 379 451 151 488 35 424 620 577 381 84 850 958 365 708 355 995 341 780 961 974 433 80 603 21 413 218 20 922 817 67 769 851 295 166 626 912 13 634 142 56 656 390 528 427 210 799 88 21 51 654 492 774 572 533 894 648 622 33 281 428 580 962 594 612 141 468 564 459 102 79 399 355 365 614 794 862 87 648 872 79 610 88 235 663 633 157 690 737 367 303 789 814 183 924 842 31 206 141 402 773 37 366 336 689 496 722 804 850 168 51 101 105 471 864 543 972 206 680 606 275 136 332 480 946 725 651 707 871 872 978 321 498 977 341 291 398 155 547 796 847 841 274 872 596 955 27 617 312 557 32 220 964 465 688 885 874 82 486 848 98 939 522 521 542 561 562 141 156 216 164 132 694 693 53 368 732 560 216 66 893 917 637 493 570 732 166 798 476 659 0 410 370 786 509 411 670 378 501 335 450 326 991 745 220 893 96 482 722 966 710 580 82 458 447 253 185 51 364 257 6 450 726 966 144 411 960 527 143 356 428 118 923 113 326 678 23 373 24 400 354 673 299 810 893 8 770 995 803 602 621 711 817 109 997 263 797 727 427 936 954 16 687 440 771 154 24 533 346 172 713 956 437 872 848 344 843 127 944 534 264 672 745 961 339 774 120 959 290 757 746 217 424 474 219 158 899 776 902 458 183 982 190 153 38 749 739 788 686 690 703 793 610 629 751 16 393 780 66 460 643 850 589 234 986 413 368 139 136 113 355 449 
301 408 670 916 373 767 975 833 321 955 946 462 778 768 325 162 638 910 555 23 181 742 951 659 577 862 795 647 759 902 103 379 310 342 300 69 669 177 623 61 493 751 726 341 15 850 492 7 170 650 363 780 11 345 174 575 462 893 581 579 634 432 561 83 873 703 712 835 923 351 427 850 386 173 153 370 800 872 805 460 400 547 654 540 48 943 766 319 875 651 501 393 180 507 354 271 630 590 811 874 612 190 636 31 70 315 141 929 608 771 205 937 438 725 393 577 945 287 535 890 870 541 907 416 987 383 953 489 453 935 132 388 82 855 279 634 839 964 322 398 838 743 55 264 320 449 528 987 530 468 233 153 226 273 693 370 680 987 565 435 629 975 756 198 544 239 341 194 563 493 115 981 378 803 238 357 145 351 165 308 670 383 606 134 749 38 112 796 404 96 898 211 422 181 342 837 360 346 562 782 739 338 546 898 170 851 675 14 708 276 525 396 233 788 104 281 723 335 842 5 153 921 774 151 614 528 344 4 172 935 281 566 801 780 157 842 35 574 703 864 227 121 344 160 9 635 687 557 244 399 40 532 312 929 583 288 182 582 223 794 885 26 321 502 80 839 453 161 789 9 740 948 527 565 926 756 604 162 974 470 734 449 524 428 325 414 338 18 741 29 55 634 583 908 726 909 547 300 205 929 702 304 223 673 527 176 834 135 640 522 386 636 323 57 974 183 938 426 402 59 325 723 348 23 856 428 199 704 353 719 552 123 372 606 970 101 122 341 40 946 704 565 862 361 200 198 133 887 793 140 44 333 94 758 158 90 178 685 313 6 492 885 427 334 125 316 67 600 857 935 449 36 859 97 628 412 897 301 429 974 305 908 923 574 516 941 458 863 478 564 381 244 45 847 937 226 47 485 262 689 954 114 417 458 578 36 349 515 516 506 771 793 361 460 11 305 507 56 311 641 905 144 312 760 690 107 637 971 338 224 569 122 598 927 638 874 442 6 17 124 425 559 28 754 111 710 443 532 953 52 106 83 274 204 203 587 970 767 903 184 881 0 59 808 941 965 680 473 846 538 255 86 341 656 652 779 685 160 711 435 227 672 797 553 673 858 710 437 271 125 319 639 920 165 165 947 847 731 96 228 
348 352 914 287 374 816 687 181 662 533 959 424 66 515 796 182 23 154 849 986 786 14 948 555 157 829 432 986 261 615 182 194 223 770 922 623 390 354 641 491 213 166 859 874 734 250 128 253 713 389 661 191 301 171 792 336 20 192 499 735 390 525 944 818 863 405 658 473 723 421 100 653 491 811 761 842 397 566 40 903 53 147 375 644 804 803 390 715 283 62 285 382 245 187 576 159 361 546 49 576 913 308 435 23 163 739 663 30 156 779 511 346 514 602 266 845 471 559 106 997 582 101 612 955 489 29 692 487 934 418 711 611 598 70 715 14 918 25 584 747 570 57 549 810 399 918 844 131 12 182 594 214 2 190 94 893 971 932 651 422 80 524 36 224 903 375 921 579 614 724 781 668 751 415 36 22 607 713 210 21 952 75 23 47 648 580 279 308 21 74 291 38 245 48 642 175 537 26 43 782 988 820 914 569 163 593 549 304 133 532 966 779 147 711 227 418 309 235 996 381 523 876 240 96 787 791 894 460 454 835 456 657 58 632 303 31 845 737 433 578 559 497 103 868 725 870 569 483 265 338 676 710 561 434 568 316 348 478 706 118 759 513 441 723 561 498 32 160 7 789 985 105 327 884 533 456 986 404 850 930 949 294 848 838 41 204 813 369 268 500 729 987 319 244 521 311 24 529 424 466 469 383 12 199 676 334 390 172 224 378 128 187 293 877 462 240 26 975 674 230 120 875 393 273 431 52 495 966 567 19 228 323 431 273 752 103 923 571 919 508 609 571 984 239 697 131 834 2 726 773 841 750 351 143 629 451 47 661 751 407 925 405 55 220 869 328 737 400 917 58 463 159 798 7 756 550 81 204 237 428 175 800 117 630 400 953 820 269 568 304 637 721 913 145 259 216 274 173 756 979 407 72 722 243 946 197 705 789 640 851 603 936 412 451 319 217 58 163 804 124 686 570 391 518 30 219 509 574 314 713 706 933 207 835 746 560 95 755 267 696 908 995 858 441 268 912 753 60 285 419 260 480 52 847 744 386 686 132 493 941 961 312 278 557 885 953 892 592 21 937 174 666 576 475 700 440 492 886 95 870 900 422 53 558 290 211 62 191 817 399 563 582 907 359 703 269 117 92 237 45 
440 753 464 548 82 235 599 32 860 121 746 818 749 680 231 947 673 279 981 386 16 716 76 573 150 448 72 329 686 949 253 162 968 923 541 632 56 782 371 412 155 176 174 301 310 753 177 710 273 343 829 692 375 65 123 390 112 333 587 359 170 982 689 125 138 196 115 337 413 685 811 626 879 602 377 695 89 647 567 847 407 159 608 635 45 558 767 536 616 22 788 632 742 25 888 975 931 865 936 306 950 11 312 586 47 375 18 117 448 724 988 285 559 571 77 104 308 664 152 979 72 612 847 643 231 424 916 848 240 841 29 865 145 355 131 323 380 914 10 701 960 570 686 660 734 11 256 801 985 907 779 551 357 519 743 721 301 907 589 968 378 324 974 637 294 173 700 870 85 316 288 902 710 56 467 962 788 585 374 749 931 695 215 168 620 321 643 430 265 567 160 298 239 856 109 227 760 341 54 69 588 643 929 22 510 71 100 222 178 149 679 560 414 57 460 87 30 631 961 525 523 628 145 621 857 929 42 362 522 280 394 27 928 170 436 557 528 872 571 633 78 97 951 532 918 269 826 823 263 911 284 609 531 889 311 235 916 574 226 290 633 713 242 96 592 314 954 760 537 988 86 5 876 197 32 161 706 568 678 252 709 847 191 683 17 95 61 958 392 435 803 113 831 971 543 868 827 377 988 384 654 908 904 160 988 604 543 440 182 698 97 275 913 838 536 812 145 674 674 589 971 846 696 387 872 945 126 206 379 237 47 305 977 38 742 630 749 45 771 230 128 411 885 294 193 454 750 688 501 946 616 504 482 953 512 291 11 640 950 756 231 228 176 144 720 563 59 933 652 201 446 112 901 38 420 95 78 514 485 632 533 848 279 30 102 191 407 587 986 529 437 274 258 779 378 930 395 856 744 336 756 441 4 345 132 870 424 960 515 653 23 654 833 823 589 612 219 497 659 367 328 99 897 981 333 33 452 612 588 0 850 207 114 428 679 13 459 146 914 593 326 353 817 359 555 546 906 893 259 30 755 259 8 52 975 31 160 682 304 119 560 196 722 471 701 257 501 365 514 148 743 766 824 188 638 813 90 908 683 273 786 629 500 265 898 548 809 573 539 823 140 66 732 566 608 959 471 59 298 188 
623 351 581 287 956 70 582 99 257 217 566 418 402 698 566 341 789 578 578 34 49 303 318 634 637 849 472 271 492 1 477 444 94 963 391 797 924 632 527 250 211 123 774 85 870 825 868 701 383 124 85 371 393 120 379 969 101 309 641 181 13 527 189 665 861 523 995 539 569 16 321 272 46 898 322 426 171 911 736 236 208 260 636 589 666 519 184 739 913 187 848 659 337 671 135 293 760 713 391 690 448 756 921 346 436 840 255 965 775 289 990 602 314 957 25 574 650 881 318 26 795 122 424 977 663 810 9 775 755 884 132 295 91 757 631 956 580 292 885 813 856 529 866 254 755 660 657 916 493 872 742 995 443 845 432 364 927 678 112 993 459 74 359 595 736 312 576 583 789 79 707 195 545 212 361 115 661 524 945 896 641 188 462 608 10 70 531 691 550 711 714 685 215 868 390 380 309 418 875 34 94 601 931 41 524 627 249 401 746 43 882 891 734 88 206 623 261 488 149 777 654 447 782 771 264 814 791 551 228 98 374 861 151 537 262 236 763 230 394 303 344 20 404 986 184 59 893 916 236 837 386 916 581 548 925 155 342 795 949 97 541 299 438 30 928 27 362 812 810 151 176 526 822 470 769 722 391 839 26 350 665 986 850 889 794 616 520 696 116 536 578 886 89 141 69 851 14 352 598 949 588 287 313 714 338 865 934 684 665 261 308 804 570 3 136 252 93 569 749 416 186 378 922 496 551 524 297 431 945 698 886 760 51 970 157 394 753 795 500 214 216 795 708 573 625 456 439 190 230 950 314 204 527 260 10 376 659 518 741 565 387 829 962 439 746 395 978 184 125 785 695 704 699 19 59 361 847 185 334 93 974 981 787 345 545 34 540 471 222 629 602 926 642 147 265 105 659 558 55 195 819 277 130 345 802 253 423 462 684 48 109 492 958 693 83 478 793 277 93 673 903 530 388 846 908 494 595 306 647 577 982 533 698 509 997 508 846 941 305 917 290 208 452 158 20 298 63 397 465 920 19 914 969 726 914 832 0 692 66 961 122 400 95 904 838 257 812 646 470 965 508 288 364 145 14 37 22 386 613 863 773 829 288 935 580 387 210 306 783 934 789 677 469 590 906 409 963 463 281 426 
55 946 150 125 47 361 1 159 537 528 599 115 212 770 379 41 426 266 953 294 248 170 476 37 10 784 387 956 963 896 573 820 477 117 826 529 224 935 114 852 233 801 204 401 233 551 855 181 713 351 239 44 619 79 99 458 178 295 11 713 262 147 537 914 402 628 479 700 749 580 231 878 540 67 456 375 432 47 560 341 701 407 119 453 530 641 759 973 876 681 552 241 470 528 126 914 625 129 269 989 264 274 758 240 406 768 574 245 800 94 128 96 280 465 584 188 948 370 958 469 143 238 634 705 830 707 70 538 337 590 43 99 475 72 861 876 64 300 985 885 727 526 177 169 120 83 550 878 745 129 144 233 393 414 413 853 902 947 467 522 86 203 27 969 673 678 664 960 596 978 814 912 90 128 836 278 745 137 619 28 582 386 193 552 182 246 219 864 956 395 739 94 486 648 18 825 17 851 262 51 774 952 688 324 331 451 253 935 864 233 32 908 840 423 84 912 747 981 27 436 230 216 976 487 874 106 679 1000 10 584 485 314 50 888 290 301 80 919 870 25 653 70 673 940 906 241 20 458 752 147 419 375 12 175 614 970 752 481 326 803 930 577 366 399 859 103 239 586 372 661 776 100 579 957 152 309 535 660 834 468 278 881 728 789 518 456 711 188 379 15 420 593 452 13 548 217 847 712 577 771 989 295 123 797 136 411 280 716 45 777 18 652 935 569 170 24 486 48 499 306 441 229 376 75 580 734 654 17 280 423 710 907 749 923 725 785 853 75 761 831 101 420 465 507 505 999 323 442 839 890 795 437 296 457 863 715 395 739 807 297 824 715 113 198 21 225 878 543 413 566 755 236 978 193 698 890 709 586 64 814 413 985 332 568 250 147 339 481 735 990 958 880 743 934 790 575 427 88 113 589 508 408 624 701 49 595 30 604 709 530 367 300 116 190 239 562 437 916 71 84 579 702 245 232 293 692 407 994 854 53 462 143 173 406 834 482 369 901 71 371 175 785 597 296 135 717 219 590 266 17 869 35 568 204 648 888 410 653 839 0 65 785 636 560 128 24 420 387 109 656 609 121 92 27 369 690 517 373 483 19 489 364 432 743 223 615 692 941 323 416 500 509 889 491 926 257 189 839 778 73 
6 492 1000 852 570 964 70 616 337 581 499 750 42 392 227 743 612 611 932 491 866 631 771 638 670 940 120 497 588 650 164 641 829 605 389 931 327 564 865 375 892 454 625 622 24 825 365 891 9 898 171 587 415 192 59 323 824 697 670 136 610 904 85 437 351 973 506 585 775 281 987 432 510 75 0 34 731 825 974 225 337 171 868 299 870 620 215 61 828 888 359 429 292 811 272 807 570 394 544 125 61 916 872 955 82 754 423 708 334 19 930 765 315 890 972 463 656 81 281 955 102 116 513 276 916 2 268 946 464 216 556 759 348 714 245 544 52 365 231 726 965 447 982 283 794 874 146 505 632 599 314 998 581 263 640 727 151 162 0 618 124 396 472 178 939 26 363 449 580 145 826 326 876 667 509 259 897 660 288 661 664 875 30 198 211 402 286 246 431 876 792 718 682 268 627 97 8 950 81 411 756 607 326 777 310 698 309 196 278 474 705 605 698 41 334 62 861 92 488 253 864 697 322 328 865 840 825 251 419 49 990 874 173 583 323 832 199 1 520 514 660 38 277 811 853 257 369 942 849 663 913 756 743 856 486 877 602 449 693 513 619 6 735 335 192 717 702 467 549 5 325 87 605 858 153 303 141 483 558 728 998 415 337 756 582 838 851 436 51 47 535 475 869 802 306 677 345 870 391 79 795 647 3 725 642 589 615 434 876 772 906 423 697 908 953 859 468 453 829 536 841 754 344 502 993 93 886 555 79 758 903 167 346 186 782 569 569 688 943 66 137 47 51 733 947 288 933 430 525 201 396 224 705 129 660 386 56 394 329 437 512 315 304 444 821 521 890 428 217 422 822 535 344 881 711 976 924 999 6 983 356 966 731 146 517 887 890 333 31 8 23 813 468 784 407 646 219 999 971 190 476 182 731 600 328 25 194 676 931 410 720 475 291 347 195 437 961 817 205 254 976 583 438 448 506 866 757 453 977 166 613 691 989 148 873 487 310 657 946 635 500 327 440 755 169 192 183 955 919 521 57 530 261 447 245 358 130 664 436 415 527 847 627 737 785 226 566 236 405 920 503 570 373 354 240 684 0 814 581 873 391 739 348 38 964 157 154 48 90 734 182 515 96 521 352 790 143 834 389 669 
961 337 576 627 85 595 131 750 662 391 118 721 983 718 229 589 833 56 588 750 749 916 973 194 776 876 293 361 595 485 271 855 298 528 536 720 753 704 503 371 624 166 113 609 772 533 818 194 240 646 118 160 241 240 618 597 431 243 117 36 704 48 820 213 735 639 138 583 233 348 432 600 259 357 706 200 162 927 365 573 678 683 632 820 357 103 301 341 410 326 495 179 922 939 540 643 216 759 521 932 936 425 885 801 639 941 825 815 937 129 82 491 39 922 313 27 176 121 191 411 413 195 700 527 893 963 514 816 11 331 828 473 904 69 80 406 581 731 967 393 984 910 183 661 834 265 887 617 37 398 445 87 724 889 894 961 741 587 728 372 643 368 198 928 940 597 832 801 956 465 165 448 524 637 310 364 908 732 351 618 277 57 741 281 160 98 606 882 149 534 664 370 536 340 431 267 752 446 168 343 73 210 709 155 927 636 683 601 921 753 77 472 817 593 760 612 728 19 86 335 333 90 546 708 800 521 835 653 316 138 483 189 93 16 741 288 257 497 137 293 393 315 879 268 175 165 700 124 543 809 130 600 827 160 567 303 295 379 656 809 486 297 505 655 497 739 556 913 457 810 58 798 522 679 101 549 140 167 13 825 278 474 988 12 342 244 820 109 406 996 413 953 567 142 893 759 376 140 942 690 776 571 975 477 548 808 454 975 913 489 135 583 365 724 724 14 432 65 394 504 814 492 731 489 73 794 389 533 837 527 635 531 561 376 85 659 227 529 743 239 501 276 687 852 534 813 402 139 290 481 869 302 467 547 39 481 702 743 387 837 552 85 981 178 128 753 921 32 494 769 385 963 437 717 468 814 674 495 24 701 74 434 392 215 206 58 23 412 769 650 765 978 967 532 557 359 161 957 310 17 76 59 725 152 564 979 511 679 170 159 617 358 14 279 42 689 380 649 175 300 109 663 823 749 341 869 895 418 228 408 44 14 765 350 274 430 481 292 532 521 75 471 573 329 44 726 660 230 903 813 438 783 325 58 861 276 591 227 479 555 414 468 38 686 772 104 754 721 699 150 833 161 914 721 576 555 523 289 379 353 200 595 185 676 181 254 720 883 924 772 95 262 349 931 574 506 59 47 606 261 
413 47 50 202 811 398 414 469 216 703 967 52 206 187 536 206 435 985 71 802 736 801 360 815 365 344 890 32 747 413 290 47 84 376 906 145 365 112 213 289 205 766 293 379 359 644 280 104 806 579 455 817 989 450 905 597 405 933 508 728 511 760 231 958 809 76 166 415 162 133 695 941 789 498 515 308 635 121 24 312 425 303 39 828 16 968 389 17 278 125 945 249 992 345 780 178 96 167 182 608 624 500 402 722 62 976 911 668 35 426 783 568 889 773 76 843 468 69 124 609 309 802 241 211 498 201 476 580 397 300 721 230 403 189 54 162 381 997 984 396 335 435 100 784 744 991 134 875 435 443 183 443 898 629 996 923 29 90 164 648 848 607 144 295 552 18 18 218 76 174 797 414 32 488 615 703 651 698 710 400 543 254 10 93 702 881 790 584 808 859 495 418 321 895 164 894 241 709 665 180 523 159 642 546 563 377 331 549 69 955 975 930 762 589 175 451 377 732 638 564 459 92 995 759 917 907 60 381 818 860 481 425 557 791 985 897 551 824 919 579 797 289 448 154 399 607 683 435 787 867 98 570 165 259 844 219 825 590 260 897 295 44 575 944 156 464 579 548 123 472 705 731 915 989 223 115 145 291 237 65 530 431 636 946 808 529 876 551 610 677 8 94 708 46 832 869 230 953 675 472 306 763 372 298 142 157 636 230 597 785 302 843 706 904 484 698 39 758 836 274 629 421 219 299 437 579 828 823 513 608 204 203 257 810 273 162 87 308 20 133 668 518 37 990 720 701 811 677 367 449 732 517 158 838 95 992 820 951 336 462 432 497 865 112 850 392 353 3 974 31 609 587 956 681 166 387 609 437 67 850 902 958 804 993 262 387 789 455 107 132 930 853 833 708 315 283 186 406 979 904 945 355 817 779 956 859 190 872 828 567 223 205 908 696 61 985 525 577 525 489 730 718 145 793 529 833 294 581 705 523 475 838 180 18 791 179 676 214 597 624 527 217 30 305 417 292 665 375 812 642 332 386 937 582 672 175 144 97 286 519 242 136 911 153 734 881 513 733 785 525 484 257 687 214 281 83 670 428 419 479 932 146 36 896 464 118 62 904 483 360 190 189 903 647 661 457 414 822 1 851 
164 949 500 968 967 212 365 554 348 471 886 217 372 976 240 863 927 454 599 54 86 659 227 209 366 292 14 204 84 493 250 322 125 544 745 850 364 995 700 58 112 30 464 983 627 182 934 7 761 978 888 79 752 866 59 793 264 818 573 338 746 823 635 92 762 693 740 753 731 351 508 816 338 412 803 426 662 67 275 617 152 817 668 994 270 250 432 773 996 490 494 202 224 104 371 850 313 161 861 232 597 311 915 354 346 43 859 462 945 48 141 224 998 812 669 769 178 316 91 51 998 463 158 9 787 582 354 235 740 367 435 575 875 271 867 674 248 371 296 23 827 650 775 366 773 488 190 150 968 656 893 827 924 154 909 695 16 440 122 786 323 874 970 850 121 853 148 933 902 789 272 87 358 566 526 827 117 276 949 780 705 327 86 390 772 58 450 524 17 647 560 256 563 212 667 405 553 186 639 76 538 594 137 131 474 463 155 152 400 390 395 560 873 301 502 144 820 416 206 114 937 313 472 138 830 875 545 539 100 424 833 554 254 121 233 457 24 980 190 840 482 846 758 530 886 573 784 420 525 503 258 568 681 855 23 929 645 599 299 628 184 53 948 983 630 203 705 41 560 36 466 829 534 882 828 517 548 468 38 529 219 339 748 618 850 747 572 484 115 807 564 178 123 165 179 4 492 243 568 21 564 402 602 384 695 599 718 453 533 500 509 389 4 170 91 338 23 366 169 866 428 934 33 347 355 310 372 448 586 466 303 227 165 516 179 524 117 317 78 893 723 784 224 844 536 970 12 309 731 751 946 249 565 647 546 83 352 871 195 104 234 255 353 145 549 790 459 701 802 528 920 708 549 535 586 87 874 124 805 534 1 623 928 701 802 856 801 804 927 671 858 671 73 455 778 921 427 443 69 222 463 940 10 684 909 531 900 675 218 804 914 391 382 318 83 843 487 867 209 196 390 833 738 813 760 77 220 707 580 856 316 361 409 502 4 331 32 763 621 271 271 710 859 475 760 512 399 406 344 56 382 323 333 963 550 512 494 840 979 727 323 521 666 209 896 233 515 1000 585 41 760 661 69 49 401 191 176 987 155 634 851 432 882 139 347 655 545 523 81 343 294 458 623 295 688 190 397 115 634 14 
314 583 661 544 898 385 112 108 337 782 52 483 520 806 635 451 284 349 420 549 751 769 25 591 361 894 21 522 202 607 49 155 359 734 748 821 217 837 745 489 935 339 946 595 157 759 481 550 884 676 606 494 960 373 897 959 483 623 636 559 811 557 157 775 569 767 154 170 736 409 78 461 919 16 986 632 515 926 832 66 357 516 228 1 474 86 512 519 586 147 832 157 531 88 812 612 136 923 471 412 477 677 966 479 515 91 79 84 173 955 446 827 268 972 237 19 889 861 289 296 930 574 487 496 200 778 808 600 352 607 72 343 819 244 315 286 382 363 558 441 495 961 396 19 707 116 572 698 278 225 662 450 982 492 790 982 16 904 448 663 711 965 279 234 538 546 269 360 854 194 594 727 875 997 450 866 303 173 381 308 592 243 719 76 320 241 367 901 814 303 963 345 388 173 833 358 987 679 152 544 476 608 553 613 505 225 61 410 109 519 500 661 472 666 678 240 657 671 640 553 668 155 543 208 325 39 323 316 441 727 564 682 16 992 886 471 226 631 676 847 820 78 861 573 471 993 657 548 583 138 587 678 20 757 700 682 133 696 501 758 329 746 22 20 955 268 391 896 891 384 510 645 358 765 160 437 678 522 117 374 543 369 450 954 2 330 50 455 948 538 921 474 37 54 314 164 653 894 294 981 735 251 689 263 519 761 916 53 192 224 696 940 385 868 918 999 770 275 951 984 487 507 437 482 824 57 880 428 751 700 706 251 258 8 121 427 729 617 102 863 98 15 210 599 387 96 779 783 360 417 546 418 989 555 270 888 566 612 306 808 276 272 817 607 750 571 606 334 917 107 824 220 689 490 174 739 903 539 31 831 553 215 277 383 667 262 384 578 174 325 745 216 523 809 349 118 363 372 247 250 945 332 595 208 430 486 68 216 627 109 312 957 698 299 841 291 565 394 194 307 666 1 988 830 318 164 771 574 129 599 323 619 852 412 995 159 391 728 847 330 62 820 552 838 177 696 114 934 487 324 143 414 598 420 130 550 821 427 880 857 327 228 618 828 953 84 587 45 34 76 753 396 515 54 11 379 806 563 123 382 805 563 497 302 752 137 349 763 590 292 666 826 868 717 887 725 727 116 690 668 
190097 185415 189877 174925 198551 182809 185316 198032 183710 180764 194157 189512 193381 181205 197471 189983 190682 187949 188687 187715 184370 180828 183964 190514 179258 192472 184987 187232 183648 188385 
