500 30 30
-2 -16 -95 -166 554 -96 544 -77 -122 -182 -21 -160 388 453 439 314 -161 457 -41 -231 -158 540 303 -104 -190 -183 -101 303 -69 -190 399 -1 -45 -78 -41 401 318 -50 410 -187 527 476 282 265 423 399 -90 -182 372 -20 399 -24 -183 302 -207 406 -185 -34 -136 -147 -80 321 289 -82 -132 379 305 538 -218 366 -8 -213 -187 370 -131 404 315 -190 474 -28 -84 -128 293 -118 514 446 -222 329 272 572 -222 -232 -124 566 383 343 -127 299 -258 -76 327 475 -68 -134 270 -126 -222 660 -67 -149 342 -186 272 -80 -253 -72 388 271 -124 -13 -61 439 -92 -18 -196 -256 -235 -34 328 503 394 277 450 378 272 523 -61 318 -147 415 -208 287 286 -143 -11 -105 316 -231 271 333 505 -24 -182 -78 -117 261 -196 -140 377 -121 -169 -139 413 288 425 475 353 297 397 391 472 -71 418 416 502 402 281 -41 357 306 -222 396 392 -133 438 406 529 -65 -82 277 -199 395 -160 -32 459 265 482 -37 -86 459 268 -34 -17 559 278 582 636 -62 318 288 447 -7 -30 -187 -10 275 355 -136 -254 -51 -215 417 -29 -119 -161 419 -160 466 -98 506 -59 -78 612 387 375 -240 522 -24 454 350 325 294 397 292 -29 -185 -148 467 -242 360 -62 401 -58 -260 396 -112 -101 -19 -41 -94 -200 376 -36 313 -10 -33 -1 -154 297 -28 411 -134 -100 -182 541 -112 -14 380 417 -230 375 319 354 404 487 -6 332 -112 -26 -36 473 292 424 267 444 -138 -223 -147 -51 -57 -116 329 -111 503 465 351 -106 -11 -66 -222 -118 438 461 421 385 -45 -12 -21 469 376 -134 338 441 633 286 -173 437 -20 -100 -5 502 -201 -154 287 359 -159 407 543 -145 282 476 395 -24 474 514 440 480 -183 465 320 329 376 642 -136 457 -121 -85 325 -28 417 431 269 -47 346 -38 290 -122 -199 378 -15 -111 297 -195 -248 445 282 481 -160 288 -193 348 -54 -126 367 -179 373 -247 376 281 -69 412 -26 406 304 399 -22 445 -229 503 -84 372 416 319 409 -4 441 -65 -19 -240 -232 -74 277 -35 396 482 -238 -58 -76 443 471 305 -43 -228 -42 320 -216 414 -25 -172 -193 -63 322 -159 -68 412 506 338 344 403 341 317 352 506 -176 340 326 409 -116 481 350 285 321 -222 528 369 -118 -53 -29 404 -178 -158 337 -28 -98 -108 -171 413 400 277 -241 -155 297 319 -107 -181 -12 422 -183 -259 408 386 -109 -20 -197 524 431 -11 442 436 -207 414 458 -28 265 -180 -222 -156 -4 -166 404 
776 953 220 147 544 951 957 619 242 791 1 895 213 212 848 192 92 957 291 387 811 931 572 789 979 901 46 5 86 923 732 133 145 644 683 998 924 976 295 814 210 365 294 611 49 618 22 972 545 582 776 403 5 790 209 733 99 616 84 565 122 258 81 396 272 425 940 130 81 563 341 360 399 427 123 701 220 8 448 972 120 589 522 712 371 414 271 31 746 983 6 655 978 916 269 820 597 384 974 293 807 295 329 505 480 314 576 85 807 814 748 50 370 226 298 672 623 124 46 261 626 275 67 259 341 682 664 133 785 466 106 64 271 461 441 9 652 73 772 274 32 866 427 804 766 599 136 76 81 639 773 365 594 84 252 417 667 204 905 271 419 863 848 611 176 212 901 376 501 841 632 374 889 934 636 812 235 753 332 4 367 80 501 337 498 321 113 297 253 833 121 450 771 549 743 462 65 404 118 550 67 1 267 848 977 418 641 856 932 826 445 432 178 270 693 607 106 378 625 427 233 321 15 558 569 54 368 273 21 62 380 219 612 258 590 752 432 421 120 234 926 273 764 160 747 666 231 121 875 736 333 158 513 821 940 227 997 458 259 756 497 841 87 279 90 99 9 37 230 911 97 912 746 263 609 348 449 659 569 261 484 658 45 204 140 652 360 832 160 856 752 518 950 334 822 138 604 28 428 177 420 329 245 139 73 587 331 515 428 274 579 924 533 656 529 403 162 71 923 959 384 897 678 225 981 300 979 411 250 870 782 74 121 211 884 603 346 750 475 775 900 469 247 678 78 99 352 653 3 965 852 167 919 243 365 436 189 132 131 924 812 464 504 922 757 563 446 736 925 343 153 63 154 375 739 139 631 67 811 744 856 926 556 759 468 649 407 767 318 925 969 11 994 203 522 575 824 28 242 714 858 975 436 746 316 286 264 827 856 727 233 293 519 411 251 249 192 113 658 729 112 176 595 450 725 262 795 178 658 947 1 385 113 573 965 946 820 898 749 310 178 799 443 509 866 347 640 123 169 187 471 428 692 780 690 759 620 370 780 771 899 530 563 877 187 313 340 213 169 308 467 828 404 484 529 494 304 527 468 383 937 439 230 22 944 801 117 204 982 270 661 219 28 153 879 294 654 924 424 157 
939 315 338 365 566 837 75 409 82 678 895 931 255 527 278 104 134 8 853 255 574 258 190 280 60 663 551 412 156 454 346 744 779 351 394 649 152 163 696 542 54 929 497 488 803 120 528 787 293 264 754 361 73 183 78 3 851 236 592 287 180 197 730 71 407 17 314 847 339 317 969 773 78 111 425 678 181 908 852 77 61 906 556 178 384 140 70 332 329 289 597 182 975 3 999 290 617 849 891 641 221 940 38 574 384 921 248 637 981 130 153 343 151 133 642 642 100 314 405 571 495 637 572 339 707 272 307 450 504 14 100 918 888 455 6 545 742 990 413 709 948 347 832 777 809 618 277 129 500 904 588 311 419 193 174 972 466 419 532 653 4 616 726 541 579 838 10 110 992 886 481 750 817 367 321 931 125 896 836 223 552 127 619 810 247 876 402 275 99 181 354 900 358 928 273 119 990 850 682 820 580 42 428 288 244 548 11 717 258 207 113 20 216 54 530 683 658 703 906 182 838 309 950 783 876 621 53 701 274 34 685 53 492 593 110 131 573 805 863 639 440 424 242 824 837 701 80 834 940 161 211 71 371 107 528 950 712 535 25 613 269 487 412 544 550 76 726 295 604 63 797 561 975 586 775 451 213 477 830 62 453 834 264 596 379 896 488 712 89 680 334 856 41 88 519 156 348 194 893 236 826 572 764 939 472 902 378 621 138 734 531 761 94 779 583 318 156 547 797 975 999 693 932 943 37 734 694 811 389 52 338 689 181 596 213 357 377 515 129 333 555 447 505 681 366 683 873 845 296 253 920 930 810 456 722 592 465 408 352 555 410 457 207 600 303 182 856 686 212 202 684 333 632 304 798 168 77 171 950 225 238 685 49 201 962 176 186 268 917 574 174 566 521 81 754 888 279 698 901 232 264 674 885 36 922 850 490 156 107 498 741 482 414 835 175 467 664 534 217 643 746 785 103 306 372 533 115 912 118 761 587 353 733 812 914 369 271 108 391 710 408 625 823 384 712 16 787 538 731 609 826 901 454 609 348 136 218 589 540 850 50 306 651 3 820 359 140 237 377 190 571 487 236 143 188 907 173 20 101 276 819 882 435 130 235 164 613 8 851 191 227 244 997 286 324 260 563 299 506 985 
927 225 135 965 456 581 171 3 596 726 364 210 352 1000 581 234 272 589 866 234 903 918 417 687 797 972 104 566 76 481 373 3 65 125 682 753 699 866 989 368 165 262 89 925 363 780 911 20 901 569 570 951 79 815 69 748 516 884 517 415 774 920 981 820 623 353 309 587 205 94 274 673 288 77 284 363 954 973 490 578 915 578 222 189 617 796 720 433 674 631 51 200 449 801 450 780 586 157 608 723 518 530 2 32 61 402 221 597 767 195 262 667 560 176 814 36 367 709 554 263 941 69 996 137 894 243 11 132 929 570 971 617 791 837 564 836 37 486 435 755 49 535 515 94 774 866 601 942 480 801 634 430 983 372 134 570 507 767 313 402 84 175 517 13 174 616 465 684 686 896 191 93 584 944 720 805 180 8 800 250 948 256 674 942 846 967 513 900 994 524 115 559 635 341 863 14 965 98 88 618 474 216 784 996 764 79 462 558 858 515 963 360 300 891 263 943 108 595 143 188 898 138 827 315 390 451 192 86 459 987 234 956 248 583 776 133 286 459 437 787 345 779 833 264 670 458 340 857 729 555 366 325 67 98 967 589 77 977 113 284 96 84 279 459 848 685 221 843 149 845 524 666 95 278 955 617 732 875 791 315 123 388 719 254 189 595 703 583 649 872 802 559 316 661 783 400 803 456 439 517 192 324 180 580 22 510 369 597 997 232 81 927 931 960 305 351 489 454 853 400 513 176 931 385 936 85 185 721 327 923 479 675 561 225 509 425 493 523 611 42 281 249 322 44 946 919 653 280 797 666 807 656 461 944 667 664 75 964 270 879 326 355 725 429 8 738 798 305 796 380 248 386 776 349 273 226 415 696 395 832 483 928 910 710 45 784 443 358 389 539 470 74 391 579 217 250 51 226 376 533 443 698 809 115 907 589 575 776 578 275 587 161 522 31 617 364 737 321 187 785 142 681 632 714 338 968 562 436 52 751 291 931 635 412 389 382 472 959 212 440 59 889 852 242 659 240 961 928 930 730 90 858 902 967 717 647 672 684 633 177 978 473 934 764 490 706 813 396 345 86 583 472 707 857 543 946 780 450 694 156 775 507 145 386 845 140 29 769 583 903 30 491 797 561 579 807 122 549 633 259 
933 64 505 105 824 516 43 203 7 493 143 310 40 861 536 463 148 344 823 880 185 887 617 984 621 742 375 278 26 996 737 364 21 853 602 780 636 985 697 299 602 602 285 95 253 624 479 82 362 356 164 828 349 151 289 394 562 984 893 672 458 584 204 999 391 582 449 679 822 704 649 883 135 176 744 727 862 875 453 827 111 424 836 132 331 989 439 47 109 888 275 389 59 936 379 812 205 82 200 195 751 362 307 731 710 784 256 631 236 478 971 874 787 427 431 58 843 17 418 96 53 222 850 876 227 924 638 275 925 281 188 696 13 967 38 676 269 625 436 205 501 82 736 759 159 181 956 845 590 867 683 589 490 921 57 255 516 509 852 220 321 348 96 62 121 542 11 676 597 140 549 594 171 422 789 610 529 366 300 708 659 724 346 166 588 89 986 156 165 131 390 839 1 547 482 845 276 431 658 284 783 328 739 382 213 947 362 682 43 136 230 609 593 324 623 523 123 231 299 653 638 317 420 683 643 380 91 877 133 459 139 412 218 197 29 665 819 728 719 289 916 272 627 714 699 650 385 20 640 786 148 96 88 611 69 594 465 682 242 198 804 73 109 564 902 388 324 515 870 549 923 638 900 728 555 400 126 6 609 73 289 594 959 279 585 110 730 611 57 987 905 288 90 433 792 836 372 404 408 443 397 51 463 528 123 624 422 324 555 713 462 994 528 129 106 200 195 925 827 61 549 535 462 907 477 20 606 451 2 990 712 475 191 586 395 817 482 15 283 812 819 178 146 383 884 100 309 140 901 488 48 634 140 662 641 22 911 634 765 995 706 521 549 610 198 128 38 23 712 821 539 937 437 290 891 503 957 317 474 51 607 481 40 376 335 409 52 811 255 786 982 339 539 542 343 287 818 136 905 260 388 667 542 283 153 24 121 444 652 523 79 165 209 669 484 929 12 216 485 193 365 612 464 786 789 228 165 228 905 383 612 694 393 576 219 106 399 837 830 653 248 399 789 154 524 838 859 291 53 458 540 63 249 497 453 930 888 228 968 591 237 896 430 622 908 740 915 174 527 808 272 401 256 256 843 666 54 787 838 823 713 375 771 294 140 840 682 489 36 53 352 514 812 552 968 469 958 521 318 463 
882 961 128 858 102 343 898 325 529 405 893 477 784 680 304 735 188 130 618 313 42 151 28 643 320 945 562 481 872 908 299 693 958 177 949 246 210 539 258 35 828 59 224 798 898 716 219 208 771 102 291 536 249 907 590 299 368 523 811 267 585 135 843 24 477 351 712 686 610 197 570 836 823 206 62 688 759 228 638 514 184 812 694 960 609 568 44 315 557 981 44 259 569 993 278 663 78 164 425 355 408 764 668 815 539 85 904 412 608 431 399 430 411 101 83 439 842 319 974 497 869 335 157 17 368 283 883 724 858 615 359 323 474 160 190 502 990 953 974 826 60 637 919 706 429 825 745 726 812 47 917 630 50 850 238 229 366 901 516 62 367 185 819 719 594 938 496 168 114 617 759 377 499 631 261 71 364 391 465 629 616 737 985 706 995 109 174 639 484 213 678 44 615 209 301 335 783 817 755 828 766 437 548 643 917 61 906 229 802 991 523 316 260 76 706 461 56 480 350 350 249 453 292 480 993 272 101 251 666 686 319 172 794 254 589 23 842 510 678 628 782 138 462 851 754 152 951 607 41 349 413 828 493 789 620 920 421 740 546 675 705 600 884 398 967 299 625 277 179 730 513 924 32 591 91 354 945 990 545 832 447 953 508 896 352 556 575 125 203 304 925 407 902 16 329 451 507 981 737 292 63 410 66 980 969 430 482 305 290 13 120 32 456 478 43 969 570 258 181 368 868 666 326 143 96 325 111 716 328 99 661 782 542 333 266 174 463 753 435 544 243 278 491 614 710 963 922 289 196 32 877 591 630 850 28 99 199 319 334 319 261 398 237 49 432 524 761 857 76 205 549 502 638 80 819 196 536 233 848 526 813 718 216 787 395 593 416 922 659 191 285 365 898 245 728 527 621 638 542 820 823 452 385 973 610 812 448 601 950 360 486 106 612 554 630 852 522 22 530 318 301 69 293 934 215 256 967 470 838 963 482 369 640 245 302 108 367 33 297 396 193 502 764 883 860 183 966 194 827 977 513 350 483 16 406 82 413 64 513 32 881 260 869 782 455 585 389 882 421 776 703 127 191 837 641 2 890 178 417 965 278 387 934 441 871 192 16 841 378 389 192 651 88 920 334 549 348 23 534 401 
892 168 114 80 26 325 574 504 575 749 823 757 836 660 161 608 736 230 394 219 456 965 89 432 402 504 390 364 856 128 817 359 669 273 162 752 769 709 515 19 628 576 135 906 148 59 593 228 654 161 693 200 678 547 791 535 71 739 733 973 970 323 653 46 247 860 286 848 412 821 680 772 600 666 722 492 782 864 823 267 274 417 712 511 997 972 912 16 184 754 634 22 602 977 883 876 194 560 111 814 939 206 316 347 347 35 600 266 762 372 11 54 314 367 132 322 355 331 565 219 596 612 14 672 656 81 915 322 614 942 372 611 951 496 168 920 29 564 592 798 336 430 45 742 800 779 513 544 850 29 822 152 538 546 977 291 957 875 652 520 987 973 454 871 574 105 939 795 414 764 708 23 137 439 76 145 595 588 295 600 568 724 90 647 780 651 667 991 479 616 495 894 562 558 621 970 554 4 902 564 807 156 369 692 323 814 753 136 635 130 797 820 751 159 506 128 698 495 947 92 728 415 108 764 658 232 249 28 162 406 825 250 583 819 810 999 904 291 755 411 392 678 988 578 95 327 934 147 202 279 258 426 591 633 650 42 971 235 129 605 287 849 972 167 958 306 677 110 183 623 259 98 715 135 948 692 518 308 37 79 509 906 455 265 180 645 82 464 965 440 398 541 807 653 870 290 220 104 35 402 80 113 705 845 987 645 636 952 93 892 209 662 980 377 739 625 527 916 556 662 176 654 840 116 60 689 776 882 961 29 524 532 740 314 261 964 664 913 197 127 117 498 103 526 206 395 494 730 889 157 791 92 980 318 422 817 533 77 514 337 78 674 967 594 761 402 894 590 506 115 583 961 341 19 410 57 155 601 216 547 209 400 237 570 826 575 153 414 938 258 867 405 842 190 765 893 201 495 301 685 649 362 697 479 901 673 312 605 100 266 744 22 350 694 835 735 465 970 993 114 675 223 884 664 60 202 269 13 499 571 442 104 229 630 20 71 693 692 722 276 383 830 103 73 171 406 332 893 721 446 245 332 600 981 645 352 79 269 641 210 623 622 308 62 759 64 680 714 302 859 583 836 422 902 197 598 909 153 430 635 258 116 631 534 258 323 725 999 616 280 991 252 158 423 620 65 286 279 988 56 
231 510 105 878 704 490 273 467 565 638 866 680 45 27 748 86 111 594 429 491 696 362 8 883 446 534 362 279 698 988 65 720 439 230 757 123 789 72 996 762 292 278 640 341 120 859 775 637 617 921 861 77 416 44 563 55 753 836 549 698 187 838 447 76 576 458 974 345 541 691 910 73 465 112 15 827 597 997 606 740 152 752 852 901 407 253 105 927 30 457 391 904 785 182 318 699 746 347 522 217 896 160 671 433 612 429 216 632 891 688 946 761 778 248 35 627 677 317 34 709 917 843 197 378 597 699 973 677 739 136 594 235 631 393 350 386 485 68 34 381 26 885 682 741 248 961 2 583 770 269 557 512 278 229 706 888 494 77 589 769 805 849 950 23 593 470 364 685 60 117 223 59 563 939 816 464 75 617 609 921 302 772 67 959 898 860 452 867 260 101 989 17 646 295 845 29 166 406 312 56 466 521 333 240 900 603 457 154 618 107 511 153 962 427 836 652 16 306 236 33 143 258 111 667 120 66 264 60 342 385 371 436 286 703 644 861 743 332 136 83 765 492 325 383 277 465 248 397 327 151 817 539 71 437 305 409 307 305 223 286 417 456 365 41 792 176 702 450 635 446 259 195 556 462 930 842 311 822 334 748 218 298 525 57 437 925 35 209 973 404 769 466 760 907 534 758 480 699 313 895 424 970 115 410 720 185 8 820 736 835 471 231 990 899 646 387 543 947 647 245 111 612 144 719 42 888 229 221 766 353 782 676 30 327 336 160 975 148 196 268 760 472 754 583 172 659 268 224 695 126 363 667 866 656 921 759 543 721 915 805 523 233 676 864 214 342 737 317 427 391 169 657 664 404 553 285 981 601 209 322 572 22 55 836 605 585 871 657 311 894 471 862 541 219 596 429 502 774 15 264 939 971 93 893 334 471 722 791 88 998 547 24 391 828 477 624 616 230 792 844 538 62 659 415 374 280 102 626 336 784 210 827 759 959 633 934 196 378 925 534 85 441 858 802 438 672 491 343 179 975 517 809 417 50 813 306 421 95 554 374 619 699 778 572 128 284 21 869 513 300 244 922 788 771 520 487 843 849 610 817 191 453 837 473 978 848 757 277 379 969 39 651 399 16 286 813 204 585 912 843 
854 46 869 571 933 915 867 737 268 287 993 310 843 383 346 506 95 83 589 818 558 685 678 791 29 398 718 300 605 591 300 894 89 359 408 609 713 817 499 334 988 851 913 830 942 966 361 781 943 849 123 159 32 812 86 28 163 909 404 299 402 581 598 423 468 847 583 604 774 206 818 119 576 340 522 129 755 25 5 458 770 338 752 741 256 5 145 112 531 782 318 512 51 315 329 118 6 359 224 635 454 361 182 597 913 186 619 167 303 329 356 57 665 447 515 517 678 937 461 228 700 184 317 388 304 410 435 331 327 71 348 224 8 347 216 326 256 990 886 879 459 269 759 226 482 239 869 109 898 295 442 849 310 148 672 887 762 961 661 238 823 165 546 402 685 243 111 995 91 288 881 179 856 718 358 437 223 946 614 654 276 319 994 109 538 409 465 873 552 153 246 143 30 924 595 640 883 218 716 116 820 247 44 954 581 867 488 290 887 665 661 496 325 570 747 665 166 640 494 259 418 649 463 406 485 793 615 924 460 919 215 562 843 971 696 67 106 156 822 441 850 196 644 491 476 855 901 373 516 608 367 394 632 738 544 515 99 927 142 444 263 850 288 99 166 733 805 896 895 650 224 210 25 41 232 935 153 535 850 609 747 553 646 841 82 419 289 317 552 339 55 370 524 764 574 15 102 436 683 719 100 588 589 972 626 267 516 868 700 521 784 877 859 348 697 671 416 781 689 254 900 519 883 844 931 429 50 32 804 688 593 865 794 603 79 697 15 943 998 538 685 510 623 809 620 800 840 932 435 391 537 125 967 51 569 987 165 700 883 925 727 498 376 103 807 806 347 16 551 776 759 936 829 213 89 861 175 350 973 880 162 441 121 785 186 758 403 432 520 449 507 62 399 274 752 175 821 94 316 848 434 867 63 32 842 662 860 80 203 909 174 746 773 604 760 524 523 792 319 713 822 100 152 707 652 591 856 570 811 450 168 243 936 258 517 769 358 674 417 644 223 486 867 508 204 335 735 916 324 314 365 415 278 95 778 179 927 729 705 984 138 106 584 607 402 389 146 298 928 81 967 552 293 560 126 117 775 411 126 666 932 811 7 562 88 423 611 928 198 65 427 857 848 615 507 173 247 867 550 285 
97 265 752 699 845 476 669 964 799 623 740 303 68 243 819 154 604 630 369 992 51 678 30 837 215 9 147 301 727 700 48 832 327 165 970 39 77 281 561 954 507 84 186 17 754 204 257 167 635 508 805 541 605 585 169 548 966 175 205 176 866 601 769 557 540 498 157 882 31 423 513 968 587 921 264 521 552 219 195 89 980 704 398 29 284 897 149 126 749 17 884 876 296 145 257 514 342 2 274 669 585 751 422 860 647 46 341 423 397 986 79 79 55 346 661 346 657 967 385 146 668 455 182 538 721 613 935 504 799 733 849 665 389 280 224 695 519 156 514 459 529 64 774 811 804 115 602 666 290 10 406 162 747 731 60 426 918 684 340 303 895 762 138 492 235 731 807 282 492 266 143 653 956 254 559 932 555 242 492 294 825 178 924 237 3 866 278 396 198 438 424 431 604 481 428 135 913 919 938 635 4 409 620 693 598 451 523 297 93 743 101 894 45 24 995 874 371 902 555 664 713 892 251 848 520 531 736 170 825 133 730 283 721 168 528 555 376 256 938 508 656 419 226 722 198 267 554 323 707 199 180 38 223 230 532 26 529 103 110 533 441 60 942 194 762 144 788 879 281 668 956 371 710 390 166 858 213 796 954 38 627 131 401 917 488 499 92 645 137 710 93 984 307 20 752 312 399 256 511 360 681 856 840 440 102 255 943 278 480 434 891 221 363 629 497 63 413 219 402 361 72 111 494 179 734 806 910 92 665 673 379 592 712 155 271 241 440 702 382 782 305 870 244 814 908 634 478 131 901 79 48 806 284 387 617 598 179 305 584 200 206 650 30 454 350 301 504 279 949 436 803 298 991 263 702 434 172 949 381 528 232 862 796 356 342 633 30 313 632 110 360 507 200 459 136 721 876 199 749 267 379 712 21 810 450 869 673 745 757 315 281 632 222 824 222 826 111 729 564 524 159 748 628 629 438 389 634 531 408 689 556 427 636 803 885 965 434 417 372 84 718 334 440 569 527 623 856 546 302 644 548 22 895 612 964 157 241 815 420 610 908 241 589 656 79 300 203 701 695 35 432 761 568 854 459 132 875 848 799 819 155 826 341 193 280 29 58 429 543 362 958 743 335 34 698 898 988 580 350 849 
130 482 133 601 737 578 129 706 531 189 110 156 62 42 32 779 594 496 244 219 273 205 440 379 794 105 73 1 636 802 431 64 402 990 98 636 115 154 276 729 366 573 884 47 104 76 741 886 189 675 739 817 48 72 321 556 155 432 322 325 213 374 278 132 783 656 368 641 45 87 986 306 556 329 936 954 351 800 84 440 490 633 638 181 939 709 321 139 668 927 399 742 833 561 290 427 849 279 863 66 791 664 611 597 117 880 426 854 493 567 172 499 224 368 150 320 170 409 658 584 580 133 902 27 367 642 596 150 249 755 615 638 609 190 1000 658 602 659 396 396 745 817 382 709 191 512 899 683 190 254 42 11 283 298 848 470 303 146 820 398 933 989 535 61 371 752 497 601 401 193 996 506 476 237 890 311 31 634 389 692 669 875 218 828 169 767 828 870 889 456 618 321 463 981 952 478 246 527 710 666 980 483 331 785 508 835 63 441 688 701 467 748 433 689 193 571 6 123 851 930 526 205 373 968 166 666 305 547 17 170 46 917 642 624 80 113 354 636 302 756 411 617 166 459 761 895 704 368 99 47 805 636 605 808 502 979 746 380 684 130 460 657 106 314 459 184 804 42 215 216 39 342 822 456 862 481 389 710 519 243 591 458 457 178 669 2 452 50 675 164 751 837 735 749 290 641 344 364 711 404 282 933 201 112 547 151 578 606 741 437 134 739 698 605 225 494 721 538 97 541 802 921 890 946 298 989 726 274 583 531 425 239 363 469 445 802 585 344 987 906 929 396 612 298 172 975 867 958 982 952 410 868 509 491 63 555 686 474 341 716 698 990 145 794 795 984 227 275 473 842 872 428 290 692 210 255 141 688 559 691 61 101 562 343 486 651 876 662 729 83 791 65 352 676 488 295 296 957 730 989 585 622 899 430 311 445 216 465 502 497 590 325 327 856 519 566 260 809 49 780 645 713 998 239 209 230 950 477 812 421 172 527 371 523 610 375 704 630 949 682 757 393 664 165 299 106 210 800 968 772 488 629 105 347 376 824 845 155 138 284 742 190 726 529 582 858 734 774 637 935 690 248 948 697 597 257 489 826 131 135 744 588 671 905 6 217 606 922 301 659 77 867 638 99 907 530 42 338 806 45 
430 905 287 868 954 968 316 394 25 8 737 18 334 866 726 816 626 340 167 302 528 583 903 124 44 298 417 892 647 76 547 346 396 563 11 71 496 631 398 344 331 429 749 952 321 221 199 242 775 51 965 557 245 239 863 925 425 187 993 333 133 582 789 351 998 789 239 47 828 277 835 83 680 649 687 643 57 366 744 575 644 471 238 405 15 265 390 119 931 255 635 167 541 75 243 170 460 176 539 277 48 203 195 562 870 547 263 545 270 716 130 183 881 736 186 391 699 544 260 531 940 5 70 832 214 401 271 892 622 404 510 601 555 335 229 711 87 251 988 11 456 320 540 410 590 532 810 419 770 585 896 959 515 957 827 825 104 344 110 350 316 704 481 987 589 236 33 969 738 210 638 753 720 697 504 39 331 101 302 985 701 302 603 180 640 720 930 307 467 857 115 350 831 788 116 995 694 472 121 216 688 655 719 308 469 463 731 904 585 467 190 713 107 311 565 946 524 382 362 724 95 755 52 677 605 225 735 777 254 171 347 307 719 835 765 338 951 939 512 740 287 901 193 283 908 91 614 753 293 653 444 421 157 326 34 323 304 62 225 845 190 934 984 844 305 85 809 100 950 76 317 794 61 299 64 807 792 826 925 537 301 424 688 566 356 260 357 256 47 436 739 71 29 528 415 633 141 453 379 442 90 299 731 292 755 502 355 148 591 869 859 978 819 740 405 455 236 642 892 724 107 498 156 918 603 121 674 996 379 612 802 340 836 895 450 664 369 437 42 604 138 435 351 500 575 828 404 976 645 730 928 879 514 184 622 676 48 514 438 691 555 714 367 826 418 553 585 623 896 353 436 758 408 213 290 735 986 533 989 73 735 179 401 385 918 983 311 528 108 979 966 223 734 229 161 60 446 200 129 786 479 209 809 857 376 522 140 291 690 721 727 890 34 118 822 649 493 399 359 249 64 419 696 72 594 648 466 329 831 324 418 279 485 822 467 207 397 83 245 751 481 504 683 322 839 2 656 521 801 22 472 441 34 906 181 927 809 8 664 979 21 190 971 975 205 23 440 470 356 87 900 445 142 81 721 163 285 528 943 592 626 927 312 830 444 913 621 218 738 903 563 249 73 390 653 186 916 661 561 440 
214 591 210 676 609 668 433 332 580 255 138 197 670 271 575 506 325 615 95 354 197 173 5 666 346 451 976 968 283 670 621 731 772 49 927 187 274 34 138 36 4 448 810 114 631 465 455 379 710 821 28 719 154 513 628 424 39 837 100 121 963 469 982 552 133 160 218 235 985 730 725 149 142 233 943 93 355 234 174 722 773 506 796 673 570 331 496 537 658 413 296 885 531 560 194 239 241 946 364 285 815 93 809 597 416 213 97 935 380 92 148 167 460 814 350 551 324 124 779 383 11 210 717 12 19 463 377 488 576 135 757 543 451 10 736 437 324 850 783 809 1 799 899 706 322 290 524 899 752 940 835 160 512 660 162 693 915 19 844 52 227 391 973 426 109 385 184 550 897 312 90 465 131 738 137 387 215 182 99 540 646 305 57 733 115 364 312 634 627 779 243 577 816 244 163 863 389 443 489 710 775 400 521 792 440 237 71 922 299 600 670 202 950 70 564 255 378 858 727 746 20 687 414 535 577 923 896 684 884 656 861 518 671 81 693 958 986 249 244 79 574 363 243 892 369 400 277 4 631 77 847 916 413 632 996 528 509 294 387 538 104 815 394 166 831 27 870 339 584 437 857 986 881 916 939 596 989 481 612 853 577 357 991 10 814 358 590 979 756 925 429 745 251 264 56 206 345 8 196 287 434 322 214 899 827 414 293 736 124 745 481 34 689 971 360 402 919 624 364 672 695 14 998 833 748 596 473 550 372 29 694 666 496 671 811 898 628 870 954 481 541 479 59 907 813 590 802 374 112 742 446 519 844 932 182 378 171 954 603 702 912 196 501 244 115 36 407 190 572 238 218 744 696 451 19 120 567 54 812 252 770 505 763 719 261 980 716 627 856 570 367 526 733 316 937 837 857 290 563 273 483 174 725 643 198 286 65 216 406 372 463 37 420 96 203 906 841 97 449 806 524 389 484 246 212 598 665 932 748 89 567 73 562 428 530 275 181 87 396 101 394 952 243 9 278 875 688 998 16 152 876 650 118 443 635 910 563 185 230 299 731 103 202 576 775 227 338 712 399 511 709 502 595 905 55 121 784 595 400 813 826 187 607 566 270 779 532 925 772 86 592 377 974 559 285 892 164 889 197 771 
363 765 732 507 682 439 380 835 66 720 788 221 848 874 432 12 300 997 383 829 662 780 286 885 798 230 360 191 912 742 802 474 969 610 920 563 165 235 114 592 172 801 259 223 497 588 951 346 752 250 195 212 665 380 33 217 513 142 538 303 668 442 730 590 106 53 762 712 326 372 32 272 143 638 559 948 28 105 718 210 90 705 937 564 214 396 433 43 585 175 356 349 222 351 205 94 348 422 10 584 588 331 23 803 938 120 854 810 235 834 859 450 467 83 840 195 884 815 198 709 237 688 686 345 904 994 330 708 193 598 375 941 607 759 623 248 205 382 648 890 750 654 919 892 258 119 169 547 18 715 919 837 309 594 591 899 881 533 322 591 360 940 138 133 184 9 16 489 280 345 638 324 739 310 89 566 759 869 916 114 802 880 605 492 401 123 704 211 393 599 45 183 489 897 307 105 653 760 729 309 492 784 320 144 516 249 906 17 722 406 105 289 723 263 839 714 498 758 617 841 216 921 243 595 444 468 154 161 424 932 475 3 783 420 918 670 624 319 322 997 587 354 23 56 878 679 390 55 111 529 722 941 502 930 539 989 10 902 678 197 976 846 309 845 395 828 455 654 983 233 632 234 19 888 919 224 897 184 906 507 599 20 602 791 172 995 206 660 426 998 448 470 629 221 169 82 183 368 916 368 817 711 782 664 833 200 609 727 254 932 379 806 853 367 946 727 753 579 627 719 387 108 991 826 239 178 405 169 459 649 317 747 190 568 897 503 69 499 636 862 956 544 216 664 910 188 97 213 308 619 67 183 512 369 868 242 735 540 713 307 527 366 938 785 703 788 916 407 455 616 42 748 387 742 706 1 267 952 737 840 744 682 974 581 870 933 367 517 420 996 206 441 76 464 554 369 794 60 421 240 407 559 896 635 699 485 249 249 109 381 504 490 34 272 604 415 990 39 576 813 366 937 877 185 785 206 205 978 977 935 949 610 566 729 769 826 653 830 660 280 75 746 70 705 228 62 628 166 857 175 310 881 949 923 59 204 22 641 661 382 835 437 308 636 954 6 491 289 544 304 100 709 261 104 373 855 444 356 135 522 838 614 882 601 921 147 275 66 75 64 256 547 489 688 793 880 125 53 623 816 
275 300 913 130 915 63 75 898 108 392 789 683 829 947 404 444 570 737 387 619 688 627 55 731 201 277 509 108 246 622 292 22 288 145 250 877 277 13 640 924 715 581 669 58 878 550 483 708 257 220 907 151 829 731 81 548 469 198 976 370 246 714 587 421 631 103 985 960 276 364 726 75 370 728 736 492 721 816 456 815 181 60 997 230 619 328 696 975 932 306 825 384 203 880 860 347 118 71 795 433 991 612 555 160 175 811 830 116 783 689 923 783 78 353 927 328 633 384 986 348 766 698 873 384 423 457 495 498 943 881 547 26 493 732 615 43 612 742 670 33 478 664 283 986 292 133 850 197 439 190 767 596 451 101 512 808 361 564 603 928 65 996 215 209 545 788 588 948 231 64 89 19 144 253 897 162 471 365 565 797 221 815 424 237 308 876 781 609 465 642 561 286 52 584 888 199 360 93 720 227 123 489 103 898 36 289 157 101 800 115 754 831 924 349 765 920 263 854 601 411 871 377 777 45 312 446 69 420 539 815 988 520 981 666 72 397 403 83 719 28 606 687 206 445 410 432 702 349 246 500 308 119 403 780 618 339 485 317 912 505 443 64 167 899 270 410 235 294 875 572 198 919 985 247 900 526 233 23 338 123 792 677 350 307 806 873 21 361 892 333 375 364 119 811 459 492 831 402 249 35 614 403 547 182 337 902 618 473 168 562 42 436 509 185 518 832 47 232 650 431 83 799 906 582 767 805 165 19 38 793 881 582 395 312 909 49 206 922 97 592 143 810 982 71 310 993 557 222 782 986 664 925 988 187 226 254 347 584 784 96 109 600 12 333 986 52 462 344 369 211 417 233 79 79 518 172 945 236 786 52 891 510 488 115 70 136 775 918 204 932 74 626 564 310 938 202 843 158 644 19 744 609 305 189 46 463 577 706 472 683 175 804 638 269 810 865 634 686 569 389 672 720 364 179 761 275 835 75 343 487 159 82 789 661 370 229 110 77 815 539 786 37 874 469 280 742 582 630 822 46 807 923 473 372 406 145 597 784 222 513 84 910 672 669 263 239 332 863 718 582 154 357 87 171 75 15 759 193 251 228 780 359 266 752 622 25 751 510 577 292 572 124 124 316 415 44 767 454 94 44 
78 196 776 210 879 356 923 385 941 671 298 66 795 402 674 851 215 438 984 616 508 888 165 956 670 680 348 294 739 50 369 772 318 151 594 736 275 800 674 733 681 775 162 679 459 118 567 638 645 620 881 169 270 131 232 801 154 995 926 333 157 172 589 183 719 230 87 705 921 112 232 721 988 658 316 661 900 155 896 575 918 362 785 231 47 678 814 891 696 36 407 735 835 899 994 693 87 769 161 171 843 300 845 223 92 719 32 731 86 258 261 264 36 9 537 923 632 656 903 738 873 363 772 366 663 248 239 462 616 121 822 391 296 538 408 317 147 215 774 736 826 411 144 351 918 456 937 261 352 58 834 526 948 857 504 752 65 330 628 322 721 189 502 373 681 709 1 828 759 113 37 581 463 693 135 693 476 615 120 853 374 346 592 951 873 646 113 478 607 498 811 384 970 894 434 789 932 322 514 325 762 702 350 531 949 888 707 354 7 183 416 899 172 619 41 685 288 176 608 489 323 199 850 202 692 243 114 903 827 291 249 814 372 589 969 976 772 949 980 375 29 408 950 959 290 603 924 607 57 681 260 87 923 353 690 303 133 492 998 571 444 464 159 816 563 630 413 133 492 459 721 306 520 856 813 953 110 498 99 343 733 177 606 937 889 281 619 726 695 682 877 241 937 88 539 291 697 2 699 346 278 938 811 372 375 810 427 857 322 905 603 723 786 695 910 527 237 166 340 185 537 173 969 721 298 115 870 711 892 128 643 15 601 75 9 845 714 171 641 79 452 287 823 93 914 356 236 473 357 433 206 438 971 108 823 947 53 594 208 756 654 521 788 204 700 726 957 901 809 325 102 779 798 348 789 467 500 527 375 983 714 369 680 151 302 647 418 910 340 276 561 82 479 940 407 33 962 610 709 996 692 976 956 316 32 889 878 143 848 128 616 857 541 431 340 266 448 503 832 732 61 850 976 321 781 466 108 982 304 687 897 25 780 843 145 108 128 182 418 87 255 632 814 23 445 10 944 168 859 939 802 123 266 635 222 848 201 426 922 891 719 14 107 630 712 966 37 625 135 130 80 316 399 526 19 465 570 898 596 754 134 235 399 925 770 120 411 481 764 4 450 959 272 118 729 426 816 634 338 541 
406 37 649 750 490 619 309 62 132 56 514 590 561 225 424 800 462 192 766 315 253 97 252 444 98 160 107 772 876 454 710 46 364 912 325 589 351 966 28 288 188 844 632 293 420 522 941 6 68 443 464 885 604 456 456 33 405 699 931 702 364 819 617 462 41 394 187 241 798 944 786 206 96 325 159 151 376 296 510 925 622 98 721 937 745 82 149 165 473 999 767 294 441 904 485 235 237 292 196 322 568 712 917 471 58 659 22 964 83 730 954 766 995 549 472 493 757 758 684 482 119 957 832 302 722 670 768 102 361 349 424 192 619 446 790 869 809 478 494 204 887 561 362 634 595 355 230 251 174 357 677 910 533 405 989 220 279 628 418 231 124 709 358 187 65 411 36 6 693 584 727 158 283 844 85 455 438 12 155 417 222 230 7 739 213 806 679 521 336 74 189 846 309 685 831 387 777 350 784 851 591 638 289 484 295 348 437 982 845 648 54 944 116 818 51 383 190 328 294 422 109 857 791 996 774 221 859 312 243 864 658 501 989 242 323 653 796 464 831 863 206 561 80 688 457 808 448 315 104 772 802 345 735 72 969 390 447 731 33 225 943 264 313 874 145 700 390 344 184 297 574 570 219 212 569 321 67 208 872 671 899 641 354 923 572 136 194 567 558 498 131 368 814 951 135 251 690 178 465 911 13 574 72 703 187 3 969 419 460 43 953 643 592 535 447 300 134 16 740 886 949 735 502 723 711 876 305 504 792 15 334 985 290 735 463 453 950 966 839 70 602 888 355 15 38 295 456 596 388 697 604 603 226 597 453 484 713 239 970 97 460 481 730 173 943 541 608 838 420 67 388 570 919 872 8 235 861 393 175 371 295 946 53 798 375 329 630 817 287 793 72 390 4 16 736 292 661 535 174 1 118 677 471 727 986 370 334 271 829 932 506 465 965 84 613 910 916 421 794 100 654 842 284 567 810 924 78 903 514 582 551 677 563 329 57 557 372 847 22 755 710 720 1 621 432 982 77 741 439 993 121 987 959 472 310 404 333 750 365 4 800 793 396 732 187 498 762 516 795 782 23 375 881 734 558 633 254 528 733 914 609 563 666 575 803 558 581 268 869 902 317 340 734 833 396 85 654 517 314 340 
969 439 554 483 788 581 487 500 841 395 364 948 931 590 366 168 705 521 562 425 250 955 70 935 524 149 736 551 4 428 88 204 525 867 23 950 185 806 748 661 129 574 787 420 444 928 268 582 409 804 213 962 916 653 639 949 762 741 328 3 582 439 341 798 15 666 710 82 895 120 879 70 204 842 82 35 796 369 838 609 579 396 525 326 844 909 384 590 33 394 116 210 802 389 977 248 751 986 550 470 582 403 366 886 844 222 288 855 171 337 650 249 335 843 451 791 849 570 851 506 607 444 307 762 154 822 243 428 430 998 48 601 983 400 274 780 815 59 246 1 362 193 161 478 22 705 743 755 51 349 926 321 678 474 374 380 661 147 572 184 970 651 435 21 600 95 314 97 271 248 60 489 928 697 474 784 366 324 648 980 410 893 914 403 661 156 748 840 492 243 972 109 981 219 209 168 315 335 383 462 123 701 329 928 36 544 806 559 857 135 911 48 191 787 694 96 661 178 199 46 813 87 635 468 526 222 896 307 311 368 417 937 900 883 615 284 928 62 789 243 134 48 308 904 264 14 867 720 236 246 917 30 402 894 864 571 357 267 984 830 76 683 304 563 656 273 811 582 916 284 166 483 294 63 343 621 503 726 841 34 332 149 430 880 337 744 75 403 915 978 762 722 707 327 43 124 601 440 544 509 78 873 794 137 887 660 551 93 155 940 440 848 187 697 692 812 540 654 870 692 326 228 14 21 834 124 515 148 630 431 164 579 408 430 713 35 387 176 197 577 772 679 599 872 659 714 989 866 467 272 423 142 712 512 20 432 163 459 248 835 95 615 824 127 128 186 539 523 257 195 112 921 746 64 671 332 59 342 337 746 180 949 327 201 576 271 92 483 469 188 881 665 804 911 404 617 840 310 303 615 345 84 321 333 238 382 352 426 692 280 250 443 281 669 286 525 414 336 501 62 136 566 935 326 22 256 47 640 447 905 918 376 259 531 880 613 782 626 753 99 12 701 734 311 976 121 187 746 875 716 87 649 316 785 346 946 163 136 698 846 158 707 943 7 992 9 877 456 220 651 99 968 933 640 366 597 11 856 727 471 597 810 420 83 770 670 161 700 869 58 492 10 19 621 516 522 526 237 359 80 
927 249 262 927 54 374 913 836 737 130 785 54 142 498 562 798 792 980 541 438 467 844 599 731 152 951 723 842 999 24 175 132 656 149 225 313 431 969 176 462 507 832 355 286 525 445 610 585 520 108 294 751 741 102 217 506 748 471 996 935 306 193 901 548 925 711 389 742 576 577 987 265 583 554 75 238 682 403 155 595 929 917 643 206 164 689 274 656 535 55 649 673 959 121 144 927 632 230 498 734 690 829 138 326 231 519 465 656 773 370 55 806 764 599 157 349 894 316 964 323 617 47 408 208 230 431 9 159 440 634 711 321 123 677 988 925 554 351 391 794 878 901 891 552 143 123 52 698 317 175 509 316 99 886 345 132 312 603 864 794 853 555 534 47 757 858 322 95 264 915 435 885 70 329 818 67 492 17 655 518 200 547 862 268 995 485 182 781 84 366 804 674 215 27 884 360 87 891 27 530 73 634 454 370 804 776 946 101 769 512 712 746 839 960 238 633 555 923 517 235 882 231 495 533 406 711 332 988 370 617 185 751 837 173 791 663 528 682 884 840 544 544 308 364 146 493 118 996 402 376 367 13 730 263 790 700 915 513 20 866 244 355 906 406 413 827 831 925 610 734 808 522 689 146 718 797 794 778 246 533 697 29 323 149 108 77 348 327 997 665 277 676 343 281 30 967 32 829 678 292 875 940 853 748 914 53 788 677 605 232 93 548 206 393 626 882 185 306 319 230 284 101 543 536 217 284 967 266 230 42 243 108 833 325 652 478 468 169 551 916 861 286 701 168 467 453 700 659 815 365 120 282 176 928 369 80 644 876 83 495 847 266 624 693 686 232 405 496 208 31 383 330 297 461 531 883 158 824 545 442 312 991 662 177 217 184 260 146 320 48 10 437 563 470 258 879 625 254 271 482 525 111 307 783 338 756 386 4 193 291 808 397 443 167 123 276 183 5 759 552 627 344 646 238 363 21 4 938 226 302 675 172 419 816 996 347 862 259 24 507 627 341 18 669 896 733 173 530 227 999 364 856 174 629 917 633 302 688 596 886 57 305 537 198 426 650 466 766 439 307 238 423 285 326 350 147 816 474 284 181 572 175 681 827 490 246 944 949 276 710 115 715 839 510 577 16 155 126 916 832 
788 324 548 146 365 767 862 925 801 565 122 900 978 941 430 978 326 860 414 412 485 192 825 624 515 182 10 673 53 83 123 776 925 213 273 658 69 887 720 308 141 127 149 415 813 640 749 259 586 454 280 300 969 637 333 559 485 367 245 347 639 66 47 576 946 734 230 305 740 775 508 880 811 135 93 45 214 16 652 903 398 260 686 254 537 21 664 439 69 668 561 805 740 786 991 646 243 128 195 789 258 222 388 665 475 581 412 776 459 982 268 814 347 295 344 275 371 953 186 159 275 3 127 406 249 123 676 684 825 954 279 175 39 421 238 663 22 242 360 110 598 849 836 176 168 662 229 721 961 672 682 360 103 236 983 640 903 590 934 824 458 788 787 583 876 963 978 850 26 678 153 217 750 634 317 381 356 946 742 545 866 891 817 587 938 391 825 49 207 635 477 948 296 295 55 798 95 376 482 714 217 768 41 87 876 216 943 492 561 50 154 523 950 954 367 966 923 438 916 75 808 873 664 142 483 851 450 658 866 821 964 415 850 408 766 74 238 412 666 391 119 431 163 95 150 139 987 762 586 430 785 980 890 320 736 239 81 455 70 364 428 930 57 624 29 511 873 352 173 973 781 629 820 792 263 757 241 592 518 288 679 209 920 389 173 929 44 279 379 587 504 476 558 198 736 223 386 76 97 994 626 515 697 734 682 926 678 597 70 697 608 758 410 862 608 286 753 51 589 814 586 280 379 914 406 289 626 603 706 120 743 664 308 127 773 977 871 872 666 599 23 165 857 669 676 334 866 247 31 438 19 836 597 117 581 421 894 804 999 595 228 674 307 82 3 760 178 608 781 222 977 571 92 948 440 725 60 817 510 208 941 547 94 313 764 699 495 871 548 742 239 9 647 858 621 632 872 71 264 617 724 889 627 913 571 631 950 374 834 285 315 697 29 930 221 725 663 945 1 727 666 271 145 395 814 41 476 754 73 347 727 901 234 264 898 153 61 197 626 736 726 269 322 602 910 378 921 760 255 559 10 277 455 728 94 282 334 911 161 784 144 813 910 173 769 828 796 874 539 335 286 746 920 846 371 635 737 315 594 546 258 494 931 472 588 849 645 175 968 402 764 346 924 92 574 583 7 76 130 94 
212 828 696 246 521 114 29 404 268 566 823 259 546 558 435 322 879 537 704 16 933 773 332 728 789 976 823 492 550 57 435 347 200 469 432 819 855 489 362 341 337 122 1 746 214 269 924 193 450 864 356 566 132 829 482 274 723 426 640 236 685 834 512 299 624 609 23 24 940 98 695 237 775 912 472 833 510 6 828 47 724 839 36 953 925 628 789 223 551 570 427 431 693 792 425 740 978 608 341 167 943 229 391 478 94 31 923 623 443 390 611 970 197 101 54 585 360 314 327 873 95 935 157 365 236 329 734 287 528 691 906 526 561 347 304 807 38 439 923 891 635 368 467 875 205 459 372 382 709 510 734 646 557 985 529 70 740 400 30 917 145 250 350 823 336 771 787 327 959 569 688 158 240 897 82 802 389 656 59 168 629 928 611 560 208 816 509 322 12 739 634 964 237 844 720 56 110 606 456 967 282 717 314 153 793 723 177 616 459 68 374 47 534 297 589 989 856 462 322 569 84 866 129 589 356 969 176 899 338 203 422 784 966 882 776 882 54 142 967 539 969 8 147 331 994 129 261 670 918 120 463 307 444 854 133 80 518 217 992 534 700 234 830 192 347 232 931 794 471 769 933 924 6 724 626 539 33 22 555 396 576 392 613 472 500 558 756 317 884 190 622 122 100 156 319 664 297 800 282 546 181 932 819 179 498 558 405 705 129 59 590 389 392 46 868 207 117 850 838 540 685 581 867 31 826 745 795 569 760 321 214 536 543 816 864 608 446 329 26 68 219 101 520 626 229 784 132 170 382 923 21 813 921 24 174 373 391 487 656 865 985 699 455 677 69 388 574 338 920 18 842 75 392 870 758 515 255 177 492 991 535 753 671 96 200 86 872 236 298 497 567 337 595 471 917 553 495 96 715 859 298 475 620 456 727 566 987 288 710 495 917 744 504 98 188 404 202 200 169 148 667 132 455 665 213 877 855 492 245 14 15 250 795 252 546 609 224 708 613 769 675 178 487 243 977 273 470 651 680 734 385 917 378 771 977 585 610 788 710 565 431 923 539 951 931 300 378 679 571 832 77 142 533 66 161 817 27 68 675 572 921 758 23 559 463 875 589 960 783 12 730 822 158 465 311 761 299 508 524 555 
681 259 315 183 739 400 316 235 948 667 692 726 821 211 700 66 411 158 242 16 645 990 882 750 377 759 619 306 329 394 809 331 616 396 526 796 592 356 440 471 726 198 208 107 348 194 376 869 164 652 617 800 109 865 175 349 336 246 246 872 759 417 401 80 202 132 175 476 921 277 900 782 264 110 408 225 238 749 426 682 356 172 194 488 694 414 337 826 435 150 777 501 396 663 348 618 646 442 222 545 399 139 945 96 227 939 204 722 372 316 643 423 74 550 181 847 992 116 671 135 994 245 756 431 120 692 881 201 380 783 890 450 771 855 471 621 893 164 308 132 396 270 627 990 327 939 817 471 131 315 363 202 94 325 758 191 115 928 809 365 525 234 900 230 84 272 485 5 72 657 159 280 800 851 161 485 113 738 71 614 848 292 778 165 430 734 624 206 174 964 356 86 887 819 4 287 994 103 645 872 187 3 462 118 143 540 910 526 818 436 942 822 413 263 631 902 226 599 922 186 623 96 858 316 500 419 681 611 693 531 252 590 654 105 952 958 289 144 650 167 48 536 928 533 476 75 512 734 322 833 20 276 864 483 66 751 315 697 212 323 445 837 957 503 577 652 95 705 175 944 804 209 406 326 787 12 684 744 662 30 550 666 245 908 904 221 308 294 740 566 69 832 355 540 822 162 748 883 617 853 343 619 445 196 337 879 775 116 293 223 200 60 199 581 725 642 519 343 98 595 103 489 60 976 62 256 24 865 416 55 510 258 107 17 221 881 818 819 182 363 400 863 128 609 475 376 86 398 94 512 826 508 957 787 184 884 814 306 619 114 748 207 32 138 154 387 732 222 978 553 22 794 867 184 324 437 276 867 678 920 315 561 229 635 308 955 242 812 163 409 846 927 904 467 165 68 172 913 921 460 167 809 343 113 936 339 316 280 721 422 422 79 176 489 458 550 86 113 761 376 733 454 986 526 196 212 693 680 226 410 381 739 659 28 691 848 614 720 977 82 850 426 662 341 44 465 779 39 906 166 71 784 221 496 38 577 392 601 130 270 682 630 47 482 182 273 872 119 517 46 363 531 160 119 845 761 55 592 637 628 840 498 689 836 625 760 348 22 717 115 18 189 214 494 808 91 918 856 191 174 
565 741 642 58 834 684 612 754 186 838 523 822 185 580 706 460 555 101 138 14 81 249 862 383 869 89 128 405 972 874 983 85 751 166 93 537 279 929 866 98 483 876 411 334 388 668 704 639 386 79 280 682 854 284 501 458 927 135 119 544 905 207 313 51 137 544 645 583 57 143 545 159 532 9 318 386 120 35 996 255 871 655 760 360 323 51 432 312 812 289 540 531 500 822 509 866 629 572 874 19 952 165 311 667 292 14 444 643 975 40 926 779 528 189 976 897 233 934 23 967 253 143 32 440 925 167 930 913 666 809 236 951 434 924 628 940 27 994 636 513 1000 523 101 274 487 975 905 581 550 566 298 40 513 152 579 549 108 11 666 935 528 983 530 153 664 59 690 891 537 62 319 380 468 413 858 398 178 712 474 212 164 435 848 44 232 476 348 812 130 905 835 270 800 295 741 379 27 299 183 793 463 657 101 836 801 886 565 165 875 261 956 30 882 739 762 9 50 444 620 995 293 186 53 612 904 273 196 659 58 155 596 44 51 692 701 753 649 669 854 721 618 657 503 786 272 1 623 632 751 247 787 3 823 973 433 786 570 916 640 698 749 923 608 101 551 478 953 906 579 810 852 264 589 329 915 442 518 826 49 201 655 782 425 557 399 706 119 905 133 392 929 945 85 916 236 316 354 727 870 121 383 606 951 891 742 647 871 933 564 536 614 828 619 880 453 279 158 74 751 743 929 734 31 822 432 534 456 97 852 320 815 125 773 672 273 523 867 379 164 939 43 771 462 521 642 238 671 306 922 85 232 901 439 445 865 498 152 423 508 748 814 72 26 925 686 872 968 670 62 459 1 811 738 722 699 344 724 487 529 982 437 530 195 571 909 893 160 349 988 554 895 397 542 432 160 739 977 160 989 973 262 226 703 719 657 365 227 489 241 427 353 163 669 217 72 305 197 151 59 495 212 140 618 531 182 551 216 525 190 501 944 664 708 949 470 965 264 461 142 739 105 259 352 377 44 507 790 783 694 923 588 728 480 719 708 232 949 446 843 917 861 649 312 335 478 303 918 134 711 786 878 240 69 118 614 432 905 311 7 973 632 616 649 656 672 611 926 707 595 68 105 361 678 139 230 402 958 893 238 787 
71 202 593 727 420 541 874 576 53 557 176 275 547 270 562 791 589 687 64 219 249 305 642 442 17 828 937 408 603 193 39 690 406 823 408 295 822 463 749 800 974 494 252 377 352 326 457 388 254 67 178 698 805 446 741 793 479 819 331 491 941 147 345 356 934 313 778 402 707 525 198 74 614 386 913 863 189 927 412 449 611 960 283 590 1 178 875 716 119 537 410 146 340 98 987 737 94 887 120 558 347 998 367 573 604 48 872 372 348 618 851 181 828 821 196 545 412 358 324 260 145 957 366 693 937 254 750 297 247 778 114 941 854 322 510 984 32 312 104 442 884 342 384 303 993 427 997 961 150 777 319 985 757 768 193 579 10 296 994 244 975 769 472 781 877 106 763 205 138 563 850 663 462 979 657 209 883 569 493 671 935 860 901 891 307 49 841 382 841 71 263 690 784 196 865 439 903 125 912 570 691 736 78 525 816 42 807 801 265 360 525 332 24 966 294 186 372 360 62 196 317 524 444 563 633 180 766 867 492 556 83 465 73 552 788 106 220 747 9 192 59 159 661 654 743 623 369 358 446 46 106 551 398 606 74 695 170 88 910 378 508 278 589 944 894 514 707 312 784 941 160 239 873 646 269 782 30 992 343 334 19 2 715 29 349 598 336 662 35 609 995 338 656 268 853 808 985 143 132 405 694 640 964 540 307 518 676 148 356 705 312 20 731 445 666 343 272 483 759 320 484 750 747 548 710 973 644 833 562 46 783 546 206 565 541 600 882 790 779 312 265 489 788 63 676 70 462 29 809 181 287 428 766 767 694 328 984 242 682 539 370 79 715 183 878 531 658 739 36 495 665 194 374 776 394 86 639 662 640 752 207 477 744 260 816 469 790 661 165 322 30 886 999 651 945 661 111 826 428 949 203 448 223 538 137 167 635 155 629 252 232 766 18 626 833 62 26 448 321 357 941 629 634 578 803 721 521 146 378 371 378 198 966 18 837 983 316 893 662 380 573 729 534 152 867 213 371 60 476 79 535 815 377 748 83 63 589 34 986 935 222 22 918 966 902 124 387 459 974 658 740 779 855 924 105 654 680 597 822 684 934 58 714 563 607 198 316 997 549 581 149 148 955 34 566 173 969 935 552 557 
783 495 549 646 779 293 234 303 995 699 297 879 857 562 632 720 537 364 987 12 636 979 314 32 34 831 722 483 889 706 205 924 720 444 113 950 642 773 241 29 883 678 789 262 924 390 562 232 214 101 25 484 184 555 281 893 681 238 972 535 301 941 785 338 295 640 103 940 658 387 941 351 488 558 634 495 966 286 575 169 918 130 846 229 291 189 417 466 498 14 706 947 765 697 462 397 166 155 72 70 965 408 951 845 562 68 583 915 578 619 704 733 841 106 905 574 204 850 51 7 316 320 269 310 297 349 666 367 988 230 988 5 690 659 79 750 625 568 37 602 733 237 13 410 176 621 611 57 859 217 238 667 647 483 348 191 905 522 93 30 25 504 162 153 881 284 164 900 574 584 972 612 632 539 62 354 722 132 716 956 184 595 371 424 467 767 512 136 982 623 169 835 845 322 787 666 43 908 847 182 304 815 83 209 396 245 442 3 582 31 619 761 260 767 802 148 664 301 209 895 910 149 116 55 89 891 703 368 598 243 728 379 87 658 107 937 904 324 242 230 935 412 601 702 621 70 379 769 359 917 70 502 459 843 887 784 235 123 397 131 428 16 902 100 267 612 964 12 884 63 277 659 794 238 822 452 29 623 749 341 583 614 304 659 924 1 697 551 301 795 702 730 404 275 266 850 956 874 454 162 360 767 165 114 480 866 321 964 627 867 521 513 368 256 767 815 986 472 795 404 678 155 634 991 782 549 980 419 411 46 488 554 205 59 16 707 618 899 555 396 319 489 103 758 354 948 963 394 779 583 157 287 990 81 785 409 42 685 396 496 887 664 163 102 585 812 438 678 671 30 556 581 162 497 630 978 717 889 507 564 665 55 23 968 774 856 162 455 585 620 433 361 16 894 382 460 518 449 537 859 175 893 772 167 666 684 271 830 242 983 896 701 155 783 896 343 332 229 654 651 33 233 508 654 198 843 235 262 779 714 983 674 738 519 530 474 569 89 690 402 15 535 810 157 985 56 777 667 810 50 796 883 468 28 300 839 441 780 920 810 832 600 872 675 40 645 807 566 758 609 46 70 430 17 736 260 579 873 465 254 887 871 469 857 121 990 450 740 594 612 285 226 61 650 638 5 530 871 690 947 
345 387 532 874 486 300 347 82 818 555 185 543 619 875 201 715 448 423 398 77 503 712 60 764 307 729 903 634 566 267 381 169 130 120 68 910 488 424 659 903 500 973 265 333 599 719 936 578 594 413 616 90 394 554 851 729 865 948 92 424 510 236 262 687 834 519 605 633 274 134 639 747 651 15 225 18 489 921 193 310 390 835 535 451 794 82 378 866 719 972 124 297 330 183 61 239 168 616 360 861 294 37 64 845 982 122 616 348 27 172 677 216 659 110 84 888 304 103 547 893 541 248 416 67 528 382 155 1000 764 460 277 1 835 910 126 407 125 749 487 901 20 93 436 110 843 680 527 488 362 129 68 275 459 544 184 144 217 273 800 889 942 418 332 589 185 232 128 615 705 441 918 147 116 711 933 17 373 537 551 701 178 305 606 684 289 109 836 990 46 463 900 804 478 875 996 216 776 115 559 167 728 221 716 616 731 215 977 705 906 224 645 797 335 246 936 768 304 47 347 966 270 728 703 383 604 230 6 372 576 72 483 197 196 433 722 962 658 199 560 150 712 302 561 946 185 897 179 687 695 940 422 793 913 245 872 939 473 972 361 135 858 319 379 587 796 975 504 202 991 191 17 71 593 113 10 138 224 673 407 40 646 463 260 13 375 357 951 297 460 836 791 642 501 703 841 655 904 524 430 176 364 118 565 398 732 92 42 958 180 159 267 405 493 301 95 531 593 113 366 791 93 647 822 694 921 8 106 770 352 10 595 84 784 844 68 34 537 916 126 119 926 570 825 869 29 928 421 843 341 656 651 430 892 708 710 913 374 419 297 436 893 448 360 254 795 98 37 395 104 284 73 923 869 58 255 192 500 600 694 573 933 602 991 966 297 643 745 516 956 287 412 974 502 103 348 70 14 847 98 336 754 745 113 267 720 176 381 413 76 892 708 169 56 200 985 359 205 861 173 79 764 132 332 374 842 94 680 812 127 388 984 691 190 333 815 175 802 643 140 782 916 396 445 438 166 866 810 849 967 321 810 306 805 875 817 605 500 254 740 584 664 488 618 34 876 400 706 959 968 116 884 985 332 489 153 550 560 183 58 348 87 768 202 957 855 372 274 378 281 502 408 849 688 316 262 151 660 81 580 363 
451 882 309 992 92 99 882 32 604 903 433 280 61 961 155 920 994 878 992 151 450 6 363 665 103 207 829 336 150 296 27 187 716 398 526 977 189 936 638 235 508 947 822 277 537 213 206 443 910 817 371 819 424 23 246 215 654 665 111 326 338 750 831 591 138 823 760 93 998 499 230 873 247 634 154 947 924 155 458 830 595 782 458 22 842 825 961 506 851 827 547 369 977 930 577 327 93 181 115 700 423 601 425 17 173 452 845 873 12 667 208 49 114 996 950 607 800 467 211 908 584 764 154 618 434 413 345 274 565 665 110 670 216 540 792 330 174 826 118 617 51 414 552 891 602 156 655 704 314 789 893 147 276 485 668 807 837 486 479 138 611 939 610 316 425 700 395 605 979 44 846 250 512 148 850 974 267 589 260 344 856 184 471 776 191 629 864 809 2 294 818 982 589 993 127 460 947 480 794 691 619 865 317 515 788 867 189 808 389 255 334 838 587 827 136 244 129 773 239 8 897 996 236 229 165 62 821 366 972 600 812 330 197 681 162 669 725 126 690 963 553 587 861 708 890 214 577 821 499 124 865 764 483 1000 562 665 378 239 195 44 542 29 306 859 659 285 430 177 861 258 200 669 181 417 937 448 301 554 282 372 779 595 461 180 406 339 199 896 269 559 938 245 456 286 323 670 485 172 745 245 187 153 601 448 3 208 769 531 580 679 466 889 219 729 396 802 468 756 505 123 20 219 313 929 434 212 249 587 761 471 450 290 615 715 266 714 586 360 982 405 175 900 842 188 978 6 382 917 229 316 641 211 816 53 769 32 421 126 194 186 881 245 930 705 49 399 606 708 34 210 311 495 222 81 154 981 680 75 314 557 399 866 726 78 218 365 98 465 743 436 998 11 540 959 289 392 545 213 523 798 828 957 373 967 82 175 642 268 94 447 665 425 147 807 913 469 321 321 276 118 258 335 535 590 274 244 671 696 616 950 650 408 214 505 200 198 266 613 577 945 290 875 859 43 98 322 618 792 61 28 86 621 669 31 707 651 691 900 707 705 229 417 651 859 282 159 168 540 278 612 192 500 646 974 128 297 27 379 521 279 679 987 265 816 976 283 378 978 471 360 302 715 808 975 222 61 959 623 300 321 
774 475 750 12 377 529 655 661 238 731 29 754 253 873 125 749 796 635 214 178 831 527 847 998 929 535 18 286 941 72 501 612 867 522 316 459 3 491 433 509 651 914 583 401 401 291 161 750 735 184 605 757 593 938 543 337 392 794 727 96 300 10 323 695 891 90 378 336 116 748 174 962 411 15 118 996 114 483 982 585 91 809 976 578 655 296 238 726 454 463 71 250 413 414 429 593 104 603 760 802 917 821 397 116 116 442 604 210 384 625 76 767 311 175 478 560 216 938 196 364 57 574 728 796 190 427 132 770 449 732 245 611 605 165 39 579 56 316 967 237 347 292 42 248 371 729 64 753 781 671 24 194 67 944 643 142 153 58 856 201 94 701 882 337 756 637 915 864 206 612 935 700 140 996 897 492 863 471 646 563 460 935 747 370 571 405 327 55 893 786 440 608 128 518 751 453 482 28 491 529 998 322 734 510 273 882 305 939 372 418 936 223 671 339 733 322 346 107 486 665 306 955 69 613 93 745 427 488 271 995 573 575 785 223 850 245 564 29 737 237 400 673 605 861 133 658 765 388 854 221 85 922 593 382 343 658 223 955 215 864 843 665 386 977 677 643 500 535 132 686 386 10 909 821 894 894 406 301 740 414 785 696 895 908 328 979 742 85 205 814 219 62 831 566 265 457 636 925 699 374 169 500 20 394 314 533 2 400 122 915 970 762 210 806 410 293 857 129 321 751 415 466 39 458 634 859 963 710 917 965 192 112 708 288 55 733 951 730 163 516 986 477 343 926 961 71 623 342 363 848 625 721 686 374 770 484 956 408 576 872 392 980 987 694 83 265 554 42 149 883 103 506 236 434 162 987 790 98 558 447 334 553 469 569 768 786 773 700 877 476 847 358 157 665 355 425 472 351 694 155 850 553 46 226 722 867 147 161 137 511 734 825 867 131 159 312 639 503 903 26 14 959 169 258 533 805 834 199 354 99 530 575 528 243 18 660 595 791 596 176 131 951 936 818 824 334 268 710 194 572 817 974 53 458 278 939 990 199 453 41 513 228 536 549 806 81 769 80 79 622 451 272 890 610 212 827 447 851 863 731 321 130 131 648 756 508 326 976 458 431 743 799 341 627 294 534 996 444 548 653 
239 945 73 361 920 998 337 916 511 770 46 87 524 328 493 511 954 973 112 386 88 406 262 913 767 351 500 499 403 259 634 677 441 511 398 99 949 877 120 205 864 578 642 234 835 102 46 621 551 726 245 466 184 507 835 719 326 857 500 850 713 471 804 735 359 241 545 118 159 327 401 406 426 235 51 67 671 941 199 161 755 735 820 950 275 743 246 609 321 536 52 740 608 111 98 306 504 686 747 794 423 443 212 894 958 798 320 460 439 349 624 138 151 439 743 87 576 834 846 334 435 412 492 298 919 692 51 696 692 871 883 478 302 874 152 335 523 26 610 564 699 916 488 922 554 374 796 797 758 818 948 544 881 214 342 858 238 813 232 103 347 683 411 196 43 50 550 520 720 848 265 434 235 485 224 239 924 549 947 281 415 289 896 174 716 302 696 37 541 90 937 16 430 946 505 18 118 958 997 600 295 591 205 408 519 677 528 410 525 371 510 945 362 855 297 287 533 970 602 123 29 156 494 588 971 885 149 226 151 828 350 553 760 215 533 28 480 671 591 348 389 649 211 406 568 907 488 77 531 917 454 380 588 499 958 25 76 892 745 538 759 980 729 481 465 921 697 48 965 960 870 859 460 590 354 791 759 925 605 558 214 4 754 352 564 86 954 664 688 293 339 420 477 519 982 314 68 5 27 498 278 522 317 272 915 874 661 670 49 870 511 340 158 266 423 487 220 437 530 665 56 819 92 846 296 796 988 874 63 466 33 316 947 653 915 115 73 278 266 354 541 254 567 389 243 132 260 280 44 856 301 84 498 595 275 233 130 483 124 811 252 936 36 484 884 199 377 436 254 49 650 899 491 907 933 802 726 204 179 901 445 737 380 33 640 687 345 741 115 805 30 595 507 984 75 891 762 795 447 179 154 300 404 568 379 448 497 731 862 18 505 29 53 181 374 752 480 791 102 971 73 2 377 363 538 345 232 241 171 319 133 880 774 847 305 835 142 970 642 225 515 508 681 783 422 382 925 73 252 306 993 569 518 96 798 539 595 923 537 374 625 739 170 667 416 136 241 915 635 195 553 154 621 13 25 797 559 316 631 188 332 32 580 320 416 666 725 211 532 487 134 410 859 807 327 28 226 321 212 535 
402 323 373 751 420 570 738 677 928 741 661 113 166 170 836 56 425 837 549 987 511 277 280 677 298 525 867 810 651 418 633 328 211 105 47 608 225 318 668 473 914 204 374 528 204 88 852 816 888 988 231 675 995 932 415 247 588 746 552 687 747 914 33 975 518 613 15 372 186 862 542 743 355 798 467 632 268 320 362 850 374 580 691 603 289 492 787 400 763 40 939 458 570 393 587 826 467 400 445 125 761 212 201 24 549 406 828 523 256 108 447 917 601 95 880 995 999 166 595 159 77 830 551 282 321 144 585 746 123 873 304 234 477 544 901 292 479 921 376 423 367 20 371 449 515 797 248 666 343 97 385 990 12 789 938 377 967 391 961 807 309 921 289 427 935 433 241 35 585 793 296 614 874 95 509 157 747 733 504 26 72 294 346 868 968 141 917 853 316 988 763 57 233 519 360 559 805 623 6 718 459 558 268 966 351 310 350 195 153 271 627 74 242 236 553 744 31 660 32 647 784 194 225 288 95 892 740 312 65 27 556 11 686 463 468 16 752 736 798 225 973 28 319 473 285 35 956 548 747 908 626 824 19 198 153 500 479 815 918 725 297 956 435 563 304 844 639 589 28 917 868 353 440 939 85 641 401 972 388 646 346 693 773 38 581 130 771 437 498 616 646 965 623 427 530 533 739 54 718 403 739 262 457 425 472 725 925 424 399 495 328 919 518 910 806 2 31 750 649 283 878 176 635 25 235 87 378 523 174 996 905 3 517 418 877 34 679 121 566 496 622 219 369 992 638 239 328 628 304 217 305 502 341 854 399 722 163 985 162 108 178 127 431 293 67 362 783 213 356 951 769 119 254 392 751 159 539 377 665 812 104 163 836 766 295 867 479 534 745 104 411 608 77 150 561 769 627 773 480 736 23 752 557 686 319 735 826 229 739 340 714 418 511 317 985 418 834 446 846 766 387 364 69 318 353 90 982 823 815 267 152 124 121 684 452 645 609 831 129 754 680 390 330 62 374 110 609 620 743 72 570 546 107 550 960 744 172 753 488 367 14 325 863 337 776 385 236 108 293 968 5 958 793 114 634 24 379 911 748 202 263 80 916 898 152 381 19 132 696 734 61 745 216 131 324 847 342 586 957 475 
305 299 749 577 662 877 778 408 824 183 786 974 857 54 411 670 451 282 599 476 236 943 950 356 949 36 360 566 90 725 625 810 959 680 3 91 863 601 874 677 4 863 754 486 373 363 385 302 394 4 628 438 329 4 970 730 350 256 210 918 748 866 582 465 335 366 285 420 125 686 601 657 591 286 797 268 651 695 892 898 287 308 753 964 429 934 362 218 90 480 692 303 501 553 133 688 119 549 531 228 398 155 600 995 793 188 706 822 452 520 484 82 201 49 431 204 450 692 166 531 449 259 572 560 451 419 77 319 304 286 23 387 556 512 775 466 659 474 923 861 758 561 979 374 280 787 766 751 991 327 453 743 475 617 194 43 928 344 15 790 187 336 687 48 926 582 829 208 308 215 997 841 707 391 991 654 508 947 509 13 644 438 256 284 592 675 551 543 179 991 275 892 439 396 867 269 60 436 195 411 932 420 363 194 426 301 560 857 174 193 61 766 617 641 871 180 761 25 51 131 676 112 449 779 732 489 717 384 663 235 265 932 27 960 99 560 195 432 832 817 404 515 166 602 111 569 394 277 12 658 446 321 43 708 624 658 114 415 339 939 893 154 534 916 393 180 166 859 287 178 141 956 632 916 215 785 781 941 880 320 219 198 368 599 129 330 689 168 169 535 182 684 136 154 691 401 206 287 636 915 892 483 87 292 361 721 249 91 202 494 186 877 557 206 864 199 4 315 491 470 554 449 109 885 927 746 456 252 179 194 997 832 124 609 72 431 399 964 420 736 408 980 128 644 507 177 94 559 358 550 912 621 532 388 329 12 26 458 276 229 327 444 80 154 86 535 454 111 931 845 528 448 887 5 553 142 923 240 332 96 406 939 326 267 135 984 466 514 649 907 400 380 274 749 901 937 802 859 858 658 139 731 484 394 277 123 110 481 431 690 800 738 516 707 373 185 3 806 256 583 165 189 572 649 180 758 54 444 984 661 707 993 817 622 617 24 980 278 102 669 725 760 531 85 745 326 727 440 80 357 82 851 165 718 496 572 45 286 313 149 569 341 386 396 828 455 366 457 546 357 707 540 111 80 204 249 139 355 250 990 383 237 441 694 696 697 211 277 710 14 567 34 411 84 543 739 108 334 285 556 
119249 119093 129086 119656 123907 125514 124496 127138 120975 125246 122823 122225 127097 119264 128988 123462 121892 122335 128226 125058 117768 129032 126231 127727 121097 123611 127243 121487 122572 119311 
556 111 163 457 614 182 896 226 575 580 739 666 841 714 141 765 208 184 332 55 171 378 275 731 15 807 974 938 59 627 629 788 573 38 533 205 523 887 103 985 511 688 731 939 713 43 303 577 768 199 644 631 987 415 860 915 719 663 471 911 373 412 273 643 755 146 90 67 405 591 505 532 539 394 462 641 554 585 956 585 130 660 237 62 699 360 716 113 636 838 34 907 361 629 405 174 187 483 868 934 207 137 719 437 559 712 941 847 279 990 44 858 165 362 684 784 290 649 932 391 145 57 296 870 657 789 129 239 470 9 308 508 598 270 958 368 251 986 397 479 832 915 317 792 275 937 156 238 828 569 133 993 269 36 569 639 889 35 549 382 362 459 684 996 606 556 875 586 674 383 39 283 503 598 38 719 706 728 684 144 799 923 398 692 537 830 100 377 412 505 75 209 476 698 369 348 816 508 725 627 379 593 788 283 221 162 252 291 197 176 77 611 661 238 387 754 932 260 629 234 409 336 693 668 669 102 646 39 313 733 957 412 514 794 727 690 805 552 357 605 23 776 147 138 956 332 450 535 906 401 164 764 574 502 407 787 949 201 808 894 572 181 963 347 164 917 716 682 19 234 115 283 932 688 205 455 626 777 845 53 840 494 816 581 933 498 291 141 672 439 527 945 469 461 489 837 468 453 75 123 306 686 611 454 553 853 239 44 870 276 173 572 762 370 214 843 432 950 270 970 509 755 111 431 858 749 169 39 599 5 40 793 958 329 533 223 269 351 969 787 1 442 634 509 706 601 64 655 941 893 566 980 250 961 126 840 876 148 759 314 482 93 162 74 795 382 873 27 193 768 161 871 847 27 992 601 465 153 838 725 619 847 221 647 26 235 327 781 650 589 217 446 1 282 734 234 923 29 249 783 739 842 321 631 545 614 399 883 360 686 259 810 195 767 459 737 403 375 494 309 615 605 420 770 695 137 911 171 917 520 668 455 150 212 18 931 625 258 319 357 671 545 466 523 416 121 959 105 849 917 618 289 576 209 951 533 721 898 982 426 814 71 692 668 489 804 533 698 477 389 426 955 660 368 145 364 495 5 322 543 635 18 373 820 273 687 60 196 25 346 90 784 777 334 943 460 698 887 950 42 
413 63 111 312 888 650 111 279 890 995 81 989 623 449 486 398 153 598 253 842 189 540 608 638 60 75 687 476 350 409 463 989 959 968 650 603 879 960 21 729 92 56 63 109 914 888 679 413 568 871 28 57 216 795 356 536 91 21 994 334 300 470 326 837 292 783 641 505 292 123 605 72 21 463 393 428 911 729 612 731 247 960 793 938 192 78 145 655 286 748 479 605 614 551 357 598 605 793 939 742 873 291 266 765 355 806 288 233 512 260 60 280 543 275 390 221 127 208 367 977 288 29 544 20 954 655 521 183 776 254 453 550 159 884 25 414 315 887 755 671 514 385 934 34 998 401 790 651 607 229 255 136 411 5 396 842 488 726 34 932 258 966 988 505 57 580 193 426 6 528 557 713 408 837 89 780 822 46 440 22 481 925 892 199 481 134 544 854 947 536 713 357 527 207 70 272 340 866 426 313 871 772 266 10 974 524 854 55 12 724 471 473 914 619 905 325 894 840 772 376 370 712 13 365 803 829 278 394 621 263 743 83 238 932 470 896 491 803 32 843 946 985 498 337 286 699 963 508 686 243 489 409 20 719 16 530 184 500 509 295 275 565 447 627 154 448 215 249 133 13 910 28 679 74 534 903 314 142 218 116 55 424 156 59 999 94 647 856 90 625 904 52 76 668 154 813 492 598 61 997 328 659 682 887 813 964 238 806 169 97 370 751 876 854 418 356 375 980 121 734 128 755 410 609 439 764 863 615 961 841 102 874 447 772 548 965 654 581 408 902 649 954 390 901 562 417 668 634 129 739 497 341 275 121 301 741 783 482 820 322 803 167 790 718 253 273 493 444 810 771 947 627 527 966 317 16 677 466 146 856 369 653 115 74 130 140 345 995 750 641 565 404 978 218 875 87 14 924 59 59 307 557 111 721 303 519 420 723 952 950 967 785 518 849 571 22 777 587 170 240 333 32 166 973 263 830 381 457 194 750 908 978 467 1 339 531 620 969 312 685 857 344 104 712 353 224 939 4 187 327 860 88 27 128 965 593 402 57 461 567 900 968 444 955 884 262 238 296 292 558 887 856 582 306 127 462 364 682 425 449 151 897 670 335 856 116 533 11 106 291 164 575 688 256 982 153 317 864 497 280 
907 75 488 485 227 292 519 362 618 499 876 360 6 906 220 897 566 96 10 504 93 274 568 413 863 185 783 325 881 866 138 608 690 431 432 930 851 174 457 650 104 927 944 454 338 381 70 484 172 922 752 869 816 976 177 759 105 849 904 958 631 251 651 113 101 653 645 57 272 945 692 5 814 665 757 193 266 984 363 38 52 565 327 974 581 88 778 804 244 961 253 299 684 676 11 715 381 847 271 7 807 447 406 465 125 414 981 474 296 383 178 570 241 621 963 363 45 6 17 957 563 92 329 16 127 991 140 706 172 445 426 980 646 90 804 620 834 585 920 362 687 605 202 272 200 732 514 172 614 209 785 167 413 523 112 436 101 902 999 663 288 890 768 60 566 460 749 393 470 541 363 109 189 771 527 725 872 90 695 822 745 423 183 610 39 382 529 662 705 413 872 343 822 187 776 804 521 894 698 82 240 661 62 110 84 337 841 252 134 259 646 999 656 320 859 293 597 875 753 437 42 279 166 306 565 282 994 625 77 483 781 554 990 222 190 182 639 995 666 739 450 630 106 230 161 120 999 838 966 878 112 889 582 861 151 713 235 806 844 700 810 979 60 792 130 415 893 303 793 323 956 111 506 1000 973 985 762 147 128 394 839 582 437 144 718 755 275 537 450 94 212 952 485 935 775 395 436 351 657 372 221 757 685 205 339 4 509 264 894 680 962 788 386 152 129 404 925 309 585 618 921 636 24 921 535 646 374 330 779 434 206 572 312 70 686 889 737 124 839 168 400 373 267 539 366 750 15 529 344 649 871 194 875 728 81 821 39 39 94 983 770 718 187 611 589 500 353 461 950 41 386 984 189 811 497 504 342 181 441 446 781 936 260 901 868 71 116 934 225 99 877 587 437 446 662 515 927 58 613 42 983 248 832 959 157 324 8 742 553 792 332 609 770 238 806 883 642 127 411 870 130 670 209 417 631 394 935 964 228 787 705 893 213 116 728 909 50 328 437 792 609 385 771 776 667 628 565 708 102 375 890 76 763 970 268 688 1 174 578 907 152 432 930 759 182 779 509 518 597 141 725 725 942 862 731 573 939 75 302 72 248 557 712 995 154 602 396 650 88 334 195 902 226 758 682 476 94 269 258 236 
547 859 25 285 674 829 878 49 145 915 532 824 153 820 370 13 462 582 25 209 768 292 915 754 48 519 295 751 579 468 576 90 523 313 525 286 564 738 961 167 445 339 634 564 95 694 100 967 679 594 467 935 880 366 71 580 354 173 340 176 446 871 20 694 305 25 487 229 895 138 249 752 216 316 149 449 558 144 960 51 614 750 526 499 957 614 700 760 525 118 15 3 307 338 896 833 618 214 665 663 383 306 44 685 403 150 504 312 438 871 600 610 681 468 544 120 896 977 882 408 647 762 852 118 519 926 515 561 308 873 725 196 577 456 36 642 238 837 601 524 26 252 505 418 529 209 598 640 738 170 25 342 270 784 527 190 406 11 737 351 815 682 746 473 508 548 441 531 316 296 745 949 76 702 155 825 74 174 381 295 278 490 412 90 909 159 593 945 855 847 918 453 21 928 22 882 562 813 229 517 559 80 18 517 548 708 5 291 183 180 285 717 237 67 145 408 916 866 236 188 979 950 284 407 389 658 222 613 807 217 1 356 997 199 237 294 632 815 76 86 943 160 182 952 832 554 438 564 51 98 780 542 723 323 16 933 888 646 545 948 404 765 404 116 636 666 837 344 180 320 619 225 197 517 776 857 840 471 910 63 864 407 946 492 336 188 880 724 927 773 86 118 244 438 103 907 164 483 676 184 66 459 385 387 62 181 369 279 667 109 378 119 82 483 668 432 364 166 473 311 989 500 417 725 484 957 818 551 817 171 229 2 315 503 798 524 801 428 104 705 501 883 336 278 820 666 940 339 162 895 917 353 35 36 632 90 0 88 704 633 551 272 853 75 762 197 147 349 487 919 433 799 27 508 644 110 895 905 114 592 544 824 131 268 638 481 282 661 826 93 170 24 755 730 130 378 329 520 79 710 98 628 432 53 3 298 134 136 915 986 568 127 701 74 177 822 357 65 603 922 140 413 525 416 888 798 99 354 258 706 312 868 712 194 325 549 232 837 731 813 265 391 355 466 359 375 963 190 896 461 42 504 140 180 297 92 544 904 888 58 664 15 522 776 25 302 265 777 734 72 657 468 37 728 580 648 903 511 656 824 140 101 520 817 531 35 540 492 166 728 144 6 999 579 96 224 61 272 268 407 
599 599 359 58 318 462 464 323 702 675 29 314 451 178 580 508 87 7 984 971 122 108 64 705 387 756 505 91 667 85 218 253 966 979 569 676 923 570 38 903 54 414 875 651 938 914 761 92 205 702 707 387 183 14 306 279 316 537 600 2 430 624 235 929 933 612 285 735 499 544 631 433 413 805 514 723 788 490 870 342 900 797 82 532 229 706 182 927 765 34 625 814 780 203 967 46 519 457 354 432 65 71 391 691 338 360 291 42 368 390 730 375 613 870 800 776 942 579 885 830 410 183 603 842 331 937 572 279 821 941 438 149 321 306 590 362 393 868 541 578 698 377 478 138 646 41 18 448 673 81 277 198 418 115 875 832 174 966 889 952 27 941 712 896 351 655 399 508 629 527 24 658 590 511 176 329 707 798 226 601 590 951 404 21 318 851 709 68 927 207 286 662 891 810 260 618 328 375 173 153 980 965 944 887 42 84 552 853 892 793 786 725 844 937 565 1 588 500 659 121 252 665 478 146 578 514 113 683 512 382 384 448 101 875 966 781 269 652 625 236 605 96 402 653 66 259 770 18 39 549 840 211 862 868 299 88 287 288 346 917 763 351 817 421 486 432 961 795 785 143 855 791 692 315 690 259 309 371 432 380 844 525 659 327 643 590 617 395 609 120 208 908 995 79 259 98 414 922 916 655 620 664 857 0 692 463 463 916 747 167 600 989 115 913 391 330 408 999 997 608 883 54 467 69 370 173 584 369 966 351 868 2 838 799 323 273 406 484 349 211 983 718 658 492 742 851 654 630 608 411 950 668 788 389 490 548 738 129 894 599 398 295 920 708 526 972 739 446 548 960 999 725 249 492 923 557 237 770 100 581 590 922 897 430 467 783 681 479 734 154 235 500 951 300 953 210 952 886 451 858 247 158 618 748 144 472 399 459 919 110 71 177 745 383 992 335 335 490 856 406 532 307 675 713 657 811 577 393 774 403 389 952 459 209 190 995 516 470 215 459 542 555 533 880 707 848 976 557 846 839 78 719 170 178 630 786 599 704 925 161 736 142 350 312 880 792 787 266 191 692 312 997 399 989 326 389 471 917 355 22 973 709 220 380 469 876 490 16 411 824 434 686 383 704 891 907 828 947 638 253 
125 16 938 816 161 934 350 356 987 920 622 546 795 645 544 128 223 738 588 434 219 354 83 474 344 494 735 983 890 59 35 62 895 231 231 748 458 85 826 550 968 715 469 280 493 179 433 210 209 530 96 212 427 811 117 348 797 693 901 41 191 874 466 461 359 165 458 114 999 89 465 169 515 396 820 882 207 862 658 803 986 384 569 80 57 142 194 663 341 617 203 468 282 691 391 355 911 597 987 942 956 389 105 913 176 247 280 207 870 414 944 903 107 641 632 781 887 81 290 589 901 836 697 106 642 554 129 973 928 213 869 94 331 77 992 304 981 29 309 100 83 738 982 458 432 530 469 320 169 447 420 828 217 926 325 893 816 270 518 226 240 63 661 478 358 806 385 39 654 434 934 297 783 594 60 310 26 534 416 919 9 347 232 328 702 77 483 809 254 623 245 942 274 717 978 902 631 650 222 629 677 372 412 330 382 817 23 142 744 373 292 124 253 178 258 324 344 918 861 106 454 97 122 269 822 539 191 797 242 786 819 703 431 110 990 495 554 639 977 779 416 527 235 829 181 74 602 222 435 901 963 162 191 105 168 618 955 591 788 588 588 17 328 797 466 217 40 65 904 400 633 209 432 927 155 253 581 787 254 57 837 475 75 705 325 312 539 162 448 70 199 734 871 941 765 94 446 520 628 935 921 369 976 593 482 932 548 410 724 523 472 660 604 247 995 392 560 133 47 13 121 376 618 985 246 313 293 156 619 266 645 617 744 830 678 897 545 789 382 487 113 968 507 58 105 646 71 872 270 191 865 531 679 233 118 602 983 126 824 85 323 126 479 312 958 956 366 405 529 440 135 778 36 760 318 183 654 698 738 269 27 375 644 513 764 204 398 102 304 409 410 19 977 142 951 834 848 579 639 200 914 916 564 409 318 658 404 183 833 810 798 115 480 446 542 701 770 942 296 549 740 530 320 846 394 492 39 3 263 175 79 771 99 46 215 30 603 788 623 885 397 723 3 695 702 11 733 41 69 522 696 664 121 750 47 80 966 172 825 68 834 508 525 522 359 796 205 742 232 115 940 917 482 344 977 948 584 909 793 974 217 410 211 919 629 332 527 728 426 118 158 608 818 666 818 165 179 711 256 971 
794 962 559 323 634 265 707 775 776 248 253 781 833 654 881 335 945 892 683 417 55 945 624 67 667 371 556 676 355 260 272 463 24 361 26 708 862 355 100 314 862 237 777 757 236 190 602 665 11 565 899 109 798 568 897 399 686 325 783 527 629 918 230 711 314 268 97 52 524 494 558 927 776 52 755 266 297 252 276 527 142 748 321 871 720 341 28 559 825 307 711 842 839 878 516 204 873 42 663 780 805 237 953 547 201 235 401 1 217 825 556 779 540 423 858 342 132 956 691 144 531 605 967 40 317 513 314 660 963 619 706 270 824 373 710 740 318 584 551 478 185 766 946 706 522 275 291 641 752 36 455 151 792 648 286 436 858 266 889 155 767 557 67 54 922 484 219 712 657 614 151 430 700 745 876 354 583 342 389 618 996 612 655 695 498 602 700 71 303 179 414 769 244 905 368 162 394 907 23 844 36 890 88 190 167 130 526 826 967 666 762 632 886 866 424 326 64 716 684 451 770 762 429 453 166 175 499 879 64 286 373 304 910 704 420 184 943 197 33 953 2 269 389 280 497 732 540 696 821 270 137 388 661 785 319 219 416 147 698 216 407 626 670 163 880 751 536 21 831 789 117 702 522 226 471 530 476 737 734 414 564 21 895 142 207 33 170 867 724 921 125 730 273 381 103 297 642 370 397 321 249 309 915 423 740 242 888 678 134 550 951 710 289 389 405 562 443 289 164 539 259 10 945 761 236 76 274 695 151 578 473 687 287 211 607 408 545 576 2 380 45 480 459 801 458 41 992 130 979 704 211 614 571 553 393 242 454 223 812 341 993 161 52 685 930 85 928 173 637 368 569 289 750 44 159 853 30 817 973 119 423 807 728 617 278 437 424 749 513 87 964 408 738 243 909 27 804 598 796 900 358 592 284 19 795 919 776 43 497 574 0 602 348 20 709 138 325 275 632 682 944 319 761 625 708 484 321 123 483 595 720 930 559 81 116 590 772 284 431 952 339 931 199 588 574 744 906 885 125 452 233 120 454 170 217 327 183 984 746 10 998 142 840 35 718 826 98 728 352 807 160 279 549 336 981 481 943 261 365 157 956 844 591 939 231 568 135 502 381 336 335 381 274 876 205 119 279 230 669 573 
447 682 649 672 673 522 987 818 781 695 260 630 331 346 255 727 738 691 49 494 877 448 306 563 992 981 895 205 267 893 271 313 495 375 758 148 749 841 627 8 258 799 127 863 869 558 777 34 795 983 508 683 314 442 31 805 378 692 991 482 56 302 81 938 929 674 764 806 929 919 421 537 463 382 625 845 537 686 522 28 568 350 810 128 792 575 687 742 812 346 702 96 291 482 279 911 412 934 301 791 488 538 473 597 742 913 2 889 741 157 544 12 503 149 202 730 133 765 980 402 115 987 585 13 386 797 329 539 406 509 69 546 387 798 960 394 854 564 914 36 93 252 732 949 305 732 624 684 412 497 900 43 145 395 807 799 711 824 334 631 189 779 51 10 474 729 58 213 184 99 901 744 593 611 965 53 308 143 319 909 694 104 412 174 560 955 748 754 535 590 822 888 562 173 632 28 296 969 593 153 71 770 879 115 667 314 74 513 102 495 193 849 13 982 541 531 487 293 339 313 740 756 397 626 625 889 782 878 615 321 203 135 373 439 809 929 381 911 354 88 968 504 932 103 581 534 224 854 453 332 862 116 670 644 254 134 720 908 852 422 651 961 999 516 716 664 501 403 7 922 760 439 628 989 324 156 387 257 620 678 991 407 962 896 48 561 178 80 241 820 869 48 62 118 569 612 699 581 374 69 662 568 422 102 460 502 437 719 581 764 800 74 857 871 32 30 583 322 555 35 785 849 401 506 997 373 462 313 854 48 705 25 916 740 247 953 827 137 674 353 427 655 579 897 383 790 407 862 392 482 363 937 493 269 812 610 761 635 901 9 173 203 444 799 411 436 642 117 402 691 741 42 323 432 28 483 386 884 961 604 466 307 733 598 477 933 442 675 107 948 684 986 190 863 156 894 104 745 539 489 343 247 871 981 501 374 195 825 94 530 790 482 754 778 999 933 552 155 35 298 650 777 347 497 796 326 26 126 373 576 618 253 928 219 550 496 622 459 600 574 608 235 219 847 363 636 739 719 557 265 364 206 992 490 578 816 269 722 417 846 43 553 187 957 773 480 530 806 170 466 952 578 973 421 875 616 800 517 813 213 261 285 509 735 822 699 556 29 210 217 762 648 125 292 723 889 256 782 950 475 
399 960 197 422 379 154 160 368 319 905 334 253 725 111 449 689 630 728 187 957 220 308 34 444 378 209 655 14 339 128 285 582 883 63 445 908 975 291 190 522 81 314 344 790 482 798 73 604 112 42 114 692 707 137 683 926 957 474 735 360 230 406 189 980 285 284 617 492 862 236 914 607 873 707 189 359 862 173 647 469 464 240 377 229 39 14 771 443 782 559 47 17 421 280 768 898 63 141 927 495 344 81 72 347 183 761 439 706 505 562 588 303 392 541 787 157 723 116 809 416 309 786 970 458 22 245 91 156 94 980 530 423 456 583 178 126 810 934 202 226 431 891 980 532 216 791 560 10 475 627 329 487 521 32 960 706 897 712 160 45 741 422 719 485 551 726 336 588 672 822 991 711 974 66 886 92 963 613 322 575 486 510 494 373 793 31 293 43 341 663 247 1000 700 786 370 111 134 599 887 353 493 9 660 794 778 826 61 940 254 456 496 537 529 154 689 944 657 734 857 296 33 573 450 832 343 631 264 704 395 834 768 213 913 183 256 170 935 716 172 904 458 862 273 771 983 583 696 259 976 341 444 279 256 519 932 19 328 877 207 42 444 591 168 868 100 824 360 708 79 51 810 254 440 655 3 563 9 259 863 782 96 553 263 243 140 773 24 729 986 29 868 383 114 288 724 133 261 42 208 152 313 977 363 83 97 951 238 544 38 620 976 414 923 727 467 108 721 999 704 635 399 760 929 867 860 623 43 683 880 648 476 392 955 229 852 510 828 989 969 274 981 159 116 212 147 367 260 63 213 522 287 489 208 411 449 773 571 666 652 130 292 987 592 855 299 57 976 692 75 16 707 552 231 826 929 687 301 946 438 179 668 205 407 865 526 360 999 217 575 230 361 246 539 528 348 230 836 491 702 556 241 511 288 714 657 492 633 642 32 762 922 19 243 948 896 356 805 140 285 906 629 441 360 717 102 861 363 798 339 668 684 404 137 200 311 500 168 184 668 991 188 837 459 553 218 799 929 636 344 667 188 602 236 724 803 577 641 692 816 265 414 114 794 4 178 264 963 933 665 445 742 9 717 241 849 936 541 497 445 564 657 550 290 355 133 426 49 468 696 15 315 535 891 443 817 629 619 999 546 122 
63 374 675 523 593 502 105 14 454 787 81 180 434 354 97 988 107 605 519 419 664 305 554 986 925 82 458 76 546 764 38 762 269 357 778 881 169 13 124 746 182 447 750 249 95 381 832 394 10 646 107 235 326 636 558 329 753 616 298 288 490 209 713 884 955 798 54 722 353 612 485 697 291 723 257 632 215 902 122 32 719 938 741 420 615 339 254 245 324 766 555 740 680 526 447 149 684 399 478 543 189 299 397 669 197 679 449 0 836 906 953 908 835 848 421 891 181 841 709 162 655 457 668 451 532 508 684 783 284 370 784 953 968 419 942 941 289 208 410 175 974 927 473 450 323 619 150 822 841 449 285 59 704 994 842 554 695 159 361 346 364 995 949 211 938 110 195 19 291 927 873 914 9 818 241 812 918 582 318 43 84 73 419 585 214 200 87 438 197 424 209 226 72 677 904 809 299 905 82 327 272 474 492 111 86 772 534 879 760 969 740 259 470 383 746 773 78 420 546 879 346 749 165 61 174 121 18 457 486 393 478 772 14 675 889 625 355 859 629 229 744 276 910 442 216 545 18 645 160 196 799 721 957 239 586 43 374 784 929 803 278 39 475 533 201 263 479 180 387 460 826 613 737 664 799 164 91 100 196 999 374 150 61 928 54 261 48 97 957 900 912 624 945 11 382 559 650 585 858 141 694 928 590 301 903 729 672 571 435 661 500 894 932 255 295 103 943 247 687 716 134 983 34 445 910 42 71 226 512 650 645 160 890 157 706 50 81 724 283 468 392 644 882 296 546 208 28 98 168 296 169 252 452 577 321 448 684 867 33 101 858 439 912 831 657 151 709 488 774 643 217 680 43 587 716 34 782 187 353 894 356 536 938 769 384 243 700 173 124 404 206 606 516 408 150 19 710 756 781 604 929 810 458 284 415 523 356 719 657 464 634 220 946 66 126 539 290 202 218 145 493 103 24 472 919 2 507 104 91 27 801 972 210 812 651 78 664 438 372 402 599 833 370 99 177 256 609 32 175 301 163 47 421 940 631 258 674 753 633 152 249 893 338 769 702 913 488 228 860 7 978 704 281 136 594 946 425 885 674 304 462 137 733 760 319 594 934 883 740 552 8 316 956 794 218 755 357 351 592 538 
736 704 315 357 60 129 178 404 340 425 473 630 2 855 847 10 981 124 634 396 310 600 601 166 230 420 991 792 991 328 510 73 783 700 681 855 311 130 110 69 331 307 797 813 335 335 288 626 693 304 258 924 221 19 357 242 793 152 614 868 665 254 281 781 271 670 63 555 178 723 178 72 892 778 0 470 141 345 560 222 236 637 406 512 714 433 413 490 210 699 953 776 537 713 479 928 692 329 967 412 472 798 608 58 309 907 637 80 611 106 530 339 37 35 71 479 311 296 10 298 979 51 616 337 514 961 229 863 842 847 220 462 646 377 57 549 72 749 630 712 799 496 788 828 409 304 170 478 741 563 251 868 945 830 161 667 588 806 208 334 406 653 98 598 556 538 602 566 492 267 269 282 403 834 488 534 13 692 981 728 92 680 51 100 735 505 131 160 231 911 762 319 416 812 59 575 433 125 752 102 362 329 587 449 27 535 919 643 85 975 244 896 322 905 382 157 272 420 298 294 213 869 603 588 547 60 438 506 74 101 946 377 897 48 895 619 973 731 622 23 133 341 624 843 183 446 526 980 96 321 985 937 853 657 150 298 755 27 867 166 452 462 619 989 100 241 469 695 36 533 670 134 297 47 405 490 794 660 720 352 474 715 823 418 338 438 866 440 978 748 993 917 544 686 913 968 637 735 930 237 477 837 928 898 838 439 813 925 403 836 672 385 982 540 926 887 104 946 639 804 662 667 914 664 272 325 673 105 876 644 648 808 362 567 884 300 567 733 513 300 751 734 151 139 446 893 578 420 687 219 629 381 864 963 28 583 319 791 268 635 807 939 731 385 859 919 706 160 529 776 918 968 187 121 30 479 265 681 606 764 973 460 105 471 986 704 765 966 18 889 905 255 306 564 198 198 133 259 898 534 445 311 61 314 812 16 63 437 609 585 286 889 838 954 732 791 48 435 796 686 838 818 391 368 661 342 610 733 702 702 75 342 762 20 817 135 608 449 979 830 848 66 953 664 252 202 700 763 193 97 582 994 870 791 154 31 555 749 592 897 9 900 581 459 977 915 646 296 537 547 10 578 716 955 748 122 29 69 863 702 596 241 757 263 884 830 577 522 58 306 866 626 613 65 888 391 809 719 97 772 
494 799 889 153 424 711 774 191 484 718 879 678 986 458 726 624 272 392 691 414 41 227 125 256 673 495 438 101 733 956 265 616 842 551 952 222 770 485 581 143 355 862 27 303 633 903 125 79 96 597 91 832 113 103 671 560 549 893 111 422 995 198 794 922 616 814 555 64 465 713 554 664 676 71 896 793 609 483 543 575 839 667 557 348 370 519 770 72 873 7 231 670 84 145 358 569 331 706 388 10 23 366 885 432 812 28 699 768 667 667 203 422 698 406 254 185 398 21 707 109 462 282 946 974 783 384 989 301 649 974 752 890 385 654 73 76 519 763 649 547 975 818 37 356 297 940 985 1 31 321 735 33 942 619 937 346 396 70 580 969 271 745 174 741 793 170 499 948 132 559 970 486 689 343 523 462 0 598 774 971 381 861 352 349 23 252 697 878 537 986 969 488 602 439 910 428 925 210 496 74 731 951 1000 205 632 3 392 175 270 793 851 991 718 64 580 37 239 412 314 845 196 90 600 781 49 356 263 195 720 256 398 515 267 908 554 340 981 997 953 206 497 898 512 442 769 582 224 91 79 133 158 794 832 685 39 196 708 968 439 278 149 124 665 152 771 59 175 565 294 403 323 237 207 142 795 824 703 539 602 883 877 399 10 498 106 799 275 418 370 778 13 121 977 780 591 467 447 9 800 9 868 502 243 445 967 290 29 88 402 932 176 68 137 988 148 365 754 57 933 518 428 43 682 667 351 979 169 54 840 231 27 904 979 684 670 339 511 185 245 399 333 244 675 46 494 375 20 308 229 823 688 950 148 746 360 45 457 496 705 945 509 327 627 773 430 492 513 176 720 393 998 882 208 870 938 376 781 527 411 579 388 328 947 342 266 587 601 460 557 609 869 928 113 356 730 351 620 494 58 985 618 881 902 744 657 408 834 230 628 811 470 807 443 295 253 963 850 752 887 55 156 518 972 998 876 622 339 346 558 622 931 977 296 547 990 213 347 985 564 581 107 844 371 250 653 520 160 630 241 498 433 461 243 823 710 189 860 731 681 758 389 484 377 221 664 772 173 413 181 597 631 529 233 739 7 163 214 237 96 645 291 384 323 128 932 356 102 150 403 901 699 47 961 796 900 708 680 552 749 792 
158 936 475 254 888 717 937 998 944 231 938 46 24 104 122 782 733 589 976 635 470 418 160 458 885 117 820 82 842 461 492 240 255 815 844 90 868 669 171 719 906 578 105 791 113 30 237 114 514 198 488 294 264 216 704 986 235 767 365 483 504 764 488 479 653 518 761 30 571 907 787 778 611 921 806 599 540 332 956 400 827 518 797 837 7 341 961 945 766 162 165 392 793 569 941 486 526 668 927 584 774 71 820 684 196 410 27 482 943 111 889 664 999 841 63 121 229 708 877 176 505 496 242 628 461 469 725 25 683 944 703 929 516 676 914 755 493 969 285 463 781 28 111 516 80 6 298 232 965 577 170 944 386 655 182 78 80 508 915 814 412 203 691 252 256 573 458 843 334 981 129 270 742 814 989 940 119 611 980 778 359 726 165 854 748 323 181 394 699 122 216 725 583 234 277 516 522 901 367 460 184 643 761 832 75 106 177 426 510 508 161 965 124 293 739 515 322 556 962 545 82 768 638 433 605 551 478 198 910 346 952 489 811 847 723 611 142 947 44 950 937 107 618 14 710 229 886 404 821 942 746 498 8 513 465 623 49 9 752 32 653 479 961 786 402 235 38 344 777 177 702 801 10 737 613 319 87 969 125 38 862 983 256 803 464 936 933 552 497 244 48 740 740 873 483 949 96 49 689 550 700 953 78 503 202 78 612 895 538 452 221 887 679 732 425 705 75 590 518 674 508 483 283 446 590 77 283 18 477 367 544 741 693 372 276 124 763 509 805 199 920 875 443 217 4 503 244 42 604 17 208 117 397 755 503 907 823 646 154 713 784 456 643 697 688 503 319 877 809 151 104 247 838 48 16 908 560 809 408 989 772 660 711 669 905 843 839 88 372 594 200 131 684 204 328 926 753 824 594 700 393 334 862 107 826 881 365 336 657 628 208 121 787 734 156 929 687 218 69 943 737 396 893 263 514 555 499 857 752 838 693 372 895 179 957 217 930 917 32 224 651 908 256 797 507 747 636 35 178 8 377 979 290 26 495 527 205 114 720 684 616 549 449 659 395 566 43 821 606 21 318 81 192 253 258 65 903 849 79 141 802 700 445 91 560 796 855 722 815 68 519 424 171 755 676 620 478 11 980 871 
669 509 264 802 733 902 900 156 303 684 601 606 701 770 378 385 91 683 95 99 187 163 856 168 478 990 913 553 190 570 147 997 866 497 666 94 249 241 661 913 921 779 716 236 233 336 997 443 131 6 515 173 853 232 411 326 293 244 285 308 180 423 826 559 806 890 712 833 112 149 370 323 396 986 75 268 914 18 303 388 50 16 389 4 262 320 599 149 599 63 65 875 910 513 658 529 553 225 878 438 45 300 474 77 772 194 522 286 324 399 98 385 514 797 111 931 357 250 306 762 189 920 482 857 831 131 930 318 516 614 397 316 130 556 281 60 191 579 933 192 210 48 80 807 785 456 322 887 736 64 533 24 549 579 857 472 255 746 878 725 34 361 192 216 524 198 360 274 743 433 237 537 660 778 760 680 797 800 702 286 674 947 551 605 900 1000 569 647 804 877 235 655 552 951 205 981 547 929 748 295 690 306 528 93 517 0 593 75 931 317 659 148 984 584 763 251 222 983 243 222 789 686 142 12 544 824 673 864 877 707 211 579 50 1 919 342 700 789 859 76 446 5 3 36 480 486 376 432 71 960 826 75 854 755 378 746 715 197 588 100 72 655 963 244 122 901 833 31 423 16 738 73 813 687 580 225 61 468 291 134 631 900 87 208 242 286 855 691 732 629 195 986 621 170 260 784 368 723 980 26 983 277 851 619 1 766 360 31 131 739 377 364 16 647 702 842 383 521 555 734 825 106 978 287 72 128 764 430 971 772 341 629 0 446 419 449 988 88 156 378 545 341 978 60 428 597 641 852 561 241 80 715 848 585 144 742 272 923 637 981 510 340 658 232 260 45 386 917 185 67 108 781 815 809 566 630 23 600 205 942 681 39 61 234 737 462 168 731 140 689 608 10 268 528 311 224 181 214 334 251 453 522 353 361 733 630 56 271 807 868 145 454 344 788 802 605 773 651 920 420 166 389 900 97 938 488 429 125 280 133 585 765 152 344 684 335 759 330 343 425 990 431 61 893 161 769 27 78 770 814 802 386 488 712 210 225 805 788 268 676 130 428 592 676 179 866 760 874 354 655 443 346 661 318 638 458 548 89 635 818 856 293 966 624 392 3 766 644 504 53 421 394 131 449 867 420 839 528 536 865 
627 472 87 885 647 572 533 581 251 970 430 877 494 251 80 748 658 904 726 875 792 153 720 478 960 824 976 573 424 906 989 265 934 421 590 691 803 59 719 579 599 576 989 234 438 160 733 885 401 16 314 809 35 169 307 455 852 558 884 54 903 992 443 541 275 189 398 851 596 198 543 498 617 207 627 214 94 267 550 840 147 674 788 350 991 491 878 818 591 552 45 645 595 141 615 594 388 627 730 534 357 974 953 291 317 332 488 16 724 736 95 707 844 728 639 389 815 548 835 997 976 219 462 460 611 740 975 836 339 987 190 942 733 952 430 472 126 990 353 501 301 231 517 865 15 224 446 847 259 407 577 12 993 589 874 960 760 94 700 137 303 316 876 642 491 188 610 689 453 753 722 264 471 774 685 798 67 475 225 216 777 179 574 759 574 607 957 228 984 556 878 535 870 181 840 71 381 661 575 255 286 30 512 750 268 456 61 339 620 434 781 130 994 295 640 106 517 366 686 209 649 339 854 799 382 280 120 278 29 109 493 299 396 794 832 984 626 528 885 400 215 172 234 21 454 785 227 400 90 628 680 569 557 923 735 50 870 507 154 144 510 905 787 863 421 762 193 754 980 613 763 298 418 809 123 570 967 199 687 194 582 367 657 947 435 218 558 869 661 865 246 80 698 898 37 1000 742 160 570 667 49 619 193 753 669 764 221 322 411 156 325 454 638 549 538 982 844 679 887 155 974 896 240 117 664 29 445 884 783 494 380 386 399 149 937 591 461 18 815 176 218 429 128 831 693 167 534 427 330 273 753 872 303 399 813 574 76 620 792 345 994 918 486 358 174 285 353 310 901 478 515 877 955 886 122 264 685 586 420 537 736 274 174 536 874 738 245 593 501 780 443 69 482 920 297 475 733 479 658 93 740 164 808 697 869 99 988 24 509 885 849 902 506 449 432 997 465 488 746 291 980 807 672 797 236 574 690 89 457 597 729 448 565 842 845 516 150 90 339 154 588 530 879 844 94 232 132 684 411 582 212 565 662 686 134 570 534 990 523 855 562 337 424 414 411 217 934 95 429 613 645 727 104 812 382 96 961 103 526 979 268 566 938 832 197 343 536 69 629 188 518 531 951 315 820 247 421 293 406 16 
557 952 949 495 382 542 557 79 794 170 789 997 522 396 263 973 143 139 484 61 569 237 167 795 395 501 748 430 810 386 143 720 909 155 540 420 678 679 314 536 132 849 327 893 853 607 766 722 238 294 782 989 172 478 840 554 839 554 270 394 846 189 108 488 744 221 467 44 239 111 502 251 775 359 576 412 312 973 234 832 902 406 253 172 10 736 246 553 51 35 812 366 119 147 993 932 195 910 83 541 234 961 304 756 613 869 331 653 111 772 829 260 860 423 837 458 548 105 386 180 539 307 769 930 953 928 957 691 466 555 34 223 522 791 11 140 264 717 814 379 575 828 781 193 246 866 402 606 397 974 347 874 19 151 35 179 800 399 748 335 142 354 105 938 532 296 168 318 763 580 839 713 447 229 963 767 215 750 432 141 143 357 595 360 559 487 168 760 805 775 330 805 859 966 373 540 166 299 334 303 781 794 919 425 978 735 578 301 370 881 175 310 747 248 523 561 686 972 488 339 460 483 277 680 677 364 823 634 885 551 337 478 624 507 168 477 125 998 298 141 124 305 730 18 476 435 139 66 204 292 907 724 330 971 879 360 266 941 705 877 104 34 371 585 599 942 582 806 293 154 1000 25 634 620 644 31 470 770 200 313 44 521 440 602 686 386 120 602 969 750 241 301 69 315 338 387 414 885 18 877 739 459 318 291 24 997 193 787 662 912 262 393 199 342 446 596 734 156 963 752 172 939 450 330 74 593 803 934 233 137 334 490 229 693 98 855 867 178 551 423 532 337 132 582 623 664 69 365 130 161 20 300 295 983 951 128 707 42 518 934 907 82 87 830 206 466 798 580 667 683 799 472 289 238 852 341 77 331 692 64 0 799 506 791 292 173 564 121 188 295 173 927 661 332 901 588 720 953 875 730 284 281 881 393 173 513 381 331 560 876 665 904 836 380 911 141 795 247 343 253 187 955 334 753 795 730 470 599 62 656 626 519 636 915 764 180 78 779 688 740 322 217 430 701 587 486 200 958 383 247 534 792 626 31 427 461 818 901 838 273 962 223 568 722 502 924 989 73 88 451 910 364 590 510 867 957 212 286 799 64 842 535 806 618 238 263 461 796 518 620 873 562 737 732 560 463 897 830 755 493 
821 242 595 888 365 204 138 217 655 321 540 787 141 675 386 283 849 509 744 173 462 969 70 938 374 404 709 757 102 299 312 361 19 227 300 229 289 567 609 984 228 335 36 992 557 564 982 73 418 981 370 560 970 816 236 47 401 224 687 605 139 565 408 837 819 680 667 289 321 60 38 610 474 774 889 434 66 753 751 999 194 496 894 539 740 598 246 35 854 98 260 275 653 640 220 300 602 228 497 611 743 627 902 996 850 976 788 721 546 582 433 792 225 788 944 525 162 537 808 407 128 924 971 255 969 724 64 114 845 246 93 389 847 465 242 940 391 635 4 14 884 787 0 372 889 75 387 662 42 146 106 403 43 858 484 448 374 592 64 342 683 43 757 550 400 930 730 676 51 493 298 436 880 959 695 949 74 235 21 339 461 91 256 860 855 427 326 938 849 42 455 914 994 800 390 940 414 415 196 972 974 193 345 892 891 58 92 492 327 126 985 854 406 364 90 250 140 387 678 274 471 858 895 731 620 239 859 749 532 939 173 441 429 730 888 196 746 504 974 165 801 500 462 547 572 950 456 43 746 220 355 53 67 179 672 123 333 400 774 252 415 486 45 271 344 130 246 545 273 623 19 703 979 229 130 851 372 750 418 727 598 221 102 102 164 820 946 143 855 977 834 697 615 156 348 702 653 484 647 541 39 812 561 480 852 211 72 791 951 990 526 281 854 274 456 341 650 94 353 301 85 259 274 178 5 402 487 927 289 586 329 972 924 346 392 532 122 354 878 801 689 380 197 687 690 45 243 382 145 502 780 157 337 267 399 632 337 439 408 712 996 175 697 229 912 501 305 268 805 749 716 612 351 258 760 587 661 471 568 720 605 895 327 520 87 528 208 545 232 284 39 867 363 462 133 767 329 822 419 429 419 222 967 68 377 110 75 773 746 273 987 828 950 103 589 863 707 999 561 505 436 796 587 673 411 185 997 768 897 987 314 864 499 819 779 155 732 100 949 841 674 369 554 178 499 887 723 6 860 801 254 664 1 472 1000 873 712 226 4 828 374 381 765 591 807 857 627 452 526 77 874 193 409 842 388 837 887 350 585 203 823 84 271 922 789 661 742 403 489 653 995 259 497 850 340 752 744 799 57 794 
840 933 88 171 176 592 12 654 499 776 643 555 328 415 51 113 891 157 95 702 946 337 713 397 443 937 302 977 802 838 684 471 810 67 4 531 744 709 424 254 121 201 32 403 89 432 485 885 476 326 148 257 457 299 255 687 155 289 803 693 406 346 643 793 23 264 615 201 577 768 396 363 538 579 982 280 951 524 178 912 331 638 147 524 19 970 526 373 28 623 428 175 129 295 70 890 595 214 217 473 245 858 194 90 967 150 208 120 53 343 159 735 385 972 602 545 503 455 427 345 125 183 950 187 871 981 422 415 140 92 357 708 735 774 389 724 176 743 87 29 197 846 431 704 432 905 74 355 341 307 112 164 785 107 512 87 378 794 623 794 597 508 303 965 379 901 983 598 116 81 6 609 92 356 497 695 351 301 264 641 479 108 742 233 607 157 550 790 952 880 555 853 475 83 371 466 730 918 341 466 20 975 988 713 888 499 884 823 699 477 135 267 789 826 326 851 838 826 543 481 183 871 76 846 375 356 43 138 492 133 424 907 533 876 390 908 199 794 297 477 268 288 58 693 966 347 859 376 910 587 426 524 368 27 984 965 155 894 121 625 128 750 334 274 211 169 565 953 141 950 386 812 560 184 405 428 311 770 867 541 328 587 723 997 303 890 402 576 365 841 856 858 917 24 690 902 692 853 475 780 39 797 367 595 189 823 123 670 860 775 922 389 293 705 909 702 284 718 577 926 257 403 593 924 200 836 347 647 695 261 682 351 287 253 7 882 347 877 955 545 557 13 334 704 312 669 738 14 560 458 552 632 411 977 221 942 136 633 494 900 384 369 402 266 737 398 325 585 876 807 867 507 743 413 882 979 59 249 893 179 391 658 553 61 934 486 67 652 937 364 356 927 511 633 111 514 273 270 837 801 548 517 479 310 660 543 880 447 962 275 467 544 532 696 140 740 110 820 943 404 987 464 799 711 51 72 839 439 145 966 10 18 316 509 605 432 171 168 519 842 998 302 118 902 658 339 257 482 508 427 340 10 842 291 283 139 142 31 468 615 343 997 159 100 819 634 443 446 855 896 549 640 454 401 678 173 600 791 705 294 820 500 957 340 565 686 510 338 502 791 605 34 463 598 142 660 199 996 7 778 
818 365 678 200 455 240 594 68 423 562 729 618 451 205 633 319 525 915 523 626 283 786 879 828 280 623 854 461 516 309 597 429 657 967 978 137 863 573 990 518 676 16 410 919 372 852 318 971 687 989 32 885 40 753 313 20 921 790 807 298 929 919 867 990 275 262 233 44 294 790 990 786 443 733 980 441 948 995 123 351 394 535 802 140 182 59 24 761 211 863 231 636 607 188 809 545 221 668 631 444 402 426 174 998 680 940 669 265 9 165 680 160 894 321 850 372 838 627 279 923 850 884 556 489 719 146 956 739 471 437 164 841 32 821 18 896 756 892 280 307 0 86 329 351 697 133 672 109 779 170 364 727 509 602 29 432 579 463 981 210 591 907 256 47 391 922 58 648 617 988 811 265 796 104 417 377 83 371 523 905 916 313 254 995 910 426 764 851 668 735 155 972 619 198 568 850 565 362 458 156 823 260 143 913 606 710 72 373 314 538 512 10 974 50 311 4 294 877 281 460 714 546 438 471 295 897 158 134 792 540 645 613 59 810 264 247 962 155 845 361 369 651 274 348 464 79 944 38 435 164 88 417 11 903 405 934 955 403 861 468 146 167 964 933 39 172 825 789 776 440 148 375 75 948 865 318 459 186 732 5 558 71 785 258 61 371 337 905 332 317 101 115 985 434 75 593 852 3 303 775 827 961 293 164 516 578 928 585 218 638 888 242 657 869 0 833 111 766 44 69 442 975 957 2 847 917 818 871 280 150 521 989 980 11 128 244 372 542 677 34 670 113 796 329 201 68 627 133 998 352 341 154 877 909 69 398 295 982 920 711 443 741 672 715 764 418 521 517 434 772 560 29 458 727 506 322 170 652 260 121 520 681 990 648 219 95 397 695 58 737 233 672 722 183 708 358 690 679 571 444 466 687 410 654 429 295 207 222 819 754 154 681 810 375 768 453 521 40 877 206 8 93 200 284 155 553 216 87 601 452 593 115 839 360 291 676 515 138 945 869 934 741 506 611 155 22 303 78 474 131 448 50 985 346 764 77 25 422 348 853 66 895 337 765 535 775 813 838 425 536 814 356 386 196 336 776 325 521 649 903 594 374 408 397 545 711 965 696 270 984 366 434 279 788 978 665 649 220 124 686 
495 554 563 946 299 556 83 291 385 822 957 28 849 72 821 542 636 430 815 335 462 428 618 400 838 368 70 664 891 368 312 731 932 992 872 728 896 202 660 69 740 960 780 176 582 376 408 186 965 171 815 180 652 629 427 20 776 635 482 626 876 102 359 61 100 563 430 121 895 925 467 594 800 367 464 66 422 644 607 73 335 4 530 539 820 583 910 426 697 145 988 322 122 949 660 256 320 344 230 585 143 928 348 403 804 158 653 344 867 912 781 165 364 782 391 493 121 532 866 89 2 367 27 726 357 789 828 439 125 74 121 34 284 752 761 828 317 824 700 69 259 920 280 545 895 375 246 937 44 246 146 815 147 652 129 774 686 702 739 946 850 398 690 732 850 30 647 315 215 379 451 151 488 35 424 620 577 381 84 850 958 365 708 355 995 341 780 961 974 433 80 603 21 413 218 20 922 817 67 769 851 295 166 626 912 13 634 142 56 656 390 528 427 210 799 88 21 51 654 492 774 572 533 894 648 622 33 281 428 580 962 594 612 141 468 564 459 102 79 399 355 365 614 794 862 87 648 872 79 610 88 235 663 633 157 690 737 367 303 789 814 183 924 842 31 206 141 402 773 37 366 336 689 496 722 804 850 168 51 101 105 471 864 543 972 206 680 606 275 136 332 480 946 725 651 707 871 872 978 321 498 977 341 291 398 155 547 796 847 841 274 872 596 955 27 617 312 557 32 220 964 465 688 885 874 82 486 848 98 939 522 521 542 561 562 141 156 216 164 132 694 693 53 368 732 560 216 66 893 917 637 493 570 732 166 798 476 659 0 410 370 786 509 411 670 378 501 335 450 326 991 745 220 893 96 482 722 966 710 580 82 458 447 253 185 51 364 257 6 450 726 966 144 411 960 527 143 356 428 118 923 113 326 678 23 373 24 400 354 673 299 810 893 8 770 995 803 602 621 711 817 109 997 263 797 727 427 936 954 16 687 440 771 154 24 533 346 172 713 956 437 872 848 344 843 127 944 534 264 672 745 961 339 774 120 959 290 757 746 217 424 474 219 158 899 776 902 458 183 982 190 153 38 749 739 788 686 690 703 793 610 629 751 16 393 780 66 460 643 850 589 234 986 413 368 139 136 113 355 449 
301 408 670 916 373 767 975 833 321 955 946 462 778 768 325 162 638 910 555 23 181 742 951 659 577 862 795 647 759 902 103 379 310 342 300 69 669 177 623 61 493 751 726 341 15 850 492 7 170 650 363 780 11 345 174 575 462 893 581 579 634 432 561 83 873 703 712 835 923 351 427 850 386 173 153 370 800 872 805 460 400 547 654 540 48 943 766 319 875 651 501 393 180 507 354 271 630 590 811 874 612 190 636 31 70 315 141 929 608 771 205 937 438 725 393 577 945 287 535 890 870 541 907 416 987 383 953 489 453 935 132 388 82 855 279 634 839 964 322 398 838 743 55 264 320 449 528 987 530 468 233 153 226 273 693 370 680 987 565 435 629 975 756 198 544 239 341 194 563 493 115 981 378 803 238 357 145 351 165 308 670 383 606 134 749 38 112 796 404 96 898 211 422 181 342 837 360 346 562 782 739 338 546 898 170 851 675 14 708 276 525 396 233 788 104 281 723 335 842 5 153 921 774 151 614 528 344 4 172 935 281 566 801 780 157 842 35 574 703 864 227 121 344 160 9 635 687 557 244 399 40 532 312 929 583 288 182 582 223 794 885 26 321 502 80 839 453 161 789 9 740 948 527 565 926 756 604 162 974 470 734 449 524 428 325 414 338 18 741 29 55 634 583 908 726 909 547 300 205 929 702 304 223 673 527 176 834 135 640 522 386 636 323 57 974 183 938 426 402 59 325 723 348 23 856 428 199 704 353 719 552 123 372 606 970 101 122 341 40 946 704 565 862 361 200 198 133 887 793 140 44 333 94 758 158 90 178 685 313 6 492 885 427 334 125 316 67 600 857 935 449 36 859 97 628 412 897 301 429 974 305 908 923 574 516 941 458 863 478 564 381 244 45 847 937 226 47 485 262 689 954 114 417 458 578 36 349 515 516 506 771 793 361 460 11 305 507 56 311 641 905 144 312 760 690 107 637 971 338 224 569 122 598 927 638 874 442 6 17 124 425 559 28 754 111 710 443 532 953 52 106 83 274 204 203 587 970 767 903 184 881 0 59 808 941 965 680 473 846 538 255 86 341 656 652 779 685 160 711 435 227 672 797 553 673 858 710 437 271 125 319 639 920 165 165 947 847 731 96 228 
348 352 914 287 374 816 687 181 662 533 959 424 66 515 796 182 23 154 849 986 786 14 948 555 157 829 432 986 261 615 182 194 223 770 922 623 390 354 641 491 213 166 859 874 734 250 128 253 713 389 661 191 301 171 792 336 20 192 499 735 390 525 944 818 863 405 658 473 723 421 100 653 491 811 761 842 397 566 40 903 53 147 375 644 804 803 390 715 283 62 285 382 245 187 576 159 361 546 49 576 913 308 435 23 163 739 663 30 156 779 511 346 514 602 266 845 471 559 106 997 582 101 612 955 489 29 692 487 934 418 711 611 598 70 715 14 918 25 584 747 570 57 549 810 399 918 844 131 12 182 594 214 2 190 94 893 971 932 651 422 80 524 36 224 903 375 921 579 614 724 781 668 751 415 36 22 607 713 210 21 952 75 23 47 648 580 279 308 21 74 291 38 245 48 642 175 537 26 43 782 988 820 914 569 163 593 549 304 133 532 966 779 147 711 227 418 309 235 996 381 523 876 240 96 787 791 894 460 454 835 456 657 58 632 303 31 845 737 433 578 559 497 103 868 725 870 569 483 265 338 676 710 561 434 568 316 348 478 706 118 759 513 441 723 561 498 32 160 7 789 985 105 327 884 533 456 986 404 850 930 949 294 848 838 41 204 813 369 268 500 729 987 319 244 521 311 24 529 424 466 469 383 12 199 676 334 390 172 224 378 128 187 293 877 462 240 26 975 674 230 120 875 393 273 431 52 495 966 567 19 228 323 431 273 752 103 923 571 919 508 609 571 984 239 697 131 834 2 726 773 841 750 351 143 629 451 47 661 751 407 925 405 55 220 869 328 737 400 917 58 463 159 798 7 756 550 81 204 237 428 175 800 117 630 400 953 820 269 568 304 637 721 913 145 259 216 274 173 756 979 407 72 722 243 946 197 705 789 640 851 603 936 412 451 319 217 58 163 804 124 686 570 391 518 30 219 509 574 314 713 706 933 207 835 746 560 95 755 267 696 908 995 858 441 268 912 753 60 285 419 260 480 52 847 744 386 686 132 493 941 961 312 278 557 885 953 892 592 21 937 174 666 576 475 700 440 492 886 95 870 900 422 53 558 290 211 62 191 817 399 563 582 907 359 703 269 117 92 237 45 
440 753 464 548 82 235 599 32 860 121 746 818 749 680 231 947 673 279 981 386 16 716 76 573 150 448 72 329 686 949 253 162 968 923 541 632 56 782 371 412 155 176 174 301 310 753 177 710 273 343 829 692 375 65 123 390 112 333 587 359 170 982 689 125 138 196 115 337 413 685 811 626 879 602 377 695 89 647 567 847 407 159 608 635 45 558 767 536 616 22 788 632 742 25 888 975 931 865 936 306 950 11 312 586 47 375 18 117 448 724 988 285 559 571 77 104 308 664 152 979 72 612 847 643 231 424 916 848 240 841 29 865 145 355 131 323 380 914 10 701 960 570 686 660 734 11 256 801 985 907 779 551 357 519 743 721 301 907 589 968 378 324 974 637 294 173 700 870 85 316 288 902 710 56 467 962 788 585 374 749 931 695 215 168 620 321 643 430 265 567 160 298 239 856 109 227 760 341 54 69 588 643 929 22 510 71 100 222 178 149 679 560 414 57 460 87 30 631 961 525 523 628 145 621 857 929 42 362 522 280 394 27 928 170 436 557 528 872 571 633 78 97 951 532 918 269 826 823 263 911 284 609 531 889 311 235 916 574 226 290 633 713 242 96 592 314 954 760 537 988 86 5 876 197 32 161 706 568 678 252 709 847 191 683 17 95 61 958 392 435 803 113 831 971 543 868 827 377 988 384 654 908 904 160 988 604 543 440 182 698 97 275 913 838 536 812 145 674 674 589 971 846 696 387 872 945 126 206 379 237 47 305 977 38 742 630 749 45 771 230 128 411 885 294 193 454 750 688 501 946 616 504 482 953 512 291 11 640 950 756 231 228 176 144 720 563 59 933 652 201 446 112 901 38 420 95 78 514 485 632 533 848 279 30 102 191 407 587 986 529 437 274 258 779 378 930 395 856 744 336 756 441 4 345 132 870 424 960 515 653 23 654 833 823 589 612 219 497 659 367 328 99 897 981 333 33 452 612 588 0 850 207 114 428 679 13 459 146 914 593 326 353 817 359 555 546 906 893 259 30 755 259 8 52 975 31 160 682 304 119 560 196 722 471 701 257 501 365 514 148 743 766 824 188 638 813 90 908 683 273 786 629 500 265 898 548 809 573 539 823 140 66 732 566 608 959 471 59 298 188 
623 351 581 287 956 70 582 99 257 217 566 418 402 698 566 341 789 578 578 34 49 303 318 634 637 849 472 271 492 1 477 444 94 963 391 797 924 632 527 250 211 123 774 85 870 825 868 701 383 124 85 371 393 120 379 969 101 309 641 181 13 527 189 665 861 523 995 539 569 16 321 272 46 898 322 426 171 911 736 236 208 260 636 589 666 519 184 739 913 187 848 659 337 671 135 293 760 713 391 690 448 756 921 346 436 840 255 965 775 289 990 602 314 957 25 574 650 881 318 26 795 122 424 977 663 810 9 775 755 884 132 295 91 757 631 956 580 292 885 813 856 529 866 254 755 660 657 916 493 872 742 995 443 845 432 364 927 678 112 993 459 74 359 595 736 312 576 583 789 79 707 195 545 212 361 115 661 524 945 896 641 188 462 608 10 70 531 691 550 711 714 685 215 868 390 380 309 418 875 34 94 601 931 41 524 627 249 401 746 43 882 891 734 88 206 623 261 488 149 777 654 447 782 771 264 814 791 551 228 98 374 861 151 537 262 236 763 230 394 303 344 20 404 986 184 59 893 916 236 837 386 916 581 548 925 155 342 795 949 97 541 299 438 30 928 27 362 812 810 151 176 526 822 470 769 722 391 839 26 350 665 986 850 889 794 616 520 696 116 536 578 886 89 141 69 851 14 352 598 949 588 287 313 714 338 865 934 684 665 261 308 804 570 3 136 252 93 569 749 416 186 378 922 496 551 524 297 431 945 698 886 760 51 970 157 394 753 795 500 214 216 795 708 573 625 456 439 190 230 950 314 204 527 260 10 376 659 518 741 565 387 829 962 439 746 395 978 184 125 785 695 704 699 19 59 361 847 185 334 93 974 981 787 345 545 34 540 471 222 629 602 926 642 147 265 105 659 558 55 195 819 277 130 345 802 253 423 462 684 48 109 492 958 693 83 478 793 277 93 673 903 530 388 846 908 494 595 306 647 577 982 533 698 509 997 508 846 941 305 917 290 208 452 158 20 298 63 397 465 920 19 914 969 726 914 832 0 692 66 961 122 400 95 904 838 257 812 646 470 965 508 288 364 145 14 37 22 386 613 863 773 829 288 935 580 387 210 306 783 934 789 677 469 590 906 409 963 463 281 426 
55 946 150 125 47 361 1 159 537 528 599 115 212 770 379 41 426 266 953 294 248 170 476 37 10 784 387 956 963 896 573 820 477 117 826 529 224 935 114 852 233 801 204 401 233 551 855 181 713 351 239 44 619 79 99 458 178 295 11 713 262 147 537 914 402 628 479 700 749 580 231 878 540 67 456 375 432 47 560 341 701 407 119 453 530 641 759 973 876 681 552 241 470 528 126 914 625 129 269 989 264 274 758 240 406 768 574 245 800 94 128 96 280 465 584 188 948 370 958 469 143 238 634 705 830 707 70 538 337 590 43 99 475 72 861 876 64 300 985 885 727 526 177 169 120 83 550 878 745 129 144 233 393 414 413 853 902 947 467 522 86 203 27 969 673 678 664 960 596 978 814 912 90 128 836 278 745 137 619 28 582 386 193 552 182 246 219 864 956 395 739 94 486 648 18 825 17 851 262 51 774 952 688 324 331 451 253 935 864 233 32 908 840 423 84 912 747 981 27 436 230 216 976 487 874 106 679 1000 10 584 485 314 50 888 290 301 80 919 870 25 653 70 673 940 906 241 20 458 752 147 419 375 12 175 614 970 752 481 326 803 930 577 366 399 859 103 239 586 372 661 776 100 579 957 152 309 535 660 834 468 278 881 728 789 518 456 711 188 379 15 420 593 452 13 548 217 847 712 577 771 989 295 123 797 136 411 280 716 45 777 18 652 935 569 170 24 486 48 499 306 441 229 376 75 580 734 654 17 280 423 710 907 749 923 725 785 853 75 761 831 101 420 465 507 505 999 323 442 839 890 795 437 296 457 863 715 395 739 807 297 824 715 113 198 21 225 878 543 413 566 755 236 978 193 698 890 709 586 64 814 413 985 332 568 250 147 339 481 735 990 958 880 743 934 790 575 427 88 113 589 508 408 624 701 49 595 30 604 709 530 367 300 116 190 239 562 437 916 71 84 579 702 245 232 293 692 407 994 854 53 462 143 173 406 834 482 369 901 71 371 175 785 597 296 135 717 219 590 266 17 869 35 568 204 648 888 410 653 839 0 65 785 636 560 128 24 420 387 109 656 609 121 92 27 369 690 517 373 483 19 489 364 432 743 223 615 692 941 323 416 500 509 889 491 926 257 189 839 778 73 
6 492 1000 852 570 964 70 616 337 581 499 750 42 392 227 743 612 611 932 491 866 631 771 638 670 940 120 497 588 650 164 641 829 605 389 931 327 564 865 375 892 454 625 622 24 825 365 891 9 898 171 587 415 192 59 323 824 697 670 136 610 904 85 437 351 973 506 585 775 281 987 432 510 75 0 34 731 825 974 225 337 171 868 299 870 620 215 61 828 888 359 429 292 811 272 807 570 394 544 125 61 916 872 955 82 754 423 708 334 19 930 765 315 890 972 463 656 81 281 955 102 116 513 276 916 2 268 946 464 216 556 759 348 714 245 544 52 365 231 726 965 447 982 283 794 874 146 505 632 599 314 998 581 263 640 727 151 162 0 618 124 396 472 178 939 26 363 449 580 145 826 326 876 667 509 259 897 660 288 661 664 875 30 198 211 402 286 246 431 876 792 718 682 268 627 97 8 950 81 411 756 607 326 777 310 698 309 196 278 474 705 605 698 41 334 62 861 92 488 253 864 697 322 328 865 840 825 251 419 49 990 874 173 583 323 832 199 1 520 514 660 38 277 811 853 257 369 942 849 663 913 756 743 856 486 877 602 449 693 513 619 6 735 335 192 717 702 467 549 5 325 87 605 858 153 303 141 483 558 728 998 415 337 756 582 838 851 436 51 47 535 475 869 802 306 677 345 870 391 79 795 647 3 725 642 589 615 434 876 772 906 423 697 908 953 859 468 453 829 536 841 754 344 502 993 93 886 555 79 758 903 167 346 186 782 569 569 688 943 66 137 47 51 733 947 288 933 430 525 201 396 224 705 129 660 386 56 394 329 437 512 315 304 444 821 521 890 428 217 422 822 535 344 881 711 976 924 999 6 983 356 966 731 146 517 887 890 333 31 8 23 813 468 784 407 646 219 999 971 190 476 182 731 600 328 25 194 676 931 410 720 475 291 347 195 437 961 817 205 254 976 583 438 448 506 866 757 453 977 166 613 691 989 148 873 487 310 657 946 635 500 327 440 755 169 192 183 955 919 521 57 530 261 447 245 358 130 664 436 415 527 847 627 737 785 226 566 236 405 920 503 570 373 354 240 684 0 814 581 873 391 739 348 38 964 157 154 48 90 734 182 515 96 521 352 790 143 834 389 669 
961 337 576 627 85 595 131 750 662 391 118 721 983 718 229 589 833 56 588 750 749 916 973 194 776 876 293 361 595 485 271 855 298 528 536 720 753 704 503 371 624 166 113 609 772 533 818 194 240 646 118 160 241 240 618 597 431 243 117 36 704 48 820 213 735 639 138 583 233 348 432 600 259 357 706 200 162 927 365 573 678 683 632 820 357 103 301 341 410 326 495 179 922 939 540 643 216 759 521 932 936 425 885 801 639 941 825 815 937 129 82 491 39 922 313 27 176 121 191 411 413 195 700 527 893 963 514 816 11 331 828 473 904 69 80 406 581 731 967 393 984 910 183 661 834 265 887 617 37 398 445 87 724 889 894 961 741 587 728 372 643 368 198 928 940 597 832 801 956 465 165 448 524 637 310 364 908 732 351 618 277 57 741 281 160 98 606 882 149 534 664 370 536 340 431 267 752 446 168 343 73 210 709 155 927 636 683 601 921 753 77 472 817 593 760 612 728 19 86 335 333 90 546 708 800 521 835 653 316 138 483 189 93 16 741 288 257 497 137 293 393 315 879 268 175 165 700 124 543 809 130 600 827 160 567 303 295 379 656 809 486 297 505 655 497 739 556 913 457 810 58 798 522 679 101 549 140 167 13 825 278 474 988 12 342 244 820 109 406 996 413 953 567 142 893 759 376 140 942 690 776 571 975 477 548 808 454 975 913 489 135 583 365 724 724 14 432 65 394 504 814 492 731 489 73 794 389 533 837 527 635 531 561 376 85 659 227 529 743 239 501 276 687 852 534 813 402 139 290 481 869 302 467 547 39 481 702 743 387 837 552 85 981 178 128 753 921 32 494 769 385 963 437 717 468 814 674 495 24 701 74 434 392 215 206 58 23 412 769 650 765 978 967 532 557 359 161 957 310 17 76 59 725 152 564 979 511 679 170 159 617 358 14 279 42 689 380 649 175 300 109 663 823 749 341 869 895 418 228 408 44 14 765 350 274 430 481 292 532 521 75 471 573 329 44 726 660 230 903 813 438 783 325 58 861 276 591 227 479 555 414 468 38 686 772 104 754 721 699 150 833 161 914 721 576 555 523 289 379 353 200 595 185 676 181 254 720 883 924 772 95 262 349 931 574 506 59 47 606 261 
413 47 50 202 811 398 414 469 216 703 967 52 206 187 536 206 435 985 71 802 736 801 360 815 365 344 890 32 747 413 290 47 84 376 906 145 365 112 213 289 205 766 293 379 359 644 280 104 806 579 455 817 989 450 905 597 405 933 508 728 511 760 231 958 809 76 166 415 162 133 695 941 789 498 515 308 635 121 24 312 425 303 39 828 16 968 389 17 278 125 945 249 992 345 780 178 96 167 182 608 624 500 402 722 62 976 911 668 35 426 783 568 889 773 76 843 468 69 124 609 309 802 241 211 498 201 476 580 397 300 721 230 403 189 54 162 381 997 984 396 335 435 100 784 744 991 134 875 435 443 183 443 898 629 996 923 29 90 164 648 848 607 144 295 552 18 18 218 76 174 797 414 32 488 615 703 651 698 710 400 543 254 10 93 702 881 790 584 808 859 495 418 321 895 164 894 241 709 665 180 523 159 642 546 563 377 331 549 69 955 975 930 762 589 175 451 377 732 638 564 459 92 995 759 917 907 60 381 818 860 481 425 557 791 985 897 551 824 919 579 797 289 448 154 399 607 683 435 787 867 98 570 165 259 844 219 825 590 260 897 295 44 575 944 156 464 579 548 123 472 705 731 915 989 223 115 145 291 237 65 530 431 636 946 808 529 876 551 610 677 8 94 708 46 832 869 230 953 675 472 306 763 372 298 142 157 636 230 597 785 302 843 706 904 484 698 39 758 836 274 629 421 219 299 437 579 828 823 513 608 204 203 257 810 273 162 87 308 20 133 668 518 37 990 720 701 811 677 367 449 732 517 158 838 95 992 820 951 336 462 432 497 865 112 850 392 353 3 974 31 609 587 956 681 166 387 609 437 67 850 902 958 804 993 262 387 789 455 107 132 930 853 833 708 315 283 186 406 979 904 945 355 817 779 956 859 190 872 828 567 223 205 908 696 61 985 525 577 525 489 730 718 145 793 529 833 294 581 705 523 475 838 180 18 791 179 676 214 597 624 527 217 30 305 417 292 665 375 812 642 332 386 937 582 672 175 144 97 286 519 242 136 911 153 734 881 513 733 785 525 484 257 687 214 281 83 670 428 419 479 932 146 36 896 464 118 62 904 483 360 190 189 903 647 661 457 414 822 1 851 
164 949 500 968 967 212 365 554 348 471 886 217 372 976 240 863 927 454 599 54 86 659 227 209 366 292 14 204 84 493 250 322 125 544 745 850 364 995 700 58 112 30 464 983 627 182 934 7 761 978 888 79 752 866 59 793 264 818 573 338 746 823 635 92 762 693 740 753 731 351 508 816 338 412 803 426 662 67 275 617 152 817 668 994 270 250 432 773 996 490 494 202 224 104 371 850 313 161 861 232 597 311 915 354 346 43 859 462 945 48 141 224 998 812 669 769 178 316 91 51 998 463 158 9 787 582 354 235 740 367 435 575 875 271 867 674 248 371 296 23 827 650 775 366 773 488 190 150 968 656 893 827 924 154 909 695 16 440 122 786 323 874 970 850 121 853 148 933 902 789 272 87 358 566 526 827 117 276 949 780 705 327 86 390 772 58 450 524 17 647 560 256 563 212 667 405 553 186 639 76 538 594 137 131 474 463 155 152 400 390 395 560 873 301 502 144 820 416 206 114 937 313 472 138 830 875 545 539 100 424 833 554 254 121 233 457 24 980 190 840 482 846 758 530 886 573 784 420 525 503 258 568 681 855 23 929 645 599 299 628 184 53 948 983 630 203 705 41 560 36 466 829 534 882 828 517 548 468 38 529 219 339 748 618 850 747 572 484 115 807 564 178 123 165 179 4 492 243 568 21 564 402 602 384 695 599 718 453 533 500 509 389 4 170 91 338 23 366 169 866 428 934 33 347 355 310 372 448 586 466 303 227 165 516 179 524 117 317 78 893 723 784 224 844 536 970 12 309 731 751 946 249 565 647 546 83 352 871 195 104 234 255 353 145 549 790 459 701 802 528 920 708 549 535 586 87 874 124 805 534 1 623 928 701 802 856 801 804 927 671 858 671 73 455 778 921 427 443 69 222 463 940 10 684 909 531 900 675 218 804 914 391 382 318 83 843 487 867 209 196 390 833 738 813 760 77 220 707 580 856 316 361 409 502 4 331 32 763 621 271 271 710 859 475 760 512 399 406 344 56 382 323 333 963 550 512 494 840 979 727 323 521 666 209 896 233 515 1000 585 41 760 661 69 49 401 191 176 987 155 634 851 432 882 139 347 655 545 523 81 343 294 458 623 295 688 190 397 115 634 14 
314 583 661 544 898 385 112 108 337 782 52 483 520 806 635 451 284 349 420 549 751 769 25 591 361 894 21 522 202 607 49 155 359 734 748 821 217 837 745 489 935 339 946 595 157 759 481 550 884 676 606 494 960 373 897 959 483 623 636 559 811 557 157 775 569 767 154 170 736 409 78 461 919 16 986 632 515 926 832 66 357 516 228 1 474 86 512 519 586 147 832 157 531 88 812 612 136 923 471 412 477 677 966 479 515 91 79 84 173 955 446 827 268 972 237 19 889 861 289 296 930 574 487 496 200 778 808 600 352 607 72 343 819 244 315 286 382 363 558 441 495 961 396 19 707 116 572 698 278 225 662 450 982 492 790 982 16 904 448 663 711 965 279 234 538 546 269 360 854 194 594 727 875 997 450 866 303 173 381 308 592 243 719 76 320 241 367 901 814 303 963 345 388 173 833 358 987 679 152 544 476 608 553 613 505 225 61 410 109 519 500 661 472 666 678 240 657 671 640 553 668 155 543 208 325 39 323 316 441 727 564 682 16 992 886 471 226 631 676 847 820 78 861 573 471 993 657 548 583 138 587 678 20 757 700 682 133 696 501 758 329 746 22 20 955 268 391 896 891 384 510 645 358 765 160 437 678 522 117 374 543 369 450 954 2 330 50 455 948 538 921 474 37 54 314 164 653 894 294 981 735 251 689 263 519 761 916 53 192 224 696 940 385 868 918 999 770 275 951 984 487 507 437 482 824 57 880 428 751 700 706 251 258 8 121 427 729 617 102 863 98 15 210 599 387 96 779 783 360 417 546 418 989 555 270 888 566 612 306 808 276 272 817 607 750 571 606 334 917 107 824 220 689 490 174 739 903 539 31 831 553 215 277 383 667 262 384 578 174 325 745 216 523 809 349 118 363 372 247 250 945 332 595 208 430 486 68 216 627 109 312 957 698 299 841 291 565 394 194 307 666 1 988 830 318 164 771 574 129 599 323 619 852 412 995 159 391 728 847 330 62 820 552 838 177 696 114 934 487 324 143 414 598 420 130 550 821 427 880 857 327 228 618 828 953 84 587 45 34 76 753 396 515 54 11 379 806 563 123 382 805 563 497 302 752 137 349 763 590 292 666 826 868 717 887 725 727 116 690 668 
126732 123610 126585 116617 132367 121873 123544 132022 122474 120510 129438 126341 128921 120804 131647 126656 127121 125300 125792 125143 122913 120552 122643 127010 119505 128315 123325 124821 122432 125590 
