500 30 30
323 662 425 739 468 304 564 474 348 491 599 656 668 328 581 595 391 329 92 632 630 658 377 746 526 585 660 667 575 365 458 359 630 529 189 389 360 499 590 747 429 277 327 604 433 650 409 508 508 359 489 360 401 731 447 251 772 578 542 377 575 370 607 356 337 744 613 356 576 622 495 615 508 611 521 390 514 445 588 485 791 741 274 542 505 296 539 483 272 456 711 453 614 554 437 320 521 604 457 260 458 705 431 653 595 316 353 695 434 211 489 539 691 339 492 506 464 764 411 313 514 749 467 632 354 531 330 550 331 210 367 597 315 771 870 415 462 425 290 345 533 443 406 782 678 670 681 637 375 699 725 741 542 383 742 470 501 558 148 375 342 582 446 371 507 683 421 570 520 505 535 479 803 396 406 446 493 371 655 700 232 791 699 768 688 593 418 564 340 274 795 401 358 531 436 721 574 609 744 743 401 464 320 449 566 238 555 671 490 497 259 551 326 844 375 617 496 537 481 679 325 386 786 732 266 323 497 529 702 422 278 635 730 344 552 422 451 434 569 513 227 680 354 755 633 515 501 280 422 534 609 395 224 445 497 594 556 645 507 358 566 628 356 647 545 581 550 650 839 782 197 486 553 272 853 700 466 515 645 564 466 369 698 419 613 583 540 691 524 300 797 687 486 757 494 500 791 725 585 304 400 114 656 594 835 289 513 371 744 480 783 539 282 419 442 713 747 414 453 626 547 506 674 730 617 662 487 758 239 709 461 337 457 615 570 616 219 584 365 751 702 454 462 189 397 324 795 810 268 464 310 850 585 200 625 197 607 775 614 240 377 249 196 445 300 493 328 428 657 326 599 161 280 307 516 558 664 695 458 515 355 500 260 368 511 511 785 319 745 408 616 635 529 368 233 745 590 404 632 717 427 280 610 573 452 627 825 557 465 253 252 431 166 558 493 188 513 784 329 434 215 651 603 152 513 734 428 598 697 698 588 323 492 928 536 572 605 400 619 123 628 263 344 375 423 337 253 519 360 537 482 645 676 741 246 387 624 510 579 614 338 569 721 408 260 638 438 598 590 491 288 453 488 807 311 286 250 668 686 534 150 695 551 351 614 253 469 761 523 571 567 979 563 429 575 480 567 286 482 746 
782 244 214 55 38 941 778 689 304 52 883 713 241 400 16 117 914 110 329 737 21 605 140 463 377 275 995 357 261 502 255 433 926 473 402 533 744 540 95 114 654 291 531 237 770 298 481 124 515 453 782 624 985 298 953 816 754 835 936 257 810 812 346 71 21 601 848 410 4 189 162 169 768 562 595 639 434 388 788 72 246 963 602 266 291 260 142 796 707 111 896 687 755 287 163 358 441 131 583 127 161 199 569 479 558 545 674 295 400 364 922 425 595 536 299 248 201 772 893 442 572 792 108 551 102 436 436 399 484 888 368 717 399 890 325 108 321 705 634 173 910 789 747 319 434 850 882 515 821 353 732 612 910 581 300 113 557 709 163 432 134 175 691 34 742 447 550 865 575 522 64 297 972 461 238 401 627 371 390 369 557 619 372 65 199 38 232 461 502 186 65 210 365 616 607 831 982 453 475 764 298 794 591 355 504 44 557 297 727 883 824 475 659 659 869 72 377 436 391 579 323 114 205 229 307 620 365 916 288 660 749 566 385 340 101 91 660 371 437 837 204 417 216 321 143 424 158 651 67 903 763 507 12 445 528 425 542 146 781 225 363 293 131 7 956 525 211 609 734 673 265 367 988 862 630 523 167 803 592 488 117 46 129 413 95 228 626 14 344 939 630 286 982 672 263 31 283 271 336 141 792 422 607 901 998 49 857 289 892 851 866 553 296 793 772 824 710 214 971 116 977 758 721 755 996 52 199 94 398 746 854 510 970 883 72 737 770 666 954 419 623 25 94 20 58 857 698 94 759 92 378 899 319 916 126 576 858 857 339 859 718 205 939 598 778 864 988 609 833 954 240 841 663 716 498 274 317 501 948 701 292 181 384 970 11 276 412 125 793 448 965 432 882 152 495 947 729 732 258 230 169 864 533 539 924 484 950 444 208 5 593 183 124 202 565 147 382 254 412 65 98 280 539 964 218 412 692 927 944 559 203 592 916 973 911 392 622 754 204 400 251 203 898 738 144 346 680 525 911 747 686 190 444 818 101 278 510 56 728 496 614 122 255 591 201 336 718 874 814 654 122 455 958 708 927 392 78 133 602 871 70 506 362 651 271 853 109 944 230 13 531 976 235 524 493 403 72 98 564 48 
626 479 217 665 530 690 776 759 192 92 619 699 251 764 759 423 91 881 129 504 539 922 295 813 143 110 878 644 266 882 551 569 724 693 880 62 85 332 500 48 893 847 362 799 303 608 766 612 257 335 378 480 52 280 474 512 211 87 482 674 973 632 512 223 611 392 920 422 737 371 188 364 821 725 880 101 760 839 463 912 191 511 719 134 841 830 556 473 686 135 24 829 843 613 846 616 631 842 721 960 749 862 191 865 992 918 797 811 616 112 265 381 623 408 593 403 130 868 223 384 815 31 641 189 211 336 682 717 665 8 315 638 609 574 591 840 727 858 688 114 550 100 781 897 120 426 392 40 135 475 489 366 224 255 277 274 101 866 412 623 199 492 917 159 726 898 497 401 416 75 474 402 931 490 650 469 786 366 852 163 761 514 563 824 841 685 827 347 225 282 155 252 491 62 552 434 730 707 520 324 757 30 955 811 581 522 546 465 101 963 820 477 62 170 684 65 664 372 301 418 520 753 65 885 172 652 427 353 407 424 298 905 53 125 347 685 782 757 331 309 314 353 97 590 856 642 126 448 999 297 48 933 841 694 323 394 178 601 864 547 532 793 969 335 144 392 209 880 732 2 205 321 512 609 58 854 110 147 654 229 988 79 375 854 499 73 844 243 982 947 828 87 569 807 394 400 942 797 518 924 321 618 330 413 855 435 961 365 249 220 767 256 81 499 160 347 497 643 34 792 662 826 634 790 135 777 240 11 200 711 593 625 196 284 360 321 575 470 476 659 383 950 223 432 566 511 700 790 288 476 334 225 604 614 544 753 604 32 129 135 741 667 939 231 622 161 520 445 976 986 387 551 850 440 351 327 801 771 403 837 17 122 448 550 263 552 631 438 738 451 22 638 925 372 636 734 853 728 993 705 667 496 896 299 136 810 903 332 915 261 324 585 517 992 807 438 935 816 151 894 288 931 302 439 720 463 180 334 67 17 228 685 326 839 9 134 723 269 198 430 949 208 400 338 843 971 876 851 220 981 472 73 158 223 154 585 398 678 946 742 663 845 937 792 243 560 454 263 243 40 517 966 406 234 678 680 971 270 383 644 22 559 841 207 12 23 26 485 304 225 959 880 961 44 328 796 473 370 769 640 
550 132 708 645 470 595 856 867 797 646 15 496 86 927 154 432 899 884 94 140 852 247 587 106 737 764 640 824 680 381 440 192 422 336 578 529 789 483 44 667 745 109 797 217 227 700 421 700 321 142 333 140 764 216 613 830 456 176 842 59 833 874 532 54 625 765 200 739 924 259 931 56 88 987 177 205 565 591 64 867 8 380 912 438 367 845 934 130 36 229 701 119 970 65 524 107 313 778 910 59 434 451 620 522 856 390 170 918 60 247 852 301 607 270 334 346 758 245 94 831 855 429 947 906 437 33 9 440 629 823 75 330 254 218 328 457 771 217 289 242 745 21 968 346 455 500 297 1000 407 161 749 734 440 600 338 685 953 562 227 883 406 829 25 982 858 424 687 69 472 146 6 122 186 360 941 322 878 776 63 664 324 272 970 613 311 45 898 80 238 605 66 245 394 811 117 112 22 334 672 469 56 177 897 95 561 416 715 988 590 887 88 962 587 658 941 989 909 388 148 844 621 513 989 542 803 802 746 103 664 843 444 515 305 558 193 823 117 278 114 386 61 643 398 342 118 872 728 54 128 38 872 783 268 270 645 766 64 385 30 237 170 320 971 341 229 90 695 563 870 129 841 762 381 868 975 844 373 794 273 48 554 954 350 66 349 101 562 189 529 161 586 849 602 764 173 989 523 125 698 163 980 858 481 574 397 472 835 172 414 775 169 651 458 881 126 757 943 326 379 755 470 49 830 171 258 576 313 241 35 798 995 831 608 56 962 20 878 850 28 549 843 799 888 519 336 578 7 208 362 200 617 616 920 218 137 258 809 91 304 162 605 261 410 367 56 412 931 45 814 247 560 865 866 787 781 516 837 358 65 435 62 915 212 972 293 690 684 528 232 813 937 953 762 755 727 698 862 549 845 266 583 394 704 831 229 826 313 785 367 852 102 741 268 296 211 462 231 436 374 756 805 647 886 628 952 999 65 346 473 259 808 809 320 568 531 518 515 404 363 144 952 172 716 96 810 334 775 168 61 814 145 309 882 433 469 876 617 570 969 886 338 271 339 315 313 139 74 592 613 410 693 920 375 287 236 523 58 958 480 449 567 896 659 148 422 873 118 361 580 755 783 326 743 713 71 328 306 187 165 843 
17 436 405 648 572 645 485 405 219 495 13 640 222 75 380 362 921 377 147 259 425 699 114 961 586 576 980 672 268 647 596 352 993 705 787 610 703 244 857 488 574 673 711 751 184 526 734 861 947 289 514 954 352 793 835 449 530 860 993 611 317 703 726 631 644 609 241 292 616 175 165 874 473 925 790 836 839 977 175 918 141 816 827 38 858 981 10 572 847 893 384 689 799 860 340 249 682 709 509 927 848 3 564 261 574 315 577 856 954 173 424 934 981 103 40 615 54 760 806 708 345 477 302 354 745 101 325 132 819 732 288 188 390 850 396 935 603 306 50 820 825 178 464 363 253 693 751 229 508 409 585 823 672 41 550 334 876 35 763 801 143 575 617 25 154 388 806 314 898 66 598 174 364 303 240 790 44 602 977 935 780 457 968 246 549 187 806 564 366 981 996 904 815 533 417 831 276 840 202 868 563 164 192 807 244 412 264 159 283 407 541 231 582 287 382 897 535 451 631 958 313 115 168 145 762 839 256 974 581 446 951 966 540 567 446 423 287 690 775 238 736 459 988 356 83 532 441 56 958 767 697 170 803 326 385 892 288 356 813 566 579 231 222 568 614 411 393 630 775 336 279 922 709 439 438 61 369 375 330 596 754 474 91 66 846 126 781 569 465 884 186 695 240 538 447 226 874 769 409 780 443 103 773 701 344 730 891 4 58 17 960 515 163 74 782 484 370 506 988 959 509 392 580 425 987 192 17 84 711 345 517 201 484 222 524 654 91 653 530 119 845 977 509 870 33 7 849 242 293 778 904 440 637 479 318 28 628 640 893 414 357 778 390 733 240 317 826 221 469 623 116 551 722 791 415 612 213 881 22 898 688 503 687 283 904 218 902 752 499 43 227 80 116 876 812 888 281 957 936 201 839 528 824 189 66 316 846 287 694 169 139 221 620 328 994 47 206 544 181 125 321 648 739 770 365 80 678 922 630 798 910 988 863 657 712 127 475 423 540 494 236 47 456 956 304 918 512 958 743 562 883 810 805 952 876 67 783 533 837 834 231 279 299 564 279 697 946 438 471 769 655 265 207 858 343 589 412 720 890 526 787 79 151 289 815 537 583 613 889 12 945 602 252 624 384 275 894 273 342 170 
565 793 687 919 512 346 46 585 840 966 344 928 451 767 474 713 439 6 603 711 510 460 73 408 13 610 13 591 356 640 598 347 653 255 862 138 893 424 462 848 637 977 282 397 613 235 988 977 453 973 409 952 771 293 942 182 595 260 761 41 81 759 56 505 624 932 898 496 400 171 366 562 842 784 679 523 531 258 244 186 553 606 969 290 177 488 384 290 692 686 165 281 630 221 940 620 284 152 779 859 456 68 879 351 878 276 240 795 996 781 371 725 196 161 283 339 769 29 879 382 762 17 97 560 793 322 52 644 899 258 755 985 718 762 73 582 931 356 164 221 408 148 913 880 221 608 846 237 890 763 250 312 181 165 388 484 276 455 678 505 188 914 336 460 216 70 364 65 105 177 453 241 936 637 293 220 924 232 419 782 724 706 738 377 779 593 904 254 782 484 379 874 559 801 531 762 55 743 279 655 422 514 833 583 355 394 48 522 825 411 26 831 527 811 230 153 309 317 234 198 624 672 434 633 572 382 843 660 876 165 763 112 132 856 528 639 512 35 898 536 596 464 186 600 859 661 727 656 980 834 773 700 416 451 700 173 316 442 577 818 694 889 407 707 169 10 796 321 793 575 139 223 902 336 916 201 889 544 341 646 223 263 639 271 616 654 449 325 262 780 997 260 293 634 612 690 927 568 387 741 190 662 482 823 326 451 264 34 319 381 600 859 390 437 449 785 446 512 65 899 337 980 399 66 298 57 498 283 486 443 317 763 229 649 752 248 140 319 773 163 927 260 911 239 753 275 619 705 44 961 579 213 696 947 574 444 635 213 529 687 612 26 868 451 815 519 652 922 840 703 20 940 560 204 27 242 345 713 292 87 9 338 904 260 872 65 115 962 842 791 280 311 995 798 46 620 853 193 72 708 74 680 773 845 907 869 652 764 580 240 109 346 854 147 831 545 930 340 806 780 758 182 512 305 849 254 660 520 622 758 474 984 483 348 903 254 958 616 65 445 100 128 509 260 857 755 266 314 551 495 230 418 759 178 561 566 240 443 245 221 170 935 970 101 857 355 940 63 779 668 427 900 1000 663 894 195 372 770 294 24 174 567 468 220 597 740 946 430 991 428 602 621 922 147 553 850 982 132 745 599 
505 954 82 723 528 992 462 881 590 665 350 571 391 382 95 425 793 764 533 209 847 594 795 510 604 450 863 537 25 895 913 712 576 801 717 481 693 968 909 868 7 615 976 131 250 84 489 331 241 241 831 495 6 107 384 505 482 69 188 672 683 413 298 681 40 705 901 717 117 770 661 837 727 893 670 88 255 296 752 360 839 403 3 552 358 386 960 583 659 932 624 513 266 237 485 73 713 563 850 952 954 123 172 828 855 10 501 34 599 730 717 530 626 346 551 388 246 933 76 310 847 830 986 522 80 704 626 353 788 207 660 451 739 541 163 706 637 110 424 73 928 883 15 983 178 104 164 755 166 268 619 383 526 491 434 909 348 701 64 810 760 868 306 148 232 552 617 461 91 738 573 517 812 499 543 152 608 874 873 845 142 464 903 322 16 811 10 88 518 132 944 90 893 946 413 28 881 3 247 910 840 606 660 885 275 408 925 902 170 258 591 594 46 608 38 239 478 88 400 452 190 454 905 202 363 10 948 748 823 758 797 997 276 128 583 211 795 693 48 383 122 792 646 681 279 876 400 910 839 783 637 905 724 675 85 979 578 27 64 474 417 234 738 490 936 587 812 734 309 287 834 876 95 874 478 996 160 157 863 631 403 530 936 23 97 585 418 147 323 133 489 583 175 630 344 284 354 196 4 669 906 72 160 21 257 147 406 169 161 195 561 594 10 128 626 662 44 995 801 259 453 401 135 427 833 930 381 869 676 573 158 442 897 784 477 50 848 577 631 506 746 516 358 118 340 546 915 886 453 262 393 459 591 303 257 102 815 672 345 324 885 38 460 755 818 942 191 787 949 140 1 125 67 131 920 45 146 152 891 199 204 301 387 19 740 710 296 143 1 173 533 89 965 774 900 753 589 82 743 416 711 372 11 51 733 902 637 646 715 712 289 617 329 37 471 266 433 662 268 368 192 539 201 963 45 902 190 789 355 293 837 481 53 586 966 53 502 941 702 16 943 469 190 900 317 488 828 962 47 136 836 32 643 657 405 340 19 708 83 725 714 446 136 350 42 654 658 641 128 680 498 77 30 756 626 247 878 382 675 618 31 739 81 599 602 736 696 970 161 419 51 634 724 966 873 518 507 687 918 304 
50 568 210 643 16 615 668 604 110 534 724 946 136 552 659 812 165 232 123 431 742 353 374 332 824 524 776 843 121 661 531 970 861 837 286 588 478 486 877 121 868 312 183 177 186 982 177 89 724 151 766 425 410 302 283 843 982 649 532 4 629 257 857 847 143 38 670 446 830 744 853 232 929 101 523 441 845 909 821 892 288 823 432 249 117 458 587 167 551 116 630 40 846 18 439 815 170 739 801 274 794 629 147 503 755 300 249 456 314 382 420 823 856 56 194 328 120 182 510 48 337 485 822 353 892 729 167 34 133 293 384 560 465 854 888 88 500 398 824 304 167 849 457 528 884 513 388 140 513 234 388 438 374 101 587 701 727 269 574 104 216 603 154 848 939 762 388 505 538 130 282 887 982 389 522 96 212 339 150 294 466 541 204 265 845 395 206 901 615 687 847 369 987 358 577 275 153 634 302 859 936 320 613 6 942 554 856 592 440 996 271 990 450 967 822 736 694 280 919 666 661 502 512 380 774 29 379 871 649 613 167 622 907 505 305 750 71 529 578 358 321 503 415 788 9 9 988 429 481 987 998 66 504 330 282 435 290 409 552 724 741 547 703 851 428 845 184 869 698 665 690 875 829 122 672 608 528 98 324 270 759 301 210 230 392 492 445 36 238 537 354 52 348 221 974 736 396 747 496 940 685 714 838 439 862 205 928 194 461 835 103 557 534 485 356 414 645 475 472 201 242 5 767 662 694 51 155 750 625 635 289 131 506 365 246 250 539 584 568 185 34 683 708 632 968 427 731 234 351 632 180 384 150 958 575 490 76 852 607 805 925 254 109 738 936 474 859 20 132 948 472 511 846 347 405 281 212 496 361 898 975 786 800 787 194 555 292 760 860 376 33 92 488 899 994 649 359 296 429 205 674 697 551 995 569 394 639 30 570 844 835 974 515 162 910 352 135 277 460 359 720 544 786 245 264 882 785 576 927 487 124 468 348 854 214 820 644 328 901 384 339 942 940 86 581 383 268 928 115 619 584 1 703 443 98 103 358 532 49 127 633 640 759 915 25 923 132 228 885 286 397 824 966 814 26 521 548 473 210 948 736 862 735 524 89 793 81 18 99 33 83 733 539 282 263 929 35 729 707 121 
646 107 680 36 354 965 406 161 169 161 258 978 53 837 714 58 302 251 262 549 966 280 751 420 783 38 676 101 162 343 137 693 350 32 950 453 633 986 424 173 962 807 274 99 347 928 817 161 71 409 978 2 199 25 644 339 340 3 222 1 876 926 118 262 29 700 750 483 82 485 687 924 825 705 771 903 512 536 140 450 659 722 285 119 422 501 852 233 954 441 700 171 338 653 76 277 483 688 809 510 974 391 300 304 652 322 140 118 974 845 970 134 938 350 46 694 252 795 725 208 746 481 95 133 165 717 465 11 121 203 967 894 963 880 95 327 485 983 190 56 308 357 164 547 852 854 310 653 455 476 415 190 602 955 734 381 428 165 774 326 653 926 175 203 235 447 240 139 132 491 537 164 546 595 305 618 881 961 237 205 25 663 267 236 556 94 362 388 119 757 450 215 865 632 571 284 589 604 326 706 239 275 517 172 408 860 243 867 345 568 635 535 409 796 425 995 871 298 835 603 687 342 742 494 612 801 864 891 817 184 513 821 528 705 273 247 70 778 856 942 637 970 655 801 208 564 761 473 187 136 889 216 266 552 858 339 822 82 417 823 631 266 923 709 21 549 134 605 629 989 216 83 988 864 865 604 12 975 714 503 449 575 139 628 450 33 574 54 728 522 4 783 200 482 474 112 352 741 539 829 940 148 501 586 398 417 715 824 567 52 149 45 439 519 618 447 286 988 857 535 168 802 514 757 915 554 815 671 688 388 41 321 475 999 541 179 243 661 299 781 607 139 498 419 479 273 701 561 742 398 244 733 752 841 178 703 552 911 626 386 38 223 376 919 930 535 736 877 435 797 290 539 22 61 920 769 496 541 182 530 242 569 230 498 463 656 949 23 647 75 82 545 944 689 624 208 993 836 520 826 727 960 312 138 923 265 609 599 186 962 427 426 666 53 112 37 821 966 819 859 120 581 856 868 560 391 512 213 969 460 747 761 406 687 564 58 879 679 250 773 389 112 524 529 815 953 146 381 419 891 732 868 883 286 883 130 341 571 881 468 152 521 842 9 368 913 431 826 840 248 30 515 946 664 603 94 712 925 156 156 919 952 975 611 769 61 133 469 583 637 987 718 296 987 492 564 581 279 640 644 
520 540 395 873 303 761 742 891 301 642 157 880 827 604 717 694 833 563 300 380 350 932 197 451 304 769 114 168 549 56 801 687 550 602 594 22 214 180 133 359 750 95 734 899 182 472 542 166 283 231 344 183 851 968 760 363 305 868 388 231 384 684 704 874 18 498 298 964 270 400 82 449 147 525 431 147 632 811 145 51 551 826 259 325 60 122 572 894 649 835 26 287 735 772 949 871 932 149 748 825 368 765 307 323 269 259 591 921 361 582 103 117 525 123 995 384 27 9 641 460 306 470 699 625 89 95 90 780 525 490 448 559 474 324 873 883 883 874 519 646 394 608 640 572 14 450 304 454 639 342 390 917 771 894 880 501 6 830 21 219 947 938 862 12 398 757 27 10 909 265 319 32 825 185 323 904 512 152 436 65 856 768 588 401 924 10 304 692 350 88 519 474 576 532 253 858 714 447 594 793 955 576 823 224 824 242 673 40 509 892 901 799 711 640 650 720 637 507 901 100 826 382 775 882 707 329 382 591 144 642 582 294 621 40 894 654 94 875 18 886 877 351 940 369 2 637 641 730 934 856 701 758 208 391 326 451 92 864 273 604 176 295 111 90 428 904 893 650 947 347 870 89 246 760 824 311 443 447 737 190 832 81 160 986 810 964 356 933 172 297 909 881 368 757 412 197 814 433 675 596 768 554 84 272 633 368 858 290 977 623 994 374 498 991 304 999 551 348 696 824 841 269 611 231 121 548 366 375 213 210 897 772 475 633 701 269 47 742 538 560 924 116 883 528 324 178 115 143 655 959 292 60 453 739 659 356 140 589 500 360 208 372 407 513 598 47 104 654 647 467 696 202 909 583 989 110 622 17 609 49 419 382 733 321 279 684 596 17 736 736 224 96 376 302 621 821 968 964 558 213 353 446 587 960 858 79 8 854 928 436 68 245 977 136 726 799 279 399 463 870 989 476 56 39 675 705 682 983 721 489 743 240 701 831 804 865 309 293 51 633 467 916 498 82 235 606 389 358 406 429 332 626 588 769 164 317 595 300 999 414 602 358 915 472 988 327 899 847 101 384 343 368 382 184 476 42 472 647 187 606 762 405 539 127 755 904 830 105 471 127 243 892 889 242 281 622 660 957 455 425 
842 144 988 953 40 56 1 427 272 980 1000 127 909 439 379 572 324 176 516 485 167 475 816 783 704 677 394 912 391 762 553 175 52 766 505 725 268 597 410 439 755 260 51 16 862 732 485 985 662 978 263 816 699 951 684 817 238 440 918 7 540 29 769 336 19 610 759 996 271 655 999 564 418 311 517 43 325 267 144 285 745 637 758 433 771 716 7 312 219 402 468 315 155 670 710 742 336 506 30 358 18 933 96 188 292 126 614 718 690 45 749 682 85 649 106 346 848 409 979 181 983 140 469 988 973 78 481 280 202 617 941 75 398 847 756 285 480 97 509 67 574 849 884 278 34 679 755 841 240 759 822 697 939 397 761 850 952 429 450 965 889 804 765 155 754 134 68 192 929 782 483 784 975 552 933 539 17 791 800 416 789 45 257 258 29 781 63 773 206 986 712 710 205 870 190 814 350 81 383 837 116 144 464 846 423 505 7 983 993 216 218 541 486 795 731 89 807 141 512 300 606 493 932 716 30 244 480 316 674 761 319 972 362 844 723 134 61 149 251 27 298 354 865 665 12 322 725 6 128 421 52 953 640 551 966 541 621 296 850 292 135 493 682 13 828 413 181 342 793 171 305 912 36 542 245 980 805 793 751 953 152 35 579 531 324 471 238 874 233 26 325 960 363 454 384 432 209 848 942 839 676 579 304 4 919 979 973 118 155 89 513 466 880 498 332 505 291 654 363 995 498 368 344 670 912 299 763 293 41 15 150 201 988 398 417 496 196 801 314 223 877 409 282 673 382 791 200 93 163 51 294 544 816 429 765 56 789 772 489 556 932 945 668 52 931 203 540 940 489 849 644 415 939 506 827 293 804 532 718 253 254 862 406 985 963 478 18 724 690 866 658 5 794 375 937 920 928 123 368 248 424 59 754 486 765 915 411 944 593 273 999 387 331 840 644 142 484 190 951 724 535 892 936 15 380 905 812 845 555 301 558 692 1000 838 549 44 236 189 795 65 37 965 107 405 82 57 448 735 297 402 526 614 629 179 249 92 976 837 263 843 380 666 566 600 754 458 813 833 918 431 771 919 961 497 218 428 652 63 754 4 324 356 117 931 803 606 718 562 16 878 136 905 124 465 575 195 60 896 977 645 
301 65 395 668 795 619 851 320 872 269 761 621 860 996 212 420 505 838 30 651 396 129 927 233 266 962 34 63 600 295 586 711 864 996 682 62 45 558 943 386 797 560 166 314 274 129 181 799 943 322 602 869 922 632 781 538 902 206 423 843 893 664 832 9 239 215 217 447 982 399 78 440 405 146 697 170 700 267 270 765 709 58 650 626 939 827 418 971 120 564 950 303 763 482 786 953 283 731 544 757 22 937 951 275 359 19 809 871 420 323 376 526 155 599 582 920 96 321 510 430 464 653 318 570 874 93 633 473 538 335 6 290 349 129 371 123 548 490 991 991 713 376 506 962 18 745 373 344 880 122 305 17 630 408 800 598 426 546 509 239 6 139 908 468 988 33 330 728 546 584 995 396 699 139 317 233 25 846 960 619 619 943 234 117 539 550 627 233 228 521 821 597 838 273 354 772 265 713 395 809 83 179 300 76 874 27 113 938 592 577 78 519 409 127 305 787 566 814 529 380 623 401 235 633 178 646 176 810 582 560 319 296 646 174 420 920 734 625 541 655 287 623 193 485 955 419 712 57 239 257 264 304 563 202 684 716 858 956 5 782 714 206 966 860 875 14 592 337 616 916 899 471 671 458 799 245 263 266 757 472 846 718 624 395 536 341 59 118 631 986 666 16 669 148 543 381 866 166 627 397 927 516 897 146 758 106 120 655 951 516 857 552 291 53 363 638 870 705 358 624 472 233 318 664 832 817 980 714 172 643 755 997 682 746 823 719 950 606 646 699 634 418 843 489 7 671 31 841 198 46 694 992 44 48 546 470 657 278 242 229 32 247 545 393 900 325 150 672 638 318 663 416 72 388 660 523 41 531 140 940 759 285 131 959 934 800 502 306 138 66 252 732 374 98 292 201 202 910 694 227 670 619 651 976 794 9 900 798 969 610 236 231 561 278 772 468 947 872 834 403 874 582 272 777 350 795 254 861 821 788 687 586 46 437 660 138 166 33 35 274 983 203 893 66 220 512 674 209 348 968 685 283 233 393 215 122 496 26 789 941 990 184 704 923 223 482 696 789 398 381 416 47 267 855 416 461 888 947 237 845 554 577 232 897 728 771 873 40 108 496 681 833 780 721 738 391 416 253 568 107 
465 372 508 493 694 197 140 256 93 640 508 16 204 203 843 252 637 853 917 475 403 460 283 593 639 191 661 350 921 795 43 699 719 494 191 963 822 341 362 347 132 350 184 337 394 437 989 486 314 478 900 652 52 959 139 28 247 555 224 904 330 942 690 460 48 404 456 251 901 256 178 61 140 6 73 402 140 583 335 21 718 887 22 233 879 48 361 148 429 173 524 902 387 78 573 183 413 694 944 428 402 390 948 784 557 167 862 10 914 570 577 482 809 951 362 395 700 640 556 16 543 107 609 398 525 66 252 717 381 51 407 469 486 741 991 490 199 329 888 240 877 805 138 14 459 15 113 522 19 590 294 519 255 288 103 656 398 394 550 804 287 171 244 167 463 400 196 285 115 157 599 78 412 16 243 655 541 54 115 438 29 378 476 211 604 577 45 686 584 31 324 13 77 79 504 451 639 932 178 863 263 715 859 786 55 180 844 38 765 445 87 14 376 733 201 930 399 9 588 239 114 496 621 272 231 270 579 63 5 459 51 282 605 2 875 605 566 897 924 619 917 267 630 796 862 166 363 181 286 781 531 275 708 630 827 869 835 873 276 884 241 421 188 188 940 650 272 447 393 942 964 750 852 232 992 71 279 742 819 525 218 495 555 730 543 752 52 684 515 951 516 611 715 505 1000 54 908 228 785 273 672 483 172 839 266 453 300 871 873 76 992 880 756 919 452 747 481 270 368 189 502 969 99 74 251 719 621 16 222 471 31 713 764 401 324 190 392 513 27 667 45 801 35 295 763 987 430 752 76 377 953 216 564 558 241 922 130 856 220 266 128 747 42 680 948 663 155 699 532 629 829 677 652 332 828 874 639 806 808 607 871 281 637 725 309 750 269 707 783 955 693 357 716 897 194 990 424 254 666 318 600 648 474 859 773 405 819 617 393 877 787 154 26 741 356 732 417 282 624 493 402 913 968 431 145 857 510 739 152 709 656 662 275 123 377 383 640 773 415 348 103 875 215 439 462 301 472 380 105 753 161 88 563 873 236 528 647 34 663 766 477 580 118 405 845 773 531 391 709 972 825 251 387 405 819 792 249 58 143 407 195 468 849 203 834 532 417 978 758 468 669 817 733 740 844 114 670 950 880 4 
893 857 448 102 236 477 440 979 453 891 794 676 585 362 304 136 936 601 465 4 623 368 959 683 178 77 122 644 415 711 479 318 22 300 22 804 642 731 334 745 289 465 576 338 474 308 254 550 579 112 594 190 920 109 846 828 523 798 503 517 47 975 497 941 386 958 473 855 741 510 868 578 197 227 674 979 367 345 842 924 629 882 981 408 403 236 754 995 632 591 804 75 142 135 749 386 960 270 529 806 438 326 291 174 305 177 304 237 374 913 557 644 941 743 137 961 663 460 522 370 898 232 337 255 580 678 701 979 408 996 184 640 707 92 499 973 662 100 106 345 913 621 535 372 756 77 1000 443 828 125 335 111 95 51 141 354 313 333 159 185 387 913 388 631 134 351 499 623 306 563 823 663 703 244 327 982 72 823 71 572 635 280 793 124 457 853 593 794 597 691 580 747 935 349 126 177 70 120 948 748 431 919 624 144 304 191 294 552 275 698 353 198 890 373 376 519 671 536 261 824 529 512 603 387 318 415 413 504 11 46 150 484 684 71 12 98 348 109 516 676 508 208 572 455 171 19 907 153 881 780 977 516 276 493 677 800 23 239 994 498 686 946 753 407 937 244 453 662 772 975 881 384 299 641 257 144 429 466 627 859 616 280 604 374 310 962 898 122 154 502 645 336 197 803 52 836 983 605 673 332 350 468 460 221 936 300 664 889 920 435 423 443 930 516 503 654 943 950 545 768 111 971 101 323 722 1 760 533 300 483 896 268 396 205 437 171 323 113 312 139 973 741 529 154 33 57 65 812 24 121 243 596 143 127 668 121 740 861 164 305 826 381 148 614 365 433 878 498 357 185 218 4 450 440 590 520 588 718 875 824 7 308 728 437 24 537 375 219 35 102 738 631 720 427 179 482 177 568 493 370 156 244 966 653 593 685 601 509 179 868 85 562 422 510 152 866 916 553 521 465 767 613 296 968 526 998 238 271 665 195 107 235 226 32 563 382 409 332 736 601 382 890 111 489 564 663 546 204 202 544 128 603 329 449 302 285 781 21 604 975 427 65 192 517 63 311 818 543 282 404 516 716 157 256 560 431 105 104 823 444 722 429 789 897 24 835 870 220 939 441 54 713 673 99 331 80 81 161 803 384 
364 789 109 517 993 919 377 35 21 33 6 88 237 681 288 43 155 858 222 462 682 289 628 732 146 616 293 300 385 677 86 744 648 848 562 646 225 919 698 76 361 657 305 385 962 788 976 792 173 614 230 372 377 78 861 570 662 337 653 760 304 508 498 57 965 572 36 718 717 78 226 924 476 280 734 255 568 556 166 490 755 528 880 52 544 407 322 425 645 453 941 22 85 84 600 882 450 890 875 324 253 471 858 73 790 143 261 899 881 43 970 376 958 496 570 815 695 892 307 786 56 20 27 388 200 624 519 834 777 361 999 266 769 255 826 308 335 885 200 723 252 625 459 513 679 276 276 253 799 934 144 806 925 263 663 372 41 894 344 427 762 481 511 854 962 841 785 310 911 83 509 344 882 461 506 559 813 335 928 862 974 485 888 923 358 574 19 460 689 446 427 227 987 683 859 610 679 954 960 885 926 712 28 889 729 495 711 528 632 534 796 418 798 512 396 10 298 279 605 654 447 617 152 700 342 495 141 28 224 340 71 130 93 916 711 928 443 456 937 566 712 908 265 673 302 71 20 459 994 109 350 856 306 294 630 900 857 452 563 582 357 63 565 37 195 240 692 540 359 856 849 871 701 886 670 50 742 466 71 326 996 189 293 787 948 381 470 709 798 650 518 950 294 201 691 422 88 699 684 245 733 293 303 540 320 70 157 23 759 787 430 955 234 817 355 71 973 103 616 133 573 194 973 861 404 621 425 229 932 870 582 74 45 82 955 493 592 764 51 503 215 207 704 122 634 993 872 845 971 932 667 773 356 51 82 411 45 969 7 994 496 105 859 501 232 388 188 243 381 366 27 609 200 616 767 891 734 812 755 219 224 426 560 589 933 357 571 280 731 981 708 613 850 314 403 741 381 397 187 428 623 983 171 975 185 758 521 686 910 74 334 514 162 396 191 133 390 417 352 284 197 873 761 38 604 187 750 521 572 541 863 281 558 652 452 207 170 391 63 827 304 516 350 794 211 967 487 549 121 703 450 287 636 183 197 884 741 204 547 242 805 107 393 626 267 512 950 355 4 830 824 922 902 738 358 330 482 518 641 109 125 86 1 825 390 228 546 593 13 620 323 281 536 863 681 414 364 936 624 977 
61 864 429 706 62 42 860 908 240 510 573 677 939 142 557 714 797 114 829 428 548 19 253 60 141 434 967 655 75 398 851 842 103 680 70 813 378 366 705 751 275 425 466 941 169 312 549 441 343 496 337 316 243 226 859 140 221 923 914 20 927 842 351 462 649 403 898 393 49 582 621 827 229 759 306 484 265 971 523 240 510 279 388 475 601 393 611 361 831 755 987 469 521 843 259 557 603 251 98 32 884 961 751 311 269 95 34 484 514 664 668 854 698 223 263 15 662 910 789 771 179 369 146 857 527 145 592 592 93 456 350 832 457 480 584 893 947 33 861 172 204 102 59 698 993 334 42 641 74 36 627 162 697 758 382 866 691 661 710 237 936 569 598 330 418 210 792 467 575 190 25 675 999 397 646 470 941 406 532 882 21 728 931 534 273 697 648 303 59 470 389 141 402 158 281 351 22 927 854 139 82 501 263 483 635 62 30 304 772 15 343 160 527 348 157 631 948 282 464 799 753 53 52 463 685 576 640 845 61 344 203 755 154 919 575 906 385 81 386 545 176 824 272 956 921 120 179 405 752 858 541 347 269 57 700 37 968 494 107 893 167 36 615 140 169 715 920 850 128 533 379 586 296 745 690 878 138 275 443 784 871 320 161 300 333 835 284 974 356 65 913 863 45 284 513 95 886 177 595 113 280 970 945 489 661 707 459 894 650 141 350 440 249 349 561 368 51 66 101 826 103 296 555 555 933 767 202 162 593 146 855 552 97 41 204 527 93 262 404 564 1 983 107 20 212 176 784 856 597 438 327 888 227 212 24 289 681 797 634 326 731 478 222 151 907 633 691 20 266 136 916 272 808 464 875 382 545 586 596 892 685 736 18 666 662 83 810 281 208 927 337 83 194 579 710 486 343 498 519 960 611 452 884 298 525 185 390 124 489 610 30 500 634 447 645 406 802 272 895 339 738 37 790 369 800 412 135 493 875 325 447 315 712 807 924 514 914 145 804 56 739 600 381 528 301 460 25 334 190 689 832 398 799 478 586 632 588 951 43 700 281 202 885 797 145 355 684 847 806 745 380 496 679 693 443 184 148 62 390 416 899 958 132 220 528 2 428 528 54 492 704 995 177 384 351 94 639 32 307 891 
337 88 799 438 381 809 38 268 177 478 315 526 847 96 804 388 596 530 670 457 847 579 727 858 481 295 781 870 144 93 202 293 251 678 84 384 606 650 718 708 227 331 793 118 716 62 888 149 283 613 542 490 837 845 143 361 418 528 457 765 534 274 41 596 61 884 677 583 568 707 301 256 442 413 696 17 641 905 455 809 637 275 156 749 122 402 785 472 589 74 305 394 904 168 759 402 422 313 127 723 941 553 401 792 806 453 7 631 374 224 770 798 82 637 273 561 413 449 517 446 593 862 901 351 270 614 253 437 990 438 869 236 84 479 826 251 376 811 359 736 963 635 433 374 579 291 765 925 950 970 395 205 406 451 703 434 337 5 755 254 29 666 213 530 277 626 186 467 742 13 32 924 73 771 468 919 158 228 152 659 357 966 810 724 540 105 509 957 567 748 920 70 107 806 656 989 793 156 583 862 106 758 881 459 591 351 2 410 925 304 66 481 251 988 579 106 115 721 536 438 274 340 741 619 864 601 502 205 54 245 385 454 971 675 483 349 628 112 820 415 591 384 322 857 166 373 853 48 20 131 647 607 65 756 402 302 781 428 471 282 710 619 690 849 145 798 454 346 450 574 42 630 637 659 544 993 560 240 978 71 750 798 819 470 396 60 118 575 641 598 698 532 96 329 160 785 813 791 130 410 777 39 515 808 613 258 542 74 416 29 864 357 873 890 140 940 483 333 906 558 532 591 127 475 468 669 420 588 157 789 654 476 783 133 584 595 449 780 2 492 566 429 383 147 261 208 114 977 231 439 206 891 150 520 424 374 74 255 357 179 971 792 587 690 334 728 624 231 71 154 725 383 835 216 441 274 90 487 356 213 231 560 562 878 727 968 59 7 83 951 124 838 886 737 136 475 748 15 741 782 785 10 158 91 269 877 204 232 913 863 899 792 226 131 173 415 568 384 921 52 349 478 137 437 302 496 623 926 267 970 837 207 431 919 630 472 302 524 800 270 49 409 118 66 258 133 576 454 352 383 777 239 186 500 540 976 227 35 14 885 123 354 545 522 687 79 349 286 357 750 927 604 890 829 39 363 447 872 802 379 759 285 45 198 593 72 44 511 742 333 621 702 930 942 760 871 539 626 403 109 
778 466 775 202 204 994 332 755 439 900 845 93 309 276 251 611 26 730 322 226 462 691 942 402 297 599 875 757 41 561 759 189 365 368 496 928 991 480 13 522 804 320 495 398 594 705 35 596 630 795 542 433 611 887 815 521 521 436 314 742 859 123 802 518 607 169 580 5 163 728 748 152 797 788 808 684 815 398 990 250 236 138 439 268 717 329 496 804 817 118 996 816 656 417 260 296 215 669 937 483 401 113 383 180 130 977 569 705 939 42 284 645 899 952 174 690 612 360 355 737 625 860 338 493 473 482 508 234 285 379 48 305 456 948 575 48 435 878 594 803 541 726 965 829 829 908 10 557 504 956 638 17 305 663 788 411 420 990 35 486 673 203 888 702 152 408 163 707 568 500 195 916 968 9 496 594 225 535 637 316 602 798 241 316 210 773 290 339 379 550 513 946 155 222 163 804 385 373 564 548 74 634 180 106 937 548 454 708 208 72 541 6 721 965 174 50 307 65 283 638 605 705 421 488 195 907 375 329 660 892 914 12 184 625 388 30 473 470 295 379 816 615 475 261 749 170 91 611 91 353 472 722 890 632 960 726 946 443 756 359 479 877 156 444 353 368 923 168 673 535 123 95 83 509 918 839 878 828 529 599 212 77 593 672 634 442 370 949 15 101 803 564 492 479 884 930 424 775 851 128 168 440 921 16 728 417 383 325 908 524 671 357 6 390 341 624 5 880 378 726 2 169 44 441 346 178 103 839 762 543 34 878 966 745 553 814 391 20 878 432 640 473 47 207 31 531 981 610 780 625 985 831 355 720 967 151 297 695 168 675 584 687 601 978 611 249 997 904 168 549 906 462 17 59 598 676 537 292 737 718 806 526 911 17 50 146 859 908 442 613 845 991 403 240 407 580 719 616 643 608 612 253 773 80 751 371 151 267 691 946 96 164 467 598 452 12 216 86 505 289 643 220 247 545 346 17 573 428 979 679 996 60 194 467 740 6 394 360 640 766 884 853 347 756 755 257 319 520 204 500 417 462 142 669 134 74 301 387 483 162 150 437 439 302 378 240 874 856 338 915 650 91 199 156 202 661 198 88 105 989 518 365 674 723 946 584 681 522 772 501 553 710 832 58 774 884 780 243 197 606 
280 91 413 980 633 15 476 873 701 842 513 75 422 208 85 960 671 452 177 808 792 832 158 431 161 647 910 103 704 396 534 56 450 113 272 839 948 143 946 47 167 904 664 642 564 878 418 885 5 697 486 134 775 331 707 207 881 404 106 928 446 636 205 598 226 604 684 821 518 803 116 358 108 897 254 833 585 934 545 106 405 912 959 603 131 270 872 812 505 536 568 605 223 218 25 519 215 588 289 54 713 275 57 648 108 774 699 466 507 792 761 54 469 856 757 599 419 474 588 384 920 579 81 823 938 951 75 933 938 562 70 643 588 392 571 347 823 726 454 868 884 885 395 523 335 922 688 713 191 14 520 113 781 542 845 14 951 890 699 775 913 118 428 666 656 538 951 945 982 41 160 574 651 196 574 896 674 205 439 515 152 819 364 857 891 64 939 586 542 179 736 644 502 550 107 412 347 344 528 592 79 712 105 98 201 726 619 916 303 201 347 779 460 296 311 758 279 954 556 923 751 443 291 198 904 557 731 681 551 530 124 497 524 131 152 694 148 258 650 921 268 807 396 795 501 174 818 625 354 723 536 385 235 394 500 451 855 768 875 480 843 65 828 996 724 624 118 595 262 665 283 373 531 855 145 289 810 428 837 786 829 979 366 308 640 759 458 781 467 681 923 795 23 236 224 18 159 154 627 474 534 66 397 561 818 808 108 270 147 122 119 769 255 803 879 4 304 818 62 922 852 264 909 585 811 348 927 849 686 614 255 513 644 366 369 134 163 834 603 650 960 105 609 390 720 906 323 992 19 636 168 667 499 116 279 786 383 256 514 602 928 302 921 641 728 20 839 98 973 502 902 390 154 472 819 825 152 169 826 306 727 60 200 473 431 5 594 77 836 369 129 749 348 450 425 458 842 36 942 286 425 779 622 120 320 408 221 842 551 408 627 953 365 491 309 850 511 868 526 580 489 342 875 657 484 689 217 308 267 439 615 426 533 33 27 217 970 344 86 105 222 301 615 612 558 576 376 671 910 809 162 925 118 919 889 752 175 283 623 815 970 572 754 302 155 873 493 569 840 33 647 334 76 770 557 245 849 819 616 936 401 562 703 954 651 93 571 817 102 737 620 507 839 28 286 826 682 467 811 736 
122 10 703 377 561 599 102 786 238 205 903 469 529 338 764 249 240 175 48 996 247 651 528 656 986 718 636 270 114 990 886 22 928 828 248 673 429 971 778 380 181 38 210 454 679 974 771 604 494 494 481 24 436 559 82 814 443 339 724 730 219 714 502 474 59 589 840 488 576 6 529 380 591 172 708 435 74 944 634 785 939 161 526 231 28 167 131 437 235 602 37 430 142 848 322 118 538 720 767 748 363 761 874 416 298 946 595 779 242 960 306 537 561 377 870 839 759 347 938 492 768 307 489 418 562 535 659 417 77 123 814 439 828 924 518 25 824 549 336 752 15 61 154 348 31 589 931 362 902 370 345 925 212 735 789 869 230 552 473 346 308 790 29 903 13 349 509 559 912 423 891 673 834 527 963 682 478 29 386 974 263 445 142 423 118 485 452 785 740 610 299 859 855 730 260 78 29 831 542 274 994 328 483 221 441 503 861 211 484 714 950 909 28 179 697 345 263 710 644 292 756 589 858 114 727 502 547 26 597 791 730 170 191 271 833 974 886 836 87 351 787 748 293 525 452 812 28 564 877 809 638 112 708 234 982 17 691 682 497 404 739 591 993 991 309 580 693 562 288 471 834 958 882 481 888 7 559 825 797 465 114 39 666 323 174 529 151 678 667 167 678 692 17 991 202 457 614 136 311 979 375 359 870 168 881 820 471 435 981 793 549 334 349 367 223 831 497 321 956 186 799 869 924 266 366 454 574 728 825 299 430 807 412 781 611 325 424 682 737 945 422 229 939 740 110 82 838 666 861 858 638 910 383 251 865 326 258 540 741 243 582 283 58 527 733 488 120 212 535 309 415 33 891 812 40 692 685 559 231 453 522 629 548 352 940 561 862 664 5 514 679 884 749 555 237 675 980 632 574 895 231 725 33 91 235 158 268 708 746 118 225 408 808 449 223 65 212 832 2 200 223 575 779 274 111 896 965 148 936 998 28 645 911 969 542 31 606 748 222 517 958 704 69 644 352 838 7 809 329 647 942 446 833 788 778 476 906 572 43 968 849 73 956 173 967 401 231 965 460 766 312 823 367 508 811 791 856 253 196 320 410 607 298 506 362 152 595 836 64 471 999 216 880 746 172 241 247 166 116 757 
861 27 895 306 783 507 994 682 634 246 429 774 495 863 486 844 410 372 495 904 968 960 160 868 723 72 140 511 519 656 172 470 178 51 446 390 702 996 427 669 765 376 227 627 849 887 881 51 113 247 390 441 458 191 815 724 612 508 741 160 472 117 480 922 850 759 547 938 2 520 414 231 170 763 758 311 887 632 892 9 679 513 304 952 295 637 515 711 154 445 663 109 552 279 312 359 389 702 199 328 324 710 290 978 607 536 837 929 16 138 959 492 925 611 444 915 926 321 382 815 493 907 778 484 361 190 435 855 611 368 514 143 997 678 120 573 142 918 625 99 798 460 481 870 201 76 595 19 790 748 190 915 613 855 606 854 186 681 187 304 404 950 715 942 500 393 1000 576 910 838 930 948 785 438 891 637 701 685 957 464 481 277 819 714 803 185 10 835 540 601 629 500 265 736 211 31 73 535 522 138 351 623 975 507 679 465 653 347 152 309 841 890 815 981 111 46 189 423 502 715 621 653 788 57 224 949 522 688 572 406 773 469 513 769 562 322 642 484 422 910 427 293 208 681 758 323 400 566 437 500 476 294 551 485 22 952 619 285 279 635 614 793 874 671 212 173 672 679 56 455 191 135 628 76 898 197 271 943 822 57 818 45 970 44 441 370 420 754 161 1 763 334 502 29 440 210 641 667 636 75 459 355 912 118 237 339 630 774 3 874 475 128 140 92 137 485 555 59 566 157 330 360 134 531 459 4 585 604 527 482 196 983 378 16 32 851 37 625 5 724 521 91 253 516 820 73 776 576 613 625 539 682 215 723 431 104 399 622 451 38 670 18 441 81 726 517 568 919 116 646 271 334 617 195 549 779 576 587 800 487 791 923 220 441 670 921 111 982 226 338 678 217 710 76 874 330 941 954 728 495 938 51 556 870 236 33 250 606 434 170 537 897 954 361 217 210 697 650 206 533 762 160 172 43 591 391 881 362 313 512 752 886 967 119 331 571 80 470 741 509 257 759 427 693 421 828 633 285 63 543 932 869 985 881 331 173 562 867 955 321 425 390 911 683 44 603 253 652 7 457 206 128 213 690 21 509 200 836 141 857 608 168 616 310 397 308 819 695 246 809 243 791 477 573 206 910 776 582 321 75 
560 962 557 695 310 465 288 415 987 376 605 480 13 724 931 920 888 802 798 753 266 921 767 636 893 596 900 647 147 144 720 238 739 738 201 34 861 295 844 997 934 992 152 297 28 811 500 739 569 42 226 851 857 74 432 392 554 11 291 565 677 706 210 822 536 321 347 97 17 249 880 45 882 549 711 275 943 502 61 15 241 189 256 621 88 612 790 107 26 691 633 234 958 924 199 412 559 566 931 892 465 569 5 96 358 390 706 512 421 732 692 740 622 722 839 983 568 208 736 36 567 524 214 277 655 549 510 870 641 345 384 91 504 199 243 894 113 947 520 463 894 606 889 649 426 441 192 288 746 5 119 181 120 716 356 445 270 805 312 805 605 547 171 654 731 714 657 160 822 670 107 175 634 931 797 152 284 627 27 178 605 780 827 749 853 958 105 83 845 781 421 729 427 915 20 436 51 858 800 124 842 556 144 521 754 379 904 167 748 880 552 188 505 244 236 923 855 791 773 128 259 268 300 434 3 905 386 351 977 776 800 691 758 391 810 270 901 559 346 128 130 350 238 909 574 509 993 401 436 10 170 410 233 459 990 688 221 62 758 741 788 83 896 509 843 742 79 780 563 246 907 601 895 208 822 831 549 624 466 549 62 188 902 50 21 945 251 235 658 714 120 704 908 724 282 505 288 962 656 236 300 153 482 972 425 171 71 32 700 269 369 249 652 991 305 64 721 254 650 491 808 972 719 766 993 882 723 745 509 722 741 182 976 87 615 63 866 977 946 649 909 59 60 355 886 563 445 293 732 315 172 688 161 964 300 513 611 606 638 340 842 943 333 290 295 97 732 139 513 682 975 251 359 778 780 700 524 367 184 703 294 992 681 729 589 139 639 655 563 647 89 610 615 632 393 824 266 94 135 512 350 125 182 924 538 843 112 324 391 651 419 855 951 12 688 496 186 728 8 729 24 389 253 314 541 510 913 872 504 927 241 935 354 162 318 421 6 373 594 243 157 448 469 900 319 575 283 843 41 979 406 399 242 385 186 262 555 920 148 650 625 843 881 366 651 202 168 550 700 120 336 985 24 341 991 352 855 745 503 140 91 230 402 153 1 122 359 164 817 454 851 966 621 26 768 278 59 204 548 247 
555 541 866 518 807 699 369 314 318 60 503 193 799 294 523 607 925 721 589 246 871 721 38 988 788 293 726 583 385 913 466 808 347 956 826 322 315 673 715 250 540 917 777 788 549 309 562 737 711 237 339 474 21 416 220 475 495 163 227 472 357 88 497 121 924 388 502 549 810 199 476 983 657 886 238 219 645 194 343 807 125 663 723 490 956 252 174 549 949 789 854 811 392 810 713 130 742 493 62 399 710 766 525 931 645 471 446 223 616 190 418 281 9 86 963 212 355 492 708 921 125 258 608 207 360 406 148 211 26 864 556 208 422 645 534 869 321 111 72 281 444 248 602 375 506 834 163 537 818 881 357 662 610 291 601 12 55 60 168 796 606 28 910 895 274 893 670 396 35 574 669 847 267 945 512 736 600 100 77 265 169 554 155 438 57 311 592 553 28 437 102 140 84 610 164 518 282 118 902 473 445 637 437 586 212 104 956 302 580 12 103 780 616 591 699 39 195 374 686 832 679 753 5 933 435 705 312 643 918 942 622 725 350 939 919 674 559 334 541 904 805 96 986 602 895 929 16 314 57 473 171 663 704 543 39 381 939 809 384 584 111 311 789 758 551 288 844 727 813 26 140 965 474 51 117 531 895 984 464 7 746 1000 678 768 184 823 17 358 181 819 365 859 707 185 628 149 686 430 52 105 932 660 585 503 325 506 769 807 655 26 596 687 438 281 488 377 653 697 558 790 583 335 118 966 780 307 91 762 237 506 262 144 798 429 507 124 702 495 630 950 511 810 532 512 149 511 529 163 337 55 308 967 643 52 84 607 322 742 393 822 987 294 75 923 978 149 36 333 483 682 964 384 647 637 119 307 432 351 840 847 683 566 644 303 392 906 887 999 779 800 16 911 24 809 971 964 264 346 561 923 158 434 218 812 776 134 702 648 677 99 342 51 59 152 206 39 238 930 263 566 56 884 933 206 276 164 77 530 368 638 741 812 749 519 953 916 456 938 889 311 118 987 603 144 58 356 129 543 590 627 363 708 978 872 155 242 511 407 402 860 227 425 190 817 122 642 840 815 313 243 319 128 522 878 71 6 654 435 582 240 998 365 916 570 360 500 184 917 34 752 66 940 927 122 861 42 444 371 201 908 
50 488 361 754 497 572 305 957 353 733 229 216 784 217 833 502 634 984 21 182 220 817 605 192 318 698 129 719 724 744 769 501 899 202 415 511 188 270 282 61 42 72 229 616 107 887 372 832 760 861 929 421 53 922 898 554 863 672 708 440 272 436 627 176 12 929 608 6 881 876 89 590 65 902 775 943 967 14 203 866 851 451 438 306 517 250 242 936 555 812 500 389 474 516 501 494 462 763 869 511 98 388 695 560 222 151 555 295 132 174 110 651 705 857 338 868 508 689 813 923 1000 743 977 574 553 762 232 992 544 587 86 585 502 48 716 962 538 530 753 663 979 272 527 443 116 735 149 501 923 760 898 148 568 568 804 667 269 814 308 876 242 294 946 454 525 192 880 998 652 72 816 95 954 987 996 241 259 758 961 955 496 919 434 681 9 712 213 395 990 551 864 171 228 102 867 396 207 859 330 379 732 824 225 999 579 328 941 487 302 149 284 344 37 252 468 571 605 846 164 848 389 181 150 805 398 243 526 52 125 490 323 24 98 154 187 142 909 774 204 668 102 917 198 834 425 322 234 842 484 266 112 704 440 617 59 218 800 36 638 191 462 459 227 295 526 447 175 654 609 901 735 407 665 389 49 490 613 550 770 262 300 445 547 773 961 706 602 58 707 513 409 635 169 777 825 598 248 102 925 485 645 294 135 378 761 142 371 200 623 298 68 575 862 247 218 453 71 161 433 485 78 795 8 105 345 618 14 15 649 376 437 485 59 865 347 691 309 303 36 749 785 558 234 965 435 15 376 970 498 165 857 331 561 553 171 913 851 862 106 368 104 468 206 788 729 229 732 435 685 552 878 207 266 561 714 895 970 645 995 442 739 998 753 939 28 708 897 195 856 486 757 458 677 970 225 195 305 402 762 978 721 586 759 543 306 867 141 271 875 586 852 814 128 181 954 631 504 731 379 215 905 705 502 61 352 187 286 331 811 337 93 825 938 421 272 317 681 741 490 204 247 533 218 623 611 330 636 934 235 414 377 61 77 831 293 929 105 511 140 410 573 153 188 526 543 319 808 681 543 614 922 853 636 39 862 531 667 764 855 887 159 30 146 485 524 649 964 790 297 580 572 777 456 66 696 74 431 867 721 378 
813 319 173 52 516 903 584 795 312 971 82 972 667 707 671 759 470 807 457 116 279 589 630 832 701 301 145 973 725 430 160 818 250 623 395 839 582 941 912 31 706 304 134 643 71 820 968 51 979 655 829 819 323 815 857 639 83 946 406 399 230 930 8 160 686 695 851 304 218 58 405 679 778 354 475 870 908 529 84 656 652 180 88 323 925 485 294 318 450 488 536 575 675 535 175 764 793 334 222 437 496 174 120 307 527 810 216 827 632 315 28 392 159 299 817 260 733 444 781 349 722 119 934 631 13 732 70 509 779 812 531 743 944 759 608 307 561 63 582 899 157 673 72 274 550 335 481 238 156 558 117 571 660 432 650 974 883 793 597 941 693 266 220 703 243 536 223 966 24 905 677 214 850 884 287 837 873 541 727 609 217 939 136 186 327 650 610 220 845 775 923 658 653 303 71 539 600 310 275 398 900 529 20 877 767 779 707 747 550 575 549 164 931 554 163 217 90 470 391 192 683 53 17 158 317 628 284 148 607 908 108 306 477 831 708 966 652 510 161 562 774 725 49 977 4 83 793 47 928 683 680 460 637 484 271 223 716 416 941 706 544 703 564 985 116 337 789 538 938 942 212 131 346 518 515 790 364 831 648 190 582 321 814 334 868 11 412 70 419 476 1000 829 683 89 745 397 248 746 886 393 279 26 914 663 369 810 349 861 321 581 313 981 173 513 241 336 455 363 129 203 296 15 533 877 217 10 788 788 145 919 273 771 21 35 124 28 787 698 829 420 181 670 172 115 126 91 824 192 6 515 142 487 597 714 30 954 257 960 788 536 615 890 635 655 659 720 426 619 80 373 348 140 167 985 336 881 168 54 5 143 745 763 666 680 105 348 321 371 906 222 642 607 74 91 239 7 217 386 667 724 337 500 713 974 727 430 950 696 331 266 941 870 120 724 951 599 140 397 423 650 959 89 974 330 243 889 531 530 568 888 192 223 948 374 613 312 229 230 885 798 23 832 835 331 268 261 202 420 166 510 927 54 357 412 671 625 377 820 304 135 342 635 145 356 611 227 80 523 497 857 815 788 188 183 837 159 315 255 430 679 647 966 610 590 37 588 655 541 108 517 766 712 629 818 629 955 629 156 97 719 
44 870 138 626 75 759 444 498 7 441 369 271 192 750 824 708 856 803 571 180 604 388 468 356 900 109 781 444 74 729 458 988 69 77 750 864 538 329 800 932 79 36 556 918 640 477 873 366 125 25 102 543 873 399 147 210 387 573 233 142 395 913 904 394 764 839 581 414 739 133 928 557 723 343 487 467 975 699 404 502 612 5 654 686 228 761 882 555 707 217 648 891 806 76 990 441 705 835 821 12 141 810 733 445 52 915 457 358 485 601 178 722 237 279 668 329 51 543 635 720 466 906 651 730 133 755 218 681 924 225 391 290 49 632 999 107 632 855 723 390 226 71 370 683 681 704 848 479 568 755 12 935 962 751 434 450 271 885 205 569 214 258 10 704 837 576 925 569 953 819 340 421 167 396 38 481 774 383 857 42 538 573 269 249 178 417 381 45 420 107 911 75 213 198 359 69 955 17 288 830 262 480 862 737 506 264 348 421 38 509 696 977 330 572 776 614 18 887 211 25 84 692 711 142 91 92 150 563 386 732 280 97 423 829 335 916 821 532 884 85 216 753 557 907 846 496 779 262 378 857 837 568 376 80 630 457 167 308 359 417 722 200 740 556 61 875 71 660 991 991 344 498 972 644 663 514 832 258 407 329 843 648 434 136 710 880 572 382 450 463 457 758 859 533 853 133 182 177 648 266 969 66 302 892 195 421 735 837 103 705 203 999 379 828 747 858 808 867 16 555 170 492 181 76 533 244 219 734 556 544 136 390 9 116 214 779 691 180 525 275 547 782 56 664 484 980 944 918 229 986 395 825 249 116 530 681 17 549 782 469 870 639 408 513 209 669 418 878 494 34 280 821 356 440 734 156 573 544 761 628 606 580 253 17 294 838 234 247 190 295 437 196 964 374 759 9 967 654 432 583 787 110 745 828 794 959 189 355 214 673 661 893 873 394 477 161 601 178 819 36 236 498 121 209 207 214 822 79 294 167 585 101 978 857 696 238 966 92 948 276 200 374 141 207 808 643 908 802 690 745 541 673 875 879 489 853 581 638 189 283 963 702 620 544 931 506 869 356 278 223 724 753 313 903 193 194 490 640 962 692 1 163 689 910 203 21 774 144 64 447 251 773 359 462 930 303 663 74 335 78 
212 903 804 521 955 69 536 304 71 400 703 559 895 303 512 555 621 676 624 74 319 224 130 61 171 276 787 444 180 592 591 428 320 388 893 595 517 696 459 344 543 107 842 107 259 661 823 544 64 301 31 379 698 802 207 18 158 379 39 541 180 181 700 486 224 31 575 433 79 462 442 482 666 578 972 16 596 446 169 405 844 216 402 771 241 868 365 342 151 704 253 916 510 975 455 228 389 655 82 233 410 994 532 246 113 332 796 710 637 185 588 26 809 212 794 706 212 359 514 856 57 821 574 559 779 361 912 454 48 717 989 404 732 538 506 987 18 754 436 53 795 726 152 887 111 177 839 544 796 762 295 975 849 2 561 743 745 345 391 324 40 840 289 635 959 822 404 419 431 931 586 421 711 630 431 60 510 704 352 228 864 813 148 709 809 614 352 180 858 647 475 358 45 584 854 516 690 662 994 612 399 120 894 397 178 313 255 513 71 320 494 72 512 873 240 960 823 265 32 95 556 308 477 900 511 910 899 920 749 123 611 232 347 976 353 311 979 206 953 269 697 418 609 971 756 245 236 154 549 428 268 382 665 919 509 189 495 410 594 159 112 821 784 69 465 787 835 698 50 293 116 482 60 325 616 188 836 858 600 377 250 510 906 218 769 88 642 291 355 146 680 57 980 923 608 972 323 314 92 69 783 575 370 359 440 305 852 805 145 351 755 78 262 319 907 987 602 976 749 860 525 817 552 646 7 613 140 686 256 949 60 681 795 603 528 539 958 487 533 340 66 220 926 762 458 601 575 281 589 759 198 914 276 516 248 166 3 396 468 545 208 250 250 231 853 714 513 184 500 703 755 522 135 979 65 291 317 961 166 203 147 700 84 595 416 45 153 369 767 791 944 942 659 948 54 461 716 27 899 116 332 184 493 592 880 385 387 426 390 249 511 299 843 311 305 105 362 836 602 214 19 103 415 933 466 168 50 252 298 983 599 216 485 98 604 996 981 288 374 983 999 408 626 392 701 657 250 770 64 488 972 871 936 187 226 398 483 976 156 533 735 37 485 492 599 246 823 391 343 319 767 906 840 87 337 442 202 585 810 47 316 537 127 787 613 452 753 809 944 836 405 670 81 661 228 545 619 363 535 713 
788 895 809 195 911 101 186 992 280 728 367 912 213 920 203 849 137 553 99 766 616 147 780 776 386 416 461 565 559 817 4 570 134 447 2 514 518 131 526 724 257 269 106 541 459 205 823 155 750 466 169 693 107 173 842 939 312 109 616 873 277 681 606 82 812 728 347 350 35 560 660 596 748 176 938 630 527 198 420 311 915 720 595 373 98 883 567 687 821 101 84 381 396 427 132 577 551 273 876 785 216 709 702 546 217 738 41 771 495 38 74 135 785 858 272 952 803 180 507 828 720 71 594 593 916 694 719 359 925 634 348 490 45 993 714 948 120 954 85 916 749 330 280 185 430 209 593 165 816 65 165 377 346 180 530 605 141 754 687 476 272 916 788 32 880 68 104 923 601 681 774 841 512 84 647 462 148 652 982 875 264 241 158 560 649 675 380 640 680 584 931 184 846 543 19 805 386 455 161 103 29 791 310 682 544 708 895 14 922 852 359 4 579 349 446 344 111 52 55 748 211 327 996 714 593 418 827 791 68 842 589 25 923 706 387 166 213 545 391 26 192 24 139 598 801 660 940 672 595 664 804 872 24 992 610 44 449 533 490 336 733 851 436 39 491 636 965 383 423 571 920 960 318 632 771 67 275 615 361 466 421 574 834 243 174 58 308 124 732 665 856 142 725 509 397 634 701 37 270 548 919 235 842 257 885 997 198 641 415 820 381 852 133 167 850 991 325 869 580 348 988 837 503 506 300 5 817 578 137 988 556 700 516 80 932 565 627 687 861 681 711 54 247 472 196 378 356 602 446 474 719 386 215 393 965 317 179 933 152 614 144 513 39 705 334 355 616 276 42 284 464 139 186 491 624 404 760 928 352 390 575 321 976 352 335 230 883 357 225 589 505 696 217 493 201 89 333 475 891 757 9 695 743 328 9 243 288 242 203 320 565 257 58 257 941 100 723 28 552 699 837 364 94 519 75 592 320 437 546 720 712 586 633 141 393 382 346 823 430 16 820 75 524 237 614 66 855 695 212 714 373 79 257 890 780 987 129 720 405 694 539 379 605 314 472 560 679 566 975 910 587 503 363 800 485 720 963 701 69 945 320 304 170 521 29 664 310 747 704 880 727 930 490 300 515 4 8 512 825 736 
974 584 711 223 273 119 199 155 434 977 353 866 257 599 334 713 535 117 74 657 121 549 55 42 878 802 497 162 943 268 86 107 497 862 98 904 212 673 987 654 425 182 585 986 686 646 219 631 697 314 577 316 85 65 653 518 255 373 25 35 367 420 447 489 536 928 459 482 766 653 361 617 410 5 525 273 191 814 743 682 41 790 202 299 59 12 353 974 13 134 913 846 664 881 692 281 385 596 155 173 438 572 632 108 396 534 582 439 116 22 18 28 401 946 983 391 427 525 946 850 313 140 625 28 64 811 332 11 646 621 353 97 724 957 841 479 999 256 276 172 654 206 957 28 913 117 61 121 493 524 953 250 690 616 275 758 792 920 144 798 525 920 942 422 809 353 60 210 139 131 543 368 291 855 200 329 319 39 767 991 786 714 998 798 215 953 317 954 529 474 936 356 768 816 154 756 795 623 88 677 577 216 894 435 133 473 955 941 900 385 235 714 520 350 360 14 802 407 391 209 106 985 476 987 190 794 333 914 244 183 527 543 607 270 794 220 275 651 853 998 777 226 786 514 369 473 888 9 435 707 251 163 115 820 331 125 216 512 238 226 171 930 470 834 135 222 51 85 501 461 95 230 373 35 388 288 924 138 925 257 632 749 991 128 764 60 798 792 572 562 510 994 48 615 976 469 600 631 585 829 748 295 609 419 952 219 816 978 233 258 545 52 523 523 892 392 22 640 204 374 756 399 901 500 731 239 435 655 515 993 499 763 478 331 354 782 82 355 799 433 569 456 386 356 307 496 113 523 776 744 142 77 407 415 810 694 605 353 664 34 766 741 9 640 773 294 787 824 404 650 945 548 586 676 49 647 720 297 159 761 369 877 164 470 701 707 518 578 436 294 815 764 475 403 677 957 936 698 92 175 397 17 437 125 470 415 397 303 338 192 950 90 299 790 622 249 886 466 185 358 218 949 999 903 904 745 13 952 495 71 21 828 844 766 644 243 252 184 559 826 577 381 517 470 822 556 131 702 282 357 619 683 398 223 593 97 855 170 874 74 898 492 53 831 835 844 814 422 260 816 927 9 390 463 310 605 112 30 268 941 282 907 971 713 808 339 4 123 200 707 228 747 514 593 396 896 66 665 307 461 
670 390 388 541 800 206 887 638 267 852 177 438 581 116 577 353 577 769 370 277 649 863 226 604 702 791 60 791 767 509 130 66 187 307 96 700 439 315 920 995 837 447 961 561 483 81 887 177 679 74 89 823 451 539 365 323 973 285 547 412 244 361 172 988 665 750 232 359 243 358 498 2 368 559 525 966 596 370 459 274 84 61 826 777 463 505 788 953 833 60 626 478 175 68 432 882 650 687 175 750 916 605 821 37 788 179 733 973 64 950 502 708 215 859 276 51 76 1 521 126 706 883 793 607 474 950 327 453 677 103 635 465 75 499 969 146 247 851 480 421 640 653 104 750 648 611 328 917 290 666 466 377 702 610 343 702 197 192 385 846 667 838 517 920 334 109 205 658 586 440 927 352 379 320 768 418 951 246 206 471 874 540 407 756 623 810 301 330 934 682 782 411 530 443 293 427 151 213 834 574 334 289 498 92 945 118 575 471 381 11 93 937 970 832 778 750 260 139 186 885 350 939 805 781 100 790 626 353 53 451 880 636 242 830 345 563 2 687 788 341 345 170 670 363 260 917 889 127 789 803 88 349 182 419 391 260 663 71 749 428 408 934 710 101 750 512 419 579 590 533 17 739 243 540 185 924 263 340 164 94 146 493 285 68 237 979 356 664 197 960 622 275 121 406 573 665 451 335 865 782 822 861 748 819 395 953 78 390 803 812 445 837 883 750 89 744 395 642 395 249 902 982 468 805 935 12 597 1000 927 82 162 938 576 281 653 475 345 791 588 352 8 677 146 282 81 369 846 674 608 369 853 319 128 379 8 828 665 831 558 522 452 321 983 872 110 568 750 349 789 761 452 65 382 752 404 335 971 691 858 515 901 983 418 314 452 247 226 974 433 112 879 855 216 173 568 537 983 899 933 751 648 44 901 74 966 949 394 338 704 846 230 281 600 780 961 954 371 697 137 5 431 502 561 599 638 773 117 243 292 617 746 42 297 914 201 820 335 650 245 916 195 746 793 277 875 689 931 703 372 857 486 503 225 817 555 633 587 578 93 663 507 771 847 255 32 659 574 565 209 874 429 133 505 853 412 775 965 38 728 929 327 176 513 949 849 274 390 975 320 59 993 525 406 504 306 164 605 350 580 934 
76 802 66 798 155 186 447 31 647 857 328 815 101 885 26 343 13 561 10 456 854 705 809 453 531 433 540 290 457 379 205 912 264 789 155 693 354 239 521 965 71 813 586 451 244 1000 24 886 663 693 471 811 356 627 28 895 572 37 148 593 250 387 999 305 638 352 345 811 765 132 988 89 159 735 311 203 230 322 308 64 886 158 476 290 986 881 403 658 753 268 308 777 34 333 10 586 204 181 627 888 740 697 766 275 669 394 350 113 754 435 405 726 771 613 378 883 56 612 950 680 600 943 609 290 616 962 16 979 204 364 179 636 319 624 967 986 203 187 504 499 200 242 877 80 548 577 873 256 334 979 716 952 19 45 758 20 724 33 823 676 789 156 519 743 767 310 272 280 128 220 917 355 872 895 777 694 451 275 72 351 45 231 942 593 912 31 873 135 774 859 504 620 576 981 47 104 266 781 553 571 957 461 149 719 66 99 660 727 319 866 432 321 331 95 436 85 793 452 187 474 407 71 858 653 859 432 813 129 690 772 250 869 968 580 871 304 231 877 876 701 64 606 593 295 98 852 734 731 245 29 812 623 646 549 486 742 168 500 279 665 902 876 762 76 283 652 636 798 38 270 738 191 902 456 538 839 97 101 635 194 925 953 739 677 274 958 716 143 406 114 485 303 382 933 58 618 557 683 108 633 847 333 590 205 890 80 900 338 609 458 972 267 791 280 841 635 998 818 139 7 781 833 121 381 139 797 298 349 822 777 902 217 938 443 271 38 386 700 191 544 832 92 536 567 645 235 174 315 207 591 845 80 805 921 521 673 331 950 441 951 878 46 211 702 583 759 654 116 824 319 802 793 888 419 152 68 822 978 833 667 750 600 720 464 830 275 902 469 808 816 944 158 902 700 107 912 207 225 339 453 707 30 774 789 352 941 444 571 266 299 635 693 164 946 612 89 281 959 591 495 641 674 759 139 836 880 77 719 457 338 958 426 379 867 491 819 792 949 692 308 993 697 972 831 440 983 402 9 885 203 101 224 590 820 102 350 466 900 722 899 668 841 870 4 721 262 289 309 392 976 47 263 555 65 883 498 258 151 698 873 442 946 752 873 336 567 220 375 647 471 522 276 99 567 467 513 451 814 543 962 
60923 63519 61792 65382 64318 61822 62395 63544 63460 63893 63618 60174 60277 63157 59580 60419 62419 64728 64606 63030 63059 62231 63055 62485 62277 61225 61511 61409 64662 64745 
556 111 163 457 614 182 896 226 575 580 739 666 841 714 141 765 208 184 332 55 171 378 275 731 15 807 974 938 59 627 629 788 573 38 533 205 523 887 103 985 511 688 731 939 713 43 303 577 768 199 644 631 987 415 860 915 719 663 471 911 373 412 273 643 755 146 90 67 405 591 505 532 539 394 462 641 554 585 956 585 130 660 237 62 699 360 716 113 636 838 34 907 361 629 405 174 187 483 868 934 207 137 719 437 559 712 941 847 279 990 44 858 165 362 684 784 290 649 932 391 145 57 296 870 657 789 129 239 470 9 308 508 598 270 958 368 251 986 397 479 832 915 317 792 275 937 156 238 828 569 133 993 269 36 569 639 889 35 549 382 362 459 684 996 606 556 875 586 674 383 39 283 503 598 38 719 706 728 684 144 799 923 398 692 537 830 100 377 412 505 75 209 476 698 369 348 816 508 725 627 379 593 788 283 221 162 252 291 197 176 77 611 661 238 387 754 932 260 629 234 409 336 693 668 669 102 646 39 313 733 957 412 514 794 727 690 805 552 357 605 23 776 147 138 956 332 450 535 906 401 164 764 574 502 407 787 949 201 808 894 572 181 963 347 164 917 716 682 19 234 115 283 932 688 205 455 626 777 845 53 840 494 816 581 933 498 291 141 672 439 527 945 469 461 489 837 468 453 75 123 306 686 611 454 553 853 239 44 870 276 173 572 762 370 214 843 432 950 270 970 509 755 111 431 858 749 169 39 599 5 40 793 958 329 533 223 269 351 969 787 1 442 634 509 706 601 64 655 941 893 566 980 250 961 126 840 876 148 759 314 482 93 162 74 795 382 873 27 193 768 161 871 847 27 992 601 465 153 838 725 619 847 221 647 26 235 327 781 650 589 217 446 1 282 734 234 923 29 249 783 739 842 321 631 545 614 399 883 360 686 259 810 195 767 459 737 403 375 494 309 615 605 420 770 695 137 911 171 917 520 668 455 150 212 18 931 625 258 319 357 671 545 466 523 416 121 959 105 849 917 618 289 576 209 951 533 721 898 982 426 814 71 692 668 489 804 533 698 477 389 426 955 660 368 145 364 495 5 322 543 635 18 373 820 273 687 60 196 25 346 90 784 777 334 943 460 698 887 950 42 
413 63 111 312 888 650 111 279 890 995 81 989 623 449 486 398 153 598 253 842 189 540 608 638 60 75 687 476 350 409 463 989 959 968 650 603 879 960 21 729 92 56 63 109 914 888 679 413 568 871 28 57 216 795 356 536 91 21 994 334 300 470 326 837 292 783 641 505 292 123 605 72 21 463 393 428 911 729 612 731 247 960 793 938 192 78 145 655 286 748 479 605 614 551 357 598 605 793 939 742 873 291 266 765 355 806 288 233 512 260 60 280 543 275 390 221 127 208 367 977 288 29 544 20 954 655 521 183 776 254 453 550 159 884 25 414 315 887 755 671 514 385 934 34 998 401 790 651 607 229 255 136 411 5 396 842 488 726 34 932 258 966 988 505 57 580 193 426 6 528 557 713 408 837 89 780 822 46 440 22 481 925 892 199 481 134 544 854 947 536 713 357 527 207 70 272 340 866 426 313 871 772 266 10 974 524 854 55 12 724 471 473 914 619 905 325 894 840 772 376 370 712 13 365 803 829 278 394 621 263 743 83 238 932 470 896 491 803 32 843 946 985 498 337 286 699 963 508 686 243 489 409 20 719 16 530 184 500 509 295 275 565 447 627 154 448 215 249 133 13 910 28 679 74 534 903 314 142 218 116 55 424 156 59 999 94 647 856 90 625 904 52 76 668 154 813 492 598 61 997 328 659 682 887 813 964 238 806 169 97 370 751 876 854 418 356 375 980 121 734 128 755 410 609 439 764 863 615 961 841 102 874 447 772 548 965 654 581 408 902 649 954 390 901 562 417 668 634 129 739 497 341 275 121 301 741 783 482 820 322 803 167 790 718 253 273 493 444 810 771 947 627 527 966 317 16 677 466 146 856 369 653 115 74 130 140 345 995 750 641 565 404 978 218 875 87 14 924 59 59 307 557 111 721 303 519 420 723 952 950 967 785 518 849 571 22 777 587 170 240 333 32 166 973 263 830 381 457 194 750 908 978 467 1 339 531 620 969 312 685 857 344 104 712 353 224 939 4 187 327 860 88 27 128 965 593 402 57 461 567 900 968 444 955 884 262 238 296 292 558 887 856 582 306 127 462 364 682 425 449 151 897 670 335 856 116 533 11 106 291 164 575 688 256 982 153 317 864 497 280 
907 75 488 485 227 292 519 362 618 499 876 360 6 906 220 897 566 96 10 504 93 274 568 413 863 185 783 325 881 866 138 608 690 431 432 930 851 174 457 650 104 927 944 454 338 381 70 484 172 922 752 869 816 976 177 759 105 849 904 958 631 251 651 113 101 653 645 57 272 945 692 5 814 665 757 193 266 984 363 38 52 565 327 974 581 88 778 804 244 961 253 299 684 676 11 715 381 847 271 7 807 447 406 465 125 414 981 474 296 383 178 570 241 621 963 363 45 6 17 957 563 92 329 16 127 991 140 706 172 445 426 980 646 90 804 620 834 585 920 362 687 605 202 272 200 732 514 172 614 209 785 167 413 523 112 436 101 902 999 663 288 890 768 60 566 460 749 393 470 541 363 109 189 771 527 725 872 90 695 822 745 423 183 610 39 382 529 662 705 413 872 343 822 187 776 804 521 894 698 82 240 661 62 110 84 337 841 252 134 259 646 999 656 320 859 293 597 875 753 437 42 279 166 306 565 282 994 625 77 483 781 554 990 222 190 182 639 995 666 739 450 630 106 230 161 120 999 838 966 878 112 889 582 861 151 713 235 806 844 700 810 979 60 792 130 415 893 303 793 323 956 111 506 1000 973 985 762 147 128 394 839 582 437 144 718 755 275 537 450 94 212 952 485 935 775 395 436 351 657 372 221 757 685 205 339 4 509 264 894 680 962 788 386 152 129 404 925 309 585 618 921 636 24 921 535 646 374 330 779 434 206 572 312 70 686 889 737 124 839 168 400 373 267 539 366 750 15 529 344 649 871 194 875 728 81 821 39 39 94 983 770 718 187 611 589 500 353 461 950 41 386 984 189 811 497 504 342 181 441 446 781 936 260 901 868 71 116 934 225 99 877 587 437 446 662 515 927 58 613 42 983 248 832 959 157 324 8 742 553 792 332 609 770 238 806 883 642 127 411 870 130 670 209 417 631 394 935 964 228 787 705 893 213 116 728 909 50 328 437 792 609 385 771 776 667 628 565 708 102 375 890 76 763 970 268 688 1 174 578 907 152 432 930 759 182 779 509 518 597 141 725 725 942 862 731 573 939 75 302 72 248 557 712 995 154 602 396 650 88 334 195 902 226 758 682 476 94 269 258 236 
547 859 25 285 674 829 878 49 145 915 532 824 153 820 370 13 462 582 25 209 768 292 915 754 48 519 295 751 579 468 576 90 523 313 525 286 564 738 961 167 445 339 634 564 95 694 100 967 679 594 467 935 880 366 71 580 354 173 340 176 446 871 20 694 305 25 487 229 895 138 249 752 216 316 149 449 558 144 960 51 614 750 526 499 957 614 700 760 525 118 15 3 307 338 896 833 618 214 665 663 383 306 44 685 403 150 504 312 438 871 600 610 681 468 544 120 896 977 882 408 647 762 852 118 519 926 515 561 308 873 725 196 577 456 36 642 238 837 601 524 26 252 505 418 529 209 598 640 738 170 25 342 270 784 527 190 406 11 737 351 815 682 746 473 508 548 441 531 316 296 745 949 76 702 155 825 74 174 381 295 278 490 412 90 909 159 593 945 855 847 918 453 21 928 22 882 562 813 229 517 559 80 18 517 548 708 5 291 183 180 285 717 237 67 145 408 916 866 236 188 979 950 284 407 389 658 222 613 807 217 1 356 997 199 237 294 632 815 76 86 943 160 182 952 832 554 438 564 51 98 780 542 723 323 16 933 888 646 545 948 404 765 404 116 636 666 837 344 180 320 619 225 197 517 776 857 840 471 910 63 864 407 946 492 336 188 880 724 927 773 86 118 244 438 103 907 164 483 676 184 66 459 385 387 62 181 369 279 667 109 378 119 82 483 668 432 364 166 473 311 989 500 417 725 484 957 818 551 817 171 229 2 315 503 798 524 801 428 104 705 501 883 336 278 820 666 940 339 162 895 917 353 35 36 632 90 0 88 704 633 551 272 853 75 762 197 147 349 487 919 433 799 27 508 644 110 895 905 114 592 544 824 131 268 638 481 282 661 826 93 170 24 755 730 130 378 329 520 79 710 98 628 432 53 3 298 134 136 915 986 568 127 701 74 177 822 357 65 603 922 140 413 525 416 888 798 99 354 258 706 312 868 712 194 325 549 232 837 731 813 265 391 355 466 359 375 963 190 896 461 42 504 140 180 297 92 544 904 888 58 664 15 522 776 25 302 265 777 734 72 657 468 37 728 580 648 903 511 656 824 140 101 520 817 531 35 540 492 166 728 144 6 999 579 96 224 61 272 268 407 
599 599 359 58 318 462 464 323 702 675 29 314 451 178 580 508 87 7 984 971 122 108 64 705 387 756 505 91 667 85 218 253 966 979 569 676 923 570 38 903 54 414 875 651 938 914 761 92 205 702 707 387 183 14 306 279 316 537 600 2 430 624 235 929 933 612 285 735 499 544 631 433 413 805 514 723 788 490 870 342 900 797 82 532 229 706 182 927 765 34 625 814 780 203 967 46 519 457 354 432 65 71 391 691 338 360 291 42 368 390 730 375 613 870 800 776 942 579 885 830 410 183 603 842 331 937 572 279 821 941 438 149 321 306 590 362 393 868 541 578 698 377 478 138 646 41 18 448 673 81 277 198 418 115 875 832 174 966 889 952 27 941 712 896 351 655 399 508 629 527 24 658 590 511 176 329 707 798 226 601 590 951 404 21 318 851 709 68 927 207 286 662 891 810 260 618 328 375 173 153 980 965 944 887 42 84 552 853 892 793 786 725 844 937 565 1 588 500 659 121 252 665 478 146 578 514 113 683 512 382 384 448 101 875 966 781 269 652 625 236 605 96 402 653 66 259 770 18 39 549 840 211 862 868 299 88 287 288 346 917 763 351 817 421 486 432 961 795 785 143 855 791 692 315 690 259 309 371 432 380 844 525 659 327 643 590 617 395 609 120 208 908 995 79 259 98 414 922 916 655 620 664 857 0 692 463 463 916 747 167 600 989 115 913 391 330 408 999 997 608 883 54 467 69 370 173 584 369 966 351 868 2 838 799 323 273 406 484 349 211 983 718 658 492 742 851 654 630 608 411 950 668 788 389 490 548 738 129 894 599 398 295 920 708 526 972 739 446 548 960 999 725 249 492 923 557 237 770 100 581 590 922 897 430 467 783 681 479 734 154 235 500 951 300 953 210 952 886 451 858 247 158 618 748 144 472 399 459 919 110 71 177 745 383 992 335 335 490 856 406 532 307 675 713 657 811 577 393 774 403 389 952 459 209 190 995 516 470 215 459 542 555 533 880 707 848 976 557 846 839 78 719 170 178 630 786 599 704 925 161 736 142 350 312 880 792 787 266 191 692 312 997 399 989 326 389 471 917 355 22 973 709 220 380 469 876 490 16 411 824 434 686 383 704 891 907 828 947 638 253 
125 16 938 816 161 934 350 356 987 920 622 546 795 645 544 128 223 738 588 434 219 354 83 474 344 494 735 983 890 59 35 62 895 231 231 748 458 85 826 550 968 715 469 280 493 179 433 210 209 530 96 212 427 811 117 348 797 693 901 41 191 874 466 461 359 165 458 114 999 89 465 169 515 396 820 882 207 862 658 803 986 384 569 80 57 142 194 663 341 617 203 468 282 691 391 355 911 597 987 942 956 389 105 913 176 247 280 207 870 414 944 903 107 641 632 781 887 81 290 589 901 836 697 106 642 554 129 973 928 213 869 94 331 77 992 304 981 29 309 100 83 738 982 458 432 530 469 320 169 447 420 828 217 926 325 893 816 270 518 226 240 63 661 478 358 806 385 39 654 434 934 297 783 594 60 310 26 534 416 919 9 347 232 328 702 77 483 809 254 623 245 942 274 717 978 902 631 650 222 629 677 372 412 330 382 817 23 142 744 373 292 124 253 178 258 324 344 918 861 106 454 97 122 269 822 539 191 797 242 786 819 703 431 110 990 495 554 639 977 779 416 527 235 829 181 74 602 222 435 901 963 162 191 105 168 618 955 591 788 588 588 17 328 797 466 217 40 65 904 400 633 209 432 927 155 253 581 787 254 57 837 475 75 705 325 312 539 162 448 70 199 734 871 941 765 94 446 520 628 935 921 369 976 593 482 932 548 410 724 523 472 660 604 247 995 392 560 133 47 13 121 376 618 985 246 313 293 156 619 266 645 617 744 830 678 897 545 789 382 487 113 968 507 58 105 646 71 872 270 191 865 531 679 233 118 602 983 126 824 85 323 126 479 312 958 956 366 405 529 440 135 778 36 760 318 183 654 698 738 269 27 375 644 513 764 204 398 102 304 409 410 19 977 142 951 834 848 579 639 200 914 916 564 409 318 658 404 183 833 810 798 115 480 446 542 701 770 942 296 549 740 530 320 846 394 492 39 3 263 175 79 771 99 46 215 30 603 788 623 885 397 723 3 695 702 11 733 41 69 522 696 664 121 750 47 80 966 172 825 68 834 508 525 522 359 796 205 742 232 115 940 917 482 344 977 948 584 909 793 974 217 410 211 919 629 332 527 728 426 118 158 608 818 666 818 165 179 711 256 971 
794 962 559 323 634 265 707 775 776 248 253 781 833 654 881 335 945 892 683 417 55 945 624 67 667 371 556 676 355 260 272 463 24 361 26 708 862 355 100 314 862 237 777 757 236 190 602 665 11 565 899 109 798 568 897 399 686 325 783 527 629 918 230 711 314 268 97 52 524 494 558 927 776 52 755 266 297 252 276 527 142 748 321 871 720 341 28 559 825 307 711 842 839 878 516 204 873 42 663 780 805 237 953 547 201 235 401 1 217 825 556 779 540 423 858 342 132 956 691 144 531 605 967 40 317 513 314 660 963 619 706 270 824 373 710 740 318 584 551 478 185 766 946 706 522 275 291 641 752 36 455 151 792 648 286 436 858 266 889 155 767 557 67 54 922 484 219 712 657 614 151 430 700 745 876 354 583 342 389 618 996 612 655 695 498 602 700 71 303 179 414 769 244 905 368 162 394 907 23 844 36 890 88 190 167 130 526 826 967 666 762 632 886 866 424 326 64 716 684 451 770 762 429 453 166 175 499 879 64 286 373 304 910 704 420 184 943 197 33 953 2 269 389 280 497 732 540 696 821 270 137 388 661 785 319 219 416 147 698 216 407 626 670 163 880 751 536 21 831 789 117 702 522 226 471 530 476 737 734 414 564 21 895 142 207 33 170 867 724 921 125 730 273 381 103 297 642 370 397 321 249 309 915 423 740 242 888 678 134 550 951 710 289 389 405 562 443 289 164 539 259 10 945 761 236 76 274 695 151 578 473 687 287 211 607 408 545 576 2 380 45 480 459 801 458 41 992 130 979 704 211 614 571 553 393 242 454 223 812 341 993 161 52 685 930 85 928 173 637 368 569 289 750 44 159 853 30 817 973 119 423 807 728 617 278 437 424 749 513 87 964 408 738 243 909 27 804 598 796 900 358 592 284 19 795 919 776 43 497 574 0 602 348 20 709 138 325 275 632 682 944 319 761 625 708 484 321 123 483 595 720 930 559 81 116 590 772 284 431 952 339 931 199 588 574 744 906 885 125 452 233 120 454 170 217 327 183 984 746 10 998 142 840 35 718 826 98 728 352 807 160 279 549 336 981 481 943 261 365 157 956 844 591 939 231 568 135 502 381 336 335 381 274 876 205 119 279 230 669 573 
447 682 649 672 673 522 987 818 781 695 260 630 331 346 255 727 738 691 49 494 877 448 306 563 992 981 895 205 267 893 271 313 495 375 758 148 749 841 627 8 258 799 127 863 869 558 777 34 795 983 508 683 314 442 31 805 378 692 991 482 56 302 81 938 929 674 764 806 929 919 421 537 463 382 625 845 537 686 522 28 568 350 810 128 792 575 687 742 812 346 702 96 291 482 279 911 412 934 301 791 488 538 473 597 742 913 2 889 741 157 544 12 503 149 202 730 133 765 980 402 115 987 585 13 386 797 329 539 406 509 69 546 387 798 960 394 854 564 914 36 93 252 732 949 305 732 624 684 412 497 900 43 145 395 807 799 711 824 334 631 189 779 51 10 474 729 58 213 184 99 901 744 593 611 965 53 308 143 319 909 694 104 412 174 560 955 748 754 535 590 822 888 562 173 632 28 296 969 593 153 71 770 879 115 667 314 74 513 102 495 193 849 13 982 541 531 487 293 339 313 740 756 397 626 625 889 782 878 615 321 203 135 373 439 809 929 381 911 354 88 968 504 932 103 581 534 224 854 453 332 862 116 670 644 254 134 720 908 852 422 651 961 999 516 716 664 501 403 7 922 760 439 628 989 324 156 387 257 620 678 991 407 962 896 48 561 178 80 241 820 869 48 62 118 569 612 699 581 374 69 662 568 422 102 460 502 437 719 581 764 800 74 857 871 32 30 583 322 555 35 785 849 401 506 997 373 462 313 854 48 705 25 916 740 247 953 827 137 674 353 427 655 579 897 383 790 407 862 392 482 363 937 493 269 812 610 761 635 901 9 173 203 444 799 411 436 642 117 402 691 741 42 323 432 28 483 386 884 961 604 466 307 733 598 477 933 442 675 107 948 684 986 190 863 156 894 104 745 539 489 343 247 871 981 501 374 195 825 94 530 790 482 754 778 999 933 552 155 35 298 650 777 347 497 796 326 26 126 373 576 618 253 928 219 550 496 622 459 600 574 608 235 219 847 363 636 739 719 557 265 364 206 992 490 578 816 269 722 417 846 43 553 187 957 773 480 530 806 170 466 952 578 973 421 875 616 800 517 813 213 261 285 509 735 822 699 556 29 210 217 762 648 125 292 723 889 256 782 950 475 
399 960 197 422 379 154 160 368 319 905 334 253 725 111 449 689 630 728 187 957 220 308 34 444 378 209 655 14 339 128 285 582 883 63 445 908 975 291 190 522 81 314 344 790 482 798 73 604 112 42 114 692 707 137 683 926 957 474 735 360 230 406 189 980 285 284 617 492 862 236 914 607 873 707 189 359 862 173 647 469 464 240 377 229 39 14 771 443 782 559 47 17 421 280 768 898 63 141 927 495 344 81 72 347 183 761 439 706 505 562 588 303 392 541 787 157 723 116 809 416 309 786 970 458 22 245 91 156 94 980 530 423 456 583 178 126 810 934 202 226 431 891 980 532 216 791 560 10 475 627 329 487 521 32 960 706 897 712 160 45 741 422 719 485 551 726 336 588 672 822 991 711 974 66 886 92 963 613 322 575 486 510 494 373 793 31 293 43 341 663 247 1000 700 786 370 111 134 599 887 353 493 9 660 794 778 826 61 940 254 456 496 537 529 154 689 944 657 734 857 296 33 573 450 832 343 631 264 704 395 834 768 213 913 183 256 170 935 716 172 904 458 862 273 771 983 583 696 259 976 341 444 279 256 519 932 19 328 877 207 42 444 591 168 868 100 824 360 708 79 51 810 254 440 655 3 563 9 259 863 782 96 553 263 243 140 773 24 729 986 29 868 383 114 288 724 133 261 42 208 152 313 977 363 83 97 951 238 544 38 620 976 414 923 727 467 108 721 999 704 635 399 760 929 867 860 623 43 683 880 648 476 392 955 229 852 510 828 989 969 274 981 159 116 212 147 367 260 63 213 522 287 489 208 411 449 773 571 666 652 130 292 987 592 855 299 57 976 692 75 16 707 552 231 826 929 687 301 946 438 179 668 205 407 865 526 360 999 217 575 230 361 246 539 528 348 230 836 491 702 556 241 511 288 714 657 492 633 642 32 762 922 19 243 948 896 356 805 140 285 906 629 441 360 717 102 861 363 798 339 668 684 404 137 200 311 500 168 184 668 991 188 837 459 553 218 799 929 636 344 667 188 602 236 724 803 577 641 692 816 265 414 114 794 4 178 264 963 933 665 445 742 9 717 241 849 936 541 497 445 564 657 550 290 355 133 426 49 468 696 15 315 535 891 443 817 629 619 999 546 122 
63 374 675 523 593 502 105 14 454 787 81 180 434 354 97 988 107 605 519 419 664 305 554 986 925 82 458 76 546 764 38 762 269 357 778 881 169 13 124 746 182 447 750 249 95 381 832 394 10 646 107 235 326 636 558 329 753 616 298 288 490 209 713 884 955 798 54 722 353 612 485 697 291 723 257 632 215 902 122 32 719 938 741 420 615 339 254 245 324 766 555 740 680 526 447 149 684 399 478 543 189 299 397 669 197 679 449 0 836 906 953 908 835 848 421 891 181 841 709 162 655 457 668 451 532 508 684 783 284 370 784 953 968 419 942 941 289 208 410 175 974 927 473 450 323 619 150 822 841 449 285 59 704 994 842 554 695 159 361 346 364 995 949 211 938 110 195 19 291 927 873 914 9 818 241 812 918 582 318 43 84 73 419 585 214 200 87 438 197 424 209 226 72 677 904 809 299 905 82 327 272 474 492 111 86 772 534 879 760 969 740 259 470 383 746 773 78 420 546 879 346 749 165 61 174 121 18 457 486 393 478 772 14 675 889 625 355 859 629 229 744 276 910 442 216 545 18 645 160 196 799 721 957 239 586 43 374 784 929 803 278 39 475 533 201 263 479 180 387 460 826 613 737 664 799 164 91 100 196 999 374 150 61 928 54 261 48 97 957 900 912 624 945 11 382 559 650 585 858 141 694 928 590 301 903 729 672 571 435 661 500 894 932 255 295 103 943 247 687 716 134 983 34 445 910 42 71 226 512 650 645 160 890 157 706 50 81 724 283 468 392 644 882 296 546 208 28 98 168 296 169 252 452 577 321 448 684 867 33 101 858 439 912 831 657 151 709 488 774 643 217 680 43 587 716 34 782 187 353 894 356 536 938 769 384 243 700 173 124 404 206 606 516 408 150 19 710 756 781 604 929 810 458 284 415 523 356 719 657 464 634 220 946 66 126 539 290 202 218 145 493 103 24 472 919 2 507 104 91 27 801 972 210 812 651 78 664 438 372 402 599 833 370 99 177 256 609 32 175 301 163 47 421 940 631 258 674 753 633 152 249 893 338 769 702 913 488 228 860 7 978 704 281 136 594 946 425 885 674 304 462 137 733 760 319 594 934 883 740 552 8 316 956 794 218 755 357 351 592 538 
736 704 315 357 60 129 178 404 340 425 473 630 2 855 847 10 981 124 634 396 310 600 601 166 230 420 991 792 991 328 510 73 783 700 681 855 311 130 110 69 331 307 797 813 335 335 288 626 693 304 258 924 221 19 357 242 793 152 614 868 665 254 281 781 271 670 63 555 178 723 178 72 892 778 0 470 141 345 560 222 236 637 406 512 714 433 413 490 210 699 953 776 537 713 479 928 692 329 967 412 472 798 608 58 309 907 637 80 611 106 530 339 37 35 71 479 311 296 10 298 979 51 616 337 514 961 229 863 842 847 220 462 646 377 57 549 72 749 630 712 799 496 788 828 409 304 170 478 741 563 251 868 945 830 161 667 588 806 208 334 406 653 98 598 556 538 602 566 492 267 269 282 403 834 488 534 13 692 981 728 92 680 51 100 735 505 131 160 231 911 762 319 416 812 59 575 433 125 752 102 362 329 587 449 27 535 919 643 85 975 244 896 322 905 382 157 272 420 298 294 213 869 603 588 547 60 438 506 74 101 946 377 897 48 895 619 973 731 622 23 133 341 624 843 183 446 526 980 96 321 985 937 853 657 150 298 755 27 867 166 452 462 619 989 100 241 469 695 36 533 670 134 297 47 405 490 794 660 720 352 474 715 823 418 338 438 866 440 978 748 993 917 544 686 913 968 637 735 930 237 477 837 928 898 838 439 813 925 403 836 672 385 982 540 926 887 104 946 639 804 662 667 914 664 272 325 673 105 876 644 648 808 362 567 884 300 567 733 513 300 751 734 151 139 446 893 578 420 687 219 629 381 864 963 28 583 319 791 268 635 807 939 731 385 859 919 706 160 529 776 918 968 187 121 30 479 265 681 606 764 973 460 105 471 986 704 765 966 18 889 905 255 306 564 198 198 133 259 898 534 445 311 61 314 812 16 63 437 609 585 286 889 838 954 732 791 48 435 796 686 838 818 391 368 661 342 610 733 702 702 75 342 762 20 817 135 608 449 979 830 848 66 953 664 252 202 700 763 193 97 582 994 870 791 154 31 555 749 592 897 9 900 581 459 977 915 646 296 537 547 10 578 716 955 748 122 29 69 863 702 596 241 757 263 884 830 577 522 58 306 866 626 613 65 888 391 809 719 97 772 
494 799 889 153 424 711 774 191 484 718 879 678 986 458 726 624 272 392 691 414 41 227 125 256 673 495 438 101 733 956 265 616 842 551 952 222 770 485 581 143 355 862 27 303 633 903 125 79 96 597 91 832 113 103 671 560 549 893 111 422 995 198 794 922 616 814 555 64 465 713 554 664 676 71 896 793 609 483 543 575 839 667 557 348 370 519 770 72 873 7 231 670 84 145 358 569 331 706 388 10 23 366 885 432 812 28 699 768 667 667 203 422 698 406 254 185 398 21 707 109 462 282 946 974 783 384 989 301 649 974 752 890 385 654 73 76 519 763 649 547 975 818 37 356 297 940 985 1 31 321 735 33 942 619 937 346 396 70 580 969 271 745 174 741 793 170 499 948 132 559 970 486 689 343 523 462 0 598 774 971 381 861 352 349 23 252 697 878 537 986 969 488 602 439 910 428 925 210 496 74 731 951 1000 205 632 3 392 175 270 793 851 991 718 64 580 37 239 412 314 845 196 90 600 781 49 356 263 195 720 256 398 515 267 908 554 340 981 997 953 206 497 898 512 442 769 582 224 91 79 133 158 794 832 685 39 196 708 968 439 278 149 124 665 152 771 59 175 565 294 403 323 237 207 142 795 824 703 539 602 883 877 399 10 498 106 799 275 418 370 778 13 121 977 780 591 467 447 9 800 9 868 502 243 445 967 290 29 88 402 932 176 68 137 988 148 365 754 57 933 518 428 43 682 667 351 979 169 54 840 231 27 904 979 684 670 339 511 185 245 399 333 244 675 46 494 375 20 308 229 823 688 950 148 746 360 45 457 496 705 945 509 327 627 773 430 492 513 176 720 393 998 882 208 870 938 376 781 527 411 579 388 328 947 342 266 587 601 460 557 609 869 928 113 356 730 351 620 494 58 985 618 881 902 744 657 408 834 230 628 811 470 807 443 295 253 963 850 752 887 55 156 518 972 998 876 622 339 346 558 622 931 977 296 547 990 213 347 985 564 581 107 844 371 250 653 520 160 630 241 498 433 461 243 823 710 189 860 731 681 758 389 484 377 221 664 772 173 413 181 597 631 529 233 739 7 163 214 237 96 645 291 384 323 128 932 356 102 150 403 901 699 47 961 796 900 708 680 552 749 792 
158 936 475 254 888 717 937 998 944 231 938 46 24 104 122 782 733 589 976 635 470 418 160 458 885 117 820 82 842 461 492 240 255 815 844 90 868 669 171 719 906 578 105 791 113 30 237 114 514 198 488 294 264 216 704 986 235 767 365 483 504 764 488 479 653 518 761 30 571 907 787 778 611 921 806 599 540 332 956 400 827 518 797 837 7 341 961 945 766 162 165 392 793 569 941 486 526 668 927 584 774 71 820 684 196 410 27 482 943 111 889 664 999 841 63 121 229 708 877 176 505 496 242 628 461 469 725 25 683 944 703 929 516 676 914 755 493 969 285 463 781 28 111 516 80 6 298 232 965 577 170 944 386 655 182 78 80 508 915 814 412 203 691 252 256 573 458 843 334 981 129 270 742 814 989 940 119 611 980 778 359 726 165 854 748 323 181 394 699 122 216 725 583 234 277 516 522 901 367 460 184 643 761 832 75 106 177 426 510 508 161 965 124 293 739 515 322 556 962 545 82 768 638 433 605 551 478 198 910 346 952 489 811 847 723 611 142 947 44 950 937 107 618 14 710 229 886 404 821 942 746 498 8 513 465 623 49 9 752 32 653 479 961 786 402 235 38 344 777 177 702 801 10 737 613 319 87 969 125 38 862 983 256 803 464 936 933 552 497 244 48 740 740 873 483 949 96 49 689 550 700 953 78 503 202 78 612 895 538 452 221 887 679 732 425 705 75 590 518 674 508 483 283 446 590 77 283 18 477 367 544 741 693 372 276 124 763 509 805 199 920 875 443 217 4 503 244 42 604 17 208 117 397 755 503 907 823 646 154 713 784 456 643 697 688 503 319 877 809 151 104 247 838 48 16 908 560 809 408 989 772 660 711 669 905 843 839 88 372 594 200 131 684 204 328 926 753 824 594 700 393 334 862 107 826 881 365 336 657 628 208 121 787 734 156 929 687 218 69 943 737 396 893 263 514 555 499 857 752 838 693 372 895 179 957 217 930 917 32 224 651 908 256 797 507 747 636 35 178 8 377 979 290 26 495 527 205 114 720 684 616 549 449 659 395 566 43 821 606 21 318 81 192 253 258 65 903 849 79 141 802 700 445 91 560 796 855 722 815 68 519 424 171 755 676 620 478 11 980 871 
669 509 264 802 733 902 900 156 303 684 601 606 701 770 378 385 91 683 95 99 187 163 856 168 478 990 913 553 190 570 147 997 866 497 666 94 249 241 661 913 921 779 716 236 233 336 997 443 131 6 515 173 853 232 411 326 293 244 285 308 180 423 826 559 806 890 712 833 112 149 370 323 396 986 75 268 914 18 303 388 50 16 389 4 262 320 599 149 599 63 65 875 910 513 658 529 553 225 878 438 45 300 474 77 772 194 522 286 324 399 98 385 514 797 111 931 357 250 306 762 189 920 482 857 831 131 930 318 516 614 397 316 130 556 281 60 191 579 933 192 210 48 80 807 785 456 322 887 736 64 533 24 549 579 857 472 255 746 878 725 34 361 192 216 524 198 360 274 743 433 237 537 660 778 760 680 797 800 702 286 674 947 551 605 900 1000 569 647 804 877 235 655 552 951 205 981 547 929 748 295 690 306 528 93 517 0 593 75 931 317 659 148 984 584 763 251 222 983 243 222 789 686 142 12 544 824 673 864 877 707 211 579 50 1 919 342 700 789 859 76 446 5 3 36 480 486 376 432 71 960 826 75 854 755 378 746 715 197 588 100 72 655 963 244 122 901 833 31 423 16 738 73 813 687 580 225 61 468 291 134 631 900 87 208 242 286 855 691 732 629 195 986 621 170 260 784 368 723 980 26 983 277 851 619 1 766 360 31 131 739 377 364 16 647 702 842 383 521 555 734 825 106 978 287 72 128 764 430 971 772 341 629 0 446 419 449 988 88 156 378 545 341 978 60 428 597 641 852 561 241 80 715 848 585 144 742 272 923 637 981 510 340 658 232 260 45 386 917 185 67 108 781 815 809 566 630 23 600 205 942 681 39 61 234 737 462 168 731 140 689 608 10 268 528 311 224 181 214 334 251 453 522 353 361 733 630 56 271 807 868 145 454 344 788 802 605 773 651 920 420 166 389 900 97 938 488 429 125 280 133 585 765 152 344 684 335 759 330 343 425 990 431 61 893 161 769 27 78 770 814 802 386 488 712 210 225 805 788 268 676 130 428 592 676 179 866 760 874 354 655 443 346 661 318 638 458 548 89 635 818 856 293 966 624 392 3 766 644 504 53 421 394 131 449 867 420 839 528 536 865 
627 472 87 885 647 572 533 581 251 970 430 877 494 251 80 748 658 904 726 875 792 153 720 478 960 824 976 573 424 906 989 265 934 421 590 691 803 59 719 579 599 576 989 234 438 160 733 885 401 16 314 809 35 169 307 455 852 558 884 54 903 992 443 541 275 189 398 851 596 198 543 498 617 207 627 214 94 267 550 840 147 674 788 350 991 491 878 818 591 552 45 645 595 141 615 594 388 627 730 534 357 974 953 291 317 332 488 16 724 736 95 707 844 728 639 389 815 548 835 997 976 219 462 460 611 740 975 836 339 987 190 942 733 952 430 472 126 990 353 501 301 231 517 865 15 224 446 847 259 407 577 12 993 589 874 960 760 94 700 137 303 316 876 642 491 188 610 689 453 753 722 264 471 774 685 798 67 475 225 216 777 179 574 759 574 607 957 228 984 556 878 535 870 181 840 71 381 661 575 255 286 30 512 750 268 456 61 339 620 434 781 130 994 295 640 106 517 366 686 209 649 339 854 799 382 280 120 278 29 109 493 299 396 794 832 984 626 528 885 400 215 172 234 21 454 785 227 400 90 628 680 569 557 923 735 50 870 507 154 144 510 905 787 863 421 762 193 754 980 613 763 298 418 809 123 570 967 199 687 194 582 367 657 947 435 218 558 869 661 865 246 80 698 898 37 1000 742 160 570 667 49 619 193 753 669 764 221 322 411 156 325 454 638 549 538 982 844 679 887 155 974 896 240 117 664 29 445 884 783 494 380 386 399 149 937 591 461 18 815 176 218 429 128 831 693 167 534 427 330 273 753 872 303 399 813 574 76 620 792 345 994 918 486 358 174 285 353 310 901 478 515 877 955 886 122 264 685 586 420 537 736 274 174 536 874 738 245 593 501 780 443 69 482 920 297 475 733 479 658 93 740 164 808 697 869 99 988 24 509 885 849 902 506 449 432 997 465 488 746 291 980 807 672 797 236 574 690 89 457 597 729 448 565 842 845 516 150 90 339 154 588 530 879 844 94 232 132 684 411 582 212 565 662 686 134 570 534 990 523 855 562 337 424 414 411 217 934 95 429 613 645 727 104 812 382 96 961 103 526 979 268 566 938 832 197 343 536 69 629 188 518 531 951 315 820 247 421 293 406 16 
557 952 949 495 382 542 557 79 794 170 789 997 522 396 263 973 143 139 484 61 569 237 167 795 395 501 748 430 810 386 143 720 909 155 540 420 678 679 314 536 132 849 327 893 853 607 766 722 238 294 782 989 172 478 840 554 839 554 270 394 846 189 108 488 744 221 467 44 239 111 502 251 775 359 576 412 312 973 234 832 902 406 253 172 10 736 246 553 51 35 812 366 119 147 993 932 195 910 83 541 234 961 304 756 613 869 331 653 111 772 829 260 860 423 837 458 548 105 386 180 539 307 769 930 953 928 957 691 466 555 34 223 522 791 11 140 264 717 814 379 575 828 781 193 246 866 402 606 397 974 347 874 19 151 35 179 800 399 748 335 142 354 105 938 532 296 168 318 763 580 839 713 447 229 963 767 215 750 432 141 143 357 595 360 559 487 168 760 805 775 330 805 859 966 373 540 166 299 334 303 781 794 919 425 978 735 578 301 370 881 175 310 747 248 523 561 686 972 488 339 460 483 277 680 677 364 823 634 885 551 337 478 624 507 168 477 125 998 298 141 124 305 730 18 476 435 139 66 204 292 907 724 330 971 879 360 266 941 705 877 104 34 371 585 599 942 582 806 293 154 1000 25 634 620 644 31 470 770 200 313 44 521 440 602 686 386 120 602 969 750 241 301 69 315 338 387 414 885 18 877 739 459 318 291 24 997 193 787 662 912 262 393 199 342 446 596 734 156 963 752 172 939 450 330 74 593 803 934 233 137 334 490 229 693 98 855 867 178 551 423 532 337 132 582 623 664 69 365 130 161 20 300 295 983 951 128 707 42 518 934 907 82 87 830 206 466 798 580 667 683 799 472 289 238 852 341 77 331 692 64 0 799 506 791 292 173 564 121 188 295 173 927 661 332 901 588 720 953 875 730 284 281 881 393 173 513 381 331 560 876 665 904 836 380 911 141 795 247 343 253 187 955 334 753 795 730 470 599 62 656 626 519 636 915 764 180 78 779 688 740 322 217 430 701 587 486 200 958 383 247 534 792 626 31 427 461 818 901 838 273 962 223 568 722 502 924 989 73 88 451 910 364 590 510 867 957 212 286 799 64 842 535 806 618 238 263 461 796 518 620 873 562 737 732 560 463 897 830 755 493 
821 242 595 888 365 204 138 217 655 321 540 787 141 675 386 283 849 509 744 173 462 969 70 938 374 404 709 757 102 299 312 361 19 227 300 229 289 567 609 984 228 335 36 992 557 564 982 73 418 981 370 560 970 816 236 47 401 224 687 605 139 565 408 837 819 680 667 289 321 60 38 610 474 774 889 434 66 753 751 999 194 496 894 539 740 598 246 35 854 98 260 275 653 640 220 300 602 228 497 611 743 627 902 996 850 976 788 721 546 582 433 792 225 788 944 525 162 537 808 407 128 924 971 255 969 724 64 114 845 246 93 389 847 465 242 940 391 635 4 14 884 787 0 372 889 75 387 662 42 146 106 403 43 858 484 448 374 592 64 342 683 43 757 550 400 930 730 676 51 493 298 436 880 959 695 949 74 235 21 339 461 91 256 860 855 427 326 938 849 42 455 914 994 800 390 940 414 415 196 972 974 193 345 892 891 58 92 492 327 126 985 854 406 364 90 250 140 387 678 274 471 858 895 731 620 239 859 749 532 939 173 441 429 730 888 196 746 504 974 165 801 500 462 547 572 950 456 43 746 220 355 53 67 179 672 123 333 400 774 252 415 486 45 271 344 130 246 545 273 623 19 703 979 229 130 851 372 750 418 727 598 221 102 102 164 820 946 143 855 977 834 697 615 156 348 702 653 484 647 541 39 812 561 480 852 211 72 791 951 990 526 281 854 274 456 341 650 94 353 301 85 259 274 178 5 402 487 927 289 586 329 972 924 346 392 532 122 354 878 801 689 380 197 687 690 45 243 382 145 502 780 157 337 267 399 632 337 439 408 712 996 175 697 229 912 501 305 268 805 749 716 612 351 258 760 587 661 471 568 720 605 895 327 520 87 528 208 545 232 284 39 867 363 462 133 767 329 822 419 429 419 222 967 68 377 110 75 773 746 273 987 828 950 103 589 863 707 999 561 505 436 796 587 673 411 185 997 768 897 987 314 864 499 819 779 155 732 100 949 841 674 369 554 178 499 887 723 6 860 801 254 664 1 472 1000 873 712 226 4 828 374 381 765 591 807 857 627 452 526 77 874 193 409 842 388 837 887 350 585 203 823 84 271 922 789 661 742 403 489 653 995 259 497 850 340 752 744 799 57 794 
840 933 88 171 176 592 12 654 499 776 643 555 328 415 51 113 891 157 95 702 946 337 713 397 443 937 302 977 802 838 684 471 810 67 4 531 744 709 424 254 121 201 32 403 89 432 485 885 476 326 148 257 457 299 255 687 155 289 803 693 406 346 643 793 23 264 615 201 577 768 396 363 538 579 982 280 951 524 178 912 331 638 147 524 19 970 526 373 28 623 428 175 129 295 70 890 595 214 217 473 245 858 194 90 967 150 208 120 53 343 159 735 385 972 602 545 503 455 427 345 125 183 950 187 871 981 422 415 140 92 357 708 735 774 389 724 176 743 87 29 197 846 431 704 432 905 74 355 341 307 112 164 785 107 512 87 378 794 623 794 597 508 303 965 379 901 983 598 116 81 6 609 92 356 497 695 351 301 264 641 479 108 742 233 607 157 550 790 952 880 555 853 475 83 371 466 730 918 341 466 20 975 988 713 888 499 884 823 699 477 135 267 789 826 326 851 838 826 543 481 183 871 76 846 375 356 43 138 492 133 424 907 533 876 390 908 199 794 297 477 268 288 58 693 966 347 859 376 910 587 426 524 368 27 984 965 155 894 121 625 128 750 334 274 211 169 565 953 141 950 386 812 560 184 405 428 311 770 867 541 328 587 723 997 303 890 402 576 365 841 856 858 917 24 690 902 692 853 475 780 39 797 367 595 189 823 123 670 860 775 922 389 293 705 909 702 284 718 577 926 257 403 593 924 200 836 347 647 695 261 682 351 287 253 7 882 347 877 955 545 557 13 334 704 312 669 738 14 560 458 552 632 411 977 221 942 136 633 494 900 384 369 402 266 737 398 325 585 876 807 867 507 743 413 882 979 59 249 893 179 391 658 553 61 934 486 67 652 937 364 356 927 511 633 111 514 273 270 837 801 548 517 479 310 660 543 880 447 962 275 467 544 532 696 140 740 110 820 943 404 987 464 799 711 51 72 839 439 145 966 10 18 316 509 605 432 171 168 519 842 998 302 118 902 658 339 257 482 508 427 340 10 842 291 283 139 142 31 468 615 343 997 159 100 819 634 443 446 855 896 549 640 454 401 678 173 600 791 705 294 820 500 957 340 565 686 510 338 502 791 605 34 463 598 142 660 199 996 7 778 
818 365 678 200 455 240 594 68 423 562 729 618 451 205 633 319 525 915 523 626 283 786 879 828 280 623 854 461 516 309 597 429 657 967 978 137 863 573 990 518 676 16 410 919 372 852 318 971 687 989 32 885 40 753 313 20 921 790 807 298 929 919 867 990 275 262 233 44 294 790 990 786 443 733 980 441 948 995 123 351 394 535 802 140 182 59 24 761 211 863 231 636 607 188 809 545 221 668 631 444 402 426 174 998 680 940 669 265 9 165 680 160 894 321 850 372 838 627 279 923 850 884 556 489 719 146 956 739 471 437 164 841 32 821 18 896 756 892 280 307 0 86 329 351 697 133 672 109 779 170 364 727 509 602 29 432 579 463 981 210 591 907 256 47 391 922 58 648 617 988 811 265 796 104 417 377 83 371 523 905 916 313 254 995 910 426 764 851 668 735 155 972 619 198 568 850 565 362 458 156 823 260 143 913 606 710 72 373 314 538 512 10 974 50 311 4 294 877 281 460 714 546 438 471 295 897 158 134 792 540 645 613 59 810 264 247 962 155 845 361 369 651 274 348 464 79 944 38 435 164 88 417 11 903 405 934 955 403 861 468 146 167 964 933 39 172 825 789 776 440 148 375 75 948 865 318 459 186 732 5 558 71 785 258 61 371 337 905 332 317 101 115 985 434 75 593 852 3 303 775 827 961 293 164 516 578 928 585 218 638 888 242 657 869 0 833 111 766 44 69 442 975 957 2 847 917 818 871 280 150 521 989 980 11 128 244 372 542 677 34 670 113 796 329 201 68 627 133 998 352 341 154 877 909 69 398 295 982 920 711 443 741 672 715 764 418 521 517 434 772 560 29 458 727 506 322 170 652 260 121 520 681 990 648 219 95 397 695 58 737 233 672 722 183 708 358 690 679 571 444 466 687 410 654 429 295 207 222 819 754 154 681 810 375 768 453 521 40 877 206 8 93 200 284 155 553 216 87 601 452 593 115 839 360 291 676 515 138 945 869 934 741 506 611 155 22 303 78 474 131 448 50 985 346 764 77 25 422 348 853 66 895 337 765 535 775 813 838 425 536 814 356 386 196 336 776 325 521 649 903 594 374 408 397 545 711 965 696 270 984 366 434 279 788 978 665 649 220 124 686 
495 554 563 946 299 556 83 291 385 822 957 28 849 72 821 542 636 430 815 335 462 428 618 400 838 368 70 664 891 368 312 731 932 992 872 728 896 202 660 69 740 960 780 176 582 376 408 186 965 171 815 180 652 629 427 20 776 635 482 626 876 102 359 61 100 563 430 121 895 925 467 594 800 367 464 66 422 644 607 73 335 4 530 539 820 583 910 426 697 145 988 322 122 949 660 256 320 344 230 585 143 928 348 403 804 158 653 344 867 912 781 165 364 782 391 493 121 532 866 89 2 367 27 726 357 789 828 439 125 74 121 34 284 752 761 828 317 824 700 69 259 920 280 545 895 375 246 937 44 246 146 815 147 652 129 774 686 702 739 946 850 398 690 732 850 30 647 315 215 379 451 151 488 35 424 620 577 381 84 850 958 365 708 355 995 341 780 961 974 433 80 603 21 413 218 20 922 817 67 769 851 295 166 626 912 13 634 142 56 656 390 528 427 210 799 88 21 51 654 492 774 572 533 894 648 622 33 281 428 580 962 594 612 141 468 564 459 102 79 399 355 365 614 794 862 87 648 872 79 610 88 235 663 633 157 690 737 367 303 789 814 183 924 842 31 206 141 402 773 37 366 336 689 496 722 804 850 168 51 101 105 471 864 543 972 206 680 606 275 136 332 480 946 725 651 707 871 872 978 321 498 977 341 291 398 155 547 796 847 841 274 872 596 955 27 617 312 557 32 220 964 465 688 885 874 82 486 848 98 939 522 521 542 561 562 141 156 216 164 132 694 693 53 368 732 560 216 66 893 917 637 493 570 732 166 798 476 659 0 410 370 786 509 411 670 378 501 335 450 326 991 745 220 893 96 482 722 966 710 580 82 458 447 253 185 51 364 257 6 450 726 966 144 411 960 527 143 356 428 118 923 113 326 678 23 373 24 400 354 673 299 810 893 8 770 995 803 602 621 711 817 109 997 263 797 727 427 936 954 16 687 440 771 154 24 533 346 172 713 956 437 872 848 344 843 127 944 534 264 672 745 961 339 774 120 959 290 757 746 217 424 474 219 158 899 776 902 458 183 982 190 153 38 749 739 788 686 690 703 793 610 629 751 16 393 780 66 460 643 850 589 234 986 413 368 139 136 113 355 449 
301 408 670 916 373 767 975 833 321 955 946 462 778 768 325 162 638 910 555 23 181 742 951 659 577 862 795 647 759 902 103 379 310 342 300 69 669 177 623 61 493 751 726 341 15 850 492 7 170 650 363 780 11 345 174 575 462 893 581 579 634 432 561 83 873 703 712 835 923 351 427 850 386 173 153 370 800 872 805 460 400 547 654 540 48 943 766 319 875 651 501 393 180 507 354 271 630 590 811 874 612 190 636 31 70 315 141 929 608 771 205 937 438 725 393 577 945 287 535 890 870 541 907 416 987 383 953 489 453 935 132 388 82 855 279 634 839 964 322 398 838 743 55 264 320 449 528 987 530 468 233 153 226 273 693 370 680 987 565 435 629 975 756 198 544 239 341 194 563 493 115 981 378 803 238 357 145 351 165 308 670 383 606 134 749 38 112 796 404 96 898 211 422 181 342 837 360 346 562 782 739 338 546 898 170 851 675 14 708 276 525 396 233 788 104 281 723 335 842 5 153 921 774 151 614 528 344 4 172 935 281 566 801 780 157 842 35 574 703 864 227 121 344 160 9 635 687 557 244 399 40 532 312 929 583 288 182 582 223 794 885 26 321 502 80 839 453 161 789 9 740 948 527 565 926 756 604 162 974 470 734 449 524 428 325 414 338 18 741 29 55 634 583 908 726 909 547 300 205 929 702 304 223 673 527 176 834 135 640 522 386 636 323 57 974 183 938 426 402 59 325 723 348 23 856 428 199 704 353 719 552 123 372 606 970 101 122 341 40 946 704 565 862 361 200 198 133 887 793 140 44 333 94 758 158 90 178 685 313 6 492 885 427 334 125 316 67 600 857 935 449 36 859 97 628 412 897 301 429 974 305 908 923 574 516 941 458 863 478 564 381 244 45 847 937 226 47 485 262 689 954 114 417 458 578 36 349 515 516 506 771 793 361 460 11 305 507 56 311 641 905 144 312 760 690 107 637 971 338 224 569 122 598 927 638 874 442 6 17 124 425 559 28 754 111 710 443 532 953 52 106 83 274 204 203 587 970 767 903 184 881 0 59 808 941 965 680 473 846 538 255 86 341 656 652 779 685 160 711 435 227 672 797 553 673 858 710 437 271 125 319 639 920 165 165 947 847 731 96 228 
348 352 914 287 374 816 687 181 662 533 959 424 66 515 796 182 23 154 849 986 786 14 948 555 157 829 432 986 261 615 182 194 223 770 922 623 390 354 641 491 213 166 859 874 734 250 128 253 713 389 661 191 301 171 792 336 20 192 499 735 390 525 944 818 863 405 658 473 723 421 100 653 491 811 761 842 397 566 40 903 53 147 375 644 804 803 390 715 283 62 285 382 245 187 576 159 361 546 49 576 913 308 435 23 163 739 663 30 156 779 511 346 514 602 266 845 471 559 106 997 582 101 612 955 489 29 692 487 934 418 711 611 598 70 715 14 918 25 584 747 570 57 549 810 399 918 844 131 12 182 594 214 2 190 94 893 971 932 651 422 80 524 36 224 903 375 921 579 614 724 781 668 751 415 36 22 607 713 210 21 952 75 23 47 648 580 279 308 21 74 291 38 245 48 642 175 537 26 43 782 988 820 914 569 163 593 549 304 133 532 966 779 147 711 227 418 309 235 996 381 523 876 240 96 787 791 894 460 454 835 456 657 58 632 303 31 845 737 433 578 559 497 103 868 725 870 569 483 265 338 676 710 561 434 568 316 348 478 706 118 759 513 441 723 561 498 32 160 7 789 985 105 327 884 533 456 986 404 850 930 949 294 848 838 41 204 813 369 268 500 729 987 319 244 521 311 24 529 424 466 469 383 12 199 676 334 390 172 224 378 128 187 293 877 462 240 26 975 674 230 120 875 393 273 431 52 495 966 567 19 228 323 431 273 752 103 923 571 919 508 609 571 984 239 697 131 834 2 726 773 841 750 351 143 629 451 47 661 751 407 925 405 55 220 869 328 737 400 917 58 463 159 798 7 756 550 81 204 237 428 175 800 117 630 400 953 820 269 568 304 637 721 913 145 259 216 274 173 756 979 407 72 722 243 946 197 705 789 640 851 603 936 412 451 319 217 58 163 804 124 686 570 391 518 30 219 509 574 314 713 706 933 207 835 746 560 95 755 267 696 908 995 858 441 268 912 753 60 285 419 260 480 52 847 744 386 686 132 493 941 961 312 278 557 885 953 892 592 21 937 174 666 576 475 700 440 492 886 95 870 900 422 53 558 290 211 62 191 817 399 563 582 907 359 703 269 117 92 237 45 
440 753 464 548 82 235 599 32 860 121 746 818 749 680 231 947 673 279 981 386 16 716 76 573 150 448 72 329 686 949 253 162 968 923 541 632 56 782 371 412 155 176 174 301 310 753 177 710 273 343 829 692 375 65 123 390 112 333 587 359 170 982 689 125 138 196 115 337 413 685 811 626 879 602 377 695 89 647 567 847 407 159 608 635 45 558 767 536 616 22 788 632 742 25 888 975 931 865 936 306 950 11 312 586 47 375 18 117 448 724 988 285 559 571 77 104 308 664 152 979 72 612 847 643 231 424 916 848 240 841 29 865 145 355 131 323 380 914 10 701 960 570 686 660 734 11 256 801 985 907 779 551 357 519 743 721 301 907 589 968 378 324 974 637 294 173 700 870 85 316 288 902 710 56 467 962 788 585 374 749 931 695 215 168 620 321 643 430 265 567 160 298 239 856 109 227 760 341 54 69 588 643 929 22 510 71 100 222 178 149 679 560 414 57 460 87 30 631 961 525 523 628 145 621 857 929 42 362 522 280 394 27 928 170 436 557 528 872 571 633 78 97 951 532 918 269 826 823 263 911 284 609 531 889 311 235 916 574 226 290 633 713 242 96 592 314 954 760 537 988 86 5 876 197 32 161 706 568 678 252 709 847 191 683 17 95 61 958 392 435 803 113 831 971 543 868 827 377 988 384 654 908 904 160 988 604 543 440 182 698 97 275 913 838 536 812 145 674 674 589 971 846 696 387 872 945 126 206 379 237 47 305 977 38 742 630 749 45 771 230 128 411 885 294 193 454 750 688 501 946 616 504 482 953 512 291 11 640 950 756 231 228 176 144 720 563 59 933 652 201 446 112 901 38 420 95 78 514 485 632 533 848 279 30 102 191 407 587 986 529 437 274 258 779 378 930 395 856 744 336 756 441 4 345 132 870 424 960 515 653 23 654 833 823 589 612 219 497 659 367 328 99 897 981 333 33 452 612 588 0 850 207 114 428 679 13 459 146 914 593 326 353 817 359 555 546 906 893 259 30 755 259 8 52 975 31 160 682 304 119 560 196 722 471 701 257 501 365 514 148 743 766 824 188 638 813 90 908 683 273 786 629 500 265 898 548 809 573 539 823 140 66 732 566 608 959 471 59 298 188 
623 351 581 287 956 70 582 99 257 217 566 418 402 698 566 341 789 578 578 34 49 303 318 634 637 849 472 271 492 1 477 444 94 963 391 797 924 632 527 250 211 123 774 85 870 825 868 701 383 124 85 371 393 120 379 969 101 309 641 181 13 527 189 665 861 523 995 539 569 16 321 272 46 898 322 426 171 911 736 236 208 260 636 589 666 519 184 739 913 187 848 659 337 671 135 293 760 713 391 690 448 756 921 346 436 840 255 965 775 289 990 602 314 957 25 574 650 881 318 26 795 122 424 977 663 810 9 775 755 884 132 295 91 757 631 956 580 292 885 813 856 529 866 254 755 660 657 916 493 872 742 995 443 845 432 364 927 678 112 993 459 74 359 595 736 312 576 583 789 79 707 195 545 212 361 115 661 524 945 896 641 188 462 608 10 70 531 691 550 711 714 685 215 868 390 380 309 418 875 34 94 601 931 41 524 627 249 401 746 43 882 891 734 88 206 623 261 488 149 777 654 447 782 771 264 814 791 551 228 98 374 861 151 537 262 236 763 230 394 303 344 20 404 986 184 59 893 916 236 837 386 916 581 548 925 155 342 795 949 97 541 299 438 30 928 27 362 812 810 151 176 526 822 470 769 722 391 839 26 350 665 986 850 889 794 616 520 696 116 536 578 886 89 141 69 851 14 352 598 949 588 287 313 714 338 865 934 684 665 261 308 804 570 3 136 252 93 569 749 416 186 378 922 496 551 524 297 431 945 698 886 760 51 970 157 394 753 795 500 214 216 795 708 573 625 456 439 190 230 950 314 204 527 260 10 376 659 518 741 565 387 829 962 439 746 395 978 184 125 785 695 704 699 19 59 361 847 185 334 93 974 981 787 345 545 34 540 471 222 629 602 926 642 147 265 105 659 558 55 195 819 277 130 345 802 253 423 462 684 48 109 492 958 693 83 478 793 277 93 673 903 530 388 846 908 494 595 306 647 577 982 533 698 509 997 508 846 941 305 917 290 208 452 158 20 298 63 397 465 920 19 914 969 726 914 832 0 692 66 961 122 400 95 904 838 257 812 646 470 965 508 288 364 145 14 37 22 386 613 863 773 829 288 935 580 387 210 306 783 934 789 677 469 590 906 409 963 463 281 426 
55 946 150 125 47 361 1 159 537 528 599 115 212 770 379 41 426 266 953 294 248 170 476 37 10 784 387 956 963 896 573 820 477 117 826 529 224 935 114 852 233 801 204 401 233 551 855 181 713 351 239 44 619 79 99 458 178 295 11 713 262 147 537 914 402 628 479 700 749 580 231 878 540 67 456 375 432 47 560 341 701 407 119 453 530 641 759 973 876 681 552 241 470 528 126 914 625 129 269 989 264 274 758 240 406 768 574 245 800 94 128 96 280 465 584 188 948 370 958 469 143 238 634 705 830 707 70 538 337 590 43 99 475 72 861 876 64 300 985 885 727 526 177 169 120 83 550 878 745 129 144 233 393 414 413 853 902 947 467 522 86 203 27 969 673 678 664 960 596 978 814 912 90 128 836 278 745 137 619 28 582 386 193 552 182 246 219 864 956 395 739 94 486 648 18 825 17 851 262 51 774 952 688 324 331 451 253 935 864 233 32 908 840 423 84 912 747 981 27 436 230 216 976 487 874 106 679 1000 10 584 485 314 50 888 290 301 80 919 870 25 653 70 673 940 906 241 20 458 752 147 419 375 12 175 614 970 752 481 326 803 930 577 366 399 859 103 239 586 372 661 776 100 579 957 152 309 535 660 834 468 278 881 728 789 518 456 711 188 379 15 420 593 452 13 548 217 847 712 577 771 989 295 123 797 136 411 280 716 45 777 18 652 935 569 170 24 486 48 499 306 441 229 376 75 580 734 654 17 280 423 710 907 749 923 725 785 853 75 761 831 101 420 465 507 505 999 323 442 839 890 795 437 296 457 863 715 395 739 807 297 824 715 113 198 21 225 878 543 413 566 755 236 978 193 698 890 709 586 64 814 413 985 332 568 250 147 339 481 735 990 958 880 743 934 790 575 427 88 113 589 508 408 624 701 49 595 30 604 709 530 367 300 116 190 239 562 437 916 71 84 579 702 245 232 293 692 407 994 854 53 462 143 173 406 834 482 369 901 71 371 175 785 597 296 135 717 219 590 266 17 869 35 568 204 648 888 410 653 839 0 65 785 636 560 128 24 420 387 109 656 609 121 92 27 369 690 517 373 483 19 489 364 432 743 223 615 692 941 323 416 500 509 889 491 926 257 189 839 778 73 
6 492 1000 852 570 964 70 616 337 581 499 750 42 392 227 743 612 611 932 491 866 631 771 638 670 940 120 497 588 650 164 641 829 605 389 931 327 564 865 375 892 454 625 622 24 825 365 891 9 898 171 587 415 192 59 323 824 697 670 136 610 904 85 437 351 973 506 585 775 281 987 432 510 75 0 34 731 825 974 225 337 171 868 299 870 620 215 61 828 888 359 429 292 811 272 807 570 394 544 125 61 916 872 955 82 754 423 708 334 19 930 765 315 890 972 463 656 81 281 955 102 116 513 276 916 2 268 946 464 216 556 759 348 714 245 544 52 365 231 726 965 447 982 283 794 874 146 505 632 599 314 998 581 263 640 727 151 162 0 618 124 396 472 178 939 26 363 449 580 145 826 326 876 667 509 259 897 660 288 661 664 875 30 198 211 402 286 246 431 876 792 718 682 268 627 97 8 950 81 411 756 607 326 777 310 698 309 196 278 474 705 605 698 41 334 62 861 92 488 253 864 697 322 328 865 840 825 251 419 49 990 874 173 583 323 832 199 1 520 514 660 38 277 811 853 257 369 942 849 663 913 756 743 856 486 877 602 449 693 513 619 6 735 335 192 717 702 467 549 5 325 87 605 858 153 303 141 483 558 728 998 415 337 756 582 838 851 436 51 47 535 475 869 802 306 677 345 870 391 79 795 647 3 725 642 589 615 434 876 772 906 423 697 908 953 859 468 453 829 536 841 754 344 502 993 93 886 555 79 758 903 167 346 186 782 569 569 688 943 66 137 47 51 733 947 288 933 430 525 201 396 224 705 129 660 386 56 394 329 437 512 315 304 444 821 521 890 428 217 422 822 535 344 881 711 976 924 999 6 983 356 966 731 146 517 887 890 333 31 8 23 813 468 784 407 646 219 999 971 190 476 182 731 600 328 25 194 676 931 410 720 475 291 347 195 437 961 817 205 254 976 583 438 448 506 866 757 453 977 166 613 691 989 148 873 487 310 657 946 635 500 327 440 755 169 192 183 955 919 521 57 530 261 447 245 358 130 664 436 415 527 847 627 737 785 226 566 236 405 920 503 570 373 354 240 684 0 814 581 873 391 739 348 38 964 157 154 48 90 734 182 515 96 521 352 790 143 834 389 669 
961 337 576 627 85 595 131 750 662 391 118 721 983 718 229 589 833 56 588 750 749 916 973 194 776 876 293 361 595 485 271 855 298 528 536 720 753 704 503 371 624 166 113 609 772 533 818 194 240 646 118 160 241 240 618 597 431 243 117 36 704 48 820 213 735 639 138 583 233 348 432 600 259 357 706 200 162 927 365 573 678 683 632 820 357 103 301 341 410 326 495 179 922 939 540 643 216 759 521 932 936 425 885 801 639 941 825 815 937 129 82 491 39 922 313 27 176 121 191 411 413 195 700 527 893 963 514 816 11 331 828 473 904 69 80 406 581 731 967 393 984 910 183 661 834 265 887 617 37 398 445 87 724 889 894 961 741 587 728 372 643 368 198 928 940 597 832 801 956 465 165 448 524 637 310 364 908 732 351 618 277 57 741 281 160 98 606 882 149 534 664 370 536 340 431 267 752 446 168 343 73 210 709 155 927 636 683 601 921 753 77 472 817 593 760 612 728 19 86 335 333 90 546 708 800 521 835 653 316 138 483 189 93 16 741 288 257 497 137 293 393 315 879 268 175 165 700 124 543 809 130 600 827 160 567 303 295 379 656 809 486 297 505 655 497 739 556 913 457 810 58 798 522 679 101 549 140 167 13 825 278 474 988 12 342 244 820 109 406 996 413 953 567 142 893 759 376 140 942 690 776 571 975 477 548 808 454 975 913 489 135 583 365 724 724 14 432 65 394 504 814 492 731 489 73 794 389 533 837 527 635 531 561 376 85 659 227 529 743 239 501 276 687 852 534 813 402 139 290 481 869 302 467 547 39 481 702 743 387 837 552 85 981 178 128 753 921 32 494 769 385 963 437 717 468 814 674 495 24 701 74 434 392 215 206 58 23 412 769 650 765 978 967 532 557 359 161 957 310 17 76 59 725 152 564 979 511 679 170 159 617 358 14 279 42 689 380 649 175 300 109 663 823 749 341 869 895 418 228 408 44 14 765 350 274 430 481 292 532 521 75 471 573 329 44 726 660 230 903 813 438 783 325 58 861 276 591 227 479 555 414 468 38 686 772 104 754 721 699 150 833 161 914 721 576 555 523 289 379 353 200 595 185 676 181 254 720 883 924 772 95 262 349 931 574 506 59 47 606 261 
413 47 50 202 811 398 414 469 216 703 967 52 206 187 536 206 435 985 71 802 736 801 360 815 365 344 890 32 747 413 290 47 84 376 906 145 365 112 213 289 205 766 293 379 359 644 280 104 806 579 455 817 989 450 905 597 405 933 508 728 511 760 231 958 809 76 166 415 162 133 695 941 789 498 515 308 635 121 24 312 425 303 39 828 16 968 389 17 278 125 945 249 992 345 780 178 96 167 182 608 624 500 402 722 62 976 911 668 35 426 783 568 889 773 76 843 468 69 124 609 309 802 241 211 498 201 476 580 397 300 721 230 403 189 54 162 381 997 984 396 335 435 100 784 744 991 134 875 435 443 183 443 898 629 996 923 29 90 164 648 848 607 144 295 552 18 18 218 76 174 797 414 32 488 615 703 651 698 710 400 543 254 10 93 702 881 790 584 808 859 495 418 321 895 164 894 241 709 665 180 523 159 642 546 563 377 331 549 69 955 975 930 762 589 175 451 377 732 638 564 459 92 995 759 917 907 60 381 818 860 481 425 557 791 985 897 551 824 919 579 797 289 448 154 399 607 683 435 787 867 98 570 165 259 844 219 825 590 260 897 295 44 575 944 156 464 579 548 123 472 705 731 915 989 223 115 145 291 237 65 530 431 636 946 808 529 876 551 610 677 8 94 708 46 832 869 230 953 675 472 306 763 372 298 142 157 636 230 597 785 302 843 706 904 484 698 39 758 836 274 629 421 219 299 437 579 828 823 513 608 204 203 257 810 273 162 87 308 20 133 668 518 37 990 720 701 811 677 367 449 732 517 158 838 95 992 820 951 336 462 432 497 865 112 850 392 353 3 974 31 609 587 956 681 166 387 609 437 67 850 902 958 804 993 262 387 789 455 107 132 930 853 833 708 315 283 186 406 979 904 945 355 817 779 956 859 190 872 828 567 223 205 908 696 61 985 525 577 525 489 730 718 145 793 529 833 294 581 705 523 475 838 180 18 791 179 676 214 597 624 527 217 30 305 417 292 665 375 812 642 332 386 937 582 672 175 144 97 286 519 242 136 911 153 734 881 513 733 785 525 484 257 687 214 281 83 670 428 419 479 932 146 36 896 464 118 62 904 483 360 190 189 903 647 661 457 414 822 1 851 
164 949 500 968 967 212 365 554 348 471 886 217 372 976 240 863 927 454 599 54 86 659 227 209 366 292 14 204 84 493 250 322 125 544 745 850 364 995 700 58 112 30 464 983 627 182 934 7 761 978 888 79 752 866 59 793 264 818 573 338 746 823 635 92 762 693 740 753 731 351 508 816 338 412 803 426 662 67 275 617 152 817 668 994 270 250 432 773 996 490 494 202 224 104 371 850 313 161 861 232 597 311 915 354 346 43 859 462 945 48 141 224 998 812 669 769 178 316 91 51 998 463 158 9 787 582 354 235 740 367 435 575 875 271 867 674 248 371 296 23 827 650 775 366 773 488 190 150 968 656 893 827 924 154 909 695 16 440 122 786 323 874 970 850 121 853 148 933 902 789 272 87 358 566 526 827 117 276 949 780 705 327 86 390 772 58 450 524 17 647 560 256 563 212 667 405 553 186 639 76 538 594 137 131 474 463 155 152 400 390 395 560 873 301 502 144 820 416 206 114 937 313 472 138 830 875 545 539 100 424 833 554 254 121 233 457 24 980 190 840 482 846 758 530 886 573 784 420 525 503 258 568 681 855 23 929 645 599 299 628 184 53 948 983 630 203 705 41 560 36 466 829 534 882 828 517 548 468 38 529 219 339 748 618 850 747 572 484 115 807 564 178 123 165 179 4 492 243 568 21 564 402 602 384 695 599 718 453 533 500 509 389 4 170 91 338 23 366 169 866 428 934 33 347 355 310 372 448 586 466 303 227 165 516 179 524 117 317 78 893 723 784 224 844 536 970 12 309 731 751 946 249 565 647 546 83 352 871 195 104 234 255 353 145 549 790 459 701 802 528 920 708 549 535 586 87 874 124 805 534 1 623 928 701 802 856 801 804 927 671 858 671 73 455 778 921 427 443 69 222 463 940 10 684 909 531 900 675 218 804 914 391 382 318 83 843 487 867 209 196 390 833 738 813 760 77 220 707 580 856 316 361 409 502 4 331 32 763 621 271 271 710 859 475 760 512 399 406 344 56 382 323 333 963 550 512 494 840 979 727 323 521 666 209 896 233 515 1000 585 41 760 661 69 49 401 191 176 987 155 634 851 432 882 139 347 655 545 523 81 343 294 458 623 295 688 190 397 115 634 14 
314 583 661 544 898 385 112 108 337 782 52 483 520 806 635 451 284 349 420 549 751 769 25 591 361 894 21 522 202 607 49 155 359 734 748 821 217 837 745 489 935 339 946 595 157 759 481 550 884 676 606 494 960 373 897 959 483 623 636 559 811 557 157 775 569 767 154 170 736 409 78 461 919 16 986 632 515 926 832 66 357 516 228 1 474 86 512 519 586 147 832 157 531 88 812 612 136 923 471 412 477 677 966 479 515 91 79 84 173 955 446 827 268 972 237 19 889 861 289 296 930 574 487 496 200 778 808 600 352 607 72 343 819 244 315 286 382 363 558 441 495 961 396 19 707 116 572 698 278 225 662 450 982 492 790 982 16 904 448 663 711 965 279 234 538 546 269 360 854 194 594 727 875 997 450 866 303 173 381 308 592 243 719 76 320 241 367 901 814 303 963 345 388 173 833 358 987 679 152 544 476 608 553 613 505 225 61 410 109 519 500 661 472 666 678 240 657 671 640 553 668 155 543 208 325 39 323 316 441 727 564 682 16 992 886 471 226 631 676 847 820 78 861 573 471 993 657 548 583 138 587 678 20 757 700 682 133 696 501 758 329 746 22 20 955 268 391 896 891 384 510 645 358 765 160 437 678 522 117 374 543 369 450 954 2 330 50 455 948 538 921 474 37 54 314 164 653 894 294 981 735 251 689 263 519 761 916 53 192 224 696 940 385 868 918 999 770 275 951 984 487 507 437 482 824 57 880 428 751 700 706 251 258 8 121 427 729 617 102 863 98 15 210 599 387 96 779 783 360 417 546 418 989 555 270 888 566 612 306 808 276 272 817 607 750 571 606 334 917 107 824 220 689 490 174 739 903 539 31 831 553 215 277 383 667 262 384 578 174 325 745 216 523 809 349 118 363 372 247 250 945 332 595 208 430 486 68 216 627 109 312 957 698 299 841 291 565 394 194 307 666 1 988 830 318 164 771 574 129 599 323 619 852 412 995 159 391 728 847 330 62 820 552 838 177 696 114 934 487 324 143 414 598 420 130 550 821 427 880 857 327 228 618 828 953 84 587 45 34 76 753 396 515 54 11 379 806 563 123 382 805 563 497 302 752 137 349 763 590 292 666 826 868 717 887 725 727 116 690 668 
63366 61805 63292 58308 66184 60936 61772 66011 61237 60255 64719 63171 64460 60402 65824 63328 63561 62650 62896 62572 61457 60276 61321 63505 59753 64157 61662 62411 61216 62795 
