500 30 30
-103 -212 -158 -196 466 -116 463 -133 -203 -251 -61 -144 361 420 567 366 -167 453 -128 -191 -172 450 353 -220 -151 -265 -18 321 -34 -108 421 -72 -45 -230 399 -7 325 -145 475 -212 455 354 382 395 435 372 -172 -184 353 -70 424 -53 -37 317 -143 362 -153 -59 -187 -77 -125 336 -30 -99 -128 388 429 503 -201 326 -119 -5 -163 540 -48 478 383 -142 358 -119 -98 -179 -122 -187 580 411 -214 440 289 622 -265 -225 -144 447 449 -69 271 354 -146 -254 -68 519 -28 -204 -23 294 -27 569 267 -121 366 -87 276 -244 -1 -136 365 -23 -59 -18 285 437 -59 -149 -220 -202 -260 -58 292 454 466 -62 368 399 357 438 332 317 -213 434 -264 313 -79 -140 308 -114 348 -68 -56 329 374 -92 -67 -145 -156 -83 -9 -18 314 -87 -219 -22 363 299 438 520 519 298 500 554 391 -35 381 -33 456 462 429 -46 410 299 -194 337 392 -153 485 412 470 -40 301 -1 -267 389 -183 -99 439 339 497 274 -115 418 300 -47 -122 472 -49 658 606 -6 281 360 360 -224 -2 -50 -78 -46 554 -82 -174 -46 -219 423 291 -6 -233 467 -174 481 298 496 -257 -35 554 422 361 -268 490 -209 304 358 290 395 496 -23 -59 -102 -188 457 -158 399 -55 470 -34 -96 316 -210 -21 -18 -221 274 -240 332 -31 340 -37 -50 -149 -96 -58 -47 330 -161 -202 -213 471 -89 290 303 274 -170 326 306 306 533 493 287 475 -136 272 -107 411 302 502 400 427 -147 -146 -85 -174 295 -33 342 -132 525 424 331 -29 -46 -257 -221 -77 336 347 346 275 -52 391 -239 400 337 -61 341 394 568 297 -204 383 -97 -62 -174 458 -194 -166 388 418 -210 373 430 274 -6 458 398 344 414 474 412 474 -100 497 389 -13 347 576 -109 494 -138 -113 356 -232 381 404 -54 -25 503 -4 405 -123 -181 448 358 -104 272 -25 -217 380 320 507 -70 -82 -225 339 -135 -89 356 -57 -93 -124 398 274 272 372 346 404 346 411 -16 399 -179 415 -71 415 338 -54 361 -25 389 -77 -225 -128 -243 -35 378 -166 366 444 -226 -44 -5 418 520 418 -230 -17 -1 392 -236 478 -71 -132 -211 -129 321 -213 -188 405 518 356 289 353 338 428 340 403 -5 344 474 359 -124 332 415 344 -86 -156 593 354 -114 287 -29 418 -25 -167 321 -190 -133 -164 -91 352 289 281 -242 -138 -56 311 -48 -52 289 373 -144 -7 413 269 -129 -68 -86 501 414 393 418 381 -84 590 437 -241 465 -109 -131 -181 -16 -208 454 
462 691 941 638 63 1000 39 84 520 425 982 642 596 658 335 515 836 570 1 52 793 484 331 642 329 311 979 191 914 53 307 84 239 966 364 749 110 570 704 296 493 137 177 387 848 507 522 672 347 14 561 266 551 786 169 180 791 566 769 854 224 1 438 575 843 264 521 873 505 243 857 71 379 934 263 679 175 287 779 367 313 124 170 177 335 74 772 126 2 310 606 620 334 860 516 39 928 761 244 792 290 344 307 185 521 550 97 316 753 327 923 598 36 237 212 479 335 412 771 742 497 286 747 351 722 543 796 812 144 720 933 348 505 908 438 85 183 508 262 227 62 586 346 806 510 8 800 461 281 799 607 733 804 558 639 504 406 593 880 973 594 885 179 43 796 132 818 269 853 645 608 700 190 961 856 408 646 341 310 540 740 867 672 316 604 439 995 199 241 722 477 44 766 89 910 670 653 618 358 904 939 283 709 383 530 747 372 562 349 925 150 954 816 953 934 913 799 561 559 844 923 347 718 288 676 179 248 918 866 902 619 670 306 598 477 980 777 177 462 637 673 536 455 304 454 24 544 925 983 570 339 975 685 979 377 712 957 787 343 833 765 150 40 454 41 477 18 91 235 882 576 745 132 197 858 782 204 216 231 496 435 205 838 720 597 371 807 766 1000 867 612 520 285 701 710 890 384 432 698 908 744 894 272 974 692 716 327 476 388 834 906 210 123 911 289 334 37 370 543 408 117 616 967 979 203 360 829 280 31 456 917 446 216 950 759 620 11 222 485 762 397 350 595 931 239 994 491 131 220 529 2 808 772 788 583 34 61 266 477 977 134 861 573 619 172 881 893 491 432 626 526 912 231 403 200 427 663 6 437 86 434 799 176 108 957 686 901 101 245 256 149 542 534 205 824 394 899 760 409 67 524 856 903 22 426 33 505 514 428 586 687 694 504 300 777 197 816 399 856 491 210 876 918 973 525 138 559 634 525 522 388 339 773 393 35 84 359 449 176 215 557 86 761 653 860 89 324 404 414 798 650 342 20 998 808 15 93 324 233 261 18 272 93 45 357 501 904 378 476 794 291 228 530 483 978 409 240 85 754 567 806 308 745 613 739 733 418 924 909 210 495 89 418 585 902 360 907 995 687 847 
531 845 506 64 211 464 387 76 451 913 651 503 968 368 333 928 808 825 765 396 102 29 25 760 533 365 533 203 511 475 127 725 347 545 431 138 224 574 532 356 373 828 942 468 332 739 408 198 201 419 745 103 486 100 303 272 780 221 658 472 945 326 697 138 821 542 248 380 346 604 756 546 958 559 204 230 250 660 456 1 504 362 598 461 567 223 232 218 182 696 295 269 442 483 133 576 687 581 790 924 808 131 900 535 463 929 429 765 67 995 693 967 300 367 747 94 840 751 821 318 763 967 106 212 384 131 899 349 987 646 536 419 834 818 764 105 750 234 184 561 45 89 369 322 853 617 961 370 417 355 501 349 387 377 100 123 917 309 26 131 63 584 79 186 496 41 484 329 453 867 454 777 370 837 994 184 124 393 191 633 938 188 738 981 527 207 236 803 568 538 275 184 869 643 659 55 162 801 619 175 579 460 871 319 450 688 577 498 751 214 198 435 427 25 794 479 189 368 283 260 89 657 134 133 661 544 396 835 817 577 834 435 904 276 643 370 147 337 389 568 376 464 694 71 365 354 661 931 455 709 193 14 689 290 890 730 229 870 289 310 203 402 448 797 581 211 697 249 246 337 967 59 478 928 503 47 455 752 61 552 244 477 29 793 30 78 328 16 742 909 219 472 218 859 350 5 760 98 234 326 988 719 575 457 377 861 792 377 89 275 512 920 12 624 505 533 162 748 728 461 905 814 945 825 213 549 460 162 739 240 709 175 68 836 509 611 930 152 682 519 811 602 262 666 824 199 442 450 124 277 633 58 493 209 877 545 229 159 122 502 581 501 851 814 102 823 328 497 831 320 101 671 925 893 361 86 278 721 315 200 412 424 620 463 890 581 301 88 296 90 15 312 190 986 572 537 162 600 89 146 850 590 928 10 888 93 815 763 584 111 474 647 675 38 225 923 481 354 617 118 64 365 780 543 543 199 200 849 777 104 112 256 826 121 620 921 611 465 665 947 485 920 384 167 551 446 784 744 792 121 643 506 940 720 88 669 686 43 870 463 161 126 212 578 903 937 49 66 461 57 214 940 565 405 693 344 602 64 128 125 353 873 537 638 484 748 877 360 973 822 671 65 988 939 470 224 297 231 966 246 
729 702 263 408 480 453 392 737 75 557 818 858 835 307 876 337 16 520 809 42 595 777 267 624 81 598 998 129 832 899 4 77 156 248 876 373 423 424 586 652 442 908 213 94 678 214 347 170 472 429 580 569 816 83 737 780 24 247 99 663 101 467 675 615 711 630 845 221 961 7 563 367 327 886 170 811 394 90 287 451 13 418 384 86 436 549 42 149 554 279 414 945 535 634 370 124 283 264 529 926 429 130 954 604 347 274 41 343 103 368 912 930 789 448 443 402 864 382 790 91 629 406 311 526 406 261 594 380 679 423 481 57 542 583 808 593 268 409 210 156 462 344 549 105 570 262 942 379 810 494 164 478 595 587 117 15 290 383 803 599 467 90 820 542 9 97 285 775 620 946 20 304 198 17 175 982 883 924 864 242 60 198 533 317 323 870 265 381 67 197 261 509 831 874 628 901 687 565 656 103 778 790 616 668 879 787 414 474 409 515 690 575 469 438 377 202 837 552 843 718 226 537 647 45 484 94 15 782 433 54 378 199 414 628 406 489 377 455 770 773 50 898 164 554 965 628 592 92 81 480 275 179 790 707 522 121 520 159 357 425 478 257 251 200 817 236 757 901 636 756 90 279 400 722 758 715 549 51 417 530 760 55 712 812 623 105 325 391 493 492 760 894 358 576 723 218 33 871 606 329 441 594 639 368 738 722 743 954 291 688 973 198 728 460 803 489 893 606 146 953 410 301 358 613 145 42 353 573 496 644 81 93 110 506 561 160 800 115 352 990 569 389 795 54 531 663 459 674 840 711 183 413 503 883 551 670 55 856 886 97 629 380 645 337 805 964 647 983 242 436 384 673 830 474 764 36 936 649 625 727 313 863 516 357 388 13 469 904 537 922 873 294 776 990 955 101 757 607 34 141 713 238 600 442 362 894 944 750 399 490 973 64 694 363 643 39 674 20 38 821 949 6 820 180 505 939 931 945 503 475 274 682 243 160 792 96 758 2 975 621 297 272 207 461 905 757 634 532 888 551 147 515 885 815 573 514 769 938 60 860 953 545 262 862 626 322 480 261 448 84 680 209 229 102 990 590 777 453 513 813 782 503 715 444 313 218 860 498 47 251 255 664 253 424 847 912 805 933 215 687 
170 367 460 355 250 401 323 643 375 26 882 368 260 859 695 886 503 257 826 307 971 695 996 764 922 657 685 810 412 680 582 720 963 168 667 105 802 379 398 11 137 220 755 894 218 83 999 483 800 604 727 628 93 869 259 160 552 723 847 738 840 876 357 62 475 50 460 20 852 28 438 840 41 716 261 831 704 960 571 1 621 866 699 359 189 926 747 747 39 198 54 626 327 776 883 11 658 202 952 332 753 355 164 704 134 57 175 827 759 594 386 33 453 819 990 602 259 497 197 711 351 899 138 376 643 492 1 453 769 450 599 17 79 225 96 237 840 260 386 506 574 799 613 764 88 176 799 206 456 839 376 666 529 506 810 334 475 922 279 173 134 90 968 562 328 212 945 429 583 972 198 3 797 18 755 272 158 744 366 764 619 919 14 749 684 634 664 122 431 207 549 243 691 281 580 129 219 215 225 401 627 242 794 664 300 168 510 462 368 572 653 306 580 562 869 993 1000 299 705 573 111 813 210 399 679 887 531 389 160 679 709 330 77 821 936 504 876 723 372 62 724 571 426 377 323 607 965 20 733 686 56 959 500 755 319 665 106 173 564 990 247 839 904 518 340 861 334 123 3 475 333 696 76 357 406 961 288 374 56 583 211 914 947 833 573 298 35 961 125 802 537 787 265 708 576 862 895 147 44 488 619 695 883 348 807 643 888 554 140 576 460 722 299 503 259 185 761 793 479 799 422 607 255 382 453 88 294 386 65 166 771 617 883 511 772 521 141 149 585 92 462 636 921 141 236 606 288 752 651 73 267 51 759 355 569 349 507 563 817 938 703 807 99 732 571 300 784 689 911 922 321 23 526 299 753 368 798 847 137 245 280 57 47 412 199 447 277 706 811 268 475 726 506 125 492 267 755 222 433 75 947 714 336 771 60 324 530 523 833 713 631 354 913 449 730 476 182 986 524 515 669 891 554 318 243 577 293 396 124 987 725 566 459 214 213 432 248 560 789 854 261 628 170 974 735 970 957 122 149 708 870 513 377 369 374 338 985 786 495 40 357 630 237 108 190 741 417 150 195 334 97 201 842 953 801 513 385 892 168 893 146 750 218 644 384 725 752 842 412 312 202 791 54 660 736 540 724 15 364 508 
227 62 55 996 641 911 685 818 191 38 762 391 63 719 657 901 361 464 536 173 972 116 397 289 271 911 23 525 717 461 741 68 826 177 991 30 25 431 166 251 169 480 940 342 555 88 83 714 900 713 302 37 722 558 249 79 752 999 162 88 130 135 725 133 231 127 729 689 970 72 163 611 559 379 862 835 886 496 111 956 49 545 657 33 20 164 734 983 698 859 481 846 762 28 68 446 835 678 892 715 220 866 781 441 522 910 255 783 624 520 166 779 80 655 707 48 300 401 12 801 995 907 803 541 716 300 169 32 948 921 833 446 664 942 468 263 673 33 576 456 178 135 856 775 186 451 49 100 601 362 354 7 989 648 449 974 402 976 541 356 412 885 167 344 420 364 552 339 548 261 9 487 258 254 132 815 477 430 318 331 964 618 681 120 943 601 770 73 604 319 112 88 682 996 776 699 522 899 544 142 675 122 537 100 882 652 131 677 59 871 408 710 35 62 24 564 577 839 616 894 872 458 689 949 438 158 33 157 1 411 533 352 502 231 641 647 673 577 797 648 188 839 408 798 303 832 64 811 604 681 97 549 600 688 425 796 48 58 813 727 729 237 22 162 397 916 65 768 559 910 25 528 110 181 509 49 25 696 129 772 582 71 821 278 251 474 888 299 872 472 554 9 419 344 860 970 489 130 49 535 541 930 824 20 994 298 328 208 600 820 891 337 369 898 662 913 593 215 526 35 887 425 121 195 317 636 847 153 521 304 328 76 153 622 314 878 929 837 817 915 660 311 669 600 204 906 986 878 2 943 434 92 60 492 714 838 49 650 591 831 997 191 671 111 309 601 31 756 762 302 352 402 750 206 432 939 551 86 961 493 390 859 285 766 583 266 725 616 470 858 115 332 341 558 341 487 224 420 854 360 957 678 108 261 644 644 260 168 27 518 717 365 742 866 702 865 264 426 345 265 116 899 860 959 666 725 635 646 650 30 80 832 506 269 62 908 264 230 648 313 6 763 412 232 880 733 886 636 671 901 262 419 987 581 842 762 538 565 809 619 947 551 117 525 18 162 613 655 297 974 669 676 18 700 935 957 934 395 453 841 61 170 430 765 996 345 724 228 215 198 919 565 780 272 20 303 859 229 731 101 
39 284 347 234 278 994 741 995 103 261 667 143 840 497 527 887 285 334 819 125 176 63 516 470 652 880 726 238 551 895 110 280 322 503 281 243 994 860 247 92 660 66 367 789 178 467 34 425 144 93 87 892 285 152 881 444 603 1000 50 915 837 599 710 743 819 375 488 399 526 530 365 190 947 786 578 397 626 144 158 914 164 797 63 251 167 473 862 656 513 887 922 820 381 333 525 705 40 813 96 606 691 557 575 522 150 262 436 397 961 446 141 948 473 94 468 360 596 588 266 171 334 270 452 722 304 642 273 440 35 896 880 816 759 740 548 448 220 37 724 895 413 8 948 781 40 497 902 357 342 302 166 643 858 204 561 132 948 86 939 114 923 337 497 117 924 968 757 153 485 520 571 737 904 83 582 959 903 454 309 120 788 281 898 321 646 985 888 236 43 776 770 953 432 319 715 645 369 608 401 947 577 822 289 749 41 409 537 920 712 580 816 738 846 437 62 813 865 310 650 961 308 608 279 75 59 659 718 744 430 117 482 967 665 224 534 729 352 42 574 929 346 659 128 812 581 465 521 319 987 739 943 747 919 31 474 425 138 572 801 965 900 966 958 13 523 869 609 454 125 285 717 610 597 108 900 612 279 381 636 399 92 71 278 473 204 508 858 540 615 442 909 606 25 948 821 405 1 142 466 444 32 530 717 180 26 46 598 691 614 218 262 205 29 202 280 997 948 288 969 82 433 126 97 170 743 334 97 359 482 522 403 659 738 186 127 981 263 993 867 41 785 791 520 249 484 965 453 686 157 474 836 308 680 39 71 672 677 484 1000 683 726 425 130 803 289 445 459 950 782 102 470 166 376 469 562 635 987 895 181 579 761 114 526 66 212 374 413 569 907 775 83 312 494 204 8 556 263 49 792 847 358 997 581 242 427 171 36 362 369 392 263 229 143 113 61 564 494 882 587 294 970 902 89 240 688 610 205 110 620 528 167 328 607 933 953 725 202 65 317 952 766 25 844 933 375 390 266 370 989 556 939 789 552 810 795 586 214 28 608 561 774 194 888 873 449 566 754 510 654 408 582 588 154 66 483 657 218 650 693 644 840 787 691 207 103 762 9 829 351 313 682 53 598 910 523 553 877 489 799 239 
886 704 735 45 350 650 86 650 655 149 925 137 658 831 483 909 222 39 266 275 147 954 538 401 421 557 903 802 186 461 249 295 994 775 711 693 937 849 203 368 589 157 43 963 192 185 533 765 197 472 367 586 794 838 706 935 490 333 893 947 47 643 680 269 994 464 175 722 107 672 34 708 382 36 623 361 963 209 239 88 540 677 608 787 485 557 288 189 741 457 780 835 902 362 780 195 894 160 591 757 124 758 661 612 313 626 40 858 868 429 113 934 684 823 85 31 18 568 804 445 102 927 725 980 263 114 884 151 319 42 382 175 556 916 42 697 655 854 631 416 570 544 549 103 283 94 853 756 499 799 656 421 654 295 544 484 480 796 440 891 652 67 5 14 43 889 481 322 598 896 996 513 341 415 817 835 915 993 1 299 103 272 122 887 932 666 621 277 979 240 314 909 197 749 180 675 298 53 236 825 24 249 534 63 989 845 70 882 611 272 881 356 79 254 363 745 695 927 67 413 486 677 712 447 946 384 890 614 872 489 905 749 268 425 606 496 930 263 875 203 91 771 572 679 513 102 186 180 89 214 27 542 571 275 259 951 883 818 848 415 621 140 969 918 354 486 372 909 117 271 146 968 532 580 955 916 263 650 744 120 18 752 141 902 106 299 690 78 609 150 30 254 705 655 787 827 994 283 184 990 573 637 440 856 796 336 869 307 327 594 373 166 304 781 312 862 33 788 623 764 482 562 444 435 357 850 368 950 893 981 729 484 698 295 200 522 205 233 956 916 475 565 752 428 693 91 941 614 602 574 88 849 784 486 593 86 183 171 368 38 138 230 888 797 124 352 512 64 766 479 582 703 315 363 211 227 151 261 924 710 435 498 461 989 482 674 478 927 793 236 19 514 41 766 108 162 627 309 809 88 407 600 148 916 989 189 723 163 104 648 724 830 694 32 767 208 537 896 362 805 402 597 504 315 602 340 798 635 520 609 707 412 49 375 781 235 19 947 611 971 895 167 462 710 306 47 910 882 291 237 543 162 530 973 584 818 277 256 398 167 953 89 165 594 530 665 178 627 459 635 609 437 557 975 130 446 880 351 442 987 314 35 274 29 537 716 202 677 978 835 844 304 616 991 792 635 148 817 691 958 
439 495 566 552 344 90 143 798 254 385 26 314 860 945 614 333 88 883 880 453 538 948 335 413 36 491 76 47 350 260 543 378 158 863 746 516 970 8 719 277 110 292 976 865 643 408 113 524 918 394 552 754 476 788 336 990 814 164 152 318 112 212 383 241 889 778 756 272 762 544 799 829 967 849 713 847 63 648 820 480 835 871 802 628 768 26 39 890 388 290 501 145 26 905 891 881 742 681 85 742 112 530 362 221 417 535 80 675 974 671 47 138 719 341 328 99 382 191 435 27 736 478 19 966 677 890 779 603 135 947 405 588 492 887 878 44 356 694 259 815 922 271 369 795 754 993 936 935 902 522 13 208 672 343 250 430 567 199 486 464 19 816 731 148 903 782 852 788 752 375 83 865 369 560 628 337 732 189 850 112 673 115 989 832 86 366 545 928 426 721 717 950 722 769 192 36 263 400 516 763 878 258 799 242 5 665 389 549 750 689 176 582 421 315 610 124 402 426 745 294 133 359 208 838 876 613 868 309 646 780 597 411 381 958 1000 267 741 498 255 271 439 188 896 41 404 785 158 973 418 876 729 407 561 802 654 32 650 629 878 304 651 674 392 226 909 491 158 770 106 756 88 935 807 14 107 161 726 206 102 553 704 931 330 819 732 753 320 564 586 496 831 259 262 459 620 369 486 578 393 560 386 455 249 637 630 200 552 821 17 809 253 401 434 975 956 289 664 5 429 754 998 62 607 695 920 991 339 288 672 34 472 653 559 393 593 761 293 641 624 647 62 843 609 949 858 97 431 627 291 364 471 354 573 344 574 340 519 676 331 559 868 147 508 577 520 621 9 819 482 938 827 469 102 875 203 685 991 480 458 543 471 425 196 404 999 990 907 898 645 941 108 886 544 838 28 300 621 272 113 683 727 858 545 97 64 257 98 457 226 549 622 31 51 794 157 303 108 583 199 49 337 64 984 29 710 195 442 766 670 732 321 48 323 570 577 617 332 358 88 241 25 823 387 521 800 935 329 581 501 875 921 217 323 805 765 876 982 9 500 431 164 705 776 508 710 873 300 255 746 98 227 837 622 295 96 191 172 793 257 357 849 555 659 266 20 708 524 675 278 168 906 191 517 678 887 710 96 39 273 49 
299 947 835 405 856 588 974 191 617 863 749 342 200 174 643 339 298 174 292 266 359 265 174 454 907 155 558 661 762 973 170 712 973 164 730 465 407 494 661 418 198 194 572 842 834 220 521 486 951 315 670 545 522 59 998 67 893 961 956 499 595 978 308 932 442 250 990 361 723 206 372 440 507 617 527 55 943 118 750 570 530 562 754 607 670 711 186 624 491 703 50 182 19 63 354 141 529 336 959 332 93 620 508 337 752 748 446 471 720 924 738 590 203 899 136 302 243 316 196 459 942 6 232 799 530 635 154 515 818 491 479 676 411 494 581 701 670 756 889 240 963 629 5 828 898 95 135 141 521 834 594 582 404 45 229 263 464 503 901 438 46 645 420 815 343 63 214 796 380 56 679 339 546 625 183 538 928 933 408 459 88 698 597 47 727 549 498 844 693 874 435 734 635 742 150 535 392 420 216 862 457 921 137 568 108 473 551 186 363 518 34 953 369 972 300 352 750 261 991 943 466 661 476 507 3 508 767 442 902 831 739 419 703 871 383 855 434 132 269 978 661 969 895 680 627 887 680 431 697 477 923 16 798 175 623 837 717 226 397 506 754 264 47 891 838 440 496 25 842 35 147 563 37 958 133 518 126 843 593 269 784 46 775 647 545 128 124 244 569 958 201 53 666 318 355 749 268 254 821 652 958 941 103 637 323 174 388 244 506 409 775 290 148 832 291 12 867 401 341 223 503 552 298 772 432 761 456 139 627 953 501 512 244 83 938 800 880 393 566 459 479 552 377 894 380 481 711 415 300 577 48 552 224 640 609 943 915 762 789 716 233 728 642 903 6 859 635 396 218 638 297 585 294 176 128 225 759 964 770 984 381 569 598 445 818 407 550 670 283 193 676 343 560 787 378 552 316 304 219 281 771 485 13 711 806 586 707 99 23 30 5 439 253 296 758 328 367 589 265 953 776 556 83 630 840 891 342 707 852 616 434 751 962 527 876 213 175 254 836 380 828 681 679 628 132 774 714 135 102 169 929 616 475 526 858 855 455 583 197 280 368 163 368 846 671 443 76 131 865 51 721 140 820 237 554 758 538 725 224 244 247 451 751 843 763 940 963 115 246 728 336 6 918 18 988 814 394 929 533 793 
412 17 610 891 801 337 652 95 63 498 464 309 179 524 899 178 864 576 236 410 278 669 415 983 632 348 911 415 924 930 969 190 728 129 705 889 26 333 797 797 140 151 723 659 497 259 572 757 770 74 701 485 998 839 353 897 477 794 865 81 668 246 62 372 958 530 548 901 207 202 6 850 736 139 705 134 256 81 3 307 385 777 960 594 614 685 335 30 958 627 225 291 258 156 525 746 389 229 332 137 512 631 863 596 426 783 690 782 898 429 615 686 77 197 27 666 718 208 809 556 185 287 248 431 550 796 101 79 845 937 128 12 261 165 912 509 325 642 909 627 622 296 170 805 127 711 30 141 663 190 183 708 808 383 838 163 552 783 496 501 222 766 889 989 767 595 729 347 150 909 171 437 317 225 386 7 814 934 747 435 952 434 200 847 314 690 10 361 728 284 676 730 489 533 447 437 493 266 385 303 926 175 468 956 253 776 480 390 794 579 64 172 544 594 29 155 31 153 661 103 999 20 177 80 452 150 281 469 894 305 752 857 214 200 600 368 1000 62 467 712 491 293 286 952 89 38 406 713 55 347 335 214 740 494 960 453 457 232 985 707 349 624 128 849 181 681 86 369 973 746 92 94 705 661 828 886 691 455 562 889 90 553 455 263 479 762 553 418 687 563 796 216 919 688 143 15 835 714 22 631 348 973 131 945 5 666 988 528 140 84 458 715 145 218 326 256 736 897 212 64 166 560 837 36 357 744 158 147 952 562 154 33 453 510 87 103 334 692 939 173 454 181 854 47 835 655 364 714 951 755 456 373 919 110 338 488 176 825 796 397 148 889 104 969 609 606 498 465 636 60 276 324 32 323 237 333 776 111 401 597 21 511 70 690 648 197 716 26 735 514 410 45 648 528 145 733 287 828 393 519 231 489 165 231 265 334 360 149 728 306 148 145 529 125 870 183 523 278 195 155 922 180 152 427 675 14 660 439 415 993 71 881 743 100 959 116 4 125 239 894 219 289 430 502 747 574 863 148 87 441 718 587 9 974 670 775 829 979 683 101 145 4 322 759 869 716 122 181 14 88 153 98 386 811 718 92 171 617 858 937 188 173 38 241 261 833 107 144 14 760 123 16 781 781 203 953 375 794 765 600 
753 704 879 344 132 25 365 315 217 103 695 566 282 666 91 551 628 12 104 952 438 629 7 689 619 29 802 391 335 957 345 758 363 700 689 647 737 786 835 778 990 359 406 339 826 745 388 388 216 479 101 973 918 953 773 62 108 3 398 56 892 765 966 783 750 660 654 777 785 583 776 299 584 801 358 991 650 937 162 368 888 363 265 577 805 340 974 360 151 744 376 598 799 411 915 548 433 881 40 700 164 303 643 205 713 94 112 12 124 635 917 850 892 199 29 722 290 263 810 15 876 75 544 952 342 23 289 363 925 747 444 138 603 2 613 567 384 221 259 321 223 166 644 868 701 916 321 498 104 129 592 667 563 372 509 949 883 895 368 285 656 425 661 9 132 209 670 363 454 951 424 661 228 26 912 500 9 689 332 815 348 747 513 468 716 28 608 247 853 958 544 114 52 331 281 522 857 780 981 847 537 67 191 370 721 112 169 500 666 479 55 946 895 92 949 10 296 987 745 628 756 841 88 89 152 970 625 245 953 41 59 252 939 906 176 374 360 24 510 362 207 29 906 523 226 308 83 629 413 744 247 470 936 578 152 196 756 861 277 107 436 723 832 787 347 123 26 498 639 993 681 327 928 403 636 538 124 476 284 405 405 811 11 971 505 833 306 162 352 845 620 394 627 719 572 98 745 623 350 391 128 883 536 75 741 914 958 575 445 539 32 857 64 21 661 228 720 741 460 155 348 473 463 987 917 559 734 114 965 861 556 291 698 799 43 799 551 193 616 274 349 146 223 251 868 453 621 162 604 70 175 622 609 690 718 126 1 243 118 203 367 77 779 799 526 940 355 897 949 425 850 475 604 345 328 594 218 508 274 283 252 989 891 685 686 151 488 642 417 866 406 709 928 296 188 875 394 442 736 746 215 273 395 770 747 582 4 333 739 369 269 1000 603 602 927 206 123 832 142 193 772 996 692 720 151 629 679 71 392 146 794 698 85 258 556 647 457 11 250 430 742 236 285 9 662 179 252 27 80 726 80 866 979 602 185 300 924 669 947 299 679 756 88 849 215 147 60 722 414 416 483 51 459 630 500 670 974 627 713 498 477 912 197 501 788 284 973 489 823 559 649 63 487 375 987 503 253 261 437 434 
138 516 231 341 882 855 351 167 692 319 504 645 155 951 654 369 257 344 23 535 952 996 473 459 352 347 579 939 768 702 477 281 757 895 670 189 620 997 777 276 39 729 767 2 408 490 339 568 281 488 952 662 264 459 138 711 651 113 991 183 479 361 468 957 400 610 87 921 271 163 208 364 775 33 223 314 454 194 707 16 292 820 255 373 701 980 326 403 831 48 304 234 634 676 963 680 337 117 651 378 893 774 109 465 500 574 239 301 732 742 640 763 99 379 542 78 897 840 746 406 643 929 942 531 865 639 778 792 610 502 714 608 693 40 208 130 887 96 64 427 603 902 119 215 740 606 67 464 707 174 377 258 913 235 744 28 28 259 457 767 866 328 435 403 103 953 728 574 678 512 362 132 417 459 323 374 937 340 502 890 372 599 689 85 537 78 895 883 900 559 576 131 290 248 927 763 12 288 390 71 691 901 372 64 144 981 922 830 641 893 329 765 890 282 419 609 17 971 995 770 480 419 974 773 136 624 878 664 458 605 410 787 45 976 287 615 47 818 925 304 412 674 978 938 647 944 799 372 859 130 756 799 688 200 219 477 270 752 391 826 243 785 572 948 700 920 339 617 238 877 764 572 114 794 226 695 18 88 92 816 942 170 769 59 436 814 681 83 859 791 219 177 782 724 619 672 689 782 248 950 821 843 670 538 219 766 496 373 67 771 59 971 682 339 43 383 252 492 454 791 607 837 690 156 251 332 791 136 810 545 773 629 124 958 372 234 736 501 93 213 546 64 956 694 103 590 929 809 425 714 131 161 58 155 316 877 746 612 130 412 777 361 627 488 92 710 862 748 744 615 201 501 127 823 534 969 765 274 196 890 929 281 103 113 132 176 720 963 820 577 170 397 533 783 633 30 964 442 395 296 395 357 883 966 475 993 114 141 69 679 956 618 430 240 491 391 214 733 407 245 943 29 408 577 398 298 961 502 828 746 724 454 913 143 853 776 404 997 208 376 949 190 737 729 743 496 447 867 367 825 528 69 813 320 676 337 997 27 961 362 532 231 865 854 362 324 700 915 724 812 127 435 487 199 178 935 444 432 315 5 119 621 116 217 813 49 997 117 24 25 329 808 612 825 329 23 343 116 363 503 
163 501 680 742 994 425 568 156 798 984 542 860 678 456 83 218 15 672 196 485 249 285 946 17 757 6 893 83 295 208 728 939 367 841 403 240 159 828 75 824 452 409 769 850 716 66 685 809 180 894 824 832 975 894 268 142 877 272 597 744 498 687 492 601 209 231 631 307 740 465 978 42 813 211 900 749 818 124 129 468 523 202 467 448 650 412 935 309 110 671 512 80 1000 273 303 304 18 783 197 606 35 95 742 964 979 445 870 159 566 933 968 420 483 405 971 908 954 800 163 855 743 498 904 753 225 855 384 143 809 930 197 929 179 879 639 413 198 719 880 574 154 502 634 561 886 558 144 219 712 186 351 628 289 674 834 789 366 793 144 120 518 656 687 659 380 912 660 956 708 658 322 316 845 470 206 67 780 38 596 679 282 96 243 684 410 62 401 570 221 310 567 281 537 727 290 310 918 922 839 139 903 973 923 295 208 414 877 554 203 236 429 711 98 229 1 55 532 382 659 305 664 30 820 116 483 930 127 448 377 574 157 248 933 856 140 552 649 541 255 150 44 632 779 330 431 214 895 749 462 371 929 331 870 282 416 855 891 366 45 307 182 700 481 244 336 52 693 951 346 764 59 191 488 187 976 913 89 317 846 982 1000 780 331 574 87 25 51 940 752 157 926 405 828 995 249 136 871 625 29 716 618 394 122 221 334 180 682 661 953 970 885 249 866 218 944 323 868 924 228 785 212 975 912 391 347 395 86 602 219 654 629 200 321 375 460 527 142 676 522 436 277 308 693 952 468 236 649 690 371 274 404 551 943 275 875 274 147 469 495 835 282 771 237 808 615 356 665 143 857 754 383 623 87 563 598 538 439 778 286 915 62 771 379 374 231 297 489 652 404 648 326 235 422 625 93 847 500 152 744 308 645 583 186 38 710 208 504 894 98 733 726 598 708 584 601 598 126 834 616 486 135 372 376 178 382 415 700 444 49 212 354 469 900 346 811 785 618 579 498 118 685 845 106 394 917 977 397 311 58 461 456 560 195 178 256 16 666 894 827 319 637 919 494 356 165 475 706 864 283 410 317 584 896 105 826 625 370 917 976 577 685 539 939 554 975 538 988 845 466 829 737 88 480 57 581 599 440 259 278 331 
786 680 505 342 883 593 781 898 281 540 425 900 886 211 951 972 710 323 13 969 359 540 192 422 98 347 375 879 949 234 968 138 510 922 325 182 255 102 364 716 244 383 714 832 462 174 717 678 701 341 579 668 447 132 982 123 851 141 820 549 300 487 712 829 910 682 618 409 539 47 231 177 386 381 225 829 363 675 420 360 557 801 885 965 220 261 395 582 404 494 435 471 862 890 709 772 517 136 872 767 718 92 69 736 139 175 918 858 71 210 509 601 495 846 476 94 157 365 985 782 491 326 925 486 154 868 424 463 928 323 454 209 235 919 296 904 543 268 706 633 681 596 696 811 730 485 776 262 122 903 566 68 922 30 338 106 920 860 817 989 816 523 381 965 679 293 589 858 711 868 309 304 817 665 189 757 390 197 393 188 508 648 682 913 576 861 905 659 592 626 111 800 926 881 13 708 403 464 663 831 754 584 631 769 719 335 995 798 835 94 510 266 553 163 911 843 638 12 667 377 522 175 27 934 73 476 661 86 912 303 188 181 464 423 688 898 620 777 315 424 570 457 191 398 795 21 91 515 898 74 848 236 287 835 549 25 377 557 447 490 165 627 405 861 865 98 143 541 438 172 916 177 97 966 454 466 153 352 558 177 454 111 319 956 149 717 692 831 798 771 672 290 810 875 514 647 821 184 772 520 15 562 527 498 66 4 353 324 235 836 914 206 937 516 529 233 830 717 201 474 600 935 987 61 719 200 978 979 804 730 1 868 182 467 676 652 892 587 897 269 873 936 485 32 355 385 342 738 970 284 84 360 120 32 222 123 148 609 294 353 823 111 900 129 923 726 851 261 831 900 205 877 356 132 168 216 484 749 37 817 663 881 381 562 533 214 786 771 882 359 222 625 725 480 886 824 447 963 107 78 443 294 279 164 122 225 50 909 708 272 704 628 462 524 323 976 551 266 503 743 88 489 713 243 126 548 790 143 880 587 693 143 129 57 997 890 837 798 20 393 716 786 612 5 608 783 247 858 262 675 76 821 390 127 56 783 786 499 789 327 576 789 425 928 360 342 119 791 852 684 462 771 267 61 148 522 28 471 144 824 754 330 90 463 636 882 499 413 1 686 243 288 806 314 79 425 912 5 55 579 
744 338 24 739 961 262 110 197 106 494 111 314 492 54 240 867 826 681 321 124 372 324 856 681 298 689 230 290 633 301 323 174 471 392 849 888 934 191 643 92 914 539 436 664 242 768 408 675 953 237 299 38 106 102 747 908 469 227 414 3 211 654 91 240 755 639 346 868 162 120 307 176 981 775 439 498 310 631 48 341 392 581 473 634 946 339 381 576 957 23 969 636 871 889 177 185 699 46 187 454 926 720 237 930 753 225 935 104 375 435 32 690 47 458 378 983 479 524 870 37 556 493 725 157 443 533 739 856 167 974 539 13 112 527 522 576 672 698 5 825 421 141 114 362 438 235 584 983 590 80 973 82 49 70 243 589 65 747 353 79 407 727 835 274 146 550 594 779 561 481 993 903 201 109 156 669 77 760 384 424 8 295 563 17 604 970 650 550 176 90 709 956 659 231 771 790 523 196 764 947 4 719 506 401 378 865 439 667 164 434 341 923 534 162 928 352 149 192 36 318 56 58 373 265 852 128 770 239 812 505 761 696 970 803 881 206 615 644 354 388 820 977 45 456 503 841 931 113 765 56 982 231 58 84 330 524 64 914 57 430 187 991 657 154 185 677 254 872 418 771 174 840 156 123 585 360 859 890 621 226 754 130 643 983 604 696 907 231 369 332 584 691 826 27 171 657 995 606 720 5 595 48 51 775 436 627 777 793 850 272 158 668 342 304 129 96 656 429 849 856 527 447 334 783 48 159 904 516 503 566 177 574 96 675 553 153 380 326 4 44 565 648 349 624 208 15 585 752 549 147 244 616 984 801 789 288 173 634 872 253 501 155 14 908 571 483 591 373 165 543 843 993 858 548 347 716 488 185 115 424 387 419 596 167 877 797 922 615 665 565 666 899 701 223 354 693 114 8 958 653 421 451 670 880 195 204 488 81 7 821 158 248 883 980 288 677 799 81 208 299 756 768 295 693 504 634 347 442 55 187 629 112 934 476 356 537 647 247 452 831 507 484 347 649 283 966 817 523 29 621 685 6 751 457 647 853 300 339 178 795 561 356 158 613 247 825 38 387 518 477 798 54 726 214 346 177 213 682 326 823 303 401 354 687 793 250 490 569 403 307 758 984 409 785 510 766 520 27 116 984 
257 327 271 46 551 137 82 513 296 600 73 137 45 190 710 958 330 699 239 11 44 289 497 833 909 149 768 617 673 858 949 703 614 701 958 847 94 167 980 160 532 359 264 539 368 76 51 259 418 987 887 89 680 821 601 526 679 53 658 495 547 180 466 48 111 133 60 705 923 232 496 448 689 999 379 308 606 394 399 853 881 770 146 156 221 760 238 607 710 971 557 401 437 340 91 346 179 793 961 379 991 811 46 136 680 729 388 468 249 568 810 902 384 801 535 845 733 977 609 444 994 847 417 845 559 535 207 55 250 89 389 71 9 169 845 504 415 924 65 482 8 503 302 388 429 536 759 458 270 361 178 300 667 256 373 316 121 447 768 221 828 292 951 724 609 889 606 728 416 897 602 864 51 190 457 425 826 597 865 44 578 655 673 497 866 942 443 742 715 76 451 485 794 75 440 489 879 35 304 807 506 823 841 261 699 638 587 947 686 243 551 163 553 315 549 481 869 818 752 331 157 205 203 80 795 580 224 800 827 528 644 639 350 582 964 368 262 638 502 19 730 431 159 279 81 886 296 62 958 195 79 731 256 170 230 132 550 282 318 991 685 767 130 406 146 455 572 323 974 71 272 529 212 523 145 672 971 696 127 102 20 90 78 566 667 556 469 826 390 659 387 680 606 473 762 726 936 658 376 4 522 528 769 726 230 511 615 526 256 856 829 131 247 150 518 204 342 802 656 474 176 287 975 921 965 149 499 965 598 502 737 500 514 689 827 216 183 90 783 536 119 494 608 731 440 423 814 756 617 293 254 980 845 215 738 515 58 851 638 692 318 307 359 875 782 251 772 200 79 356 514 608 736 59 9 847 165 662 799 240 517 804 760 840 942 818 747 774 405 884 435 764 584 490 666 474 615 998 501 6 926 574 319 389 436 782 303 552 600 251 881 719 56 591 398 678 778 480 418 914 910 408 641 163 954 170 353 775 452 192 101 786 644 407 55 734 537 680 259 204 456 741 884 464 404 695 423 174 505 450 585 663 6 293 809 466 365 99 837 75 724 420 462 283 386 224 994 13 745 784 141 364 53 620 511 725 720 476 588 672 115 376 190 261 508 502 987 841 986 198 110 574 18 279 733 371 679 488 520 264 
291 214 13 344 15 777 347 956 548 309 909 572 904 376 826 852 456 544 182 584 128 323 347 752 371 923 797 745 587 368 432 41 255 107 434 120 271 499 856 359 425 890 665 633 241 669 197 628 578 182 739 583 871 497 69 296 816 824 28 997 550 735 107 638 245 847 693 492 356 11 381 108 341 396 865 745 796 940 422 453 290 957 962 550 903 376 675 336 770 933 371 542 8 557 104 24 253 440 109 388 574 704 147 356 674 858 549 83 851 512 966 703 465 271 650 92 985 553 983 47 872 290 730 622 778 739 97 448 32 609 268 791 373 602 26 463 791 789 788 486 454 870 708 962 430 468 637 643 644 19 919 509 450 952 272 139 210 352 636 364 717 391 480 351 433 666 769 302 516 556 848 388 795 672 642 557 664 283 784 994 551 703 292 849 288 758 662 287 730 637 153 669 436 381 857 3 578 24 241 951 825 7 558 43 299 742 406 490 641 396 150 760 381 164 557 869 858 869 132 152 601 769 266 307 469 416 241 578 401 202 722 699 919 543 249 68 535 303 752 575 521 344 357 223 179 666 283 343 321 692 105 647 392 789 629 894 552 194 966 734 101 667 603 346 684 115 975 208 606 747 82 302 382 910 758 950 530 106 918 329 292 188 270 812 509 672 850 790 414 891 937 253 950 280 390 900 234 228 57 797 688 403 674 365 762 199 969 404 859 316 93 553 75 636 115 512 666 331 651 563 934 233 481 745 756 307 536 576 64 633 383 228 261 230 689 741 652 330 869 106 893 759 250 488 662 564 87 737 878 541 630 60 911 735 495 944 399 948 540 872 894 403 264 557 950 893 934 847 732 975 603 241 200 603 10 583 37 821 436 304 769 318 36 35 676 994 371 179 368 802 616 187 437 393 813 664 841 919 330 73 138 591 274 279 652 649 880 28 569 502 903 925 267 7 228 519 402 325 996 602 454 405 789 968 19 244 406 253 168 540 677 556 158 418 556 589 193 632 474 224 848 560 195 832 372 191 215 519 794 893 524 262 753 926 35 337 730 147 146 460 466 621 190 640 609 247 847 363 840 456 289 547 156 658 350 456 621 319 885 717 941 116 368 29 201 469 905 925 809 310 938 173 575 730 431 181 922 654 579 921 
447 890 237 581 228 549 369 519 925 6 238 839 922 730 443 136 38 536 600 571 720 494 414 711 176 66 373 475 753 1000 146 407 640 942 341 958 488 768 748 100 732 804 689 287 737 718 155 175 345 338 735 92 848 242 701 684 251 997 339 794 214 196 738 325 186 483 738 446 49 636 782 407 330 434 535 971 842 384 481 562 736 176 272 49 31 651 728 363 626 828 63 922 337 402 812 539 854 553 980 92 245 488 264 703 311 248 415 12 614 817 821 840 437 60 817 440 335 600 151 75 428 494 162 82 147 635 15 273 18 361 498 922 566 748 713 918 108 765 387 506 419 888 142 147 975 934 858 314 975 754 122 510 857 100 364 476 50 391 100 342 128 50 69 935 723 321 683 266 919 977 153 294 11 254 141 978 719 373 765 855 623 328 824 714 185 221 812 815 448 485 11 620 935 397 421 802 884 966 220 93 90 205 993 654 901 658 546 652 803 353 784 527 175 786 474 97 525 761 227 18 660 285 956 178 31 113 89 13 138 924 172 869 732 8 141 147 753 789 812 387 741 555 580 538 680 681 711 889 523 329 281 215 463 640 406 839 312 542 794 190 259 522 813 891 798 43 403 5 688 958 196 222 580 290 392 1000 408 581 280 451 901 236 221 44 87 485 866 93 746 501 368 775 249 801 517 47 310 437 3 740 512 725 914 788 208 575 645 841 321 605 117 735 986 123 480 818 686 309 567 18 606 670 291 878 795 192 853 586 366 718 279 767 27 203 445 78 585 521 875 893 66 889 958 285 411 101 834 898 635 847 7 520 539 664 154 589 505 607 420 114 364 279 213 320 648 55 838 213 975 480 730 500 515 122 498 774 342 451 938 314 462 155 712 629 961 499 198 970 980 975 547 600 779 752 438 534 551 194 333 135 715 669 273 981 693 311 234 928 557 852 865 611 455 538 170 970 360 128 774 598 970 311 130 836 688 631 161 825 832 851 434 613 211 472 681 634 846 176 926 139 903 385 31 773 518 388 902 759 64 134 651 257 453 416 24 974 172 351 543 512 276 43 676 847 713 976 545 194 912 62 293 89 764 297 36 528 84 880 461 340 242 37 709 171 324 105 351 294 456 741 320 501 889 337 860 325 773 133 34 444 
282 561 88 121 900 772 55 348 200 670 892 649 829 526 476 844 703 979 492 667 299 572 644 62 833 318 513 127 13 832 268 74 268 47 95 99 71 395 681 145 441 271 206 446 601 689 823 220 862 725 98 23 764 241 546 749 259 352 196 997 362 896 175 50 407 683 593 87 414 917 385 343 2 978 745 387 942 549 39 755 65 744 79 953 526 318 171 856 240 130 197 735 589 14 866 549 921 715 823 668 367 491 753 342 64 567 45 184 4 762 60 345 265 59 76 104 790 75 78 120 534 122 604 733 533 577 566 188 188 103 593 324 444 204 783 982 500 671 676 677 547 921 397 629 333 406 993 254 606 415 941 21 359 816 232 511 338 377 147 629 111 431 207 357 460 545 587 614 871 938 236 66 868 785 515 225 597 378 533 769 92 410 309 248 385 485 162 949 756 375 360 441 210 228 464 201 304 169 926 32 192 31 286 142 870 747 222 724 73 46 129 379 674 533 617 999 974 488 738 982 308 931 839 240 997 414 661 878 470 132 904 307 399 934 185 291 225 902 205 693 769 571 173 634 847 959 943 915 406 665 31 212 352 107 325 314 673 620 357 773 992 195 41 950 420 416 791 488 749 746 33 910 78 128 160 751 947 728 248 148 183 177 450 525 858 834 981 695 124 798 913 327 205 982 505 450 568 260 453 604 27 176 690 429 615 909 779 467 383 586 604 522 266 736 59 475 793 973 77 391 928 685 881 642 821 51 575 40 914 571 22 569 713 256 504 979 684 196 750 412 98 674 499 140 536 69 489 900 269 558 766 386 116 800 381 647 320 901 875 390 913 468 912 437 537 753 450 33 277 514 520 579 643 538 300 84 560 688 638 538 399 21 615 407 176 216 724 862 23 657 751 221 15 624 964 857 66 531 153 37 378 481 339 552 340 425 951 873 130 658 127 715 669 497 537 624 517 788 559 167 88 617 585 390 356 494 586 69 940 927 348 184 356 424 180 739 421 448 350 771 727 594 847 352 105 218 324 716 2 389 726 570 213 13 482 799 222 318 681 674 104 140 652 106 801 528 54 444 580 654 503 17 749 361 716 729 338 657 952 570 718 978 96 367 165 708 353 793 663 889 650 398 804 842 329 715 995 760 695 563 
659 28 299 829 822 678 383 718 768 382 204 52 139 763 806 750 320 502 295 460 877 782 157 26 130 338 523 827 673 337 872 47 800 185 737 165 257 977 759 319 404 663 585 1000 728 737 488 38 591 132 748 864 522 358 129 470 9 332 25 306 260 794 849 514 685 910 467 427 822 779 22 356 324 943 407 1000 638 979 805 841 728 429 568 277 709 760 223 2 673 463 204 456 634 683 153 635 370 922 551 293 437 387 610 245 146 291 397 610 707 50 382 662 21 466 490 714 471 453 663 950 658 771 380 557 597 645 809 209 677 573 861 116 14 890 227 298 861 485 396 63 233 597 411 828 133 946 595 169 62 148 97 305 573 233 216 633 403 800 104 630 39 920 990 224 386 392 539 883 461 165 428 407 199 285 812 797 496 206 147 609 660 109 276 349 864 456 257 147 534 355 360 648 193 651 106 994 608 315 544 495 314 674 92 595 509 561 232 615 382 285 753 441 664 153 377 25 53 985 463 845 622 766 855 609 714 620 257 704 656 869 666 224 92 524 637 321 827 657 120 924 136 392 670 123 394 879 143 100 963 299 137 909 521 810 437 447 946 622 674 379 194 46 899 517 540 860 727 794 434 126 187 722 940 365 570 781 626 440 511 168 490 742 233 501 777 510 380 459 609 78 398 787 342 853 729 413 705 761 601 662 368 536 106 370 516 751 932 289 825 467 521 715 371 595 348 523 620 746 58 70 960 350 421 903 677 154 372 314 707 476 685 549 823 237 117 52 423 724 421 493 909 217 869 55 876 306 197 857 972 879 40 758 862 966 78 449 462 526 846 442 42 652 744 822 982 136 652 81 526 628 349 219 256 425 818 626 887 490 138 589 976 589 925 900 946 85 355 352 416 633 893 918 439 337 965 827 414 686 710 359 527 976 603 265 393 148 129 926 51 163 876 784 465 571 578 928 222 571 345 516 414 153 522 687 1000 284 642 115 677 593 252 383 436 215 24 408 840 689 58 345 160 278 66 18 189 73 823 402 466 689 563 356 85 553 4 51 903 645 952 981 21 881 38 777 99 425 260 400 270 440 892 100 775 186 942 75 358 664 51 10 828 102 399 730 446 382 876 139 859 203 718 931 612 357 555 988 670 855 143 969 
113 578 416 535 526 639 150 179 403 623 152 960 462 643 822 469 506 906 402 743 188 214 646 980 612 381 556 594 373 689 152 819 187 758 142 818 119 326 682 66 908 87 740 659 662 79 519 916 192 477 646 711 746 31 318 583 565 562 825 994 502 509 576 398 763 261 149 245 865 103 715 984 449 207 231 805 494 579 220 88 888 998 399 483 998 477 430 941 773 596 105 948 427 302 654 594 569 78 710 168 612 457 1 317 987 687 234 221 862 710 370 514 666 389 718 627 943 9 864 231 693 193 173 575 586 753 507 807 790 58 665 603 512 812 476 265 240 248 693 786 740 976 764 464 55 587 923 303 420 18 74 835 470 851 605 589 493 417 831 645 296 528 813 390 326 761 187 932 314 930 512 814 409 282 304 651 501 847 829 263 575 296 932 418 239 850 169 828 963 315 506 459 649 904 988 424 116 831 295 469 72 252 626 671 758 699 543 763 678 978 285 386 392 36 424 780 288 21 896 190 653 801 291 43 864 851 283 803 20 647 144 934 530 358 932 551 210 236 449 1 945 803 866 378 157 366 948 537 129 749 387 465 289 3 59 467 109 352 525 374 245 536 654 662 161 104 662 772 261 996 565 771 582 931 414 69 1000 580 17 745 195 433 433 503 137 608 562 477 80 176 336 880 304 530 160 964 123 436 239 551 247 92 620 690 630 753 799 117 352 609 254 668 373 25 627 46 836 544 967 559 90 106 301 195 547 758 878 825 34 79 352 625 809 499 686 117 743 981 622 536 949 850 700 82 6 494 289 431 794 604 555 715 209 247 804 245 400 52 138 510 197 11 257 392 890 826 482 158 571 112 514 704 903 801 275 203 128 895 771 50 259 515 718 383 895 486 724 320 821 642 450 489 372 296 634 309 809 151 145 356 449 657 604 355 326 430 10 759 459 765 920 727 319 174 32 980 827 960 438 834 916 931 135 211 7 13 730 728 656 957 619 999 401 913 516 282 707 568 587 454 173 959 81 806 599 644 880 666 909 892 817 28 21 716 465 868 239 794 289 825 359 354 800 118 907 495 905 942 69 983 564 663 368 885 630 527 330 621 366 810 430 522 535 270 846 504 55 861 659 520 785 136 148 926 927 187 136 804 157 845 
44 148 381 812 130 968 670 490 512 738 172 522 436 411 990 752 408 660 170 796 314 926 720 789 865 354 657 421 942 255 453 400 264 863 359 995 469 184 874 887 521 563 856 891 361 598 847 258 796 258 185 562 406 997 631 271 652 789 221 547 407 816 708 535 273 166 698 822 313 292 338 966 37 527 163 213 628 212 265 236 169 2 126 719 895 500 246 432 423 247 804 198 994 8 328 378 616 500 14 875 812 68 725 406 277 766 645 527 349 396 437 422 759 531 663 570 123 755 860 943 2 449 934 287 696 367 754 345 443 166 266 411 343 377 196 177 64 585 805 851 556 615 51 912 103 885 580 933 428 635 266 603 211 283 19 932 887 980 458 980 212 710 63 503 899 330 407 373 526 919 492 408 738 580 290 930 575 809 543 295 297 260 751 806 715 500 346 766 169 719 335 650 682 4 893 125 231 591 278 452 631 872 433 934 606 323 603 60 625 142 630 656 442 836 333 302 19 324 620 325 828 8 386 621 221 927 123 766 547 145 224 692 883 254 542 836 24 125 238 941 4 429 497 991 31 822 362 437 930 844 657 425 74 289 803 212 270 455 770 890 672 688 694 503 395 734 537 572 80 354 867 343 304 149 986 718 152 991 382 145 560 851 384 858 107 319 809 870 268 733 194 633 956 307 863 115 813 922 554 500 550 160 729 625 653 646 279 531 582 906 203 491 629 538 146 856 45 108 893 637 566 376 939 715 905 266 476 889 395 361 147 262 898 946 329 274 787 201 745 568 88 140 663 364 394 496 399 699 697 984 39 911 518 329 660 456 477 222 933 546 164 460 210 704 277 429 130 603 979 30 327 939 821 591 867 778 949 253 246 803 96 58 494 454 852 775 126 528 91 310 738 92 521 98 519 883 830 115 398 285 876 211 154 501 928 403 878 574 464 506 672 864 425 994 3 80 830 762 520 970 312 451 122 736 400 20 500 368 85 60 891 350 126 299 930 86 238 806 329 720 642 815 773 554 92 705 342 270 790 43 139 872 237 652 278 438 579 905 455 165 794 335 633 655 753 475 543 735 504 51 580 8 564 978 293 520 194 422 783 560 138 2 159 529 579 170 734 590 136 602 569 795 934 564 378 185 317 94 224 230 
935 400 718 358 76 894 623 620 49 161 325 847 124 190 404 676 505 812 209 872 457 358 673 986 863 388 908 282 451 905 622 100 962 205 401 514 636 160 268 684 131 491 769 153 531 95 577 331 943 170 224 859 302 125 945 442 167 534 503 115 393 598 264 777 169 66 243 116 2 779 379 58 367 996 410 559 984 606 263 716 437 389 795 489 197 184 742 843 653 979 245 212 921 29 24 277 132 905 660 859 8 916 221 524 141 811 810 809 945 242 158 33 523 628 201 217 512 590 771 613 281 250 172 461 114 685 188 984 812 887 29 801 789 141 706 844 525 88 254 167 416 764 373 920 658 600 683 466 685 960 150 616 235 660 821 109 429 758 692 329 927 270 758 124 90 726 626 288 47 68 65 328 236 27 901 66 752 800 817 182 998 149 576 227 620 304 295 462 320 841 818 722 351 557 287 606 957 573 652 569 924 238 825 46 549 823 846 832 943 45 139 668 730 646 697 264 763 598 659 487 157 157 492 242 411 573 15 77 744 989 337 143 827 639 847 432 339 881 191 320 750 166 680 355 74 338 504 590 911 975 241 440 771 635 290 248 891 926 375 35 874 212 649 442 580 94 243 190 895 793 337 843 454 243 273 36 988 817 870 204 539 651 400 8 906 602 134 310 264 470 63 798 611 418 363 106 767 212 852 151 575 853 28 993 717 213 477 792 738 540 547 388 268 624 226 401 306 554 126 970 688 151 38 48 523 647 976 287 356 920 779 973 581 528 423 34 197 28 117 133 963 435 470 628 947 217 69 721 91 388 483 750 549 697 989 55 19 877 560 345 76 394 392 438 416 911 795 206 469 654 281 628 71 292 384 926 649 995 313 898 918 704 532 376 614 83 868 684 41 17 602 848 38 131 787 923 656 804 296 28 333 150 321 205 78 842 217 952 61 616 839 522 514 196 482 857 179 141 427 927 143 381 167 876 577 642 627 629 950 639 494 694 741 281 548 616 304 978 776 891 399 216 255 938 215 803 493 874 157 184 377 368 948 912 39 949 720 760 536 882 248 247 532 139 637 441 611 45 374 998 214 903 31 786 969 691 357 554 765 849 218 844 927 183 81 259 810 330 712 564 636 371 344 700 507 811 118 734 118 428 
519 366 99 356 781 30 884 611 420 956 449 951 188 535 620 140 76 237 487 29 954 455 613 376 101 631 322 293 503 887 404 365 739 481 647 594 394 277 633 659 421 374 42 556 346 692 425 903 7 295 190 260 303 616 348 769 455 912 67 755 800 340 142 48 178 375 649 473 605 335 880 619 679 882 688 248 196 296 110 192 480 48 225 217 838 248 289 783 646 813 476 267 705 622 964 261 980 249 850 289 70 794 320 939 354 952 642 891 626 421 707 854 713 817 470 66 791 638 75 239 987 241 93 414 370 509 997 147 898 238 569 314 133 336 379 587 678 687 345 789 284 83 207 563 993 785 454 953 386 554 915 92 861 801 184 989 404 863 402 444 987 647 776 332 594 657 974 427 955 431 581 222 971 689 171 886 913 840 353 764 768 853 744 117 492 735 819 758 565 31 603 479 375 643 853 799 710 700 828 451 561 857 245 445 710 591 118 678 135 503 454 828 999 406 764 450 408 987 254 234 839 210 752 475 30 867 528 219 887 266 619 706 177 108 650 460 213 998 138 229 397 462 462 753 905 102 669 819 209 364 859 905 433 82 800 946 224 590 178 767 527 401 60 834 554 729 756 474 344 133 741 345 506 107 425 819 693 684 187 79 799 378 648 931 708 647 892 298 534 21 291 597 485 708 126 138 284 895 866 206 495 5 7 499 110 697 38 818 27 608 544 680 691 174 750 288 478 456 275 300 142 998 539 371 234 569 290 209 263 22 701 282 443 173 746 220 393 421 646 750 564 187 458 892 932 599 940 624 249 309 854 776 538 532 169 195 540 152 56 769 228 87 325 372 651 982 564 930 380 641 937 591 342 213 913 117 642 366 107 563 748 559 101 447 745 101 847 915 789 945 120 896 681 842 449 357 575 791 798 110 165 117 550 829 395 565 159 113 549 658 787 473 623 645 984 855 163 281 346 124 356 686 281 263 272 597 971 326 359 280 511 136 382 776 166 624 906 371 706 466 917 755 163 930 978 720 734 905 497 816 861 855 537 660 764 135 416 907 592 341 531 682 336 208 38 482 185 648 51 80 563 886 315 178 533 22 605 23 80 861 985 924 926 882 852 477 361 902 369 953 667 979 148 709 633 118 446 500 582 548 
926 923 233 910 686 311 71 508 753 578 14 811 477 682 726 726 973 225 823 781 692 90 730 256 416 159 490 786 684 725 983 182 84 917 21 202 510 937 369 430 357 194 23 739 892 340 92 347 797 78 167 348 551 835 662 164 233 619 562 956 978 526 657 148 227 861 959 18 803 312 596 266 273 695 860 684 918 314 969 217 675 231 977 539 884 342 455 975 718 686 234 268 318 134 759 24 821 107 807 206 725 789 336 242 117 992 309 584 388 954 949 16 878 193 260 882 234 3 516 97 912 282 385 417 306 486 783 824 481 256 660 974 205 959 589 556 889 245 881 430 668 15 736 400 905 959 593 265 217 537 134 754 541 111 928 229 77 381 410 614 48 764 39 122 777 279 162 617 814 167 353 342 432 878 449 1 633 374 280 400 985 136 709 74 95 356 503 351 376 859 432 360 48 333 264 578 979 604 816 114 802 253 997 799 191 402 553 426 471 768 889 663 299 625 56 232 908 593 782 326 481 289 752 543 163 454 686 862 26 494 887 869 455 552 885 107 761 304 928 797 212 557 483 718 453 763 104 310 846 343 700 756 746 510 459 387 831 932 618 549 831 910 662 291 596 895 48 696 567 10 797 137 871 404 927 356 121 711 661 667 157 981 922 599 130 763 217 556 646 825 636 649 984 211 470 156 202 666 319 823 567 344 569 517 152 293 812 963 206 564 182 870 847 900 912 712 361 687 873 690 424 277 115 689 847 694 127 56 239 498 489 873 795 993 764 451 215 993 459 281 524 282 468 465 310 739 93 8 775 859 852 709 899 911 392 628 83 823 721 255 829 342 383 820 354 653 245 425 141 55 756 184 660 298 503 202 160 995 922 989 13 254 762 437 264 439 603 948 196 924 827 529 315 935 625 1 188 885 61 904 233 48 551 830 36 444 383 114 703 179 119 56 553 17 90 978 168 358 75 791 298 567 598 862 729 564 263 576 545 880 372 865 946 859 491 277 614 414 83 138 466 819 900 433 413 458 901 876 178 412 473 358 501 416 297 446 791 534 912 65 745 535 985 954 498 160 185 171 729 147 460 256 362 996 744 704 216 292 211 186 854 431 189 514 526 70 373 984 909 700 685 884 413 681 821 100 257 408 41 289 
485 672 249 125 293 109 396 45 354 165 379 174 373 34 575 409 931 833 386 390 484 703 190 737 780 14 680 671 277 611 194 695 595 496 835 145 621 39 327 992 364 357 646 311 437 314 318 556 46 874 776 550 299 966 298 224 614 935 778 243 72 23 45 118 73 752 714 460 857 753 810 673 548 85 436 348 904 993 67 363 575 529 630 98 130 233 146 769 523 708 906 440 376 759 26 108 9 746 798 422 505 236 845 576 284 500 213 711 317 271 501 62 756 68 381 104 673 497 366 924 187 300 809 558 847 641 296 810 562 182 342 127 453 23 464 548 787 386 928 566 212 667 29 709 902 165 877 922 312 301 853 64 591 615 574 101 60 349 48 496 196 467 19 111 350 435 658 31 577 928 342 58 509 717 91 256 398 428 845 574 656 510 768 927 790 422 170 621 352 811 202 261 215 873 613 422 994 807 756 56 15 14 863 76 120 510 623 479 467 96 894 597 232 467 767 376 680 656 445 342 673 508 709 99 764 377 787 316 179 563 510 14 763 931 314 714 646 917 824 514 637 346 512 736 23 605 770 330 693 957 895 231 505 472 786 521 754 122 854 792 312 376 471 659 559 599 96 45 838 363 159 624 740 753 66 477 472 371 960 607 637 599 895 698 943 982 609 239 936 117 6 828 329 469 224 333 442 179 560 885 976 287 588 363 217 61 805 749 936 533 250 845 320 19 470 966 75 174 690 484 672 73 314 838 319 851 313 973 828 390 868 258 188 682 334 945 42 183 625 528 1000 340 119 277 927 827 220 626 445 665 964 154 858 870 963 520 824 81 545 644 901 729 130 932 130 859 886 412 33 198 301 926 169 128 8 32 177 798 696 319 518 622 936 199 692 21 553 240 310 272 529 1000 918 251 802 115 843 842 460 162 77 355 490 871 402 16 853 524 398 877 563 662 444 534 605 933 216 510 564 880 1000 15 601 522 973 252 222 527 126 512 71 189 366 533 960 426 115 140 390 834 454 407 829 941 601 368 701 794 76 647 587 62 502 990 824 586 236 661 604 632 394 532 465 75 933 316 127 473 644 956 82 866 282 901 686 493 284 948 750 815 154 987 95 83 880 430 831 392 178 574 349 797 826 815 647 533 112 689 822 795 
550 938 658 884 656 270 669 559 477 347 8 85 10 479 975 519 655 814 982 732 111 253 432 440 283 592 660 100 545 36 454 688 311 339 878 208 658 899 730 425 157 189 997 122 666 942 229 618 801 175 133 526 652 365 478 184 782 648 734 206 247 676 78 423 633 737 229 590 439 267 935 52 218 881 499 967 524 661 734 909 984 96 171 286 487 507 991 860 564 14 206 340 770 329 936 250 371 956 464 302 991 790 226 144 710 383 794 324 822 558 485 125 787 946 713 884 378 914 123 278 92 42 835 118 203 116 74 391 605 138 599 47 611 53 196 149 208 904 196 721 338 257 424 213 787 876 174 247 156 287 905 756 214 869 951 980 776 860 956 279 639 214 145 51 897 575 549 955 904 739 743 46 151 477 536 860 942 823 931 969 493 428 482 55 770 415 72 726 491 786 464 91 162 893 647 201 59 509 404 961 983 200 276 779 950 410 525 730 974 273 160 465 830 73 413 912 521 383 54 52 419 981 52 977 85 674 145 208 840 174 994 545 83 920 826 991 725 881 670 463 754 501 533 510 981 428 604 341 449 29 178 941 240 541 592 66 544 602 407 914 56 59 430 522 998 243 994 884 542 417 900 674 378 329 449 938 300 264 141 495 460 394 828 275 402 123 70 694 59 743 1000 445 899 587 706 219 975 136 108 249 536 643 791 189 94 829 109 11 746 355 920 342 145 301 44 757 961 390 884 477 910 249 989 595 794 814 692 174 254 583 760 470 683 422 262 343 910 394 673 514 279 573 559 522 320 358 201 450 278 871 546 935 761 983 701 746 540 965 676 897 691 49 805 290 727 250 419 679 451 967 636 664 3 262 480 419 490 494 405 548 552 494 682 636 269 433 425 875 9 968 292 414 671 389 596 815 20 256 707 718 867 508 151 195 559 631 523 393 77 653 253 529 287 889 330 52 777 568 785 782 377 613 586 419 960 404 516 739 987 272 993 189 464 530 474 276 657 824 946 12 731 794 380 307 291 322 643 935 549 139 597 931 892 863 950 354 552 981 679 583 123 296 715 330 466 561 53 595 851 152 811 124 787 965 144 80 981 993 420 13 73 755 476 307 874 379 426 169 126 792 458 532 460 963 34 358 87 448 367 504 
460 95 367 480 269 463 474 177 307 269 111 686 526 503 767 92 716 459 468 257 50 294 264 56 638 838 381 162 232 55 393 179 180 534 509 114 657 135 953 518 63 918 737 169 234 255 846 222 113 567 109 754 917 495 231 292 369 892 446 444 726 567 906 156 12 516 942 33 352 149 38 152 112 109 509 816 55 972 584 67 369 334 564 236 469 650 760 896 902 794 187 45 848 647 875 563 258 258 90 916 976 155 609 181 622 946 745 489 228 94 350 282 324 560 395 559 676 103 515 956 323 314 516 317 102 816 836 656 832 375 721 493 611 886 346 606 601 699 414 566 449 916 776 187 658 446 575 787 193 215 192 384 794 692 226 124 376 841 517 515 413 188 714 162 488 96 424 251 362 42 596 861 870 214 293 390 356 127 427 424 900 897 446 916 547 567 685 769 319 274 981 811 289 112 598 836 64 88 516 68 56 815 18 399 100 317 759 162 241 140 453 22 61 78 965 416 884 979 445 534 497 756 253 114 53 803 316 636 481 183 557 296 370 25 289 485 898 872 131 65 672 188 734 37 933 237 703 108 414 369 705 674 168 175 621 46 135 14 158 656 573 20 517 377 602 81 897 861 16 544 796 321 620 376 534 436 691 406 106 40 354 648 242 421 275 434 868 361 505 737 58 969 394 256 90 270 584 558 209 480 126 780 704 444 354 743 460 165 735 634 887 387 919 593 248 518 218 61 579 633 738 290 64 391 922 98 4 63 986 736 474 574 356 812 768 608 987 961 537 910 153 752 21 151 469 147 795 151 854 761 298 104 714 468 410 714 589 539 717 203 322 992 588 815 522 193 699 46 400 175 133 33 185 681 982 226 900 190 834 710 725 629 832 532 617 460 134 170 745 354 947 732 639 173 327 619 897 490 171 119 848 393 31 172 831 820 735 566 181 235 966 637 833 241 790 342 472 860 460 503 967 871 215 48 825 528 578 610 440 824 189 777 123 558 128 177 244 658 51 481 350 266 902 506 329 494 508 14 141 964 262 665 520 435 1000 912 304 168 646 388 799 562 420 565 625 246 968 102 799 930 656 645 521 593 3 710 357 532 817 692 490 163 986 120 123 710 47 141 876 445 178 65 78 929 630 387 523 737 974 516 
24 925 79 856 877 539 973 546 749 818 582 40 294 89 265 235 648 374 132 445 878 576 239 192 302 628 12 507 591 713 451 195 207 482 808 203 674 517 468 588 258 368 395 618 329 7 842 196 496 661 758 897 717 713 773 67 253 452 94 781 911 251 815 892 253 225 898 206 472 882 719 85 859 447 648 114 212 812 574 857 145 819 463 625 873 175 68 192 101 440 595 657 402 137 666 333 824 563 598 905 672 151 607 565 216 406 692 504 397 105 501 52 141 183 276 654 666 914 595 817 701 184 268 711 520 19 179 455 274 687 956 5 745 246 891 764 913 846 448 428 414 885 239 587 643 570 264 62 184 819 939 164 669 829 665 110 98 479 715 474 106 110 283 264 699 791 749 626 758 150 259 350 558 321 587 784 35 115 681 825 660 713 796 435 774 534 761 848 966 40 209 277 48 823 388 338 918 505 699 71 247 558 575 557 733 748 690 169 389 506 120 745 92 285 277 804 702 548 102 44 566 83 783 266 52 675 39 941 554 580 141 298 333 255 265 467 452 670 339 712 233 448 901 981 554 694 375 656 135 830 493 177 177 699 667 48 455 993 108 680 367 609 893 181 887 49 772 622 457 224 975 427 784 428 71 821 957 964 426 120 440 429 705 321 615 141 973 207 352 193 658 987 654 583 113 567 5 994 494 392 406 249 382 467 945 487 479 841 517 288 949 66 905 944 536 370 536 299 694 70 222 940 250 654 318 431 377 815 935 165 632 735 954 986 760 568 308 216 469 280 59 329 809 807 42 992 819 118 901 997 470 407 540 217 243 296 799 712 143 727 685 719 882 205 133 74 420 834 457 223 112 436 174 848 286 399 52 971 113 179 741 458 821 264 695 793 494 427 377 922 977 613 648 835 667 16 975 322 91 185 128 669 281 499 293 541 771 642 53 68 244 530 927 610 146 363 768 219 355 149 405 726 96 995 439 470 445 673 657 473 613 445 746 498 112 719 922 270 769 8 623 785 297 739 637 478 191 934 832 64 210 392 537 956 827 367 362 138 701 40 889 671 170 486 726 205 932 238 173 837 968 784 329 642 91 503 887 557 417 186 342 215 402 978 271 74 915 203 945 135 886 877 689 461 665 851 635 534 638 258 
388 906 400 396 123 712 8 108 459 976 331 536 514 345 844 20 406 251 448 181 100 540 478 1000 680 323 42 830 500 318 390 873 825 612 976 547 182 850 393 899 515 798 387 374 180 677 408 526 582 516 466 262 500 217 222 817 790 904 199 686 798 404 540 236 506 187 793 381 368 928 854 884 286 487 618 605 700 915 997 865 976 144 48 78 735 351 357 400 252 484 374 658 698 193 775 395 297 104 754 321 3 139 262 126 772 444 7 805 51 388 12 995 370 732 459 773 551 373 620 109 904 280 456 732 57 332 976 222 365 699 717 465 326 691 754 587 581 165 347 830 736 135 117 933 86 122 610 699 219 268 547 200 356 675 212 330 954 325 822 949 719 474 112 419 801 879 730 50 393 921 846 976 643 53 239 127 51 250 759 184 395 339 402 985 823 221 292 390 621 925 258 400 901 103 787 1 813 711 317 891 961 776 128 515 116 517 571 81 497 523 576 532 960 138 176 671 593 103 990 286 282 668 188 527 833 194 471 1 736 52 677 613 571 571 392 231 723 224 265 123 960 981 845 559 481 538 198 60 259 441 714 675 314 640 316 106 202 754 772 956 564 13 463 546 121 473 255 115 185 653 40 244 49 601 464 984 445 658 988 774 483 290 521 886 315 716 841 505 304 192 178 610 816 26 366 144 811 354 213 601 212 836 346 494 978 222 279 345 566 707 329 567 3 338 579 757 575 317 228 755 971 315 57 683 164 772 32 457 679 23 641 400 438 822 660 280 733 925 715 313 12 909 806 781 394 442 472 337 69 886 669 642 644 171 656 407 968 19 678 355 534 384 260 431 414 211 657 137 905 885 75 607 869 502 963 354 768 393 127 650 461 412 155 917 297 137 639 687 813 782 479 376 329 812 510 592 685 385 343 427 159 982 80 389 682 816 375 116 77 616 121 464 408 209 407 315 748 292 480 936 201 397 877 342 15 83 638 217 481 283 455 100 693 729 562 561 684 427 115 188 346 702 446 755 948 301 409 542 116 885 137 781 862 217 109 206 920 374 541 460 956 854 225 6 317 110 232 236 562 230 287 586 901 947 437 475 347 566 177 284 361 563 843 357 675 145 610 512 676 796 763 839 949 604 916 815 373 971 451 271 
63720 59624 61938 62150 62191 62556 63965 63239 63946 58284 61877 64125 63612 64164 59842 62027 63966 61999 60601 62381 64029 62563 61843 64095 64085 61978 64143 58472 62139 60820 
556 111 163 457 614 182 896 226 575 580 739 666 841 714 141 765 208 184 332 55 171 378 275 731 15 807 974 938 59 627 629 788 573 38 533 205 523 887 103 985 511 688 731 939 713 43 303 577 768 199 644 631 987 415 860 915 719 663 471 911 373 412 273 643 755 146 90 67 405 591 505 532 539 394 462 641 554 585 956 585 130 660 237 62 699 360 716 113 636 838 34 907 361 629 405 174 187 483 868 934 207 137 719 437 559 712 941 847 279 990 44 858 165 362 684 784 290 649 932 391 145 57 296 870 657 789 129 239 470 9 308 508 598 270 958 368 251 986 397 479 832 915 317 792 275 937 156 238 828 569 133 993 269 36 569 639 889 35 549 382 362 459 684 996 606 556 875 586 674 383 39 283 503 598 38 719 706 728 684 144 799 923 398 692 537 830 100 377 412 505 75 209 476 698 369 348 816 508 725 627 379 593 788 283 221 162 252 291 197 176 77 611 661 238 387 754 932 260 629 234 409 336 693 668 669 102 646 39 313 733 957 412 514 794 727 690 805 552 357 605 23 776 147 138 956 332 450 535 906 401 164 764 574 502 407 787 949 201 808 894 572 181 963 347 164 917 716 682 19 234 115 283 932 688 205 455 626 777 845 53 840 494 816 581 933 498 291 141 672 439 527 945 469 461 489 837 468 453 75 123 306 686 611 454 553 853 239 44 870 276 173 572 762 370 214 843 432 950 270 970 509 755 111 431 858 749 169 39 599 5 40 793 958 329 533 223 269 351 969 787 1 442 634 509 706 601 64 655 941 893 566 980 250 961 126 840 876 148 759 314 482 93 162 74 795 382 873 27 193 768 161 871 847 27 992 601 465 153 838 725 619 847 221 647 26 235 327 781 650 589 217 446 1 282 734 234 923 29 249 783 739 842 321 631 545 614 399 883 360 686 259 810 195 767 459 737 403 375 494 309 615 605 420 770 695 137 911 171 917 520 668 455 150 212 18 931 625 258 319 357 671 545 466 523 416 121 959 105 849 917 618 289 576 209 951 533 721 898 982 426 814 71 692 668 489 804 533 698 477 389 426 955 660 368 145 364 495 5 322 543 635 18 373 820 273 687 60 196 25 346 90 784 777 334 943 460 698 887 950 42 
413 63 111 312 888 650 111 279 890 995 81 989 623 449 486 398 153 598 253 842 189 540 608 638 60 75 687 476 350 409 463 989 959 968 650 603 879 960 21 729 92 56 63 109 914 888 679 413 568 871 28 57 216 795 356 536 91 21 994 334 300 470 326 837 292 783 641 505 292 123 605 72 21 463 393 428 911 729 612 731 247 960 793 938 192 78 145 655 286 748 479 605 614 551 357 598 605 793 939 742 873 291 266 765 355 806 288 233 512 260 60 280 543 275 390 221 127 208 367 977 288 29 544 20 954 655 521 183 776 254 453 550 159 884 25 414 315 887 755 671 514 385 934 34 998 401 790 651 607 229 255 136 411 5 396 842 488 726 34 932 258 966 988 505 57 580 193 426 6 528 557 713 408 837 89 780 822 46 440 22 481 925 892 199 481 134 544 854 947 536 713 357 527 207 70 272 340 866 426 313 871 772 266 10 974 524 854 55 12 724 471 473 914 619 905 325 894 840 772 376 370 712 13 365 803 829 278 394 621 263 743 83 238 932 470 896 491 803 32 843 946 985 498 337 286 699 963 508 686 243 489 409 20 719 16 530 184 500 509 295 275 565 447 627 154 448 215 249 133 13 910 28 679 74 534 903 314 142 218 116 55 424 156 59 999 94 647 856 90 625 904 52 76 668 154 813 492 598 61 997 328 659 682 887 813 964 238 806 169 97 370 751 876 854 418 356 375 980 121 734 128 755 410 609 439 764 863 615 961 841 102 874 447 772 548 965 654 581 408 902 649 954 390 901 562 417 668 634 129 739 497 341 275 121 301 741 783 482 820 322 803 167 790 718 253 273 493 444 810 771 947 627 527 966 317 16 677 466 146 856 369 653 115 74 130 140 345 995 750 641 565 404 978 218 875 87 14 924 59 59 307 557 111 721 303 519 420 723 952 950 967 785 518 849 571 22 777 587 170 240 333 32 166 973 263 830 381 457 194 750 908 978 467 1 339 531 620 969 312 685 857 344 104 712 353 224 939 4 187 327 860 88 27 128 965 593 402 57 461 567 900 968 444 955 884 262 238 296 292 558 887 856 582 306 127 462 364 682 425 449 151 897 670 335 856 116 533 11 106 291 164 575 688 256 982 153 317 864 497 280 
907 75 488 485 227 292 519 362 618 499 876 360 6 906 220 897 566 96 10 504 93 274 568 413 863 185 783 325 881 866 138 608 690 431 432 930 851 174 457 650 104 927 944 454 338 381 70 484 172 922 752 869 816 976 177 759 105 849 904 958 631 251 651 113 101 653 645 57 272 945 692 5 814 665 757 193 266 984 363 38 52 565 327 974 581 88 778 804 244 961 253 299 684 676 11 715 381 847 271 7 807 447 406 465 125 414 981 474 296 383 178 570 241 621 963 363 45 6 17 957 563 92 329 16 127 991 140 706 172 445 426 980 646 90 804 620 834 585 920 362 687 605 202 272 200 732 514 172 614 209 785 167 413 523 112 436 101 902 999 663 288 890 768 60 566 460 749 393 470 541 363 109 189 771 527 725 872 90 695 822 745 423 183 610 39 382 529 662 705 413 872 343 822 187 776 804 521 894 698 82 240 661 62 110 84 337 841 252 134 259 646 999 656 320 859 293 597 875 753 437 42 279 166 306 565 282 994 625 77 483 781 554 990 222 190 182 639 995 666 739 450 630 106 230 161 120 999 838 966 878 112 889 582 861 151 713 235 806 844 700 810 979 60 792 130 415 893 303 793 323 956 111 506 1000 973 985 762 147 128 394 839 582 437 144 718 755 275 537 450 94 212 952 485 935 775 395 436 351 657 372 221 757 685 205 339 4 509 264 894 680 962 788 386 152 129 404 925 309 585 618 921 636 24 921 535 646 374 330 779 434 206 572 312 70 686 889 737 124 839 168 400 373 267 539 366 750 15 529 344 649 871 194 875 728 81 821 39 39 94 983 770 718 187 611 589 500 353 461 950 41 386 984 189 811 497 504 342 181 441 446 781 936 260 901 868 71 116 934 225 99 877 587 437 446 662 515 927 58 613 42 983 248 832 959 157 324 8 742 553 792 332 609 770 238 806 883 642 127 411 870 130 670 209 417 631 394 935 964 228 787 705 893 213 116 728 909 50 328 437 792 609 385 771 776 667 628 565 708 102 375 890 76 763 970 268 688 1 174 578 907 152 432 930 759 182 779 509 518 597 141 725 725 942 862 731 573 939 75 302 72 248 557 712 995 154 602 396 650 88 334 195 902 226 758 682 476 94 269 258 236 
547 859 25 285 674 829 878 49 145 915 532 824 153 820 370 13 462 582 25 209 768 292 915 754 48 519 295 751 579 468 576 90 523 313 525 286 564 738 961 167 445 339 634 564 95 694 100 967 679 594 467 935 880 366 71 580 354 173 340 176 446 871 20 694 305 25 487 229 895 138 249 752 216 316 149 449 558 144 960 51 614 750 526 499 957 614 700 760 525 118 15 3 307 338 896 833 618 214 665 663 383 306 44 685 403 150 504 312 438 871 600 610 681 468 544 120 896 977 882 408 647 762 852 118 519 926 515 561 308 873 725 196 577 456 36 642 238 837 601 524 26 252 505 418 529 209 598 640 738 170 25 342 270 784 527 190 406 11 737 351 815 682 746 473 508 548 441 531 316 296 745 949 76 702 155 825 74 174 381 295 278 490 412 90 909 159 593 945 855 847 918 453 21 928 22 882 562 813 229 517 559 80 18 517 548 708 5 291 183 180 285 717 237 67 145 408 916 866 236 188 979 950 284 407 389 658 222 613 807 217 1 356 997 199 237 294 632 815 76 86 943 160 182 952 832 554 438 564 51 98 780 542 723 323 16 933 888 646 545 948 404 765 404 116 636 666 837 344 180 320 619 225 197 517 776 857 840 471 910 63 864 407 946 492 336 188 880 724 927 773 86 118 244 438 103 907 164 483 676 184 66 459 385 387 62 181 369 279 667 109 378 119 82 483 668 432 364 166 473 311 989 500 417 725 484 957 818 551 817 171 229 2 315 503 798 524 801 428 104 705 501 883 336 278 820 666 940 339 162 895 917 353 35 36 632 90 0 88 704 633 551 272 853 75 762 197 147 349 487 919 433 799 27 508 644 110 895 905 114 592 544 824 131 268 638 481 282 661 826 93 170 24 755 730 130 378 329 520 79 710 98 628 432 53 3 298 134 136 915 986 568 127 701 74 177 822 357 65 603 922 140 413 525 416 888 798 99 354 258 706 312 868 712 194 325 549 232 837 731 813 265 391 355 466 359 375 963 190 896 461 42 504 140 180 297 92 544 904 888 58 664 15 522 776 25 302 265 777 734 72 657 468 37 728 580 648 903 511 656 824 140 101 520 817 531 35 540 492 166 728 144 6 999 579 96 224 61 272 268 407 
599 599 359 58 318 462 464 323 702 675 29 314 451 178 580 508 87 7 984 971 122 108 64 705 387 756 505 91 667 85 218 253 966 979 569 676 923 570 38 903 54 414 875 651 938 914 761 92 205 702 707 387 183 14 306 279 316 537 600 2 430 624 235 929 933 612 285 735 499 544 631 433 413 805 514 723 788 490 870 342 900 797 82 532 229 706 182 927 765 34 625 814 780 203 967 46 519 457 354 432 65 71 391 691 338 360 291 42 368 390 730 375 613 870 800 776 942 579 885 830 410 183 603 842 331 937 572 279 821 941 438 149 321 306 590 362 393 868 541 578 698 377 478 138 646 41 18 448 673 81 277 198 418 115 875 832 174 966 889 952 27 941 712 896 351 655 399 508 629 527 24 658 590 511 176 329 707 798 226 601 590 951 404 21 318 851 709 68 927 207 286 662 891 810 260 618 328 375 173 153 980 965 944 887 42 84 552 853 892 793 786 725 844 937 565 1 588 500 659 121 252 665 478 146 578 514 113 683 512 382 384 448 101 875 966 781 269 652 625 236 605 96 402 653 66 259 770 18 39 549 840 211 862 868 299 88 287 288 346 917 763 351 817 421 486 432 961 795 785 143 855 791 692 315 690 259 309 371 432 380 844 525 659 327 643 590 617 395 609 120 208 908 995 79 259 98 414 922 916 655 620 664 857 0 692 463 463 916 747 167 600 989 115 913 391 330 408 999 997 608 883 54 467 69 370 173 584 369 966 351 868 2 838 799 323 273 406 484 349 211 983 718 658 492 742 851 654 630 608 411 950 668 788 389 490 548 738 129 894 599 398 295 920 708 526 972 739 446 548 960 999 725 249 492 923 557 237 770 100 581 590 922 897 430 467 783 681 479 734 154 235 500 951 300 953 210 952 886 451 858 247 158 618 748 144 472 399 459 919 110 71 177 745 383 992 335 335 490 856 406 532 307 675 713 657 811 577 393 774 403 389 952 459 209 190 995 516 470 215 459 542 555 533 880 707 848 976 557 846 839 78 719 170 178 630 786 599 704 925 161 736 142 350 312 880 792 787 266 191 692 312 997 399 989 326 389 471 917 355 22 973 709 220 380 469 876 490 16 411 824 434 686 383 704 891 907 828 947 638 253 
125 16 938 816 161 934 350 356 987 920 622 546 795 645 544 128 223 738 588 434 219 354 83 474 344 494 735 983 890 59 35 62 895 231 231 748 458 85 826 550 968 715 469 280 493 179 433 210 209 530 96 212 427 811 117 348 797 693 901 41 191 874 466 461 359 165 458 114 999 89 465 169 515 396 820 882 207 862 658 803 986 384 569 80 57 142 194 663 341 617 203 468 282 691 391 355 911 597 987 942 956 389 105 913 176 247 280 207 870 414 944 903 107 641 632 781 887 81 290 589 901 836 697 106 642 554 129 973 928 213 869 94 331 77 992 304 981 29 309 100 83 738 982 458 432 530 469 320 169 447 420 828 217 926 325 893 816 270 518 226 240 63 661 478 358 806 385 39 654 434 934 297 783 594 60 310 26 534 416 919 9 347 232 328 702 77 483 809 254 623 245 942 274 717 978 902 631 650 222 629 677 372 412 330 382 817 23 142 744 373 292 124 253 178 258 324 344 918 861 106 454 97 122 269 822 539 191 797 242 786 819 703 431 110 990 495 554 639 977 779 416 527 235 829 181 74 602 222 435 901 963 162 191 105 168 618 955 591 788 588 588 17 328 797 466 217 40 65 904 400 633 209 432 927 155 253 581 787 254 57 837 475 75 705 325 312 539 162 448 70 199 734 871 941 765 94 446 520 628 935 921 369 976 593 482 932 548 410 724 523 472 660 604 247 995 392 560 133 47 13 121 376 618 985 246 313 293 156 619 266 645 617 744 830 678 897 545 789 382 487 113 968 507 58 105 646 71 872 270 191 865 531 679 233 118 602 983 126 824 85 323 126 479 312 958 956 366 405 529 440 135 778 36 760 318 183 654 698 738 269 27 375 644 513 764 204 398 102 304 409 410 19 977 142 951 834 848 579 639 200 914 916 564 409 318 658 404 183 833 810 798 115 480 446 542 701 770 942 296 549 740 530 320 846 394 492 39 3 263 175 79 771 99 46 215 30 603 788 623 885 397 723 3 695 702 11 733 41 69 522 696 664 121 750 47 80 966 172 825 68 834 508 525 522 359 796 205 742 232 115 940 917 482 344 977 948 584 909 793 974 217 410 211 919 629 332 527 728 426 118 158 608 818 666 818 165 179 711 256 971 
794 962 559 323 634 265 707 775 776 248 253 781 833 654 881 335 945 892 683 417 55 945 624 67 667 371 556 676 355 260 272 463 24 361 26 708 862 355 100 314 862 237 777 757 236 190 602 665 11 565 899 109 798 568 897 399 686 325 783 527 629 918 230 711 314 268 97 52 524 494 558 927 776 52 755 266 297 252 276 527 142 748 321 871 720 341 28 559 825 307 711 842 839 878 516 204 873 42 663 780 805 237 953 547 201 235 401 1 217 825 556 779 540 423 858 342 132 956 691 144 531 605 967 40 317 513 314 660 963 619 706 270 824 373 710 740 318 584 551 478 185 766 946 706 522 275 291 641 752 36 455 151 792 648 286 436 858 266 889 155 767 557 67 54 922 484 219 712 657 614 151 430 700 745 876 354 583 342 389 618 996 612 655 695 498 602 700 71 303 179 414 769 244 905 368 162 394 907 23 844 36 890 88 190 167 130 526 826 967 666 762 632 886 866 424 326 64 716 684 451 770 762 429 453 166 175 499 879 64 286 373 304 910 704 420 184 943 197 33 953 2 269 389 280 497 732 540 696 821 270 137 388 661 785 319 219 416 147 698 216 407 626 670 163 880 751 536 21 831 789 117 702 522 226 471 530 476 737 734 414 564 21 895 142 207 33 170 867 724 921 125 730 273 381 103 297 642 370 397 321 249 309 915 423 740 242 888 678 134 550 951 710 289 389 405 562 443 289 164 539 259 10 945 761 236 76 274 695 151 578 473 687 287 211 607 408 545 576 2 380 45 480 459 801 458 41 992 130 979 704 211 614 571 553 393 242 454 223 812 341 993 161 52 685 930 85 928 173 637 368 569 289 750 44 159 853 30 817 973 119 423 807 728 617 278 437 424 749 513 87 964 408 738 243 909 27 804 598 796 900 358 592 284 19 795 919 776 43 497 574 0 602 348 20 709 138 325 275 632 682 944 319 761 625 708 484 321 123 483 595 720 930 559 81 116 590 772 284 431 952 339 931 199 588 574 744 906 885 125 452 233 120 454 170 217 327 183 984 746 10 998 142 840 35 718 826 98 728 352 807 160 279 549 336 981 481 943 261 365 157 956 844 591 939 231 568 135 502 381 336 335 381 274 876 205 119 279 230 669 573 
447 682 649 672 673 522 987 818 781 695 260 630 331 346 255 727 738 691 49 494 877 448 306 563 992 981 895 205 267 893 271 313 495 375 758 148 749 841 627 8 258 799 127 863 869 558 777 34 795 983 508 683 314 442 31 805 378 692 991 482 56 302 81 938 929 674 764 806 929 919 421 537 463 382 625 845 537 686 522 28 568 350 810 128 792 575 687 742 812 346 702 96 291 482 279 911 412 934 301 791 488 538 473 597 742 913 2 889 741 157 544 12 503 149 202 730 133 765 980 402 115 987 585 13 386 797 329 539 406 509 69 546 387 798 960 394 854 564 914 36 93 252 732 949 305 732 624 684 412 497 900 43 145 395 807 799 711 824 334 631 189 779 51 10 474 729 58 213 184 99 901 744 593 611 965 53 308 143 319 909 694 104 412 174 560 955 748 754 535 590 822 888 562 173 632 28 296 969 593 153 71 770 879 115 667 314 74 513 102 495 193 849 13 982 541 531 487 293 339 313 740 756 397 626 625 889 782 878 615 321 203 135 373 439 809 929 381 911 354 88 968 504 932 103 581 534 224 854 453 332 862 116 670 644 254 134 720 908 852 422 651 961 999 516 716 664 501 403 7 922 760 439 628 989 324 156 387 257 620 678 991 407 962 896 48 561 178 80 241 820 869 48 62 118 569 612 699 581 374 69 662 568 422 102 460 502 437 719 581 764 800 74 857 871 32 30 583 322 555 35 785 849 401 506 997 373 462 313 854 48 705 25 916 740 247 953 827 137 674 353 427 655 579 897 383 790 407 862 392 482 363 937 493 269 812 610 761 635 901 9 173 203 444 799 411 436 642 117 402 691 741 42 323 432 28 483 386 884 961 604 466 307 733 598 477 933 442 675 107 948 684 986 190 863 156 894 104 745 539 489 343 247 871 981 501 374 195 825 94 530 790 482 754 778 999 933 552 155 35 298 650 777 347 497 796 326 26 126 373 576 618 253 928 219 550 496 622 459 600 574 608 235 219 847 363 636 739 719 557 265 364 206 992 490 578 816 269 722 417 846 43 553 187 957 773 480 530 806 170 466 952 578 973 421 875 616 800 517 813 213 261 285 509 735 822 699 556 29 210 217 762 648 125 292 723 889 256 782 950 475 
399 960 197 422 379 154 160 368 319 905 334 253 725 111 449 689 630 728 187 957 220 308 34 444 378 209 655 14 339 128 285 582 883 63 445 908 975 291 190 522 81 314 344 790 482 798 73 604 112 42 114 692 707 137 683 926 957 474 735 360 230 406 189 980 285 284 617 492 862 236 914 607 873 707 189 359 862 173 647 469 464 240 377 229 39 14 771 443 782 559 47 17 421 280 768 898 63 141 927 495 344 81 72 347 183 761 439 706 505 562 588 303 392 541 787 157 723 116 809 416 309 786 970 458 22 245 91 156 94 980 530 423 456 583 178 126 810 934 202 226 431 891 980 532 216 791 560 10 475 627 329 487 521 32 960 706 897 712 160 45 741 422 719 485 551 726 336 588 672 822 991 711 974 66 886 92 963 613 322 575 486 510 494 373 793 31 293 43 341 663 247 1000 700 786 370 111 134 599 887 353 493 9 660 794 778 826 61 940 254 456 496 537 529 154 689 944 657 734 857 296 33 573 450 832 343 631 264 704 395 834 768 213 913 183 256 170 935 716 172 904 458 862 273 771 983 583 696 259 976 341 444 279 256 519 932 19 328 877 207 42 444 591 168 868 100 824 360 708 79 51 810 254 440 655 3 563 9 259 863 782 96 553 263 243 140 773 24 729 986 29 868 383 114 288 724 133 261 42 208 152 313 977 363 83 97 951 238 544 38 620 976 414 923 727 467 108 721 999 704 635 399 760 929 867 860 623 43 683 880 648 476 392 955 229 852 510 828 989 969 274 981 159 116 212 147 367 260 63 213 522 287 489 208 411 449 773 571 666 652 130 292 987 592 855 299 57 976 692 75 16 707 552 231 826 929 687 301 946 438 179 668 205 407 865 526 360 999 217 575 230 361 246 539 528 348 230 836 491 702 556 241 511 288 714 657 492 633 642 32 762 922 19 243 948 896 356 805 140 285 906 629 441 360 717 102 861 363 798 339 668 684 404 137 200 311 500 168 184 668 991 188 837 459 553 218 799 929 636 344 667 188 602 236 724 803 577 641 692 816 265 414 114 794 4 178 264 963 933 665 445 742 9 717 241 849 936 541 497 445 564 657 550 290 355 133 426 49 468 696 15 315 535 891 443 817 629 619 999 546 122 
63 374 675 523 593 502 105 14 454 787 81 180 434 354 97 988 107 605 519 419 664 305 554 986 925 82 458 76 546 764 38 762 269 357 778 881 169 13 124 746 182 447 750 249 95 381 832 394 10 646 107 235 326 636 558 329 753 616 298 288 490 209 713 884 955 798 54 722 353 612 485 697 291 723 257 632 215 902 122 32 719 938 741 420 615 339 254 245 324 766 555 740 680 526 447 149 684 399 478 543 189 299 397 669 197 679 449 0 836 906 953 908 835 848 421 891 181 841 709 162 655 457 668 451 532 508 684 783 284 370 784 953 968 419 942 941 289 208 410 175 974 927 473 450 323 619 150 822 841 449 285 59 704 994 842 554 695 159 361 346 364 995 949 211 938 110 195 19 291 927 873 914 9 818 241 812 918 582 318 43 84 73 419 585 214 200 87 438 197 424 209 226 72 677 904 809 299 905 82 327 272 474 492 111 86 772 534 879 760 969 740 259 470 383 746 773 78 420 546 879 346 749 165 61 174 121 18 457 486 393 478 772 14 675 889 625 355 859 629 229 744 276 910 442 216 545 18 645 160 196 799 721 957 239 586 43 374 784 929 803 278 39 475 533 201 263 479 180 387 460 826 613 737 664 799 164 91 100 196 999 374 150 61 928 54 261 48 97 957 900 912 624 945 11 382 559 650 585 858 141 694 928 590 301 903 729 672 571 435 661 500 894 932 255 295 103 943 247 687 716 134 983 34 445 910 42 71 226 512 650 645 160 890 157 706 50 81 724 283 468 392 644 882 296 546 208 28 98 168 296 169 252 452 577 321 448 684 867 33 101 858 439 912 831 657 151 709 488 774 643 217 680 43 587 716 34 782 187 353 894 356 536 938 769 384 243 700 173 124 404 206 606 516 408 150 19 710 756 781 604 929 810 458 284 415 523 356 719 657 464 634 220 946 66 126 539 290 202 218 145 493 103 24 472 919 2 507 104 91 27 801 972 210 812 651 78 664 438 372 402 599 833 370 99 177 256 609 32 175 301 163 47 421 940 631 258 674 753 633 152 249 893 338 769 702 913 488 228 860 7 978 704 281 136 594 946 425 885 674 304 462 137 733 760 319 594 934 883 740 552 8 316 956 794 218 755 357 351 592 538 
736 704 315 357 60 129 178 404 340 425 473 630 2 855 847 10 981 124 634 396 310 600 601 166 230 420 991 792 991 328 510 73 783 700 681 855 311 130 110 69 331 307 797 813 335 335 288 626 693 304 258 924 221 19 357 242 793 152 614 868 665 254 281 781 271 670 63 555 178 723 178 72 892 778 0 470 141 345 560 222 236 637 406 512 714 433 413 490 210 699 953 776 537 713 479 928 692 329 967 412 472 798 608 58 309 907 637 80 611 106 530 339 37 35 71 479 311 296 10 298 979 51 616 337 514 961 229 863 842 847 220 462 646 377 57 549 72 749 630 712 799 496 788 828 409 304 170 478 741 563 251 868 945 830 161 667 588 806 208 334 406 653 98 598 556 538 602 566 492 267 269 282 403 834 488 534 13 692 981 728 92 680 51 100 735 505 131 160 231 911 762 319 416 812 59 575 433 125 752 102 362 329 587 449 27 535 919 643 85 975 244 896 322 905 382 157 272 420 298 294 213 869 603 588 547 60 438 506 74 101 946 377 897 48 895 619 973 731 622 23 133 341 624 843 183 446 526 980 96 321 985 937 853 657 150 298 755 27 867 166 452 462 619 989 100 241 469 695 36 533 670 134 297 47 405 490 794 660 720 352 474 715 823 418 338 438 866 440 978 748 993 917 544 686 913 968 637 735 930 237 477 837 928 898 838 439 813 925 403 836 672 385 982 540 926 887 104 946 639 804 662 667 914 664 272 325 673 105 876 644 648 808 362 567 884 300 567 733 513 300 751 734 151 139 446 893 578 420 687 219 629 381 864 963 28 583 319 791 268 635 807 939 731 385 859 919 706 160 529 776 918 968 187 121 30 479 265 681 606 764 973 460 105 471 986 704 765 966 18 889 905 255 306 564 198 198 133 259 898 534 445 311 61 314 812 16 63 437 609 585 286 889 838 954 732 791 48 435 796 686 838 818 391 368 661 342 610 733 702 702 75 342 762 20 817 135 608 449 979 830 848 66 953 664 252 202 700 763 193 97 582 994 870 791 154 31 555 749 592 897 9 900 581 459 977 915 646 296 537 547 10 578 716 955 748 122 29 69 863 702 596 241 757 263 884 830 577 522 58 306 866 626 613 65 888 391 809 719 97 772 
494 799 889 153 424 711 774 191 484 718 879 678 986 458 726 624 272 392 691 414 41 227 125 256 673 495 438 101 733 956 265 616 842 551 952 222 770 485 581 143 355 862 27 303 633 903 125 79 96 597 91 832 113 103 671 560 549 893 111 422 995 198 794 922 616 814 555 64 465 713 554 664 676 71 896 793 609 483 543 575 839 667 557 348 370 519 770 72 873 7 231 670 84 145 358 569 331 706 388 10 23 366 885 432 812 28 699 768 667 667 203 422 698 406 254 185 398 21 707 109 462 282 946 974 783 384 989 301 649 974 752 890 385 654 73 76 519 763 649 547 975 818 37 356 297 940 985 1 31 321 735 33 942 619 937 346 396 70 580 969 271 745 174 741 793 170 499 948 132 559 970 486 689 343 523 462 0 598 774 971 381 861 352 349 23 252 697 878 537 986 969 488 602 439 910 428 925 210 496 74 731 951 1000 205 632 3 392 175 270 793 851 991 718 64 580 37 239 412 314 845 196 90 600 781 49 356 263 195 720 256 398 515 267 908 554 340 981 997 953 206 497 898 512 442 769 582 224 91 79 133 158 794 832 685 39 196 708 968 439 278 149 124 665 152 771 59 175 565 294 403 323 237 207 142 795 824 703 539 602 883 877 399 10 498 106 799 275 418 370 778 13 121 977 780 591 467 447 9 800 9 868 502 243 445 967 290 29 88 402 932 176 68 137 988 148 365 754 57 933 518 428 43 682 667 351 979 169 54 840 231 27 904 979 684 670 339 511 185 245 399 333 244 675 46 494 375 20 308 229 823 688 950 148 746 360 45 457 496 705 945 509 327 627 773 430 492 513 176 720 393 998 882 208 870 938 376 781 527 411 579 388 328 947 342 266 587 601 460 557 609 869 928 113 356 730 351 620 494 58 985 618 881 902 744 657 408 834 230 628 811 470 807 443 295 253 963 850 752 887 55 156 518 972 998 876 622 339 346 558 622 931 977 296 547 990 213 347 985 564 581 107 844 371 250 653 520 160 630 241 498 433 461 243 823 710 189 860 731 681 758 389 484 377 221 664 772 173 413 181 597 631 529 233 739 7 163 214 237 96 645 291 384 323 128 932 356 102 150 403 901 699 47 961 796 900 708 680 552 749 792 
158 936 475 254 888 717 937 998 944 231 938 46 24 104 122 782 733 589 976 635 470 418 160 458 885 117 820 82 842 461 492 240 255 815 844 90 868 669 171 719 906 578 105 791 113 30 237 114 514 198 488 294 264 216 704 986 235 767 365 483 504 764 488 479 653 518 761 30 571 907 787 778 611 921 806 599 540 332 956 400 827 518 797 837 7 341 961 945 766 162 165 392 793 569 941 486 526 668 927 584 774 71 820 684 196 410 27 482 943 111 889 664 999 841 63 121 229 708 877 176 505 496 242 628 461 469 725 25 683 944 703 929 516 676 914 755 493 969 285 463 781 28 111 516 80 6 298 232 965 577 170 944 386 655 182 78 80 508 915 814 412 203 691 252 256 573 458 843 334 981 129 270 742 814 989 940 119 611 980 778 359 726 165 854 748 323 181 394 699 122 216 725 583 234 277 516 522 901 367 460 184 643 761 832 75 106 177 426 510 508 161 965 124 293 739 515 322 556 962 545 82 768 638 433 605 551 478 198 910 346 952 489 811 847 723 611 142 947 44 950 937 107 618 14 710 229 886 404 821 942 746 498 8 513 465 623 49 9 752 32 653 479 961 786 402 235 38 344 777 177 702 801 10 737 613 319 87 969 125 38 862 983 256 803 464 936 933 552 497 244 48 740 740 873 483 949 96 49 689 550 700 953 78 503 202 78 612 895 538 452 221 887 679 732 425 705 75 590 518 674 508 483 283 446 590 77 283 18 477 367 544 741 693 372 276 124 763 509 805 199 920 875 443 217 4 503 244 42 604 17 208 117 397 755 503 907 823 646 154 713 784 456 643 697 688 503 319 877 809 151 104 247 838 48 16 908 560 809 408 989 772 660 711 669 905 843 839 88 372 594 200 131 684 204 328 926 753 824 594 700 393 334 862 107 826 881 365 336 657 628 208 121 787 734 156 929 687 218 69 943 737 396 893 263 514 555 499 857 752 838 693 372 895 179 957 217 930 917 32 224 651 908 256 797 507 747 636 35 178 8 377 979 290 26 495 527 205 114 720 684 616 549 449 659 395 566 43 821 606 21 318 81 192 253 258 65 903 849 79 141 802 700 445 91 560 796 855 722 815 68 519 424 171 755 676 620 478 11 980 871 
669 509 264 802 733 902 900 156 303 684 601 606 701 770 378 385 91 683 95 99 187 163 856 168 478 990 913 553 190 570 147 997 866 497 666 94 249 241 661 913 921 779 716 236 233 336 997 443 131 6 515 173 853 232 411 326 293 244 285 308 180 423 826 559 806 890 712 833 112 149 370 323 396 986 75 268 914 18 303 388 50 16 389 4 262 320 599 149 599 63 65 875 910 513 658 529 553 225 878 438 45 300 474 77 772 194 522 286 324 399 98 385 514 797 111 931 357 250 306 762 189 920 482 857 831 131 930 318 516 614 397 316 130 556 281 60 191 579 933 192 210 48 80 807 785 456 322 887 736 64 533 24 549 579 857 472 255 746 878 725 34 361 192 216 524 198 360 274 743 433 237 537 660 778 760 680 797 800 702 286 674 947 551 605 900 1000 569 647 804 877 235 655 552 951 205 981 547 929 748 295 690 306 528 93 517 0 593 75 931 317 659 148 984 584 763 251 222 983 243 222 789 686 142 12 544 824 673 864 877 707 211 579 50 1 919 342 700 789 859 76 446 5 3 36 480 486 376 432 71 960 826 75 854 755 378 746 715 197 588 100 72 655 963 244 122 901 833 31 423 16 738 73 813 687 580 225 61 468 291 134 631 900 87 208 242 286 855 691 732 629 195 986 621 170 260 784 368 723 980 26 983 277 851 619 1 766 360 31 131 739 377 364 16 647 702 842 383 521 555 734 825 106 978 287 72 128 764 430 971 772 341 629 0 446 419 449 988 88 156 378 545 341 978 60 428 597 641 852 561 241 80 715 848 585 144 742 272 923 637 981 510 340 658 232 260 45 386 917 185 67 108 781 815 809 566 630 23 600 205 942 681 39 61 234 737 462 168 731 140 689 608 10 268 528 311 224 181 214 334 251 453 522 353 361 733 630 56 271 807 868 145 454 344 788 802 605 773 651 920 420 166 389 900 97 938 488 429 125 280 133 585 765 152 344 684 335 759 330 343 425 990 431 61 893 161 769 27 78 770 814 802 386 488 712 210 225 805 788 268 676 130 428 592 676 179 866 760 874 354 655 443 346 661 318 638 458 548 89 635 818 856 293 966 624 392 3 766 644 504 53 421 394 131 449 867 420 839 528 536 865 
627 472 87 885 647 572 533 581 251 970 430 877 494 251 80 748 658 904 726 875 792 153 720 478 960 824 976 573 424 906 989 265 934 421 590 691 803 59 719 579 599 576 989 234 438 160 733 885 401 16 314 809 35 169 307 455 852 558 884 54 903 992 443 541 275 189 398 851 596 198 543 498 617 207 627 214 94 267 550 840 147 674 788 350 991 491 878 818 591 552 45 645 595 141 615 594 388 627 730 534 357 974 953 291 317 332 488 16 724 736 95 707 844 728 639 389 815 548 835 997 976 219 462 460 611 740 975 836 339 987 190 942 733 952 430 472 126 990 353 501 301 231 517 865 15 224 446 847 259 407 577 12 993 589 874 960 760 94 700 137 303 316 876 642 491 188 610 689 453 753 722 264 471 774 685 798 67 475 225 216 777 179 574 759 574 607 957 228 984 556 878 535 870 181 840 71 381 661 575 255 286 30 512 750 268 456 61 339 620 434 781 130 994 295 640 106 517 366 686 209 649 339 854 799 382 280 120 278 29 109 493 299 396 794 832 984 626 528 885 400 215 172 234 21 454 785 227 400 90 628 680 569 557 923 735 50 870 507 154 144 510 905 787 863 421 762 193 754 980 613 763 298 418 809 123 570 967 199 687 194 582 367 657 947 435 218 558 869 661 865 246 80 698 898 37 1000 742 160 570 667 49 619 193 753 669 764 221 322 411 156 325 454 638 549 538 982 844 679 887 155 974 896 240 117 664 29 445 884 783 494 380 386 399 149 937 591 461 18 815 176 218 429 128 831 693 167 534 427 330 273 753 872 303 399 813 574 76 620 792 345 994 918 486 358 174 285 353 310 901 478 515 877 955 886 122 264 685 586 420 537 736 274 174 536 874 738 245 593 501 780 443 69 482 920 297 475 733 479 658 93 740 164 808 697 869 99 988 24 509 885 849 902 506 449 432 997 465 488 746 291 980 807 672 797 236 574 690 89 457 597 729 448 565 842 845 516 150 90 339 154 588 530 879 844 94 232 132 684 411 582 212 565 662 686 134 570 534 990 523 855 562 337 424 414 411 217 934 95 429 613 645 727 104 812 382 96 961 103 526 979 268 566 938 832 197 343 536 69 629 188 518 531 951 315 820 247 421 293 406 16 
557 952 949 495 382 542 557 79 794 170 789 997 522 396 263 973 143 139 484 61 569 237 167 795 395 501 748 430 810 386 143 720 909 155 540 420 678 679 314 536 132 849 327 893 853 607 766 722 238 294 782 989 172 478 840 554 839 554 270 394 846 189 108 488 744 221 467 44 239 111 502 251 775 359 576 412 312 973 234 832 902 406 253 172 10 736 246 553 51 35 812 366 119 147 993 932 195 910 83 541 234 961 304 756 613 869 331 653 111 772 829 260 860 423 837 458 548 105 386 180 539 307 769 930 953 928 957 691 466 555 34 223 522 791 11 140 264 717 814 379 575 828 781 193 246 866 402 606 397 974 347 874 19 151 35 179 800 399 748 335 142 354 105 938 532 296 168 318 763 580 839 713 447 229 963 767 215 750 432 141 143 357 595 360 559 487 168 760 805 775 330 805 859 966 373 540 166 299 334 303 781 794 919 425 978 735 578 301 370 881 175 310 747 248 523 561 686 972 488 339 460 483 277 680 677 364 823 634 885 551 337 478 624 507 168 477 125 998 298 141 124 305 730 18 476 435 139 66 204 292 907 724 330 971 879 360 266 941 705 877 104 34 371 585 599 942 582 806 293 154 1000 25 634 620 644 31 470 770 200 313 44 521 440 602 686 386 120 602 969 750 241 301 69 315 338 387 414 885 18 877 739 459 318 291 24 997 193 787 662 912 262 393 199 342 446 596 734 156 963 752 172 939 450 330 74 593 803 934 233 137 334 490 229 693 98 855 867 178 551 423 532 337 132 582 623 664 69 365 130 161 20 300 295 983 951 128 707 42 518 934 907 82 87 830 206 466 798 580 667 683 799 472 289 238 852 341 77 331 692 64 0 799 506 791 292 173 564 121 188 295 173 927 661 332 901 588 720 953 875 730 284 281 881 393 173 513 381 331 560 876 665 904 836 380 911 141 795 247 343 253 187 955 334 753 795 730 470 599 62 656 626 519 636 915 764 180 78 779 688 740 322 217 430 701 587 486 200 958 383 247 534 792 626 31 427 461 818 901 838 273 962 223 568 722 502 924 989 73 88 451 910 364 590 510 867 957 212 286 799 64 842 535 806 618 238 263 461 796 518 620 873 562 737 732 560 463 897 830 755 493 
821 242 595 888 365 204 138 217 655 321 540 787 141 675 386 283 849 509 744 173 462 969 70 938 374 404 709 757 102 299 312 361 19 227 300 229 289 567 609 984 228 335 36 992 557 564 982 73 418 981 370 560 970 816 236 47 401 224 687 605 139 565 408 837 819 680 667 289 321 60 38 610 474 774 889 434 66 753 751 999 194 496 894 539 740 598 246 35 854 98 260 275 653 640 220 300 602 228 497 611 743 627 902 996 850 976 788 721 546 582 433 792 225 788 944 525 162 537 808 407 128 924 971 255 969 724 64 114 845 246 93 389 847 465 242 940 391 635 4 14 884 787 0 372 889 75 387 662 42 146 106 403 43 858 484 448 374 592 64 342 683 43 757 550 400 930 730 676 51 493 298 436 880 959 695 949 74 235 21 339 461 91 256 860 855 427 326 938 849 42 455 914 994 800 390 940 414 415 196 972 974 193 345 892 891 58 92 492 327 126 985 854 406 364 90 250 140 387 678 274 471 858 895 731 620 239 859 749 532 939 173 441 429 730 888 196 746 504 974 165 801 500 462 547 572 950 456 43 746 220 355 53 67 179 672 123 333 400 774 252 415 486 45 271 344 130 246 545 273 623 19 703 979 229 130 851 372 750 418 727 598 221 102 102 164 820 946 143 855 977 834 697 615 156 348 702 653 484 647 541 39 812 561 480 852 211 72 791 951 990 526 281 854 274 456 341 650 94 353 301 85 259 274 178 5 402 487 927 289 586 329 972 924 346 392 532 122 354 878 801 689 380 197 687 690 45 243 382 145 502 780 157 337 267 399 632 337 439 408 712 996 175 697 229 912 501 305 268 805 749 716 612 351 258 760 587 661 471 568 720 605 895 327 520 87 528 208 545 232 284 39 867 363 462 133 767 329 822 419 429 419 222 967 68 377 110 75 773 746 273 987 828 950 103 589 863 707 999 561 505 436 796 587 673 411 185 997 768 897 987 314 864 499 819 779 155 732 100 949 841 674 369 554 178 499 887 723 6 860 801 254 664 1 472 1000 873 712 226 4 828 374 381 765 591 807 857 627 452 526 77 874 193 409 842 388 837 887 350 585 203 823 84 271 922 789 661 742 403 489 653 995 259 497 850 340 752 744 799 57 794 
840 933 88 171 176 592 12 654 499 776 643 555 328 415 51 113 891 157 95 702 946 337 713 397 443 937 302 977 802 838 684 471 810 67 4 531 744 709 424 254 121 201 32 403 89 432 485 885 476 326 148 257 457 299 255 687 155 289 803 693 406 346 643 793 23 264 615 201 577 768 396 363 538 579 982 280 951 524 178 912 331 638 147 524 19 970 526 373 28 623 428 175 129 295 70 890 595 214 217 473 245 858 194 90 967 150 208 120 53 343 159 735 385 972 602 545 503 455 427 345 125 183 950 187 871 981 422 415 140 92 357 708 735 774 389 724 176 743 87 29 197 846 431 704 432 905 74 355 341 307 112 164 785 107 512 87 378 794 623 794 597 508 303 965 379 901 983 598 116 81 6 609 92 356 497 695 351 301 264 641 479 108 742 233 607 157 550 790 952 880 555 853 475 83 371 466 730 918 341 466 20 975 988 713 888 499 884 823 699 477 135 267 789 826 326 851 838 826 543 481 183 871 76 846 375 356 43 138 492 133 424 907 533 876 390 908 199 794 297 477 268 288 58 693 966 347 859 376 910 587 426 524 368 27 984 965 155 894 121 625 128 750 334 274 211 169 565 953 141 950 386 812 560 184 405 428 311 770 867 541 328 587 723 997 303 890 402 576 365 841 856 858 917 24 690 902 692 853 475 780 39 797 367 595 189 823 123 670 860 775 922 389 293 705 909 702 284 718 577 926 257 403 593 924 200 836 347 647 695 261 682 351 287 253 7 882 347 877 955 545 557 13 334 704 312 669 738 14 560 458 552 632 411 977 221 942 136 633 494 900 384 369 402 266 737 398 325 585 876 807 867 507 743 413 882 979 59 249 893 179 391 658 553 61 934 486 67 652 937 364 356 927 511 633 111 514 273 270 837 801 548 517 479 310 660 543 880 447 962 275 467 544 532 696 140 740 110 820 943 404 987 464 799 711 51 72 839 439 145 966 10 18 316 509 605 432 171 168 519 842 998 302 118 902 658 339 257 482 508 427 340 10 842 291 283 139 142 31 468 615 343 997 159 100 819 634 443 446 855 896 549 640 454 401 678 173 600 791 705 294 820 500 957 340 565 686 510 338 502 791 605 34 463 598 142 660 199 996 7 778 
818 365 678 200 455 240 594 68 423 562 729 618 451 205 633 319 525 915 523 626 283 786 879 828 280 623 854 461 516 309 597 429 657 967 978 137 863 573 990 518 676 16 410 919 372 852 318 971 687 989 32 885 40 753 313 20 921 790 807 298 929 919 867 990 275 262 233 44 294 790 990 786 443 733 980 441 948 995 123 351 394 535 802 140 182 59 24 761 211 863 231 636 607 188 809 545 221 668 631 444 402 426 174 998 680 940 669 265 9 165 680 160 894 321 850 372 838 627 279 923 850 884 556 489 719 146 956 739 471 437 164 841 32 821 18 896 756 892 280 307 0 86 329 351 697 133 672 109 779 170 364 727 509 602 29 432 579 463 981 210 591 907 256 47 391 922 58 648 617 988 811 265 796 104 417 377 83 371 523 905 916 313 254 995 910 426 764 851 668 735 155 972 619 198 568 850 565 362 458 156 823 260 143 913 606 710 72 373 314 538 512 10 974 50 311 4 294 877 281 460 714 546 438 471 295 897 158 134 792 540 645 613 59 810 264 247 962 155 845 361 369 651 274 348 464 79 944 38 435 164 88 417 11 903 405 934 955 403 861 468 146 167 964 933 39 172 825 789 776 440 148 375 75 948 865 318 459 186 732 5 558 71 785 258 61 371 337 905 332 317 101 115 985 434 75 593 852 3 303 775 827 961 293 164 516 578 928 585 218 638 888 242 657 869 0 833 111 766 44 69 442 975 957 2 847 917 818 871 280 150 521 989 980 11 128 244 372 542 677 34 670 113 796 329 201 68 627 133 998 352 341 154 877 909 69 398 295 982 920 711 443 741 672 715 764 418 521 517 434 772 560 29 458 727 506 322 170 652 260 121 520 681 990 648 219 95 397 695 58 737 233 672 722 183 708 358 690 679 571 444 466 687 410 654 429 295 207 222 819 754 154 681 810 375 768 453 521 40 877 206 8 93 200 284 155 553 216 87 601 452 593 115 839 360 291 676 515 138 945 869 934 741 506 611 155 22 303 78 474 131 448 50 985 346 764 77 25 422 348 853 66 895 337 765 535 775 813 838 425 536 814 356 386 196 336 776 325 521 649 903 594 374 408 397 545 711 965 696 270 984 366 434 279 788 978 665 649 220 124 686 
495 554 563 946 299 556 83 291 385 822 957 28 849 72 821 542 636 430 815 335 462 428 618 400 838 368 70 664 891 368 312 731 932 992 872 728 896 202 660 69 740 960 780 176 582 376 408 186 965 171 815 180 652 629 427 20 776 635 482 626 876 102 359 61 100 563 430 121 895 925 467 594 800 367 464 66 422 644 607 73 335 4 530 539 820 583 910 426 697 145 988 322 122 949 660 256 320 344 230 585 143 928 348 403 804 158 653 344 867 912 781 165 364 782 391 493 121 532 866 89 2 367 27 726 357 789 828 439 125 74 121 34 284 752 761 828 317 824 700 69 259 920 280 545 895 375 246 937 44 246 146 815 147 652 129 774 686 702 739 946 850 398 690 732 850 30 647 315 215 379 451 151 488 35 424 620 577 381 84 850 958 365 708 355 995 341 780 961 974 433 80 603 21 413 218 20 922 817 67 769 851 295 166 626 912 13 634 142 56 656 390 528 427 210 799 88 21 51 654 492 774 572 533 894 648 622 33 281 428 580 962 594 612 141 468 564 459 102 79 399 355 365 614 794 862 87 648 872 79 610 88 235 663 633 157 690 737 367 303 789 814 183 924 842 31 206 141 402 773 37 366 336 689 496 722 804 850 168 51 101 105 471 864 543 972 206 680 606 275 136 332 480 946 725 651 707 871 872 978 321 498 977 341 291 398 155 547 796 847 841 274 872 596 955 27 617 312 557 32 220 964 465 688 885 874 82 486 848 98 939 522 521 542 561 562 141 156 216 164 132 694 693 53 368 732 560 216 66 893 917 637 493 570 732 166 798 476 659 0 410 370 786 509 411 670 378 501 335 450 326 991 745 220 893 96 482 722 966 710 580 82 458 447 253 185 51 364 257 6 450 726 966 144 411 960 527 143 356 428 118 923 113 326 678 23 373 24 400 354 673 299 810 893 8 770 995 803 602 621 711 817 109 997 263 797 727 427 936 954 16 687 440 771 154 24 533 346 172 713 956 437 872 848 344 843 127 944 534 264 672 745 961 339 774 120 959 290 757 746 217 424 474 219 158 899 776 902 458 183 982 190 153 38 749 739 788 686 690 703 793 610 629 751 16 393 780 66 460 643 850 589 234 986 413 368 139 136 113 355 449 
301 408 670 916 373 767 975 833 321 955 946 462 778 768 325 162 638 910 555 23 181 742 951 659 577 862 795 647 759 902 103 379 310 342 300 69 669 177 623 61 493 751 726 341 15 850 492 7 170 650 363 780 11 345 174 575 462 893 581 579 634 432 561 83 873 703 712 835 923 351 427 850 386 173 153 370 800 872 805 460 400 547 654 540 48 943 766 319 875 651 501 393 180 507 354 271 630 590 811 874 612 190 636 31 70 315 141 929 608 771 205 937 438 725 393 577 945 287 535 890 870 541 907 416 987 383 953 489 453 935 132 388 82 855 279 634 839 964 322 398 838 743 55 264 320 449 528 987 530 468 233 153 226 273 693 370 680 987 565 435 629 975 756 198 544 239 341 194 563 493 115 981 378 803 238 357 145 351 165 308 670 383 606 134 749 38 112 796 404 96 898 211 422 181 342 837 360 346 562 782 739 338 546 898 170 851 675 14 708 276 525 396 233 788 104 281 723 335 842 5 153 921 774 151 614 528 344 4 172 935 281 566 801 780 157 842 35 574 703 864 227 121 344 160 9 635 687 557 244 399 40 532 312 929 583 288 182 582 223 794 885 26 321 502 80 839 453 161 789 9 740 948 527 565 926 756 604 162 974 470 734 449 524 428 325 414 338 18 741 29 55 634 583 908 726 909 547 300 205 929 702 304 223 673 527 176 834 135 640 522 386 636 323 57 974 183 938 426 402 59 325 723 348 23 856 428 199 704 353 719 552 123 372 606 970 101 122 341 40 946 704 565 862 361 200 198 133 887 793 140 44 333 94 758 158 90 178 685 313 6 492 885 427 334 125 316 67 600 857 935 449 36 859 97 628 412 897 301 429 974 305 908 923 574 516 941 458 863 478 564 381 244 45 847 937 226 47 485 262 689 954 114 417 458 578 36 349 515 516 506 771 793 361 460 11 305 507 56 311 641 905 144 312 760 690 107 637 971 338 224 569 122 598 927 638 874 442 6 17 124 425 559 28 754 111 710 443 532 953 52 106 83 274 204 203 587 970 767 903 184 881 0 59 808 941 965 680 473 846 538 255 86 341 656 652 779 685 160 711 435 227 672 797 553 673 858 710 437 271 125 319 639 920 165 165 947 847 731 96 228 
348 352 914 287 374 816 687 181 662 533 959 424 66 515 796 182 23 154 849 986 786 14 948 555 157 829 432 986 261 615 182 194 223 770 922 623 390 354 641 491 213 166 859 874 734 250 128 253 713 389 661 191 301 171 792 336 20 192 499 735 390 525 944 818 863 405 658 473 723 421 100 653 491 811 761 842 397 566 40 903 53 147 375 644 804 803 390 715 283 62 285 382 245 187 576 159 361 546 49 576 913 308 435 23 163 739 663 30 156 779 511 346 514 602 266 845 471 559 106 997 582 101 612 955 489 29 692 487 934 418 711 611 598 70 715 14 918 25 584 747 570 57 549 810 399 918 844 131 12 182 594 214 2 190 94 893 971 932 651 422 80 524 36 224 903 375 921 579 614 724 781 668 751 415 36 22 607 713 210 21 952 75 23 47 648 580 279 308 21 74 291 38 245 48 642 175 537 26 43 782 988 820 914 569 163 593 549 304 133 532 966 779 147 711 227 418 309 235 996 381 523 876 240 96 787 791 894 460 454 835 456 657 58 632 303 31 845 737 433 578 559 497 103 868 725 870 569 483 265 338 676 710 561 434 568 316 348 478 706 118 759 513 441 723 561 498 32 160 7 789 985 105 327 884 533 456 986 404 850 930 949 294 848 838 41 204 813 369 268 500 729 987 319 244 521 311 24 529 424 466 469 383 12 199 676 334 390 172 224 378 128 187 293 877 462 240 26 975 674 230 120 875 393 273 431 52 495 966 567 19 228 323 431 273 752 103 923 571 919 508 609 571 984 239 697 131 834 2 726 773 841 750 351 143 629 451 47 661 751 407 925 405 55 220 869 328 737 400 917 58 463 159 798 7 756 550 81 204 237 428 175 800 117 630 400 953 820 269 568 304 637 721 913 145 259 216 274 173 756 979 407 72 722 243 946 197 705 789 640 851 603 936 412 451 319 217 58 163 804 124 686 570 391 518 30 219 509 574 314 713 706 933 207 835 746 560 95 755 267 696 908 995 858 441 268 912 753 60 285 419 260 480 52 847 744 386 686 132 493 941 961 312 278 557 885 953 892 592 21 937 174 666 576 475 700 440 492 886 95 870 900 422 53 558 290 211 62 191 817 399 563 582 907 359 703 269 117 92 237 45 
440 753 464 548 82 235 599 32 860 121 746 818 749 680 231 947 673 279 981 386 16 716 76 573 150 448 72 329 686 949 253 162 968 923 541 632 56 782 371 412 155 176 174 301 310 753 177 710 273 343 829 692 375 65 123 390 112 333 587 359 170 982 689 125 138 196 115 337 413 685 811 626 879 602 377 695 89 647 567 847 407 159 608 635 45 558 767 536 616 22 788 632 742 25 888 975 931 865 936 306 950 11 312 586 47 375 18 117 448 724 988 285 559 571 77 104 308 664 152 979 72 612 847 643 231 424 916 848 240 841 29 865 145 355 131 323 380 914 10 701 960 570 686 660 734 11 256 801 985 907 779 551 357 519 743 721 301 907 589 968 378 324 974 637 294 173 700 870 85 316 288 902 710 56 467 962 788 585 374 749 931 695 215 168 620 321 643 430 265 567 160 298 239 856 109 227 760 341 54 69 588 643 929 22 510 71 100 222 178 149 679 560 414 57 460 87 30 631 961 525 523 628 145 621 857 929 42 362 522 280 394 27 928 170 436 557 528 872 571 633 78 97 951 532 918 269 826 823 263 911 284 609 531 889 311 235 916 574 226 290 633 713 242 96 592 314 954 760 537 988 86 5 876 197 32 161 706 568 678 252 709 847 191 683 17 95 61 958 392 435 803 113 831 971 543 868 827 377 988 384 654 908 904 160 988 604 543 440 182 698 97 275 913 838 536 812 145 674 674 589 971 846 696 387 872 945 126 206 379 237 47 305 977 38 742 630 749 45 771 230 128 411 885 294 193 454 750 688 501 946 616 504 482 953 512 291 11 640 950 756 231 228 176 144 720 563 59 933 652 201 446 112 901 38 420 95 78 514 485 632 533 848 279 30 102 191 407 587 986 529 437 274 258 779 378 930 395 856 744 336 756 441 4 345 132 870 424 960 515 653 23 654 833 823 589 612 219 497 659 367 328 99 897 981 333 33 452 612 588 0 850 207 114 428 679 13 459 146 914 593 326 353 817 359 555 546 906 893 259 30 755 259 8 52 975 31 160 682 304 119 560 196 722 471 701 257 501 365 514 148 743 766 824 188 638 813 90 908 683 273 786 629 500 265 898 548 809 573 539 823 140 66 732 566 608 959 471 59 298 188 
623 351 581 287 956 70 582 99 257 217 566 418 402 698 566 341 789 578 578 34 49 303 318 634 637 849 472 271 492 1 477 444 94 963 391 797 924 632 527 250 211 123 774 85 870 825 868 701 383 124 85 371 393 120 379 969 101 309 641 181 13 527 189 665 861 523 995 539 569 16 321 272 46 898 322 426 171 911 736 236 208 260 636 589 666 519 184 739 913 187 848 659 337 671 135 293 760 713 391 690 448 756 921 346 436 840 255 965 775 289 990 602 314 957 25 574 650 881 318 26 795 122 424 977 663 810 9 775 755 884 132 295 91 757 631 956 580 292 885 813 856 529 866 254 755 660 657 916 493 872 742 995 443 845 432 364 927 678 112 993 459 74 359 595 736 312 576 583 789 79 707 195 545 212 361 115 661 524 945 896 641 188 462 608 10 70 531 691 550 711 714 685 215 868 390 380 309 418 875 34 94 601 931 41 524 627 249 401 746 43 882 891 734 88 206 623 261 488 149 777 654 447 782 771 264 814 791 551 228 98 374 861 151 537 262 236 763 230 394 303 344 20 404 986 184 59 893 916 236 837 386 916 581 548 925 155 342 795 949 97 541 299 438 30 928 27 362 812 810 151 176 526 822 470 769 722 391 839 26 350 665 986 850 889 794 616 520 696 116 536 578 886 89 141 69 851 14 352 598 949 588 287 313 714 338 865 934 684 665 261 308 804 570 3 136 252 93 569 749 416 186 378 922 496 551 524 297 431 945 698 886 760 51 970 157 394 753 795 500 214 216 795 708 573 625 456 439 190 230 950 314 204 527 260 10 376 659 518 741 565 387 829 962 439 746 395 978 184 125 785 695 704 699 19 59 361 847 185 334 93 974 981 787 345 545 34 540 471 222 629 602 926 642 147 265 105 659 558 55 195 819 277 130 345 802 253 423 462 684 48 109 492 958 693 83 478 793 277 93 673 903 530 388 846 908 494 595 306 647 577 982 533 698 509 997 508 846 941 305 917 290 208 452 158 20 298 63 397 465 920 19 914 969 726 914 832 0 692 66 961 122 400 95 904 838 257 812 646 470 965 508 288 364 145 14 37 22 386 613 863 773 829 288 935 580 387 210 306 783 934 789 677 469 590 906 409 963 463 281 426 
55 946 150 125 47 361 1 159 537 528 599 115 212 770 379 41 426 266 953 294 248 170 476 37 10 784 387 956 963 896 573 820 477 117 826 529 224 935 114 852 233 801 204 401 233 551 855 181 713 351 239 44 619 79 99 458 178 295 11 713 262 147 537 914 402 628 479 700 749 580 231 878 540 67 456 375 432 47 560 341 701 407 119 453 530 641 759 973 876 681 552 241 470 528 126 914 625 129 269 989 264 274 758 240 406 768 574 245 800 94 128 96 280 465 584 188 948 370 958 469 143 238 634 705 830 707 70 538 337 590 43 99 475 72 861 876 64 300 985 885 727 526 177 169 120 83 550 878 745 129 144 233 393 414 413 853 902 947 467 522 86 203 27 969 673 678 664 960 596 978 814 912 90 128 836 278 745 137 619 28 582 386 193 552 182 246 219 864 956 395 739 94 486 648 18 825 17 851 262 51 774 952 688 324 331 451 253 935 864 233 32 908 840 423 84 912 747 981 27 436 230 216 976 487 874 106 679 1000 10 584 485 314 50 888 290 301 80 919 870 25 653 70 673 940 906 241 20 458 752 147 419 375 12 175 614 970 752 481 326 803 930 577 366 399 859 103 239 586 372 661 776 100 579 957 152 309 535 660 834 468 278 881 728 789 518 456 711 188 379 15 420 593 452 13 548 217 847 712 577 771 989 295 123 797 136 411 280 716 45 777 18 652 935 569 170 24 486 48 499 306 441 229 376 75 580 734 654 17 280 423 710 907 749 923 725 785 853 75 761 831 101 420 465 507 505 999 323 442 839 890 795 437 296 457 863 715 395 739 807 297 824 715 113 198 21 225 878 543 413 566 755 236 978 193 698 890 709 586 64 814 413 985 332 568 250 147 339 481 735 990 958 880 743 934 790 575 427 88 113 589 508 408 624 701 49 595 30 604 709 530 367 300 116 190 239 562 437 916 71 84 579 702 245 232 293 692 407 994 854 53 462 143 173 406 834 482 369 901 71 371 175 785 597 296 135 717 219 590 266 17 869 35 568 204 648 888 410 653 839 0 65 785 636 560 128 24 420 387 109 656 609 121 92 27 369 690 517 373 483 19 489 364 432 743 223 615 692 941 323 416 500 509 889 491 926 257 189 839 778 73 
6 492 1000 852 570 964 70 616 337 581 499 750 42 392 227 743 612 611 932 491 866 631 771 638 670 940 120 497 588 650 164 641 829 605 389 931 327 564 865 375 892 454 625 622 24 825 365 891 9 898 171 587 415 192 59 323 824 697 670 136 610 904 85 437 351 973 506 585 775 281 987 432 510 75 0 34 731 825 974 225 337 171 868 299 870 620 215 61 828 888 359 429 292 811 272 807 570 394 544 125 61 916 872 955 82 754 423 708 334 19 930 765 315 890 972 463 656 81 281 955 102 116 513 276 916 2 268 946 464 216 556 759 348 714 245 544 52 365 231 726 965 447 982 283 794 874 146 505 632 599 314 998 581 263 640 727 151 162 0 618 124 396 472 178 939 26 363 449 580 145 826 326 876 667 509 259 897 660 288 661 664 875 30 198 211 402 286 246 431 876 792 718 682 268 627 97 8 950 81 411 756 607 326 777 310 698 309 196 278 474 705 605 698 41 334 62 861 92 488 253 864 697 322 328 865 840 825 251 419 49 990 874 173 583 323 832 199 1 520 514 660 38 277 811 853 257 369 942 849 663 913 756 743 856 486 877 602 449 693 513 619 6 735 335 192 717 702 467 549 5 325 87 605 858 153 303 141 483 558 728 998 415 337 756 582 838 851 436 51 47 535 475 869 802 306 677 345 870 391 79 795 647 3 725 642 589 615 434 876 772 906 423 697 908 953 859 468 453 829 536 841 754 344 502 993 93 886 555 79 758 903 167 346 186 782 569 569 688 943 66 137 47 51 733 947 288 933 430 525 201 396 224 705 129 660 386 56 394 329 437 512 315 304 444 821 521 890 428 217 422 822 535 344 881 711 976 924 999 6 983 356 966 731 146 517 887 890 333 31 8 23 813 468 784 407 646 219 999 971 190 476 182 731 600 328 25 194 676 931 410 720 475 291 347 195 437 961 817 205 254 976 583 438 448 506 866 757 453 977 166 613 691 989 148 873 487 310 657 946 635 500 327 440 755 169 192 183 955 919 521 57 530 261 447 245 358 130 664 436 415 527 847 627 737 785 226 566 236 405 920 503 570 373 354 240 684 0 814 581 873 391 739 348 38 964 157 154 48 90 734 182 515 96 521 352 790 143 834 389 669 
961 337 576 627 85 595 131 750 662 391 118 721 983 718 229 589 833 56 588 750 749 916 973 194 776 876 293 361 595 485 271 855 298 528 536 720 753 704 503 371 624 166 113 609 772 533 818 194 240 646 118 160 241 240 618 597 431 243 117 36 704 48 820 213 735 639 138 583 233 348 432 600 259 357 706 200 162 927 365 573 678 683 632 820 357 103 301 341 410 326 495 179 922 939 540 643 216 759 521 932 936 425 885 801 639 941 825 815 937 129 82 491 39 922 313 27 176 121 191 411 413 195 700 527 893 963 514 816 11 331 828 473 904 69 80 406 581 731 967 393 984 910 183 661 834 265 887 617 37 398 445 87 724 889 894 961 741 587 728 372 643 368 198 928 940 597 832 801 956 465 165 448 524 637 310 364 908 732 351 618 277 57 741 281 160 98 606 882 149 534 664 370 536 340 431 267 752 446 168 343 73 210 709 155 927 636 683 601 921 753 77 472 817 593 760 612 728 19 86 335 333 90 546 708 800 521 835 653 316 138 483 189 93 16 741 288 257 497 137 293 393 315 879 268 175 165 700 124 543 809 130 600 827 160 567 303 295 379 656 809 486 297 505 655 497 739 556 913 457 810 58 798 522 679 101 549 140 167 13 825 278 474 988 12 342 244 820 109 406 996 413 953 567 142 893 759 376 140 942 690 776 571 975 477 548 808 454 975 913 489 135 583 365 724 724 14 432 65 394 504 814 492 731 489 73 794 389 533 837 527 635 531 561 376 85 659 227 529 743 239 501 276 687 852 534 813 402 139 290 481 869 302 467 547 39 481 702 743 387 837 552 85 981 178 128 753 921 32 494 769 385 963 437 717 468 814 674 495 24 701 74 434 392 215 206 58 23 412 769 650 765 978 967 532 557 359 161 957 310 17 76 59 725 152 564 979 511 679 170 159 617 358 14 279 42 689 380 649 175 300 109 663 823 749 341 869 895 418 228 408 44 14 765 350 274 430 481 292 532 521 75 471 573 329 44 726 660 230 903 813 438 783 325 58 861 276 591 227 479 555 414 468 38 686 772 104 754 721 699 150 833 161 914 721 576 555 523 289 379 353 200 595 185 676 181 254 720 883 924 772 95 262 349 931 574 506 59 47 606 261 
413 47 50 202 811 398 414 469 216 703 967 52 206 187 536 206 435 985 71 802 736 801 360 815 365 344 890 32 747 413 290 47 84 376 906 145 365 112 213 289 205 766 293 379 359 644 280 104 806 579 455 817 989 450 905 597 405 933 508 728 511 760 231 958 809 76 166 415 162 133 695 941 789 498 515 308 635 121 24 312 425 303 39 828 16 968 389 17 278 125 945 249 992 345 780 178 96 167 182 608 624 500 402 722 62 976 911 668 35 426 783 568 889 773 76 843 468 69 124 609 309 802 241 211 498 201 476 580 397 300 721 230 403 189 54 162 381 997 984 396 335 435 100 784 744 991 134 875 435 443 183 443 898 629 996 923 29 90 164 648 848 607 144 295 552 18 18 218 76 174 797 414 32 488 615 703 651 698 710 400 543 254 10 93 702 881 790 584 808 859 495 418 321 895 164 894 241 709 665 180 523 159 642 546 563 377 331 549 69 955 975 930 762 589 175 451 377 732 638 564 459 92 995 759 917 907 60 381 818 860 481 425 557 791 985 897 551 824 919 579 797 289 448 154 399 607 683 435 787 867 98 570 165 259 844 219 825 590 260 897 295 44 575 944 156 464 579 548 123 472 705 731 915 989 223 115 145 291 237 65 530 431 636 946 808 529 876 551 610 677 8 94 708 46 832 869 230 953 675 472 306 763 372 298 142 157 636 230 597 785 302 843 706 904 484 698 39 758 836 274 629 421 219 299 437 579 828 823 513 608 204 203 257 810 273 162 87 308 20 133 668 518 37 990 720 701 811 677 367 449 732 517 158 838 95 992 820 951 336 462 432 497 865 112 850 392 353 3 974 31 609 587 956 681 166 387 609 437 67 850 902 958 804 993 262 387 789 455 107 132 930 853 833 708 315 283 186 406 979 904 945 355 817 779 956 859 190 872 828 567 223 205 908 696 61 985 525 577 525 489 730 718 145 793 529 833 294 581 705 523 475 838 180 18 791 179 676 214 597 624 527 217 30 305 417 292 665 375 812 642 332 386 937 582 672 175 144 97 286 519 242 136 911 153 734 881 513 733 785 525 484 257 687 214 281 83 670 428 419 479 932 146 36 896 464 118 62 904 483 360 190 189 903 647 661 457 414 822 1 851 
164 949 500 968 967 212 365 554 348 471 886 217 372 976 240 863 927 454 599 54 86 659 227 209 366 292 14 204 84 493 250 322 125 544 745 850 364 995 700 58 112 30 464 983 627 182 934 7 761 978 888 79 752 866 59 793 264 818 573 338 746 823 635 92 762 693 740 753 731 351 508 816 338 412 803 426 662 67 275 617 152 817 668 994 270 250 432 773 996 490 494 202 224 104 371 850 313 161 861 232 597 311 915 354 346 43 859 462 945 48 141 224 998 812 669 769 178 316 91 51 998 463 158 9 787 582 354 235 740 367 435 575 875 271 867 674 248 371 296 23 827 650 775 366 773 488 190 150 968 656 893 827 924 154 909 695 16 440 122 786 323 874 970 850 121 853 148 933 902 789 272 87 358 566 526 827 117 276 949 780 705 327 86 390 772 58 450 524 17 647 560 256 563 212 667 405 553 186 639 76 538 594 137 131 474 463 155 152 400 390 395 560 873 301 502 144 820 416 206 114 937 313 472 138 830 875 545 539 100 424 833 554 254 121 233 457 24 980 190 840 482 846 758 530 886 573 784 420 525 503 258 568 681 855 23 929 645 599 299 628 184 53 948 983 630 203 705 41 560 36 466 829 534 882 828 517 548 468 38 529 219 339 748 618 850 747 572 484 115 807 564 178 123 165 179 4 492 243 568 21 564 402 602 384 695 599 718 453 533 500 509 389 4 170 91 338 23 366 169 866 428 934 33 347 355 310 372 448 586 466 303 227 165 516 179 524 117 317 78 893 723 784 224 844 536 970 12 309 731 751 946 249 565 647 546 83 352 871 195 104 234 255 353 145 549 790 459 701 802 528 920 708 549 535 586 87 874 124 805 534 1 623 928 701 802 856 801 804 927 671 858 671 73 455 778 921 427 443 69 222 463 940 10 684 909 531 900 675 218 804 914 391 382 318 83 843 487 867 209 196 390 833 738 813 760 77 220 707 580 856 316 361 409 502 4 331 32 763 621 271 271 710 859 475 760 512 399 406 344 56 382 323 333 963 550 512 494 840 979 727 323 521 666 209 896 233 515 1000 585 41 760 661 69 49 401 191 176 987 155 634 851 432 882 139 347 655 545 523 81 343 294 458 623 295 688 190 397 115 634 14 
314 583 661 544 898 385 112 108 337 782 52 483 520 806 635 451 284 349 420 549 751 769 25 591 361 894 21 522 202 607 49 155 359 734 748 821 217 837 745 489 935 339 946 595 157 759 481 550 884 676 606 494 960 373 897 959 483 623 636 559 811 557 157 775 569 767 154 170 736 409 78 461 919 16 986 632 515 926 832 66 357 516 228 1 474 86 512 519 586 147 832 157 531 88 812 612 136 923 471 412 477 677 966 479 515 91 79 84 173 955 446 827 268 972 237 19 889 861 289 296 930 574 487 496 200 778 808 600 352 607 72 343 819 244 315 286 382 363 558 441 495 961 396 19 707 116 572 698 278 225 662 450 982 492 790 982 16 904 448 663 711 965 279 234 538 546 269 360 854 194 594 727 875 997 450 866 303 173 381 308 592 243 719 76 320 241 367 901 814 303 963 345 388 173 833 358 987 679 152 544 476 608 553 613 505 225 61 410 109 519 500 661 472 666 678 240 657 671 640 553 668 155 543 208 325 39 323 316 441 727 564 682 16 992 886 471 226 631 676 847 820 78 861 573 471 993 657 548 583 138 587 678 20 757 700 682 133 696 501 758 329 746 22 20 955 268 391 896 891 384 510 645 358 765 160 437 678 522 117 374 543 369 450 954 2 330 50 455 948 538 921 474 37 54 314 164 653 894 294 981 735 251 689 263 519 761 916 53 192 224 696 940 385 868 918 999 770 275 951 984 487 507 437 482 824 57 880 428 751 700 706 251 258 8 121 427 729 617 102 863 98 15 210 599 387 96 779 783 360 417 546 418 989 555 270 888 566 612 306 808 276 272 817 607 750 571 606 334 917 107 824 220 689 490 174 739 903 539 31 831 553 215 277 383 667 262 384 578 174 325 745 216 523 809 349 118 363 372 247 250 945 332 595 208 430 486 68 216 627 109 312 957 698 299 841 291 565 394 194 307 666 1 988 830 318 164 771 574 129 599 323 619 852 412 995 159 391 728 847 330 62 820 552 838 177 696 114 934 487 324 143 414 598 420 130 550 821 427 880 857 327 228 618 828 953 84 587 45 34 76 753 396 515 54 11 379 806 563 123 382 805 563 497 302 752 137 349 763 590 292 666 826 868 717 887 725 727 116 690 668 
63366 61805 63292 58308 66184 60936 61772 66011 61237 60255 64719 63171 64460 60402 65824 63328 63561 62650 62896 62572 61457 60276 61321 63505 59753 64157 61662 62411 61216 62795 
