500 30 30
447 665 468 766 451 245 515 409 410 424 589 467 775 299 622 697 390 216 100 714 515 645 296 723 487 628 574 613 774 315 476 381 694 501 270 256 339 500 507 785 436 247 336 661 502 575 265 475 486 551 493 271 388 699 330 152 762 567 518 375 618 363 648 338 438 636 573 390 639 691 420 667 513 468 346 436 439 302 648 481 758 750 329 642 593 299 557 390 254 443 574 513 506 573 443 310 520 605 317 235 466 669 328 811 707 455 549 558 450 308 565 570 634 388 492 457 493 826 346 267 434 758 489 666 406 580 550 541 360 236 455 592 274 614 769 397 366 291 226 457 462 480 360 760 720 725 662 702 282 686 736 813 602 507 615 383 540 551 146 278 401 522 508 311 464 801 472 557 379 592 531 580 650 445 390 391 620 509 656 753 294 782 665 863 778 525 559 618 281 288 716 450 222 491 634 738 669 616 641 727 492 366 228 478 618 269 457 653 476 430 269 492 273 828 404 615 519 619 473 652 327 473 897 704 347 203 452 581 686 328 322 661 790 242 546 401 592 424 533 544 296 667 419 644 718 499 437 328 358 463 694 391 264 454 443 607 549 737 441 435 535 648 190 738 608 591 484 499 801 795 262 357 543 316 675 707 471 458 573 743 473 371 589 563 681 614 509 807 595 290 754 525 623 676 556 570 675 687 523 251 263 168 622 591 797 372 467 352 728 534 763 645 341 489 448 738 719 360 453 574 532 394 743 628 507 781 413 643 223 665 573 246 473 639 476 717 201 437 416 763 628 590 490 284 522 467 850 772 322 402 297 724 609 128 718 241 621 581 716 183 232 324 128 379 163 550 308 502 657 347 521 176 175 354 407 590 617 695 451 577 369 472 248 324 461 493 840 396 693 420 575 707 414 362 315 624 453 372 477 629 386 299 411 521 377 626 889 502 470 336 245 489 108 743 462 310 557 738 348 371 274 635 574 108 548 642 388 547 679 626 592 229 417 829 519 669 513 406 604 177 744 249 442 414 376 198 425 446 575 428 494 674 638 655 294 443 522 383 567 376 303 611 677 424 255 614 253 511 533 501 220 377 532 757 312 356 206 723 651 354 247 696 521 282 589 226 438 731 616 554 565 810 481 377 468 432 519 370 459 747 
504 249 723 760 663 207 109 396 46 28 208 40 418 692 768 967 44 504 371 373 430 470 270 442 117 974 319 403 586 796 94 701 952 776 938 88 69 519 261 349 737 639 759 496 224 686 572 931 951 391 36 512 113 41 293 356 750 256 491 676 744 528 819 529 957 301 667 4 275 435 465 743 255 238 246 88 892 313 792 119 596 520 746 810 440 252 588 573 823 714 346 867 416 674 462 66 960 567 924 202 178 492 401 988 249 265 691 506 974 408 943 298 266 834 572 682 267 880 699 259 679 835 579 766 266 226 710 527 703 487 838 355 56 705 13 314 830 95 230 876 14 121 959 830 626 446 699 826 907 484 201 479 271 348 535 374 950 729 52 183 236 141 184 879 719 642 740 850 253 736 881 72 709 852 113 433 410 867 727 376 823 641 936 658 157 844 902 666 509 743 240 436 446 775 619 397 358 656 55 12 81 133 538 940 978 321 869 957 124 81 600 446 702 478 237 506 131 83 783 364 206 611 985 44 525 271 911 47 621 418 158 881 175 861 513 306 964 802 722 768 182 169 213 658 923 675 939 400 128 994 931 395 761 997 337 592 738 445 244 636 380 849 280 591 240 969 696 200 429 580 969 203 466 682 271 309 315 697 672 540 620 441 674 663 814 350 765 25 955 816 913 484 891 188 918 407 285 368 925 935 893 729 329 583 1000 37 893 975 399 792 261 486 919 686 524 583 229 133 312 413 586 232 863 886 939 459 295 185 157 907 849 495 562 872 860 426 110 585 848 672 616 990 97 158 641 628 104 13 791 595 744 885 574 782 149 116 691 703 669 908 8 833 835 608 566 418 576 773 197 615 248 160 165 109 533 532 707 864 686 784 506 71 94 465 7 418 476 652 771 512 22 850 294 330 524 978 487 327 757 96 198 278 389 175 862 517 489 247 412 933 656 471 768 145 425 1 510 562 660 488 27 797 907 946 847 215 812 53 135 573 717 387 656 430 374 661 283 133 845 769 820 696 276 395 496 186 763 701 9 736 701 286 227 718 67 188 268 7 867 721 701 455 262 302 419 96 28 74 157 126 744 153 835 27 227 781 994 882 930 365 274 164 174 992 60 220 279 463 228 91 576 150 370 514 929 321 944 931 983 542 
434 751 827 46 433 894 533 667 791 935 246 921 376 469 304 756 972 334 583 485 6 322 636 411 780 848 821 516 685 528 54 241 988 280 302 762 895 967 633 766 101 604 529 120 995 212 731 707 565 572 50 324 421 189 695 626 957 641 235 854 708 878 170 250 914 2 800 131 107 321 312 534 598 158 88 76 347 584 670 181 126 536 945 646 126 579 744 586 452 788 35 593 684 910 907 699 228 524 522 883 727 194 538 635 873 959 806 260 720 945 522 26 936 839 100 473 850 84 888 362 433 41 277 652 285 183 184 618 171 239 164 104 786 994 622 245 974 79 986 735 243 128 799 530 657 883 307 422 858 161 183 700 828 633 352 6 559 730 338 89 133 90 917 707 85 761 757 748 406 213 267 927 579 292 125 493 179 619 693 470 789 737 492 854 718 651 613 761 322 910 585 94 500 270 470 965 30 240 551 968 359 537 249 82 1000 70 307 923 613 784 43 951 283 837 864 58 637 896 139 843 767 323 789 899 807 290 311 508 567 575 955 777 483 780 566 346 82 725 730 36 991 665 709 794 124 957 459 982 579 255 348 77 621 434 389 742 814 446 887 329 15 77 106 487 345 990 808 685 705 457 961 560 497 799 306 519 633 759 316 811 223 168 614 344 452 178 10 304 738 587 447 476 462 458 948 850 737 461 904 660 358 867 913 430 843 809 179 774 664 5 356 473 705 324 809 882 364 820 155 9 713 808 967 661 836 367 144 665 603 44 973 728 64 491 146 560 126 336 935 263 219 927 915 801 82 731 839 60 69 631 441 26 565 294 687 420 369 83 400 174 648 368 168 631 687 496 332 605 665 803 216 354 65 924 673 441 864 411 870 838 584 980 132 961 573 476 110 113 902 591 905 823 727 155 673 10 163 754 94 660 468 954 388 703 42 28 957 946 789 943 798 1000 995 938 604 703 9 107 237 995 810 506 126 574 383 69 632 865 732 2 97 335 463 14 852 862 599 440 208 148 744 684 553 226 696 441 648 579 993 722 99 380 541 381 245 825 154 165 220 252 939 911 957 444 338 294 503 974 950 295 49 318 841 549 325 20 454 898 169 127 941 874 226 243 383 399 791 258 192 211 878 123 470 858 633 548 166 891 734 9 
921 130 449 706 113 231 34 710 270 116 183 394 886 434 639 615 928 216 172 223 943 296 541 254 247 314 734 416 473 684 201 597 639 648 256 71 814 444 634 56 54 536 657 404 851 290 397 122 609 817 443 585 705 59 179 548 797 223 980 790 13 570 591 892 304 954 198 613 658 452 571 570 720 301 600 388 548 883 514 514 392 194 773 416 301 157 718 967 257 394 42 159 457 532 321 708 956 855 186 43 972 838 326 963 555 188 740 556 377 436 575 905 855 201 514 764 939 29 886 366 761 338 633 987 166 34 71 455 940 255 941 747 380 202 338 469 847 140 612 859 426 190 124 229 109 96 825 653 51 436 677 192 823 200 649 178 490 861 553 595 135 299 367 387 658 393 849 982 28 806 706 456 240 240 504 783 875 839 51 619 757 153 273 487 722 596 865 148 167 117 206 257 564 995 247 69 735 882 593 688 66 697 315 253 818 395 21 456 407 21 648 870 634 740 195 881 882 468 170 289 156 384 735 393 21 518 710 175 65 86 802 433 234 261 458 128 80 550 544 30 35 403 719 126 176 78 690 368 727 234 636 969 641 569 108 780 370 748 68 994 258 812 741 891 179 115 189 170 402 617 140 346 694 448 17 315 105 294 503 834 521 478 143 995 190 125 556 856 313 661 977 95 841 812 402 324 781 274 517 211 616 61 671 836 856 716 102 877 828 837 642 688 369 647 754 225 363 759 808 350 628 707 740 484 334 927 577 589 600 691 329 292 475 129 498 596 65 240 21 155 442 170 378 234 446 429 646 418 409 492 855 886 626 499 310 682 178 549 249 206 660 949 91 195 721 854 476 10 705 683 863 311 497 78 481 905 463 609 410 77 495 902 187 912 227 751 982 417 35 549 971 984 130 337 449 681 252 51 262 590 697 414 900 175 699 360 516 187 975 907 984 988 13 813 322 3 423 415 237 393 955 655 791 89 713 6 163 486 651 625 472 207 568 896 284 789 279 600 246 929 371 209 950 837 43 599 509 561 974 305 131 58 745 612 252 818 953 580 642 554 495 191 754 327 150 298 46 239 85 935 229 339 580 341 4 594 121 727 27 113 785 176 136 532 133 179 627 291 930 548 174 340 510 453 251 5 579 491 563 287 
189 285 522 984 371 991 28 665 936 370 653 242 526 713 603 983 535 668 524 755 100 101 159 974 650 132 372 656 599 675 163 667 887 353 677 26 583 318 476 971 166 27 427 198 943 703 533 18 56 944 975 52 919 296 644 631 553 36 789 290 259 291 749 860 396 163 813 984 360 579 220 104 413 279 884 51 387 935 37 223 791 655 579 845 988 660 326 391 781 684 669 41 141 642 874 322 83 988 707 434 918 501 14 937 500 424 825 699 747 763 341 925 988 232 665 694 442 354 13 613 118 452 445 639 439 969 505 485 612 419 239 383 82 212 488 316 404 78 82 164 981 547 851 891 583 891 824 750 953 705 625 867 802 965 813 634 184 679 188 757 495 296 480 897 442 241 387 762 323 408 215 600 659 742 551 403 736 633 913 223 569 442 265 695 995 166 964 707 409 581 649 754 236 548 303 863 200 283 870 75 915 134 47 445 348 276 379 715 295 545 52 983 875 996 149 619 543 247 587 899 288 650 960 604 796 119 76 64 91 971 978 31 987 457 899 36 760 174 845 293 797 196 89 960 293 431 607 133 520 489 170 72 535 798 843 643 286 736 126 877 459 568 95 77 339 664 123 69 143 699 342 343 233 705 135 976 321 212 381 710 917 420 160 451 932 570 896 415 810 911 886 271 953 506 20 711 691 60 566 64 50 444 445 282 283 744 103 144 758 506 560 799 183 887 574 620 570 446 136 208 392 477 212 340 523 154 435 100 219 36 573 133 639 8 75 502 547 770 633 241 708 882 416 590 220 986 852 523 374 305 154 53 512 281 760 469 963 280 666 923 20 928 287 52 608 87 800 139 386 559 92 97 652 307 28 716 622 902 2 696 113 427 727 192 571 955 681 474 136 587 617 70 181 465 814 349 492 314 531 305 310 598 417 441 836 918 965 321 900 602 295 499 92 565 207 71 423 685 624 459 978 643 145 404 710 855 288 752 899 489 134 320 753 231 504 57 118 18 66 757 558 535 964 420 454 566 898 420 918 436 500 424 962 721 450 764 767 89 342 45 742 811 46 248 906 587 280 625 889 847 125 120 252 4 40 74 646 982 911 869 287 730 22 193 934 492 612 735 808 479 871 603 3 416 358 129 345 809 938 881 
381 278 812 946 631 329 53 135 191 766 311 100 986 334 94 950 512 333 358 110 138 122 36 164 276 841 572 211 870 825 630 689 130 118 143 282 725 615 25 401 446 38 273 463 160 105 652 471 151 947 297 655 52 129 261 823 920 789 1 254 506 117 843 505 281 808 552 154 560 750 12 266 76 853 551 823 639 914 895 660 147 278 685 883 533 933 929 35 903 364 677 457 892 714 491 912 280 723 349 793 847 173 31 944 586 131 383 20 481 186 56 245 100 671 353 514 256 213 994 849 729 607 207 998 963 434 819 320 345 176 958 406 986 108 434 317 247 497 281 566 893 360 327 81 683 101 86 12 114 737 901 138 511 958 848 564 506 340 270 728 835 110 221 179 66 332 229 87 475 974 479 789 307 429 699 82 870 481 780 817 924 522 61 668 663 24 736 282 62 121 82 495 646 406 320 806 629 636 296 16 454 987 551 921 612 168 125 54 711 658 675 41 423 903 448 32 139 581 654 794 864 408 992 879 747 807 88 425 677 596 170 526 209 431 953 938 614 905 357 399 629 345 194 380 338 233 999 183 34 806 731 178 297 922 232 422 944 297 772 914 361 877 955 634 67 530 791 328 579 753 643 107 48 957 106 898 85 415 218 663 445 810 47 27 504 934 297 565 815 725 965 595 361 623 253 412 195 749 279 251 458 607 494 532 233 543 362 939 768 370 800 913 842 874 721 374 781 965 716 805 79 106 139 834 205 297 158 596 67 416 50 378 659 148 150 616 286 622 723 590 644 873 474 893 467 141 363 993 112 622 976 300 456 393 414 136 182 147 31 210 763 793 311 359 278 375 885 664 617 810 901 381 495 645 1000 995 166 460 618 405 705 761 367 499 43 169 557 821 730 974 495 942 129 315 991 49 868 769 1 340 473 428 952 815 491 261 865 667 93 614 553 570 457 791 671 978 470 723 681 113 51 593 671 304 855 43 58 47 900 897 995 364 638 195 579 139 255 81 54 716 240 251 646 960 183 671 937 209 443 974 545 284 728 605 711 632 699 283 432 163 837 880 931 888 736 1000 599 347 635 714 119 544 365 724 722 255 459 378 940 416 273 10 95 742 802 697 727 157 263 899 376 715 529 317 368 584 232 898 12 101 
399 87 571 446 374 248 484 111 709 439 489 23 272 856 313 711 535 269 398 937 683 994 35 464 816 128 595 20 357 346 393 346 4 681 419 5 705 280 54 159 653 935 888 510 896 167 135 319 345 346 597 387 701 73 736 147 224 554 699 356 718 967 967 235 361 223 703 471 336 603 662 777 628 961 240 949 138 304 611 741 639 432 532 282 830 270 617 10 971 82 730 112 462 90 606 126 838 530 494 379 618 242 652 780 960 165 842 772 61 490 899 59 745 581 602 224 959 428 764 742 192 985 766 399 802 370 61 892 491 897 58 160 440 852 786 264 667 212 22 306 32 654 343 632 679 404 240 475 511 785 609 7 15 854 687 923 563 239 965 845 64 244 992 607 760 721 702 996 916 853 908 401 261 123 865 795 681 522 142 52 750 981 698 749 256 297 799 515 338 922 62 809 757 436 323 801 148 610 152 258 404 321 587 567 796 394 567 790 144 882 499 172 476 824 525 584 115 475 972 62 558 418 511 48 459 425 409 20 939 142 306 536 209 935 412 142 451 130 898 439 450 441 1000 105 866 59 162 104 89 100 574 886 495 824 585 338 745 714 339 297 77 414 906 63 101 800 230 820 420 627 185 471 137 945 901 948 863 830 331 181 520 131 471 825 725 403 204 895 647 823 161 328 42 617 648 48 839 499 459 427 429 886 173 591 733 458 881 229 250 680 398 823 282 616 789 848 128 123 400 446 885 57 26 401 923 416 806 369 335 241 705 73 512 306 486 781 916 59 421 228 653 857 76 621 862 852 921 284 425 817 852 161 404 39 511 628 110 338 834 491 493 713 608 767 845 456 92 698 591 612 33 657 464 706 492 305 509 918 754 819 175 21 121 487 298 641 224 249 301 384 765 246 601 923 74 877 834 303 374 510 583 534 957 284 217 578 655 882 389 751 441 734 706 902 414 543 657 288 804 96 799 417 814 746 708 896 269 363 265 752 597 593 707 792 160 5 450 386 453 567 128 998 630 133 722 332 517 963 952 492 388 361 676 469 542 79 245 207 321 242 456 338 137 531 395 834 947 76 73 281 654 322 501 395 769 784 695 816 932 585 647 707 608 828 381 277 157 309 404 985 928 960 337 301 785 188 375 734 45 40 
536 816 905 777 44 927 265 975 474 25 971 459 894 16 591 640 896 440 515 476 993 605 280 485 139 514 678 868 224 41 752 107 591 174 735 613 445 666 791 426 673 800 364 911 534 513 266 535 279 263 583 60 348 532 530 219 399 16 135 83 276 861 90 76 132 243 551 951 616 698 819 913 750 148 949 710 862 310 521 608 657 681 978 589 190 477 397 849 491 784 54 625 789 81 115 338 288 544 178 885 622 130 12 804 1000 477 750 601 862 71 811 546 766 335 196 494 229 472 330 191 97 193 745 725 474 910 613 647 796 300 784 488 518 615 603 362 23 132 137 70 206 245 18 399 574 496 76 721 331 566 41 653 736 788 169 593 731 804 398 809 999 832 953 808 512 900 784 677 724 624 588 814 254 600 123 805 730 604 411 957 583 126 505 770 232 744 861 179 417 537 782 65 9 699 844 405 804 670 546 427 846 330 231 505 359 151 769 533 880 500 569 329 993 769 428 904 481 710 542 645 538 903 575 712 10 326 570 511 514 7 610 654 204 97 380 327 255 466 466 408 978 496 333 478 562 663 544 5 219 197 44 893 864 246 615 868 795 72 587 870 451 471 960 524 688 406 921 904 904 666 615 148 119 231 600 717 441 294 621 923 487 421 846 37 314 461 238 550 691 698 231 202 646 636 611 495 490 672 623 835 489 654 720 298 168 353 914 636 469 168 388 792 628 231 542 699 32 692 46 134 97 899 485 667 283 937 540 453 872 944 901 698 578 119 244 762 59 838 698 804 480 805 605 181 826 642 601 176 314 172 133 284 23 771 981 936 770 51 291 343 940 973 589 348 500 764 916 804 570 136 257 462 458 812 296 179 105 607 682 276 217 381 628 96 245 579 929 659 971 213 599 934 868 143 92 776 965 150 728 280 779 92 7 896 609 45 212 536 257 477 247 551 412 117 618 954 145 218 487 459 903 668 2 424 602 7 5 792 679 548 935 638 840 188 780 67 831 913 674 61 451 773 945 225 331 431 760 138 413 57 160 167 340 986 298 534 229 52 494 107 265 318 522 454 745 375 287 679 938 375 426 690 389 646 304 34 94 224 670 752 575 95 563 593 444 751 15 112 606 167 912 712 803 605 273 895 20 470 353 180 
740 640 779 719 617 720 195 458 205 650 996 491 929 733 266 55 598 98 714 902 427 639 723 808 62 800 699 955 803 225 449 458 196 539 311 268 214 252 675 417 464 109 649 181 147 306 643 314 874 947 683 936 694 693 270 36 264 152 577 753 764 790 160 680 723 81 555 817 869 665 144 575 520 392 502 5 971 318 486 875 801 771 778 142 782 952 778 82 323 388 715 768 417 24 486 920 959 665 850 973 572 16 417 572 780 467 763 970 146 442 236 448 593 57 278 271 299 209 887 539 838 557 880 306 345 644 539 65 466 403 258 402 389 600 655 23 804 927 831 678 97 213 213 258 156 614 32 437 997 191 812 47 633 490 874 797 437 308 78 138 723 264 876 895 455 810 666 754 144 843 907 623 943 640 81 969 617 497 384 111 397 258 954 150 684 803 526 266 419 840 208 445 970 928 295 603 978 205 905 868 504 144 151 126 484 130 151 989 488 315 941 588 393 171 57 672 192 665 399 562 93 231 217 264 599 929 604 272 238 818 477 372 581 469 522 100 288 492 920 470 810 995 272 62 419 929 49 645 811 260 315 195 794 105 504 317 691 590 923 236 51 544 294 787 686 315 477 815 228 701 692 236 237 481 281 547 210 861 665 77 119 90 363 966 698 791 814 370 548 708 868 193 378 679 988 146 427 657 736 672 782 901 722 391 187 270 63 421 342 998 594 952 379 910 127 571 589 248 611 329 396 173 318 429 178 224 766 151 260 327 514 127 736 405 76 247 227 337 515 882 232 540 867 230 847 789 454 762 251 141 399 376 682 425 650 130 251 346 253 483 937 870 292 532 713 925 767 323 381 51 493 27 830 856 165 615 164 585 457 955 845 765 865 440 6 151 272 998 237 78 184 870 291 686 278 295 106 108 390 421 129 723 189 8 698 946 48 250 960 938 744 854 834 584 578 353 961 359 783 170 848 923 944 409 216 189 16 720 681 2 719 12 408 754 450 642 395 745 724 793 557 39 954 59 754 463 985 763 57 74 888 838 333 250 261 10 226 46 473 167 744 824 643 311 305 95 229 31 393 357 976 338 194 96 456 762 677 970 647 990 264 871 483 554 11 130 815 794 288 542 650 660 437 189 161 511 131 179 669 408 
932 287 309 263 335 870 882 979 51 304 308 330 469 879 495 462 578 35 861 553 826 911 346 510 210 881 691 549 424 292 716 597 325 742 267 382 365 673 895 854 861 601 520 823 552 473 349 602 498 838 304 126 489 9 555 159 118 389 758 567 336 973 272 318 955 259 113 720 890 831 120 658 162 630 18 485 778 350 965 302 307 578 928 795 308 171 835 406 218 65 773 919 313 308 809 810 278 149 688 582 440 458 749 185 850 862 187 308 169 525 63 554 149 1000 164 583 74 53 474 642 708 428 558 235 653 401 760 747 590 52 480 710 766 754 701 657 125 401 218 491 903 726 90 405 937 943 93 954 965 96 258 853 326 934 514 820 411 445 821 88 491 545 856 57 772 398 626 124 259 288 793 980 611 770 759 497 958 720 603 883 917 523 233 381 111 976 225 490 563 647 488 688 117 139 833 855 586 623 737 456 597 195 630 693 613 257 277 133 268 42 301 92 480 575 247 699 711 41 386 269 309 463 216 997 749 979 539 544 793 748 213 190 785 265 865 528 453 338 117 672 531 486 372 203 735 579 342 104 542 322 342 925 233 206 726 286 434 912 981 236 895 573 492 383 81 738 52 355 596 181 783 68 716 635 416 890 915 112 124 714 933 946 13 434 680 668 770 722 60 419 584 627 854 219 815 521 44 559 317 24 960 738 739 399 861 401 145 31 939 301 393 546 906 673 38 748 144 496 828 298 51 147 884 13 317 821 382 149 538 839 205 589 387 283 16 339 80 401 150 947 183 594 519 976 935 432 634 562 347 818 179 599 207 913 529 42 156 68 656 171 500 91 139 619 708 333 607 918 788 650 440 238 480 920 364 436 955 319 665 550 696 547 64 335 97 700 350 729 164 967 134 315 937 226 424 890 139 498 768 993 777 869 366 713 348 294 521 486 279 596 107 591 520 450 754 43 664 660 756 140 819 6 40 741 232 93 244 155 425 633 786 316 72 641 929 618 997 749 613 46 289 930 119 540 137 776 786 155 852 346 570 777 59 994 397 361 235 475 662 372 156 147 446 695 607 719 777 482 90 868 530 628 907 918 438 767 21 92 424 391 749 477 498 658 507 291 190 751 706 252 392 782 222 1000 260 298 320 558 670 273 
979 252 885 568 659 330 447 78 99 214 732 135 211 710 354 469 11 40 435 846 939 545 255 297 358 166 307 957 986 478 247 471 472 52 329 98 379 798 715 259 523 279 501 827 935 564 138 948 340 633 411 872 303 337 494 340 60 175 860 256 989 504 29 996 297 973 4 273 970 425 850 604 365 742 788 35 919 32 660 733 948 551 895 484 471 781 923 777 512 107 759 443 481 59 720 743 407 734 87 511 641 947 180 82 617 772 912 151 773 737 678 977 517 289 927 857 954 964 543 983 819 289 571 358 223 968 831 890 441 375 250 354 206 269 376 710 32 393 459 463 640 472 296 577 646 895 274 601 336 375 234 542 540 906 593 201 509 990 59 516 727 953 124 636 251 231 223 406 745 643 739 315 737 196 268 635 623 434 274 610 274 669 219 781 691 852 689 995 477 54 980 980 281 307 678 851 735 303 921 603 884 348 96 946 118 269 456 696 728 58 220 910 726 670 139 470 744 882 451 126 102 951 745 852 576 830 840 321 154 896 549 477 729 116 140 886 913 988 140 352 394 398 443 883 726 371 514 655 323 226 966 105 896 714 228 906 538 697 801 956 308 583 68 644 784 106 205 93 17 816 714 867 739 638 997 738 145 395 975 58 276 972 355 267 444 238 874 432 785 637 18 797 142 574 550 464 10 30 427 49 470 82 448 17 877 51 971 811 159 303 571 677 140 921 233 310 169 819 782 924 620 393 211 708 62 781 714 273 518 849 672 664 848 353 495 17 71 156 485 798 16 590 462 185 674 728 482 520 334 226 158 855 35 261 827 681 158 747 697 382 412 843 298 372 31 293 654 597 42 490 850 684 36 153 687 535 790 297 708 546 205 90 395 674 478 322 884 532 749 184 443 849 948 842 466 35 740 271 375 692 732 676 179 651 844 519 168 349 856 85 87 164 421 980 460 803 854 207 587 205 531 509 848 401 374 161 63 806 765 55 679 446 7 355 616 404 439 153 238 764 465 100 221 207 463 631 739 411 753 333 947 468 737 1 919 813 91 733 474 197 972 580 545 282 649 950 496 774 821 222 812 892 127 364 812 865 41 412 494 106 457 131 698 217 437 877 777 535 721 208 883 384 761 182 523 298 204 437 724 955 
366 990 752 53 44 224 756 227 549 394 101 8 701 354 609 708 777 752 189 525 578 322 202 63 674 902 814 100 831 577 932 730 218 426 731 311 639 501 215 669 842 49 353 213 142 537 943 485 436 947 804 185 661 58 838 826 488 643 34 737 219 913 783 243 898 897 604 706 488 646 147 463 688 250 154 257 658 233 998 523 238 645 918 425 658 488 1000 89 356 246 142 306 438 542 134 997 693 708 109 254 159 816 937 473 391 804 520 420 819 313 28 856 240 734 939 134 250 933 856 932 501 718 747 269 786 343 945 554 731 562 92 178 909 493 840 386 24 920 650 261 880 665 321 874 872 967 922 641 731 32 373 187 683 235 337 443 478 981 367 136 748 796 49 448 145 709 769 788 570 741 89 478 553 730 199 563 640 335 804 16 927 442 248 885 270 142 47 244 722 135 818 257 248 217 590 7 266 279 436 854 780 508 29 46 238 731 708 33 815 159 633 76 45 602 209 348 399 414 590 672 110 573 743 859 576 265 505 774 363 267 585 815 712 236 542 148 791 677 392 222 813 230 872 613 285 273 711 23 348 964 398 631 227 80 89 639 146 781 394 879 441 362 919 569 798 502 811 482 221 127 365 192 818 509 98 627 232 230 475 949 167 103 479 537 344 224 62 494 448 309 43 960 965 195 175 66 236 585 205 182 62 657 929 832 855 819 767 94 996 33 21 528 975 616 720 782 420 123 599 838 41 23 114 99 624 487 352 388 836 469 667 361 700 164 420 390 250 457 982 734 307 563 60 750 732 614 425 966 105 148 436 984 21 38 383 118 257 509 948 205 941 467 558 876 46 328 440 474 173 814 728 706 652 947 641 200 471 682 244 433 503 520 268 604 861 95 44 586 696 549 720 782 734 898 886 789 933 76 83 284 863 290 101 220 903 634 468 359 758 803 239 735 404 945 360 194 567 644 631 279 157 680 927 744 474 411 235 909 575 424 478 148 96 846 612 387 692 855 349 761 771 361 355 935 290 215 704 610 989 765 329 181 616 526 87 841 486 893 604 788 254 405 480 218 25 449 119 62 36 859 51 303 221 677 648 771 863 369 19 300 510 705 201 788 202 494 521 882 404 329 410 650 329 370 979 238 568 164 659 615 
174 213 375 241 196 470 821 257 517 999 826 840 122 416 960 36 266 544 205 803 698 174 644 231 920 384 588 80 487 990 851 852 569 501 80 423 553 861 691 619 564 250 141 398 122 947 198 141 312 421 987 364 146 748 948 11 835 902 958 208 381 96 725 327 71 628 495 593 986 441 257 287 2 50 475 733 876 586 387 223 836 116 906 989 363 844 376 910 803 324 999 677 154 585 194 566 520 978 908 15 265 131 329 438 592 109 605 431 58 715 342 450 254 477 266 622 502 349 328 592 774 675 120 673 247 425 818 538 674 790 639 385 461 90 665 457 479 158 339 506 947 656 64 430 439 369 637 639 89 624 622 928 390 691 457 202 474 289 500 260 519 320 271 687 718 111 602 6 262 10 213 496 359 433 433 978 949 136 849 935 654 428 648 304 978 195 713 866 957 480 793 650 190 72 885 800 556 385 427 654 765 731 258 831 182 933 440 192 570 513 231 840 100 386 518 311 554 27 321 927 119 775 897 677 815 408 825 430 960 40 237 17 732 705 75 537 913 213 958 839 469 948 910 969 867 361 386 748 359 348 441 171 224 45 123 445 210 933 162 407 592 373 544 615 828 99 687 228 815 32 507 198 807 210 440 65 771 82 354 929 551 565 800 276 72 99 200 874 575 809 537 389 118 79 275 480 476 561 687 881 760 14 486 759 430 850 706 234 860 212 639 372 980 406 855 283 840 448 200 556 639 212 782 158 809 255 167 156 251 132 931 832 692 720 176 520 644 205 327 402 559 815 800 807 717 384 790 824 702 700 842 594 280 404 528 556 473 700 908 91 187 563 235 242 323 645 737 386 904 394 413 395 131 124 350 240 754 27 588 355 980 936 495 534 836 132 673 853 759 846 530 781 4 927 446 165 509 918 208 78 426 89 109 859 376 306 145 584 307 414 731 228 529 868 639 663 562 458 70 74 385 62 712 393 876 311 677 946 107 602 278 450 42 515 55 267 398 162 153 31 513 177 192 619 741 143 633 13 475 766 378 676 145 348 15 841 669 355 304 361 116 393 747 175 112 144 386 987 909 427 525 749 963 501 982 296 153 41 487 55 205 920 515 169 902 407 878 779 702 20 198 705 304 692 63 829 149 535 39 211 
926 470 758 114 168 49 603 155 299 779 86 7 378 105 362 962 56 575 391 305 214 746 960 940 511 531 553 500 352 496 374 27 536 130 763 710 403 574 56 452 93 508 201 827 305 289 366 751 151 125 984 793 904 828 526 849 649 877 194 252 377 388 854 811 898 343 30 401 785 611 605 731 214 244 478 685 754 223 169 128 196 728 505 61 457 274 255 808 7 98 537 125 336 122 904 67 479 518 229 723 731 480 545 735 718 708 446 491 413 211 745 45 878 225 451 131 179 949 308 320 336 499 855 598 261 626 212 427 348 694 912 724 42 286 133 962 430 20 49 830 658 342 494 510 652 855 894 540 364 964 109 715 68 15 228 201 409 149 194 347 882 80 977 660 973 917 656 570 780 699 806 334 626 487 386 426 513 562 90 801 766 984 810 215 635 518 152 365 722 955 601 875 226 51 270 530 236 811 436 545 738 201 654 76 300 71 882 291 594 923 175 632 288 992 362 334 77 49 2 802 834 91 842 186 435 152 680 544 231 963 287 765 647 151 176 102 960 533 177 424 800 681 628 730 827 452 678 478 202 280 35 431 296 157 428 50 565 94 814 884 46 610 985 632 851 804 302 205 502 866 262 40 644 749 345 535 429 149 701 649 963 586 387 614 420 306 64 594 280 222 857 248 994 547 876 976 70 353 606 385 46 845 856 645 637 438 104 463 136 418 640 437 79 975 73 757 671 937 486 1 549 583 409 2 306 651 30 454 329 925 81 618 937 798 711 173 971 997 791 138 371 612 967 563 342 392 758 941 432 539 926 120 642 625 181 796 134 284 552 546 186 512 294 391 670 838 309 850 302 841 711 927 86 402 882 803 152 180 986 991 846 615 647 624 441 197 534 948 158 358 273 860 347 579 998 98 197 860 160 794 662 787 279 640 81 941 848 597 446 620 413 705 211 686 178 775 129 850 172 59 906 104 290 596 747 685 289 946 926 313 505 414 156 282 792 132 452 236 130 673 462 391 110 628 511 358 239 198 194 233 751 169 666 2 731 82 466 95 910 279 721 660 151 550 423 14 426 931 144 776 184 655 586 806 494 744 720 722 117 878 732 233 270 62 647 85 219 702 121 9 254 256 599 150 99 99 479 768 5 772 
628 904 33 991 433 648 396 781 200 720 365 389 608 603 74 731 280 936 108 504 398 257 57 711 334 118 381 547 340 263 464 441 528 444 662 489 995 333 761 443 69 544 263 900 293 262 459 678 381 924 779 56 59 73 239 450 320 149 61 511 166 156 924 392 156 773 855 317 569 446 181 178 833 171 586 475 331 66 832 847 526 200 651 590 935 393 63 27 476 610 162 199 118 502 313 58 48 586 355 2 521 970 360 642 988 128 911 466 570 40 946 928 212 700 98 161 930 784 674 200 338 189 277 411 730 990 510 384 429 828 475 130 293 594 417 467 948 496 542 120 930 71 737 584 621 913 65 955 21 518 631 242 971 591 421 74 76 11 972 752 441 762 487 948 628 637 817 261 586 602 46 279 404 520 252 687 627 879 920 979 486 964 608 865 53 71 716 942 67 126 803 59 454 669 159 759 878 820 439 375 695 630 257 606 822 378 420 620 93 116 366 368 215 730 923 526 258 670 240 126 919 757 290 641 291 148 594 228 163 334 509 371 826 477 268 429 554 574 49 977 499 771 836 315 631 286 240 655 945 443 801 329 689 571 530 578 161 279 553 148 980 699 201 784 379 894 138 363 807 667 826 557 622 929 490 141 462 275 641 661 162 534 9 153 968 558 35 926 30 767 899 133 360 444 731 893 50 114 257 386 93 922 88 671 84 72 55 60 812 38 84 160 414 336 734 485 723 718 964 485 788 28 921 392 406 960 37 419 920 224 978 136 301 466 51 841 271 392 988 809 322 785 177 280 891 561 577 340 692 612 359 727 778 565 707 262 529 272 629 131 523 25 149 775 549 899 810 793 486 632 473 20 702 428 106 588 475 400 401 863 219 807 833 172 264 898 377 437 278 643 668 931 85 172 649 357 103 686 343 768 721 857 261 686 738 742 237 166 501 437 103 23 414 967 725 780 734 331 10 670 670 202 193 772 821 570 623 531 994 994 503 214 193 377 66 389 285 975 819 533 993 433 307 146 535 229 945 719 596 722 951 609 634 12 893 279 563 442 710 538 630 392 29 556 268 595 861 306 271 240 211 720 431 771 900 385 836 593 54 436 715 476 344 494 865 2 336 122 672 260 280 512 188 311 303 192 76 925 657 204 
929 120 422 201 984 316 804 556 951 994 492 285 178 19 524 621 899 107 201 110 122 817 35 878 450 192 590 267 360 31 956 749 97 64 340 727 275 19 664 995 47 536 578 896 225 559 164 485 344 823 586 99 419 456 104 188 738 338 266 133 624 665 759 892 385 687 965 953 847 80 163 470 365 492 281 879 552 854 128 568 112 655 928 153 450 2 414 122 211 685 122 118 292 133 330 249 776 774 712 816 470 788 707 37 983 765 680 48 311 987 311 781 188 202 86 544 559 902 158 184 869 874 295 293 476 984 196 259 790 812 110 461 832 911 737 880 287 195 505 964 111 747 874 627 395 1 258 287 315 317 256 702 480 480 337 172 745 324 918 188 788 153 334 774 75 535 189 311 732 560 362 628 710 553 473 436 860 755 829 376 436 494 427 668 189 944 679 778 354 40 247 963 896 86 674 852 801 303 30 698 846 265 739 550 862 298 28 895 554 337 295 242 636 929 584 897 674 409 866 111 15 341 737 799 388 66 832 767 297 100 957 537 997 656 6 451 238 200 722 819 978 18 495 132 778 207 975 31 689 884 322 378 128 450 970 809 71 182 88 568 539 672 162 147 90 708 177 795 735 723 236 81 477 6 222 664 718 159 808 605 825 848 654 533 549 608 490 930 57 225 908 45 959 475 404 746 99 102 381 22 631 186 513 682 236 142 844 500 696 170 554 978 979 414 279 734 55 374 875 224 298 388 634 199 909 52 636 372 610 381 625 780 968 157 762 748 974 202 376 282 945 943 950 872 117 861 797 119 645 93 195 348 587 30 954 773 734 963 610 659 510 330 334 693 705 221 919 464 483 896 251 320 151 895 227 597 49 637 688 566 239 660 555 14 482 144 742 721 696 89 805 365 223 828 276 129 490 817 720 374 931 35 245 440 388 833 651 594 349 591 543 932 213 987 786 367 921 193 212 970 981 558 502 76 782 692 635 432 427 98 396 382 719 664 13 976 487 510 980 128 739 274 835 50 167 771 753 605 375 737 229 960 996 816 941 502 289 137 706 153 308 303 908 520 621 465 629 937 200 765 470 821 707 103 219 958 854 260 48 521 388 577 536 802 374 98 394 948 154 851 434 358 382 456 16 108 487 750 274 307 
968 990 875 658 811 429 160 673 480 252 62 34 577 376 758 890 361 649 396 542 88 851 106 781 584 598 439 898 236 302 247 350 917 826 513 447 452 773 538 491 943 334 149 890 396 199 399 287 967 807 980 308 411 392 964 440 538 857 466 162 556 769 26 234 401 464 664 892 103 822 649 844 130 335 227 728 839 581 379 336 887 620 673 862 515 827 285 789 92 840 345 836 280 504 436 943 459 417 106 521 539 664 132 212 82 945 640 476 273 922 193 822 737 991 36 644 793 747 840 30 478 475 587 679 238 259 948 829 51 444 645 454 608 324 508 51 293 332 837 725 66 791 522 274 357 608 893 454 316 841 203 105 457 475 737 813 408 184 148 60 362 858 122 171 998 689 713 488 181 751 690 893 963 460 389 426 740 176 796 988 620 500 599 631 172 335 67 181 765 369 34 12 494 290 568 48 702 120 258 933 152 938 871 987 242 832 236 527 636 414 560 462 385 517 900 737 222 872 649 622 661 302 718 732 777 852 584 981 15 376 608 233 536 254 315 374 257 211 613 265 183 899 266 523 595 82 858 61 434 149 746 802 984 870 194 318 226 513 266 761 840 850 803 747 117 2 455 16 735 838 720 72 740 686 26 877 770 94 336 148 781 782 191 743 695 898 332 72 777 953 669 310 388 637 298 45 597 343 219 767 636 888 103 357 123 152 679 355 271 79 846 822 232 172 311 62 593 145 188 972 590 474 187 602 400 466 430 901 906 452 566 772 296 402 488 501 300 456 562 844 65 733 318 347 676 38 163 504 549 235 860 40 745 95 402 975 765 768 647 837 658 58 185 71 356 123 947 867 1000 542 811 130 888 153 486 499 920 349 835 867 205 729 162 510 547 917 698 123 372 839 813 115 159 136 796 297 62 195 738 22 334 139 522 587 84 906 39 262 764 393 679 848 113 354 486 52 987 830 420 104 716 912 367 209 400 750 615 904 664 163 923 46 406 758 358 184 765 656 8 595 696 472 774 735 55 7 642 851 977 738 480 332 597 154 470 565 598 749 889 245 17 507 751 459 472 232 175 250 420 772 74 436 124 444 1 872 425 751 316 67 421 96 518 512 655 134 321 608 887 461 826 496 817 106 117 292 12 408 863 703 
840 22 797 464 145 949 200 35 454 514 541 69 608 912 901 548 66 819 306 506 93 604 436 193 65 8 494 555 963 919 108 824 889 341 617 798 846 178 778 288 910 233 764 735 816 979 566 97 383 578 454 99 31 77 221 463 295 198 770 926 411 716 791 253 967 65 853 304 235 339 568 55 633 404 82 850 15 336 177 245 156 250 144 43 901 165 182 796 421 523 480 367 438 231 592 454 82 467 474 356 8 193 506 887 71 762 703 14 860 880 893 137 315 539 630 130 895 102 351 271 890 303 506 44 43 753 686 19 315 218 560 4 549 283 951 930 441 675 947 498 695 986 140 277 323 86 353 200 126 744 487 864 990 723 142 871 914 818 746 132 48 926 838 806 467 474 832 919 333 448 317 552 320 119 603 296 253 930 329 533 160 426 383 70 545 671 564 966 732 745 475 337 507 833 917 763 57 877 37 949 341 248 662 935 992 758 237 884 711 48 989 384 23 572 558 51 756 666 61 658 791 942 307 2 683 344 285 923 535 157 22 942 968 715 710 847 886 399 256 856 379 47 878 987 658 319 102 557 590 164 801 555 149 298 472 622 945 573 309 470 573 761 666 712 951 122 836 463 633 627 605 620 776 472 956 85 697 194 293 934 855 22 368 705 549 20 162 287 731 727 238 869 67 690 954 668 632 677 65 241 324 274 491 711 726 266 527 93 765 670 443 884 431 263 457 364 655 100 603 443 251 255 736 326 833 958 293 275 197 219 765 539 732 490 155 491 893 78 542 941 404 74 130 936 270 848 645 68 588 83 281 132 88 468 42 953 376 440 892 659 365 524 719 999 554 678 333 678 477 419 601 763 80 751 424 746 396 600 156 793 154 529 948 984 362 847 814 680 423 182 223 773 464 537 592 699 247 323 25 586 287 737 418 208 248 60 430 331 138 815 558 491 387 549 318 529 33 807 121 338 854 392 486 161 822 601 160 232 882 163 190 885 666 649 351 597 516 681 747 529 431 654 370 90 6 39 669 581 597 165 78 39 773 223 144 959 680 229 78 399 291 254 893 608 566 170 105 528 716 311 704 309 979 980 920 30 883 680 242 621 927 136 283 567 741 914 230 967 44 868 187 206 458 435 854 380 475 485 335 274 
369 733 429 231 326 58 954 190 882 703 76 418 429 872 145 985 4 721 432 505 228 830 135 406 591 794 360 183 489 713 275 155 450 444 778 679 625 784 630 196 788 124 708 402 585 694 488 799 732 221 5 789 919 900 754 263 587 276 196 826 705 607 803 395 854 795 638 932 562 524 685 110 608 513 634 62 179 321 15 255 316 238 238 395 573 726 755 945 261 73 410 245 130 854 447 730 935 387 394 96 363 512 270 278 501 683 918 246 601 642 311 579 68 683 611 723 487 659 731 900 653 159 777 736 771 310 616 872 733 139 693 634 395 684 651 482 622 540 119 930 548 944 71 201 292 948 403 301 795 451 617 784 491 64 106 187 247 696 62 509 510 220 912 370 562 607 738 20 40 3 526 914 21 452 409 67 677 282 391 712 403 487 534 997 959 100 237 542 475 971 953 305 220 885 995 719 304 785 91 858 516 777 227 358 859 557 315 559 134 412 383 206 358 622 714 146 930 898 202 176 216 960 872 900 966 406 78 923 206 355 615 245 267 349 269 781 974 284 125 806 799 618 147 853 708 345 269 49 194 339 832 523 999 654 213 141 844 72 328 884 851 925 630 869 964 296 269 529 582 591 361 680 960 501 250 551 109 543 190 801 769 85 991 606 727 982 549 622 638 258 946 564 431 197 568 930 967 905 35 841 972 377 653 725 361 445 989 322 290 808 886 937 358 891 505 577 608 271 339 677 52 589 628 281 210 350 740 300 556 553 174 12 270 400 746 533 434 313 691 551 281 597 341 203 122 987 460 179 922 250 381 84 15 240 797 948 988 189 875 899 235 167 791 236 910 124 799 600 604 593 181 983 956 837 722 621 907 461 745 750 254 582 428 129 142 172 678 605 941 692 45 551 965 691 486 759 395 646 85 470 446 486 547 648 722 321 542 657 483 113 208 984 26 867 39 310 736 664 223 885 14 3 737 128 624 318 658 959 69 765 756 359 224 47 373 11 828 776 729 749 841 601 728 938 736 802 959 329 560 476 416 10 990 433 785 406 782 864 436 802 45 913 612 995 426 581 274 592 128 331 323 82 429 826 450 493 415 554 44 403 291 993 200 797 493 694 202 441 998 623 676 385 809 459 100 545 461 943 827 503 
480 817 243 816 847 14 478 423 703 924 30 956 834 542 856 958 915 435 583 496 449 213 33 860 155 403 245 691 959 774 408 752 346 931 826 551 687 636 251 561 545 647 300 388 782 540 87 493 793 703 934 813 605 498 661 508 178 680 254 552 474 497 656 171 32 304 983 935 462 253 402 635 955 628 119 843 414 954 166 65 661 947 144 606 788 429 742 735 814 162 448 527 13 88 940 184 378 504 811 752 371 905 363 661 791 402 862 673 466 769 861 396 433 550 748 837 77 975 652 238 304 586 795 457 272 308 660 574 294 964 750 834 838 486 525 87 444 441 323 438 594 520 668 565 788 65 628 904 240 119 104 609 726 391 143 391 172 700 943 255 534 51 424 221 207 143 81 881 146 386 636 978 447 759 882 780 782 443 309 953 197 933 2 800 698 417 683 887 783 129 950 194 152 838 32 161 46 801 487 443 433 44 353 805 823 359 528 72 239 36 738 638 861 738 818 818 443 906 792 482 403 170 337 486 278 260 191 646 308 710 926 461 450 856 908 711 980 208 125 603 592 669 433 520 830 173 215 569 257 799 958 921 15 792 24 589 647 190 396 643 703 134 79 983 875 965 75 159 629 745 763 587 576 493 99 975 626 127 426 548 972 674 548 922 291 674 962 549 996 131 25 330 633 120 194 720 462 148 814 127 170 194 720 138 231 901 784 515 224 343 411 75 492 274 580 950 359 48 64 240 667 59 564 394 649 268 711 138 34 348 199 798 460 564 308 958 973 916 951 932 824 277 625 597 330 744 411 445 804 467 273 660 614 815 917 730 528 731 869 131 255 214 180 867 273 414 105 576 218 963 409 994 546 474 325 156 301 931 588 287 360 499 798 938 788 175 102 676 268 908 637 421 862 25 590 703 611 88 949 417 990 169 150 909 431 494 727 918 525 316 765 868 757 262 343 258 749 81 781 614 487 56 782 318 357 693 140 187 161 947 177 959 154 527 509 933 278 216 78 108 194 546 711 324 642 127 876 932 129 112 731 601 95 374 34 496 390 603 191 405 531 439 620 579 341 500 703 458 271 768 891 311 109 438 609 462 119 83 860 97 865 313 375 206 622 454 151 217 608 538 751 958 553 259 143 477 559 648 596 923 
50 367 942 773 68 743 756 604 749 300 560 15 731 598 18 667 820 833 157 874 35 915 636 886 748 887 106 445 584 4 700 442 247 708 967 495 17 845 328 813 242 338 432 310 809 815 844 273 127 671 574 451 1000 853 381 974 91 892 365 403 801 999 638 174 647 808 269 909 435 297 149 824 72 4 731 664 250 211 916 752 209 606 184 756 365 105 867 212 478 321 807 863 128 698 915 414 720 234 113 271 874 818 154 887 94 122 210 420 278 202 716 40 880 601 267 726 372 358 621 337 261 79 817 928 863 868 914 276 164 338 794 662 190 65 464 992 620 69 653 210 726 141 297 817 182 629 369 654 796 468 517 829 480 781 42 64 69 677 668 774 362 489 642 55 848 325 7 573 723 541 803 330 656 12 134 275 843 989 64 663 485 924 841 839 167 131 627 94 650 462 89 437 154 839 175 21 847 55 894 36 321 248 205 363 46 501 577 277 45 222 889 232 359 149 761 33 971 618 980 665 582 959 737 538 765 394 481 951 26 414 350 302 864 688 899 791 639 394 859 433 125 194 411 201 179 504 95 586 67 746 5 323 914 71 747 19 713 877 377 365 299 427 247 499 183 909 421 684 19 483 860 326 180 553 999 2 239 212 233 578 247 106 637 666 229 870 440 337 368 325 943 375 114 52 336 731 102 974 570 708 74 119 803 52 457 730 445 194 445 202 288 600 63 770 309 424 255 365 784 692 857 333 523 452 293 652 250 311 365 268 179 885 533 663 97 378 660 941 109 395 4 801 411 222 987 899 717 915 952 195 322 492 228 738 724 662 198 289 965 61 405 422 39 600 426 337 726 586 949 955 846 116 661 738 939 754 412 132 284 820 424 169 15 585 986 470 883 659 260 891 176 246 876 924 975 62 627 536 857 162 637 555 9 460 534 444 856 718 489 733 235 412 311 262 703 867 553 473 368 229 215 323 621 873 356 743 843 605 543 50 771 339 794 614 213 589 281 983 257 840 986 679 522 321 326 386 873 906 347 473 811 978 175 384 985 464 108 630 227 390 191 143 628 790 646 251 339 557 396 588 583 593 431 34 129 4 252 86 590 14 167 753 571 644 20 738 303 442 156 194 206 241 889 176 467 465 872 602 763 781 
681 658 226 961 272 109 767 813 177 74 638 478 573 607 809 785 703 754 253 279 373 986 661 734 31 212 978 525 609 660 125 269 776 994 922 833 878 304 181 924 565 765 609 564 509 419 644 858 783 200 396 350 389 950 200 645 79 483 190 570 911 665 328 86 855 331 286 143 375 500 610 641 881 671 742 511 912 285 229 607 356 779 403 81 526 743 694 38 803 86 90 712 59 640 773 726 703 574 583 500 277 664 559 556 963 544 462 534 405 926 748 672 358 59 132 334 791 573 280 105 811 357 236 39 254 161 892 206 641 258 957 24 551 781 28 692 421 234 768 595 763 542 345 285 261 81 781 183 112 967 590 629 781 726 837 615 919 589 77 206 596 623 431 275 389 386 817 131 238 58 541 860 293 884 963 38 682 980 662 978 178 469 751 988 931 332 980 712 630 603 519 998 32 542 910 93 672 799 149 544 934 434 845 474 144 256 275 347 467 900 41 745 291 176 460 453 851 709 403 346 956 595 906 142 22 54 178 757 431 125 353 730 101 18 88 790 997 747 216 524 842 315 988 18 517 199 837 583 671 793 952 741 151 350 192 397 404 136 434 757 457 252 949 851 404 329 557 206 917 228 756 169 334 398 527 310 71 970 570 604 822 224 123 400 625 596 823 813 628 163 687 860 696 618 488 121 346 823 189 491 959 124 589 313 543 727 492 573 393 939 842 794 113 275 294 965 777 148 512 797 981 912 665 273 316 218 19 422 734 589 568 997 99 106 907 510 142 45 665 39 843 335 334 27 350 386 719 891 927 374 466 116 751 94 439 182 867 289 854 920 683 186 621 980 1 703 472 207 106 33 175 380 6 944 221 605 719 932 534 305 851 659 159 900 602 822 426 281 199 394 336 680 142 270 925 208 321 690 234 979 18 2 797 476 152 869 480 817 707 153 757 80 782 402 860 99 270 143 994 172 6 874 538 591 136 971 472 657 332 859 946 924 1000 201 652 255 475 927 815 919 106 762 50 297 638 324 268 795 28 737 854 269 978 859 28 435 762 46 829 47 832 859 855 568 244 277 580 549 390 557 426 688 548 334 189 314 261 696 645 658 755 221 600 893 26 29 173 517 187 193 981 306 7 49 706 264 780 47 460 702 
233 912 544 258 737 918 368 164 714 806 520 954 867 378 238 645 679 79 70 341 115 739 792 105 32 646 507 189 714 494 358 33 565 999 666 430 914 425 121 856 749 495 381 73 388 625 352 795 223 257 79 931 626 949 5 326 236 345 297 413 916 2 448 72 632 75 16 524 694 935 401 676 807 851 515 232 110 81 479 896 636 596 824 207 568 255 14 824 169 699 77 833 172 892 554 90 604 947 81 523 461 465 503 817 782 817 939 7 434 267 731 708 813 447 656 913 630 487 320 966 73 739 415 937 497 883 381 102 872 207 150 237 207 199 140 519 28 817 469 334 830 102 636 431 106 642 496 456 107 647 310 330 643 818 71 109 284 864 745 30 748 1000 703 65 460 952 136 462 48 364 880 509 844 674 833 313 323 871 455 998 295 671 246 162 727 70 604 789 459 890 878 376 537 485 787 767 357 244 499 534 338 217 981 884 555 240 611 506 961 531 214 130 866 126 577 295 933 418 71 545 792 418 123 13 925 143 411 230 569 460 276 366 315 456 76 707 652 759 370 442 202 648 645 267 28 748 559 698 22 796 560 769 122 839 473 630 594 469 383 400 376 455 236 104 849 411 501 586 125 520 925 992 688 725 188 419 598 442 863 81 440 228 350 749 361 945 264 585 143 744 471 115 826 182 723 563 270 263 319 416 272 50 437 542 746 819 10 720 159 816 578 437 629 523 826 828 725 697 15 983 396 799 242 41 111 600 264 70 57 910 627 527 764 278 250 915 160 538 544 364 670 572 136 662 180 968 796 480 503 687 591 904 561 250 761 432 656 229 196 163 914 103 16 534 41 995 283 446 635 272 486 205 630 889 80 164 141 939 99 768 53 746 272 404 375 266 587 674 259 830 575 120 769 843 575 948 615 466 873 913 97 431 259 156 604 804 907 95 784 365 376 115 345 34 682 515 956 799 546 741 794 794 32 663 702 913 424 339 838 354 468 834 164 743 856 722 233 63 921 47 766 422 691 538 346 952 628 245 882 583 723 970 436 682 848 22 18 186 179 937 367 955 700 474 139 719 693 69 998 42 377 356 734 837 211 646 400 995 727 578 952 373 473 521 201 221 183 175 172 13 719 496 465 38 8 538 782 655 522 886 
914 588 340 102 792 658 297 941 156 363 314 473 887 6 874 682 874 540 76 1000 612 67 421 198 932 234 17 240 541 632 822 525 605 877 826 804 196 182 573 984 332 193 302 636 93 573 39 333 614 702 216 194 706 571 925 284 872 344 230 5 785 514 570 162 999 326 194 728 426 256 695 696 954 717 483 210 204 479 344 714 884 172 171 589 47 997 134 122 997 871 496 233 872 947 237 101 328 214 686 881 419 49 814 587 653 870 833 618 770 150 892 889 454 581 621 833 377 906 681 368 324 184 847 68 852 438 864 702 665 526 723 710 493 440 579 834 61 524 135 190 569 793 820 818 700 729 893 478 666 337 766 878 708 354 659 94 924 664 451 452 153 109 772 177 266 701 437 133 722 184 894 300 529 169 528 285 764 585 964 356 569 955 780 28 773 85 955 407 49 699 494 433 240 284 783 448 201 49 29 308 949 521 654 998 800 358 911 897 167 748 153 971 198 367 684 90 519 786 408 311 801 95 288 620 446 2 517 668 522 555 563 79 357 143 910 610 991 150 363 696 198 523 429 107 353 270 630 928 250 728 802 854 286 955 858 276 131 615 382 958 606 540 207 686 402 523 271 137 863 964 537 240 752 845 944 756 755 911 569 230 574 888 568 291 991 167 492 795 960 180 433 412 51 644 928 568 148 605 225 323 935 693 892 219 29 355 890 117 115 554 487 580 940 641 483 856 628 940 509 927 668 616 607 639 147 753 191 919 427 964 907 425 111 555 306 447 302 324 178 136 296 248 557 385 331 532 507 524 597 497 422 786 830 316 487 919 637 613 420 594 143 344 30 137 519 782 996 566 913 192 529 963 157 360 758 415 107 736 943 478 754 79 847 538 561 303 235 276 417 680 142 808 809 658 258 132 976 157 137 574 280 800 615 32 703 507 328 29 164 902 281 648 644 13 823 481 42 2 193 478 376 497 542 67 472 217 366 58 521 16 939 64 890 460 451 677 399 624 236 714 703 309 814 936 729 108 423 805 834 4 586 269 88 624 372 537 20 38 11 74 577 944 103 989 303 578 166 516 166 664 482 15 298 637 793 455 467 27 519 223 498 374 517 601 819 942 879 212 413 768 961 782 562 380 368 659 615 269 72 603 
379 898 561 373 527 503 808 294 234 682 174 343 201 503 435 401 752 347 577 674 147 456 632 757 348 477 428 979 298 42 593 507 566 615 234 50 341 690 332 283 92 770 253 901 415 255 740 343 63 749 471 404 95 853 855 87 957 242 548 445 129 811 264 4 15 886 756 439 996 383 252 231 794 307 116 921 452 127 639 306 80 151 68 170 128 343 271 531 639 163 184 681 651 192 38 79 630 335 185 757 53 165 570 922 853 323 387 323 696 318 525 913 124 566 670 405 30 479 239 131 560 817 591 367 552 432 978 994 76 139 999 810 142 325 395 348 628 869 185 619 300 893 670 766 666 28 774 827 817 516 929 365 650 796 58 846 56 715 29 918 936 721 782 71 505 550 258 245 7 846 895 681 559 619 690 671 401 657 211 589 113 39 691 459 685 475 297 520 459 90 783 299 482 594 544 532 917 160 565 325 30 640 164 204 305 896 152 182 948 820 7 363 383 407 221 379 735 550 355 148 130 845 944 560 978 517 627 617 458 412 605 276 426 955 906 246 674 829 665 825 144 437 984 949 625 541 401 999 721 198 778 81 740 130 631 567 304 803 800 270 584 265 10 994 913 510 990 758 642 386 556 337 750 981 694 42 913 600 917 773 324 218 67 569 801 499 77 927 101 83 934 98 520 8 363 887 597 345 859 979 258 6 499 199 983 939 723 396 926 608 177 294 679 355 297 915 665 976 625 760 927 469 558 535 96 936 57 802 341 749 447 279 640 993 276 633 514 352 149 354 881 526 399 434 306 208 498 782 220 216 805 625 32 162 536 372 914 442 204 333 161 329 651 152 446 588 855 536 935 811 316 388 64 482 213 505 717 161 503 963 659 508 719 292 887 145 692 992 717 853 956 814 762 478 935 383 707 430 550 84 62 925 298 329 605 3 900 563 345 847 103 307 548 842 655 39 885 651 649 141 17 666 648 23 70 603 490 189 992 864 551 893 863 85 733 835 166 321 851 408 845 985 892 788 993 149 247 124 872 767 760 921 167 776 264 478 703 969 774 304 939 97 466 91 835 3 221 688 790 997 571 280 792 776 955 511 169 451 5 241 618 294 640 30 53 783 134 445 964 783 736 897 262 273 249 246 552 176 628 729 
514 366 748 931 221 43 111 868 324 244 394 135 650 887 403 754 941 152 232 394 613 109 363 656 512 705 266 437 888 347 80 463 987 324 413 321 617 323 742 915 547 425 917 687 112 451 191 742 630 514 183 6 330 28 365 933 777 105 766 186 866 349 970 448 466 240 248 385 389 703 425 532 692 521 263 55 140 209 644 3 992 974 954 473 788 403 255 672 985 119 340 524 967 261 185 373 205 650 43 269 402 360 304 191 761 764 1000 144 558 633 900 135 740 499 699 195 42 187 504 641 136 798 765 690 821 252 646 750 302 721 774 396 975 717 714 724 753 787 807 530 879 284 893 331 120 458 144 549 908 275 617 968 303 355 161 134 590 737 233 452 229 557 226 629 348 982 328 323 44 622 14 69 838 969 751 911 990 154 969 652 354 188 594 909 861 409 296 814 817 452 394 245 688 431 135 42 753 916 10 540 779 3 362 289 555 49 172 787 741 595 664 67 36 461 235 775 258 509 585 900 734 614 536 417 760 14 349 217 806 830 655 982 476 301 406 766 910 435 810 695 605 886 667 633 602 647 299 776 550 609 789 534 565 63 100 690 598 378 59 715 884 53 425 923 425 281 880 212 935 56 121 499 886 66 226 862 853 849 43 711 329 829 851 605 455 350 21 839 657 300 642 305 977 696 973 922 289 418 633 154 887 159 59 423 961 880 311 546 44 723 291 203 492 688 61 442 2 883 733 232 465 188 586 729 375 960 222 202 500 813 697 794 940 8 302 282 509 167 696 380 655 710 826 6 541 410 585 651 960 550 234 365 854 385 258 476 213 524 354 45 330 508 143 307 728 652 331 718 281 240 573 878 550 33 465 462 286 852 775 513 840 561 948 93 33 867 907 242 388 388 50 89 124 943 764 380 106 459 585 266 871 42 16 687 121 701 752 276 606 37 25 820 74 673 869 866 440 83 429 699 714 337 253 103 297 957 928 143 315 43 74 285 943 454 743 270 377 505 30 745 686 389 213 572 246 896 715 186 429 808 600 31 697 707 173 911 105 94 418 234 353 343 532 265 927 755 819 228 317 790 372 755 316 38 27 745 469 558 239 223 119 827 307 94 296 81 743 2 572 299 131 735 606 308 423 748 401 625 723 978 
861 219 114 323 826 741 341 827 470 2 920 735 702 19 855 24 695 131 470 382 330 147 611 236 216 212 12 407 707 449 48 838 921 168 87 57 615 428 601 977 969 660 39 308 443 201 891 396 462 777 280 492 83 919 281 770 713 343 291 43 31 474 34 409 25 870 924 157 691 194 672 869 142 213 68 884 212 356 480 764 157 261 206 828 840 294 446 113 849 772 820 742 629 653 569 964 230 572 449 183 830 536 65 150 549 356 46 768 651 636 798 191 261 604 936 246 448 352 522 17 598 891 814 25 827 337 884 285 974 539 822 287 416 421 405 675 511 641 511 624 7 594 437 412 477 848 261 194 291 110 109 978 322 573 594 932 259 47 92 901 923 890 394 213 138 146 196 46 266 333 724 940 296 949 796 213 429 353 166 16 129 984 382 700 371 313 440 167 395 470 256 780 196 690 550 601 755 246 590 837 976 320 984 332 447 358 764 280 197 493 667 575 722 325 702 95 19 552 127 258 13 926 482 634 65 626 937 914 867 354 850 66 792 201 617 8 850 108 269 815 549 199 275 937 975 349 4 355 762 353 1000 93 960 440 592 150 563 635 469 442 842 573 889 27 786 432 144 536 811 656 422 992 710 180 536 685 791 745 642 576 246 29 827 384 925 667 218 226 336 204 16 136 424 407 266 225 719 182 421 540 633 393 448 732 822 935 719 530 450 832 382 902 112 675 712 971 898 968 410 501 562 837 786 235 662 993 119 141 573 474 727 76 996 879 219 395 23 509 899 314 768 98 568 916 921 171 718 822 177 102 862 591 32 359 412 109 138 403 302 693 254 349 679 719 348 539 486 318 600 736 338 467 401 969 194 180 152 718 174 192 665 694 382 855 67 377 862 484 582 643 711 850 353 630 85 479 513 269 114 347 298 232 637 710 309 730 897 997 813 300 671 3 570 607 660 863 601 748 64 449 721 356 196 484 454 926 320 115 84 596 615 539 315 396 587 964 293 143 432 110 760 916 834 461 404 570 798 621 563 183 442 917 124 347 947 747 526 396 489 354 260 216 148 694 309 948 14 435 456 831 966 545 610 350 15 440 519 245 477 187 338 874 987 158 197 362 804 999 759 752 192 678 777 762 986 283 87 89 4 460 
974 123 778 996 129 474 62 634 572 699 792 287 693 335 883 37 654 777 257 576 803 955 292 461 979 729 281 60 449 874 909 199 95 978 260 672 79 641 622 565 826 162 256 394 156 627 116 314 278 671 136 21 993 52 686 208 515 85 833 984 115 608 578 708 908 61 222 758 371 523 304 415 313 34 189 493 176 64 164 805 157 756 458 392 353 340 998 944 335 431 321 759 493 378 355 331 803 899 582 644 142 343 516 657 905 652 863 470 887 509 236 686 755 913 814 184 363 666 884 891 1 535 306 528 984 361 848 844 710 493 909 467 982 341 161 659 314 215 125 494 115 915 875 261 304 189 213 404 424 431 495 794 840 332 227 949 603 212 464 543 932 938 650 571 868 542 872 614 325 627 8 941 443 945 282 122 341 801 543 38 927 818 712 293 556 158 638 116 894 907 804 388 77 802 366 44 769 754 81 840 488 194 888 163 303 352 993 61 545 364 571 740 647 28 750 388 389 54 41 175 785 207 500 163 58 518 33 950 876 639 715 482 733 385 788 24 119 671 40 621 596 967 947 448 123 580 251 135 652 923 980 636 196 655 984 244 857 757 739 561 765 807 663 44 523 74 381 60 307 454 414 12 782 257 965 72 40 778 652 718 727 373 721 597 200 348 879 366 300 520 219 660 237 722 917 389 931 68 450 550 132 574 908 33 695 890 33 733 311 943 892 681 608 645 334 56 859 165 609 163 282 510 554 705 778 95 892 743 563 576 661 520 385 919 578 307 1000 387 440 527 233 714 937 928 518 915 75 758 623 771 328 785 467 600 8 431 102 959 38 153 101 973 324 201 778 928 207 588 199 203 890 527 397 748 716 418 362 758 314 959 699 613 986 50 663 829 956 14 304 128 64 795 832 804 632 568 175 825 612 218 102 195 431 779 243 484 725 9 274 918 297 587 448 923 264 596 215 637 887 373 8 669 717 436 44 12 888 807 200 387 105 902 820 386 526 844 203 682 419 380 768 76 688 850 684 22 337 424 770 633 705 174 454 268 699 670 169 478 813 844 398 637 493 705 306 969 984 954 165 119 287 338 891 775 729 628 681 941 415 127 815 825 657 519 875 557 979 751 175 480 239 817 1000 687 617 977 582 303 797 85 
706 123 313 517 763 800 74 313 166 569 968 655 145 155 944 489 189 25 93 457 335 469 877 604 926 898 813 271 746 149 533 724 552 37 977 675 112 262 260 273 251 42 964 89 925 738 806 445 238 407 1000 994 296 291 89 62 320 718 680 427 965 201 175 801 193 757 558 397 434 746 238 84 576 46 100 797 556 83 202 417 853 759 229 627 938 730 112 256 14 842 83 877 943 790 355 219 268 500 296 395 834 467 2 833 165 823 872 811 815 104 901 414 786 922 268 749 53 971 301 224 993 518 846 949 760 946 819 626 874 961 465 974 487 113 797 282 35 397 40 987 549 649 623 724 710 984 940 38 201 365 422 519 999 779 129 563 264 333 421 877 329 925 599 260 337 701 146 470 585 39 323 5 678 501 896 307 519 887 726 375 783 432 356 133 930 208 283 695 144 784 666 574 339 423 731 278 240 950 751 876 975 645 242 209 890 540 967 635 567 826 442 392 502 94 863 802 905 174 693 985 695 298 473 291 599 575 157 876 516 285 733 958 517 56 45 998 249 119 893 852 125 774 631 921 134 972 582 238 965 60 774 896 213 811 876 814 493 750 668 262 398 993 252 450 747 199 12 902 892 757 145 918 689 262 102 314 295 788 802 361 836 338 136 718 370 892 248 669 861 636 321 4 884 531 955 993 122 323 686 504 722 71 76 697 140 367 391 51 673 501 459 603 240 961 721 402 374 277 152 361 696 167 203 262 48 522 299 508 321 387 339 51 786 684 918 29 652 187 833 740 724 168 64 835 47 969 433 187 274 637 258 370 980 602 364 787 801 526 156 353 175 976 277 81 367 317 783 33 483 370 29 44 49 548 82 443 587 184 210 443 956 812 119 385 619 978 882 693 127 504 509 401 511 617 530 792 654 857 430 271 184 347 539 525 247 802 553 482 644 681 946 664 78 507 935 836 972 889 869 451 83 816 759 964 70 231 163 210 840 665 732 278 691 334 955 566 62 25 932 55 920 849 873 404 135 129 17 132 87 943 167 124 492 989 650 98 53 680 271 181 726 195 441 333 396 100 132 910 238 946 788 940 113 867 649 341 232 255 94 657 468 299 878 138 321 255 342 603 581 455 144 450 415 842 492 157 915 196 191 895 
896 995 105 655 301 228 264 516 239 628 470 771 540 901 602 507 76 943 338 719 765 754 404 585 851 932 630 751 785 959 979 983 690 703 211 465 326 910 902 25 638 856 632 809 718 710 973 609 333 852 327 430 101 865 99 282 514 425 783 553 461 508 378 695 350 836 313 75 179 209 549 860 444 20 950 85 570 542 117 410 970 414 340 463 613 861 614 294 493 217 991 980 159 283 530 448 443 26 572 699 541 972 683 373 281 832 901 886 888 923 427 471 709 998 290 756 173 597 293 499 410 374 173 193 247 973 75 248 841 610 187 994 314 63 49 972 77 170 80 708 616 472 22 249 108 604 273 220 182 945 744 905 731 357 666 558 782 586 151 928 489 787 543 128 860 899 350 193 64 621 29 326 691 586 591 254 497 935 193 742 423 866 838 346 759 800 381 188 42 913 156 448 169 461 904 245 690 679 395 932 315 94 101 422 735 915 14 359 579 327 137 188 440 800 480 245 566 735 183 939 997 994 522 128 203 938 414 929 772 156 648 909 205 512 831 722 294 963 971 564 595 53 74 164 393 274 534 386 833 360 744 571 534 726 411 344 750 687 96 508 66 329 141 740 718 656 868 627 135 713 637 925 87 784 84 256 970 600 896 913 310 350 688 892 765 484 13 136 42 350 855 822 917 286 401 328 606 712 740 50 946 469 453 394 977 128 894 718 476 339 725 561 55 934 214 685 490 500 249 600 383 966 475 383 659 364 453 243 229 568 623 109 640 320 587 514 720 558 113 855 974 370 445 196 963 355 939 640 198 951 70 192 382 744 387 214 14 755 353 107 252 510 572 901 279 137 6 655 76 250 461 179 448 125 210 968 466 482 126 28 832 405 693 728 485 59 136 549 229 593 652 442 409 461 988 266 921 577 407 312 413 315 73 643 802 285 202 231 836 53 617 488 24 141 294 383 214 456 914 363 704 641 631 54 510 579 223 485 309 615 518 573 404 961 966 709 932 618 870 319 186 44 666 710 862 759 385 159 624 646 792 839 760 136 370 185 202 584 204 116 339 476 562 117 23 869 268 50 422 907 621 537 931 62 945 588 354 412 901 182 379 974 491 907 707 640 444 361 902 972 508 392 900 703 492 522 88 118 986 850 
241 720 201 942 790 115 704 996 732 267 115 174 448 254 75 701 779 265 926 471 400 801 359 56 798 88 60 650 718 957 777 965 652 642 776 252 557 916 837 12 917 277 490 677 870 401 24 335 895 602 152 299 794 364 92 62 67 512 281 263 641 497 945 530 767 112 850 780 400 40 657 230 748 713 523 901 524 797 929 199 199 100 721 917 483 591 460 105 890 638 132 711 354 859 138 355 458 51 120 662 717 1000 587 448 289 863 742 108 60 458 799 822 523 453 730 293 939 577 559 857 443 379 157 939 959 722 187 527 750 930 82 162 54 243 396 443 292 800 403 923 501 569 217 780 620 680 307 987 474 587 365 197 822 966 324 251 866 774 733 573 425 542 960 136 490 849 804 199 965 148 25 562 176 481 952 89 697 275 308 919 704 284 37 751 812 416 704 543 322 800 367 767 885 158 777 800 177 835 106 980 437 314 161 602 715 714 652 509 417 358 852 65 318 269 80 582 652 296 562 72 343 287 795 356 521 906 518 962 107 849 16 954 291 26 555 745 824 958 309 544 671 529 92 833 843 773 877 801 269 422 961 684 89 356 831 795 413 395 199 789 40 10 123 337 567 725 54 520 46 298 330 370 192 942 139 383 342 733 461 425 818 699 158 356 489 830 707 285 329 320 100 275 881 534 134 17 761 474 164 278 229 992 4 675 781 530 443 74 490 484 976 983 600 47 513 887 310 398 768 3 494 626 996 307 300 110 399 626 753 585 490 37 61 231 499 891 623 551 106 556 492 762 214 745 144 169 810 439 392 219 239 99 819 576 159 596 811 57 919 308 952 387 835 868 767 72 94 658 821 740 336 835 398 472 382 656 667 321 632 531 111 317 989 470 904 219 663 448 997 95 38 110 148 64 261 971 178 274 718 55 471 690 303 49 558 686 265 172 840 776 292 507 219 653 5 684 573 850 538 61 979 650 747 130 359 511 865 370 429 766 715 212 125 241 901 156 166 410 527 493 487 893 670 838 4 355 685 821 34 389 849 693 19 543 223 902 520 480 6 448 962 107 236 927 719 15 362 246 485 519 551 28 960 512 837 358 595 950 773 473 791 701 923 190 615 1000 682 940 560 972 773 487 57 561 155 978 182 958 344 229 
63687 65053 59422 62220 61846 62479 62885 61991 62399 63549 61487 60634 60110 60580 62375 62106 61185 64759 63922 60801 63109 61620 63097 63059 61115 61039 64666 62776 63576 62713 
556 111 163 457 614 182 896 226 575 580 739 666 841 714 141 765 208 184 332 55 171 378 275 731 15 807 974 938 59 627 629 788 573 38 533 205 523 887 103 985 511 688 731 939 713 43 303 577 768 199 644 631 987 415 860 915 719 663 471 911 373 412 273 643 755 146 90 67 405 591 505 532 539 394 462 641 554 585 956 585 130 660 237 62 699 360 716 113 636 838 34 907 361 629 405 174 187 483 868 934 207 137 719 437 559 712 941 847 279 990 44 858 165 362 684 784 290 649 932 391 145 57 296 870 657 789 129 239 470 9 308 508 598 270 958 368 251 986 397 479 832 915 317 792 275 937 156 238 828 569 133 993 269 36 569 639 889 35 549 382 362 459 684 996 606 556 875 586 674 383 39 283 503 598 38 719 706 728 684 144 799 923 398 692 537 830 100 377 412 505 75 209 476 698 369 348 816 508 725 627 379 593 788 283 221 162 252 291 197 176 77 611 661 238 387 754 932 260 629 234 409 336 693 668 669 102 646 39 313 733 957 412 514 794 727 690 805 552 357 605 23 776 147 138 956 332 450 535 906 401 164 764 574 502 407 787 949 201 808 894 572 181 963 347 164 917 716 682 19 234 115 283 932 688 205 455 626 777 845 53 840 494 816 581 933 498 291 141 672 439 527 945 469 461 489 837 468 453 75 123 306 686 611 454 553 853 239 44 870 276 173 572 762 370 214 843 432 950 270 970 509 755 111 431 858 749 169 39 599 5 40 793 958 329 533 223 269 351 969 787 1 442 634 509 706 601 64 655 941 893 566 980 250 961 126 840 876 148 759 314 482 93 162 74 795 382 873 27 193 768 161 871 847 27 992 601 465 153 838 725 619 847 221 647 26 235 327 781 650 589 217 446 1 282 734 234 923 29 249 783 739 842 321 631 545 614 399 883 360 686 259 810 195 767 459 737 403 375 494 309 615 605 420 770 695 137 911 171 917 520 668 455 150 212 18 931 625 258 319 357 671 545 466 523 416 121 959 105 849 917 618 289 576 209 951 533 721 898 982 426 814 71 692 668 489 804 533 698 477 389 426 955 660 368 145 364 495 5 322 543 635 18 373 820 273 687 60 196 25 346 90 784 777 334 943 460 698 887 950 42 
413 63 111 312 888 650 111 279 890 995 81 989 623 449 486 398 153 598 253 842 189 540 608 638 60 75 687 476 350 409 463 989 959 968 650 603 879 960 21 729 92 56 63 109 914 888 679 413 568 871 28 57 216 795 356 536 91 21 994 334 300 470 326 837 292 783 641 505 292 123 605 72 21 463 393 428 911 729 612 731 247 960 793 938 192 78 145 655 286 748 479 605 614 551 357 598 605 793 939 742 873 291 266 765 355 806 288 233 512 260 60 280 543 275 390 221 127 208 367 977 288 29 544 20 954 655 521 183 776 254 453 550 159 884 25 414 315 887 755 671 514 385 934 34 998 401 790 651 607 229 255 136 411 5 396 842 488 726 34 932 258 966 988 505 57 580 193 426 6 528 557 713 408 837 89 780 822 46 440 22 481 925 892 199 481 134 544 854 947 536 713 357 527 207 70 272 340 866 426 313 871 772 266 10 974 524 854 55 12 724 471 473 914 619 905 325 894 840 772 376 370 712 13 365 803 829 278 394 621 263 743 83 238 932 470 896 491 803 32 843 946 985 498 337 286 699 963 508 686 243 489 409 20 719 16 530 184 500 509 295 275 565 447 627 154 448 215 249 133 13 910 28 679 74 534 903 314 142 218 116 55 424 156 59 999 94 647 856 90 625 904 52 76 668 154 813 492 598 61 997 328 659 682 887 813 964 238 806 169 97 370 751 876 854 418 356 375 980 121 734 128 755 410 609 439 764 863 615 961 841 102 874 447 772 548 965 654 581 408 902 649 954 390 901 562 417 668 634 129 739 497 341 275 121 301 741 783 482 820 322 803 167 790 718 253 273 493 444 810 771 947 627 527 966 317 16 677 466 146 856 369 653 115 74 130 140 345 995 750 641 565 404 978 218 875 87 14 924 59 59 307 557 111 721 303 519 420 723 952 950 967 785 518 849 571 22 777 587 170 240 333 32 166 973 263 830 381 457 194 750 908 978 467 1 339 531 620 969 312 685 857 344 104 712 353 224 939 4 187 327 860 88 27 128 965 593 402 57 461 567 900 968 444 955 884 262 238 296 292 558 887 856 582 306 127 462 364 682 425 449 151 897 670 335 856 116 533 11 106 291 164 575 688 256 982 153 317 864 497 280 
907 75 488 485 227 292 519 362 618 499 876 360 6 906 220 897 566 96 10 504 93 274 568 413 863 185 783 325 881 866 138 608 690 431 432 930 851 174 457 650 104 927 944 454 338 381 70 484 172 922 752 869 816 976 177 759 105 849 904 958 631 251 651 113 101 653 645 57 272 945 692 5 814 665 757 193 266 984 363 38 52 565 327 974 581 88 778 804 244 961 253 299 684 676 11 715 381 847 271 7 807 447 406 465 125 414 981 474 296 383 178 570 241 621 963 363 45 6 17 957 563 92 329 16 127 991 140 706 172 445 426 980 646 90 804 620 834 585 920 362 687 605 202 272 200 732 514 172 614 209 785 167 413 523 112 436 101 902 999 663 288 890 768 60 566 460 749 393 470 541 363 109 189 771 527 725 872 90 695 822 745 423 183 610 39 382 529 662 705 413 872 343 822 187 776 804 521 894 698 82 240 661 62 110 84 337 841 252 134 259 646 999 656 320 859 293 597 875 753 437 42 279 166 306 565 282 994 625 77 483 781 554 990 222 190 182 639 995 666 739 450 630 106 230 161 120 999 838 966 878 112 889 582 861 151 713 235 806 844 700 810 979 60 792 130 415 893 303 793 323 956 111 506 1000 973 985 762 147 128 394 839 582 437 144 718 755 275 537 450 94 212 952 485 935 775 395 436 351 657 372 221 757 685 205 339 4 509 264 894 680 962 788 386 152 129 404 925 309 585 618 921 636 24 921 535 646 374 330 779 434 206 572 312 70 686 889 737 124 839 168 400 373 267 539 366 750 15 529 344 649 871 194 875 728 81 821 39 39 94 983 770 718 187 611 589 500 353 461 950 41 386 984 189 811 497 504 342 181 441 446 781 936 260 901 868 71 116 934 225 99 877 587 437 446 662 515 927 58 613 42 983 248 832 959 157 324 8 742 553 792 332 609 770 238 806 883 642 127 411 870 130 670 209 417 631 394 935 964 228 787 705 893 213 116 728 909 50 328 437 792 609 385 771 776 667 628 565 708 102 375 890 76 763 970 268 688 1 174 578 907 152 432 930 759 182 779 509 518 597 141 725 725 942 862 731 573 939 75 302 72 248 557 712 995 154 602 396 650 88 334 195 902 226 758 682 476 94 269 258 236 
547 859 25 285 674 829 878 49 145 915 532 824 153 820 370 13 462 582 25 209 768 292 915 754 48 519 295 751 579 468 576 90 523 313 525 286 564 738 961 167 445 339 634 564 95 694 100 967 679 594 467 935 880 366 71 580 354 173 340 176 446 871 20 694 305 25 487 229 895 138 249 752 216 316 149 449 558 144 960 51 614 750 526 499 957 614 700 760 525 118 15 3 307 338 896 833 618 214 665 663 383 306 44 685 403 150 504 312 438 871 600 610 681 468 544 120 896 977 882 408 647 762 852 118 519 926 515 561 308 873 725 196 577 456 36 642 238 837 601 524 26 252 505 418 529 209 598 640 738 170 25 342 270 784 527 190 406 11 737 351 815 682 746 473 508 548 441 531 316 296 745 949 76 702 155 825 74 174 381 295 278 490 412 90 909 159 593 945 855 847 918 453 21 928 22 882 562 813 229 517 559 80 18 517 548 708 5 291 183 180 285 717 237 67 145 408 916 866 236 188 979 950 284 407 389 658 222 613 807 217 1 356 997 199 237 294 632 815 76 86 943 160 182 952 832 554 438 564 51 98 780 542 723 323 16 933 888 646 545 948 404 765 404 116 636 666 837 344 180 320 619 225 197 517 776 857 840 471 910 63 864 407 946 492 336 188 880 724 927 773 86 118 244 438 103 907 164 483 676 184 66 459 385 387 62 181 369 279 667 109 378 119 82 483 668 432 364 166 473 311 989 500 417 725 484 957 818 551 817 171 229 2 315 503 798 524 801 428 104 705 501 883 336 278 820 666 940 339 162 895 917 353 35 36 632 90 0 88 704 633 551 272 853 75 762 197 147 349 487 919 433 799 27 508 644 110 895 905 114 592 544 824 131 268 638 481 282 661 826 93 170 24 755 730 130 378 329 520 79 710 98 628 432 53 3 298 134 136 915 986 568 127 701 74 177 822 357 65 603 922 140 413 525 416 888 798 99 354 258 706 312 868 712 194 325 549 232 837 731 813 265 391 355 466 359 375 963 190 896 461 42 504 140 180 297 92 544 904 888 58 664 15 522 776 25 302 265 777 734 72 657 468 37 728 580 648 903 511 656 824 140 101 520 817 531 35 540 492 166 728 144 6 999 579 96 224 61 272 268 407 
599 599 359 58 318 462 464 323 702 675 29 314 451 178 580 508 87 7 984 971 122 108 64 705 387 756 505 91 667 85 218 253 966 979 569 676 923 570 38 903 54 414 875 651 938 914 761 92 205 702 707 387 183 14 306 279 316 537 600 2 430 624 235 929 933 612 285 735 499 544 631 433 413 805 514 723 788 490 870 342 900 797 82 532 229 706 182 927 765 34 625 814 780 203 967 46 519 457 354 432 65 71 391 691 338 360 291 42 368 390 730 375 613 870 800 776 942 579 885 830 410 183 603 842 331 937 572 279 821 941 438 149 321 306 590 362 393 868 541 578 698 377 478 138 646 41 18 448 673 81 277 198 418 115 875 832 174 966 889 952 27 941 712 896 351 655 399 508 629 527 24 658 590 511 176 329 707 798 226 601 590 951 404 21 318 851 709 68 927 207 286 662 891 810 260 618 328 375 173 153 980 965 944 887 42 84 552 853 892 793 786 725 844 937 565 1 588 500 659 121 252 665 478 146 578 514 113 683 512 382 384 448 101 875 966 781 269 652 625 236 605 96 402 653 66 259 770 18 39 549 840 211 862 868 299 88 287 288 346 917 763 351 817 421 486 432 961 795 785 143 855 791 692 315 690 259 309 371 432 380 844 525 659 327 643 590 617 395 609 120 208 908 995 79 259 98 414 922 916 655 620 664 857 0 692 463 463 916 747 167 600 989 115 913 391 330 408 999 997 608 883 54 467 69 370 173 584 369 966 351 868 2 838 799 323 273 406 484 349 211 983 718 658 492 742 851 654 630 608 411 950 668 788 389 490 548 738 129 894 599 398 295 920 708 526 972 739 446 548 960 999 725 249 492 923 557 237 770 100 581 590 922 897 430 467 783 681 479 734 154 235 500 951 300 953 210 952 886 451 858 247 158 618 748 144 472 399 459 919 110 71 177 745 383 992 335 335 490 856 406 532 307 675 713 657 811 577 393 774 403 389 952 459 209 190 995 516 470 215 459 542 555 533 880 707 848 976 557 846 839 78 719 170 178 630 786 599 704 925 161 736 142 350 312 880 792 787 266 191 692 312 997 399 989 326 389 471 917 355 22 973 709 220 380 469 876 490 16 411 824 434 686 383 704 891 907 828 947 638 253 
125 16 938 816 161 934 350 356 987 920 622 546 795 645 544 128 223 738 588 434 219 354 83 474 344 494 735 983 890 59 35 62 895 231 231 748 458 85 826 550 968 715 469 280 493 179 433 210 209 530 96 212 427 811 117 348 797 693 901 41 191 874 466 461 359 165 458 114 999 89 465 169 515 396 820 882 207 862 658 803 986 384 569 80 57 142 194 663 341 617 203 468 282 691 391 355 911 597 987 942 956 389 105 913 176 247 280 207 870 414 944 903 107 641 632 781 887 81 290 589 901 836 697 106 642 554 129 973 928 213 869 94 331 77 992 304 981 29 309 100 83 738 982 458 432 530 469 320 169 447 420 828 217 926 325 893 816 270 518 226 240 63 661 478 358 806 385 39 654 434 934 297 783 594 60 310 26 534 416 919 9 347 232 328 702 77 483 809 254 623 245 942 274 717 978 902 631 650 222 629 677 372 412 330 382 817 23 142 744 373 292 124 253 178 258 324 344 918 861 106 454 97 122 269 822 539 191 797 242 786 819 703 431 110 990 495 554 639 977 779 416 527 235 829 181 74 602 222 435 901 963 162 191 105 168 618 955 591 788 588 588 17 328 797 466 217 40 65 904 400 633 209 432 927 155 253 581 787 254 57 837 475 75 705 325 312 539 162 448 70 199 734 871 941 765 94 446 520 628 935 921 369 976 593 482 932 548 410 724 523 472 660 604 247 995 392 560 133 47 13 121 376 618 985 246 313 293 156 619 266 645 617 744 830 678 897 545 789 382 487 113 968 507 58 105 646 71 872 270 191 865 531 679 233 118 602 983 126 824 85 323 126 479 312 958 956 366 405 529 440 135 778 36 760 318 183 654 698 738 269 27 375 644 513 764 204 398 102 304 409 410 19 977 142 951 834 848 579 639 200 914 916 564 409 318 658 404 183 833 810 798 115 480 446 542 701 770 942 296 549 740 530 320 846 394 492 39 3 263 175 79 771 99 46 215 30 603 788 623 885 397 723 3 695 702 11 733 41 69 522 696 664 121 750 47 80 966 172 825 68 834 508 525 522 359 796 205 742 232 115 940 917 482 344 977 948 584 909 793 974 217 410 211 919 629 332 527 728 426 118 158 608 818 666 818 165 179 711 256 971 
794 962 559 323 634 265 707 775 776 248 253 781 833 654 881 335 945 892 683 417 55 945 624 67 667 371 556 676 355 260 272 463 24 361 26 708 862 355 100 314 862 237 777 757 236 190 602 665 11 565 899 109 798 568 897 399 686 325 783 527 629 918 230 711 314 268 97 52 524 494 558 927 776 52 755 266 297 252 276 527 142 748 321 871 720 341 28 559 825 307 711 842 839 878 516 204 873 42 663 780 805 237 953 547 201 235 401 1 217 825 556 779 540 423 858 342 132 956 691 144 531 605 967 40 317 513 314 660 963 619 706 270 824 373 710 740 318 584 551 478 185 766 946 706 522 275 291 641 752 36 455 151 792 648 286 436 858 266 889 155 767 557 67 54 922 484 219 712 657 614 151 430 700 745 876 354 583 342 389 618 996 612 655 695 498 602 700 71 303 179 414 769 244 905 368 162 394 907 23 844 36 890 88 190 167 130 526 826 967 666 762 632 886 866 424 326 64 716 684 451 770 762 429 453 166 175 499 879 64 286 373 304 910 704 420 184 943 197 33 953 2 269 389 280 497 732 540 696 821 270 137 388 661 785 319 219 416 147 698 216 407 626 670 163 880 751 536 21 831 789 117 702 522 226 471 530 476 737 734 414 564 21 895 142 207 33 170 867 724 921 125 730 273 381 103 297 642 370 397 321 249 309 915 423 740 242 888 678 134 550 951 710 289 389 405 562 443 289 164 539 259 10 945 761 236 76 274 695 151 578 473 687 287 211 607 408 545 576 2 380 45 480 459 801 458 41 992 130 979 704 211 614 571 553 393 242 454 223 812 341 993 161 52 685 930 85 928 173 637 368 569 289 750 44 159 853 30 817 973 119 423 807 728 617 278 437 424 749 513 87 964 408 738 243 909 27 804 598 796 900 358 592 284 19 795 919 776 43 497 574 0 602 348 20 709 138 325 275 632 682 944 319 761 625 708 484 321 123 483 595 720 930 559 81 116 590 772 284 431 952 339 931 199 588 574 744 906 885 125 452 233 120 454 170 217 327 183 984 746 10 998 142 840 35 718 826 98 728 352 807 160 279 549 336 981 481 943 261 365 157 956 844 591 939 231 568 135 502 381 336 335 381 274 876 205 119 279 230 669 573 
447 682 649 672 673 522 987 818 781 695 260 630 331 346 255 727 738 691 49 494 877 448 306 563 992 981 895 205 267 893 271 313 495 375 758 148 749 841 627 8 258 799 127 863 869 558 777 34 795 983 508 683 314 442 31 805 378 692 991 482 56 302 81 938 929 674 764 806 929 919 421 537 463 382 625 845 537 686 522 28 568 350 810 128 792 575 687 742 812 346 702 96 291 482 279 911 412 934 301 791 488 538 473 597 742 913 2 889 741 157 544 12 503 149 202 730 133 765 980 402 115 987 585 13 386 797 329 539 406 509 69 546 387 798 960 394 854 564 914 36 93 252 732 949 305 732 624 684 412 497 900 43 145 395 807 799 711 824 334 631 189 779 51 10 474 729 58 213 184 99 901 744 593 611 965 53 308 143 319 909 694 104 412 174 560 955 748 754 535 590 822 888 562 173 632 28 296 969 593 153 71 770 879 115 667 314 74 513 102 495 193 849 13 982 541 531 487 293 339 313 740 756 397 626 625 889 782 878 615 321 203 135 373 439 809 929 381 911 354 88 968 504 932 103 581 534 224 854 453 332 862 116 670 644 254 134 720 908 852 422 651 961 999 516 716 664 501 403 7 922 760 439 628 989 324 156 387 257 620 678 991 407 962 896 48 561 178 80 241 820 869 48 62 118 569 612 699 581 374 69 662 568 422 102 460 502 437 719 581 764 800 74 857 871 32 30 583 322 555 35 785 849 401 506 997 373 462 313 854 48 705 25 916 740 247 953 827 137 674 353 427 655 579 897 383 790 407 862 392 482 363 937 493 269 812 610 761 635 901 9 173 203 444 799 411 436 642 117 402 691 741 42 323 432 28 483 386 884 961 604 466 307 733 598 477 933 442 675 107 948 684 986 190 863 156 894 104 745 539 489 343 247 871 981 501 374 195 825 94 530 790 482 754 778 999 933 552 155 35 298 650 777 347 497 796 326 26 126 373 576 618 253 928 219 550 496 622 459 600 574 608 235 219 847 363 636 739 719 557 265 364 206 992 490 578 816 269 722 417 846 43 553 187 957 773 480 530 806 170 466 952 578 973 421 875 616 800 517 813 213 261 285 509 735 822 699 556 29 210 217 762 648 125 292 723 889 256 782 950 475 
399 960 197 422 379 154 160 368 319 905 334 253 725 111 449 689 630 728 187 957 220 308 34 444 378 209 655 14 339 128 285 582 883 63 445 908 975 291 190 522 81 314 344 790 482 798 73 604 112 42 114 692 707 137 683 926 957 474 735 360 230 406 189 980 285 284 617 492 862 236 914 607 873 707 189 359 862 173 647 469 464 240 377 229 39 14 771 443 782 559 47 17 421 280 768 898 63 141 927 495 344 81 72 347 183 761 439 706 505 562 588 303 392 541 787 157 723 116 809 416 309 786 970 458 22 245 91 156 94 980 530 423 456 583 178 126 810 934 202 226 431 891 980 532 216 791 560 10 475 627 329 487 521 32 960 706 897 712 160 45 741 422 719 485 551 726 336 588 672 822 991 711 974 66 886 92 963 613 322 575 486 510 494 373 793 31 293 43 341 663 247 1000 700 786 370 111 134 599 887 353 493 9 660 794 778 826 61 940 254 456 496 537 529 154 689 944 657 734 857 296 33 573 450 832 343 631 264 704 395 834 768 213 913 183 256 170 935 716 172 904 458 862 273 771 983 583 696 259 976 341 444 279 256 519 932 19 328 877 207 42 444 591 168 868 100 824 360 708 79 51 810 254 440 655 3 563 9 259 863 782 96 553 263 243 140 773 24 729 986 29 868 383 114 288 724 133 261 42 208 152 313 977 363 83 97 951 238 544 38 620 976 414 923 727 467 108 721 999 704 635 399 760 929 867 860 623 43 683 880 648 476 392 955 229 852 510 828 989 969 274 981 159 116 212 147 367 260 63 213 522 287 489 208 411 449 773 571 666 652 130 292 987 592 855 299 57 976 692 75 16 707 552 231 826 929 687 301 946 438 179 668 205 407 865 526 360 999 217 575 230 361 246 539 528 348 230 836 491 702 556 241 511 288 714 657 492 633 642 32 762 922 19 243 948 896 356 805 140 285 906 629 441 360 717 102 861 363 798 339 668 684 404 137 200 311 500 168 184 668 991 188 837 459 553 218 799 929 636 344 667 188 602 236 724 803 577 641 692 816 265 414 114 794 4 178 264 963 933 665 445 742 9 717 241 849 936 541 497 445 564 657 550 290 355 133 426 49 468 696 15 315 535 891 443 817 629 619 999 546 122 
63 374 675 523 593 502 105 14 454 787 81 180 434 354 97 988 107 605 519 419 664 305 554 986 925 82 458 76 546 764 38 762 269 357 778 881 169 13 124 746 182 447 750 249 95 381 832 394 10 646 107 235 326 636 558 329 753 616 298 288 490 209 713 884 955 798 54 722 353 612 485 697 291 723 257 632 215 902 122 32 719 938 741 420 615 339 254 245 324 766 555 740 680 526 447 149 684 399 478 543 189 299 397 669 197 679 449 0 836 906 953 908 835 848 421 891 181 841 709 162 655 457 668 451 532 508 684 783 284 370 784 953 968 419 942 941 289 208 410 175 974 927 473 450 323 619 150 822 841 449 285 59 704 994 842 554 695 159 361 346 364 995 949 211 938 110 195 19 291 927 873 914 9 818 241 812 918 582 318 43 84 73 419 585 214 200 87 438 197 424 209 226 72 677 904 809 299 905 82 327 272 474 492 111 86 772 534 879 760 969 740 259 470 383 746 773 78 420 546 879 346 749 165 61 174 121 18 457 486 393 478 772 14 675 889 625 355 859 629 229 744 276 910 442 216 545 18 645 160 196 799 721 957 239 586 43 374 784 929 803 278 39 475 533 201 263 479 180 387 460 826 613 737 664 799 164 91 100 196 999 374 150 61 928 54 261 48 97 957 900 912 624 945 11 382 559 650 585 858 141 694 928 590 301 903 729 672 571 435 661 500 894 932 255 295 103 943 247 687 716 134 983 34 445 910 42 71 226 512 650 645 160 890 157 706 50 81 724 283 468 392 644 882 296 546 208 28 98 168 296 169 252 452 577 321 448 684 867 33 101 858 439 912 831 657 151 709 488 774 643 217 680 43 587 716 34 782 187 353 894 356 536 938 769 384 243 700 173 124 404 206 606 516 408 150 19 710 756 781 604 929 810 458 284 415 523 356 719 657 464 634 220 946 66 126 539 290 202 218 145 493 103 24 472 919 2 507 104 91 27 801 972 210 812 651 78 664 438 372 402 599 833 370 99 177 256 609 32 175 301 163 47 421 940 631 258 674 753 633 152 249 893 338 769 702 913 488 228 860 7 978 704 281 136 594 946 425 885 674 304 462 137 733 760 319 594 934 883 740 552 8 316 956 794 218 755 357 351 592 538 
736 704 315 357 60 129 178 404 340 425 473 630 2 855 847 10 981 124 634 396 310 600 601 166 230 420 991 792 991 328 510 73 783 700 681 855 311 130 110 69 331 307 797 813 335 335 288 626 693 304 258 924 221 19 357 242 793 152 614 868 665 254 281 781 271 670 63 555 178 723 178 72 892 778 0 470 141 345 560 222 236 637 406 512 714 433 413 490 210 699 953 776 537 713 479 928 692 329 967 412 472 798 608 58 309 907 637 80 611 106 530 339 37 35 71 479 311 296 10 298 979 51 616 337 514 961 229 863 842 847 220 462 646 377 57 549 72 749 630 712 799 496 788 828 409 304 170 478 741 563 251 868 945 830 161 667 588 806 208 334 406 653 98 598 556 538 602 566 492 267 269 282 403 834 488 534 13 692 981 728 92 680 51 100 735 505 131 160 231 911 762 319 416 812 59 575 433 125 752 102 362 329 587 449 27 535 919 643 85 975 244 896 322 905 382 157 272 420 298 294 213 869 603 588 547 60 438 506 74 101 946 377 897 48 895 619 973 731 622 23 133 341 624 843 183 446 526 980 96 321 985 937 853 657 150 298 755 27 867 166 452 462 619 989 100 241 469 695 36 533 670 134 297 47 405 490 794 660 720 352 474 715 823 418 338 438 866 440 978 748 993 917 544 686 913 968 637 735 930 237 477 837 928 898 838 439 813 925 403 836 672 385 982 540 926 887 104 946 639 804 662 667 914 664 272 325 673 105 876 644 648 808 362 567 884 300 567 733 513 300 751 734 151 139 446 893 578 420 687 219 629 381 864 963 28 583 319 791 268 635 807 939 731 385 859 919 706 160 529 776 918 968 187 121 30 479 265 681 606 764 973 460 105 471 986 704 765 966 18 889 905 255 306 564 198 198 133 259 898 534 445 311 61 314 812 16 63 437 609 585 286 889 838 954 732 791 48 435 796 686 838 818 391 368 661 342 610 733 702 702 75 342 762 20 817 135 608 449 979 830 848 66 953 664 252 202 700 763 193 97 582 994 870 791 154 31 555 749 592 897 9 900 581 459 977 915 646 296 537 547 10 578 716 955 748 122 29 69 863 702 596 241 757 263 884 830 577 522 58 306 866 626 613 65 888 391 809 719 97 772 
494 799 889 153 424 711 774 191 484 718 879 678 986 458 726 624 272 392 691 414 41 227 125 256 673 495 438 101 733 956 265 616 842 551 952 222 770 485 581 143 355 862 27 303 633 903 125 79 96 597 91 832 113 103 671 560 549 893 111 422 995 198 794 922 616 814 555 64 465 713 554 664 676 71 896 793 609 483 543 575 839 667 557 348 370 519 770 72 873 7 231 670 84 145 358 569 331 706 388 10 23 366 885 432 812 28 699 768 667 667 203 422 698 406 254 185 398 21 707 109 462 282 946 974 783 384 989 301 649 974 752 890 385 654 73 76 519 763 649 547 975 818 37 356 297 940 985 1 31 321 735 33 942 619 937 346 396 70 580 969 271 745 174 741 793 170 499 948 132 559 970 486 689 343 523 462 0 598 774 971 381 861 352 349 23 252 697 878 537 986 969 488 602 439 910 428 925 210 496 74 731 951 1000 205 632 3 392 175 270 793 851 991 718 64 580 37 239 412 314 845 196 90 600 781 49 356 263 195 720 256 398 515 267 908 554 340 981 997 953 206 497 898 512 442 769 582 224 91 79 133 158 794 832 685 39 196 708 968 439 278 149 124 665 152 771 59 175 565 294 403 323 237 207 142 795 824 703 539 602 883 877 399 10 498 106 799 275 418 370 778 13 121 977 780 591 467 447 9 800 9 868 502 243 445 967 290 29 88 402 932 176 68 137 988 148 365 754 57 933 518 428 43 682 667 351 979 169 54 840 231 27 904 979 684 670 339 511 185 245 399 333 244 675 46 494 375 20 308 229 823 688 950 148 746 360 45 457 496 705 945 509 327 627 773 430 492 513 176 720 393 998 882 208 870 938 376 781 527 411 579 388 328 947 342 266 587 601 460 557 609 869 928 113 356 730 351 620 494 58 985 618 881 902 744 657 408 834 230 628 811 470 807 443 295 253 963 850 752 887 55 156 518 972 998 876 622 339 346 558 622 931 977 296 547 990 213 347 985 564 581 107 844 371 250 653 520 160 630 241 498 433 461 243 823 710 189 860 731 681 758 389 484 377 221 664 772 173 413 181 597 631 529 233 739 7 163 214 237 96 645 291 384 323 128 932 356 102 150 403 901 699 47 961 796 900 708 680 552 749 792 
158 936 475 254 888 717 937 998 944 231 938 46 24 104 122 782 733 589 976 635 470 418 160 458 885 117 820 82 842 461 492 240 255 815 844 90 868 669 171 719 906 578 105 791 113 30 237 114 514 198 488 294 264 216 704 986 235 767 365 483 504 764 488 479 653 518 761 30 571 907 787 778 611 921 806 599 540 332 956 400 827 518 797 837 7 341 961 945 766 162 165 392 793 569 941 486 526 668 927 584 774 71 820 684 196 410 27 482 943 111 889 664 999 841 63 121 229 708 877 176 505 496 242 628 461 469 725 25 683 944 703 929 516 676 914 755 493 969 285 463 781 28 111 516 80 6 298 232 965 577 170 944 386 655 182 78 80 508 915 814 412 203 691 252 256 573 458 843 334 981 129 270 742 814 989 940 119 611 980 778 359 726 165 854 748 323 181 394 699 122 216 725 583 234 277 516 522 901 367 460 184 643 761 832 75 106 177 426 510 508 161 965 124 293 739 515 322 556 962 545 82 768 638 433 605 551 478 198 910 346 952 489 811 847 723 611 142 947 44 950 937 107 618 14 710 229 886 404 821 942 746 498 8 513 465 623 49 9 752 32 653 479 961 786 402 235 38 344 777 177 702 801 10 737 613 319 87 969 125 38 862 983 256 803 464 936 933 552 497 244 48 740 740 873 483 949 96 49 689 550 700 953 78 503 202 78 612 895 538 452 221 887 679 732 425 705 75 590 518 674 508 483 283 446 590 77 283 18 477 367 544 741 693 372 276 124 763 509 805 199 920 875 443 217 4 503 244 42 604 17 208 117 397 755 503 907 823 646 154 713 784 456 643 697 688 503 319 877 809 151 104 247 838 48 16 908 560 809 408 989 772 660 711 669 905 843 839 88 372 594 200 131 684 204 328 926 753 824 594 700 393 334 862 107 826 881 365 336 657 628 208 121 787 734 156 929 687 218 69 943 737 396 893 263 514 555 499 857 752 838 693 372 895 179 957 217 930 917 32 224 651 908 256 797 507 747 636 35 178 8 377 979 290 26 495 527 205 114 720 684 616 549 449 659 395 566 43 821 606 21 318 81 192 253 258 65 903 849 79 141 802 700 445 91 560 796 855 722 815 68 519 424 171 755 676 620 478 11 980 871 
669 509 264 802 733 902 900 156 303 684 601 606 701 770 378 385 91 683 95 99 187 163 856 168 478 990 913 553 190 570 147 997 866 497 666 94 249 241 661 913 921 779 716 236 233 336 997 443 131 6 515 173 853 232 411 326 293 244 285 308 180 423 826 559 806 890 712 833 112 149 370 323 396 986 75 268 914 18 303 388 50 16 389 4 262 320 599 149 599 63 65 875 910 513 658 529 553 225 878 438 45 300 474 77 772 194 522 286 324 399 98 385 514 797 111 931 357 250 306 762 189 920 482 857 831 131 930 318 516 614 397 316 130 556 281 60 191 579 933 192 210 48 80 807 785 456 322 887 736 64 533 24 549 579 857 472 255 746 878 725 34 361 192 216 524 198 360 274 743 433 237 537 660 778 760 680 797 800 702 286 674 947 551 605 900 1000 569 647 804 877 235 655 552 951 205 981 547 929 748 295 690 306 528 93 517 0 593 75 931 317 659 148 984 584 763 251 222 983 243 222 789 686 142 12 544 824 673 864 877 707 211 579 50 1 919 342 700 789 859 76 446 5 3 36 480 486 376 432 71 960 826 75 854 755 378 746 715 197 588 100 72 655 963 244 122 901 833 31 423 16 738 73 813 687 580 225 61 468 291 134 631 900 87 208 242 286 855 691 732 629 195 986 621 170 260 784 368 723 980 26 983 277 851 619 1 766 360 31 131 739 377 364 16 647 702 842 383 521 555 734 825 106 978 287 72 128 764 430 971 772 341 629 0 446 419 449 988 88 156 378 545 341 978 60 428 597 641 852 561 241 80 715 848 585 144 742 272 923 637 981 510 340 658 232 260 45 386 917 185 67 108 781 815 809 566 630 23 600 205 942 681 39 61 234 737 462 168 731 140 689 608 10 268 528 311 224 181 214 334 251 453 522 353 361 733 630 56 271 807 868 145 454 344 788 802 605 773 651 920 420 166 389 900 97 938 488 429 125 280 133 585 765 152 344 684 335 759 330 343 425 990 431 61 893 161 769 27 78 770 814 802 386 488 712 210 225 805 788 268 676 130 428 592 676 179 866 760 874 354 655 443 346 661 318 638 458 548 89 635 818 856 293 966 624 392 3 766 644 504 53 421 394 131 449 867 420 839 528 536 865 
627 472 87 885 647 572 533 581 251 970 430 877 494 251 80 748 658 904 726 875 792 153 720 478 960 824 976 573 424 906 989 265 934 421 590 691 803 59 719 579 599 576 989 234 438 160 733 885 401 16 314 809 35 169 307 455 852 558 884 54 903 992 443 541 275 189 398 851 596 198 543 498 617 207 627 214 94 267 550 840 147 674 788 350 991 491 878 818 591 552 45 645 595 141 615 594 388 627 730 534 357 974 953 291 317 332 488 16 724 736 95 707 844 728 639 389 815 548 835 997 976 219 462 460 611 740 975 836 339 987 190 942 733 952 430 472 126 990 353 501 301 231 517 865 15 224 446 847 259 407 577 12 993 589 874 960 760 94 700 137 303 316 876 642 491 188 610 689 453 753 722 264 471 774 685 798 67 475 225 216 777 179 574 759 574 607 957 228 984 556 878 535 870 181 840 71 381 661 575 255 286 30 512 750 268 456 61 339 620 434 781 130 994 295 640 106 517 366 686 209 649 339 854 799 382 280 120 278 29 109 493 299 396 794 832 984 626 528 885 400 215 172 234 21 454 785 227 400 90 628 680 569 557 923 735 50 870 507 154 144 510 905 787 863 421 762 193 754 980 613 763 298 418 809 123 570 967 199 687 194 582 367 657 947 435 218 558 869 661 865 246 80 698 898 37 1000 742 160 570 667 49 619 193 753 669 764 221 322 411 156 325 454 638 549 538 982 844 679 887 155 974 896 240 117 664 29 445 884 783 494 380 386 399 149 937 591 461 18 815 176 218 429 128 831 693 167 534 427 330 273 753 872 303 399 813 574 76 620 792 345 994 918 486 358 174 285 353 310 901 478 515 877 955 886 122 264 685 586 420 537 736 274 174 536 874 738 245 593 501 780 443 69 482 920 297 475 733 479 658 93 740 164 808 697 869 99 988 24 509 885 849 902 506 449 432 997 465 488 746 291 980 807 672 797 236 574 690 89 457 597 729 448 565 842 845 516 150 90 339 154 588 530 879 844 94 232 132 684 411 582 212 565 662 686 134 570 534 990 523 855 562 337 424 414 411 217 934 95 429 613 645 727 104 812 382 96 961 103 526 979 268 566 938 832 197 343 536 69 629 188 518 531 951 315 820 247 421 293 406 16 
557 952 949 495 382 542 557 79 794 170 789 997 522 396 263 973 143 139 484 61 569 237 167 795 395 501 748 430 810 386 143 720 909 155 540 420 678 679 314 536 132 849 327 893 853 607 766 722 238 294 782 989 172 478 840 554 839 554 270 394 846 189 108 488 744 221 467 44 239 111 502 251 775 359 576 412 312 973 234 832 902 406 253 172 10 736 246 553 51 35 812 366 119 147 993 932 195 910 83 541 234 961 304 756 613 869 331 653 111 772 829 260 860 423 837 458 548 105 386 180 539 307 769 930 953 928 957 691 466 555 34 223 522 791 11 140 264 717 814 379 575 828 781 193 246 866 402 606 397 974 347 874 19 151 35 179 800 399 748 335 142 354 105 938 532 296 168 318 763 580 839 713 447 229 963 767 215 750 432 141 143 357 595 360 559 487 168 760 805 775 330 805 859 966 373 540 166 299 334 303 781 794 919 425 978 735 578 301 370 881 175 310 747 248 523 561 686 972 488 339 460 483 277 680 677 364 823 634 885 551 337 478 624 507 168 477 125 998 298 141 124 305 730 18 476 435 139 66 204 292 907 724 330 971 879 360 266 941 705 877 104 34 371 585 599 942 582 806 293 154 1000 25 634 620 644 31 470 770 200 313 44 521 440 602 686 386 120 602 969 750 241 301 69 315 338 387 414 885 18 877 739 459 318 291 24 997 193 787 662 912 262 393 199 342 446 596 734 156 963 752 172 939 450 330 74 593 803 934 233 137 334 490 229 693 98 855 867 178 551 423 532 337 132 582 623 664 69 365 130 161 20 300 295 983 951 128 707 42 518 934 907 82 87 830 206 466 798 580 667 683 799 472 289 238 852 341 77 331 692 64 0 799 506 791 292 173 564 121 188 295 173 927 661 332 901 588 720 953 875 730 284 281 881 393 173 513 381 331 560 876 665 904 836 380 911 141 795 247 343 253 187 955 334 753 795 730 470 599 62 656 626 519 636 915 764 180 78 779 688 740 322 217 430 701 587 486 200 958 383 247 534 792 626 31 427 461 818 901 838 273 962 223 568 722 502 924 989 73 88 451 910 364 590 510 867 957 212 286 799 64 842 535 806 618 238 263 461 796 518 620 873 562 737 732 560 463 897 830 755 493 
821 242 595 888 365 204 138 217 655 321 540 787 141 675 386 283 849 509 744 173 462 969 70 938 374 404 709 757 102 299 312 361 19 227 300 229 289 567 609 984 228 335 36 992 557 564 982 73 418 981 370 560 970 816 236 47 401 224 687 605 139 565 408 837 819 680 667 289 321 60 38 610 474 774 889 434 66 753 751 999 194 496 894 539 740 598 246 35 854 98 260 275 653 640 220 300 602 228 497 611 743 627 902 996 850 976 788 721 546 582 433 792 225 788 944 525 162 537 808 407 128 924 971 255 969 724 64 114 845 246 93 389 847 465 242 940 391 635 4 14 884 787 0 372 889 75 387 662 42 146 106 403 43 858 484 448 374 592 64 342 683 43 757 550 400 930 730 676 51 493 298 436 880 959 695 949 74 235 21 339 461 91 256 860 855 427 326 938 849 42 455 914 994 800 390 940 414 415 196 972 974 193 345 892 891 58 92 492 327 126 985 854 406 364 90 250 140 387 678 274 471 858 895 731 620 239 859 749 532 939 173 441 429 730 888 196 746 504 974 165 801 500 462 547 572 950 456 43 746 220 355 53 67 179 672 123 333 400 774 252 415 486 45 271 344 130 246 545 273 623 19 703 979 229 130 851 372 750 418 727 598 221 102 102 164 820 946 143 855 977 834 697 615 156 348 702 653 484 647 541 39 812 561 480 852 211 72 791 951 990 526 281 854 274 456 341 650 94 353 301 85 259 274 178 5 402 487 927 289 586 329 972 924 346 392 532 122 354 878 801 689 380 197 687 690 45 243 382 145 502 780 157 337 267 399 632 337 439 408 712 996 175 697 229 912 501 305 268 805 749 716 612 351 258 760 587 661 471 568 720 605 895 327 520 87 528 208 545 232 284 39 867 363 462 133 767 329 822 419 429 419 222 967 68 377 110 75 773 746 273 987 828 950 103 589 863 707 999 561 505 436 796 587 673 411 185 997 768 897 987 314 864 499 819 779 155 732 100 949 841 674 369 554 178 499 887 723 6 860 801 254 664 1 472 1000 873 712 226 4 828 374 381 765 591 807 857 627 452 526 77 874 193 409 842 388 837 887 350 585 203 823 84 271 922 789 661 742 403 489 653 995 259 497 850 340 752 744 799 57 794 
840 933 88 171 176 592 12 654 499 776 643 555 328 415 51 113 891 157 95 702 946 337 713 397 443 937 302 977 802 838 684 471 810 67 4 531 744 709 424 254 121 201 32 403 89 432 485 885 476 326 148 257 457 299 255 687 155 289 803 693 406 346 643 793 23 264 615 201 577 768 396 363 538 579 982 280 951 524 178 912 331 638 147 524 19 970 526 373 28 623 428 175 129 295 70 890 595 214 217 473 245 858 194 90 967 150 208 120 53 343 159 735 385 972 602 545 503 455 427 345 125 183 950 187 871 981 422 415 140 92 357 708 735 774 389 724 176 743 87 29 197 846 431 704 432 905 74 355 341 307 112 164 785 107 512 87 378 794 623 794 597 508 303 965 379 901 983 598 116 81 6 609 92 356 497 695 351 301 264 641 479 108 742 233 607 157 550 790 952 880 555 853 475 83 371 466 730 918 341 466 20 975 988 713 888 499 884 823 699 477 135 267 789 826 326 851 838 826 543 481 183 871 76 846 375 356 43 138 492 133 424 907 533 876 390 908 199 794 297 477 268 288 58 693 966 347 859 376 910 587 426 524 368 27 984 965 155 894 121 625 128 750 334 274 211 169 565 953 141 950 386 812 560 184 405 428 311 770 867 541 328 587 723 997 303 890 402 576 365 841 856 858 917 24 690 902 692 853 475 780 39 797 367 595 189 823 123 670 860 775 922 389 293 705 909 702 284 718 577 926 257 403 593 924 200 836 347 647 695 261 682 351 287 253 7 882 347 877 955 545 557 13 334 704 312 669 738 14 560 458 552 632 411 977 221 942 136 633 494 900 384 369 402 266 737 398 325 585 876 807 867 507 743 413 882 979 59 249 893 179 391 658 553 61 934 486 67 652 937 364 356 927 511 633 111 514 273 270 837 801 548 517 479 310 660 543 880 447 962 275 467 544 532 696 140 740 110 820 943 404 987 464 799 711 51 72 839 439 145 966 10 18 316 509 605 432 171 168 519 842 998 302 118 902 658 339 257 482 508 427 340 10 842 291 283 139 142 31 468 615 343 997 159 100 819 634 443 446 855 896 549 640 454 401 678 173 600 791 705 294 820 500 957 340 565 686 510 338 502 791 605 34 463 598 142 660 199 996 7 778 
818 365 678 200 455 240 594 68 423 562 729 618 451 205 633 319 525 915 523 626 283 786 879 828 280 623 854 461 516 309 597 429 657 967 978 137 863 573 990 518 676 16 410 919 372 852 318 971 687 989 32 885 40 753 313 20 921 790 807 298 929 919 867 990 275 262 233 44 294 790 990 786 443 733 980 441 948 995 123 351 394 535 802 140 182 59 24 761 211 863 231 636 607 188 809 545 221 668 631 444 402 426 174 998 680 940 669 265 9 165 680 160 894 321 850 372 838 627 279 923 850 884 556 489 719 146 956 739 471 437 164 841 32 821 18 896 756 892 280 307 0 86 329 351 697 133 672 109 779 170 364 727 509 602 29 432 579 463 981 210 591 907 256 47 391 922 58 648 617 988 811 265 796 104 417 377 83 371 523 905 916 313 254 995 910 426 764 851 668 735 155 972 619 198 568 850 565 362 458 156 823 260 143 913 606 710 72 373 314 538 512 10 974 50 311 4 294 877 281 460 714 546 438 471 295 897 158 134 792 540 645 613 59 810 264 247 962 155 845 361 369 651 274 348 464 79 944 38 435 164 88 417 11 903 405 934 955 403 861 468 146 167 964 933 39 172 825 789 776 440 148 375 75 948 865 318 459 186 732 5 558 71 785 258 61 371 337 905 332 317 101 115 985 434 75 593 852 3 303 775 827 961 293 164 516 578 928 585 218 638 888 242 657 869 0 833 111 766 44 69 442 975 957 2 847 917 818 871 280 150 521 989 980 11 128 244 372 542 677 34 670 113 796 329 201 68 627 133 998 352 341 154 877 909 69 398 295 982 920 711 443 741 672 715 764 418 521 517 434 772 560 29 458 727 506 322 170 652 260 121 520 681 990 648 219 95 397 695 58 737 233 672 722 183 708 358 690 679 571 444 466 687 410 654 429 295 207 222 819 754 154 681 810 375 768 453 521 40 877 206 8 93 200 284 155 553 216 87 601 452 593 115 839 360 291 676 515 138 945 869 934 741 506 611 155 22 303 78 474 131 448 50 985 346 764 77 25 422 348 853 66 895 337 765 535 775 813 838 425 536 814 356 386 196 336 776 325 521 649 903 594 374 408 397 545 711 965 696 270 984 366 434 279 788 978 665 649 220 124 686 
495 554 563 946 299 556 83 291 385 822 957 28 849 72 821 542 636 430 815 335 462 428 618 400 838 368 70 664 891 368 312 731 932 992 872 728 896 202 660 69 740 960 780 176 582 376 408 186 965 171 815 180 652 629 427 20 776 635 482 626 876 102 359 61 100 563 430 121 895 925 467 594 800 367 464 66 422 644 607 73 335 4 530 539 820 583 910 426 697 145 988 322 122 949 660 256 320 344 230 585 143 928 348 403 804 158 653 344 867 912 781 165 364 782 391 493 121 532 866 89 2 367 27 726 357 789 828 439 125 74 121 34 284 752 761 828 317 824 700 69 259 920 280 545 895 375 246 937 44 246 146 815 147 652 129 774 686 702 739 946 850 398 690 732 850 30 647 315 215 379 451 151 488 35 424 620 577 381 84 850 958 365 708 355 995 341 780 961 974 433 80 603 21 413 218 20 922 817 67 769 851 295 166 626 912 13 634 142 56 656 390 528 427 210 799 88 21 51 654 492 774 572 533 894 648 622 33 281 428 580 962 594 612 141 468 564 459 102 79 399 355 365 614 794 862 87 648 872 79 610 88 235 663 633 157 690 737 367 303 789 814 183 924 842 31 206 141 402 773 37 366 336 689 496 722 804 850 168 51 101 105 471 864 543 972 206 680 606 275 136 332 480 946 725 651 707 871 872 978 321 498 977 341 291 398 155 547 796 847 841 274 872 596 955 27 617 312 557 32 220 964 465 688 885 874 82 486 848 98 939 522 521 542 561 562 141 156 216 164 132 694 693 53 368 732 560 216 66 893 917 637 493 570 732 166 798 476 659 0 410 370 786 509 411 670 378 501 335 450 326 991 745 220 893 96 482 722 966 710 580 82 458 447 253 185 51 364 257 6 450 726 966 144 411 960 527 143 356 428 118 923 113 326 678 23 373 24 400 354 673 299 810 893 8 770 995 803 602 621 711 817 109 997 263 797 727 427 936 954 16 687 440 771 154 24 533 346 172 713 956 437 872 848 344 843 127 944 534 264 672 745 961 339 774 120 959 290 757 746 217 424 474 219 158 899 776 902 458 183 982 190 153 38 749 739 788 686 690 703 793 610 629 751 16 393 780 66 460 643 850 589 234 986 413 368 139 136 113 355 449 
301 408 670 916 373 767 975 833 321 955 946 462 778 768 325 162 638 910 555 23 181 742 951 659 577 862 795 647 759 902 103 379 310 342 300 69 669 177 623 61 493 751 726 341 15 850 492 7 170 650 363 780 11 345 174 575 462 893 581 579 634 432 561 83 873 703 712 835 923 351 427 850 386 173 153 370 800 872 805 460 400 547 654 540 48 943 766 319 875 651 501 393 180 507 354 271 630 590 811 874 612 190 636 31 70 315 141 929 608 771 205 937 438 725 393 577 945 287 535 890 870 541 907 416 987 383 953 489 453 935 132 388 82 855 279 634 839 964 322 398 838 743 55 264 320 449 528 987 530 468 233 153 226 273 693 370 680 987 565 435 629 975 756 198 544 239 341 194 563 493 115 981 378 803 238 357 145 351 165 308 670 383 606 134 749 38 112 796 404 96 898 211 422 181 342 837 360 346 562 782 739 338 546 898 170 851 675 14 708 276 525 396 233 788 104 281 723 335 842 5 153 921 774 151 614 528 344 4 172 935 281 566 801 780 157 842 35 574 703 864 227 121 344 160 9 635 687 557 244 399 40 532 312 929 583 288 182 582 223 794 885 26 321 502 80 839 453 161 789 9 740 948 527 565 926 756 604 162 974 470 734 449 524 428 325 414 338 18 741 29 55 634 583 908 726 909 547 300 205 929 702 304 223 673 527 176 834 135 640 522 386 636 323 57 974 183 938 426 402 59 325 723 348 23 856 428 199 704 353 719 552 123 372 606 970 101 122 341 40 946 704 565 862 361 200 198 133 887 793 140 44 333 94 758 158 90 178 685 313 6 492 885 427 334 125 316 67 600 857 935 449 36 859 97 628 412 897 301 429 974 305 908 923 574 516 941 458 863 478 564 381 244 45 847 937 226 47 485 262 689 954 114 417 458 578 36 349 515 516 506 771 793 361 460 11 305 507 56 311 641 905 144 312 760 690 107 637 971 338 224 569 122 598 927 638 874 442 6 17 124 425 559 28 754 111 710 443 532 953 52 106 83 274 204 203 587 970 767 903 184 881 0 59 808 941 965 680 473 846 538 255 86 341 656 652 779 685 160 711 435 227 672 797 553 673 858 710 437 271 125 319 639 920 165 165 947 847 731 96 228 
348 352 914 287 374 816 687 181 662 533 959 424 66 515 796 182 23 154 849 986 786 14 948 555 157 829 432 986 261 615 182 194 223 770 922 623 390 354 641 491 213 166 859 874 734 250 128 253 713 389 661 191 301 171 792 336 20 192 499 735 390 525 944 818 863 405 658 473 723 421 100 653 491 811 761 842 397 566 40 903 53 147 375 644 804 803 390 715 283 62 285 382 245 187 576 159 361 546 49 576 913 308 435 23 163 739 663 30 156 779 511 346 514 602 266 845 471 559 106 997 582 101 612 955 489 29 692 487 934 418 711 611 598 70 715 14 918 25 584 747 570 57 549 810 399 918 844 131 12 182 594 214 2 190 94 893 971 932 651 422 80 524 36 224 903 375 921 579 614 724 781 668 751 415 36 22 607 713 210 21 952 75 23 47 648 580 279 308 21 74 291 38 245 48 642 175 537 26 43 782 988 820 914 569 163 593 549 304 133 532 966 779 147 711 227 418 309 235 996 381 523 876 240 96 787 791 894 460 454 835 456 657 58 632 303 31 845 737 433 578 559 497 103 868 725 870 569 483 265 338 676 710 561 434 568 316 348 478 706 118 759 513 441 723 561 498 32 160 7 789 985 105 327 884 533 456 986 404 850 930 949 294 848 838 41 204 813 369 268 500 729 987 319 244 521 311 24 529 424 466 469 383 12 199 676 334 390 172 224 378 128 187 293 877 462 240 26 975 674 230 120 875 393 273 431 52 495 966 567 19 228 323 431 273 752 103 923 571 919 508 609 571 984 239 697 131 834 2 726 773 841 750 351 143 629 451 47 661 751 407 925 405 55 220 869 328 737 400 917 58 463 159 798 7 756 550 81 204 237 428 175 800 117 630 400 953 820 269 568 304 637 721 913 145 259 216 274 173 756 979 407 72 722 243 946 197 705 789 640 851 603 936 412 451 319 217 58 163 804 124 686 570 391 518 30 219 509 574 314 713 706 933 207 835 746 560 95 755 267 696 908 995 858 441 268 912 753 60 285 419 260 480 52 847 744 386 686 132 493 941 961 312 278 557 885 953 892 592 21 937 174 666 576 475 700 440 492 886 95 870 900 422 53 558 290 211 62 191 817 399 563 582 907 359 703 269 117 92 237 45 
440 753 464 548 82 235 599 32 860 121 746 818 749 680 231 947 673 279 981 386 16 716 76 573 150 448 72 329 686 949 253 162 968 923 541 632 56 782 371 412 155 176 174 301 310 753 177 710 273 343 829 692 375 65 123 390 112 333 587 359 170 982 689 125 138 196 115 337 413 685 811 626 879 602 377 695 89 647 567 847 407 159 608 635 45 558 767 536 616 22 788 632 742 25 888 975 931 865 936 306 950 11 312 586 47 375 18 117 448 724 988 285 559 571 77 104 308 664 152 979 72 612 847 643 231 424 916 848 240 841 29 865 145 355 131 323 380 914 10 701 960 570 686 660 734 11 256 801 985 907 779 551 357 519 743 721 301 907 589 968 378 324 974 637 294 173 700 870 85 316 288 902 710 56 467 962 788 585 374 749 931 695 215 168 620 321 643 430 265 567 160 298 239 856 109 227 760 341 54 69 588 643 929 22 510 71 100 222 178 149 679 560 414 57 460 87 30 631 961 525 523 628 145 621 857 929 42 362 522 280 394 27 928 170 436 557 528 872 571 633 78 97 951 532 918 269 826 823 263 911 284 609 531 889 311 235 916 574 226 290 633 713 242 96 592 314 954 760 537 988 86 5 876 197 32 161 706 568 678 252 709 847 191 683 17 95 61 958 392 435 803 113 831 971 543 868 827 377 988 384 654 908 904 160 988 604 543 440 182 698 97 275 913 838 536 812 145 674 674 589 971 846 696 387 872 945 126 206 379 237 47 305 977 38 742 630 749 45 771 230 128 411 885 294 193 454 750 688 501 946 616 504 482 953 512 291 11 640 950 756 231 228 176 144 720 563 59 933 652 201 446 112 901 38 420 95 78 514 485 632 533 848 279 30 102 191 407 587 986 529 437 274 258 779 378 930 395 856 744 336 756 441 4 345 132 870 424 960 515 653 23 654 833 823 589 612 219 497 659 367 328 99 897 981 333 33 452 612 588 0 850 207 114 428 679 13 459 146 914 593 326 353 817 359 555 546 906 893 259 30 755 259 8 52 975 31 160 682 304 119 560 196 722 471 701 257 501 365 514 148 743 766 824 188 638 813 90 908 683 273 786 629 500 265 898 548 809 573 539 823 140 66 732 566 608 959 471 59 298 188 
623 351 581 287 956 70 582 99 257 217 566 418 402 698 566 341 789 578 578 34 49 303 318 634 637 849 472 271 492 1 477 444 94 963 391 797 924 632 527 250 211 123 774 85 870 825 868 701 383 124 85 371 393 120 379 969 101 309 641 181 13 527 189 665 861 523 995 539 569 16 321 272 46 898 322 426 171 911 736 236 208 260 636 589 666 519 184 739 913 187 848 659 337 671 135 293 760 713 391 690 448 756 921 346 436 840 255 965 775 289 990 602 314 957 25 574 650 881 318 26 795 122 424 977 663 810 9 775 755 884 132 295 91 757 631 956 580 292 885 813 856 529 866 254 755 660 657 916 493 872 742 995 443 845 432 364 927 678 112 993 459 74 359 595 736 312 576 583 789 79 707 195 545 212 361 115 661 524 945 896 641 188 462 608 10 70 531 691 550 711 714 685 215 868 390 380 309 418 875 34 94 601 931 41 524 627 249 401 746 43 882 891 734 88 206 623 261 488 149 777 654 447 782 771 264 814 791 551 228 98 374 861 151 537 262 236 763 230 394 303 344 20 404 986 184 59 893 916 236 837 386 916 581 548 925 155 342 795 949 97 541 299 438 30 928 27 362 812 810 151 176 526 822 470 769 722 391 839 26 350 665 986 850 889 794 616 520 696 116 536 578 886 89 141 69 851 14 352 598 949 588 287 313 714 338 865 934 684 665 261 308 804 570 3 136 252 93 569 749 416 186 378 922 496 551 524 297 431 945 698 886 760 51 970 157 394 753 795 500 214 216 795 708 573 625 456 439 190 230 950 314 204 527 260 10 376 659 518 741 565 387 829 962 439 746 395 978 184 125 785 695 704 699 19 59 361 847 185 334 93 974 981 787 345 545 34 540 471 222 629 602 926 642 147 265 105 659 558 55 195 819 277 130 345 802 253 423 462 684 48 109 492 958 693 83 478 793 277 93 673 903 530 388 846 908 494 595 306 647 577 982 533 698 509 997 508 846 941 305 917 290 208 452 158 20 298 63 397 465 920 19 914 969 726 914 832 0 692 66 961 122 400 95 904 838 257 812 646 470 965 508 288 364 145 14 37 22 386 613 863 773 829 288 935 580 387 210 306 783 934 789 677 469 590 906 409 963 463 281 426 
55 946 150 125 47 361 1 159 537 528 599 115 212 770 379 41 426 266 953 294 248 170 476 37 10 784 387 956 963 896 573 820 477 117 826 529 224 935 114 852 233 801 204 401 233 551 855 181 713 351 239 44 619 79 99 458 178 295 11 713 262 147 537 914 402 628 479 700 749 580 231 878 540 67 456 375 432 47 560 341 701 407 119 453 530 641 759 973 876 681 552 241 470 528 126 914 625 129 269 989 264 274 758 240 406 768 574 245 800 94 128 96 280 465 584 188 948 370 958 469 143 238 634 705 830 707 70 538 337 590 43 99 475 72 861 876 64 300 985 885 727 526 177 169 120 83 550 878 745 129 144 233 393 414 413 853 902 947 467 522 86 203 27 969 673 678 664 960 596 978 814 912 90 128 836 278 745 137 619 28 582 386 193 552 182 246 219 864 956 395 739 94 486 648 18 825 17 851 262 51 774 952 688 324 331 451 253 935 864 233 32 908 840 423 84 912 747 981 27 436 230 216 976 487 874 106 679 1000 10 584 485 314 50 888 290 301 80 919 870 25 653 70 673 940 906 241 20 458 752 147 419 375 12 175 614 970 752 481 326 803 930 577 366 399 859 103 239 586 372 661 776 100 579 957 152 309 535 660 834 468 278 881 728 789 518 456 711 188 379 15 420 593 452 13 548 217 847 712 577 771 989 295 123 797 136 411 280 716 45 777 18 652 935 569 170 24 486 48 499 306 441 229 376 75 580 734 654 17 280 423 710 907 749 923 725 785 853 75 761 831 101 420 465 507 505 999 323 442 839 890 795 437 296 457 863 715 395 739 807 297 824 715 113 198 21 225 878 543 413 566 755 236 978 193 698 890 709 586 64 814 413 985 332 568 250 147 339 481 735 990 958 880 743 934 790 575 427 88 113 589 508 408 624 701 49 595 30 604 709 530 367 300 116 190 239 562 437 916 71 84 579 702 245 232 293 692 407 994 854 53 462 143 173 406 834 482 369 901 71 371 175 785 597 296 135 717 219 590 266 17 869 35 568 204 648 888 410 653 839 0 65 785 636 560 128 24 420 387 109 656 609 121 92 27 369 690 517 373 483 19 489 364 432 743 223 615 692 941 323 416 500 509 889 491 926 257 189 839 778 73 
6 492 1000 852 570 964 70 616 337 581 499 750 42 392 227 743 612 611 932 491 866 631 771 638 670 940 120 497 588 650 164 641 829 605 389 931 327 564 865 375 892 454 625 622 24 825 365 891 9 898 171 587 415 192 59 323 824 697 670 136 610 904 85 437 351 973 506 585 775 281 987 432 510 75 0 34 731 825 974 225 337 171 868 299 870 620 215 61 828 888 359 429 292 811 272 807 570 394 544 125 61 916 872 955 82 754 423 708 334 19 930 765 315 890 972 463 656 81 281 955 102 116 513 276 916 2 268 946 464 216 556 759 348 714 245 544 52 365 231 726 965 447 982 283 794 874 146 505 632 599 314 998 581 263 640 727 151 162 0 618 124 396 472 178 939 26 363 449 580 145 826 326 876 667 509 259 897 660 288 661 664 875 30 198 211 402 286 246 431 876 792 718 682 268 627 97 8 950 81 411 756 607 326 777 310 698 309 196 278 474 705 605 698 41 334 62 861 92 488 253 864 697 322 328 865 840 825 251 419 49 990 874 173 583 323 832 199 1 520 514 660 38 277 811 853 257 369 942 849 663 913 756 743 856 486 877 602 449 693 513 619 6 735 335 192 717 702 467 549 5 325 87 605 858 153 303 141 483 558 728 998 415 337 756 582 838 851 436 51 47 535 475 869 802 306 677 345 870 391 79 795 647 3 725 642 589 615 434 876 772 906 423 697 908 953 859 468 453 829 536 841 754 344 502 993 93 886 555 79 758 903 167 346 186 782 569 569 688 943 66 137 47 51 733 947 288 933 430 525 201 396 224 705 129 660 386 56 394 329 437 512 315 304 444 821 521 890 428 217 422 822 535 344 881 711 976 924 999 6 983 356 966 731 146 517 887 890 333 31 8 23 813 468 784 407 646 219 999 971 190 476 182 731 600 328 25 194 676 931 410 720 475 291 347 195 437 961 817 205 254 976 583 438 448 506 866 757 453 977 166 613 691 989 148 873 487 310 657 946 635 500 327 440 755 169 192 183 955 919 521 57 530 261 447 245 358 130 664 436 415 527 847 627 737 785 226 566 236 405 920 503 570 373 354 240 684 0 814 581 873 391 739 348 38 964 157 154 48 90 734 182 515 96 521 352 790 143 834 389 669 
961 337 576 627 85 595 131 750 662 391 118 721 983 718 229 589 833 56 588 750 749 916 973 194 776 876 293 361 595 485 271 855 298 528 536 720 753 704 503 371 624 166 113 609 772 533 818 194 240 646 118 160 241 240 618 597 431 243 117 36 704 48 820 213 735 639 138 583 233 348 432 600 259 357 706 200 162 927 365 573 678 683 632 820 357 103 301 341 410 326 495 179 922 939 540 643 216 759 521 932 936 425 885 801 639 941 825 815 937 129 82 491 39 922 313 27 176 121 191 411 413 195 700 527 893 963 514 816 11 331 828 473 904 69 80 406 581 731 967 393 984 910 183 661 834 265 887 617 37 398 445 87 724 889 894 961 741 587 728 372 643 368 198 928 940 597 832 801 956 465 165 448 524 637 310 364 908 732 351 618 277 57 741 281 160 98 606 882 149 534 664 370 536 340 431 267 752 446 168 343 73 210 709 155 927 636 683 601 921 753 77 472 817 593 760 612 728 19 86 335 333 90 546 708 800 521 835 653 316 138 483 189 93 16 741 288 257 497 137 293 393 315 879 268 175 165 700 124 543 809 130 600 827 160 567 303 295 379 656 809 486 297 505 655 497 739 556 913 457 810 58 798 522 679 101 549 140 167 13 825 278 474 988 12 342 244 820 109 406 996 413 953 567 142 893 759 376 140 942 690 776 571 975 477 548 808 454 975 913 489 135 583 365 724 724 14 432 65 394 504 814 492 731 489 73 794 389 533 837 527 635 531 561 376 85 659 227 529 743 239 501 276 687 852 534 813 402 139 290 481 869 302 467 547 39 481 702 743 387 837 552 85 981 178 128 753 921 32 494 769 385 963 437 717 468 814 674 495 24 701 74 434 392 215 206 58 23 412 769 650 765 978 967 532 557 359 161 957 310 17 76 59 725 152 564 979 511 679 170 159 617 358 14 279 42 689 380 649 175 300 109 663 823 749 341 869 895 418 228 408 44 14 765 350 274 430 481 292 532 521 75 471 573 329 44 726 660 230 903 813 438 783 325 58 861 276 591 227 479 555 414 468 38 686 772 104 754 721 699 150 833 161 914 721 576 555 523 289 379 353 200 595 185 676 181 254 720 883 924 772 95 262 349 931 574 506 59 47 606 261 
413 47 50 202 811 398 414 469 216 703 967 52 206 187 536 206 435 985 71 802 736 801 360 815 365 344 890 32 747 413 290 47 84 376 906 145 365 112 213 289 205 766 293 379 359 644 280 104 806 579 455 817 989 450 905 597 405 933 508 728 511 760 231 958 809 76 166 415 162 133 695 941 789 498 515 308 635 121 24 312 425 303 39 828 16 968 389 17 278 125 945 249 992 345 780 178 96 167 182 608 624 500 402 722 62 976 911 668 35 426 783 568 889 773 76 843 468 69 124 609 309 802 241 211 498 201 476 580 397 300 721 230 403 189 54 162 381 997 984 396 335 435 100 784 744 991 134 875 435 443 183 443 898 629 996 923 29 90 164 648 848 607 144 295 552 18 18 218 76 174 797 414 32 488 615 703 651 698 710 400 543 254 10 93 702 881 790 584 808 859 495 418 321 895 164 894 241 709 665 180 523 159 642 546 563 377 331 549 69 955 975 930 762 589 175 451 377 732 638 564 459 92 995 759 917 907 60 381 818 860 481 425 557 791 985 897 551 824 919 579 797 289 448 154 399 607 683 435 787 867 98 570 165 259 844 219 825 590 260 897 295 44 575 944 156 464 579 548 123 472 705 731 915 989 223 115 145 291 237 65 530 431 636 946 808 529 876 551 610 677 8 94 708 46 832 869 230 953 675 472 306 763 372 298 142 157 636 230 597 785 302 843 706 904 484 698 39 758 836 274 629 421 219 299 437 579 828 823 513 608 204 203 257 810 273 162 87 308 20 133 668 518 37 990 720 701 811 677 367 449 732 517 158 838 95 992 820 951 336 462 432 497 865 112 850 392 353 3 974 31 609 587 956 681 166 387 609 437 67 850 902 958 804 993 262 387 789 455 107 132 930 853 833 708 315 283 186 406 979 904 945 355 817 779 956 859 190 872 828 567 223 205 908 696 61 985 525 577 525 489 730 718 145 793 529 833 294 581 705 523 475 838 180 18 791 179 676 214 597 624 527 217 30 305 417 292 665 375 812 642 332 386 937 582 672 175 144 97 286 519 242 136 911 153 734 881 513 733 785 525 484 257 687 214 281 83 670 428 419 479 932 146 36 896 464 118 62 904 483 360 190 189 903 647 661 457 414 822 1 851 
164 949 500 968 967 212 365 554 348 471 886 217 372 976 240 863 927 454 599 54 86 659 227 209 366 292 14 204 84 493 250 322 125 544 745 850 364 995 700 58 112 30 464 983 627 182 934 7 761 978 888 79 752 866 59 793 264 818 573 338 746 823 635 92 762 693 740 753 731 351 508 816 338 412 803 426 662 67 275 617 152 817 668 994 270 250 432 773 996 490 494 202 224 104 371 850 313 161 861 232 597 311 915 354 346 43 859 462 945 48 141 224 998 812 669 769 178 316 91 51 998 463 158 9 787 582 354 235 740 367 435 575 875 271 867 674 248 371 296 23 827 650 775 366 773 488 190 150 968 656 893 827 924 154 909 695 16 440 122 786 323 874 970 850 121 853 148 933 902 789 272 87 358 566 526 827 117 276 949 780 705 327 86 390 772 58 450 524 17 647 560 256 563 212 667 405 553 186 639 76 538 594 137 131 474 463 155 152 400 390 395 560 873 301 502 144 820 416 206 114 937 313 472 138 830 875 545 539 100 424 833 554 254 121 233 457 24 980 190 840 482 846 758 530 886 573 784 420 525 503 258 568 681 855 23 929 645 599 299 628 184 53 948 983 630 203 705 41 560 36 466 829 534 882 828 517 548 468 38 529 219 339 748 618 850 747 572 484 115 807 564 178 123 165 179 4 492 243 568 21 564 402 602 384 695 599 718 453 533 500 509 389 4 170 91 338 23 366 169 866 428 934 33 347 355 310 372 448 586 466 303 227 165 516 179 524 117 317 78 893 723 784 224 844 536 970 12 309 731 751 946 249 565 647 546 83 352 871 195 104 234 255 353 145 549 790 459 701 802 528 920 708 549 535 586 87 874 124 805 534 1 623 928 701 802 856 801 804 927 671 858 671 73 455 778 921 427 443 69 222 463 940 10 684 909 531 900 675 218 804 914 391 382 318 83 843 487 867 209 196 390 833 738 813 760 77 220 707 580 856 316 361 409 502 4 331 32 763 621 271 271 710 859 475 760 512 399 406 344 56 382 323 333 963 550 512 494 840 979 727 323 521 666 209 896 233 515 1000 585 41 760 661 69 49 401 191 176 987 155 634 851 432 882 139 347 655 545 523 81 343 294 458 623 295 688 190 397 115 634 14 
314 583 661 544 898 385 112 108 337 782 52 483 520 806 635 451 284 349 420 549 751 769 25 591 361 894 21 522 202 607 49 155 359 734 748 821 217 837 745 489 935 339 946 595 157 759 481 550 884 676 606 494 960 373 897 959 483 623 636 559 811 557 157 775 569 767 154 170 736 409 78 461 919 16 986 632 515 926 832 66 357 516 228 1 474 86 512 519 586 147 832 157 531 88 812 612 136 923 471 412 477 677 966 479 515 91 79 84 173 955 446 827 268 972 237 19 889 861 289 296 930 574 487 496 200 778 808 600 352 607 72 343 819 244 315 286 382 363 558 441 495 961 396 19 707 116 572 698 278 225 662 450 982 492 790 982 16 904 448 663 711 965 279 234 538 546 269 360 854 194 594 727 875 997 450 866 303 173 381 308 592 243 719 76 320 241 367 901 814 303 963 345 388 173 833 358 987 679 152 544 476 608 553 613 505 225 61 410 109 519 500 661 472 666 678 240 657 671 640 553 668 155 543 208 325 39 323 316 441 727 564 682 16 992 886 471 226 631 676 847 820 78 861 573 471 993 657 548 583 138 587 678 20 757 700 682 133 696 501 758 329 746 22 20 955 268 391 896 891 384 510 645 358 765 160 437 678 522 117 374 543 369 450 954 2 330 50 455 948 538 921 474 37 54 314 164 653 894 294 981 735 251 689 263 519 761 916 53 192 224 696 940 385 868 918 999 770 275 951 984 487 507 437 482 824 57 880 428 751 700 706 251 258 8 121 427 729 617 102 863 98 15 210 599 387 96 779 783 360 417 546 418 989 555 270 888 566 612 306 808 276 272 817 607 750 571 606 334 917 107 824 220 689 490 174 739 903 539 31 831 553 215 277 383 667 262 384 578 174 325 745 216 523 809 349 118 363 372 247 250 945 332 595 208 430 486 68 216 627 109 312 957 698 299 841 291 565 394 194 307 666 1 988 830 318 164 771 574 129 599 323 619 852 412 995 159 391 728 847 330 62 820 552 838 177 696 114 934 487 324 143 414 598 420 130 550 821 427 880 857 327 228 618 828 953 84 587 45 34 76 753 396 515 54 11 379 806 563 123 382 805 563 497 302 752 137 349 763 590 292 666 826 868 717 887 725 727 116 690 668 
63366 61805 63292 58308 66184 60936 61772 66011 61237 60255 64719 63171 64460 60402 65824 63328 63561 62650 62896 62572 61457 60276 61321 63505 59753 64157 61662 62411 61216 62795 
