500 30 30
412 694 458 675 498 302 576 371 418 475 595 654 727 378 576 592 386 253 200 664 580 560 335 700 504 622 588 682 649 284 501 373 680 433 294 248 388 389 431 788 473 296 317 582 390 578 276 473 554 428 510 388 362 729 312 240 792 654 509 405 545 288 599 404 448 664 556 291 627 661 561 721 596 558 416 455 336 435 714 514 687 704 299 636 555 357 588 434 189 466 720 501 554 508 459 361 531 538 391 180 347 483 482 829 568 345 259 669 465 270 405 504 571 249 508 483 495 863 280 255 428 807 542 679 392 557 397 457 260 250 401 667 338 689 793 414 419 292 270 406 492 379 440 734 732 715 718 639 316 675 805 729 454 387 675 467 533 526 268 278 289 460 418 342 422 676 365 547 531 505 416 538 586 349 472 428 531 364 629 578 186 721 643 798 678 660 378 687 380 188 700 409 260 545 590 629 692 663 625 573 376 384 258 433 456 334 456 609 439 469 294 513 305 834 454 711 553 754 566 630 296 344 744 693 278 228 515 451 671 397 334 620 766 255 545 434 548 379 524 425 196 630 432 464 748 587 337 450 352 460 576 409 313 335 491 566 634 622 394 269 599 561 214 667 524 588 501 539 737 678 193 394 500 192 778 755 462 496 555 647 450 440 711 544 615 701 624 780 651 182 685 559 650 700 444 492 712 800 537 331 323 142 568 639 766 371 540 452 701 576 686 300 341 349 432 566 752 321 481 564 595 447 756 693 380 787 540 731 339 605 560 264 479 673 541 713 116 475 297 884 599 554 444 239 488 332 832 673 303 516 347 830 688 158 729 281 677 593 561 209 336 338 273 326 254 565 206 388 520 352 548 173 313 316 448 614 688 680 469 474 418 409 240 227 504 560 741 350 634 364 611 681 488 436 159 730 416 375 590 626 462 241 421 542 445 582 779 617 387 252 339 430 186 594 455 308 418 807 356 416 258 607 491 163 495 680 514 548 712 637 571 219 426 786 569 690 502 422 678 180 557 183 444 466 403 293 193 438 500 375 412 720 783 646 303 410 699 488 552 527 313 573 625 345 294 704 281 526 505 474 270 390 534 878 344 351 210 687 681 424 136 615 570 226 552 352 439 745 677 721 527 720 501 420 605 479 654 372 436 755 
994 196 540 595 851 329 430 157 828 516 148 219 136 772 399 47 463 387 694 827 956 887 957 659 491 387 931 596 174 404 740 933 500 92 700 287 661 585 574 869 569 243 238 491 169 503 77 192 644 974 470 236 10 765 939 832 846 563 737 264 414 740 27 306 346 232 578 451 646 787 703 933 783 242 198 890 631 827 347 727 952 505 449 122 795 73 566 794 30 408 784 792 887 185 678 953 763 80 742 224 628 407 723 949 414 484 874 816 648 390 912 724 620 491 174 724 709 444 759 287 603 859 512 835 375 466 332 938 55 499 106 718 353 238 800 645 247 334 531 181 734 163 45 543 950 917 998 28 378 293 398 720 37 252 240 256 424 23 126 452 526 57 764 485 323 855 62 37 832 634 313 33 392 359 514 672 856 398 456 224 345 125 699 557 804 857 937 896 961 385 692 281 392 955 925 125 660 619 207 573 99 88 475 772 279 52 815 727 785 487 197 482 378 154 533 390 753 116 682 572 139 328 926 568 870 328 677 142 243 441 657 989 279 335 458 398 505 258 243 611 257 135 517 176 933 455 877 403 730 333 437 842 564 946 219 816 782 713 755 552 105 482 101 381 677 647 278 495 176 384 823 894 632 462 56 963 386 114 899 604 729 51 344 243 998 889 763 587 258 277 8 346 732 757 490 741 899 537 598 783 242 782 75 199 807 989 637 172 106 3 798 432 509 679 355 984 192 53 944 104 265 429 931 726 70 530 505 117 627 76 499 29 722 429 86 45 53 940 661 409 844 11 807 81 439 24 608 87 586 885 944 878 308 440 902 403 518 82 394 684 148 345 173 211 477 12 137 241 642 401 480 187 880 881 349 406 421 598 117 481 772 386 980 854 729 750 407 296 396 781 828 676 518 519 155 743 364 308 308 260 990 934 21 66 342 69 418 86 201 82 243 606 103 107 459 497 946 200 350 535 712 778 817 988 633 478 934 555 928 876 638 396 513 195 629 46 118 888 500 699 593 787 297 878 81 848 359 397 214 334 517 990 467 473 95 339 997 271 574 781 399 61 504 306 3 543 992 871 785 130 812 107 720 426 632 921 900 730 614 43 557 327 802 510 43 586 894 43 883 810 787 71 467 222 706 238 789 507 981 724 
606 674 369 72 307 950 320 335 975 656 960 211 607 291 981 920 818 391 943 770 634 245 468 511 507 807 843 33 270 14 813 71 532 648 916 176 83 639 9 231 179 547 94 805 837 970 480 786 87 405 538 553 202 59 554 166 352 513 780 425 454 160 352 47 206 269 229 900 921 246 530 395 534 410 48 89 485 814 601 349 370 470 167 16 843 969 700 844 520 819 645 439 885 210 110 68 489 232 811 13 227 155 524 890 522 733 510 919 633 668 297 897 108 209 117 376 117 562 371 330 453 294 758 994 180 827 174 989 934 90 432 177 251 917 582 219 613 93 503 511 968 14 863 390 427 31 173 207 425 355 983 614 582 985 542 372 257 612 585 644 14 106 657 649 9 20 410 400 665 82 780 673 178 35 13 532 681 128 615 446 470 38 296 201 491 29 614 908 414 332 494 375 424 632 481 277 891 353 589 119 758 75 589 805 328 84 336 771 141 242 218 389 795 699 181 34 756 809 621 66 714 620 398 968 548 573 998 37 594 971 818 346 658 768 978 434 552 377 539 763 535 671 328 156 483 361 695 803 106 798 941 669 61 579 977 181 690 848 265 729 887 563 207 487 358 338 954 682 756 600 740 140 48 191 478 227 755 680 6 171 723 715 516 903 431 945 255 287 147 394 66 512 841 288 749 463 3 816 325 492 987 76 404 510 782 433 7 209 300 481 393 10 17 64 482 239 873 623 439 998 365 235 984 140 368 938 780 634 192 482 861 703 525 290 643 224 67 46 209 768 719 291 553 472 547 670 776 348 738 452 546 771 250 641 636 492 684 938 52 104 749 169 128 981 794 900 216 76 150 693 717 695 379 271 294 844 865 372 830 655 218 905 544 36 929 206 62 272 614 951 964 722 650 493 191 580 523 730 996 137 735 126 586 373 488 748 303 232 908 331 572 17 809 389 744 434 450 538 637 543 980 738 28 6 632 853 841 653 742 3 271 150 982 578 441 84 94 450 917 178 370 954 962 344 847 481 339 117 550 796 466 731 984 762 870 524 278 969 440 408 557 111 904 141 740 600 634 626 246 42 352 436 101 970 455 909 972 388 705 445 187 924 149 618 897 120 528 518 467 810 306 182 143 151 712 804 7 297 13 465 
902 356 704 268 172 890 3 344 129 254 25 217 475 651 317 45 527 611 155 739 465 663 23 133 517 546 319 348 81 556 225 655 792 622 180 147 575 242 592 874 637 160 668 51 517 257 99 517 291 668 550 611 992 65 440 318 229 729 300 189 337 513 647 845 947 475 405 521 758 107 932 81 584 818 882 698 337 804 119 592 371 890 394 374 222 407 437 81 673 995 576 488 447 161 687 276 775 248 114 47 858 116 768 910 898 339 26 422 415 143 33 191 97 813 247 403 21 562 854 198 79 40 947 379 700 204 944 778 452 912 693 427 234 686 339 360 580 307 342 230 152 903 992 594 28 606 549 124 707 721 562 965 217 265 861 207 374 968 123 848 763 600 635 734 397 16 150 865 932 171 483 572 170 38 413 442 636 372 851 863 522 324 466 341 927 470 645 60 671 264 120 270 27 618 855 624 854 91 969 608 100 546 452 174 783 748 439 197 162 384 658 998 698 668 430 112 655 86 276 234 14 681 94 956 172 206 607 889 490 446 292 973 531 752 431 670 990 784 16 220 148 313 514 343 849 528 118 421 619 17 73 769 747 670 238 642 662 467 564 369 722 402 414 631 281 974 413 738 248 218 581 926 516 232 682 460 585 769 921 236 641 800 6 680 670 620 240 960 801 977 510 343 583 294 360 616 174 332 574 731 699 371 305 93 185 916 235 347 432 734 263 420 619 370 225 961 40 549 284 134 198 945 340 301 96 546 186 87 875 113 737 281 945 114 154 624 219 542 429 749 144 856 298 895 984 599 922 811 264 953 585 443 67 210 903 778 973 831 907 27 887 773 71 925 504 872 825 247 450 917 863 690 624 350 208 243 9 760 242 941 510 647 855 65 394 853 855 445 846 372 340 782 250 169 624 477 354 84 278 49 318 785 90 330 769 680 442 569 804 61 209 505 330 231 304 535 770 817 36 24 571 946 333 54 380 324 859 730 695 511 504 480 800 595 702 109 393 399 407 642 19 109 423 630 268 90 402 444 91 214 629 673 693 576 157 140 925 431 121 452 645 160 456 346 943 890 474 211 2 843 849 820 909 912 435 955 20 159 886 514 326 325 2 298 211 143 421 696 445 849 98 851 245 359 654 513 635 919 832 492 
323 594 702 56 498 183 143 97 275 391 524 591 281 366 333 241 277 238 461 203 269 338 661 646 528 989 578 507 604 97 309 320 236 327 702 126 186 497 88 345 640 57 275 812 302 415 516 895 803 309 876 803 796 595 259 535 213 409 971 146 347 704 556 39 613 959 778 702 677 367 929 497 411 677 668 978 572 27 256 557 85 53 763 161 266 948 524 653 940 604 610 908 198 261 867 200 478 732 962 48 444 240 736 866 340 92 727 943 347 615 440 33 411 717 714 373 991 659 199 415 38 501 998 330 335 152 955 101 848 670 478 252 870 965 926 436 636 158 203 692 956 534 70 340 990 102 121 55 52 163 910 447 593 653 440 308 237 928 876 13 658 812 45 298 571 253 330 167 425 818 649 569 29 69 256 774 717 255 871 254 439 57 926 812 311 859 432 98 456 309 565 415 764 750 720 226 307 824 893 299 293 496 577 742 272 142 526 767 712 81 813 308 146 807 866 853 655 935 806 316 616 184 375 301 14 397 983 204 606 495 207 744 279 937 66 739 996 841 522 567 15 195 362 448 236 117 528 355 473 786 585 170 414 376 769 333 176 145 346 991 837 17 976 158 879 668 389 448 281 421 297 326 891 69 432 730 381 554 57 847 605 332 594 460 848 342 325 224 475 240 120 477 439 543 319 941 741 769 386 349 815 74 254 475 754 656 893 569 557 623 245 63 579 44 616 346 760 937 801 358 53 645 809 837 924 160 469 701 738 569 856 282 591 625 439 656 246 764 185 975 45 458 299 252 844 642 773 348 829 489 533 96 48 941 487 678 876 357 770 789 429 716 632 679 903 833 782 716 230 680 246 82 732 902 468 334 839 702 375 578 736 423 43 308 979 426 184 666 415 789 749 999 829 409 42 331 425 91 856 14 186 244 970 620 505 192 487 278 388 514 998 507 71 634 193 307 127 484 965 55 806 512 511 633 413 632 446 392 828 494 584 352 355 385 53 371 167 971 670 722 307 987 252 433 660 651 264 917 922 514 157 462 543 287 576 205 34 850 699 837 393 538 68 41 663 974 225 552 515 812 207 51 100 979 239 778 702 937 879 170 254 236 586 400 268 737 343 969 77 918 386 769 470 120 989 600 960 275 172 667 
190 693 707 856 960 970 95 328 469 589 79 74 698 851 570 899 388 191 861 391 79 637 890 885 485 72 978 758 317 33 78 349 673 758 889 475 998 687 150 689 769 638 16 845 54 414 461 424 152 608 522 677 495 894 325 474 396 624 244 988 958 776 465 820 747 550 586 755 85 410 298 598 250 517 258 210 42 462 108 727 414 885 365 476 541 129 833 950 541 179 411 272 868 351 275 433 500 317 46 448 480 668 932 616 633 593 948 107 838 386 623 224 32 85 79 484 817 263 822 786 792 534 447 499 181 622 253 596 396 172 396 585 892 612 707 429 709 402 415 215 539 290 614 851 468 905 232 302 915 72 894 118 91 196 503 605 723 6 638 845 131 162 645 640 26 338 240 550 342 113 330 653 464 367 952 744 28 744 272 272 580 811 983 371 687 762 308 966 773 702 935 307 314 272 145 364 203 800 483 619 932 61 550 287 389 361 774 791 784 634 758 19 547 592 521 863 205 842 773 166 835 463 912 8 552 117 200 180 270 963 580 636 255 287 507 491 242 263 712 311 182 544 899 303 704 8 134 507 268 604 924 301 565 56 833 491 829 250 457 489 227 581 938 889 855 694 817 315 175 849 662 682 439 609 550 931 163 202 548 807 876 223 663 675 843 33 457 732 897 854 677 740 762 189 534 98 653 123 671 317 797 752 783 639 148 598 680 921 724 870 148 858 565 971 774 104 470 35 345 994 116 817 36 515 252 412 536 39 336 349 446 266 866 315 731 277 668 214 905 496 108 261 189 886 480 825 691 307 237 950 17 671 919 660 589 911 831 585 375 848 432 781 630 906 904 971 428 54 199 330 953 624 793 871 584 706 764 392 724 54 320 449 24 281 505 606 273 304 253 133 284 252 541 994 590 726 46 167 56 248 550 217 199 248 645 515 45 958 472 985 529 552 119 756 415 402 217 976 135 438 29 263 223 109 336 732 576 420 957 135 528 269 527 83 900 522 215 793 548 945 663 779 948 984 258 648 38 736 938 97 641 641 287 968 647 98 560 676 713 429 451 428 323 115 548 537 960 876 584 858 332 261 998 422 699 280 514 916 164 580 81 858 365 145 452 23 813 26 28 137 316 169 266 381 883 611 868 587 394 648 
910 109 598 624 678 427 847 342 118 904 170 590 439 154 531 694 562 756 937 527 862 596 503 263 129 811 142 477 279 175 331 684 651 267 881 116 512 10 871 283 758 509 856 15 109 746 709 240 883 512 34 591 22 236 811 313 688 157 836 25 413 648 851 577 414 835 142 407 611 249 364 192 810 875 589 693 490 793 649 479 134 954 81 339 770 337 655 662 47 340 430 160 206 283 610 128 495 870 909 762 391 699 334 667 106 233 467 361 54 159 448 315 955 763 622 948 212 652 868 630 766 599 420 608 667 995 143 343 878 443 438 806 876 541 365 749 399 63 847 811 113 109 617 395 210 170 393 488 986 333 90 744 558 191 30 761 411 397 634 743 539 178 16 289 626 362 992 222 431 166 356 195 51 306 781 577 684 192 697 88 342 931 681 46 894 923 515 301 822 971 685 288 607 716 660 252 274 447 560 78 332 357 112 792 789 583 444 227 847 628 799 772 831 398 808 246 630 155 628 571 124 132 238 450 665 552 418 399 58 718 365 53 221 5 268 172 854 475 990 387 165 63 994 388 78 159 56 106 846 496 385 203 381 1 350 909 521 127 66 26 988 263 46 859 139 261 935 102 310 615 218 607 253 400 611 144 777 733 657 288 78 641 298 725 194 794 261 321 599 736 179 485 679 105 892 184 580 829 27 870 61 338 505 417 952 791 170 840 930 113 954 970 783 303 910 488 2 197 322 86 619 692 61 256 52 900 302 692 498 430 718 123 851 148 178 319 252 709 759 404 376 154 172 302 871 977 261 742 317 765 766 811 686 626 50 715 97 241 94 255 531 104 144 175 961 718 143 794 139 409 193 587 27 416 183 181 712 944 121 21 723 751 936 314 126 882 440 525 880 887 194 256 241 137 11 856 742 351 718 530 283 396 553 271 99 92 738 943 594 35 56 759 108 813 362 690 421 197 96 480 304 767 643 289 412 140 981 896 153 288 567 959 510 797 951 391 649 77 934 668 795 402 899 746 201 775 914 706 274 250 841 963 41 672 896 384 282 734 982 381 925 168 540 257 404 452 690 778 267 900 819 412 212 910 674 63 800 92 344 644 613 578 301 717 907 866 58 391 245 634 976 224 391 336 595 272 699 754 411 90 
923 488 784 439 38 279 740 223 475 692 54 758 519 964 57 848 718 246 809 524 915 29 185 698 960 999 36 132 588 183 714 877 352 242 335 61 80 244 418 792 705 136 90 746 527 281 728 282 131 644 12 585 366 433 25 433 809 301 121 173 952 698 230 981 130 657 157 958 602 325 291 699 202 615 612 582 628 112 960 844 409 290 877 508 589 374 18 422 25 555 680 707 126 579 321 136 906 934 285 626 860 594 745 696 287 562 894 683 504 666 130 415 352 355 25 742 33 466 106 481 160 241 730 254 902 891 144 671 398 440 629 232 262 141 585 967 886 504 390 441 523 862 110 1 832 868 963 247 600 808 34 786 678 238 94 613 993 713 822 507 400 943 518 458 441 371 958 448 929 905 133 992 275 476 571 203 561 568 537 655 116 582 41 641 811 826 317 490 565 982 505 154 7 612 392 191 180 710 734 739 719 166 338 681 506 533 146 213 20 356 12 342 628 220 401 406 632 990 519 635 244 577 378 21 155 318 570 294 255 366 283 32 328 87 335 362 182 608 267 351 832 770 300 428 104 706 111 336 516 113 700 474 573 2 584 340 84 798 21 609 594 633 2 110 205 99 561 331 961 62 93 761 389 50 656 241 736 346 670 281 911 979 43 173 320 10 69 399 875 259 56 486 885 522 22 119 332 338 875 862 954 38 817 715 691 67 753 853 869 689 372 144 641 773 77 646 173 137 503 686 911 774 941 182 201 894 269 26 767 341 243 970 962 1 359 309 506 861 607 776 837 609 10 492 994 151 441 11 44 469 822 208 648 350 746 2 69 864 400 694 405 579 50 415 471 894 439 767 210 409 649 34 898 225 104 719 939 632 961 365 766 881 227 103 382 396 727 688 472 861 334 581 446 388 256 629 659 285 736 137 252 854 960 858 763 746 205 39 442 904 803 548 626 26 950 98 177 255 254 961 853 335 720 197 395 577 236 323 157 687 963 362 151 437 196 994 64 396 362 102 545 592 783 840 368 650 415 817 473 671 573 285 337 518 542 952 362 818 15 651 821 235 95 676 731 405 428 89 658 413 423 306 663 719 367 33 888 441 381 939 15 325 581 332 741 193 208 612 533 486 961 507 659 778 605 205 120 102 377 606 
855 127 427 716 213 710 129 895 74 710 802 738 618 760 285 518 570 696 925 2 91 589 625 533 136 787 229 671 55 809 875 914 121 882 447 989 985 460 757 402 503 785 427 380 402 225 110 467 551 380 398 842 132 72 136 807 938 679 967 152 342 742 633 662 143 37 355 139 309 193 125 274 670 243 507 91 327 135 824 547 332 916 362 909 520 278 38 922 907 493 546 554 327 747 13 400 297 272 982 239 584 606 215 671 294 516 16 989 889 538 611 101 249 457 283 641 191 720 986 143 338 750 495 675 193 611 253 265 415 52 426 25 818 795 124 33 786 282 267 19 961 187 998 683 863 10 887 535 922 845 821 780 519 289 70 604 428 747 705 762 250 857 44 521 555 790 595 239 239 240 227 485 950 466 930 588 652 832 166 679 792 966 959 818 355 734 558 861 129 46 138 441 777 485 463 415 411 490 21 147 438 939 201 283 336 926 998 87 322 962 610 288 953 866 464 985 508 494 208 487 926 721 664 295 427 523 801 451 307 492 138 123 624 181 221 902 903 55 371 662 496 528 737 708 397 961 47 753 332 528 836 184 293 998 579 60 250 568 443 500 538 798 865 209 492 782 583 724 43 742 633 535 254 139 563 802 420 836 533 802 330 45 985 481 5 965 754 448 358 542 804 260 168 344 468 723 658 413 78 190 453 274 16 908 596 490 834 866 623 474 393 20 230 108 696 265 142 109 478 146 941 613 262 322 101 929 89 427 962 458 763 635 131 876 863 955 283 526 860 251 445 796 981 575 985 262 41 250 928 622 151 820 489 36 223 333 313 57 56 823 165 158 957 685 919 171 399 829 690 510 914 671 166 889 759 538 929 602 355 275 820 329 356 341 337 83 359 303 853 401 506 392 481 1000 246 859 728 719 728 658 953 491 531 964 602 242 143 799 392 544 936 308 880 989 254 93 117 43 840 366 71 33 527 590 584 257 940 37 7 713 369 11 592 764 280 796 641 742 822 149 389 521 877 605 782 763 421 899 309 523 96 252 161 423 783 81 65 288 151 922 346 280 955 270 887 481 225 421 11 981 972 355 856 749 541 85 429 746 776 97 921 684 591 511 618 982 353 273 740 702 953 580 571 949 462 956 270 275 158 225 
745 184 577 235 953 226 246 726 637 898 656 693 346 165 983 592 11 515 966 550 346 122 216 201 880 415 586 101 630 633 670 182 714 742 804 507 529 275 881 862 223 652 45 513 967 231 494 232 514 536 926 272 73 796 309 267 779 79 62 480 310 988 850 861 326 216 935 636 886 229 62 191 377 304 271 515 319 89 845 597 73 653 489 543 571 917 327 688 612 668 811 79 342 164 281 190 365 101 359 831 714 210 900 535 829 620 309 172 933 803 251 912 703 177 718 139 407 532 167 898 489 919 632 857 678 695 581 225 384 758 655 274 996 122 772 7 378 235 16 701 486 222 425 225 796 588 397 883 373 938 221 759 668 895 206 982 263 439 324 310 5 250 205 358 332 956 85 152 664 714 127 524 115 210 879 248 512 535 352 505 949 982 376 424 635 668 93 901 959 804 886 453 230 810 114 451 779 952 209 264 864 28 795 42 181 413 84 517 83 529 125 780 536 833 786 173 560 871 965 736 320 445 909 718 290 301 61 433 383 367 846 608 760 78 516 399 195 34 546 392 350 323 69 155 756 906 96 646 306 375 677 349 121 106 759 65 329 291 375 624 346 544 124 200 674 170 434 179 661 590 798 128 688 532 951 824 923 401 989 307 186 453 662 118 290 548 68 278 260 213 496 320 323 612 973 184 301 8 804 478 3 83 571 575 545 941 957 489 268 839 639 516 206 776 768 89 979 546 734 964 297 202 48 561 658 178 583 368 337 999 67 368 566 601 159 636 977 269 845 759 784 524 719 921 56 417 722 56 797 965 915 397 34 563 230 363 920 243 107 80 86 415 471 360 684 247 355 878 40 868 23 523 77 543 933 834 655 151 365 553 503 148 36 671 598 463 659 718 827 982 32 775 157 233 983 480 847 141 679 695 935 27 316 875 517 1000 480 623 67 387 721 93 617 296 248 708 189 543 831 593 93 195 39 271 532 828 612 959 302 260 682 69 396 201 892 656 622 88 57 552 124 468 621 628 43 856 736 554 79 74 121 166 581 931 608 743 661 745 86 772 913 291 181 114 233 247 799 914 370 246 624 940 731 370 82 390 677 293 948 619 613 264 786 356 379 790 179 958 439 927 940 873 305 11 488 764 557 956 268 673 
961 698 172 237 166 774 1000 283 800 925 292 901 206 954 193 58 263 154 991 510 459 486 664 420 484 747 410 316 321 753 876 701 745 757 422 481 711 759 150 491 218 323 743 993 578 920 128 146 697 962 781 654 223 239 319 783 220 308 556 427 315 229 311 742 299 215 358 74 253 38 421 870 357 69 6 616 57 336 253 466 602 163 780 933 5 330 388 376 432 821 726 343 101 681 676 980 888 951 227 6 984 26 117 556 400 835 48 776 507 85 113 75 353 263 254 20 451 909 461 288 496 734 55 673 614 268 725 111 463 861 774 862 705 307 118 357 683 310 103 682 864 676 363 309 710 550 193 948 443 995 547 584 244 744 873 617 326 622 783 38 664 626 543 123 982 98 23 128 767 197 129 62 673 255 540 177 729 631 621 107 773 1 229 302 197 98 537 735 781 704 133 179 124 709 502 323 225 783 473 631 362 56 886 772 245 438 364 661 315 362 60 178 231 50 277 995 794 829 674 947 363 713 629 389 625 663 722 127 681 681 827 137 942 928 864 28 732 240 899 26 130 152 60 41 986 427 568 423 235 520 402 997 993 250 776 499 641 751 236 255 902 280 255 893 362 637 813 637 126 309 320 208 992 193 365 96 743 518 633 554 336 772 874 756 198 314 493 87 867 93 803 91 745 701 339 357 470 326 517 769 723 998 988 887 708 227 825 639 45 947 110 332 673 504 970 690 578 306 278 703 919 826 984 843 672 767 311 495 267 691 722 183 124 291 606 487 6 784 942 790 972 969 520 213 974 653 601 854 501 561 808 108 405 333 371 311 453 398 517 716 975 677 202 230 536 106 527 871 534 176 324 29 213 8 799 861 424 706 640 663 943 815 110 575 317 623 980 423 391 524 179 173 508 547 534 160 470 533 751 185 933 266 5 732 758 889 994 915 198 935 294 895 721 509 622 46 872 416 930 163 166 398 169 760 1 813 485 276 977 292 622 244 994 703 583 26 673 371 266 457 320 397 965 916 185 946 129 746 509 518 766 410 994 518 473 46 974 844 88 241 478 574 131 375 500 917 387 9 93 382 423 614 878 931 851 688 761 599 367 107 52 987 368 870 163 475 721 879 939 720 943 80 934 900 687 116 390 359 8 528 
226 716 689 953 40 698 112 297 712 643 111 769 317 967 39 374 802 566 194 315 329 376 610 410 146 29 42 978 821 563 304 94 584 402 631 252 503 105 478 657 375 887 90 884 40 81 652 577 342 486 515 386 566 764 376 973 449 353 595 216 642 313 393 813 287 570 697 29 114 113 867 38 620 306 144 44 182 809 575 265 287 100 725 868 692 853 634 338 555 201 859 295 622 481 355 843 224 819 753 781 945 1 536 841 161 44 224 585 622 344 440 44 213 207 976 209 274 162 663 433 176 764 530 424 520 653 607 778 658 614 773 749 756 65 164 522 317 646 699 819 927 502 838 883 768 704 67 904 264 532 617 778 169 707 111 17 248 34 757 728 621 355 846 379 459 618 1000 433 408 360 817 801 660 577 697 879 673 494 680 123 839 282 70 21 388 93 828 235 710 314 213 470 753 608 244 96 727 291 20 982 130 65 170 261 530 420 139 182 951 577 605 777 629 589 398 634 835 850 710 446 194 733 342 604 766 111 814 300 150 501 231 473 715 41 301 742 938 660 314 841 466 890 818 289 420 108 475 449 509 147 440 762 981 81 81 554 141 232 821 367 10 447 371 266 4 273 795 155 509 483 871 728 154 768 104 989 987 583 435 658 786 16 880 271 270 937 326 408 500 42 176 649 506 114 974 385 604 376 955 998 322 625 25 75 255 484 199 251 26 7 142 45 811 424 471 269 253 658 4 310 469 14 137 10 366 37 768 373 731 902 430 901 841 837 650 706 850 477 415 893 690 923 30 985 102 971 69 28 506 391 308 764 815 786 374 986 167 537 50 208 673 36 980 777 58 887 952 573 553 820 15 937 585 196 721 752 949 962 873 100 829 597 158 402 307 633 903 857 244 948 612 921 254 434 549 747 350 400 867 684 358 520 72 688 705 169 640 673 247 868 500 941 711 990 738 144 87 529 158 646 852 697 742 135 675 847 424 673 315 479 597 942 256 522 842 122 569 275 706 435 196 25 213 518 862 602 31 342 69 618 449 355 937 454 223 372 902 731 542 628 475 549 604 845 384 864 692 496 617 729 336 88 836 474 854 777 148 712 982 635 772 908 200 423 435 443 104 206 513 711 951 660 573 49 848 712 876 829 871 504 
441 995 746 270 744 655 445 636 888 456 798 793 788 113 21 569 896 441 233 110 619 42 114 561 273 740 787 758 246 559 275 819 858 394 344 750 567 175 890 993 395 451 720 711 13 110 558 187 402 239 649 613 405 453 376 563 464 629 675 257 541 134 912 89 674 726 337 352 328 578 671 950 595 632 484 572 415 181 948 947 415 413 961 601 429 999 425 178 720 44 728 607 649 35 437 474 547 341 198 797 53 273 986 125 178 184 322 458 267 773 134 963 393 628 969 859 253 976 364 358 771 866 964 802 530 677 155 805 428 914 894 627 142 371 843 340 751 146 729 39 216 967 709 321 175 28 809 227 812 313 410 31 104 222 357 960 448 876 481 196 885 130 123 515 761 385 436 628 610 806 234 116 910 83 681 622 130 76 808 673 810 105 963 868 359 793 452 258 972 617 176 198 247 695 147 189 688 994 299 765 507 469 325 777 373 535 170 138 240 788 326 221 559 849 231 751 632 578 984 769 813 284 488 106 224 401 190 273 770 47 617 40 418 295 57 7 933 677 407 421 483 429 757 327 675 513 373 303 476 826 258 619 914 196 169 194 754 287 510 983 391 558 221 643 936 154 679 148 455 261 273 463 522 582 451 199 847 623 358 123 129 104 306 833 830 73 226 173 996 713 857 358 543 410 824 47 948 777 7 137 178 510 63 1000 941 616 561 477 602 485 105 21 289 996 656 259 950 804 708 802 494 56 479 336 290 489 482 932 190 137 816 966 110 977 651 744 84 682 199 624 772 499 647 547 803 871 99 337 971 676 79 514 785 244 426 908 465 243 667 721 926 765 915 59 867 684 323 383 143 716 44 466 493 232 128 230 512 185 228 171 894 681 450 718 859 987 704 962 506 129 498 280 804 970 376 896 137 290 247 813 607 207 505 650 741 188 108 807 710 872 827 616 558 677 46 332 94 552 122 441 463 698 440 216 697 618 766 780 912 921 473 442 579 427 485 183 565 40 722 756 79 191 247 730 107 221 739 485 857 448 447 187 616 439 373 649 931 357 151 681 721 33 927 117 387 199 154 971 83 92 827 534 289 179 801 856 525 507 512 513 972 509 248 862 155 775 288 370 756 850 624 390 235 322 417 432 583 595 710 204 
721 582 319 573 702 663 832 466 101 430 766 496 415 887 821 723 505 762 58 685 643 81 780 522 662 118 401 721 872 776 81 203 742 921 45 281 366 16 182 623 729 751 245 258 387 213 262 155 235 393 971 104 216 819 473 591 746 378 213 762 180 149 461 417 947 914 966 274 783 632 721 985 307 165 340 63 542 439 858 132 448 59 658 117 324 615 56 931 608 536 534 73 125 210 304 116 510 307 154 912 147 223 50 334 338 73 92 687 690 302 234 991 88 321 632 722 270 38 145 8 902 423 995 920 242 936 331 165 377 476 328 299 336 747 800 48 935 970 653 346 630 89 205 892 867 906 589 824 277 743 619 340 126 504 37 5 291 391 757 788 99 500 625 746 456 255 332 93 976 825 591 768 83 337 621 891 642 943 800 144 27 866 855 577 79 179 52 777 720 654 63 337 764 323 989 7 994 809 38 30 414 469 281 888 223 669 360 332 35 495 722 304 656 400 492 493 633 782 8 196 202 589 225 220 300 594 315 649 967 489 573 547 810 670 588 852 916 725 262 223 280 795 387 441 986 817 204 921 501 515 56 895 791 613 250 741 707 360 845 375 5 695 91 924 259 901 415 83 944 698 201 396 608 938 243 667 763 908 853 821 929 282 925 480 769 925 876 28 58 838 464 403 502 612 237 34 929 961 852 444 621 28 79 275 931 260 617 302 721 249 640 513 775 386 527 608 639 278 637 569 728 643 711 459 769 440 926 875 597 891 865 9 338 10 760 412 626 194 486 410 518 433 724 373 430 300 885 70 826 671 29 211 701 96 464 177 38 466 100 504 805 362 534 128 552 420 910 182 211 875 169 31 498 907 762 673 894 662 904 940 672 960 581 860 961 380 252 235 765 226 200 872 939 983 821 826 565 587 919 91 744 840 172 413 691 831 978 277 703 747 367 265 515 482 317 83 636 615 19 986 862 41 626 989 990 225 100 640 907 158 444 234 352 24 804 547 122 686 555 641 466 297 940 301 378 893 293 39 391 90 284 295 162 550 113 294 950 265 859 312 97 797 172 530 235 68 100 403 968 736 174 580 397 920 701 280 437 863 60 178 960 260 752 232 184 410 358 979 187 445 468 563 807 954 288 797 665 243 434 924 
860 564 315 272 482 160 75 177 92 619 899 378 153 214 471 846 440 828 321 131 374 280 173 625 397 626 936 905 755 989 527 261 118 2 954 716 312 963 133 178 735 934 658 344 849 511 904 929 826 797 225 736 253 144 102 402 684 831 596 391 151 683 51 312 286 435 562 271 783 206 828 441 607 603 376 605 233 576 628 481 998 92 559 297 874 885 801 78 939 672 707 312 343 565 253 715 61 30 340 427 632 171 992 640 474 735 662 815 95 1000 99 246 997 41 307 981 356 216 924 509 121 734 974 922 122 345 567 320 129 276 591 726 129 537 104 885 258 692 84 223 533 312 652 176 86 989 948 13 195 88 472 63 648 920 364 462 657 602 998 413 100 908 509 378 388 457 758 33 335 386 242 437 177 207 808 198 985 367 763 514 120 781 396 851 856 919 111 140 346 381 741 331 269 982 620 645 360 411 191 380 535 48 231 425 270 13 895 986 334 320 992 426 233 280 994 659 535 970 941 684 967 828 330 82 388 803 716 384 765 349 526 271 379 926 948 979 121 995 656 187 997 847 907 286 944 737 439 782 703 98 846 718 367 559 718 186 666 531 15 579 468 393 761 184 308 285 712 19 579 584 485 656 526 965 43 526 500 471 790 491 758 574 316 922 698 821 968 604 461 37 603 574 563 527 777 416 521 476 180 289 869 613 883 995 626 241 433 866 453 434 517 36 862 526 101 640 416 798 793 38 895 49 992 537 60 206 102 935 602 332 968 661 981 849 237 10 760 724 372 690 659 515 437 639 95 331 985 271 353 307 249 704 239 312 728 996 198 519 607 453 591 540 492 830 749 692 345 23 544 85 654 438 583 537 782 734 455 916 482 577 110 100 576 724 221 817 617 839 129 488 349 657 985 268 127 158 845 711 584 24 818 244 100 910 456 956 895 495 935 226 598 909 125 95 125 265 26 644 964 314 237 4 496 445 502 773 50 756 707 178 282 286 575 138 497 802 653 398 1 75 680 524 910 282 912 382 361 399 988 659 872 725 515 425 327 456 248 558 164 935 152 996 342 522 565 790 195 98 785 652 204 602 57 859 185 466 518 913 164 14 205 507 870 40 562 743 771 306 550 448 407 529 533 469 317 186 926 241 275 910 
369 448 23 413 354 294 224 891 136 879 525 901 924 854 590 282 977 118 404 354 960 515 441 32 41 374 406 479 785 546 313 477 926 377 323 122 851 213 91 351 956 337 853 598 81 683 88 837 506 416 913 402 951 685 962 765 172 814 923 273 422 81 916 97 817 736 616 18 213 17 114 692 548 278 363 383 372 531 987 216 125 826 403 760 913 600 932 641 262 134 594 952 342 7 421 424 9 988 62 365 95 658 116 659 479 94 993 746 342 645 872 754 720 550 786 414 464 756 37 698 952 309 492 412 735 268 964 12 470 230 164 939 72 870 186 820 693 578 253 917 293 666 894 148 181 883 694 394 675 128 998 801 953 715 568 453 483 359 409 467 776 261 611 491 947 176 139 103 206 225 72 337 987 177 166 455 2 58 102 405 306 549 30 942 280 201 727 154 457 792 883 758 111 746 666 447 669 877 593 28 571 932 721 423 335 387 296 553 753 243 867 664 37 561 614 937 327 943 913 37 377 864 779 446 660 820 546 278 183 600 658 12 946 994 889 101 705 983 460 451 538 236 956 593 5 567 726 730 254 588 253 133 259 958 984 753 982 715 507 127 818 982 942 988 29 875 144 972 922 205 25 750 67 775 522 825 569 213 142 857 59 720 524 681 504 939 883 656 173 904 293 652 429 449 87 327 355 440 934 916 32 846 928 408 126 996 829 272 8 467 829 446 48 251 78 899 734 990 660 563 401 722 687 716 487 209 691 452 532 25 818 253 701 481 297 978 265 202 253 518 61 313 556 217 363 335 451 977 263 847 227 938 674 674 426 158 227 556 154 147 705 60 773 279 120 471 827 604 414 634 817 427 381 520 586 785 454 521 58 85 90 495 759 141 305 199 590 563 30 501 374 556 160 684 118 802 633 727 712 326 804 394 426 767 849 408 216 592 377 995 892 365 904 6 697 820 444 138 906 724 970 905 509 414 419 663 358 302 273 178 101 471 740 525 632 585 34 80 702 901 186 645 664 706 615 698 208 287 549 730 215 639 877 883 216 587 145 469 341 306 62 303 717 265 60 537 98 675 191 960 100 871 82 758 896 205 57 446 262 910 379 152 773 357 201 864 182 225 770 206 795 248 410 134 238 523 982 502 137 732 
264 953 193 256 802 254 522 932 516 671 553 184 71 978 947 830 381 298 56 914 566 683 95 71 716 720 145 653 257 500 173 267 189 50 566 630 153 526 358 704 738 815 809 967 759 723 986 754 546 417 286 524 646 804 266 462 300 660 413 422 477 709 45 930 286 260 763 467 247 829 870 545 619 870 488 938 189 297 18 569 742 4 816 824 424 944 676 551 706 339 747 960 770 6 938 183 100 374 359 293 36 124 864 455 813 147 76 136 943 12 354 691 779 163 853 639 854 879 108 208 630 692 883 449 872 673 452 628 862 505 427 533 313 234 332 178 130 670 557 195 143 349 347 744 80 711 334 455 31 554 227 282 993 672 821 507 56 925 299 911 28 12 303 899 637 455 844 666 64 88 949 641 213 491 301 96 293 87 762 281 52 544 41 830 170 550 824 36 969 75 838 890 206 575 355 535 943 716 382 846 105 529 226 291 719 486 400 323 58 212 67 557 619 130 509 186 457 79 117 301 259 443 310 627 228 659 910 641 705 344 811 160 124 439 165 626 231 319 939 745 399 557 511 779 510 991 401 359 838 634 492 927 182 443 66 931 614 512 97 241 467 372 874 487 986 285 37 412 155 374 95 657 797 146 318 803 35 207 666 101 290 71 468 664 834 197 107 818 573 164 771 23 611 464 964 682 473 80 843 82 973 738 923 565 955 788 514 845 116 563 371 140 939 799 62 553 80 689 81 48 1000 434 821 499 59 218 585 347 595 394 151 124 4 595 897 715 497 75 313 713 745 939 226 180 139 9 322 66 158 142 748 357 783 687 631 773 105 868 121 56 279 811 489 154 105 370 831 101 503 150 499 806 448 454 56 669 393 214 559 963 78 109 747 457 194 845 81 309 47 350 835 595 909 698 416 612 738 350 957 385 509 173 354 654 595 92 333 495 429 405 46 364 456 380 367 268 498 844 314 162 557 999 176 490 789 511 221 66 905 991 853 512 204 625 652 608 624 774 640 826 199 431 855 285 978 614 776 222 109 171 275 518 841 783 399 246 447 187 992 444 677 687 277 867 266 233 666 147 49 819 746 734 808 619 322 30 101 633 21 190 437 330 332 615 716 375 946 343 868 981 776 729 734 227 565 344 297 814 931 345 
453 716 994 338 815 385 510 566 426 965 31 790 809 146 956 359 535 847 367 702 187 702 190 803 524 573 471 280 120 431 784 96 957 888 378 200 467 162 516 151 320 770 614 381 9 458 44 940 721 205 862 289 532 637 42 137 104 84 393 755 712 468 521 194 55 623 536 855 7 166 931 472 991 610 225 762 974 659 292 216 538 324 745 745 951 931 707 26 368 57 75 593 39 558 702 21 781 682 988 814 288 395 844 968 719 746 434 711 166 924 659 561 554 777 974 454 180 975 754 896 446 187 911 290 223 420 150 786 6 456 368 335 927 172 375 513 89 76 222 282 667 982 834 552 178 542 621 776 180 481 87 529 145 339 707 158 839 23 954 57 138 738 722 880 229 830 372 801 291 431 152 972 780 576 537 517 121 763 944 278 62 178 801 535 505 544 80 877 455 422 465 531 425 23 442 426 649 491 250 121 287 276 966 486 33 770 983 984 398 751 5 810 930 345 25 880 943 235 597 710 255 154 533 726 955 208 338 853 403 827 850 890 876 11 289 270 875 109 653 1 635 986 589 123 808 279 151 661 409 779 940 59 951 74 500 291 121 820 96 858 323 61 580 578 466 738 88 517 672 760 291 512 760 349 519 249 176 827 67 31 465 712 898 603 872 823 974 930 618 92 517 39 769 897 343 322 1 891 749 627 786 604 137 285 3 119 572 427 434 390 692 36 438 435 682 229 105 360 597 242 982 655 280 509 486 664 772 546 962 374 534 976 728 840 694 984 438 281 636 875 207 919 907 549 32 51 610 803 890 125 503 421 821 309 250 588 441 401 67 570 972 490 819 916 770 989 195 561 207 450 711 783 806 846 159 802 488 601 883 699 923 879 556 482 815 255 99 108 58 5 619 538 191 480 397 311 32 50 207 400 760 947 212 89 999 692 857 851 116 220 117 199 892 933 422 337 181 628 683 341 913 851 621 722 315 214 940 929 930 112 955 636 385 187 668 167 706 761 441 184 70 285 503 861 334 384 259 721 742 197 969 534 806 404 761 986 184 967 696 586 265 510 767 607 904 58 254 674 840 140 847 272 37 35 650 990 79 343 956 732 394 433 342 217 994 607 222 18 639 481 96 770 524 668 395 167 518 849 260 170 
999 933 274 557 313 647 582 795 113 475 200 288 569 441 762 53 419 28 221 402 358 132 221 480 955 259 158 838 196 247 852 264 705 333 187 766 498 695 130 530 339 227 408 207 307 492 604 753 715 180 702 545 399 696 495 462 422 738 105 962 745 877 382 234 701 11 546 451 496 926 311 892 886 367 28 127 185 562 661 7 433 199 641 449 49 119 990 362 549 650 548 477 813 762 780 641 651 495 806 595 820 18 21 553 568 912 4 50 385 724 533 174 886 699 277 8 972 46 657 878 113 18 62 445 584 95 620 717 444 26 224 240 517 515 268 697 427 198 775 566 397 290 3 893 768 851 579 176 137 223 97 144 113 955 488 755 315 467 126 206 886 468 784 248 475 434 475 180 654 808 46 396 244 898 736 13 1 372 547 31 350 633 485 42 469 588 394 655 868 407 636 827 243 396 965 149 118 654 410 369 897 414 784 84 95 431 508 591 192 536 676 247 189 125 486 426 557 829 148 521 645 74 132 742 466 474 513 293 14 759 491 610 28 705 223 534 348 398 742 193 405 631 727 318 373 715 36 593 209 911 77 785 885 868 479 390 963 383 969 89 964 734 780 454 71 920 857 242 549 481 743 596 392 960 955 405 390 585 23 119 946 545 310 775 365 750 420 651 830 354 840 377 911 963 454 965 43 547 142 832 776 760 695 784 825 683 882 724 801 857 678 20 974 532 470 875 235 151 580 148 620 635 660 286 567 997 569 646 343 163 104 752 951 250 430 253 137 673 58 852 4 515 418 824 959 455 910 365 417 440 231 947 571 564 694 838 484 92 596 979 131 592 493 578 762 367 123 475 143 657 763 723 473 782 2 731 252 683 782 349 437 80 988 158 613 722 237 882 54 601 352 186 487 744 557 942 39 696 135 594 115 612 543 98 983 979 304 989 662 367 966 291 361 7 653 798 129 711 619 626 206 347 68 236 179 550 578 139 151 989 169 802 781 65 436 401 382 128 610 982 915 676 373 14 860 326 136 396 424 754 358 637 706 18 90 538 664 184 98 523 3 164 579 731 93 329 283 575 358 120 856 910 965 633 180 400 143 237 461 454 560 20 542 309 396 543 872 242 853 678 622 572 642 543 594 221 388 267 883 462 
904 81 92 645 682 974 755 527 256 179 301 453 219 764 756 393 651 178 55 709 113 312 221 824 116 846 97 623 992 527 69 29 314 235 476 570 932 292 801 461 321 456 744 81 71 563 312 537 992 882 390 579 271 919 696 477 850 32 310 267 923 774 937 300 494 510 816 743 195 890 751 696 993 77 686 539 478 936 786 444 169 783 742 396 532 883 343 789 34 854 874 687 116 760 311 890 883 236 338 267 245 465 533 786 72 681 742 465 488 796 321 180 80 178 855 984 865 835 490 142 238 606 77 629 732 716 814 81 530 138 608 917 708 888 106 945 590 77 337 244 835 534 487 400 388 994 424 607 159 727 960 513 797 147 782 883 617 194 31 207 249 650 75 214 198 424 927 910 956 8 79 3 249 862 649 887 365 632 186 809 989 296 74 471 887 35 271 379 309 66 345 198 234 67 834 655 557 48 180 313 648 850 688 544 72 973 442 250 587 819 61 38 155 597 952 942 292 766 237 91 30 686 870 876 211 390 630 710 240 56 616 914 684 684 995 946 410 914 224 994 702 292 849 22 609 399 673 215 796 237 187 436 230 955 747 354 982 19 551 596 1000 297 948 761 687 454 248 497 54 518 156 141 895 882 461 465 527 325 350 170 560 975 343 574 277 867 619 409 186 752 869 737 435 634 152 798 50 574 345 460 949 96 357 916 493 125 226 510 542 784 590 279 279 212 970 106 993 661 620 639 1000 95 431 766 139 484 4 793 307 327 756 845 797 817 748 831 591 190 583 47 205 431 267 142 257 813 51 910 660 594 919 237 206 648 270 593 927 46 239 410 764 926 370 99 920 96 977 758 360 948 854 474 524 10 283 182 566 114 379 75 708 10 180 523 662 250 761 803 999 305 858 369 795 990 954 413 165 670 724 929 805 136 236 97 195 514 503 185 422 777 698 897 563 35 563 409 223 374 930 724 547 28 124 750 618 836 926 724 532 290 164 168 239 193 580 266 370 486 822 294 274 709 560 647 337 47 259 631 425 122 679 195 684 71 335 760 752 418 811 409 941 724 202 195 815 960 612 774 890 23 401 12 945 675 236 111 292 742 956 53 268 73 792 730 208 771 744 433 790 320 20 122 72 597 77 250 220 676 173 390 
50 772 896 669 331 150 807 512 221 599 840 131 665 665 471 584 913 16 178 160 930 365 607 192 758 12 687 237 750 285 519 856 834 862 994 951 632 235 1 818 533 651 357 216 527 42 258 525 742 245 651 692 374 241 509 691 518 394 30 420 237 364 18 429 914 276 112 908 352 204 729 972 859 713 988 414 605 980 577 760 327 682 748 374 465 37 542 203 96 182 298 350 122 889 917 269 418 246 930 714 372 33 712 128 287 849 172 796 261 193 502 707 293 104 13 143 547 312 633 985 924 368 717 245 379 539 344 352 394 789 392 67 570 793 853 948 593 212 919 953 391 790 751 60 182 302 21 293 340 490 127 34 122 265 773 375 826 394 845 326 651 9 705 861 436 260 170 538 242 737 194 839 193 821 157 957 692 620 614 249 869 933 248 865 499 897 683 910 350 935 306 47 612 256 574 281 297 147 93 512 152 145 1000 300 709 197 663 276 814 187 357 491 692 630 563 429 318 911 230 840 144 809 32 651 693 669 967 871 17 29 631 927 165 403 63 9 586 71 166 106 620 915 621 395 515 815 594 886 299 435 623 751 238 600 902 714 998 701 347 303 533 187 207 352 880 103 680 231 704 691 370 280 478 35 500 394 41 47 898 676 850 918 174 585 201 525 749 555 320 826 211 305 619 300 126 25 514 782 571 588 855 7 395 604 373 27 587 814 814 591 526 678 299 823 850 183 978 968 517 472 905 300 550 269 357 448 340 3 273 832 791 297 599 605 8 95 48 924 273 807 219 879 332 286 430 167 725 905 280 16 726 967 923 698 854 643 898 880 145 478 286 427 357 702 337 5 322 513 630 77 911 119 710 509 53 794 20 517 292 775 659 389 383 290 533 844 873 235 234 548 252 154 906 226 317 739 3 662 865 594 9 319 421 621 513 715 376 548 996 457 618 409 508 208 769 663 47 651 624 445 662 499 254 479 172 506 446 936 911 897 276 50 457 569 915 545 995 665 30 98 206 124 261 247 985 528 652 288 233 511 386 568 780 21 854 877 276 30 321 413 908 964 844 801 236 531 304 178 292 694 463 974 258 438 510 89 396 805 71 571 316 670 936 422 30 499 173 212 939 107 246 418 915 58 505 510 764 926 997 938 
613 306 699 910 145 869 685 631 276 200 555 433 207 858 546 22 691 20 675 91 495 603 557 23 922 1 770 587 216 258 666 368 540 406 177 619 617 140 601 89 841 737 208 467 506 355 287 671 811 73 240 868 506 166 549 428 227 785 336 879 384 886 710 67 891 66 914 93 812 824 107 878 3 375 245 311 37 528 424 266 815 313 91 102 755 459 87 424 501 106 11 209 820 346 330 764 393 756 646 228 89 211 547 168 355 242 835 278 776 458 557 368 661 796 637 96 946 466 994 397 184 758 250 683 228 335 222 12 6 655 684 432 496 213 760 790 487 867 722 192 691 80 478 823 383 283 630 364 703 956 127 89 556 2 622 75 537 492 809 257 834 568 221 857 538 685 83 935 833 945 65 549 903 810 778 608 852 165 469 392 875 480 606 838 201 504 343 907 594 545 316 540 286 705 97 327 173 876 652 85 664 109 370 893 755 921 778 60 476 235 667 646 764 607 279 106 776 559 508 673 470 7 695 189 536 746 799 482 747 976 330 382 556 854 554 439 279 164 830 105 39 220 920 100 364 992 25 415 544 168 327 614 928 174 929 733 138 466 160 330 131 36 246 563 390 917 420 917 195 380 781 264 325 785 267 403 586 771 757 947 305 731 957 411 645 125 731 218 947 113 428 927 581 349 24 421 884 361 646 494 680 888 976 417 495 457 862 483 566 937 811 175 163 814 833 486 294 956 77 589 891 800 731 304 345 766 88 642 600 490 25 618 596 96 790 804 12 469 270 708 129 962 626 699 598 387 873 8 164 620 743 381 971 574 308 935 824 452 821 275 865 473 765 640 265 429 97 25 412 684 710 423 785 405 603 247 859 586 806 121 838 548 464 492 257 420 48 802 872 825 872 424 383 645 417 194 158 631 263 735 767 670 740 714 736 306 406 372 801 482 544 641 516 493 241 873 359 721 718 331 571 85 920 89 626 47 486 886 275 925 457 488 525 628 569 877 405 794 426 448 47 548 110 200 390 222 105 140 260 726 967 456 920 519 910 94 675 582 515 533 233 391 38 427 439 693 53 490 904 780 624 515 368 886 409 566 573 55 818 964 712 690 91 323 608 663 978 855 681 859 234 928 638 590 935 288 28 866 159 264 
498 192 688 671 529 75 457 787 631 97 169 915 612 197 498 818 545 838 364 684 331 885 17 605 788 937 804 398 724 386 736 959 209 279 801 139 907 321 453 886 590 236 217 616 318 304 475 270 797 683 731 716 924 300 352 309 130 560 564 983 191 358 279 543 215 537 413 199 951 232 942 97 625 678 976 818 104 698 727 751 186 855 312 913 289 449 609 760 872 676 400 553 237 821 166 191 147 781 233 795 180 120 116 395 904 650 263 98 777 236 302 845 922 561 299 898 867 844 266 422 142 285 224 517 670 447 419 593 93 611 240 694 650 931 814 963 516 389 158 929 449 477 663 808 437 794 683 350 635 396 756 735 989 402 748 644 443 613 638 875 61 180 672 258 25 774 453 963 771 226 237 605 840 310 619 176 849 329 185 543 408 417 318 579 683 131 179 756 507 327 377 143 283 887 730 437 274 931 633 297 135 966 35 15 207 630 162 389 736 494 789 411 306 388 841 114 186 57 454 574 422 531 530 547 680 453 414 81 435 617 834 846 63 43 192 408 644 430 627 703 592 402 743 412 289 724 397 940 681 83 541 642 588 340 641 608 859 149 755 92 622 681 647 467 163 65 774 158 553 405 463 510 139 180 558 664 389 241 402 633 968 666 439 864 174 495 368 895 116 495 978 503 18 139 313 454 36 798 643 466 173 651 838 18 784 45 242 880 943 692 383 49 376 277 109 736 954 446 781 182 971 100 106 939 111 941 951 384 664 957 160 124 48 433 192 338 624 692 69 829 358 925 517 179 151 405 542 882 10 273 65 222 97 52 661 614 997 441 794 273 25 572 948 52 563 414 684 96 673 674 37 173 114 795 163 297 695 393 996 518 261 223 515 511 388 526 425 873 309 159 258 881 782 995 360 761 404 195 819 122 477 254 715 937 763 254 490 185 935 833 221 684 163 248 844 985 198 482 447 652 750 246 335 944 55 826 316 357 565 7 748 762 659 553 630 969 697 423 82 765 415 334 466 316 781 397 412 92 798 897 270 711 632 327 432 406 116 219 928 303 413 554 968 30 907 705 344 709 77 893 171 771 904 591 778 405 481 189 155 720 916 298 935 938 267 656 70 723 461 875 107 423 316 869 927 224 757 865 911 725 
437 352 332 612 160 317 166 73 705 545 424 269 736 997 514 581 111 892 185 791 811 284 262 364 251 992 881 846 737 735 883 177 619 193 326 673 793 7 438 31 428 16 220 114 363 859 574 711 389 625 56 249 269 181 65 672 32 58 37 609 64 107 846 816 998 440 489 616 706 942 361 118 770 859 655 73 124 532 180 762 931 615 612 715 931 159 683 945 13 139 412 201 409 486 878 292 95 820 572 10 187 721 504 1000 851 729 720 473 498 679 196 61 107 790 429 780 581 826 549 145 385 244 742 822 364 695 555 540 660 461 209 935 980 960 931 931 168 451 288 849 728 52 446 455 892 943 194 779 923 36 591 126 876 244 570 880 745 878 255 623 823 124 677 215 286 292 202 296 984 247 647 483 435 884 785 458 798 338 244 722 886 735 768 801 822 716 89 759 56 428 312 735 782 272 835 882 223 205 140 304 403 512 428 93 468 494 334 404 410 638 27 895 85 883 769 674 632 403 675 51 954 289 94 122 275 770 257 944 905 897 66 57 137 572 912 680 132 451 940 991 918 139 407 564 824 991 82 146 16 681 279 92 854 188 235 162 878 649 328 617 363 427 868 484 666 387 27 685 650 410 485 273 284 610 591 663 95 123 922 439 760 863 270 194 92 405 93 589 773 342 79 629 549 328 89 337 310 854 44 290 470 276 111 900 75 683 204 177 346 824 2 138 951 429 360 180 924 5 293 964 378 216 959 915 408 226 378 32 462 268 652 120 192 504 690 110 931 156 981 530 250 494 66 651 285 257 676 12 598 603 26 975 251 39 760 157 34 761 575 505 585 861 419 79 408 334 128 272 797 535 540 354 861 779 354 50 995 630 228 465 282 64 141 367 258 748 690 473 749 588 319 892 447 266 793 511 863 327 823 578 919 188 142 561 229 650 369 694 151 297 901 754 65 571 590 314 566 678 68 497 560 219 211 849 424 515 565 736 292 522 975 580 155 186 702 967 89 320 880 73 899 109 466 73 26 92 749 281 184 102 863 67 931 879 187 159 660 574 248 586 583 816 210 190 896 1 474 436 97 95 382 34 686 615 569 820 165 916 97 92 422 691 387 1 479 648 606 968 676 814 393 333 616 584 718 912 142 506 363 272 
902 527 173 249 800 769 739 676 938 42 771 930 666 286 135 857 578 316 629 779 759 768 738 993 655 523 956 610 429 741 153 755 535 487 275 285 834 691 384 994 490 95 475 341 139 894 948 404 758 70 680 687 572 143 128 558 957 880 107 508 366 681 43 909 787 863 976 768 682 668 95 636 651 179 408 692 833 691 82 387 234 35 910 614 782 576 598 227 232 151 620 885 167 702 810 965 604 328 597 448 618 156 505 675 479 716 35 15 652 486 904 292 214 429 273 606 194 573 218 946 578 921 975 687 818 348 414 133 618 873 650 903 449 244 198 159 181 148 315 93 733 559 895 584 58 484 678 73 385 574 781 634 850 253 611 913 678 564 159 131 219 507 983 603 519 491 637 880 189 235 474 912 50 53 487 167 815 751 72 13 4 954 655 186 57 68 2 690 108 462 996 585 649 21 172 845 316 553 631 606 624 984 230 743 957 48 919 225 291 30 661 19 74 721 623 476 429 765 418 972 378 89 293 933 674 528 520 285 97 560 404 777 828 491 336 985 805 25 81 614 912 210 150 43 619 820 583 582 120 833 323 605 226 125 228 289 984 155 131 404 188 269 291 649 531 101 39 399 322 399 42 237 93 426 275 629 39 594 76 865 505 7 982 727 298 955 927 971 186 46 607 808 759 610 45 382 220 710 316 570 237 218 221 136 706 367 731 217 503 324 529 589 880 344 387 904 780 827 863 348 113 202 42 234 281 678 762 647 767 764 711 440 188 235 144 398 8 504 15 767 785 921 476 299 997 147 794 225 392 691 923 692 283 335 797 938 834 506 417 94 804 730 959 314 49 834 988 319 14 629 119 671 735 1 870 977 64 576 258 674 228 133 341 787 674 243 727 376 267 989 940 578 348 621 366 856 67 566 113 402 659 15 298 377 736 277 542 888 210 272 796 363 689 209 995 394 413 745 489 291 266 728 528 698 405 7 961 322 562 919 686 897 569 790 769 693 780 469 669 968 18 426 456 924 480 70 413 247 620 974 931 789 361 490 872 264 905 240 43 792 622 782 292 258 591 561 84 787 164 624 843 897 528 783 245 653 608 804 4 290 103 84 237 333 615 676 234 826 463 919 634 242 480 210 394 454 726 24 754 651 
254 262 768 331 468 870 509 206 225 436 520 981 359 243 14 747 700 853 759 913 920 732 559 240 367 891 106 662 428 124 556 940 492 536 331 437 254 768 549 295 715 390 665 215 570 706 207 678 57 293 7 30 802 152 906 178 123 986 418 264 147 124 530 832 621 533 229 289 759 804 936 760 839 489 950 632 378 745 952 672 268 133 649 119 327 898 954 576 428 519 898 621 482 73 979 933 993 741 109 238 541 394 732 801 660 493 305 847 342 649 952 327 687 213 470 173 629 547 320 314 730 217 836 141 721 266 169 373 728 50 429 611 386 971 802 441 314 562 839 454 14 793 104 373 969 771 205 856 838 154 580 559 85 672 94 600 608 623 697 710 555 49 363 178 461 750 201 66 241 25 939 20 867 802 872 128 914 450 632 576 2 328 341 681 86 949 185 823 112 9 126 793 273 964 895 986 695 732 322 187 489 146 475 88 291 851 447 273 554 55 477 717 855 996 940 566 468 975 268 839 119 375 510 367 985 954 427 522 398 236 981 907 410 52 896 180 672 669 286 81 298 332 581 871 359 102 745 768 431 383 848 427 439 226 706 998 869 44 5 251 644 599 330 388 125 575 297 790 313 231 341 182 624 425 895 374 392 607 387 357 87 204 845 34 639 849 530 847 941 497 790 614 655 708 480 452 433 948 887 391 974 369 595 33 550 877 556 74 524 326 995 839 84 103 59 156 904 13 365 970 983 442 53 793 113 700 808 748 830 339 58 431 335 164 761 754 931 168 276 722 314 20 193 540 607 215 169 729 944 109 556 479 925 174 251 949 154 798 722 748 724 778 778 103 301 711 351 985 463 947 182 584 475 72 637 381 215 540 968 896 89 778 943 382 462 158 416 218 64 10 589 589 827 771 430 805 694 195 69 798 611 493 283 667 405 115 478 874 772 15 895 315 193 675 933 743 130 793 763 176 661 361 346 461 620 454 279 146 332 815 954 785 981 23 699 954 498 332 365 427 214 511 807 616 962 544 127 986 769 111 622 911 607 426 889 917 725 362 468 14 182 788 7 737 183 920 966 103 529 691 977 504 245 765 136 873 396 378 693 430 59 81 431 255 96 566 145 869 768 735 255 737 901 417 723 432 664 969 731 48 
34 945 724 929 482 216 962 900 109 488 758 685 985 70 814 712 472 692 307 53 516 214 310 850 367 23 400 613 480 889 755 702 701 398 811 654 771 705 548 27 710 971 715 22 137 615 972 66 765 733 527 869 970 71 417 403 918 709 60 543 224 32 981 418 674 137 409 455 106 471 199 252 496 938 756 1000 109 187 753 541 1000 168 525 236 40 281 242 419 273 363 991 616 790 455 699 826 554 266 716 468 14 458 707 88 914 54 32 845 637 123 189 872 586 29 516 508 408 220 863 362 680 658 515 582 684 845 843 463 628 977 965 188 560 475 903 23 940 534 729 835 223 462 351 469 154 365 676 556 57 432 936 743 3 353 910 787 713 59 229 913 104 944 348 705 718 34 805 985 166 610 756 844 212 644 800 250 560 776 751 683 115 862 303 212 634 689 256 933 525 120 555 200 182 692 88 698 930 278 538 182 409 67 596 174 789 814 136 649 812 644 211 483 174 622 914 695 814 457 363 549 768 221 627 324 214 231 674 974 779 55 649 494 708 241 919 882 905 444 142 1000 143 908 25 442 506 527 370 866 309 538 69 60 771 489 205 29 545 121 90 167 385 613 792 81 254 715 198 920 888 244 715 153 703 517 961 874 616 489 846 67 809 523 710 712 324 149 859 35 902 8 816 35 708 66 968 775 465 929 401 369 370 561 167 698 102 745 746 681 151 125 7 155 922 92 120 114 133 431 803 502 541 255 131 931 12 995 360 456 677 35 991 363 288 672 385 668 171 112 141 664 759 219 21 963 246 478 929 698 133 898 438 101 566 308 44 32 402 154 33 139 448 43 465 167 880 491 211 607 127 457 170 448 696 953 312 529 766 392 730 24 404 812 971 482 609 399 58 408 284 159 163 658 260 438 47 637 532 866 290 268 176 404 352 247 58 681 111 406 459 403 378 780 563 373 795 500 686 544 710 188 140 96 574 748 815 798 224 220 859 44 225 609 216 362 704 638 478 923 531 586 756 326 530 710 296 646 182 754 574 544 32 164 522 920 201 424 739 483 285 494 853 209 190 335 597 290 42 325 659 598 867 37 241 762 802 917 365 398 748 822 432 751 320 648 52 517 629 375 344 331 478 858 579 178 546 662 825 165 141 300 
377 562 993 471 954 630 842 867 369 29 292 486 644 532 365 384 427 711 90 338 164 809 82 840 867 470 996 477 395 514 578 219 16 72 963 344 928 867 793 383 676 876 727 275 282 575 992 172 416 190 159 719 656 858 106 791 927 6 894 414 724 650 889 330 960 784 177 551 809 959 832 880 798 443 308 694 875 817 984 404 322 347 829 903 269 745 590 193 270 569 470 848 914 436 409 937 737 57 453 502 7 181 95 368 248 633 13 453 869 281 463 368 593 974 972 787 66 979 605 348 712 952 836 363 63 520 203 7 412 883 181 276 849 587 517 981 145 518 856 777 706 8 971 407 677 30 571 705 871 930 417 690 909 274 754 518 418 567 367 566 352 190 474 232 351 785 299 913 681 107 37 330 977 53 852 995 631 643 259 506 197 446 623 241 590 359 326 851 915 561 493 997 997 539 483 172 754 400 601 18 352 503 638 520 730 561 484 962 45 574 548 246 706 926 250 851 17 968 608 408 714 36 436 811 163 426 81 174 216 607 382 209 494 819 849 963 470 923 433 198 889 54 829 189 824 90 656 30 832 957 466 911 664 243 549 346 667 746 180 992 355 134 99 991 747 494 278 555 619 315 835 485 898 180 143 343 357 675 162 579 442 421 946 822 299 819 447 528 699 99 411 120 474 494 472 530 824 208 647 96 595 2 324 201 416 983 642 460 340 432 120 194 96 320 440 118 613 118 12 182 221 718 983 32 565 215 948 515 508 506 786 666 965 495 490 312 324 664 126 267 26 434 609 395 112 782 526 216 285 812 618 957 800 466 520 174 844 144 777 66 887 100 712 552 753 859 494 147 340 822 506 166 288 536 742 62 652 641 354 506 683 356 905 323 308 448 758 971 448 145 932 823 425 868 16 20 207 709 223 627 258 225 111 836 295 146 663 667 179 590 261 125 632 990 779 649 690 863 80 591 968 867 424 858 355 397 707 308 960 142 830 798 173 42 380 932 62 921 939 810 693 31 158 417 410 275 406 663 728 616 215 410 916 45 219 531 979 364 441 634 402 645 963 997 21 912 867 552 133 837 11 683 570 228 142 238 451 19 914 381 512 10 843 548 564 896 622 329 443 156 218 188 847 883 70 760 811 572 538 302 
436 421 975 302 954 683 421 116 946 812 1 715 433 517 219 797 800 955 360 870 194 322 453 140 526 143 558 375 85 693 9 1000 123 449 494 578 134 231 83 859 471 104 857 705 723 10 248 765 504 774 731 57 520 816 907 400 896 729 100 794 765 116 474 204 35 786 961 249 628 173 863 715 595 287 635 679 686 297 714 196 13 994 525 689 781 758 755 89 867 194 400 793 770 616 539 683 466 775 800 873 102 984 610 443 36 376 54 861 931 584 48 881 46 735 262 928 874 666 55 304 505 945 657 275 932 601 460 181 170 617 930 444 987 229 52 709 508 636 563 299 672 18 563 54 851 204 496 988 302 767 741 115 632 639 336 970 547 880 839 186 282 991 769 472 324 486 100 760 642 113 874 936 895 604 451 922 60 89 273 751 105 915 629 339 458 715 629 965 824 501 458 395 467 897 762 367 687 195 475 979 990 642 195 774 191 56 247 204 761 935 441 151 931 366 648 1000 647 933 527 707 969 71 678 246 3 352 88 127 262 427 81 264 864 141 765 172 456 22 440 526 267 533 42 717 964 312 143 866 853 302 983 238 568 206 42 155 700 227 953 345 1000 494 933 485 192 778 553 849 659 245 862 326 809 227 914 874 228 650 567 913 118 918 285 188 508 618 439 980 981 339 830 974 997 573 696 492 431 505 558 886 606 941 224 949 307 146 393 100 588 836 27 93 704 124 376 87 213 725 637 88 30 592 919 92 349 239 146 875 420 828 46 956 643 959 120 252 137 970 313 540 907 101 505 101 333 816 537 749 484 340 587 591 415 440 219 300 761 541 474 667 223 800 238 321 953 82 555 297 899 394 304 858 961 773 865 843 412 443 776 655 887 449 587 273 464 357 923 166 7 390 217 644 824 495 697 606 792 495 884 429 346 666 959 382 526 117 317 966 270 236 597 573 600 204 43 429 658 367 791 10 401 866 791 558 432 537 405 564 721 317 105 128 684 587 669 264 219 796 787 93 457 676 303 936 102 387 547 101 164 509 78 280 862 754 564 906 941 332 915 1 906 533 867 922 579 972 20 16 494 411 12 58 983 98 927 462 177 489 36 767 142 143 769 87 382 702 943 622 937 843 739 86 53 598 162 547 382 190 929 741 
113 961 375 435 7 854 228 536 985 396 862 885 904 646 648 297 490 61 289 386 459 43 957 883 169 600 165 947 901 624 511 673 907 615 678 10 681 545 535 366 455 396 721 653 986 945 226 437 552 583 73 392 467 695 608 744 638 796 629 810 633 514 444 867 780 708 63 77 309 627 904 752 818 481 956 17 77 753 48 626 10 653 113 735 145 644 764 916 380 842 258 568 761 45 137 970 940 208 322 605 419 266 655 853 217 276 328 359 623 565 618 578 607 126 174 559 598 988 227 241 620 864 563 325 924 257 726 528 436 556 128 843 228 257 835 191 263 805 173 808 226 198 7 131 463 490 603 448 921 375 827 150 188 321 241 232 452 972 146 139 155 824 33 245 407 869 61 109 937 795 242 468 173 947 249 415 930 634 158 193 826 468 429 435 222 906 100 347 361 33 598 301 985 482 237 476 780 928 141 846 296 606 168 419 209 197 173 988 505 382 712 868 321 251 88 247 161 949 827 4 889 61 10 796 726 173 819 944 699 810 450 700 933 535 231 717 300 346 342 468 218 725 785 215 262 493 662 796 54 410 527 749 197 3 805 842 178 238 740 33 364 674 325 94 815 509 287 394 336 349 578 61 175 55 776 492 497 745 36 720 483 488 648 100 902 816 976 173 981 655 304 103 504 928 134 811 678 929 143 458 892 708 970 104 319 933 966 929 99 344 293 181 106 479 518 787 539 246 707 958 384 800 767 490 230 605 740 692 866 290 952 661 1000 175 334 525 131 86 515 967 523 641 79 233 417 616 648 816 404 125 981 653 866 984 960 273 646 217 41 242 491 793 513 427 380 823 53 612 697 411 463 23 217 844 771 525 218 66 359 868 642 996 280 74 587 687 131 206 8 58 658 787 810 805 507 227 208 507 472 477 411 203 497 23 549 642 9 834 149 630 922 135 691 259 577 933 939 790 410 320 796 979 482 480 78 94 726 207 117 867 199 128 199 927 186 568 343 43 696 222 152 43 954 249 377 563 883 998 691 340 267 622 946 145 431 601 927 829 610 790 890 328 105 629 135 214 441 770 112 301 233 418 244 442 951 586 979 107 164 165 377 554 127 794 315 206 386 790 525 881 246 303 535 866 95 172 59 632 127 717 
823 531 284 206 514 130 825 34 233 876 725 386 679 815 221 562 446 898 794 279 112 987 603 124 284 8 33 541 881 614 684 705 364 322 776 266 353 811 599 921 795 173 61 44 508 908 735 96 107 740 833 892 1 354 993 299 753 530 814 647 355 527 200 542 615 821 134 334 761 662 410 783 313 550 702 813 920 784 426 538 754 500 405 581 110 287 911 389 551 761 599 692 535 444 410 708 376 721 278 42 43 187 810 668 820 112 670 724 507 331 473 241 532 35 982 354 129 329 198 930 972 116 44 307 551 532 163 730 600 272 928 846 37 128 230 832 107 514 253 936 934 302 930 838 271 216 997 347 585 120 110 667 234 723 837 643 370 432 954 274 765 738 531 793 961 96 447 274 118 429 773 667 704 688 966 631 261 700 146 592 78 5 246 550 8 799 393 285 497 415 929 819 505 166 32 61 566 864 189 972 21 849 508 795 89 810 397 205 477 694 925 872 49 960 391 580 959 344 393 106 42 689 806 516 371 156 174 417 676 682 991 109 136 12 306 489 505 459 686 48 119 191 21 173 705 432 905 893 365 141 780 872 423 327 489 263 908 93 662 220 955 126 574 76 8 248 209 582 136 596 642 464 772 734 692 765 629 733 563 441 500 758 763 176 359 873 764 930 578 144 232 192 603 243 538 314 636 133 55 192 6 44 489 893 546 115 919 818 943 575 790 312 91 548 46 203 410 269 525 366 303 798 652 643 429 481 827 168 708 794 181 336 444 331 330 823 171 215 185 786 607 912 586 410 18 182 597 31 208 862 549 396 690 558 881 782 544 457 800 492 832 912 186 854 617 154 151 181 134 161 1000 559 883 253 903 542 153 581 647 797 689 161 27 50 35 944 216 338 364 418 930 119 840 949 935 482 765 841 277 641 307 170 373 543 109 888 268 30 288 216 157 765 630 848 496 873 858 797 377 469 145 85 872 89 21 388 20 244 432 655 991 82 554 705 343 347 459 665 626 169 904 648 887 791 342 771 908 385 599 741 187 624 983 41 92 955 45 27 296 60 235 28 915 127 660 783 911 563 415 670 800 462 704 380 556 91 513 177 558 778 387 183 895 147 743 575 235 939 114 682 189 210 628 793 786 610 631 435 877 983 
62790 61010 60054 62027 63103 59900 59501 63082 61013 62906 62325 62459 62507 63199 62551 59966 63559 60431 62237 61228 62785 62522 59639 62550 63794 60832 64007 64344 61367 61400 
556 111 163 457 614 182 896 226 575 580 739 666 841 714 141 765 208 184 332 55 171 378 275 731 15 807 974 938 59 627 629 788 573 38 533 205 523 887 103 985 511 688 731 939 713 43 303 577 768 199 644 631 987 415 860 915 719 663 471 911 373 412 273 643 755 146 90 67 405 591 505 532 539 394 462 641 554 585 956 585 130 660 237 62 699 360 716 113 636 838 34 907 361 629 405 174 187 483 868 934 207 137 719 437 559 712 941 847 279 990 44 858 165 362 684 784 290 649 932 391 145 57 296 870 657 789 129 239 470 9 308 508 598 270 958 368 251 986 397 479 832 915 317 792 275 937 156 238 828 569 133 993 269 36 569 639 889 35 549 382 362 459 684 996 606 556 875 586 674 383 39 283 503 598 38 719 706 728 684 144 799 923 398 692 537 830 100 377 412 505 75 209 476 698 369 348 816 508 725 627 379 593 788 283 221 162 252 291 197 176 77 611 661 238 387 754 932 260 629 234 409 336 693 668 669 102 646 39 313 733 957 412 514 794 727 690 805 552 357 605 23 776 147 138 956 332 450 535 906 401 164 764 574 502 407 787 949 201 808 894 572 181 963 347 164 917 716 682 19 234 115 283 932 688 205 455 626 777 845 53 840 494 816 581 933 498 291 141 672 439 527 945 469 461 489 837 468 453 75 123 306 686 611 454 553 853 239 44 870 276 173 572 762 370 214 843 432 950 270 970 509 755 111 431 858 749 169 39 599 5 40 793 958 329 533 223 269 351 969 787 1 442 634 509 706 601 64 655 941 893 566 980 250 961 126 840 876 148 759 314 482 93 162 74 795 382 873 27 193 768 161 871 847 27 992 601 465 153 838 725 619 847 221 647 26 235 327 781 650 589 217 446 1 282 734 234 923 29 249 783 739 842 321 631 545 614 399 883 360 686 259 810 195 767 459 737 403 375 494 309 615 605 420 770 695 137 911 171 917 520 668 455 150 212 18 931 625 258 319 357 671 545 466 523 416 121 959 105 849 917 618 289 576 209 951 533 721 898 982 426 814 71 692 668 489 804 533 698 477 389 426 955 660 368 145 364 495 5 322 543 635 18 373 820 273 687 60 196 25 346 90 784 777 334 943 460 698 887 950 42 
413 63 111 312 888 650 111 279 890 995 81 989 623 449 486 398 153 598 253 842 189 540 608 638 60 75 687 476 350 409 463 989 959 968 650 603 879 960 21 729 92 56 63 109 914 888 679 413 568 871 28 57 216 795 356 536 91 21 994 334 300 470 326 837 292 783 641 505 292 123 605 72 21 463 393 428 911 729 612 731 247 960 793 938 192 78 145 655 286 748 479 605 614 551 357 598 605 793 939 742 873 291 266 765 355 806 288 233 512 260 60 280 543 275 390 221 127 208 367 977 288 29 544 20 954 655 521 183 776 254 453 550 159 884 25 414 315 887 755 671 514 385 934 34 998 401 790 651 607 229 255 136 411 5 396 842 488 726 34 932 258 966 988 505 57 580 193 426 6 528 557 713 408 837 89 780 822 46 440 22 481 925 892 199 481 134 544 854 947 536 713 357 527 207 70 272 340 866 426 313 871 772 266 10 974 524 854 55 12 724 471 473 914 619 905 325 894 840 772 376 370 712 13 365 803 829 278 394 621 263 743 83 238 932 470 896 491 803 32 843 946 985 498 337 286 699 963 508 686 243 489 409 20 719 16 530 184 500 509 295 275 565 447 627 154 448 215 249 133 13 910 28 679 74 534 903 314 142 218 116 55 424 156 59 999 94 647 856 90 625 904 52 76 668 154 813 492 598 61 997 328 659 682 887 813 964 238 806 169 97 370 751 876 854 418 356 375 980 121 734 128 755 410 609 439 764 863 615 961 841 102 874 447 772 548 965 654 581 408 902 649 954 390 901 562 417 668 634 129 739 497 341 275 121 301 741 783 482 820 322 803 167 790 718 253 273 493 444 810 771 947 627 527 966 317 16 677 466 146 856 369 653 115 74 130 140 345 995 750 641 565 404 978 218 875 87 14 924 59 59 307 557 111 721 303 519 420 723 952 950 967 785 518 849 571 22 777 587 170 240 333 32 166 973 263 830 381 457 194 750 908 978 467 1 339 531 620 969 312 685 857 344 104 712 353 224 939 4 187 327 860 88 27 128 965 593 402 57 461 567 900 968 444 955 884 262 238 296 292 558 887 856 582 306 127 462 364 682 425 449 151 897 670 335 856 116 533 11 106 291 164 575 688 256 982 153 317 864 497 280 
907 75 488 485 227 292 519 362 618 499 876 360 6 906 220 897 566 96 10 504 93 274 568 413 863 185 783 325 881 866 138 608 690 431 432 930 851 174 457 650 104 927 944 454 338 381 70 484 172 922 752 869 816 976 177 759 105 849 904 958 631 251 651 113 101 653 645 57 272 945 692 5 814 665 757 193 266 984 363 38 52 565 327 974 581 88 778 804 244 961 253 299 684 676 11 715 381 847 271 7 807 447 406 465 125 414 981 474 296 383 178 570 241 621 963 363 45 6 17 957 563 92 329 16 127 991 140 706 172 445 426 980 646 90 804 620 834 585 920 362 687 605 202 272 200 732 514 172 614 209 785 167 413 523 112 436 101 902 999 663 288 890 768 60 566 460 749 393 470 541 363 109 189 771 527 725 872 90 695 822 745 423 183 610 39 382 529 662 705 413 872 343 822 187 776 804 521 894 698 82 240 661 62 110 84 337 841 252 134 259 646 999 656 320 859 293 597 875 753 437 42 279 166 306 565 282 994 625 77 483 781 554 990 222 190 182 639 995 666 739 450 630 106 230 161 120 999 838 966 878 112 889 582 861 151 713 235 806 844 700 810 979 60 792 130 415 893 303 793 323 956 111 506 1000 973 985 762 147 128 394 839 582 437 144 718 755 275 537 450 94 212 952 485 935 775 395 436 351 657 372 221 757 685 205 339 4 509 264 894 680 962 788 386 152 129 404 925 309 585 618 921 636 24 921 535 646 374 330 779 434 206 572 312 70 686 889 737 124 839 168 400 373 267 539 366 750 15 529 344 649 871 194 875 728 81 821 39 39 94 983 770 718 187 611 589 500 353 461 950 41 386 984 189 811 497 504 342 181 441 446 781 936 260 901 868 71 116 934 225 99 877 587 437 446 662 515 927 58 613 42 983 248 832 959 157 324 8 742 553 792 332 609 770 238 806 883 642 127 411 870 130 670 209 417 631 394 935 964 228 787 705 893 213 116 728 909 50 328 437 792 609 385 771 776 667 628 565 708 102 375 890 76 763 970 268 688 1 174 578 907 152 432 930 759 182 779 509 518 597 141 725 725 942 862 731 573 939 75 302 72 248 557 712 995 154 602 396 650 88 334 195 902 226 758 682 476 94 269 258 236 
547 859 25 285 674 829 878 49 145 915 532 824 153 820 370 13 462 582 25 209 768 292 915 754 48 519 295 751 579 468 576 90 523 313 525 286 564 738 961 167 445 339 634 564 95 694 100 967 679 594 467 935 880 366 71 580 354 173 340 176 446 871 20 694 305 25 487 229 895 138 249 752 216 316 149 449 558 144 960 51 614 750 526 499 957 614 700 760 525 118 15 3 307 338 896 833 618 214 665 663 383 306 44 685 403 150 504 312 438 871 600 610 681 468 544 120 896 977 882 408 647 762 852 118 519 926 515 561 308 873 725 196 577 456 36 642 238 837 601 524 26 252 505 418 529 209 598 640 738 170 25 342 270 784 527 190 406 11 737 351 815 682 746 473 508 548 441 531 316 296 745 949 76 702 155 825 74 174 381 295 278 490 412 90 909 159 593 945 855 847 918 453 21 928 22 882 562 813 229 517 559 80 18 517 548 708 5 291 183 180 285 717 237 67 145 408 916 866 236 188 979 950 284 407 389 658 222 613 807 217 1 356 997 199 237 294 632 815 76 86 943 160 182 952 832 554 438 564 51 98 780 542 723 323 16 933 888 646 545 948 404 765 404 116 636 666 837 344 180 320 619 225 197 517 776 857 840 471 910 63 864 407 946 492 336 188 880 724 927 773 86 118 244 438 103 907 164 483 676 184 66 459 385 387 62 181 369 279 667 109 378 119 82 483 668 432 364 166 473 311 989 500 417 725 484 957 818 551 817 171 229 2 315 503 798 524 801 428 104 705 501 883 336 278 820 666 940 339 162 895 917 353 35 36 632 90 0 88 704 633 551 272 853 75 762 197 147 349 487 919 433 799 27 508 644 110 895 905 114 592 544 824 131 268 638 481 282 661 826 93 170 24 755 730 130 378 329 520 79 710 98 628 432 53 3 298 134 136 915 986 568 127 701 74 177 822 357 65 603 922 140 413 525 416 888 798 99 354 258 706 312 868 712 194 325 549 232 837 731 813 265 391 355 466 359 375 963 190 896 461 42 504 140 180 297 92 544 904 888 58 664 15 522 776 25 302 265 777 734 72 657 468 37 728 580 648 903 511 656 824 140 101 520 817 531 35 540 492 166 728 144 6 999 579 96 224 61 272 268 407 
599 599 359 58 318 462 464 323 702 675 29 314 451 178 580 508 87 7 984 971 122 108 64 705 387 756 505 91 667 85 218 253 966 979 569 676 923 570 38 903 54 414 875 651 938 914 761 92 205 702 707 387 183 14 306 279 316 537 600 2 430 624 235 929 933 612 285 735 499 544 631 433 413 805 514 723 788 490 870 342 900 797 82 532 229 706 182 927 765 34 625 814 780 203 967 46 519 457 354 432 65 71 391 691 338 360 291 42 368 390 730 375 613 870 800 776 942 579 885 830 410 183 603 842 331 937 572 279 821 941 438 149 321 306 590 362 393 868 541 578 698 377 478 138 646 41 18 448 673 81 277 198 418 115 875 832 174 966 889 952 27 941 712 896 351 655 399 508 629 527 24 658 590 511 176 329 707 798 226 601 590 951 404 21 318 851 709 68 927 207 286 662 891 810 260 618 328 375 173 153 980 965 944 887 42 84 552 853 892 793 786 725 844 937 565 1 588 500 659 121 252 665 478 146 578 514 113 683 512 382 384 448 101 875 966 781 269 652 625 236 605 96 402 653 66 259 770 18 39 549 840 211 862 868 299 88 287 288 346 917 763 351 817 421 486 432 961 795 785 143 855 791 692 315 690 259 309 371 432 380 844 525 659 327 643 590 617 395 609 120 208 908 995 79 259 98 414 922 916 655 620 664 857 0 692 463 463 916 747 167 600 989 115 913 391 330 408 999 997 608 883 54 467 69 370 173 584 369 966 351 868 2 838 799 323 273 406 484 349 211 983 718 658 492 742 851 654 630 608 411 950 668 788 389 490 548 738 129 894 599 398 295 920 708 526 972 739 446 548 960 999 725 249 492 923 557 237 770 100 581 590 922 897 430 467 783 681 479 734 154 235 500 951 300 953 210 952 886 451 858 247 158 618 748 144 472 399 459 919 110 71 177 745 383 992 335 335 490 856 406 532 307 675 713 657 811 577 393 774 403 389 952 459 209 190 995 516 470 215 459 542 555 533 880 707 848 976 557 846 839 78 719 170 178 630 786 599 704 925 161 736 142 350 312 880 792 787 266 191 692 312 997 399 989 326 389 471 917 355 22 973 709 220 380 469 876 490 16 411 824 434 686 383 704 891 907 828 947 638 253 
125 16 938 816 161 934 350 356 987 920 622 546 795 645 544 128 223 738 588 434 219 354 83 474 344 494 735 983 890 59 35 62 895 231 231 748 458 85 826 550 968 715 469 280 493 179 433 210 209 530 96 212 427 811 117 348 797 693 901 41 191 874 466 461 359 165 458 114 999 89 465 169 515 396 820 882 207 862 658 803 986 384 569 80 57 142 194 663 341 617 203 468 282 691 391 355 911 597 987 942 956 389 105 913 176 247 280 207 870 414 944 903 107 641 632 781 887 81 290 589 901 836 697 106 642 554 129 973 928 213 869 94 331 77 992 304 981 29 309 100 83 738 982 458 432 530 469 320 169 447 420 828 217 926 325 893 816 270 518 226 240 63 661 478 358 806 385 39 654 434 934 297 783 594 60 310 26 534 416 919 9 347 232 328 702 77 483 809 254 623 245 942 274 717 978 902 631 650 222 629 677 372 412 330 382 817 23 142 744 373 292 124 253 178 258 324 344 918 861 106 454 97 122 269 822 539 191 797 242 786 819 703 431 110 990 495 554 639 977 779 416 527 235 829 181 74 602 222 435 901 963 162 191 105 168 618 955 591 788 588 588 17 328 797 466 217 40 65 904 400 633 209 432 927 155 253 581 787 254 57 837 475 75 705 325 312 539 162 448 70 199 734 871 941 765 94 446 520 628 935 921 369 976 593 482 932 548 410 724 523 472 660 604 247 995 392 560 133 47 13 121 376 618 985 246 313 293 156 619 266 645 617 744 830 678 897 545 789 382 487 113 968 507 58 105 646 71 872 270 191 865 531 679 233 118 602 983 126 824 85 323 126 479 312 958 956 366 405 529 440 135 778 36 760 318 183 654 698 738 269 27 375 644 513 764 204 398 102 304 409 410 19 977 142 951 834 848 579 639 200 914 916 564 409 318 658 404 183 833 810 798 115 480 446 542 701 770 942 296 549 740 530 320 846 394 492 39 3 263 175 79 771 99 46 215 30 603 788 623 885 397 723 3 695 702 11 733 41 69 522 696 664 121 750 47 80 966 172 825 68 834 508 525 522 359 796 205 742 232 115 940 917 482 344 977 948 584 909 793 974 217 410 211 919 629 332 527 728 426 118 158 608 818 666 818 165 179 711 256 971 
794 962 559 323 634 265 707 775 776 248 253 781 833 654 881 335 945 892 683 417 55 945 624 67 667 371 556 676 355 260 272 463 24 361 26 708 862 355 100 314 862 237 777 757 236 190 602 665 11 565 899 109 798 568 897 399 686 325 783 527 629 918 230 711 314 268 97 52 524 494 558 927 776 52 755 266 297 252 276 527 142 748 321 871 720 341 28 559 825 307 711 842 839 878 516 204 873 42 663 780 805 237 953 547 201 235 401 1 217 825 556 779 540 423 858 342 132 956 691 144 531 605 967 40 317 513 314 660 963 619 706 270 824 373 710 740 318 584 551 478 185 766 946 706 522 275 291 641 752 36 455 151 792 648 286 436 858 266 889 155 767 557 67 54 922 484 219 712 657 614 151 430 700 745 876 354 583 342 389 618 996 612 655 695 498 602 700 71 303 179 414 769 244 905 368 162 394 907 23 844 36 890 88 190 167 130 526 826 967 666 762 632 886 866 424 326 64 716 684 451 770 762 429 453 166 175 499 879 64 286 373 304 910 704 420 184 943 197 33 953 2 269 389 280 497 732 540 696 821 270 137 388 661 785 319 219 416 147 698 216 407 626 670 163 880 751 536 21 831 789 117 702 522 226 471 530 476 737 734 414 564 21 895 142 207 33 170 867 724 921 125 730 273 381 103 297 642 370 397 321 249 309 915 423 740 242 888 678 134 550 951 710 289 389 405 562 443 289 164 539 259 10 945 761 236 76 274 695 151 578 473 687 287 211 607 408 545 576 2 380 45 480 459 801 458 41 992 130 979 704 211 614 571 553 393 242 454 223 812 341 993 161 52 685 930 85 928 173 637 368 569 289 750 44 159 853 30 817 973 119 423 807 728 617 278 437 424 749 513 87 964 408 738 243 909 27 804 598 796 900 358 592 284 19 795 919 776 43 497 574 0 602 348 20 709 138 325 275 632 682 944 319 761 625 708 484 321 123 483 595 720 930 559 81 116 590 772 284 431 952 339 931 199 588 574 744 906 885 125 452 233 120 454 170 217 327 183 984 746 10 998 142 840 35 718 826 98 728 352 807 160 279 549 336 981 481 943 261 365 157 956 844 591 939 231 568 135 502 381 336 335 381 274 876 205 119 279 230 669 573 
447 682 649 672 673 522 987 818 781 695 260 630 331 346 255 727 738 691 49 494 877 448 306 563 992 981 895 205 267 893 271 313 495 375 758 148 749 841 627 8 258 799 127 863 869 558 777 34 795 983 508 683 314 442 31 805 378 692 991 482 56 302 81 938 929 674 764 806 929 919 421 537 463 382 625 845 537 686 522 28 568 350 810 128 792 575 687 742 812 346 702 96 291 482 279 911 412 934 301 791 488 538 473 597 742 913 2 889 741 157 544 12 503 149 202 730 133 765 980 402 115 987 585 13 386 797 329 539 406 509 69 546 387 798 960 394 854 564 914 36 93 252 732 949 305 732 624 684 412 497 900 43 145 395 807 799 711 824 334 631 189 779 51 10 474 729 58 213 184 99 901 744 593 611 965 53 308 143 319 909 694 104 412 174 560 955 748 754 535 590 822 888 562 173 632 28 296 969 593 153 71 770 879 115 667 314 74 513 102 495 193 849 13 982 541 531 487 293 339 313 740 756 397 626 625 889 782 878 615 321 203 135 373 439 809 929 381 911 354 88 968 504 932 103 581 534 224 854 453 332 862 116 670 644 254 134 720 908 852 422 651 961 999 516 716 664 501 403 7 922 760 439 628 989 324 156 387 257 620 678 991 407 962 896 48 561 178 80 241 820 869 48 62 118 569 612 699 581 374 69 662 568 422 102 460 502 437 719 581 764 800 74 857 871 32 30 583 322 555 35 785 849 401 506 997 373 462 313 854 48 705 25 916 740 247 953 827 137 674 353 427 655 579 897 383 790 407 862 392 482 363 937 493 269 812 610 761 635 901 9 173 203 444 799 411 436 642 117 402 691 741 42 323 432 28 483 386 884 961 604 466 307 733 598 477 933 442 675 107 948 684 986 190 863 156 894 104 745 539 489 343 247 871 981 501 374 195 825 94 530 790 482 754 778 999 933 552 155 35 298 650 777 347 497 796 326 26 126 373 576 618 253 928 219 550 496 622 459 600 574 608 235 219 847 363 636 739 719 557 265 364 206 992 490 578 816 269 722 417 846 43 553 187 957 773 480 530 806 170 466 952 578 973 421 875 616 800 517 813 213 261 285 509 735 822 699 556 29 210 217 762 648 125 292 723 889 256 782 950 475 
399 960 197 422 379 154 160 368 319 905 334 253 725 111 449 689 630 728 187 957 220 308 34 444 378 209 655 14 339 128 285 582 883 63 445 908 975 291 190 522 81 314 344 790 482 798 73 604 112 42 114 692 707 137 683 926 957 474 735 360 230 406 189 980 285 284 617 492 862 236 914 607 873 707 189 359 862 173 647 469 464 240 377 229 39 14 771 443 782 559 47 17 421 280 768 898 63 141 927 495 344 81 72 347 183 761 439 706 505 562 588 303 392 541 787 157 723 116 809 416 309 786 970 458 22 245 91 156 94 980 530 423 456 583 178 126 810 934 202 226 431 891 980 532 216 791 560 10 475 627 329 487 521 32 960 706 897 712 160 45 741 422 719 485 551 726 336 588 672 822 991 711 974 66 886 92 963 613 322 575 486 510 494 373 793 31 293 43 341 663 247 1000 700 786 370 111 134 599 887 353 493 9 660 794 778 826 61 940 254 456 496 537 529 154 689 944 657 734 857 296 33 573 450 832 343 631 264 704 395 834 768 213 913 183 256 170 935 716 172 904 458 862 273 771 983 583 696 259 976 341 444 279 256 519 932 19 328 877 207 42 444 591 168 868 100 824 360 708 79 51 810 254 440 655 3 563 9 259 863 782 96 553 263 243 140 773 24 729 986 29 868 383 114 288 724 133 261 42 208 152 313 977 363 83 97 951 238 544 38 620 976 414 923 727 467 108 721 999 704 635 399 760 929 867 860 623 43 683 880 648 476 392 955 229 852 510 828 989 969 274 981 159 116 212 147 367 260 63 213 522 287 489 208 411 449 773 571 666 652 130 292 987 592 855 299 57 976 692 75 16 707 552 231 826 929 687 301 946 438 179 668 205 407 865 526 360 999 217 575 230 361 246 539 528 348 230 836 491 702 556 241 511 288 714 657 492 633 642 32 762 922 19 243 948 896 356 805 140 285 906 629 441 360 717 102 861 363 798 339 668 684 404 137 200 311 500 168 184 668 991 188 837 459 553 218 799 929 636 344 667 188 602 236 724 803 577 641 692 816 265 414 114 794 4 178 264 963 933 665 445 742 9 717 241 849 936 541 497 445 564 657 550 290 355 133 426 49 468 696 15 315 535 891 443 817 629 619 999 546 122 
63 374 675 523 593 502 105 14 454 787 81 180 434 354 97 988 107 605 519 419 664 305 554 986 925 82 458 76 546 764 38 762 269 357 778 881 169 13 124 746 182 447 750 249 95 381 832 394 10 646 107 235 326 636 558 329 753 616 298 288 490 209 713 884 955 798 54 722 353 612 485 697 291 723 257 632 215 902 122 32 719 938 741 420 615 339 254 245 324 766 555 740 680 526 447 149 684 399 478 543 189 299 397 669 197 679 449 0 836 906 953 908 835 848 421 891 181 841 709 162 655 457 668 451 532 508 684 783 284 370 784 953 968 419 942 941 289 208 410 175 974 927 473 450 323 619 150 822 841 449 285 59 704 994 842 554 695 159 361 346 364 995 949 211 938 110 195 19 291 927 873 914 9 818 241 812 918 582 318 43 84 73 419 585 214 200 87 438 197 424 209 226 72 677 904 809 299 905 82 327 272 474 492 111 86 772 534 879 760 969 740 259 470 383 746 773 78 420 546 879 346 749 165 61 174 121 18 457 486 393 478 772 14 675 889 625 355 859 629 229 744 276 910 442 216 545 18 645 160 196 799 721 957 239 586 43 374 784 929 803 278 39 475 533 201 263 479 180 387 460 826 613 737 664 799 164 91 100 196 999 374 150 61 928 54 261 48 97 957 900 912 624 945 11 382 559 650 585 858 141 694 928 590 301 903 729 672 571 435 661 500 894 932 255 295 103 943 247 687 716 134 983 34 445 910 42 71 226 512 650 645 160 890 157 706 50 81 724 283 468 392 644 882 296 546 208 28 98 168 296 169 252 452 577 321 448 684 867 33 101 858 439 912 831 657 151 709 488 774 643 217 680 43 587 716 34 782 187 353 894 356 536 938 769 384 243 700 173 124 404 206 606 516 408 150 19 710 756 781 604 929 810 458 284 415 523 356 719 657 464 634 220 946 66 126 539 290 202 218 145 493 103 24 472 919 2 507 104 91 27 801 972 210 812 651 78 664 438 372 402 599 833 370 99 177 256 609 32 175 301 163 47 421 940 631 258 674 753 633 152 249 893 338 769 702 913 488 228 860 7 978 704 281 136 594 946 425 885 674 304 462 137 733 760 319 594 934 883 740 552 8 316 956 794 218 755 357 351 592 538 
736 704 315 357 60 129 178 404 340 425 473 630 2 855 847 10 981 124 634 396 310 600 601 166 230 420 991 792 991 328 510 73 783 700 681 855 311 130 110 69 331 307 797 813 335 335 288 626 693 304 258 924 221 19 357 242 793 152 614 868 665 254 281 781 271 670 63 555 178 723 178 72 892 778 0 470 141 345 560 222 236 637 406 512 714 433 413 490 210 699 953 776 537 713 479 928 692 329 967 412 472 798 608 58 309 907 637 80 611 106 530 339 37 35 71 479 311 296 10 298 979 51 616 337 514 961 229 863 842 847 220 462 646 377 57 549 72 749 630 712 799 496 788 828 409 304 170 478 741 563 251 868 945 830 161 667 588 806 208 334 406 653 98 598 556 538 602 566 492 267 269 282 403 834 488 534 13 692 981 728 92 680 51 100 735 505 131 160 231 911 762 319 416 812 59 575 433 125 752 102 362 329 587 449 27 535 919 643 85 975 244 896 322 905 382 157 272 420 298 294 213 869 603 588 547 60 438 506 74 101 946 377 897 48 895 619 973 731 622 23 133 341 624 843 183 446 526 980 96 321 985 937 853 657 150 298 755 27 867 166 452 462 619 989 100 241 469 695 36 533 670 134 297 47 405 490 794 660 720 352 474 715 823 418 338 438 866 440 978 748 993 917 544 686 913 968 637 735 930 237 477 837 928 898 838 439 813 925 403 836 672 385 982 540 926 887 104 946 639 804 662 667 914 664 272 325 673 105 876 644 648 808 362 567 884 300 567 733 513 300 751 734 151 139 446 893 578 420 687 219 629 381 864 963 28 583 319 791 268 635 807 939 731 385 859 919 706 160 529 776 918 968 187 121 30 479 265 681 606 764 973 460 105 471 986 704 765 966 18 889 905 255 306 564 198 198 133 259 898 534 445 311 61 314 812 16 63 437 609 585 286 889 838 954 732 791 48 435 796 686 838 818 391 368 661 342 610 733 702 702 75 342 762 20 817 135 608 449 979 830 848 66 953 664 252 202 700 763 193 97 582 994 870 791 154 31 555 749 592 897 9 900 581 459 977 915 646 296 537 547 10 578 716 955 748 122 29 69 863 702 596 241 757 263 884 830 577 522 58 306 866 626 613 65 888 391 809 719 97 772 
494 799 889 153 424 711 774 191 484 718 879 678 986 458 726 624 272 392 691 414 41 227 125 256 673 495 438 101 733 956 265 616 842 551 952 222 770 485 581 143 355 862 27 303 633 903 125 79 96 597 91 832 113 103 671 560 549 893 111 422 995 198 794 922 616 814 555 64 465 713 554 664 676 71 896 793 609 483 543 575 839 667 557 348 370 519 770 72 873 7 231 670 84 145 358 569 331 706 388 10 23 366 885 432 812 28 699 768 667 667 203 422 698 406 254 185 398 21 707 109 462 282 946 974 783 384 989 301 649 974 752 890 385 654 73 76 519 763 649 547 975 818 37 356 297 940 985 1 31 321 735 33 942 619 937 346 396 70 580 969 271 745 174 741 793 170 499 948 132 559 970 486 689 343 523 462 0 598 774 971 381 861 352 349 23 252 697 878 537 986 969 488 602 439 910 428 925 210 496 74 731 951 1000 205 632 3 392 175 270 793 851 991 718 64 580 37 239 412 314 845 196 90 600 781 49 356 263 195 720 256 398 515 267 908 554 340 981 997 953 206 497 898 512 442 769 582 224 91 79 133 158 794 832 685 39 196 708 968 439 278 149 124 665 152 771 59 175 565 294 403 323 237 207 142 795 824 703 539 602 883 877 399 10 498 106 799 275 418 370 778 13 121 977 780 591 467 447 9 800 9 868 502 243 445 967 290 29 88 402 932 176 68 137 988 148 365 754 57 933 518 428 43 682 667 351 979 169 54 840 231 27 904 979 684 670 339 511 185 245 399 333 244 675 46 494 375 20 308 229 823 688 950 148 746 360 45 457 496 705 945 509 327 627 773 430 492 513 176 720 393 998 882 208 870 938 376 781 527 411 579 388 328 947 342 266 587 601 460 557 609 869 928 113 356 730 351 620 494 58 985 618 881 902 744 657 408 834 230 628 811 470 807 443 295 253 963 850 752 887 55 156 518 972 998 876 622 339 346 558 622 931 977 296 547 990 213 347 985 564 581 107 844 371 250 653 520 160 630 241 498 433 461 243 823 710 189 860 731 681 758 389 484 377 221 664 772 173 413 181 597 631 529 233 739 7 163 214 237 96 645 291 384 323 128 932 356 102 150 403 901 699 47 961 796 900 708 680 552 749 792 
158 936 475 254 888 717 937 998 944 231 938 46 24 104 122 782 733 589 976 635 470 418 160 458 885 117 820 82 842 461 492 240 255 815 844 90 868 669 171 719 906 578 105 791 113 30 237 114 514 198 488 294 264 216 704 986 235 767 365 483 504 764 488 479 653 518 761 30 571 907 787 778 611 921 806 599 540 332 956 400 827 518 797 837 7 341 961 945 766 162 165 392 793 569 941 486 526 668 927 584 774 71 820 684 196 410 27 482 943 111 889 664 999 841 63 121 229 708 877 176 505 496 242 628 461 469 725 25 683 944 703 929 516 676 914 755 493 969 285 463 781 28 111 516 80 6 298 232 965 577 170 944 386 655 182 78 80 508 915 814 412 203 691 252 256 573 458 843 334 981 129 270 742 814 989 940 119 611 980 778 359 726 165 854 748 323 181 394 699 122 216 725 583 234 277 516 522 901 367 460 184 643 761 832 75 106 177 426 510 508 161 965 124 293 739 515 322 556 962 545 82 768 638 433 605 551 478 198 910 346 952 489 811 847 723 611 142 947 44 950 937 107 618 14 710 229 886 404 821 942 746 498 8 513 465 623 49 9 752 32 653 479 961 786 402 235 38 344 777 177 702 801 10 737 613 319 87 969 125 38 862 983 256 803 464 936 933 552 497 244 48 740 740 873 483 949 96 49 689 550 700 953 78 503 202 78 612 895 538 452 221 887 679 732 425 705 75 590 518 674 508 483 283 446 590 77 283 18 477 367 544 741 693 372 276 124 763 509 805 199 920 875 443 217 4 503 244 42 604 17 208 117 397 755 503 907 823 646 154 713 784 456 643 697 688 503 319 877 809 151 104 247 838 48 16 908 560 809 408 989 772 660 711 669 905 843 839 88 372 594 200 131 684 204 328 926 753 824 594 700 393 334 862 107 826 881 365 336 657 628 208 121 787 734 156 929 687 218 69 943 737 396 893 263 514 555 499 857 752 838 693 372 895 179 957 217 930 917 32 224 651 908 256 797 507 747 636 35 178 8 377 979 290 26 495 527 205 114 720 684 616 549 449 659 395 566 43 821 606 21 318 81 192 253 258 65 903 849 79 141 802 700 445 91 560 796 855 722 815 68 519 424 171 755 676 620 478 11 980 871 
669 509 264 802 733 902 900 156 303 684 601 606 701 770 378 385 91 683 95 99 187 163 856 168 478 990 913 553 190 570 147 997 866 497 666 94 249 241 661 913 921 779 716 236 233 336 997 443 131 6 515 173 853 232 411 326 293 244 285 308 180 423 826 559 806 890 712 833 112 149 370 323 396 986 75 268 914 18 303 388 50 16 389 4 262 320 599 149 599 63 65 875 910 513 658 529 553 225 878 438 45 300 474 77 772 194 522 286 324 399 98 385 514 797 111 931 357 250 306 762 189 920 482 857 831 131 930 318 516 614 397 316 130 556 281 60 191 579 933 192 210 48 80 807 785 456 322 887 736 64 533 24 549 579 857 472 255 746 878 725 34 361 192 216 524 198 360 274 743 433 237 537 660 778 760 680 797 800 702 286 674 947 551 605 900 1000 569 647 804 877 235 655 552 951 205 981 547 929 748 295 690 306 528 93 517 0 593 75 931 317 659 148 984 584 763 251 222 983 243 222 789 686 142 12 544 824 673 864 877 707 211 579 50 1 919 342 700 789 859 76 446 5 3 36 480 486 376 432 71 960 826 75 854 755 378 746 715 197 588 100 72 655 963 244 122 901 833 31 423 16 738 73 813 687 580 225 61 468 291 134 631 900 87 208 242 286 855 691 732 629 195 986 621 170 260 784 368 723 980 26 983 277 851 619 1 766 360 31 131 739 377 364 16 647 702 842 383 521 555 734 825 106 978 287 72 128 764 430 971 772 341 629 0 446 419 449 988 88 156 378 545 341 978 60 428 597 641 852 561 241 80 715 848 585 144 742 272 923 637 981 510 340 658 232 260 45 386 917 185 67 108 781 815 809 566 630 23 600 205 942 681 39 61 234 737 462 168 731 140 689 608 10 268 528 311 224 181 214 334 251 453 522 353 361 733 630 56 271 807 868 145 454 344 788 802 605 773 651 920 420 166 389 900 97 938 488 429 125 280 133 585 765 152 344 684 335 759 330 343 425 990 431 61 893 161 769 27 78 770 814 802 386 488 712 210 225 805 788 268 676 130 428 592 676 179 866 760 874 354 655 443 346 661 318 638 458 548 89 635 818 856 293 966 624 392 3 766 644 504 53 421 394 131 449 867 420 839 528 536 865 
627 472 87 885 647 572 533 581 251 970 430 877 494 251 80 748 658 904 726 875 792 153 720 478 960 824 976 573 424 906 989 265 934 421 590 691 803 59 719 579 599 576 989 234 438 160 733 885 401 16 314 809 35 169 307 455 852 558 884 54 903 992 443 541 275 189 398 851 596 198 543 498 617 207 627 214 94 267 550 840 147 674 788 350 991 491 878 818 591 552 45 645 595 141 615 594 388 627 730 534 357 974 953 291 317 332 488 16 724 736 95 707 844 728 639 389 815 548 835 997 976 219 462 460 611 740 975 836 339 987 190 942 733 952 430 472 126 990 353 501 301 231 517 865 15 224 446 847 259 407 577 12 993 589 874 960 760 94 700 137 303 316 876 642 491 188 610 689 453 753 722 264 471 774 685 798 67 475 225 216 777 179 574 759 574 607 957 228 984 556 878 535 870 181 840 71 381 661 575 255 286 30 512 750 268 456 61 339 620 434 781 130 994 295 640 106 517 366 686 209 649 339 854 799 382 280 120 278 29 109 493 299 396 794 832 984 626 528 885 400 215 172 234 21 454 785 227 400 90 628 680 569 557 923 735 50 870 507 154 144 510 905 787 863 421 762 193 754 980 613 763 298 418 809 123 570 967 199 687 194 582 367 657 947 435 218 558 869 661 865 246 80 698 898 37 1000 742 160 570 667 49 619 193 753 669 764 221 322 411 156 325 454 638 549 538 982 844 679 887 155 974 896 240 117 664 29 445 884 783 494 380 386 399 149 937 591 461 18 815 176 218 429 128 831 693 167 534 427 330 273 753 872 303 399 813 574 76 620 792 345 994 918 486 358 174 285 353 310 901 478 515 877 955 886 122 264 685 586 420 537 736 274 174 536 874 738 245 593 501 780 443 69 482 920 297 475 733 479 658 93 740 164 808 697 869 99 988 24 509 885 849 902 506 449 432 997 465 488 746 291 980 807 672 797 236 574 690 89 457 597 729 448 565 842 845 516 150 90 339 154 588 530 879 844 94 232 132 684 411 582 212 565 662 686 134 570 534 990 523 855 562 337 424 414 411 217 934 95 429 613 645 727 104 812 382 96 961 103 526 979 268 566 938 832 197 343 536 69 629 188 518 531 951 315 820 247 421 293 406 16 
557 952 949 495 382 542 557 79 794 170 789 997 522 396 263 973 143 139 484 61 569 237 167 795 395 501 748 430 810 386 143 720 909 155 540 420 678 679 314 536 132 849 327 893 853 607 766 722 238 294 782 989 172 478 840 554 839 554 270 394 846 189 108 488 744 221 467 44 239 111 502 251 775 359 576 412 312 973 234 832 902 406 253 172 10 736 246 553 51 35 812 366 119 147 993 932 195 910 83 541 234 961 304 756 613 869 331 653 111 772 829 260 860 423 837 458 548 105 386 180 539 307 769 930 953 928 957 691 466 555 34 223 522 791 11 140 264 717 814 379 575 828 781 193 246 866 402 606 397 974 347 874 19 151 35 179 800 399 748 335 142 354 105 938 532 296 168 318 763 580 839 713 447 229 963 767 215 750 432 141 143 357 595 360 559 487 168 760 805 775 330 805 859 966 373 540 166 299 334 303 781 794 919 425 978 735 578 301 370 881 175 310 747 248 523 561 686 972 488 339 460 483 277 680 677 364 823 634 885 551 337 478 624 507 168 477 125 998 298 141 124 305 730 18 476 435 139 66 204 292 907 724 330 971 879 360 266 941 705 877 104 34 371 585 599 942 582 806 293 154 1000 25 634 620 644 31 470 770 200 313 44 521 440 602 686 386 120 602 969 750 241 301 69 315 338 387 414 885 18 877 739 459 318 291 24 997 193 787 662 912 262 393 199 342 446 596 734 156 963 752 172 939 450 330 74 593 803 934 233 137 334 490 229 693 98 855 867 178 551 423 532 337 132 582 623 664 69 365 130 161 20 300 295 983 951 128 707 42 518 934 907 82 87 830 206 466 798 580 667 683 799 472 289 238 852 341 77 331 692 64 0 799 506 791 292 173 564 121 188 295 173 927 661 332 901 588 720 953 875 730 284 281 881 393 173 513 381 331 560 876 665 904 836 380 911 141 795 247 343 253 187 955 334 753 795 730 470 599 62 656 626 519 636 915 764 180 78 779 688 740 322 217 430 701 587 486 200 958 383 247 534 792 626 31 427 461 818 901 838 273 962 223 568 722 502 924 989 73 88 451 910 364 590 510 867 957 212 286 799 64 842 535 806 618 238 263 461 796 518 620 873 562 737 732 560 463 897 830 755 493 
821 242 595 888 365 204 138 217 655 321 540 787 141 675 386 283 849 509 744 173 462 969 70 938 374 404 709 757 102 299 312 361 19 227 300 229 289 567 609 984 228 335 36 992 557 564 982 73 418 981 370 560 970 816 236 47 401 224 687 605 139 565 408 837 819 680 667 289 321 60 38 610 474 774 889 434 66 753 751 999 194 496 894 539 740 598 246 35 854 98 260 275 653 640 220 300 602 228 497 611 743 627 902 996 850 976 788 721 546 582 433 792 225 788 944 525 162 537 808 407 128 924 971 255 969 724 64 114 845 246 93 389 847 465 242 940 391 635 4 14 884 787 0 372 889 75 387 662 42 146 106 403 43 858 484 448 374 592 64 342 683 43 757 550 400 930 730 676 51 493 298 436 880 959 695 949 74 235 21 339 461 91 256 860 855 427 326 938 849 42 455 914 994 800 390 940 414 415 196 972 974 193 345 892 891 58 92 492 327 126 985 854 406 364 90 250 140 387 678 274 471 858 895 731 620 239 859 749 532 939 173 441 429 730 888 196 746 504 974 165 801 500 462 547 572 950 456 43 746 220 355 53 67 179 672 123 333 400 774 252 415 486 45 271 344 130 246 545 273 623 19 703 979 229 130 851 372 750 418 727 598 221 102 102 164 820 946 143 855 977 834 697 615 156 348 702 653 484 647 541 39 812 561 480 852 211 72 791 951 990 526 281 854 274 456 341 650 94 353 301 85 259 274 178 5 402 487 927 289 586 329 972 924 346 392 532 122 354 878 801 689 380 197 687 690 45 243 382 145 502 780 157 337 267 399 632 337 439 408 712 996 175 697 229 912 501 305 268 805 749 716 612 351 258 760 587 661 471 568 720 605 895 327 520 87 528 208 545 232 284 39 867 363 462 133 767 329 822 419 429 419 222 967 68 377 110 75 773 746 273 987 828 950 103 589 863 707 999 561 505 436 796 587 673 411 185 997 768 897 987 314 864 499 819 779 155 732 100 949 841 674 369 554 178 499 887 723 6 860 801 254 664 1 472 1000 873 712 226 4 828 374 381 765 591 807 857 627 452 526 77 874 193 409 842 388 837 887 350 585 203 823 84 271 922 789 661 742 403 489 653 995 259 497 850 340 752 744 799 57 794 
840 933 88 171 176 592 12 654 499 776 643 555 328 415 51 113 891 157 95 702 946 337 713 397 443 937 302 977 802 838 684 471 810 67 4 531 744 709 424 254 121 201 32 403 89 432 485 885 476 326 148 257 457 299 255 687 155 289 803 693 406 346 643 793 23 264 615 201 577 768 396 363 538 579 982 280 951 524 178 912 331 638 147 524 19 970 526 373 28 623 428 175 129 295 70 890 595 214 217 473 245 858 194 90 967 150 208 120 53 343 159 735 385 972 602 545 503 455 427 345 125 183 950 187 871 981 422 415 140 92 357 708 735 774 389 724 176 743 87 29 197 846 431 704 432 905 74 355 341 307 112 164 785 107 512 87 378 794 623 794 597 508 303 965 379 901 983 598 116 81 6 609 92 356 497 695 351 301 264 641 479 108 742 233 607 157 550 790 952 880 555 853 475 83 371 466 730 918 341 466 20 975 988 713 888 499 884 823 699 477 135 267 789 826 326 851 838 826 543 481 183 871 76 846 375 356 43 138 492 133 424 907 533 876 390 908 199 794 297 477 268 288 58 693 966 347 859 376 910 587 426 524 368 27 984 965 155 894 121 625 128 750 334 274 211 169 565 953 141 950 386 812 560 184 405 428 311 770 867 541 328 587 723 997 303 890 402 576 365 841 856 858 917 24 690 902 692 853 475 780 39 797 367 595 189 823 123 670 860 775 922 389 293 705 909 702 284 718 577 926 257 403 593 924 200 836 347 647 695 261 682 351 287 253 7 882 347 877 955 545 557 13 334 704 312 669 738 14 560 458 552 632 411 977 221 942 136 633 494 900 384 369 402 266 737 398 325 585 876 807 867 507 743 413 882 979 59 249 893 179 391 658 553 61 934 486 67 652 937 364 356 927 511 633 111 514 273 270 837 801 548 517 479 310 660 543 880 447 962 275 467 544 532 696 140 740 110 820 943 404 987 464 799 711 51 72 839 439 145 966 10 18 316 509 605 432 171 168 519 842 998 302 118 902 658 339 257 482 508 427 340 10 842 291 283 139 142 31 468 615 343 997 159 100 819 634 443 446 855 896 549 640 454 401 678 173 600 791 705 294 820 500 957 340 565 686 510 338 502 791 605 34 463 598 142 660 199 996 7 778 
818 365 678 200 455 240 594 68 423 562 729 618 451 205 633 319 525 915 523 626 283 786 879 828 280 623 854 461 516 309 597 429 657 967 978 137 863 573 990 518 676 16 410 919 372 852 318 971 687 989 32 885 40 753 313 20 921 790 807 298 929 919 867 990 275 262 233 44 294 790 990 786 443 733 980 441 948 995 123 351 394 535 802 140 182 59 24 761 211 863 231 636 607 188 809 545 221 668 631 444 402 426 174 998 680 940 669 265 9 165 680 160 894 321 850 372 838 627 279 923 850 884 556 489 719 146 956 739 471 437 164 841 32 821 18 896 756 892 280 307 0 86 329 351 697 133 672 109 779 170 364 727 509 602 29 432 579 463 981 210 591 907 256 47 391 922 58 648 617 988 811 265 796 104 417 377 83 371 523 905 916 313 254 995 910 426 764 851 668 735 155 972 619 198 568 850 565 362 458 156 823 260 143 913 606 710 72 373 314 538 512 10 974 50 311 4 294 877 281 460 714 546 438 471 295 897 158 134 792 540 645 613 59 810 264 247 962 155 845 361 369 651 274 348 464 79 944 38 435 164 88 417 11 903 405 934 955 403 861 468 146 167 964 933 39 172 825 789 776 440 148 375 75 948 865 318 459 186 732 5 558 71 785 258 61 371 337 905 332 317 101 115 985 434 75 593 852 3 303 775 827 961 293 164 516 578 928 585 218 638 888 242 657 869 0 833 111 766 44 69 442 975 957 2 847 917 818 871 280 150 521 989 980 11 128 244 372 542 677 34 670 113 796 329 201 68 627 133 998 352 341 154 877 909 69 398 295 982 920 711 443 741 672 715 764 418 521 517 434 772 560 29 458 727 506 322 170 652 260 121 520 681 990 648 219 95 397 695 58 737 233 672 722 183 708 358 690 679 571 444 466 687 410 654 429 295 207 222 819 754 154 681 810 375 768 453 521 40 877 206 8 93 200 284 155 553 216 87 601 452 593 115 839 360 291 676 515 138 945 869 934 741 506 611 155 22 303 78 474 131 448 50 985 346 764 77 25 422 348 853 66 895 337 765 535 775 813 838 425 536 814 356 386 196 336 776 325 521 649 903 594 374 408 397 545 711 965 696 270 984 366 434 279 788 978 665 649 220 124 686 
495 554 563 946 299 556 83 291 385 822 957 28 849 72 821 542 636 430 815 335 462 428 618 400 838 368 70 664 891 368 312 731 932 992 872 728 896 202 660 69 740 960 780 176 582 376 408 186 965 171 815 180 652 629 427 20 776 635 482 626 876 102 359 61 100 563 430 121 895 925 467 594 800 367 464 66 422 644 607 73 335 4 530 539 820 583 910 426 697 145 988 322 122 949 660 256 320 344 230 585 143 928 348 403 804 158 653 344 867 912 781 165 364 782 391 493 121 532 866 89 2 367 27 726 357 789 828 439 125 74 121 34 284 752 761 828 317 824 700 69 259 920 280 545 895 375 246 937 44 246 146 815 147 652 129 774 686 702 739 946 850 398 690 732 850 30 647 315 215 379 451 151 488 35 424 620 577 381 84 850 958 365 708 355 995 341 780 961 974 433 80 603 21 413 218 20 922 817 67 769 851 295 166 626 912 13 634 142 56 656 390 528 427 210 799 88 21 51 654 492 774 572 533 894 648 622 33 281 428 580 962 594 612 141 468 564 459 102 79 399 355 365 614 794 862 87 648 872 79 610 88 235 663 633 157 690 737 367 303 789 814 183 924 842 31 206 141 402 773 37 366 336 689 496 722 804 850 168 51 101 105 471 864 543 972 206 680 606 275 136 332 480 946 725 651 707 871 872 978 321 498 977 341 291 398 155 547 796 847 841 274 872 596 955 27 617 312 557 32 220 964 465 688 885 874 82 486 848 98 939 522 521 542 561 562 141 156 216 164 132 694 693 53 368 732 560 216 66 893 917 637 493 570 732 166 798 476 659 0 410 370 786 509 411 670 378 501 335 450 326 991 745 220 893 96 482 722 966 710 580 82 458 447 253 185 51 364 257 6 450 726 966 144 411 960 527 143 356 428 118 923 113 326 678 23 373 24 400 354 673 299 810 893 8 770 995 803 602 621 711 817 109 997 263 797 727 427 936 954 16 687 440 771 154 24 533 346 172 713 956 437 872 848 344 843 127 944 534 264 672 745 961 339 774 120 959 290 757 746 217 424 474 219 158 899 776 902 458 183 982 190 153 38 749 739 788 686 690 703 793 610 629 751 16 393 780 66 460 643 850 589 234 986 413 368 139 136 113 355 449 
301 408 670 916 373 767 975 833 321 955 946 462 778 768 325 162 638 910 555 23 181 742 951 659 577 862 795 647 759 902 103 379 310 342 300 69 669 177 623 61 493 751 726 341 15 850 492 7 170 650 363 780 11 345 174 575 462 893 581 579 634 432 561 83 873 703 712 835 923 351 427 850 386 173 153 370 800 872 805 460 400 547 654 540 48 943 766 319 875 651 501 393 180 507 354 271 630 590 811 874 612 190 636 31 70 315 141 929 608 771 205 937 438 725 393 577 945 287 535 890 870 541 907 416 987 383 953 489 453 935 132 388 82 855 279 634 839 964 322 398 838 743 55 264 320 449 528 987 530 468 233 153 226 273 693 370 680 987 565 435 629 975 756 198 544 239 341 194 563 493 115 981 378 803 238 357 145 351 165 308 670 383 606 134 749 38 112 796 404 96 898 211 422 181 342 837 360 346 562 782 739 338 546 898 170 851 675 14 708 276 525 396 233 788 104 281 723 335 842 5 153 921 774 151 614 528 344 4 172 935 281 566 801 780 157 842 35 574 703 864 227 121 344 160 9 635 687 557 244 399 40 532 312 929 583 288 182 582 223 794 885 26 321 502 80 839 453 161 789 9 740 948 527 565 926 756 604 162 974 470 734 449 524 428 325 414 338 18 741 29 55 634 583 908 726 909 547 300 205 929 702 304 223 673 527 176 834 135 640 522 386 636 323 57 974 183 938 426 402 59 325 723 348 23 856 428 199 704 353 719 552 123 372 606 970 101 122 341 40 946 704 565 862 361 200 198 133 887 793 140 44 333 94 758 158 90 178 685 313 6 492 885 427 334 125 316 67 600 857 935 449 36 859 97 628 412 897 301 429 974 305 908 923 574 516 941 458 863 478 564 381 244 45 847 937 226 47 485 262 689 954 114 417 458 578 36 349 515 516 506 771 793 361 460 11 305 507 56 311 641 905 144 312 760 690 107 637 971 338 224 569 122 598 927 638 874 442 6 17 124 425 559 28 754 111 710 443 532 953 52 106 83 274 204 203 587 970 767 903 184 881 0 59 808 941 965 680 473 846 538 255 86 341 656 652 779 685 160 711 435 227 672 797 553 673 858 710 437 271 125 319 639 920 165 165 947 847 731 96 228 
348 352 914 287 374 816 687 181 662 533 959 424 66 515 796 182 23 154 849 986 786 14 948 555 157 829 432 986 261 615 182 194 223 770 922 623 390 354 641 491 213 166 859 874 734 250 128 253 713 389 661 191 301 171 792 336 20 192 499 735 390 525 944 818 863 405 658 473 723 421 100 653 491 811 761 842 397 566 40 903 53 147 375 644 804 803 390 715 283 62 285 382 245 187 576 159 361 546 49 576 913 308 435 23 163 739 663 30 156 779 511 346 514 602 266 845 471 559 106 997 582 101 612 955 489 29 692 487 934 418 711 611 598 70 715 14 918 25 584 747 570 57 549 810 399 918 844 131 12 182 594 214 2 190 94 893 971 932 651 422 80 524 36 224 903 375 921 579 614 724 781 668 751 415 36 22 607 713 210 21 952 75 23 47 648 580 279 308 21 74 291 38 245 48 642 175 537 26 43 782 988 820 914 569 163 593 549 304 133 532 966 779 147 711 227 418 309 235 996 381 523 876 240 96 787 791 894 460 454 835 456 657 58 632 303 31 845 737 433 578 559 497 103 868 725 870 569 483 265 338 676 710 561 434 568 316 348 478 706 118 759 513 441 723 561 498 32 160 7 789 985 105 327 884 533 456 986 404 850 930 949 294 848 838 41 204 813 369 268 500 729 987 319 244 521 311 24 529 424 466 469 383 12 199 676 334 390 172 224 378 128 187 293 877 462 240 26 975 674 230 120 875 393 273 431 52 495 966 567 19 228 323 431 273 752 103 923 571 919 508 609 571 984 239 697 131 834 2 726 773 841 750 351 143 629 451 47 661 751 407 925 405 55 220 869 328 737 400 917 58 463 159 798 7 756 550 81 204 237 428 175 800 117 630 400 953 820 269 568 304 637 721 913 145 259 216 274 173 756 979 407 72 722 243 946 197 705 789 640 851 603 936 412 451 319 217 58 163 804 124 686 570 391 518 30 219 509 574 314 713 706 933 207 835 746 560 95 755 267 696 908 995 858 441 268 912 753 60 285 419 260 480 52 847 744 386 686 132 493 941 961 312 278 557 885 953 892 592 21 937 174 666 576 475 700 440 492 886 95 870 900 422 53 558 290 211 62 191 817 399 563 582 907 359 703 269 117 92 237 45 
440 753 464 548 82 235 599 32 860 121 746 818 749 680 231 947 673 279 981 386 16 716 76 573 150 448 72 329 686 949 253 162 968 923 541 632 56 782 371 412 155 176 174 301 310 753 177 710 273 343 829 692 375 65 123 390 112 333 587 359 170 982 689 125 138 196 115 337 413 685 811 626 879 602 377 695 89 647 567 847 407 159 608 635 45 558 767 536 616 22 788 632 742 25 888 975 931 865 936 306 950 11 312 586 47 375 18 117 448 724 988 285 559 571 77 104 308 664 152 979 72 612 847 643 231 424 916 848 240 841 29 865 145 355 131 323 380 914 10 701 960 570 686 660 734 11 256 801 985 907 779 551 357 519 743 721 301 907 589 968 378 324 974 637 294 173 700 870 85 316 288 902 710 56 467 962 788 585 374 749 931 695 215 168 620 321 643 430 265 567 160 298 239 856 109 227 760 341 54 69 588 643 929 22 510 71 100 222 178 149 679 560 414 57 460 87 30 631 961 525 523 628 145 621 857 929 42 362 522 280 394 27 928 170 436 557 528 872 571 633 78 97 951 532 918 269 826 823 263 911 284 609 531 889 311 235 916 574 226 290 633 713 242 96 592 314 954 760 537 988 86 5 876 197 32 161 706 568 678 252 709 847 191 683 17 95 61 958 392 435 803 113 831 971 543 868 827 377 988 384 654 908 904 160 988 604 543 440 182 698 97 275 913 838 536 812 145 674 674 589 971 846 696 387 872 945 126 206 379 237 47 305 977 38 742 630 749 45 771 230 128 411 885 294 193 454 750 688 501 946 616 504 482 953 512 291 11 640 950 756 231 228 176 144 720 563 59 933 652 201 446 112 901 38 420 95 78 514 485 632 533 848 279 30 102 191 407 587 986 529 437 274 258 779 378 930 395 856 744 336 756 441 4 345 132 870 424 960 515 653 23 654 833 823 589 612 219 497 659 367 328 99 897 981 333 33 452 612 588 0 850 207 114 428 679 13 459 146 914 593 326 353 817 359 555 546 906 893 259 30 755 259 8 52 975 31 160 682 304 119 560 196 722 471 701 257 501 365 514 148 743 766 824 188 638 813 90 908 683 273 786 629 500 265 898 548 809 573 539 823 140 66 732 566 608 959 471 59 298 188 
623 351 581 287 956 70 582 99 257 217 566 418 402 698 566 341 789 578 578 34 49 303 318 634 637 849 472 271 492 1 477 444 94 963 391 797 924 632 527 250 211 123 774 85 870 825 868 701 383 124 85 371 393 120 379 969 101 309 641 181 13 527 189 665 861 523 995 539 569 16 321 272 46 898 322 426 171 911 736 236 208 260 636 589 666 519 184 739 913 187 848 659 337 671 135 293 760 713 391 690 448 756 921 346 436 840 255 965 775 289 990 602 314 957 25 574 650 881 318 26 795 122 424 977 663 810 9 775 755 884 132 295 91 757 631 956 580 292 885 813 856 529 866 254 755 660 657 916 493 872 742 995 443 845 432 364 927 678 112 993 459 74 359 595 736 312 576 583 789 79 707 195 545 212 361 115 661 524 945 896 641 188 462 608 10 70 531 691 550 711 714 685 215 868 390 380 309 418 875 34 94 601 931 41 524 627 249 401 746 43 882 891 734 88 206 623 261 488 149 777 654 447 782 771 264 814 791 551 228 98 374 861 151 537 262 236 763 230 394 303 344 20 404 986 184 59 893 916 236 837 386 916 581 548 925 155 342 795 949 97 541 299 438 30 928 27 362 812 810 151 176 526 822 470 769 722 391 839 26 350 665 986 850 889 794 616 520 696 116 536 578 886 89 141 69 851 14 352 598 949 588 287 313 714 338 865 934 684 665 261 308 804 570 3 136 252 93 569 749 416 186 378 922 496 551 524 297 431 945 698 886 760 51 970 157 394 753 795 500 214 216 795 708 573 625 456 439 190 230 950 314 204 527 260 10 376 659 518 741 565 387 829 962 439 746 395 978 184 125 785 695 704 699 19 59 361 847 185 334 93 974 981 787 345 545 34 540 471 222 629 602 926 642 147 265 105 659 558 55 195 819 277 130 345 802 253 423 462 684 48 109 492 958 693 83 478 793 277 93 673 903 530 388 846 908 494 595 306 647 577 982 533 698 509 997 508 846 941 305 917 290 208 452 158 20 298 63 397 465 920 19 914 969 726 914 832 0 692 66 961 122 400 95 904 838 257 812 646 470 965 508 288 364 145 14 37 22 386 613 863 773 829 288 935 580 387 210 306 783 934 789 677 469 590 906 409 963 463 281 426 
55 946 150 125 47 361 1 159 537 528 599 115 212 770 379 41 426 266 953 294 248 170 476 37 10 784 387 956 963 896 573 820 477 117 826 529 224 935 114 852 233 801 204 401 233 551 855 181 713 351 239 44 619 79 99 458 178 295 11 713 262 147 537 914 402 628 479 700 749 580 231 878 540 67 456 375 432 47 560 341 701 407 119 453 530 641 759 973 876 681 552 241 470 528 126 914 625 129 269 989 264 274 758 240 406 768 574 245 800 94 128 96 280 465 584 188 948 370 958 469 143 238 634 705 830 707 70 538 337 590 43 99 475 72 861 876 64 300 985 885 727 526 177 169 120 83 550 878 745 129 144 233 393 414 413 853 902 947 467 522 86 203 27 969 673 678 664 960 596 978 814 912 90 128 836 278 745 137 619 28 582 386 193 552 182 246 219 864 956 395 739 94 486 648 18 825 17 851 262 51 774 952 688 324 331 451 253 935 864 233 32 908 840 423 84 912 747 981 27 436 230 216 976 487 874 106 679 1000 10 584 485 314 50 888 290 301 80 919 870 25 653 70 673 940 906 241 20 458 752 147 419 375 12 175 614 970 752 481 326 803 930 577 366 399 859 103 239 586 372 661 776 100 579 957 152 309 535 660 834 468 278 881 728 789 518 456 711 188 379 15 420 593 452 13 548 217 847 712 577 771 989 295 123 797 136 411 280 716 45 777 18 652 935 569 170 24 486 48 499 306 441 229 376 75 580 734 654 17 280 423 710 907 749 923 725 785 853 75 761 831 101 420 465 507 505 999 323 442 839 890 795 437 296 457 863 715 395 739 807 297 824 715 113 198 21 225 878 543 413 566 755 236 978 193 698 890 709 586 64 814 413 985 332 568 250 147 339 481 735 990 958 880 743 934 790 575 427 88 113 589 508 408 624 701 49 595 30 604 709 530 367 300 116 190 239 562 437 916 71 84 579 702 245 232 293 692 407 994 854 53 462 143 173 406 834 482 369 901 71 371 175 785 597 296 135 717 219 590 266 17 869 35 568 204 648 888 410 653 839 0 65 785 636 560 128 24 420 387 109 656 609 121 92 27 369 690 517 373 483 19 489 364 432 743 223 615 692 941 323 416 500 509 889 491 926 257 189 839 778 73 
6 492 1000 852 570 964 70 616 337 581 499 750 42 392 227 743 612 611 932 491 866 631 771 638 670 940 120 497 588 650 164 641 829 605 389 931 327 564 865 375 892 454 625 622 24 825 365 891 9 898 171 587 415 192 59 323 824 697 670 136 610 904 85 437 351 973 506 585 775 281 987 432 510 75 0 34 731 825 974 225 337 171 868 299 870 620 215 61 828 888 359 429 292 811 272 807 570 394 544 125 61 916 872 955 82 754 423 708 334 19 930 765 315 890 972 463 656 81 281 955 102 116 513 276 916 2 268 946 464 216 556 759 348 714 245 544 52 365 231 726 965 447 982 283 794 874 146 505 632 599 314 998 581 263 640 727 151 162 0 618 124 396 472 178 939 26 363 449 580 145 826 326 876 667 509 259 897 660 288 661 664 875 30 198 211 402 286 246 431 876 792 718 682 268 627 97 8 950 81 411 756 607 326 777 310 698 309 196 278 474 705 605 698 41 334 62 861 92 488 253 864 697 322 328 865 840 825 251 419 49 990 874 173 583 323 832 199 1 520 514 660 38 277 811 853 257 369 942 849 663 913 756 743 856 486 877 602 449 693 513 619 6 735 335 192 717 702 467 549 5 325 87 605 858 153 303 141 483 558 728 998 415 337 756 582 838 851 436 51 47 535 475 869 802 306 677 345 870 391 79 795 647 3 725 642 589 615 434 876 772 906 423 697 908 953 859 468 453 829 536 841 754 344 502 993 93 886 555 79 758 903 167 346 186 782 569 569 688 943 66 137 47 51 733 947 288 933 430 525 201 396 224 705 129 660 386 56 394 329 437 512 315 304 444 821 521 890 428 217 422 822 535 344 881 711 976 924 999 6 983 356 966 731 146 517 887 890 333 31 8 23 813 468 784 407 646 219 999 971 190 476 182 731 600 328 25 194 676 931 410 720 475 291 347 195 437 961 817 205 254 976 583 438 448 506 866 757 453 977 166 613 691 989 148 873 487 310 657 946 635 500 327 440 755 169 192 183 955 919 521 57 530 261 447 245 358 130 664 436 415 527 847 627 737 785 226 566 236 405 920 503 570 373 354 240 684 0 814 581 873 391 739 348 38 964 157 154 48 90 734 182 515 96 521 352 790 143 834 389 669 
961 337 576 627 85 595 131 750 662 391 118 721 983 718 229 589 833 56 588 750 749 916 973 194 776 876 293 361 595 485 271 855 298 528 536 720 753 704 503 371 624 166 113 609 772 533 818 194 240 646 118 160 241 240 618 597 431 243 117 36 704 48 820 213 735 639 138 583 233 348 432 600 259 357 706 200 162 927 365 573 678 683 632 820 357 103 301 341 410 326 495 179 922 939 540 643 216 759 521 932 936 425 885 801 639 941 825 815 937 129 82 491 39 922 313 27 176 121 191 411 413 195 700 527 893 963 514 816 11 331 828 473 904 69 80 406 581 731 967 393 984 910 183 661 834 265 887 617 37 398 445 87 724 889 894 961 741 587 728 372 643 368 198 928 940 597 832 801 956 465 165 448 524 637 310 364 908 732 351 618 277 57 741 281 160 98 606 882 149 534 664 370 536 340 431 267 752 446 168 343 73 210 709 155 927 636 683 601 921 753 77 472 817 593 760 612 728 19 86 335 333 90 546 708 800 521 835 653 316 138 483 189 93 16 741 288 257 497 137 293 393 315 879 268 175 165 700 124 543 809 130 600 827 160 567 303 295 379 656 809 486 297 505 655 497 739 556 913 457 810 58 798 522 679 101 549 140 167 13 825 278 474 988 12 342 244 820 109 406 996 413 953 567 142 893 759 376 140 942 690 776 571 975 477 548 808 454 975 913 489 135 583 365 724 724 14 432 65 394 504 814 492 731 489 73 794 389 533 837 527 635 531 561 376 85 659 227 529 743 239 501 276 687 852 534 813 402 139 290 481 869 302 467 547 39 481 702 743 387 837 552 85 981 178 128 753 921 32 494 769 385 963 437 717 468 814 674 495 24 701 74 434 392 215 206 58 23 412 769 650 765 978 967 532 557 359 161 957 310 17 76 59 725 152 564 979 511 679 170 159 617 358 14 279 42 689 380 649 175 300 109 663 823 749 341 869 895 418 228 408 44 14 765 350 274 430 481 292 532 521 75 471 573 329 44 726 660 230 903 813 438 783 325 58 861 276 591 227 479 555 414 468 38 686 772 104 754 721 699 150 833 161 914 721 576 555 523 289 379 353 200 595 185 676 181 254 720 883 924 772 95 262 349 931 574 506 59 47 606 261 
413 47 50 202 811 398 414 469 216 703 967 52 206 187 536 206 435 985 71 802 736 801 360 815 365 344 890 32 747 413 290 47 84 376 906 145 365 112 213 289 205 766 293 379 359 644 280 104 806 579 455 817 989 450 905 597 405 933 508 728 511 760 231 958 809 76 166 415 162 133 695 941 789 498 515 308 635 121 24 312 425 303 39 828 16 968 389 17 278 125 945 249 992 345 780 178 96 167 182 608 624 500 402 722 62 976 911 668 35 426 783 568 889 773 76 843 468 69 124 609 309 802 241 211 498 201 476 580 397 300 721 230 403 189 54 162 381 997 984 396 335 435 100 784 744 991 134 875 435 443 183 443 898 629 996 923 29 90 164 648 848 607 144 295 552 18 18 218 76 174 797 414 32 488 615 703 651 698 710 400 543 254 10 93 702 881 790 584 808 859 495 418 321 895 164 894 241 709 665 180 523 159 642 546 563 377 331 549 69 955 975 930 762 589 175 451 377 732 638 564 459 92 995 759 917 907 60 381 818 860 481 425 557 791 985 897 551 824 919 579 797 289 448 154 399 607 683 435 787 867 98 570 165 259 844 219 825 590 260 897 295 44 575 944 156 464 579 548 123 472 705 731 915 989 223 115 145 291 237 65 530 431 636 946 808 529 876 551 610 677 8 94 708 46 832 869 230 953 675 472 306 763 372 298 142 157 636 230 597 785 302 843 706 904 484 698 39 758 836 274 629 421 219 299 437 579 828 823 513 608 204 203 257 810 273 162 87 308 20 133 668 518 37 990 720 701 811 677 367 449 732 517 158 838 95 992 820 951 336 462 432 497 865 112 850 392 353 3 974 31 609 587 956 681 166 387 609 437 67 850 902 958 804 993 262 387 789 455 107 132 930 853 833 708 315 283 186 406 979 904 945 355 817 779 956 859 190 872 828 567 223 205 908 696 61 985 525 577 525 489 730 718 145 793 529 833 294 581 705 523 475 838 180 18 791 179 676 214 597 624 527 217 30 305 417 292 665 375 812 642 332 386 937 582 672 175 144 97 286 519 242 136 911 153 734 881 513 733 785 525 484 257 687 214 281 83 670 428 419 479 932 146 36 896 464 118 62 904 483 360 190 189 903 647 661 457 414 822 1 851 
164 949 500 968 967 212 365 554 348 471 886 217 372 976 240 863 927 454 599 54 86 659 227 209 366 292 14 204 84 493 250 322 125 544 745 850 364 995 700 58 112 30 464 983 627 182 934 7 761 978 888 79 752 866 59 793 264 818 573 338 746 823 635 92 762 693 740 753 731 351 508 816 338 412 803 426 662 67 275 617 152 817 668 994 270 250 432 773 996 490 494 202 224 104 371 850 313 161 861 232 597 311 915 354 346 43 859 462 945 48 141 224 998 812 669 769 178 316 91 51 998 463 158 9 787 582 354 235 740 367 435 575 875 271 867 674 248 371 296 23 827 650 775 366 773 488 190 150 968 656 893 827 924 154 909 695 16 440 122 786 323 874 970 850 121 853 148 933 902 789 272 87 358 566 526 827 117 276 949 780 705 327 86 390 772 58 450 524 17 647 560 256 563 212 667 405 553 186 639 76 538 594 137 131 474 463 155 152 400 390 395 560 873 301 502 144 820 416 206 114 937 313 472 138 830 875 545 539 100 424 833 554 254 121 233 457 24 980 190 840 482 846 758 530 886 573 784 420 525 503 258 568 681 855 23 929 645 599 299 628 184 53 948 983 630 203 705 41 560 36 466 829 534 882 828 517 548 468 38 529 219 339 748 618 850 747 572 484 115 807 564 178 123 165 179 4 492 243 568 21 564 402 602 384 695 599 718 453 533 500 509 389 4 170 91 338 23 366 169 866 428 934 33 347 355 310 372 448 586 466 303 227 165 516 179 524 117 317 78 893 723 784 224 844 536 970 12 309 731 751 946 249 565 647 546 83 352 871 195 104 234 255 353 145 549 790 459 701 802 528 920 708 549 535 586 87 874 124 805 534 1 623 928 701 802 856 801 804 927 671 858 671 73 455 778 921 427 443 69 222 463 940 10 684 909 531 900 675 218 804 914 391 382 318 83 843 487 867 209 196 390 833 738 813 760 77 220 707 580 856 316 361 409 502 4 331 32 763 621 271 271 710 859 475 760 512 399 406 344 56 382 323 333 963 550 512 494 840 979 727 323 521 666 209 896 233 515 1000 585 41 760 661 69 49 401 191 176 987 155 634 851 432 882 139 347 655 545 523 81 343 294 458 623 295 688 190 397 115 634 14 
314 583 661 544 898 385 112 108 337 782 52 483 520 806 635 451 284 349 420 549 751 769 25 591 361 894 21 522 202 607 49 155 359 734 748 821 217 837 745 489 935 339 946 595 157 759 481 550 884 676 606 494 960 373 897 959 483 623 636 559 811 557 157 775 569 767 154 170 736 409 78 461 919 16 986 632 515 926 832 66 357 516 228 1 474 86 512 519 586 147 832 157 531 88 812 612 136 923 471 412 477 677 966 479 515 91 79 84 173 955 446 827 268 972 237 19 889 861 289 296 930 574 487 496 200 778 808 600 352 607 72 343 819 244 315 286 382 363 558 441 495 961 396 19 707 116 572 698 278 225 662 450 982 492 790 982 16 904 448 663 711 965 279 234 538 546 269 360 854 194 594 727 875 997 450 866 303 173 381 308 592 243 719 76 320 241 367 901 814 303 963 345 388 173 833 358 987 679 152 544 476 608 553 613 505 225 61 410 109 519 500 661 472 666 678 240 657 671 640 553 668 155 543 208 325 39 323 316 441 727 564 682 16 992 886 471 226 631 676 847 820 78 861 573 471 993 657 548 583 138 587 678 20 757 700 682 133 696 501 758 329 746 22 20 955 268 391 896 891 384 510 645 358 765 160 437 678 522 117 374 543 369 450 954 2 330 50 455 948 538 921 474 37 54 314 164 653 894 294 981 735 251 689 263 519 761 916 53 192 224 696 940 385 868 918 999 770 275 951 984 487 507 437 482 824 57 880 428 751 700 706 251 258 8 121 427 729 617 102 863 98 15 210 599 387 96 779 783 360 417 546 418 989 555 270 888 566 612 306 808 276 272 817 607 750 571 606 334 917 107 824 220 689 490 174 739 903 539 31 831 553 215 277 383 667 262 384 578 174 325 745 216 523 809 349 118 363 372 247 250 945 332 595 208 430 486 68 216 627 109 312 957 698 299 841 291 565 394 194 307 666 1 988 830 318 164 771 574 129 599 323 619 852 412 995 159 391 728 847 330 62 820 552 838 177 696 114 934 487 324 143 414 598 420 130 550 821 427 880 857 327 228 618 828 953 84 587 45 34 76 753 396 515 54 11 379 806 563 123 382 805 563 497 302 752 137 349 763 590 292 666 826 868 717 887 725 727 116 690 668 
63366 61805 63292 58308 66184 60936 61772 66011 61237 60255 64719 63171 64460 60402 65824 63328 63561 62650 62896 62572 61457 60276 61321 63505 59753 64157 61662 62411 61216 62795 
