500 30 30
-48 -7 264 -193 357 -177 593 -138 -153 -258 271 -234 386 341 390 -11 -143 451 -88 -143 -106 466 449 -12 -208 -101 -71 385 -145 -201 503 271 -18 -233 344 -9 407 -96 431 -240 591 354 278 386 397 446 -86 -160 317 -65 481 -170 -175 264 -94 398 -118 -159 -164 -81 -77 370 -28 -42 -23 429 375 558 -253 449 -118 -241 -171 496 -3 368 287 -105 433 -80 -54 -45 -124 -174 562 422 -124 315 -35 503 -232 -176 -226 584 422 474 -11 -13 -166 -98 -107 574 -25 -104 270 284 -17 524 -87 -107 326 -131 363 -173 -216 -73 347 -76 -188 364 -22 515 -87 -119 -105 -217 -220 -259 -63 422 531 -45 525 394 358 565 303 335 -173 389 -165 -7 -67 -198 266 -161 -3 -88 347 414 371 -31 -246 -111 -166 286 -184 -50 331 -45 -173 -32 353 361 401 503 486 304 378 387 369 324 350 294 499 503 351 -70 450 329 -20 440 336 -191 423 355 450 -25 291 278 -209 434 -119 -63 408 315 436 278 -97 367 -60 -109 -169 425 -66 465 596 -40 -43 399 463 -49 309 -195 -28 -3 527 -91 -51 290 -240 464 296 -132 -124 412 -58 418 -90 562 -130 -99 592 411 383 -69 391 -230 322 394 362 386 434 -51 -66 -150 -245 520 -235 364 283 554 -56 -67 327 -139 -258 268 -166 -115 -250 349 -1 -24 298 -40 -70 -69 313 -95 379 -242 -122 -126 523 -12 322 -8 314 273 366 300 304 443 529 318 270 -113 -91 -145 422 -78 419 285 421 -64 -62 289 -22 -7 275 -43 -147 530 405 382 -105 -66 -113 -79 -125 265 529 309 296 284 298 -183 380 356 271 475 372 482 -63 -228 446 -72 -166 -109 414 -99 -102 334 434 -166 420 461 -131 -5 390 380 306 564 503 500 472 -170 450 403 267 377 522 -14 497 -54 -6 -7 -205 388 308 -24 -20 335 -259 375 -202 -138 296 398 265 -22 -261 -195 495 355 473 -193 -38 -20 362 -107 -36 412 -135 282 -101 411 369 -82 424 303 396 332 418 -69 369 -165 554 -153 432 333 -29 427 -233 418 268 -243 -257 -61 -184 303 -239 445 387 -46 364 355 529 461 450 -4 -200 308 341 -223 401 -97 -7 -7 275 -5 -89 -88 382 505 333 -48 441 324 401 -9 487 -119 354 373 328 -204 484 437 304 -105 -109 458 387 -188 -119 -49 326 -175 -201 338 -181 -110 -140 -63 380 313 -7 -234 -154 -72 288 -50 -153 -50 360 -178 -69 447 300 -126 -45 -32 449 414 291 452 407 -117 509 473 -5 350 -203 -135 -89 -35 -157 423 
574 345 861 578 448 497 583 279 165 210 688 206 685 127 715 171 277 666 813 829 923 85 910 617 131 626 927 236 455 931 650 541 583 313 407 76 878 893 573 61 464 759 914 658 21 482 768 947 399 148 904 599 163 159 116 824 953 121 734 431 227 987 153 197 655 619 283 669 189 338 919 162 167 149 564 379 236 356 400 241 131 356 458 829 287 237 946 737 519 491 129 93 890 37 295 774 365 776 800 886 389 920 30 526 779 299 286 603 162 918 410 371 89 891 497 727 456 377 632 790 365 435 87 749 45 300 316 928 905 543 999 615 862 664 426 608 98 145 223 153 703 503 943 331 113 209 614 860 975 803 288 157 716 662 153 518 130 229 799 59 459 1000 952 567 992 225 43 306 774 176 784 908 67 79 791 391 963 245 593 390 147 138 368 759 482 671 367 578 891 379 977 774 668 244 227 584 539 196 160 259 445 896 641 414 71 87 625 264 624 255 785 836 652 175 744 188 33 739 264 535 447 235 729 659 555 155 655 633 336 336 474 315 209 128 961 37 297 830 766 406 231 280 503 542 938 873 170 85 888 468 413 55 151 223 281 273 904 932 797 970 750 806 25 601 850 480 177 739 707 549 645 249 912 911 91 211 62 360 508 760 328 706 110 392 729 399 39 919 651 791 780 514 989 165 37 151 70 577 985 838 796 651 576 433 715 756 156 213 150 397 39 502 783 620 683 164 751 986 755 111 724 269 693 475 565 678 309 275 31 362 576 783 365 713 285 110 376 208 803 667 636 215 154 879 911 162 187 881 552 912 831 103 435 381 888 723 599 8 57 263 115 27 639 79 356 174 844 640 88 747 632 356 255 911 126 363 519 69 479 344 308 202 545 361 857 232 981 188 745 451 147 73 628 85 662 124 947 714 743 591 498 564 506 657 583 284 875 473 407 860 143 249 35 119 58 323 445 941 851 692 501 8 553 946 561 600 860 607 920 878 812 43 174 707 322 307 805 230 432 403 295 608 26 348 286 24 177 942 647 948 643 348 898 310 364 331 363 651 946 648 670 146 300 516 908 473 472 96 103 654 247 856 359 400 241 289 219 980 55 74 599 942 229 933 576 462 84 418 936 334 664 423 818 397 566 41 180 477 844 481 
271 556 342 975 696 644 395 312 532 451 28 391 590 163 512 277 248 895 96 608 874 834 22 700 669 679 387 860 159 119 821 206 404 871 925 418 393 997 362 481 760 70 7 237 666 170 661 109 160 282 897 509 688 350 755 607 992 441 883 419 931 49 820 447 974 703 85 48 690 971 276 988 511 637 626 932 29 771 804 213 402 158 630 241 882 635 864 400 930 602 822 680 578 768 288 900 686 557 254 472 51 789 770 385 466 351 786 540 334 327 404 269 901 763 321 900 112 688 380 926 466 410 851 809 867 494 866 389 618 104 48 739 860 763 739 815 839 348 114 101 925 749 118 13 353 970 872 790 27 597 833 91 123 586 499 720 718 66 994 634 924 953 426 410 726 990 112 480 456 165 808 863 370 965 634 309 598 818 835 422 657 699 245 229 722 18 709 763 44 805 376 411 291 343 997 251 176 581 9 11 444 505 253 818 158 225 903 613 477 516 876 590 28 418 672 198 464 457 3 803 443 814 443 88 15 450 17 543 193 201 885 95 771 472 177 701 464 22 375 508 668 207 305 525 851 425 899 748 550 127 315 912 437 286 660 161 928 851 317 470 220 65 390 13 941 107 723 922 687 942 527 404 229 436 546 434 758 944 974 993 323 885 229 138 1 660 755 717 239 57 682 264 614 173 969 174 67 618 612 400 150 584 34 300 679 146 673 271 374 752 977 99 895 754 443 41 335 697 183 206 386 213 240 365 192 542 337 808 563 76 748 798 858 797 670 323 218 682 404 962 473 640 716 900 218 927 763 85 560 636 433 666 723 398 767 653 227 507 396 276 151 25 914 990 812 284 636 427 47 627 572 877 57 184 30 282 317 763 413 782 714 341 489 499 601 93 918 288 446 421 155 299 390 642 7 54 933 766 700 226 204 125 888 662 45 281 23 494 519 254 499 852 831 389 831 463 980 481 462 102 729 419 814 651 145 806 571 815 292 978 821 89 803 561 945 407 813 611 761 144 759 865 3 687 630 211 738 376 893 843 582 207 180 726 836 5 886 494 261 842 721 977 64 817 795 718 751 174 193 869 106 432 743 924 22 494 983 952 218 948 674 698 343 154 592 45 950 857 855 921 151 141 204 602 148 800 900 781 658 540 
706 71 419 918 15 693 299 155 522 379 777 484 733 894 385 241 979 169 916 63 666 632 654 233 717 941 595 487 447 333 665 521 558 714 323 522 725 607 459 525 264 741 949 880 549 288 68 971 511 369 221 607 937 178 605 78 621 939 723 222 602 895 421 877 647 917 939 220 795 495 542 203 216 837 767 160 442 831 327 359 811 5 618 760 428 207 946 148 267 19 45 173 303 922 685 576 860 513 419 420 751 127 164 999 305 252 527 404 268 644 979 95 727 222 123 460 665 72 270 355 695 926 872 868 93 734 99 98 470 189 875 49 659 135 356 463 917 657 20 588 724 318 24 913 27 179 247 466 18 756 48 891 865 955 477 731 820 588 949 595 739 345 986 701 191 390 31 892 124 436 71 512 577 774 269 222 168 357 535 897 925 412 866 619 961 651 700 938 172 675 403 267 85 6 393 23 553 93 980 255 684 62 231 336 898 171 475 407 61 483 27 467 668 895 722 149 856 877 108 865 142 588 743 985 915 676 768 22 26 450 877 30 583 790 318 580 370 302 746 594 74 606 490 247 294 926 960 600 340 281 534 944 25 782 431 367 557 641 278 836 499 1000 272 442 724 893 946 355 438 126 833 656 263 325 262 132 460 928 110 996 199 296 538 198 724 722 739 236 27 48 356 191 163 749 365 155 699 730 923 367 927 3 369 673 372 488 868 683 892 189 274 408 368 137 248 781 681 967 893 695 565 750 698 640 978 337 470 809 92 373 91 447 662 462 98 933 601 264 407 517 624 470 740 350 776 573 983 435 176 14 227 754 564 694 727 632 816 572 545 324 871 519 88 250 610 966 179 468 71 837 933 840 759 162 374 308 733 387 864 498 559 758 422 699 638 837 436 669 550 199 198 524 997 344 514 562 275 148 885 54 893 710 303 221 241 58 990 747 777 452 274 432 256 263 109 27 629 925 777 384 891 362 615 513 348 343 467 221 465 503 368 907 331 403 333 124 550 421 980 644 435 119 559 759 225 298 729 211 993 22 197 1 622 372 930 835 262 28 609 732 596 231 196 754 873 221 870 301 543 612 154 413 851 61 861 893 36 494 906 697 480 207 177 872 369 173 856 313 762 464 797 424 621 701 280 533 928 787 795 400 
74 694 430 447 161 501 588 843 97 420 144 910 923 344 229 173 292 182 288 677 561 498 454 447 99 913 181 155 358 205 716 125 609 364 609 882 189 911 878 441 46 275 58 18 219 850 593 672 389 446 699 934 361 531 197 850 358 570 338 275 485 204 736 844 451 789 906 62 448 852 129 647 205 500 145 397 111 924 236 265 966 646 745 531 252 746 978 737 334 776 841 991 316 224 760 981 440 233 650 75 137 363 5 782 124 862 317 399 103 318 463 672 933 701 194 198 545 343 173 108 35 268 120 909 547 791 652 552 489 433 513 985 448 341 436 220 733 833 597 352 851 34 1 508 740 860 693 101 240 843 725 555 542 253 791 79 330 684 843 236 348 756 887 64 957 929 844 1 495 822 890 328 236 925 148 447 907 378 539 849 561 782 75 494 701 36 48 595 274 997 190 235 75 971 203 328 464 56 918 455 483 100 211 607 824 329 694 288 24 839 371 867 884 14 159 469 506 160 33 690 138 378 653 180 797 549 614 769 226 201 841 573 303 876 762 445 641 133 159 654 292 532 246 713 42 646 176 848 484 265 466 877 906 723 615 222 250 595 312 354 417 164 598 403 869 61 85 841 862 546 97 67 912 680 868 996 90 99 823 894 467 696 717 642 786 481 30 947 170 380 208 29 439 458 133 121 236 664 373 5 655 24 322 101 459 604 517 764 4 584 828 697 896 196 800 450 370 420 575 457 670 880 791 177 843 218 885 726 460 396 697 887 109 341 146 229 45 863 424 273 216 322 414 935 746 678 75 437 11 787 429 289 164 936 965 229 173 829 632 580 437 370 10 417 766 291 379 212 158 882 398 59 78 859 534 650 832 453 856 555 443 454 798 36 374 556 977 290 894 691 572 937 135 633 144 961 628 218 859 240 287 20 663 98 935 523 708 8 276 538 261 428 628 238 387 880 859 451 492 209 925 522 705 575 131 633 810 169 614 249 922 794 527 806 323 342 282 656 415 467 806 580 595 655 749 42 932 902 252 965 822 808 873 596 296 700 232 451 138 359 868 64 170 482 45 399 593 487 71 925 168 913 916 628 273 582 374 91 896 238 487 842 854 888 36 201 337 809 158 638 597 900 686 128 465 504 315 663 569 436 
478 239 975 291 712 665 825 528 64 88 8 384 342 300 661 994 934 408 84 63 165 379 542 296 125 921 632 420 881 863 533 839 831 601 107 370 600 611 960 20 65 290 28 732 895 880 427 340 5 841 824 140 45 257 739 867 856 473 830 150 125 894 339 551 683 256 334 348 62 251 737 332 315 272 907 962 68 136 448 191 379 677 342 153 967 561 69 837 311 139 644 438 505 125 260 939 272 774 686 178 649 304 626 943 437 626 702 882 317 715 203 483 638 339 918 38 633 978 60 710 842 516 762 156 243 555 679 45 296 507 227 12 754 427 908 612 511 729 893 427 936 202 285 896 360 572 95 555 821 828 583 430 257 758 528 767 709 585 630 187 602 54 982 290 303 675 351 236 306 276 759 359 63 349 629 622 968 671 683 592 146 368 695 453 284 569 853 329 271 318 255 126 798 871 775 580 298 505 530 528 44 444 77 261 368 74 588 756 415 181 751 629 761 789 796 907 876 668 914 257 439 722 114 599 877 663 926 506 346 772 670 870 639 264 655 148 365 932 930 676 803 965 102 505 192 684 933 200 672 327 615 94 726 238 112 852 589 149 250 123 591 805 411 391 690 17 260 790 405 944 231 733 462 903 334 422 737 276 35 947 1000 371 123 674 253 401 337 342 304 906 828 777 17 563 968 427 21 534 694 153 841 768 18 486 639 964 8 171 531 494 446 742 876 871 639 723 211 988 453 733 917 989 4 939 145 638 974 594 608 199 554 726 167 692 164 473 806 596 483 367 14 433 317 384 772 756 323 330 96 870 539 433 708 775 617 904 869 95 477 412 652 877 867 894 185 475 421 972 587 565 616 524 234 54 753 952 617 665 134 176 244 624 556 826 182 423 772 866 855 861 333 681 807 56 223 399 230 741 956 705 599 658 759 976 543 788 202 431 258 327 297 763 528 225 344 272 529 109 837 839 606 801 581 177 651 702 943 274 246 819 282 670 608 744 528 421 830 699 528 86 535 21 996 724 194 817 622 339 631 98 443 201 234 714 142 348 447 106 147 983 481 436 559 309 376 177 802 145 358 20 938 387 672 507 446 51 492 713 224 875 823 133 951 150 84 32 47 922 451 569 682 46 487 721 363 36 814 629 190 334 
159 150 57 783 117 402 664 560 813 393 163 399 897 279 753 783 410 356 977 603 304 949 125 111 193 737 77 12 290 323 868 690 873 658 620 698 775 34 858 427 550 968 802 409 565 919 505 20 238 222 492 302 636 886 852 114 526 180 806 373 165 731 203 350 444 511 244 301 468 121 268 724 469 254 147 680 996 918 590 374 431 29 32 141 769 571 502 191 22 219 461 463 413 646 132 506 889 614 193 198 14 562 165 43 876 468 319 659 45 459 193 251 389 417 916 750 942 212 444 998 57 118 139 602 772 411 783 710 63 270 379 278 612 874 550 640 913 225 85 539 559 511 689 116 656 123 113 971 619 570 310 87 775 844 48 622 897 851 619 106 590 183 57 333 686 595 686 594 798 309 631 489 236 824 792 561 9 586 471 386 185 957 763 834 929 533 508 795 132 413 529 734 238 762 364 970 885 277 335 115 50 209 946 419 68 705 172 2 367 647 949 20 246 931 196 974 574 722 22 137 278 258 969 690 775 278 388 935 240 23 823 466 262 277 209 219 197 240 533 982 418 545 388 178 332 910 265 373 374 346 671 872 821 633 891 662 577 708 256 19 542 489 134 574 96 32 242 447 457 301 540 407 458 456 812 602 426 22 889 717 993 277 486 735 707 34 974 1 93 427 49 686 969 348 358 889 290 698 214 712 367 313 425 236 319 725 820 13 968 250 22 288 471 556 541 904 335 46 699 349 842 980 191 679 689 359 541 57 187 364 173 62 439 947 916 324 673 327 661 107 318 827 805 492 153 855 394 297 257 501 41 473 880 310 753 184 556 995 227 479 131 821 350 521 337 731 700 121 33 711 999 92 61 768 721 330 453 317 877 812 249 782 705 732 103 530 456 591 347 583 530 988 74 262 786 89 413 674 34 666 678 652 73 848 699 177 208 395 93 182 312 551 312 825 427 616 16 687 132 342 295 700 984 470 41 278 473 278 780 104 134 590 264 935 308 767 194 407 971 405 400 163 593 900 828 582 207 435 121 229 493 11 855 473 461 174 126 397 514 272 396 132 16 886 751 671 240 217 961 593 210 137 238 835 729 145 175 95 308 863 68 237 130 991 635 350 27 708 499 548 358 766 519 654 191 443 867 213 517 542 
336 424 692 263 544 711 911 87 648 345 955 930 504 30 52 346 468 260 312 272 863 595 637 666 20 351 132 899 485 776 202 525 112 907 610 279 93 6 212 38 999 710 940 493 453 257 610 349 872 218 909 194 531 264 95 387 764 222 646 863 12 744 240 1000 303 530 956 809 964 265 280 983 437 813 782 304 244 37 805 318 57 257 441 626 885 990 355 16 533 748 734 695 696 206 686 933 79 102 753 301 79 39 714 880 88 527 498 171 739 891 285 478 686 192 798 544 615 370 922 923 569 264 196 187 553 113 246 110 63 983 986 563 894 976 692 970 538 580 136 30 412 506 42 333 111 160 593 356 711 174 947 146 567 586 560 651 743 354 734 985 103 548 439 762 239 893 571 397 594 714 239 409 574 434 251 827 140 544 477 990 543 34 695 7 911 619 153 831 427 984 382 760 968 725 855 660 179 77 290 352 216 923 616 196 537 236 665 648 501 49 360 37 710 53 846 32 905 282 264 527 139 228 304 841 112 227 779 376 459 913 735 469 820 55 571 871 757 567 988 459 147 394 883 147 493 967 424 190 77 280 212 899 721 941 954 149 217 549 483 621 286 256 603 355 279 973 439 42 459 252 731 134 717 619 718 94 402 449 868 730 644 101 815 699 548 452 436 45 882 971 38 469 12 59 542 594 920 22 285 605 473 282 591 824 539 781 32 248 791 803 731 106 277 319 151 39 141 184 40 399 395 862 478 582 294 745 543 513 991 936 205 887 169 122 376 584 861 719 26 335 619 267 677 983 568 224 332 390 482 33 860 524 36 302 864 754 90 138 711 882 196 166 23 506 522 795 773 752 460 58 628 909 382 252 321 537 565 192 432 586 237 528 176 476 470 226 527 831 202 231 334 747 927 478 362 973 276 566 888 870 958 277 29 416 648 331 320 384 540 150 321 513 837 364 614 287 119 818 521 558 965 647 811 830 800 424 575 623 552 98 166 692 741 33 686 361 58 714 818 116 918 274 367 725 18 406 980 733 25 815 935 503 323 715 655 361 584 341 509 154 5 223 938 480 344 373 319 144 90 313 998 605 346 293 668 60 356 685 659 797 755 736 889 594 524 394 562 549 270 348 582 852 130 638 714 707 295 825 143 221 
530 671 229 394 392 255 118 24 499 401 450 673 30 654 694 352 888 349 35 811 538 117 632 134 729 278 815 590 42 470 640 176 465 268 223 541 848 454 110 175 936 155 803 64 256 424 463 423 808 107 532 305 524 873 299 472 673 176 512 15 954 939 783 721 591 985 644 773 426 741 763 666 689 947 739 114 299 919 340 280 747 901 82 400 285 88 25 3 675 603 423 919 389 881 583 856 909 869 963 97 63 513 998 313 856 248 469 246 245 98 428 522 241 594 672 440 867 320 672 917 981 160 810 910 629 31 774 709 953 137 69 499 845 188 463 988 141 626 79 326 568 169 96 807 362 754 860 281 936 380 440 999 449 150 49 876 641 838 125 304 637 172 729 169 854 502 606 155 14 354 770 424 499 893 744 454 326 350 87 987 683 625 723 929 238 581 165 377 618 837 667 953 408 759 360 509 857 206 66 638 788 871 854 125 655 581 267 839 582 213 976 62 452 202 943 211 812 558 598 717 670 885 394 863 786 849 722 429 774 604 284 157 152 482 594 222 410 794 826 697 721 416 729 522 43 340 325 709 475 888 596 944 367 781 864 300 900 562 759 50 750 249 964 488 257 498 831 249 294 411 77 126 639 662 728 126 945 217 284 878 836 12 358 313 964 717 365 190 876 955 990 469 151 548 537 231 167 23 53 719 522 633 939 812 1000 288 933 76 333 401 269 768 110 841 429 594 173 366 683 983 988 715 120 292 267 158 236 417 714 938 627 816 302 371 830 805 844 101 490 547 374 171 760 554 280 152 233 458 394 951 864 325 275 931 965 32 537 286 253 368 339 986 802 540 226 393 963 511 516 541 885 994 623 127 965 771 940 120 378 624 483 713 756 618 617 162 452 481 929 925 811 531 248 544 242 563 879 484 749 163 430 217 22 779 853 422 123 13 754 162 279 254 449 747 169 460 966 65 926 175 564 82 167 945 795 227 187 765 532 212 394 122 76 137 687 772 297 455 203 998 152 21 305 250 826 861 173 204 347 535 611 322 480 853 769 12 331 748 60 306 144 927 371 570 13 243 6 591 876 715 436 808 480 913 399 725 1000 952 104 866 86 797 74 874 711 583 632 722 48 522 397 554 365 536 648 356 105 650 291 290 
661 937 856 345 545 455 922 536 882 700 564 822 121 314 68 294 208 167 269 660 747 366 848 317 531 492 688 80 289 99 200 438 252 177 684 178 66 894 114 513 537 32 647 504 387 182 689 720 611 822 920 307 762 495 475 915 968 501 220 774 339 40 35 811 633 276 715 628 534 183 95 697 483 964 482 240 732 898 448 799 552 243 625 197 503 829 223 411 158 355 236 62 105 553 981 625 12 322 699 213 506 673 96 104 930 529 692 414 5 125 971 922 816 447 383 227 681 153 148 311 267 93 991 624 738 653 869 912 750 258 189 742 152 885 534 30 541 310 863 538 892 232 759 387 874 769 763 653 384 722 185 93 689 307 6 268 694 988 644 840 966 276 697 383 174 738 632 907 668 676 912 252 923 450 199 304 653 257 292 323 469 889 455 751 272 142 993 698 38 679 130 857 164 585 303 200 350 856 336 983 119 10 490 484 161 716 89 459 75 584 763 981 862 477 885 715 14 526 535 369 136 710 567 387 608 248 278 313 527 960 628 178 623 784 971 825 510 597 574 610 676 902 1000 891 869 943 589 162 140 401 105 707 662 231 770 526 178 577 694 434 162 241 980 156 898 951 764 925 715 829 446 30 750 682 555 749 25 678 557 245 795 34 279 886 895 332 508 186 283 901 889 171 709 292 138 556 50 551 309 558 54 85 376 664 747 644 243 539 778 707 126 90 882 470 593 748 651 733 125 414 713 636 925 723 234 336 796 228 406 639 5 862 881 436 917 734 338 364 681 140 808 757 815 802 153 543 846 187 586 625 148 540 486 981 131 116 408 70 530 531 286 55 53 259 387 355 269 673 883 668 677 258 708 188 257 693 656 333 335 765 661 65 914 867 537 616 866 965 671 821 798 32 859 960 381 375 836 17 511 121 662 393 838 723 300 529 964 355 288 311 387 560 907 508 711 906 795 78 220 317 767 318 398 509 587 761 180 352 28 231 836 230 947 469 269 193 554 243 559 284 472 357 595 85 964 650 706 147 570 918 542 974 584 456 547 248 552 186 907 231 140 204 852 592 931 840 338 450 973 195 83 256 783 512 511 140 472 748 644 820 936 241 987 630 779 835 340 747 825 980 282 876 114 616 742 310 724 232 908 104 
597 416 456 487 255 527 255 422 215 65 453 134 116 630 897 111 311 920 522 708 166 207 520 279 736 244 643 162 200 160 109 121 611 338 710 473 608 707 674 449 745 730 172 738 790 293 649 63 516 110 181 116 255 178 103 256 629 568 35 971 846 454 330 830 965 562 524 381 16 675 345 102 455 806 490 790 94 919 419 959 266 742 589 627 229 293 772 751 185 235 45 1 143 962 462 920 453 624 691 893 345 71 412 621 808 989 975 195 316 516 806 167 505 15 593 641 215 433 2 300 941 525 147 955 793 316 655 669 170 459 186 127 914 552 746 837 572 680 539 761 505 107 515 879 482 834 458 302 956 565 63 31 199 423 994 355 886 469 326 182 52 635 331 717 194 630 948 176 123 679 45 112 860 268 674 183 820 270 327 194 727 674 956 432 337 544 125 855 965 853 386 459 107 961 788 501 188 528 954 189 373 417 934 544 805 128 978 455 910 259 226 181 645 295 945 583 802 672 650 625 566 755 13 324 648 572 709 297 509 558 123 20 75 798 293 329 916 62 852 199 219 442 57 799 127 748 325 691 650 528 634 343 145 943 645 729 290 845 519 431 767 49 616 404 516 591 859 250 761 534 216 47 816 394 604 864 974 370 353 22 706 232 485 130 310 42 218 682 24 251 594 136 256 648 857 903 592 499 480 765 829 257 22 455 310 788 69 96 441 585 316 502 400 303 490 314 662 387 934 854 381 734 422 693 426 20 998 507 503 394 652 609 294 263 485 471 382 535 226 262 240 831 304 349 470 965 354 968 256 171 486 439 422 103 139 588 252 844 990 498 289 317 750 726 558 599 550 270 319 412 268 572 771 799 827 673 723 539 124 674 68 833 605 60 356 637 224 982 559 888 746 746 526 940 799 267 940 633 192 622 177 362 34 976 122 30 965 412 271 352 498 457 530 134 746 164 160 713 573 851 697 169 977 789 631 638 399 130 984 982 884 654 852 266 709 636 606 551 296 628 834 293 818 317 994 313 164 25 649 178 196 75 940 22 356 449 91 419 101 953 619 581 130 549 81 403 893 454 686 239 658 210 437 257 541 230 37 234 75 273 175 513 283 46 479 800 123 679 698 228 34 817 300 383 394 156 902 453 529 776 
818 456 620 406 406 4 770 147 922 242 497 206 234 133 67 131 962 174 478 791 852 176 510 547 634 659 939 148 429 801 514 992 610 114 781 824 911 695 722 302 369 464 404 870 322 319 267 908 493 297 884 689 490 8 953 941 151 698 526 787 845 462 784 399 894 676 238 432 655 193 261 62 18 117 341 746 544 358 644 696 400 408 606 637 618 403 898 776 371 570 643 698 638 621 995 805 190 158 119 790 718 763 130 843 965 664 43 370 539 98 910 791 628 300 100 723 318 978 530 804 732 902 113 866 136 397 378 762 475 825 47 282 485 69 722 732 763 122 47 639 555 628 121 696 648 244 389 163 277 212 448 521 132 100 417 865 740 775 582 727 876 260 376 420 106 941 541 867 650 290 153 575 144 899 980 661 84 368 458 533 183 289 61 863 153 124 371 632 153 210 599 970 513 832 487 844 111 917 971 518 556 521 889 27 698 568 304 908 248 281 91 233 101 794 729 278 69 719 518 927 151 790 836 203 194 692 799 250 331 629 43 775 96 950 814 203 610 922 325 870 676 678 799 22 397 478 924 422 144 876 667 406 118 772 582 580 416 776 454 693 670 180 670 628 878 729 985 671 950 418 386 492 593 504 359 22 513 494 229 927 256 444 354 548 206 579 5 532 361 573 93 591 105 538 643 350 663 99 721 54 24 215 480 924 141 22 43 944 960 929 877 401 46 286 682 195 408 36 152 699 903 355 388 487 682 144 868 653 665 779 72 410 975 338 711 527 690 513 923 627 554 504 747 427 75 746 717 778 786 670 184 928 905 944 42 980 755 302 431 994 22 578 652 82 555 513 62 405 295 808 30 968 951 410 833 103 358 561 16 321 246 642 445 581 847 415 184 31 515 250 996 35 629 319 37 541 285 335 934 638 469 291 197 992 112 935 773 196 831 178 478 743 459 511 854 225 506 925 46 729 690 631 413 721 766 610 69 85 60 98 71 50 874 363 983 81 836 72 319 217 422 366 653 22 241 774 748 635 504 884 51 752 152 786 104 900 170 380 850 905 543 266 632 137 168 208 445 212 458 212 873 191 444 676 430 492 409 94 343 333 227 788 424 605 6 693 445 932 799 805 749 16 472 936 891 443 926 561 439 954 
461 684 713 815 199 445 425 619 385 535 734 349 210 612 349 688 730 960 622 920 303 612 397 27 727 139 765 952 948 478 781 233 786 447 1000 295 681 792 749 689 899 866 131 620 749 421 577 226 110 666 769 178 481 849 923 675 650 843 521 856 954 495 854 338 290 398 541 48 569 158 779 351 518 182 923 130 989 525 822 33 1 291 599 225 893 45 183 286 731 113 373 91 352 470 235 381 598 600 489 3 231 462 922 614 882 588 81 768 368 327 57 822 331 716 7 324 483 583 600 13 760 485 114 104 775 808 68 370 173 750 948 758 492 248 84 308 168 283 987 468 944 473 293 592 101 988 466 253 956 96 328 904 603 662 416 249 6 167 456 137 319 479 61 426 862 773 895 162 390 940 138 839 532 163 32 241 613 324 632 691 399 999 244 599 659 980 134 924 589 291 536 337 340 355 694 95 311 844 788 728 406 94 214 1 332 149 275 256 245 339 505 829 891 28 567 794 705 944 469 203 452 938 172 292 452 579 284 829 494 126 154 150 607 217 934 282 536 433 286 717 748 586 268 372 666 936 167 849 51 993 500 436 747 887 563 377 872 750 690 132 523 226 722 932 225 182 739 753 488 868 360 831 106 16 914 697 180 259 21 948 315 199 957 880 83 999 798 327 191 709 878 555 431 841 644 706 564 796 413 928 293 792 754 632 680 749 154 690 343 851 297 867 488 572 446 840 218 621 605 240 1000 855 465 556 472 218 871 160 233 36 387 598 438 92 523 511 900 74 742 448 221 819 194 742 330 53 455 826 906 950 600 571 38 829 411 870 824 621 852 109 446 509 206 227 635 977 221 219 736 446 148 275 637 584 177 69 441 452 354 23 818 436 734 599 806 902 627 672 886 99 67 499 189 760 294 790 52 902 894 101 763 954 652 756 31 356 206 167 262 280 389 431 851 543 688 733 417 282 602 884 978 19 956 561 53 500 490 241 241 644 854 94 861 389 488 913 603 359 504 254 999 682 225 954 283 590 405 206 520 810 472 400 108 230 758 422 167 74 747 738 283 994 679 492 446 712 462 747 473 904 560 368 238 505 101 8 156 145 94 376 602 30 20 94 277 203 978 804 33 297 897 187 409 65 439 720 79 978 798 1 
218 15 358 143 98 462 442 217 429 793 459 196 223 116 911 812 635 123 79 17 693 849 420 698 539 448 239 258 86 252 834 861 332 109 377 337 539 736 16 717 750 205 700 978 247 647 153 380 792 261 559 502 721 579 139 360 49 359 678 483 869 925 552 558 769 778 130 536 826 608 7 316 223 70 816 858 379 668 169 828 811 138 944 524 71 270 831 774 539 727 317 825 899 629 817 460 704 4 625 450 61 597 710 101 640 859 768 100 393 861 33 701 676 361 258 705 767 107 79 978 762 800 820 845 256 861 372 982 234 486 902 384 886 319 302 834 250 596 548 560 371 538 926 519 596 786 487 262 599 209 652 757 156 376 506 230 557 52 610 982 141 5 728 466 548 95 606 321 988 322 179 454 696 482 915 474 465 822 949 307 968 329 662 103 923 274 801 190 720 35 267 59 667 595 368 720 599 644 328 276 478 397 646 590 128 109 942 38 101 428 156 240 579 154 405 520 646 627 551 900 275 41 495 788 739 376 885 762 663 855 49 921 800 964 965 136 428 236 368 659 311 581 654 589 743 4 520 952 134 53 172 520 285 774 557 954 741 715 72 32 669 783 468 226 490 183 647 83 498 383 128 225 823 576 17 10 540 672 528 319 113 24 41 873 190 803 134 318 513 532 985 330 152 653 463 829 237 767 237 321 12 468 576 904 286 958 550 983 658 813 597 820 537 27 334 145 431 864 17 918 816 300 944 352 952 88 491 419 488 979 7 561 713 277 710 768 338 590 820 580 322 20 774 561 812 566 723 111 54 628 112 931 864 506 532 314 677 113 424 589 74 332 29 106 953 602 410 168 541 352 660 1 363 52 756 157 732 698 607 602 181 399 505 349 331 191 62 863 615 454 246 441 822 193 566 158 620 562 134 434 142 213 398 37 916 534 583 735 81 30 187 116 235 186 92 836 40 946 646 473 750 242 356 592 705 410 219 971 443 750 288 100 845 621 625 74 424 97 710 561 97 955 391 971 480 628 491 801 575 612 355 671 747 235 266 562 692 384 11 394 685 389 392 680 810 342 967 86 164 702 706 481 710 648 178 848 252 534 124 857 440 884 62 648 501 897 602 151 672 834 71 708 985 871 80 428 885 163 238 715 
489 12 555 713 230 70 237 19 424 647 599 135 292 170 367 422 52 861 402 599 452 729 183 175 753 757 630 810 607 953 590 351 824 859 353 55 267 500 288 349 706 111 638 970 778 967 902 367 208 622 587 658 832 357 467 28 5 774 202 32 199 66 136 820 896 708 539 445 44 698 315 828 652 471 71 674 2 554 794 452 617 148 188 55 300 252 2 19 291 587 374 511 109 942 20 768 505 726 506 97 778 513 261 273 117 207 915 767 988 228 435 6 1000 40 118 192 496 808 669 28 5 955 528 407 705 500 114 204 523 714 989 204 603 577 406 396 261 198 529 280 448 604 947 947 148 298 473 748 821 897 308 295 378 878 1 89 44 284 321 960 662 407 374 630 345 536 456 197 853 260 154 455 551 83 248 556 157 625 925 146 58 710 326 652 178 989 240 667 172 551 810 765 939 942 386 287 819 593 681 571 427 74 446 506 919 80 755 473 963 125 793 716 983 455 556 291 13 552 574 462 523 108 477 401 440 390 708 527 225 497 82 776 665 559 404 627 98 795 612 162 806 303 278 296 292 893 934 995 795 302 443 306 288 620 249 781 327 455 826 678 755 786 691 123 478 731 446 984 855 285 762 983 767 830 996 8 369 567 819 142 509 375 703 702 275 694 320 409 63 10 413 44 522 12 267 820 922 543 330 491 646 550 646 584 460 546 906 106 823 342 140 3 745 772 321 204 820 27 607 916 721 630 21 673 92 278 603 130 589 883 1000 498 616 445 431 509 879 229 617 127 949 329 553 137 865 732 914 499 644 866 65 992 139 756 313 820 491 240 986 983 376 270 745 638 595 842 87 662 783 516 617 815 195 425 210 2 68 591 210 91 458 475 140 452 535 531 602 487 894 339 202 361 554 160 501 447 105 398 76 770 773 753 505 426 537 613 62 876 163 390 352 387 357 903 545 704 660 964 544 113 237 30 833 842 931 410 316 509 425 88 822 923 287 683 834 121 567 126 22 936 188 337 829 77 968 750 255 283 570 302 747 185 841 90 423 896 851 811 653 616 683 368 87 567 535 987 196 874 869 746 801 415 97 271 777 55 528 166 743 551 465 122 394 329 248 78 550 820 34 788 857 232 768 319 589 744 332 208 134 565 
948 44 608 671 377 968 747 195 270 322 977 226 777 239 85 215 460 339 52 502 504 932 616 637 254 965 312 852 334 363 306 588 763 370 611 889 52 373 868 575 115 167 725 622 547 565 534 188 164 464 498 191 358 539 266 15 407 185 506 117 965 331 477 310 730 164 314 381 522 597 684 788 670 975 482 409 654 253 331 641 968 669 487 261 995 538 326 294 178 875 913 425 25 465 66 539 185 579 180 819 492 617 618 867 231 266 241 620 282 550 717 868 472 651 652 145 887 256 892 914 207 484 310 185 315 444 903 131 457 86 706 163 432 648 207 354 318 647 26 880 919 641 579 678 661 889 817 171 346 958 942 754 126 707 968 238 545 956 397 845 488 245 348 573 728 2 171 234 603 974 588 171 893 877 151 855 510 184 606 491 989 844 866 672 184 96 656 942 661 554 372 955 752 561 129 729 763 464 806 3 751 424 248 302 837 547 311 391 450 119 906 616 502 976 169 266 156 685 406 90 983 189 763 475 872 930 34 439 761 682 55 365 577 653 518 977 990 802 587 22 67 295 102 884 415 356 2 346 969 823 514 530 133 286 691 95 160 191 847 639 19 775 279 1000 889 707 709 956 359 266 620 228 401 631 841 294 791 920 399 998 10 880 771 702 40 364 83 13 920 808 79 321 671 191 413 564 647 812 862 127 563 428 698 161 482 296 268 134 302 235 734 448 580 543 2 174 241 880 53 175 73 958 275 604 391 387 346 457 35 816 49 738 751 479 221 253 960 545 23 587 156 805 335 966 208 517 759 106 807 761 823 731 834 904 707 970 690 914 774 518 390 814 70 860 452 476 4 144 242 650 546 431 402 535 875 33 879 57 625 249 882 264 33 274 35 462 911 721 384 29 577 869 574 455 524 927 963 946 977 681 656 900 4 496 391 497 138 337 496 204 681 253 218 347 133 444 964 929 454 523 129 619 514 533 69 169 507 498 419 50 945 226 986 902 62 280 315 161 324 310 651 781 503 53 336 141 57 785 901 689 633 166 422 276 458 581 810 175 77 957 28 347 367 577 936 817 184 869 438 474 512 360 392 397 466 712 362 940 782 889 278 909 775 267 757 225 929 295 494 239 856 47 302 102 41 48 435 52 793 640 
328 705 895 871 991 211 907 656 730 672 467 20 984 5 705 803 776 857 558 393 431 913 965 106 362 210 952 389 98 568 114 169 625 600 313 971 641 935 426 667 943 970 617 186 594 250 511 340 886 965 626 341 159 533 484 828 862 503 195 866 228 644 99 321 42 303 253 460 452 530 422 355 577 865 920 139 908 395 777 807 104 812 829 113 437 221 828 270 532 214 747 181 820 40 732 550 362 125 317 418 530 276 488 454 281 21 408 303 646 745 118 492 980 527 671 126 177 414 606 81 939 974 464 319 855 373 956 209 209 778 982 133 130 3 552 757 773 575 528 917 217 691 111 275 444 405 839 772 515 802 458 731 187 120 82 168 934 506 52 474 743 911 611 100 501 793 733 720 79 295 537 359 251 106 900 396 654 911 670 955 507 624 55 125 757 619 984 896 650 856 723 881 965 571 978 97 809 278 185 624 830 348 178 284 302 413 588 919 684 444 75 483 434 441 262 919 895 608 435 647 818 854 10 557 177 207 436 570 912 177 322 571 426 838 772 555 377 588 312 36 374 268 919 980 263 61 279 201 459 158 810 773 406 253 377 992 293 202 288 713 121 155 56 330 644 38 983 781 940 392 704 298 634 120 874 742 650 842 265 347 72 973 135 602 838 820 392 33 760 109 416 460 436 267 564 189 26 619 963 11 608 368 427 851 218 367 796 809 171 467 645 397 502 694 80 438 459 643 46 120 98 879 113 189 545 281 286 100 726 653 135 571 755 613 874 894 948 546 652 429 162 325 107 679 517 360 429 329 371 827 364 284 899 632 790 554 129 54 158 374 967 686 876 462 911 238 469 58 418 360 827 826 344 434 370 185 262 948 616 531 64 260 169 919 596 889 501 116 250 689 379 613 741 587 906 197 59 444 596 265 131 682 280 503 659 826 347 963 647 65 415 275 249 381 247 7 924 873 415 483 966 611 646 312 416 238 128 262 871 142 974 329 824 15 157 870 741 12 518 420 962 24 786 539 326 414 644 430 691 673 348 703 484 27 455 327 664 846 792 586 475 868 516 892 607 335 944 614 909 128 91 94 262 1000 803 274 152 368 672 354 9 80 763 800 236 161 493 105 230 92 255 609 456 871 165 184 898 483 313 862 
708 791 73 575 211 642 648 639 501 802 909 844 366 287 237 542 110 326 249 152 929 287 64 515 548 487 130 566 416 3 746 256 600 936 665 585 778 461 690 771 375 292 193 789 482 885 994 137 915 546 475 402 113 448 873 160 481 66 115 758 721 533 673 874 739 516 866 970 1 905 872 551 461 503 861 203 990 635 833 73 914 236 650 312 510 454 451 144 902 283 88 536 445 724 871 773 499 802 942 636 994 591 555 833 367 811 744 927 289 232 43 278 59 756 519 771 385 122 213 346 915 55 280 805 293 317 531 58 178 82 883 613 708 534 979 682 925 215 707 697 83 540 952 423 758 787 626 721 840 435 992 552 81 624 652 595 503 994 422 199 296 429 945 758 95 687 496 674 656 427 110 769 220 288 304 622 875 328 475 931 517 545 196 289 110 246 964 994 925 603 264 485 755 235 186 823 788 633 873 290 535 16 809 599 781 675 490 266 427 396 833 833 895 773 881 596 708 728 703 988 710 391 584 876 757 370 852 616 881 661 991 592 690 29 459 163 220 766 15 954 652 790 501 683 294 70 286 723 266 662 390 848 850 542 632 844 580 565 759 74 848 690 609 13 9 603 909 332 299 96 30 728 16 94 6 562 338 325 460 124 96 961 273 510 874 873 461 301 802 561 685 490 1000 808 137 801 532 889 574 340 849 297 32 906 134 445 910 443 724 361 635 1 967 17 863 966 916 136 314 671 615 121 436 219 649 40 93 107 987 823 599 242 774 474 469 249 310 763 267 897 451 867 154 528 869 308 705 871 650 17 5 353 969 554 317 276 19 41 645 365 95 894 392 685 50 363 597 262 841 518 629 315 590 2 242 858 180 332 839 171 587 70 303 189 969 494 431 501 799 404 611 214 959 606 857 447 726 867 623 423 941 969 349 217 591 23 771 351 803 369 801 168 311 783 552 762 944 53 75 790 587 888 381 502 675 550 929 662 153 826 332 421 516 617 739 715 134 424 492 879 490 18 158 64 478 579 743 168 373 430 577 470 521 886 300 820 27 798 809 524 755 945 924 456 925 825 143 280 41 800 270 755 289 896 439 345 281 515 285 174 496 609 65 159 40 261 55 506 487 743 889 887 564 167 710 168 448 198 400 978 
906 445 385 801 865 634 739 932 518 581 930 294 937 823 858 368 425 974 983 334 216 328 896 896 380 533 651 709 358 130 383 463 696 823 460 282 872 720 883 498 63 404 77 550 545 391 845 432 258 456 532 594 61 513 287 592 611 786 355 903 845 101 924 521 379 31 537 973 888 355 191 913 91 78 239 639 854 650 105 817 733 3 797 12 94 43 782 605 970 302 773 622 791 301 191 758 299 100 533 860 176 594 247 570 83 563 344 538 626 487 55 273 576 384 755 829 75 214 61 160 240 394 506 642 531 781 775 912 872 230 483 134 760 974 434 525 125 756 431 893 4 806 535 985 589 462 30 493 452 873 139 841 277 774 802 786 89 603 69 541 283 254 297 267 513 118 329 890 379 184 190 865 893 64 721 961 644 574 590 429 362 652 993 824 9 857 21 552 945 615 960 102 323 476 72 402 65 898 308 905 3 79 418 822 115 37 748 266 451 687 586 35 627 432 630 645 669 923 170 179 500 449 369 339 624 63 711 429 738 275 242 170 839 842 334 644 415 212 17 394 259 938 515 688 65 180 19 432 95 188 138 882 145 290 712 892 586 119 72 978 539 689 268 341 191 505 728 651 530 933 192 362 925 398 521 508 875 881 928 672 665 270 692 623 423 106 133 993 985 149 585 891 396 667 18 969 505 266 577 907 347 329 433 850 608 539 627 823 249 70 389 215 826 486 481 800 105 416 807 234 366 592 866 982 230 753 619 200 999 264 736 916 978 543 699 130 772 466 738 937 68 67 929 500 866 254 33 94 876 988 175 799 879 520 109 45 647 44 768 537 31 33 407 230 456 503 910 530 722 754 638 897 363 209 573 558 377 230 524 90 881 447 940 696 214 711 456 382 641 651 585 539 427 277 204 73 803 458 20 505 832 612 758 193 925 920 609 783 792 933 241 418 721 128 304 597 434 802 859 970 731 6 758 664 690 100 391 644 197 904 707 409 784 647 411 360 700 638 588 925 78 819 889 383 915 224 193 461 371 907 456 529 589 791 470 958 325 543 810 889 501 424 452 881 97 172 253 69 88 54 559 330 810 745 516 569 207 174 335 146 930 1 261 291 343 771 402 63 906 46 483 727 571 850 230 688 595 362 891 274 
943 709 602 700 103 966 817 232 29 971 956 99 622 765 403 928 42 964 497 745 387 984 546 821 415 335 747 960 174 866 278 669 43 398 524 564 906 210 137 140 501 158 542 591 262 510 889 88 956 473 196 829 719 597 785 276 498 46 504 647 570 963 710 624 386 462 398 347 12 303 932 501 432 295 78 792 972 717 144 163 815 115 203 35 462 598 326 173 506 936 736 831 56 333 202 17 662 31 96 295 982 538 537 571 84 495 43 924 944 801 936 753 266 561 22 908 248 330 481 870 281 508 937 182 743 825 580 937 478 17 681 249 751 309 937 510 179 885 718 340 440 347 448 202 645 268 580 118 781 306 908 632 654 586 868 966 583 758 850 985 667 651 18 177 23 247 764 221 356 450 343 521 102 802 210 597 513 939 142 394 70 437 909 4 841 707 553 573 64 13 596 199 515 413 467 871 878 617 993 122 480 117 189 465 32 86 932 932 116 599 932 360 426 107 437 504 819 31 743 220 514 245 355 596 696 336 652 19 164 315 250 300 333 671 793 373 248 752 670 14 624 55 205 463 305 29 787 325 946 197 991 483 566 439 239 704 409 771 924 597 338 939 804 122 389 679 187 733 301 751 129 554 428 899 946 281 395 155 440 707 344 165 577 66 690 50 8 491 6 550 204 244 159 491 42 398 111 958 899 393 816 508 125 546 840 508 707 981 992 68 452 562 284 912 812 961 664 630 837 901 759 595 603 658 691 907 994 678 115 410 256 793 951 310 890 188 165 345 231 555 233 984 295 546 494 733 969 824 103 740 479 158 165 607 802 662 606 754 805 723 473 958 547 37 12 614 767 889 89 819 295 122 557 360 88 826 623 172 888 903 928 267 638 390 942 308 673 903 880 768 803 38 714 304 92 517 70 43 981 802 294 729 707 164 708 979 296 244 77 95 369 502 361 804 57 4 964 969 656 927 26 622 123 869 52 704 706 217 37 925 404 53 379 820 235 983 270 866 799 383 650 147 11 588 4 110 969 850 558 647 686 332 699 388 86 137 161 431 238 784 361 685 787 747 400 459 446 13 131 676 820 802 589 994 143 187 456 578 646 519 508 950 660 848 554 536 892 42 864 76 32 924 867 451 995 964 869 262 405 276 
20 697 536 575 366 387 588 682 693 71 311 346 519 500 42 793 858 245 852 224 745 15 159 700 145 518 308 760 451 862 671 622 735 458 163 444 141 327 971 816 995 318 533 109 517 243 255 848 176 552 927 67 540 641 492 535 397 350 350 167 568 979 70 561 614 814 868 667 226 365 644 463 946 982 760 94 120 139 524 286 917 203 957 699 674 666 631 446 126 276 160 961 798 579 687 894 368 94 932 706 694 838 223 781 203 359 856 30 631 699 569 737 26 342 893 456 562 49 207 810 908 327 659 590 636 721 877 317 709 257 515 539 768 633 819 596 29 450 796 390 810 219 838 426 286 512 872 114 772 70 349 593 392 239 110 549 107 170 718 582 726 736 424 44 360 887 577 786 456 654 437 156 337 12 578 937 89 961 606 496 96 794 449 356 528 309 730 8 849 321 323 105 578 290 580 150 374 591 905 360 124 540 282 217 885 478 766 678 827 802 222 100 478 836 395 556 878 609 543 646 496 811 68 590 192 152 783 225 867 985 170 918 977 843 180 741 508 263 641 721 500 82 730 165 623 829 570 703 537 538 757 582 366 298 56 637 106 721 481 149 349 94 541 420 32 932 395 872 24 570 708 194 181 786 15 674 385 188 159 438 441 968 459 218 933 525 192 438 696 261 1 474 558 493 450 650 376 110 839 962 632 148 967 48 13 761 80 821 542 649 73 457 62 404 82 624 429 253 340 9 872 741 320 264 381 311 520 56 169 617 535 571 525 999 450 669 444 96 339 4 397 197 489 888 249 749 474 386 236 258 163 493 619 64 757 559 162 923 480 606 643 94 620 771 813 979 684 960 994 438 321 904 870 903 847 379 385 379 362 526 963 402 55 396 994 231 817 375 469 794 250 164 334 812 878 610 834 423 462 720 791 211 434 874 874 856 315 242 158 535 355 117 371 32 669 44 892 945 812 704 791 403 13 722 386 980 276 343 75 219 536 111 964 168 501 8 239 160 92 612 632 393 941 599 979 345 696 895 513 847 774 977 303 246 987 560 712 509 823 972 248 576 225 115 16 996 691 915 487 237 411 451 871 760 487 765 691 791 318 995 898 208 310 676 404 908 881 853 831 408 711 936 753 717 346 310 522 856 51 107 
129 297 464 614 315 916 242 773 635 602 448 218 853 468 677 183 417 220 906 371 335 388 547 954 446 883 211 934 597 467 815 144 829 564 242 316 709 238 102 64 628 561 29 98 564 236 11 932 883 567 532 473 352 330 749 420 872 633 627 749 190 558 21 26 940 349 466 63 100 341 842 54 941 236 271 692 286 288 95 489 731 884 264 878 387 745 914 4 493 80 667 177 326 720 430 497 572 444 120 21 376 938 119 366 301 516 643 489 275 798 826 8 418 892 566 435 942 849 525 819 767 583 203 699 334 482 609 741 455 962 451 416 729 676 933 370 822 768 580 31 699 881 980 775 783 326 469 281 899 491 404 954 70 54 298 459 381 3 775 221 540 567 205 134 191 140 4 641 376 449 848 455 726 46 749 359 890 11 198 446 441 686 328 7 696 726 817 121 707 147 328 843 771 937 923 352 99 545 91 267 521 798 640 25 901 975 436 536 723 482 312 323 56 387 112 251 702 847 120 245 88 411 475 486 708 539 344 606 628 811 139 775 739 303 484 133 767 748 458 291 258 899 29 361 73 945 62 238 297 679 831 519 676 994 377 773 904 154 234 329 490 723 971 671 964 541 331 691 780 380 646 118 624 903 667 670 658 881 519 728 608 577 837 687 392 961 770 538 366 584 930 239 237 768 293 201 822 104 470 274 628 287 945 722 636 685 506 419 981 114 14 921 523 138 987 853 995 79 806 123 253 413 423 489 261 67 687 359 161 367 917 52 375 822 947 783 102 758 860 368 121 500 953 297 314 516 696 480 85 516 516 314 720 776 43 751 259 443 849 807 979 258 415 552 390 969 124 956 750 649 999 173 390 528 857 544 14 415 110 394 798 841 45 637 68 361 76 825 461 353 661 491 501 258 278 357 344 646 827 643 996 135 996 82 476 389 662 326 269 554 402 10 110 790 184 61 826 105 610 406 245 420 809 561 408 94 7 949 517 175 521 683 945 615 186 398 140 908 879 515 257 205 711 103 70 802 375 371 979 263 695 248 218 204 933 378 531 815 677 399 725 44 317 196 923 969 634 323 676 612 205 726 537 193 739 275 796 181 168 717 662 644 945 694 901 898 787 814 694 20 86 138 856 908 745 973 948 630 668 880 
990 126 216 321 125 357 383 484 714 168 995 300 235 303 168 216 812 862 1 181 641 789 763 423 407 592 675 320 955 813 648 756 753 313 600 98 262 322 107 355 319 170 938 760 282 617 974 645 313 927 552 303 805 59 803 639 640 86 859 747 873 287 429 393 781 134 692 603 106 799 102 265 948 996 187 249 3 745 233 639 602 485 135 444 841 13 800 992 429 785 699 512 12 835 596 661 891 20 172 122 275 981 826 252 239 853 118 127 359 631 777 980 186 705 487 380 324 156 535 819 717 479 473 309 678 330 300 258 505 803 674 385 72 379 228 949 674 189 149 962 764 4 8 509 638 82 296 327 289 7 899 48 216 664 110 115 862 891 119 470 121 180 404 862 257 289 295 580 268 13 182 833 252 375 516 731 839 48 825 13 221 103 970 199 783 237 881 347 476 655 731 946 538 86 219 538 510 792 505 961 877 805 930 262 150 577 230 204 46 740 292 373 529 835 93 920 272 725 475 395 424 613 240 695 628 554 622 301 504 519 67 572 429 211 752 512 635 457 269 617 745 926 719 321 78 76 412 451 685 360 228 164 762 5 320 315 336 87 999 319 294 119 756 645 924 282 425 590 177 416 786 482 570 773 82 744 187 249 262 856 789 543 283 230 3 856 369 999 444 822 76 737 696 791 309 76 435 231 69 714 98 101 197 440 457 385 166 273 96 98 316 559 656 770 506 681 346 741 51 67 274 294 533 136 678 288 494 889 337 445 220 74 477 16 414 953 644 267 707 750 37 616 438 880 503 311 102 581 983 789 528 431 753 743 860 615 896 145 575 627 846 937 757 840 314 146 380 381 212 858 785 221 626 114 523 194 544 233 394 970 490 375 990 827 345 810 727 477 998 147 79 732 482 429 977 154 297 795 1000 374 10 998 127 15 472 153 733 239 605 373 116 864 435 964 125 119 354 766 686 2 785 701 263 771 605 41 287 137 107 50 745 11 797 696 342 901 869 148 721 110 813 902 885 718 539 267 119 531 389 588 635 982 512 159 951 135 112 60 745 422 38 783 281 892 565 360 918 389 35 996 410 494 368 689 197 38 512 316 186 878 665 651 652 880 891 730 926 810 273 174 285 543 684 650 838 281 682 565 222 432 
409 144 982 209 542 776 659 231 220 928 271 802 165 500 161 906 90 869 5 370 362 8 723 85 716 629 376 497 821 823 503 494 120 592 886 125 680 835 528 216 750 935 349 838 483 78 236 779 197 121 500 56 26 585 989 304 102 941 353 990 724 47 657 15 982 125 529 243 965 9 940 427 111 487 662 345 515 498 827 658 989 509 218 629 450 329 425 736 194 364 23 798 673 548 692 643 501 311 121 923 349 306 678 430 301 987 176 813 227 575 535 680 697 378 232 511 424 370 487 589 569 226 371 91 91 575 799 2 404 269 899 118 160 135 407 611 474 920 891 784 661 453 71 726 545 623 414 951 278 465 49 351 490 406 108 91 634 543 211 228 571 135 66 370 30 143 903 24 236 24 536 931 695 53 28 882 373 156 595 789 179 544 557 181 141 264 283 384 871 501 879 896 874 133 316 584 127 307 821 238 653 355 407 55 747 86 646 749 781 442 104 761 599 702 644 753 466 17 136 448 600 664 100 328 105 201 682 792 228 74 234 261 709 752 224 242 73 41 813 600 754 728 837 891 850 204 285 946 793 360 938 588 767 720 50 51 745 360 852 314 180 524 326 845 610 71 42 13 999 501 992 985 34 47 650 99 780 481 641 151 907 845 459 164 83 454 553 336 497 188 617 134 135 674 161 486 486 721 646 408 391 987 600 665 519 214 662 897 846 598 680 202 814 273 496 736 868 585 544 665 985 277 962 60 317 708 682 120 687 893 548 899 255 418 628 840 328 598 258 157 807 90 322 905 444 460 580 616 979 2 144 28 289 1 903 491 254 673 250 195 255 100 59 710 833 882 254 990 733 118 85 574 263 590 598 814 180 541 269 780 110 760 281 627 177 291 951 957 851 857 800 135 150 869 988 33 508 172 228 34 767 711 57 974 582 969 885 455 326 972 620 28 31 852 298 868 106 856 652 577 779 645 454 36 554 745 639 812 201 175 718 174 76 864 44 772 276 427 510 333 179 690 953 288 581 365 956 904 522 195 43 294 782 124 442 42 572 591 580 655 134 252 310 745 838 81 254 975 90 405 379 161 185 182 83 544 672 859 359 95 259 353 663 182 444 782 876 736 301 55 410 226 141 394 626 899 844 187 88 721 
678 975 810 161 786 257 91 443 752 295 258 82 604 164 542 439 421 45 518 912 452 802 690 852 357 762 778 459 415 21 978 968 466 607 467 230 37 738 321 923 877 33 750 175 606 244 281 554 673 198 469 409 265 352 11 383 222 451 688 763 485 976 852 37 949 712 200 544 290 2 380 815 176 136 651 663 159 992 671 680 1 3 20 202 364 168 230 97 784 422 458 817 983 995 438 609 696 95 967 487 514 440 605 542 312 764 48 346 921 360 538 255 276 83 802 549 366 802 235 564 627 873 1 679 526 270 423 722 881 502 840 651 667 996 364 354 557 318 518 999 3 85 968 152 138 767 862 680 805 126 338 478 408 335 716 843 185 315 759 473 682 77 541 908 631 167 288 625 487 61 445 72 133 454 313 995 371 782 592 36 675 261 722 665 622 574 44 14 184 191 432 854 650 363 668 33 973 464 506 92 983 193 629 60 335 772 422 608 528 257 802 34 119 111 228 235 837 222 609 641 972 444 920 217 641 72 238 316 253 952 642 84 531 315 749 131 17 126 639 103 999 255 178 600 810 131 496 965 157 848 915 914 219 241 432 202 583 621 842 556 415 246 584 519 925 427 366 196 276 693 340 720 18 473 753 103 802 329 197 455 294 187 809 2 751 463 511 881 708 57 489 456 396 211 251 910 492 1000 151 913 431 360 628 291 584 310 742 887 840 730 732 898 265 375 556 745 847 77 358 614 857 61 835 2 51 798 292 897 168 602 962 144 258 639 408 240 73 566 474 40 661 910 765 612 156 950 68 31 243 68 277 657 405 784 111 384 691 976 386 480 729 274 229 499 685 523 312 887 398 442 157 626 920 995 455 742 361 917 368 188 363 971 996 89 800 11 503 772 319 496 711 947 720 151 800 256 632 323 468 72 309 305 111 917 729 131 227 792 647 614 825 520 319 338 810 352 330 461 769 76 156 894 168 786 523 377 173 513 172 600 571 834 96 460 839 928 353 246 537 393 15 384 526 306 448 42 512 477 587 486 85 649 811 259 232 237 364 657 418 36 367 233 973 967 422 610 190 653 814 819 336 235 375 668 369 572 237 971 622 623 4 375 508 123 421 230 101 972 2 703 791 34 667 423 900 461 719 92 892 291 
290 651 538 133 641 73 664 317 398 564 691 8 547 583 206 35 969 464 704 950 574 554 894 531 279 849 998 830 259 481 88 554 412 20 156 263 332 680 836 980 331 45 536 510 794 967 995 735 735 168 537 29 446 490 277 223 564 743 716 248 155 681 267 593 268 529 865 624 272 664 724 283 892 423 469 66 856 550 338 712 615 334 287 888 668 656 532 782 336 658 229 180 54 301 333 74 634 328 903 114 125 906 281 616 626 257 297 205 454 525 812 502 729 971 211 334 751 899 437 856 869 161 515 755 443 653 69 331 207 817 7 915 91 916 339 885 764 891 861 117 74 19 873 313 422 175 61 1 351 932 414 837 122 373 508 155 885 375 836 749 673 485 177 877 979 681 609 736 226 686 497 515 350 257 625 632 188 57 781 647 428 402 1000 861 511 430 176 693 241 350 714 617 642 835 908 902 900 511 453 722 156 90 572 775 145 701 283 621 981 977 186 857 478 662 842 968 372 18 752 273 216 87 358 501 177 155 193 23 38 726 340 212 618 798 647 97 235 682 711 719 976 920 980 343 606 159 6 13 497 379 732 391 587 500 73 946 262 518 824 865 113 975 929 244 901 58 618 41 396 230 655 38 502 349 973 642 219 813 665 526 135 537 572 671 433 205 275 936 338 548 784 410 989 145 914 835 443 903 573 759 244 9 273 969 341 513 931 184 797 177 878 242 989 763 295 329 138 681 564 431 67 651 394 467 299 988 480 745 910 916 167 763 236 852 534 346 271 979 119 690 660 202 883 712 915 185 654 637 694 880 883 671 267 790 934 740 978 426 851 478 421 698 785 157 363 526 589 743 451 331 369 776 664 313 729 858 993 180 665 298 165 851 825 336 745 938 947 757 338 312 202 210 249 936 538 172 225 663 240 946 497 474 936 650 274 29 648 646 759 675 72 538 152 881 325 314 461 394 474 870 227 904 822 397 424 30 108 866 726 136 860 481 17 792 413 880 720 343 215 485 670 615 186 12 326 587 504 773 832 699 587 863 565 625 343 935 364 237 133 654 842 681 780 85 772 291 351 626 612 110 191 296 637 31 279 663 734 592 594 785 496 487 853 40 344 68 580 463 939 597 285 311 854 433 134 774 208 694 336 639 
93 890 680 205 27 436 657 333 427 617 475 469 247 870 105 832 629 456 230 367 15 628 502 439 112 1000 243 469 767 270 678 33 147 876 665 549 899 661 350 148 58 317 370 387 100 47 671 801 323 254 333 470 608 941 678 764 578 87 75 832 272 149 489 279 63 196 779 408 994 859 191 670 588 517 920 306 759 2 911 330 98 485 344 339 188 461 45 376 747 869 405 808 307 403 843 440 200 145 302 838 513 892 971 513 818 671 645 41 384 968 144 162 2 182 832 520 149 63 29 417 188 387 730 13 840 959 610 710 757 419 626 639 577 483 52 654 619 478 944 545 823 264 27 635 388 239 13 299 641 240 316 696 539 384 122 807 832 761 158 567 240 883 254 51 297 366 984 893 631 960 98 819 77 995 871 211 142 723 751 637 434 506 162 77 282 772 300 525 930 538 353 389 457 568 875 826 169 829 887 694 406 845 499 533 441 512 94 411 530 632 485 311 823 157 249 784 200 328 866 713 934 570 553 678 822 906 752 155 217 409 842 578 729 797 955 640 291 487 70 652 351 830 608 231 721 504 823 401 381 532 297 194 404 919 687 995 289 498 102 744 313 961 193 655 990 346 153 533 531 145 671 940 709 190 855 822 798 179 861 872 521 30 492 696 52 668 106 493 648 880 949 272 858 661 852 165 423 721 894 578 986 958 571 108 85 375 843 20 112 831 370 197 852 105 689 226 47 982 731 986 765 987 501 90 635 398 386 710 27 788 625 888 398 485 400 116 725 825 836 433 478 195 87 808 447 738 777 770 243 279 978 579 575 387 77 600 420 916 468 481 946 115 675 551 505 766 822 284 487 78 978 413 96 488 780 889 449 548 755 982 954 527 991 272 551 889 646 872 677 974 962 726 557 668 484 863 962 466 535 988 762 603 292 56 926 245 481 824 306 84 808 567 715 477 481 121 539 396 288 492 22 884 764 125 378 282 676 864 345 192 193 268 782 274 915 666 313 786 181 284 538 532 928 670 678 201 353 78 389 748 962 18 832 439 801 645 235 26 218 569 990 640 253 220 83 666 167 523 823 216 673 303 505 780 59 409 524 252 311 686 860 186 813 219 866 54 193 384 719 839 191 972 850 59 898 300 810 452 711 650 
482 423 781 39 872 114 256 881 83 37 554 315 944 422 793 71 108 393 166 28 566 590 626 504 404 713 577 324 641 543 92 49 233 613 752 478 373 225 688 158 645 445 11 460 9 495 37 599 766 905 598 395 48 321 365 644 516 417 2 467 330 716 502 159 244 477 171 730 586 967 171 57 417 683 946 209 960 917 562 961 432 822 938 355 742 704 430 546 506 235 149 731 468 914 12 931 836 556 350 965 622 132 400 600 367 744 46 9 539 601 728 366 690 927 897 677 831 114 957 104 150 856 489 242 951 18 343 295 551 644 864 245 666 912 952 556 80 171 800 134 332 858 78 462 813 324 917 186 34 327 964 192 448 911 759 722 748 306 559 385 159 853 786 227 276 133 819 900 898 524 192 518 690 705 501 873 992 830 932 368 913 752 113 888 785 121 190 481 898 229 372 83 579 774 452 159 14 856 568 586 319 916 469 619 573 789 301 734 643 884 446 1000 100 268 949 786 768 525 47 193 512 401 909 243 419 856 229 649 47 475 184 309 62 242 144 555 14 391 126 623 870 407 156 754 529 388 359 684 229 875 90 120 776 70 411 162 511 793 678 129 847 853 531 741 535 183 225 271 347 798 39 91 466 870 558 126 210 23 184 591 384 12 575 423 945 957 461 416 144 836 695 695 726 255 353 993 66 970 216 303 982 858 217 433 909 298 876 204 990 21 840 27 977 328 21 550 580 645 828 789 757 783 136 731 300 344 273 227 208 388 652 83 398 660 483 923 905 266 133 740 21 399 390 720 601 462 445 846 847 654 160 505 781 450 120 749 26 721 564 738 200 468 334 100 147 155 543 808 77 830 314 6 295 573 316 142 375 606 431 477 916 906 449 836 803 437 800 621 895 617 609 869 737 794 789 968 621 1000 211 543 505 903 203 937 572 358 671 437 571 273 986 972 866 22 102 958 628 434 55 43 506 737 441 173 438 39 810 128 749 482 719 97 957 412 544 295 525 42 930 797 149 990 920 218 777 492 640 327 753 606 31 838 230 880 972 411 140 587 221 147 530 594 412 111 658 302 112 199 288 10 211 86 61 301 302 465 337 739 767 607 363 211 902 192 576 782 226 85 604 677 342 187 572 423 747 271 519 836 483 592 
143 581 979 680 412 71 703 784 771 588 226 902 97 984 572 343 826 652 642 676 279 29 220 999 787 297 129 170 140 295 427 316 673 779 346 162 528 180 953 375 910 566 250 363 283 518 211 661 98 258 5 640 604 452 472 463 623 641 777 448 577 278 742 33 767 726 71 862 891 595 381 262 121 834 111 816 473 885 17 640 50 374 51 873 171 769 906 50 368 119 89 649 342 633 493 769 383 11 795 314 972 764 578 596 382 951 264 827 603 243 150 834 713 875 555 320 796 588 129 290 687 490 41 829 867 529 7 906 91 628 502 32 932 456 169 355 437 413 815 942 602 770 340 921 656 102 246 362 215 838 14 141 707 218 331 556 41 918 342 885 226 432 127 502 849 222 970 409 172 885 441 679 85 426 273 942 517 265 964 826 621 695 393 621 468 399 693 302 975 766 352 578 964 288 415 726 261 399 133 920 477 199 9 304 123 722 669 761 10 508 428 815 892 886 665 568 546 67 48 587 397 364 853 378 321 619 294 374 159 874 769 478 847 586 725 519 943 186 746 602 917 142 239 409 134 459 191 720 821 419 963 835 331 13 462 571 618 858 571 631 223 552 23 196 82 678 214 541 758 667 214 49 865 647 877 360 602 711 595 171 782 57 584 517 186 339 291 806 245 532 399 657 589 887 767 83 54 44 979 26 705 797 586 278 11 904 470 467 545 257 69 74 452 517 236 779 56 982 948 787 900 106 114 53 313 890 904 505 475 419 870 143 377 222 101 593 356 960 257 436 361 962 460 477 927 965 362 276 31 597 304 881 118 979 396 465 908 351 835 887 362 707 917 266 821 145 497 122 205 32 663 17 676 777 721 484 911 508 280 103 350 928 728 746 507 951 572 446 109 310 992 317 33 677 496 516 5 547 539 585 468 735 151 404 33 670 227 95 876 648 191 638 477 968 620 933 980 455 851 60 572 664 534 171 418 569 632 452 585 734 262 830 595 390 906 995 200 626 460 134 903 825 711 927 797 797 644 586 287 394 88 346 873 556 886 489 748 790 997 148 210 490 656 296 338 412 224 704 633 716 786 553 142 111 31 531 916 205 423 440 254 537 253 554 580 915 736 367 560 844 607 651 446 454 282 785 823 457 745 649 
477 29 445 360 283 283 528 219 364 611 381 825 240 587 424 675 414 988 804 492 460 476 661 449 783 514 428 919 715 278 756 695 562 668 870 691 621 517 690 501 124 908 440 963 445 417 633 445 853 39 1 218 666 293 936 310 932 343 877 220 751 98 730 146 410 58 525 810 989 852 884 98 868 314 782 368 677 66 489 271 995 117 576 416 929 840 392 673 293 164 446 262 738 774 715 818 300 406 370 36 825 336 359 706 492 61 320 446 745 438 248 843 695 821 968 389 73 828 101 260 491 522 679 751 788 329 638 735 360 937 860 587 107 346 11 765 45 932 533 199 63 446 46 55 962 304 186 499 994 369 14 461 532 672 687 981 621 956 612 665 478 962 253 733 649 961 848 691 565 263 95 985 657 330 667 245 258 733 662 697 660 976 195 182 418 495 775 609 262 246 325 352 231 273 762 108 573 430 293 108 478 407 708 757 782 32 238 563 273 829 700 62 648 633 126 301 68 350 279 883 270 496 880 980 882 983 406 238 607 400 114 616 967 499 108 291 839 899 71 298 845 327 491 35 765 187 933 907 394 917 798 643 348 96 262 245 383 756 927 708 245 456 497 326 368 764 760 27 762 208 592 251 40 516 100 345 731 886 321 832 693 661 198 625 434 681 335 819 142 270 334 463 593 45 968 792 242 905 160 693 329 105 335 196 610 771 247 918 802 451 410 885 483 62 68 621 608 745 842 581 487 759 898 805 57 87 240 541 299 178 532 913 618 742 485 654 993 412 219 435 770 233 967 80 742 918 803 783 484 720 409 389 739 471 388 399 351 135 601 612 13 160 363 135 551 62 873 353 87 384 33 776 36 216 873 946 365 48 985 391 752 439 537 377 136 973 372 733 331 676 522 487 7 211 943 935 584 17 212 229 242 110 273 573 839 625 887 683 704 817 303 781 402 901 381 819 840 618 842 423 315 63 588 620 593 170 749 713 11 960 558 498 964 103 178 122 186 12 651 771 335 379 100 185 804 274 971 33 2 5 893 677 768 887 494 749 540 501 832 228 970 338 151 280 749 122 93 311 928 168 219 130 218 206 826 890 94 895 684 781 926 590 46 295 459 837 354 512 838 149 198 370 131 376 574 743 11 248 322 388 
750 749 223 191 74 481 583 850 246 268 616 333 909 78 388 205 227 304 390 62 401 377 656 313 8 89 60 726 623 576 664 425 413 348 481 60 774 12 579 71 541 528 134 634 397 956 505 391 216 80 474 296 60 465 973 435 416 270 257 583 146 754 720 853 446 956 687 888 414 856 984 155 868 515 95 676 64 265 707 500 642 358 592 548 639 247 718 94 548 38 620 873 827 447 818 466 520 502 881 266 242 84 460 596 882 702 395 355 501 596 338 702 562 802 142 899 882 336 955 620 58 985 558 899 906 406 318 415 307 313 753 228 730 625 703 948 847 496 649 79 292 790 240 364 334 403 869 405 990 902 244 91 52 336 823 407 239 632 539 675 87 117 405 84 343 118 907 889 99 474 514 1000 638 542 283 373 160 625 164 98 81 128 408 252 329 483 582 419 443 676 602 352 981 579 54 124 392 60 294 460 511 611 134 710 265 260 68 515 775 332 836 754 269 751 536 672 369 753 580 401 820 875 123 140 643 531 259 306 949 426 48 757 330 51 692 545 55 441 226 396 755 558 501 588 817 58 211 277 884 106 513 791 828 116 981 97 803 204 765 639 774 48 923 308 803 339 789 585 575 132 886 985 517 500 495 330 213 122 51 124 963 670 652 774 682 536 321 101 260 230 196 572 315 239 861 394 324 955 441 582 617 862 904 147 11 760 961 915 866 262 397 557 996 279 686 742 215 894 14 161 422 946 520 759 477 862 375 724 285 777 239 335 661 478 471 264 799 338 228 486 638 655 628 584 449 394 183 831 785 894 198 645 697 319 888 369 314 102 704 69 452 624 961 86 108 917 205 617 208 704 735 701 619 956 846 269 321 881 591 385 138 329 575 977 638 717 29 778 644 158 586 324 131 941 724 281 349 58 287 614 174 429 804 191 280 909 957 571 756 540 701 492 240 774 505 477 564 749 622 338 434 247 554 209 464 347 299 114 159 637 864 951 938 783 632 27 85 507 822 508 666 337 258 216 749 358 686 57 867 583 157 145 109 904 339 340 669 927 100 287 77 175 110 756 346 438 838 794 955 61 108 223 268 643 349 597 776 224 308 453 315 394 304 503 779 218 3 388 498 331 888 410 20 208 234 909 16 234 612 53 
181965 192783 189353 182695 190013 174560 183064 190371 192321 180125 187835 186306 181827 182120 186032 185900 195242 190426 189671 189710 188879 179732 178105 179936 193245 192827 184919 189005 187053 180305 
556 111 163 457 614 182 896 226 575 580 739 666 841 714 141 765 208 184 332 55 171 378 275 731 15 807 974 938 59 627 629 788 573 38 533 205 523 887 103 985 511 688 731 939 713 43 303 577 768 199 644 631 987 415 860 915 719 663 471 911 373 412 273 643 755 146 90 67 405 591 505 532 539 394 462 641 554 585 956 585 130 660 237 62 699 360 716 113 636 838 34 907 361 629 405 174 187 483 868 934 207 137 719 437 559 712 941 847 279 990 44 858 165 362 684 784 290 649 932 391 145 57 296 870 657 789 129 239 470 9 308 508 598 270 958 368 251 986 397 479 832 915 317 792 275 937 156 238 828 569 133 993 269 36 569 639 889 35 549 382 362 459 684 996 606 556 875 586 674 383 39 283 503 598 38 719 706 728 684 144 799 923 398 692 537 830 100 377 412 505 75 209 476 698 369 348 816 508 725 627 379 593 788 283 221 162 252 291 197 176 77 611 661 238 387 754 932 260 629 234 409 336 693 668 669 102 646 39 313 733 957 412 514 794 727 690 805 552 357 605 23 776 147 138 956 332 450 535 906 401 164 764 574 502 407 787 949 201 808 894 572 181 963 347 164 917 716 682 19 234 115 283 932 688 205 455 626 777 845 53 840 494 816 581 933 498 291 141 672 439 527 945 469 461 489 837 468 453 75 123 306 686 611 454 553 853 239 44 870 276 173 572 762 370 214 843 432 950 270 970 509 755 111 431 858 749 169 39 599 5 40 793 958 329 533 223 269 351 969 787 1 442 634 509 706 601 64 655 941 893 566 980 250 961 126 840 876 148 759 314 482 93 162 74 795 382 873 27 193 768 161 871 847 27 992 601 465 153 838 725 619 847 221 647 26 235 327 781 650 589 217 446 1 282 734 234 923 29 249 783 739 842 321 631 545 614 399 883 360 686 259 810 195 767 459 737 403 375 494 309 615 605 420 770 695 137 911 171 917 520 668 455 150 212 18 931 625 258 319 357 671 545 466 523 416 121 959 105 849 917 618 289 576 209 951 533 721 898 982 426 814 71 692 668 489 804 533 698 477 389 426 955 660 368 145 364 495 5 322 543 635 18 373 820 273 687 60 196 25 346 90 784 777 334 943 460 698 887 950 42 
413 63 111 312 888 650 111 279 890 995 81 989 623 449 486 398 153 598 253 842 189 540 608 638 60 75 687 476 350 409 463 989 959 968 650 603 879 960 21 729 92 56 63 109 914 888 679 413 568 871 28 57 216 795 356 536 91 21 994 334 300 470 326 837 292 783 641 505 292 123 605 72 21 463 393 428 911 729 612 731 247 960 793 938 192 78 145 655 286 748 479 605 614 551 357 598 605 793 939 742 873 291 266 765 355 806 288 233 512 260 60 280 543 275 390 221 127 208 367 977 288 29 544 20 954 655 521 183 776 254 453 550 159 884 25 414 315 887 755 671 514 385 934 34 998 401 790 651 607 229 255 136 411 5 396 842 488 726 34 932 258 966 988 505 57 580 193 426 6 528 557 713 408 837 89 780 822 46 440 22 481 925 892 199 481 134 544 854 947 536 713 357 527 207 70 272 340 866 426 313 871 772 266 10 974 524 854 55 12 724 471 473 914 619 905 325 894 840 772 376 370 712 13 365 803 829 278 394 621 263 743 83 238 932 470 896 491 803 32 843 946 985 498 337 286 699 963 508 686 243 489 409 20 719 16 530 184 500 509 295 275 565 447 627 154 448 215 249 133 13 910 28 679 74 534 903 314 142 218 116 55 424 156 59 999 94 647 856 90 625 904 52 76 668 154 813 492 598 61 997 328 659 682 887 813 964 238 806 169 97 370 751 876 854 418 356 375 980 121 734 128 755 410 609 439 764 863 615 961 841 102 874 447 772 548 965 654 581 408 902 649 954 390 901 562 417 668 634 129 739 497 341 275 121 301 741 783 482 820 322 803 167 790 718 253 273 493 444 810 771 947 627 527 966 317 16 677 466 146 856 369 653 115 74 130 140 345 995 750 641 565 404 978 218 875 87 14 924 59 59 307 557 111 721 303 519 420 723 952 950 967 785 518 849 571 22 777 587 170 240 333 32 166 973 263 830 381 457 194 750 908 978 467 1 339 531 620 969 312 685 857 344 104 712 353 224 939 4 187 327 860 88 27 128 965 593 402 57 461 567 900 968 444 955 884 262 238 296 292 558 887 856 582 306 127 462 364 682 425 449 151 897 670 335 856 116 533 11 106 291 164 575 688 256 982 153 317 864 497 280 
907 75 488 485 227 292 519 362 618 499 876 360 6 906 220 897 566 96 10 504 93 274 568 413 863 185 783 325 881 866 138 608 690 431 432 930 851 174 457 650 104 927 944 454 338 381 70 484 172 922 752 869 816 976 177 759 105 849 904 958 631 251 651 113 101 653 645 57 272 945 692 5 814 665 757 193 266 984 363 38 52 565 327 974 581 88 778 804 244 961 253 299 684 676 11 715 381 847 271 7 807 447 406 465 125 414 981 474 296 383 178 570 241 621 963 363 45 6 17 957 563 92 329 16 127 991 140 706 172 445 426 980 646 90 804 620 834 585 920 362 687 605 202 272 200 732 514 172 614 209 785 167 413 523 112 436 101 902 999 663 288 890 768 60 566 460 749 393 470 541 363 109 189 771 527 725 872 90 695 822 745 423 183 610 39 382 529 662 705 413 872 343 822 187 776 804 521 894 698 82 240 661 62 110 84 337 841 252 134 259 646 999 656 320 859 293 597 875 753 437 42 279 166 306 565 282 994 625 77 483 781 554 990 222 190 182 639 995 666 739 450 630 106 230 161 120 999 838 966 878 112 889 582 861 151 713 235 806 844 700 810 979 60 792 130 415 893 303 793 323 956 111 506 1000 973 985 762 147 128 394 839 582 437 144 718 755 275 537 450 94 212 952 485 935 775 395 436 351 657 372 221 757 685 205 339 4 509 264 894 680 962 788 386 152 129 404 925 309 585 618 921 636 24 921 535 646 374 330 779 434 206 572 312 70 686 889 737 124 839 168 400 373 267 539 366 750 15 529 344 649 871 194 875 728 81 821 39 39 94 983 770 718 187 611 589 500 353 461 950 41 386 984 189 811 497 504 342 181 441 446 781 936 260 901 868 71 116 934 225 99 877 587 437 446 662 515 927 58 613 42 983 248 832 959 157 324 8 742 553 792 332 609 770 238 806 883 642 127 411 870 130 670 209 417 631 394 935 964 228 787 705 893 213 116 728 909 50 328 437 792 609 385 771 776 667 628 565 708 102 375 890 76 763 970 268 688 1 174 578 907 152 432 930 759 182 779 509 518 597 141 725 725 942 862 731 573 939 75 302 72 248 557 712 995 154 602 396 650 88 334 195 902 226 758 682 476 94 269 258 236 
547 859 25 285 674 829 878 49 145 915 532 824 153 820 370 13 462 582 25 209 768 292 915 754 48 519 295 751 579 468 576 90 523 313 525 286 564 738 961 167 445 339 634 564 95 694 100 967 679 594 467 935 880 366 71 580 354 173 340 176 446 871 20 694 305 25 487 229 895 138 249 752 216 316 149 449 558 144 960 51 614 750 526 499 957 614 700 760 525 118 15 3 307 338 896 833 618 214 665 663 383 306 44 685 403 150 504 312 438 871 600 610 681 468 544 120 896 977 882 408 647 762 852 118 519 926 515 561 308 873 725 196 577 456 36 642 238 837 601 524 26 252 505 418 529 209 598 640 738 170 25 342 270 784 527 190 406 11 737 351 815 682 746 473 508 548 441 531 316 296 745 949 76 702 155 825 74 174 381 295 278 490 412 90 909 159 593 945 855 847 918 453 21 928 22 882 562 813 229 517 559 80 18 517 548 708 5 291 183 180 285 717 237 67 145 408 916 866 236 188 979 950 284 407 389 658 222 613 807 217 1 356 997 199 237 294 632 815 76 86 943 160 182 952 832 554 438 564 51 98 780 542 723 323 16 933 888 646 545 948 404 765 404 116 636 666 837 344 180 320 619 225 197 517 776 857 840 471 910 63 864 407 946 492 336 188 880 724 927 773 86 118 244 438 103 907 164 483 676 184 66 459 385 387 62 181 369 279 667 109 378 119 82 483 668 432 364 166 473 311 989 500 417 725 484 957 818 551 817 171 229 2 315 503 798 524 801 428 104 705 501 883 336 278 820 666 940 339 162 895 917 353 35 36 632 90 0 88 704 633 551 272 853 75 762 197 147 349 487 919 433 799 27 508 644 110 895 905 114 592 544 824 131 268 638 481 282 661 826 93 170 24 755 730 130 378 329 520 79 710 98 628 432 53 3 298 134 136 915 986 568 127 701 74 177 822 357 65 603 922 140 413 525 416 888 798 99 354 258 706 312 868 712 194 325 549 232 837 731 813 265 391 355 466 359 375 963 190 896 461 42 504 140 180 297 92 544 904 888 58 664 15 522 776 25 302 265 777 734 72 657 468 37 728 580 648 903 511 656 824 140 101 520 817 531 35 540 492 166 728 144 6 999 579 96 224 61 272 268 407 
599 599 359 58 318 462 464 323 702 675 29 314 451 178 580 508 87 7 984 971 122 108 64 705 387 756 505 91 667 85 218 253 966 979 569 676 923 570 38 903 54 414 875 651 938 914 761 92 205 702 707 387 183 14 306 279 316 537 600 2 430 624 235 929 933 612 285 735 499 544 631 433 413 805 514 723 788 490 870 342 900 797 82 532 229 706 182 927 765 34 625 814 780 203 967 46 519 457 354 432 65 71 391 691 338 360 291 42 368 390 730 375 613 870 800 776 942 579 885 830 410 183 603 842 331 937 572 279 821 941 438 149 321 306 590 362 393 868 541 578 698 377 478 138 646 41 18 448 673 81 277 198 418 115 875 832 174 966 889 952 27 941 712 896 351 655 399 508 629 527 24 658 590 511 176 329 707 798 226 601 590 951 404 21 318 851 709 68 927 207 286 662 891 810 260 618 328 375 173 153 980 965 944 887 42 84 552 853 892 793 786 725 844 937 565 1 588 500 659 121 252 665 478 146 578 514 113 683 512 382 384 448 101 875 966 781 269 652 625 236 605 96 402 653 66 259 770 18 39 549 840 211 862 868 299 88 287 288 346 917 763 351 817 421 486 432 961 795 785 143 855 791 692 315 690 259 309 371 432 380 844 525 659 327 643 590 617 395 609 120 208 908 995 79 259 98 414 922 916 655 620 664 857 0 692 463 463 916 747 167 600 989 115 913 391 330 408 999 997 608 883 54 467 69 370 173 584 369 966 351 868 2 838 799 323 273 406 484 349 211 983 718 658 492 742 851 654 630 608 411 950 668 788 389 490 548 738 129 894 599 398 295 920 708 526 972 739 446 548 960 999 725 249 492 923 557 237 770 100 581 590 922 897 430 467 783 681 479 734 154 235 500 951 300 953 210 952 886 451 858 247 158 618 748 144 472 399 459 919 110 71 177 745 383 992 335 335 490 856 406 532 307 675 713 657 811 577 393 774 403 389 952 459 209 190 995 516 470 215 459 542 555 533 880 707 848 976 557 846 839 78 719 170 178 630 786 599 704 925 161 736 142 350 312 880 792 787 266 191 692 312 997 399 989 326 389 471 917 355 22 973 709 220 380 469 876 490 16 411 824 434 686 383 704 891 907 828 947 638 253 
125 16 938 816 161 934 350 356 987 920 622 546 795 645 544 128 223 738 588 434 219 354 83 474 344 494 735 983 890 59 35 62 895 231 231 748 458 85 826 550 968 715 469 280 493 179 433 210 209 530 96 212 427 811 117 348 797 693 901 41 191 874 466 461 359 165 458 114 999 89 465 169 515 396 820 882 207 862 658 803 986 384 569 80 57 142 194 663 341 617 203 468 282 691 391 355 911 597 987 942 956 389 105 913 176 247 280 207 870 414 944 903 107 641 632 781 887 81 290 589 901 836 697 106 642 554 129 973 928 213 869 94 331 77 992 304 981 29 309 100 83 738 982 458 432 530 469 320 169 447 420 828 217 926 325 893 816 270 518 226 240 63 661 478 358 806 385 39 654 434 934 297 783 594 60 310 26 534 416 919 9 347 232 328 702 77 483 809 254 623 245 942 274 717 978 902 631 650 222 629 677 372 412 330 382 817 23 142 744 373 292 124 253 178 258 324 344 918 861 106 454 97 122 269 822 539 191 797 242 786 819 703 431 110 990 495 554 639 977 779 416 527 235 829 181 74 602 222 435 901 963 162 191 105 168 618 955 591 788 588 588 17 328 797 466 217 40 65 904 400 633 209 432 927 155 253 581 787 254 57 837 475 75 705 325 312 539 162 448 70 199 734 871 941 765 94 446 520 628 935 921 369 976 593 482 932 548 410 724 523 472 660 604 247 995 392 560 133 47 13 121 376 618 985 246 313 293 156 619 266 645 617 744 830 678 897 545 789 382 487 113 968 507 58 105 646 71 872 270 191 865 531 679 233 118 602 983 126 824 85 323 126 479 312 958 956 366 405 529 440 135 778 36 760 318 183 654 698 738 269 27 375 644 513 764 204 398 102 304 409 410 19 977 142 951 834 848 579 639 200 914 916 564 409 318 658 404 183 833 810 798 115 480 446 542 701 770 942 296 549 740 530 320 846 394 492 39 3 263 175 79 771 99 46 215 30 603 788 623 885 397 723 3 695 702 11 733 41 69 522 696 664 121 750 47 80 966 172 825 68 834 508 525 522 359 796 205 742 232 115 940 917 482 344 977 948 584 909 793 974 217 410 211 919 629 332 527 728 426 118 158 608 818 666 818 165 179 711 256 971 
794 962 559 323 634 265 707 775 776 248 253 781 833 654 881 335 945 892 683 417 55 945 624 67 667 371 556 676 355 260 272 463 24 361 26 708 862 355 100 314 862 237 777 757 236 190 602 665 11 565 899 109 798 568 897 399 686 325 783 527 629 918 230 711 314 268 97 52 524 494 558 927 776 52 755 266 297 252 276 527 142 748 321 871 720 341 28 559 825 307 711 842 839 878 516 204 873 42 663 780 805 237 953 547 201 235 401 1 217 825 556 779 540 423 858 342 132 956 691 144 531 605 967 40 317 513 314 660 963 619 706 270 824 373 710 740 318 584 551 478 185 766 946 706 522 275 291 641 752 36 455 151 792 648 286 436 858 266 889 155 767 557 67 54 922 484 219 712 657 614 151 430 700 745 876 354 583 342 389 618 996 612 655 695 498 602 700 71 303 179 414 769 244 905 368 162 394 907 23 844 36 890 88 190 167 130 526 826 967 666 762 632 886 866 424 326 64 716 684 451 770 762 429 453 166 175 499 879 64 286 373 304 910 704 420 184 943 197 33 953 2 269 389 280 497 732 540 696 821 270 137 388 661 785 319 219 416 147 698 216 407 626 670 163 880 751 536 21 831 789 117 702 522 226 471 530 476 737 734 414 564 21 895 142 207 33 170 867 724 921 125 730 273 381 103 297 642 370 397 321 249 309 915 423 740 242 888 678 134 550 951 710 289 389 405 562 443 289 164 539 259 10 945 761 236 76 274 695 151 578 473 687 287 211 607 408 545 576 2 380 45 480 459 801 458 41 992 130 979 704 211 614 571 553 393 242 454 223 812 341 993 161 52 685 930 85 928 173 637 368 569 289 750 44 159 853 30 817 973 119 423 807 728 617 278 437 424 749 513 87 964 408 738 243 909 27 804 598 796 900 358 592 284 19 795 919 776 43 497 574 0 602 348 20 709 138 325 275 632 682 944 319 761 625 708 484 321 123 483 595 720 930 559 81 116 590 772 284 431 952 339 931 199 588 574 744 906 885 125 452 233 120 454 170 217 327 183 984 746 10 998 142 840 35 718 826 98 728 352 807 160 279 549 336 981 481 943 261 365 157 956 844 591 939 231 568 135 502 381 336 335 381 274 876 205 119 279 230 669 573 
447 682 649 672 673 522 987 818 781 695 260 630 331 346 255 727 738 691 49 494 877 448 306 563 992 981 895 205 267 893 271 313 495 375 758 148 749 841 627 8 258 799 127 863 869 558 777 34 795 983 508 683 314 442 31 805 378 692 991 482 56 302 81 938 929 674 764 806 929 919 421 537 463 382 625 845 537 686 522 28 568 350 810 128 792 575 687 742 812 346 702 96 291 482 279 911 412 934 301 791 488 538 473 597 742 913 2 889 741 157 544 12 503 149 202 730 133 765 980 402 115 987 585 13 386 797 329 539 406 509 69 546 387 798 960 394 854 564 914 36 93 252 732 949 305 732 624 684 412 497 900 43 145 395 807 799 711 824 334 631 189 779 51 10 474 729 58 213 184 99 901 744 593 611 965 53 308 143 319 909 694 104 412 174 560 955 748 754 535 590 822 888 562 173 632 28 296 969 593 153 71 770 879 115 667 314 74 513 102 495 193 849 13 982 541 531 487 293 339 313 740 756 397 626 625 889 782 878 615 321 203 135 373 439 809 929 381 911 354 88 968 504 932 103 581 534 224 854 453 332 862 116 670 644 254 134 720 908 852 422 651 961 999 516 716 664 501 403 7 922 760 439 628 989 324 156 387 257 620 678 991 407 962 896 48 561 178 80 241 820 869 48 62 118 569 612 699 581 374 69 662 568 422 102 460 502 437 719 581 764 800 74 857 871 32 30 583 322 555 35 785 849 401 506 997 373 462 313 854 48 705 25 916 740 247 953 827 137 674 353 427 655 579 897 383 790 407 862 392 482 363 937 493 269 812 610 761 635 901 9 173 203 444 799 411 436 642 117 402 691 741 42 323 432 28 483 386 884 961 604 466 307 733 598 477 933 442 675 107 948 684 986 190 863 156 894 104 745 539 489 343 247 871 981 501 374 195 825 94 530 790 482 754 778 999 933 552 155 35 298 650 777 347 497 796 326 26 126 373 576 618 253 928 219 550 496 622 459 600 574 608 235 219 847 363 636 739 719 557 265 364 206 992 490 578 816 269 722 417 846 43 553 187 957 773 480 530 806 170 466 952 578 973 421 875 616 800 517 813 213 261 285 509 735 822 699 556 29 210 217 762 648 125 292 723 889 256 782 950 475 
399 960 197 422 379 154 160 368 319 905 334 253 725 111 449 689 630 728 187 957 220 308 34 444 378 209 655 14 339 128 285 582 883 63 445 908 975 291 190 522 81 314 344 790 482 798 73 604 112 42 114 692 707 137 683 926 957 474 735 360 230 406 189 980 285 284 617 492 862 236 914 607 873 707 189 359 862 173 647 469 464 240 377 229 39 14 771 443 782 559 47 17 421 280 768 898 63 141 927 495 344 81 72 347 183 761 439 706 505 562 588 303 392 541 787 157 723 116 809 416 309 786 970 458 22 245 91 156 94 980 530 423 456 583 178 126 810 934 202 226 431 891 980 532 216 791 560 10 475 627 329 487 521 32 960 706 897 712 160 45 741 422 719 485 551 726 336 588 672 822 991 711 974 66 886 92 963 613 322 575 486 510 494 373 793 31 293 43 341 663 247 1000 700 786 370 111 134 599 887 353 493 9 660 794 778 826 61 940 254 456 496 537 529 154 689 944 657 734 857 296 33 573 450 832 343 631 264 704 395 834 768 213 913 183 256 170 935 716 172 904 458 862 273 771 983 583 696 259 976 341 444 279 256 519 932 19 328 877 207 42 444 591 168 868 100 824 360 708 79 51 810 254 440 655 3 563 9 259 863 782 96 553 263 243 140 773 24 729 986 29 868 383 114 288 724 133 261 42 208 152 313 977 363 83 97 951 238 544 38 620 976 414 923 727 467 108 721 999 704 635 399 760 929 867 860 623 43 683 880 648 476 392 955 229 852 510 828 989 969 274 981 159 116 212 147 367 260 63 213 522 287 489 208 411 449 773 571 666 652 130 292 987 592 855 299 57 976 692 75 16 707 552 231 826 929 687 301 946 438 179 668 205 407 865 526 360 999 217 575 230 361 246 539 528 348 230 836 491 702 556 241 511 288 714 657 492 633 642 32 762 922 19 243 948 896 356 805 140 285 906 629 441 360 717 102 861 363 798 339 668 684 404 137 200 311 500 168 184 668 991 188 837 459 553 218 799 929 636 344 667 188 602 236 724 803 577 641 692 816 265 414 114 794 4 178 264 963 933 665 445 742 9 717 241 849 936 541 497 445 564 657 550 290 355 133 426 49 468 696 15 315 535 891 443 817 629 619 999 546 122 
63 374 675 523 593 502 105 14 454 787 81 180 434 354 97 988 107 605 519 419 664 305 554 986 925 82 458 76 546 764 38 762 269 357 778 881 169 13 124 746 182 447 750 249 95 381 832 394 10 646 107 235 326 636 558 329 753 616 298 288 490 209 713 884 955 798 54 722 353 612 485 697 291 723 257 632 215 902 122 32 719 938 741 420 615 339 254 245 324 766 555 740 680 526 447 149 684 399 478 543 189 299 397 669 197 679 449 0 836 906 953 908 835 848 421 891 181 841 709 162 655 457 668 451 532 508 684 783 284 370 784 953 968 419 942 941 289 208 410 175 974 927 473 450 323 619 150 822 841 449 285 59 704 994 842 554 695 159 361 346 364 995 949 211 938 110 195 19 291 927 873 914 9 818 241 812 918 582 318 43 84 73 419 585 214 200 87 438 197 424 209 226 72 677 904 809 299 905 82 327 272 474 492 111 86 772 534 879 760 969 740 259 470 383 746 773 78 420 546 879 346 749 165 61 174 121 18 457 486 393 478 772 14 675 889 625 355 859 629 229 744 276 910 442 216 545 18 645 160 196 799 721 957 239 586 43 374 784 929 803 278 39 475 533 201 263 479 180 387 460 826 613 737 664 799 164 91 100 196 999 374 150 61 928 54 261 48 97 957 900 912 624 945 11 382 559 650 585 858 141 694 928 590 301 903 729 672 571 435 661 500 894 932 255 295 103 943 247 687 716 134 983 34 445 910 42 71 226 512 650 645 160 890 157 706 50 81 724 283 468 392 644 882 296 546 208 28 98 168 296 169 252 452 577 321 448 684 867 33 101 858 439 912 831 657 151 709 488 774 643 217 680 43 587 716 34 782 187 353 894 356 536 938 769 384 243 700 173 124 404 206 606 516 408 150 19 710 756 781 604 929 810 458 284 415 523 356 719 657 464 634 220 946 66 126 539 290 202 218 145 493 103 24 472 919 2 507 104 91 27 801 972 210 812 651 78 664 438 372 402 599 833 370 99 177 256 609 32 175 301 163 47 421 940 631 258 674 753 633 152 249 893 338 769 702 913 488 228 860 7 978 704 281 136 594 946 425 885 674 304 462 137 733 760 319 594 934 883 740 552 8 316 956 794 218 755 357 351 592 538 
736 704 315 357 60 129 178 404 340 425 473 630 2 855 847 10 981 124 634 396 310 600 601 166 230 420 991 792 991 328 510 73 783 700 681 855 311 130 110 69 331 307 797 813 335 335 288 626 693 304 258 924 221 19 357 242 793 152 614 868 665 254 281 781 271 670 63 555 178 723 178 72 892 778 0 470 141 345 560 222 236 637 406 512 714 433 413 490 210 699 953 776 537 713 479 928 692 329 967 412 472 798 608 58 309 907 637 80 611 106 530 339 37 35 71 479 311 296 10 298 979 51 616 337 514 961 229 863 842 847 220 462 646 377 57 549 72 749 630 712 799 496 788 828 409 304 170 478 741 563 251 868 945 830 161 667 588 806 208 334 406 653 98 598 556 538 602 566 492 267 269 282 403 834 488 534 13 692 981 728 92 680 51 100 735 505 131 160 231 911 762 319 416 812 59 575 433 125 752 102 362 329 587 449 27 535 919 643 85 975 244 896 322 905 382 157 272 420 298 294 213 869 603 588 547 60 438 506 74 101 946 377 897 48 895 619 973 731 622 23 133 341 624 843 183 446 526 980 96 321 985 937 853 657 150 298 755 27 867 166 452 462 619 989 100 241 469 695 36 533 670 134 297 47 405 490 794 660 720 352 474 715 823 418 338 438 866 440 978 748 993 917 544 686 913 968 637 735 930 237 477 837 928 898 838 439 813 925 403 836 672 385 982 540 926 887 104 946 639 804 662 667 914 664 272 325 673 105 876 644 648 808 362 567 884 300 567 733 513 300 751 734 151 139 446 893 578 420 687 219 629 381 864 963 28 583 319 791 268 635 807 939 731 385 859 919 706 160 529 776 918 968 187 121 30 479 265 681 606 764 973 460 105 471 986 704 765 966 18 889 905 255 306 564 198 198 133 259 898 534 445 311 61 314 812 16 63 437 609 585 286 889 838 954 732 791 48 435 796 686 838 818 391 368 661 342 610 733 702 702 75 342 762 20 817 135 608 449 979 830 848 66 953 664 252 202 700 763 193 97 582 994 870 791 154 31 555 749 592 897 9 900 581 459 977 915 646 296 537 547 10 578 716 955 748 122 29 69 863 702 596 241 757 263 884 830 577 522 58 306 866 626 613 65 888 391 809 719 97 772 
494 799 889 153 424 711 774 191 484 718 879 678 986 458 726 624 272 392 691 414 41 227 125 256 673 495 438 101 733 956 265 616 842 551 952 222 770 485 581 143 355 862 27 303 633 903 125 79 96 597 91 832 113 103 671 560 549 893 111 422 995 198 794 922 616 814 555 64 465 713 554 664 676 71 896 793 609 483 543 575 839 667 557 348 370 519 770 72 873 7 231 670 84 145 358 569 331 706 388 10 23 366 885 432 812 28 699 768 667 667 203 422 698 406 254 185 398 21 707 109 462 282 946 974 783 384 989 301 649 974 752 890 385 654 73 76 519 763 649 547 975 818 37 356 297 940 985 1 31 321 735 33 942 619 937 346 396 70 580 969 271 745 174 741 793 170 499 948 132 559 970 486 689 343 523 462 0 598 774 971 381 861 352 349 23 252 697 878 537 986 969 488 602 439 910 428 925 210 496 74 731 951 1000 205 632 3 392 175 270 793 851 991 718 64 580 37 239 412 314 845 196 90 600 781 49 356 263 195 720 256 398 515 267 908 554 340 981 997 953 206 497 898 512 442 769 582 224 91 79 133 158 794 832 685 39 196 708 968 439 278 149 124 665 152 771 59 175 565 294 403 323 237 207 142 795 824 703 539 602 883 877 399 10 498 106 799 275 418 370 778 13 121 977 780 591 467 447 9 800 9 868 502 243 445 967 290 29 88 402 932 176 68 137 988 148 365 754 57 933 518 428 43 682 667 351 979 169 54 840 231 27 904 979 684 670 339 511 185 245 399 333 244 675 46 494 375 20 308 229 823 688 950 148 746 360 45 457 496 705 945 509 327 627 773 430 492 513 176 720 393 998 882 208 870 938 376 781 527 411 579 388 328 947 342 266 587 601 460 557 609 869 928 113 356 730 351 620 494 58 985 618 881 902 744 657 408 834 230 628 811 470 807 443 295 253 963 850 752 887 55 156 518 972 998 876 622 339 346 558 622 931 977 296 547 990 213 347 985 564 581 107 844 371 250 653 520 160 630 241 498 433 461 243 823 710 189 860 731 681 758 389 484 377 221 664 772 173 413 181 597 631 529 233 739 7 163 214 237 96 645 291 384 323 128 932 356 102 150 403 901 699 47 961 796 900 708 680 552 749 792 
158 936 475 254 888 717 937 998 944 231 938 46 24 104 122 782 733 589 976 635 470 418 160 458 885 117 820 82 842 461 492 240 255 815 844 90 868 669 171 719 906 578 105 791 113 30 237 114 514 198 488 294 264 216 704 986 235 767 365 483 504 764 488 479 653 518 761 30 571 907 787 778 611 921 806 599 540 332 956 400 827 518 797 837 7 341 961 945 766 162 165 392 793 569 941 486 526 668 927 584 774 71 820 684 196 410 27 482 943 111 889 664 999 841 63 121 229 708 877 176 505 496 242 628 461 469 725 25 683 944 703 929 516 676 914 755 493 969 285 463 781 28 111 516 80 6 298 232 965 577 170 944 386 655 182 78 80 508 915 814 412 203 691 252 256 573 458 843 334 981 129 270 742 814 989 940 119 611 980 778 359 726 165 854 748 323 181 394 699 122 216 725 583 234 277 516 522 901 367 460 184 643 761 832 75 106 177 426 510 508 161 965 124 293 739 515 322 556 962 545 82 768 638 433 605 551 478 198 910 346 952 489 811 847 723 611 142 947 44 950 937 107 618 14 710 229 886 404 821 942 746 498 8 513 465 623 49 9 752 32 653 479 961 786 402 235 38 344 777 177 702 801 10 737 613 319 87 969 125 38 862 983 256 803 464 936 933 552 497 244 48 740 740 873 483 949 96 49 689 550 700 953 78 503 202 78 612 895 538 452 221 887 679 732 425 705 75 590 518 674 508 483 283 446 590 77 283 18 477 367 544 741 693 372 276 124 763 509 805 199 920 875 443 217 4 503 244 42 604 17 208 117 397 755 503 907 823 646 154 713 784 456 643 697 688 503 319 877 809 151 104 247 838 48 16 908 560 809 408 989 772 660 711 669 905 843 839 88 372 594 200 131 684 204 328 926 753 824 594 700 393 334 862 107 826 881 365 336 657 628 208 121 787 734 156 929 687 218 69 943 737 396 893 263 514 555 499 857 752 838 693 372 895 179 957 217 930 917 32 224 651 908 256 797 507 747 636 35 178 8 377 979 290 26 495 527 205 114 720 684 616 549 449 659 395 566 43 821 606 21 318 81 192 253 258 65 903 849 79 141 802 700 445 91 560 796 855 722 815 68 519 424 171 755 676 620 478 11 980 871 
669 509 264 802 733 902 900 156 303 684 601 606 701 770 378 385 91 683 95 99 187 163 856 168 478 990 913 553 190 570 147 997 866 497 666 94 249 241 661 913 921 779 716 236 233 336 997 443 131 6 515 173 853 232 411 326 293 244 285 308 180 423 826 559 806 890 712 833 112 149 370 323 396 986 75 268 914 18 303 388 50 16 389 4 262 320 599 149 599 63 65 875 910 513 658 529 553 225 878 438 45 300 474 77 772 194 522 286 324 399 98 385 514 797 111 931 357 250 306 762 189 920 482 857 831 131 930 318 516 614 397 316 130 556 281 60 191 579 933 192 210 48 80 807 785 456 322 887 736 64 533 24 549 579 857 472 255 746 878 725 34 361 192 216 524 198 360 274 743 433 237 537 660 778 760 680 797 800 702 286 674 947 551 605 900 1000 569 647 804 877 235 655 552 951 205 981 547 929 748 295 690 306 528 93 517 0 593 75 931 317 659 148 984 584 763 251 222 983 243 222 789 686 142 12 544 824 673 864 877 707 211 579 50 1 919 342 700 789 859 76 446 5 3 36 480 486 376 432 71 960 826 75 854 755 378 746 715 197 588 100 72 655 963 244 122 901 833 31 423 16 738 73 813 687 580 225 61 468 291 134 631 900 87 208 242 286 855 691 732 629 195 986 621 170 260 784 368 723 980 26 983 277 851 619 1 766 360 31 131 739 377 364 16 647 702 842 383 521 555 734 825 106 978 287 72 128 764 430 971 772 341 629 0 446 419 449 988 88 156 378 545 341 978 60 428 597 641 852 561 241 80 715 848 585 144 742 272 923 637 981 510 340 658 232 260 45 386 917 185 67 108 781 815 809 566 630 23 600 205 942 681 39 61 234 737 462 168 731 140 689 608 10 268 528 311 224 181 214 334 251 453 522 353 361 733 630 56 271 807 868 145 454 344 788 802 605 773 651 920 420 166 389 900 97 938 488 429 125 280 133 585 765 152 344 684 335 759 330 343 425 990 431 61 893 161 769 27 78 770 814 802 386 488 712 210 225 805 788 268 676 130 428 592 676 179 866 760 874 354 655 443 346 661 318 638 458 548 89 635 818 856 293 966 624 392 3 766 644 504 53 421 394 131 449 867 420 839 528 536 865 
627 472 87 885 647 572 533 581 251 970 430 877 494 251 80 748 658 904 726 875 792 153 720 478 960 824 976 573 424 906 989 265 934 421 590 691 803 59 719 579 599 576 989 234 438 160 733 885 401 16 314 809 35 169 307 455 852 558 884 54 903 992 443 541 275 189 398 851 596 198 543 498 617 207 627 214 94 267 550 840 147 674 788 350 991 491 878 818 591 552 45 645 595 141 615 594 388 627 730 534 357 974 953 291 317 332 488 16 724 736 95 707 844 728 639 389 815 548 835 997 976 219 462 460 611 740 975 836 339 987 190 942 733 952 430 472 126 990 353 501 301 231 517 865 15 224 446 847 259 407 577 12 993 589 874 960 760 94 700 137 303 316 876 642 491 188 610 689 453 753 722 264 471 774 685 798 67 475 225 216 777 179 574 759 574 607 957 228 984 556 878 535 870 181 840 71 381 661 575 255 286 30 512 750 268 456 61 339 620 434 781 130 994 295 640 106 517 366 686 209 649 339 854 799 382 280 120 278 29 109 493 299 396 794 832 984 626 528 885 400 215 172 234 21 454 785 227 400 90 628 680 569 557 923 735 50 870 507 154 144 510 905 787 863 421 762 193 754 980 613 763 298 418 809 123 570 967 199 687 194 582 367 657 947 435 218 558 869 661 865 246 80 698 898 37 1000 742 160 570 667 49 619 193 753 669 764 221 322 411 156 325 454 638 549 538 982 844 679 887 155 974 896 240 117 664 29 445 884 783 494 380 386 399 149 937 591 461 18 815 176 218 429 128 831 693 167 534 427 330 273 753 872 303 399 813 574 76 620 792 345 994 918 486 358 174 285 353 310 901 478 515 877 955 886 122 264 685 586 420 537 736 274 174 536 874 738 245 593 501 780 443 69 482 920 297 475 733 479 658 93 740 164 808 697 869 99 988 24 509 885 849 902 506 449 432 997 465 488 746 291 980 807 672 797 236 574 690 89 457 597 729 448 565 842 845 516 150 90 339 154 588 530 879 844 94 232 132 684 411 582 212 565 662 686 134 570 534 990 523 855 562 337 424 414 411 217 934 95 429 613 645 727 104 812 382 96 961 103 526 979 268 566 938 832 197 343 536 69 629 188 518 531 951 315 820 247 421 293 406 16 
557 952 949 495 382 542 557 79 794 170 789 997 522 396 263 973 143 139 484 61 569 237 167 795 395 501 748 430 810 386 143 720 909 155 540 420 678 679 314 536 132 849 327 893 853 607 766 722 238 294 782 989 172 478 840 554 839 554 270 394 846 189 108 488 744 221 467 44 239 111 502 251 775 359 576 412 312 973 234 832 902 406 253 172 10 736 246 553 51 35 812 366 119 147 993 932 195 910 83 541 234 961 304 756 613 869 331 653 111 772 829 260 860 423 837 458 548 105 386 180 539 307 769 930 953 928 957 691 466 555 34 223 522 791 11 140 264 717 814 379 575 828 781 193 246 866 402 606 397 974 347 874 19 151 35 179 800 399 748 335 142 354 105 938 532 296 168 318 763 580 839 713 447 229 963 767 215 750 432 141 143 357 595 360 559 487 168 760 805 775 330 805 859 966 373 540 166 299 334 303 781 794 919 425 978 735 578 301 370 881 175 310 747 248 523 561 686 972 488 339 460 483 277 680 677 364 823 634 885 551 337 478 624 507 168 477 125 998 298 141 124 305 730 18 476 435 139 66 204 292 907 724 330 971 879 360 266 941 705 877 104 34 371 585 599 942 582 806 293 154 1000 25 634 620 644 31 470 770 200 313 44 521 440 602 686 386 120 602 969 750 241 301 69 315 338 387 414 885 18 877 739 459 318 291 24 997 193 787 662 912 262 393 199 342 446 596 734 156 963 752 172 939 450 330 74 593 803 934 233 137 334 490 229 693 98 855 867 178 551 423 532 337 132 582 623 664 69 365 130 161 20 300 295 983 951 128 707 42 518 934 907 82 87 830 206 466 798 580 667 683 799 472 289 238 852 341 77 331 692 64 0 799 506 791 292 173 564 121 188 295 173 927 661 332 901 588 720 953 875 730 284 281 881 393 173 513 381 331 560 876 665 904 836 380 911 141 795 247 343 253 187 955 334 753 795 730 470 599 62 656 626 519 636 915 764 180 78 779 688 740 322 217 430 701 587 486 200 958 383 247 534 792 626 31 427 461 818 901 838 273 962 223 568 722 502 924 989 73 88 451 910 364 590 510 867 957 212 286 799 64 842 535 806 618 238 263 461 796 518 620 873 562 737 732 560 463 897 830 755 493 
821 242 595 888 365 204 138 217 655 321 540 787 141 675 386 283 849 509 744 173 462 969 70 938 374 404 709 757 102 299 312 361 19 227 300 229 289 567 609 984 228 335 36 992 557 564 982 73 418 981 370 560 970 816 236 47 401 224 687 605 139 565 408 837 819 680 667 289 321 60 38 610 474 774 889 434 66 753 751 999 194 496 894 539 740 598 246 35 854 98 260 275 653 640 220 300 602 228 497 611 743 627 902 996 850 976 788 721 546 582 433 792 225 788 944 525 162 537 808 407 128 924 971 255 969 724 64 114 845 246 93 389 847 465 242 940 391 635 4 14 884 787 0 372 889 75 387 662 42 146 106 403 43 858 484 448 374 592 64 342 683 43 757 550 400 930 730 676 51 493 298 436 880 959 695 949 74 235 21 339 461 91 256 860 855 427 326 938 849 42 455 914 994 800 390 940 414 415 196 972 974 193 345 892 891 58 92 492 327 126 985 854 406 364 90 250 140 387 678 274 471 858 895 731 620 239 859 749 532 939 173 441 429 730 888 196 746 504 974 165 801 500 462 547 572 950 456 43 746 220 355 53 67 179 672 123 333 400 774 252 415 486 45 271 344 130 246 545 273 623 19 703 979 229 130 851 372 750 418 727 598 221 102 102 164 820 946 143 855 977 834 697 615 156 348 702 653 484 647 541 39 812 561 480 852 211 72 791 951 990 526 281 854 274 456 341 650 94 353 301 85 259 274 178 5 402 487 927 289 586 329 972 924 346 392 532 122 354 878 801 689 380 197 687 690 45 243 382 145 502 780 157 337 267 399 632 337 439 408 712 996 175 697 229 912 501 305 268 805 749 716 612 351 258 760 587 661 471 568 720 605 895 327 520 87 528 208 545 232 284 39 867 363 462 133 767 329 822 419 429 419 222 967 68 377 110 75 773 746 273 987 828 950 103 589 863 707 999 561 505 436 796 587 673 411 185 997 768 897 987 314 864 499 819 779 155 732 100 949 841 674 369 554 178 499 887 723 6 860 801 254 664 1 472 1000 873 712 226 4 828 374 381 765 591 807 857 627 452 526 77 874 193 409 842 388 837 887 350 585 203 823 84 271 922 789 661 742 403 489 653 995 259 497 850 340 752 744 799 57 794 
840 933 88 171 176 592 12 654 499 776 643 555 328 415 51 113 891 157 95 702 946 337 713 397 443 937 302 977 802 838 684 471 810 67 4 531 744 709 424 254 121 201 32 403 89 432 485 885 476 326 148 257 457 299 255 687 155 289 803 693 406 346 643 793 23 264 615 201 577 768 396 363 538 579 982 280 951 524 178 912 331 638 147 524 19 970 526 373 28 623 428 175 129 295 70 890 595 214 217 473 245 858 194 90 967 150 208 120 53 343 159 735 385 972 602 545 503 455 427 345 125 183 950 187 871 981 422 415 140 92 357 708 735 774 389 724 176 743 87 29 197 846 431 704 432 905 74 355 341 307 112 164 785 107 512 87 378 794 623 794 597 508 303 965 379 901 983 598 116 81 6 609 92 356 497 695 351 301 264 641 479 108 742 233 607 157 550 790 952 880 555 853 475 83 371 466 730 918 341 466 20 975 988 713 888 499 884 823 699 477 135 267 789 826 326 851 838 826 543 481 183 871 76 846 375 356 43 138 492 133 424 907 533 876 390 908 199 794 297 477 268 288 58 693 966 347 859 376 910 587 426 524 368 27 984 965 155 894 121 625 128 750 334 274 211 169 565 953 141 950 386 812 560 184 405 428 311 770 867 541 328 587 723 997 303 890 402 576 365 841 856 858 917 24 690 902 692 853 475 780 39 797 367 595 189 823 123 670 860 775 922 389 293 705 909 702 284 718 577 926 257 403 593 924 200 836 347 647 695 261 682 351 287 253 7 882 347 877 955 545 557 13 334 704 312 669 738 14 560 458 552 632 411 977 221 942 136 633 494 900 384 369 402 266 737 398 325 585 876 807 867 507 743 413 882 979 59 249 893 179 391 658 553 61 934 486 67 652 937 364 356 927 511 633 111 514 273 270 837 801 548 517 479 310 660 543 880 447 962 275 467 544 532 696 140 740 110 820 943 404 987 464 799 711 51 72 839 439 145 966 10 18 316 509 605 432 171 168 519 842 998 302 118 902 658 339 257 482 508 427 340 10 842 291 283 139 142 31 468 615 343 997 159 100 819 634 443 446 855 896 549 640 454 401 678 173 600 791 705 294 820 500 957 340 565 686 510 338 502 791 605 34 463 598 142 660 199 996 7 778 
818 365 678 200 455 240 594 68 423 562 729 618 451 205 633 319 525 915 523 626 283 786 879 828 280 623 854 461 516 309 597 429 657 967 978 137 863 573 990 518 676 16 410 919 372 852 318 971 687 989 32 885 40 753 313 20 921 790 807 298 929 919 867 990 275 262 233 44 294 790 990 786 443 733 980 441 948 995 123 351 394 535 802 140 182 59 24 761 211 863 231 636 607 188 809 545 221 668 631 444 402 426 174 998 680 940 669 265 9 165 680 160 894 321 850 372 838 627 279 923 850 884 556 489 719 146 956 739 471 437 164 841 32 821 18 896 756 892 280 307 0 86 329 351 697 133 672 109 779 170 364 727 509 602 29 432 579 463 981 210 591 907 256 47 391 922 58 648 617 988 811 265 796 104 417 377 83 371 523 905 916 313 254 995 910 426 764 851 668 735 155 972 619 198 568 850 565 362 458 156 823 260 143 913 606 710 72 373 314 538 512 10 974 50 311 4 294 877 281 460 714 546 438 471 295 897 158 134 792 540 645 613 59 810 264 247 962 155 845 361 369 651 274 348 464 79 944 38 435 164 88 417 11 903 405 934 955 403 861 468 146 167 964 933 39 172 825 789 776 440 148 375 75 948 865 318 459 186 732 5 558 71 785 258 61 371 337 905 332 317 101 115 985 434 75 593 852 3 303 775 827 961 293 164 516 578 928 585 218 638 888 242 657 869 0 833 111 766 44 69 442 975 957 2 847 917 818 871 280 150 521 989 980 11 128 244 372 542 677 34 670 113 796 329 201 68 627 133 998 352 341 154 877 909 69 398 295 982 920 711 443 741 672 715 764 418 521 517 434 772 560 29 458 727 506 322 170 652 260 121 520 681 990 648 219 95 397 695 58 737 233 672 722 183 708 358 690 679 571 444 466 687 410 654 429 295 207 222 819 754 154 681 810 375 768 453 521 40 877 206 8 93 200 284 155 553 216 87 601 452 593 115 839 360 291 676 515 138 945 869 934 741 506 611 155 22 303 78 474 131 448 50 985 346 764 77 25 422 348 853 66 895 337 765 535 775 813 838 425 536 814 356 386 196 336 776 325 521 649 903 594 374 408 397 545 711 965 696 270 984 366 434 279 788 978 665 649 220 124 686 
495 554 563 946 299 556 83 291 385 822 957 28 849 72 821 542 636 430 815 335 462 428 618 400 838 368 70 664 891 368 312 731 932 992 872 728 896 202 660 69 740 960 780 176 582 376 408 186 965 171 815 180 652 629 427 20 776 635 482 626 876 102 359 61 100 563 430 121 895 925 467 594 800 367 464 66 422 644 607 73 335 4 530 539 820 583 910 426 697 145 988 322 122 949 660 256 320 344 230 585 143 928 348 403 804 158 653 344 867 912 781 165 364 782 391 493 121 532 866 89 2 367 27 726 357 789 828 439 125 74 121 34 284 752 761 828 317 824 700 69 259 920 280 545 895 375 246 937 44 246 146 815 147 652 129 774 686 702 739 946 850 398 690 732 850 30 647 315 215 379 451 151 488 35 424 620 577 381 84 850 958 365 708 355 995 341 780 961 974 433 80 603 21 413 218 20 922 817 67 769 851 295 166 626 912 13 634 142 56 656 390 528 427 210 799 88 21 51 654 492 774 572 533 894 648 622 33 281 428 580 962 594 612 141 468 564 459 102 79 399 355 365 614 794 862 87 648 872 79 610 88 235 663 633 157 690 737 367 303 789 814 183 924 842 31 206 141 402 773 37 366 336 689 496 722 804 850 168 51 101 105 471 864 543 972 206 680 606 275 136 332 480 946 725 651 707 871 872 978 321 498 977 341 291 398 155 547 796 847 841 274 872 596 955 27 617 312 557 32 220 964 465 688 885 874 82 486 848 98 939 522 521 542 561 562 141 156 216 164 132 694 693 53 368 732 560 216 66 893 917 637 493 570 732 166 798 476 659 0 410 370 786 509 411 670 378 501 335 450 326 991 745 220 893 96 482 722 966 710 580 82 458 447 253 185 51 364 257 6 450 726 966 144 411 960 527 143 356 428 118 923 113 326 678 23 373 24 400 354 673 299 810 893 8 770 995 803 602 621 711 817 109 997 263 797 727 427 936 954 16 687 440 771 154 24 533 346 172 713 956 437 872 848 344 843 127 944 534 264 672 745 961 339 774 120 959 290 757 746 217 424 474 219 158 899 776 902 458 183 982 190 153 38 749 739 788 686 690 703 793 610 629 751 16 393 780 66 460 643 850 589 234 986 413 368 139 136 113 355 449 
301 408 670 916 373 767 975 833 321 955 946 462 778 768 325 162 638 910 555 23 181 742 951 659 577 862 795 647 759 902 103 379 310 342 300 69 669 177 623 61 493 751 726 341 15 850 492 7 170 650 363 780 11 345 174 575 462 893 581 579 634 432 561 83 873 703 712 835 923 351 427 850 386 173 153 370 800 872 805 460 400 547 654 540 48 943 766 319 875 651 501 393 180 507 354 271 630 590 811 874 612 190 636 31 70 315 141 929 608 771 205 937 438 725 393 577 945 287 535 890 870 541 907 416 987 383 953 489 453 935 132 388 82 855 279 634 839 964 322 398 838 743 55 264 320 449 528 987 530 468 233 153 226 273 693 370 680 987 565 435 629 975 756 198 544 239 341 194 563 493 115 981 378 803 238 357 145 351 165 308 670 383 606 134 749 38 112 796 404 96 898 211 422 181 342 837 360 346 562 782 739 338 546 898 170 851 675 14 708 276 525 396 233 788 104 281 723 335 842 5 153 921 774 151 614 528 344 4 172 935 281 566 801 780 157 842 35 574 703 864 227 121 344 160 9 635 687 557 244 399 40 532 312 929 583 288 182 582 223 794 885 26 321 502 80 839 453 161 789 9 740 948 527 565 926 756 604 162 974 470 734 449 524 428 325 414 338 18 741 29 55 634 583 908 726 909 547 300 205 929 702 304 223 673 527 176 834 135 640 522 386 636 323 57 974 183 938 426 402 59 325 723 348 23 856 428 199 704 353 719 552 123 372 606 970 101 122 341 40 946 704 565 862 361 200 198 133 887 793 140 44 333 94 758 158 90 178 685 313 6 492 885 427 334 125 316 67 600 857 935 449 36 859 97 628 412 897 301 429 974 305 908 923 574 516 941 458 863 478 564 381 244 45 847 937 226 47 485 262 689 954 114 417 458 578 36 349 515 516 506 771 793 361 460 11 305 507 56 311 641 905 144 312 760 690 107 637 971 338 224 569 122 598 927 638 874 442 6 17 124 425 559 28 754 111 710 443 532 953 52 106 83 274 204 203 587 970 767 903 184 881 0 59 808 941 965 680 473 846 538 255 86 341 656 652 779 685 160 711 435 227 672 797 553 673 858 710 437 271 125 319 639 920 165 165 947 847 731 96 228 
348 352 914 287 374 816 687 181 662 533 959 424 66 515 796 182 23 154 849 986 786 14 948 555 157 829 432 986 261 615 182 194 223 770 922 623 390 354 641 491 213 166 859 874 734 250 128 253 713 389 661 191 301 171 792 336 20 192 499 735 390 525 944 818 863 405 658 473 723 421 100 653 491 811 761 842 397 566 40 903 53 147 375 644 804 803 390 715 283 62 285 382 245 187 576 159 361 546 49 576 913 308 435 23 163 739 663 30 156 779 511 346 514 602 266 845 471 559 106 997 582 101 612 955 489 29 692 487 934 418 711 611 598 70 715 14 918 25 584 747 570 57 549 810 399 918 844 131 12 182 594 214 2 190 94 893 971 932 651 422 80 524 36 224 903 375 921 579 614 724 781 668 751 415 36 22 607 713 210 21 952 75 23 47 648 580 279 308 21 74 291 38 245 48 642 175 537 26 43 782 988 820 914 569 163 593 549 304 133 532 966 779 147 711 227 418 309 235 996 381 523 876 240 96 787 791 894 460 454 835 456 657 58 632 303 31 845 737 433 578 559 497 103 868 725 870 569 483 265 338 676 710 561 434 568 316 348 478 706 118 759 513 441 723 561 498 32 160 7 789 985 105 327 884 533 456 986 404 850 930 949 294 848 838 41 204 813 369 268 500 729 987 319 244 521 311 24 529 424 466 469 383 12 199 676 334 390 172 224 378 128 187 293 877 462 240 26 975 674 230 120 875 393 273 431 52 495 966 567 19 228 323 431 273 752 103 923 571 919 508 609 571 984 239 697 131 834 2 726 773 841 750 351 143 629 451 47 661 751 407 925 405 55 220 869 328 737 400 917 58 463 159 798 7 756 550 81 204 237 428 175 800 117 630 400 953 820 269 568 304 637 721 913 145 259 216 274 173 756 979 407 72 722 243 946 197 705 789 640 851 603 936 412 451 319 217 58 163 804 124 686 570 391 518 30 219 509 574 314 713 706 933 207 835 746 560 95 755 267 696 908 995 858 441 268 912 753 60 285 419 260 480 52 847 744 386 686 132 493 941 961 312 278 557 885 953 892 592 21 937 174 666 576 475 700 440 492 886 95 870 900 422 53 558 290 211 62 191 817 399 563 582 907 359 703 269 117 92 237 45 
440 753 464 548 82 235 599 32 860 121 746 818 749 680 231 947 673 279 981 386 16 716 76 573 150 448 72 329 686 949 253 162 968 923 541 632 56 782 371 412 155 176 174 301 310 753 177 710 273 343 829 692 375 65 123 390 112 333 587 359 170 982 689 125 138 196 115 337 413 685 811 626 879 602 377 695 89 647 567 847 407 159 608 635 45 558 767 536 616 22 788 632 742 25 888 975 931 865 936 306 950 11 312 586 47 375 18 117 448 724 988 285 559 571 77 104 308 664 152 979 72 612 847 643 231 424 916 848 240 841 29 865 145 355 131 323 380 914 10 701 960 570 686 660 734 11 256 801 985 907 779 551 357 519 743 721 301 907 589 968 378 324 974 637 294 173 700 870 85 316 288 902 710 56 467 962 788 585 374 749 931 695 215 168 620 321 643 430 265 567 160 298 239 856 109 227 760 341 54 69 588 643 929 22 510 71 100 222 178 149 679 560 414 57 460 87 30 631 961 525 523 628 145 621 857 929 42 362 522 280 394 27 928 170 436 557 528 872 571 633 78 97 951 532 918 269 826 823 263 911 284 609 531 889 311 235 916 574 226 290 633 713 242 96 592 314 954 760 537 988 86 5 876 197 32 161 706 568 678 252 709 847 191 683 17 95 61 958 392 435 803 113 831 971 543 868 827 377 988 384 654 908 904 160 988 604 543 440 182 698 97 275 913 838 536 812 145 674 674 589 971 846 696 387 872 945 126 206 379 237 47 305 977 38 742 630 749 45 771 230 128 411 885 294 193 454 750 688 501 946 616 504 482 953 512 291 11 640 950 756 231 228 176 144 720 563 59 933 652 201 446 112 901 38 420 95 78 514 485 632 533 848 279 30 102 191 407 587 986 529 437 274 258 779 378 930 395 856 744 336 756 441 4 345 132 870 424 960 515 653 23 654 833 823 589 612 219 497 659 367 328 99 897 981 333 33 452 612 588 0 850 207 114 428 679 13 459 146 914 593 326 353 817 359 555 546 906 893 259 30 755 259 8 52 975 31 160 682 304 119 560 196 722 471 701 257 501 365 514 148 743 766 824 188 638 813 90 908 683 273 786 629 500 265 898 548 809 573 539 823 140 66 732 566 608 959 471 59 298 188 
623 351 581 287 956 70 582 99 257 217 566 418 402 698 566 341 789 578 578 34 49 303 318 634 637 849 472 271 492 1 477 444 94 963 391 797 924 632 527 250 211 123 774 85 870 825 868 701 383 124 85 371 393 120 379 969 101 309 641 181 13 527 189 665 861 523 995 539 569 16 321 272 46 898 322 426 171 911 736 236 208 260 636 589 666 519 184 739 913 187 848 659 337 671 135 293 760 713 391 690 448 756 921 346 436 840 255 965 775 289 990 602 314 957 25 574 650 881 318 26 795 122 424 977 663 810 9 775 755 884 132 295 91 757 631 956 580 292 885 813 856 529 866 254 755 660 657 916 493 872 742 995 443 845 432 364 927 678 112 993 459 74 359 595 736 312 576 583 789 79 707 195 545 212 361 115 661 524 945 896 641 188 462 608 10 70 531 691 550 711 714 685 215 868 390 380 309 418 875 34 94 601 931 41 524 627 249 401 746 43 882 891 734 88 206 623 261 488 149 777 654 447 782 771 264 814 791 551 228 98 374 861 151 537 262 236 763 230 394 303 344 20 404 986 184 59 893 916 236 837 386 916 581 548 925 155 342 795 949 97 541 299 438 30 928 27 362 812 810 151 176 526 822 470 769 722 391 839 26 350 665 986 850 889 794 616 520 696 116 536 578 886 89 141 69 851 14 352 598 949 588 287 313 714 338 865 934 684 665 261 308 804 570 3 136 252 93 569 749 416 186 378 922 496 551 524 297 431 945 698 886 760 51 970 157 394 753 795 500 214 216 795 708 573 625 456 439 190 230 950 314 204 527 260 10 376 659 518 741 565 387 829 962 439 746 395 978 184 125 785 695 704 699 19 59 361 847 185 334 93 974 981 787 345 545 34 540 471 222 629 602 926 642 147 265 105 659 558 55 195 819 277 130 345 802 253 423 462 684 48 109 492 958 693 83 478 793 277 93 673 903 530 388 846 908 494 595 306 647 577 982 533 698 509 997 508 846 941 305 917 290 208 452 158 20 298 63 397 465 920 19 914 969 726 914 832 0 692 66 961 122 400 95 904 838 257 812 646 470 965 508 288 364 145 14 37 22 386 613 863 773 829 288 935 580 387 210 306 783 934 789 677 469 590 906 409 963 463 281 426 
55 946 150 125 47 361 1 159 537 528 599 115 212 770 379 41 426 266 953 294 248 170 476 37 10 784 387 956 963 896 573 820 477 117 826 529 224 935 114 852 233 801 204 401 233 551 855 181 713 351 239 44 619 79 99 458 178 295 11 713 262 147 537 914 402 628 479 700 749 580 231 878 540 67 456 375 432 47 560 341 701 407 119 453 530 641 759 973 876 681 552 241 470 528 126 914 625 129 269 989 264 274 758 240 406 768 574 245 800 94 128 96 280 465 584 188 948 370 958 469 143 238 634 705 830 707 70 538 337 590 43 99 475 72 861 876 64 300 985 885 727 526 177 169 120 83 550 878 745 129 144 233 393 414 413 853 902 947 467 522 86 203 27 969 673 678 664 960 596 978 814 912 90 128 836 278 745 137 619 28 582 386 193 552 182 246 219 864 956 395 739 94 486 648 18 825 17 851 262 51 774 952 688 324 331 451 253 935 864 233 32 908 840 423 84 912 747 981 27 436 230 216 976 487 874 106 679 1000 10 584 485 314 50 888 290 301 80 919 870 25 653 70 673 940 906 241 20 458 752 147 419 375 12 175 614 970 752 481 326 803 930 577 366 399 859 103 239 586 372 661 776 100 579 957 152 309 535 660 834 468 278 881 728 789 518 456 711 188 379 15 420 593 452 13 548 217 847 712 577 771 989 295 123 797 136 411 280 716 45 777 18 652 935 569 170 24 486 48 499 306 441 229 376 75 580 734 654 17 280 423 710 907 749 923 725 785 853 75 761 831 101 420 465 507 505 999 323 442 839 890 795 437 296 457 863 715 395 739 807 297 824 715 113 198 21 225 878 543 413 566 755 236 978 193 698 890 709 586 64 814 413 985 332 568 250 147 339 481 735 990 958 880 743 934 790 575 427 88 113 589 508 408 624 701 49 595 30 604 709 530 367 300 116 190 239 562 437 916 71 84 579 702 245 232 293 692 407 994 854 53 462 143 173 406 834 482 369 901 71 371 175 785 597 296 135 717 219 590 266 17 869 35 568 204 648 888 410 653 839 0 65 785 636 560 128 24 420 387 109 656 609 121 92 27 369 690 517 373 483 19 489 364 432 743 223 615 692 941 323 416 500 509 889 491 926 257 189 839 778 73 
6 492 1000 852 570 964 70 616 337 581 499 750 42 392 227 743 612 611 932 491 866 631 771 638 670 940 120 497 588 650 164 641 829 605 389 931 327 564 865 375 892 454 625 622 24 825 365 891 9 898 171 587 415 192 59 323 824 697 670 136 610 904 85 437 351 973 506 585 775 281 987 432 510 75 0 34 731 825 974 225 337 171 868 299 870 620 215 61 828 888 359 429 292 811 272 807 570 394 544 125 61 916 872 955 82 754 423 708 334 19 930 765 315 890 972 463 656 81 281 955 102 116 513 276 916 2 268 946 464 216 556 759 348 714 245 544 52 365 231 726 965 447 982 283 794 874 146 505 632 599 314 998 581 263 640 727 151 162 0 618 124 396 472 178 939 26 363 449 580 145 826 326 876 667 509 259 897 660 288 661 664 875 30 198 211 402 286 246 431 876 792 718 682 268 627 97 8 950 81 411 756 607 326 777 310 698 309 196 278 474 705 605 698 41 334 62 861 92 488 253 864 697 322 328 865 840 825 251 419 49 990 874 173 583 323 832 199 1 520 514 660 38 277 811 853 257 369 942 849 663 913 756 743 856 486 877 602 449 693 513 619 6 735 335 192 717 702 467 549 5 325 87 605 858 153 303 141 483 558 728 998 415 337 756 582 838 851 436 51 47 535 475 869 802 306 677 345 870 391 79 795 647 3 725 642 589 615 434 876 772 906 423 697 908 953 859 468 453 829 536 841 754 344 502 993 93 886 555 79 758 903 167 346 186 782 569 569 688 943 66 137 47 51 733 947 288 933 430 525 201 396 224 705 129 660 386 56 394 329 437 512 315 304 444 821 521 890 428 217 422 822 535 344 881 711 976 924 999 6 983 356 966 731 146 517 887 890 333 31 8 23 813 468 784 407 646 219 999 971 190 476 182 731 600 328 25 194 676 931 410 720 475 291 347 195 437 961 817 205 254 976 583 438 448 506 866 757 453 977 166 613 691 989 148 873 487 310 657 946 635 500 327 440 755 169 192 183 955 919 521 57 530 261 447 245 358 130 664 436 415 527 847 627 737 785 226 566 236 405 920 503 570 373 354 240 684 0 814 581 873 391 739 348 38 964 157 154 48 90 734 182 515 96 521 352 790 143 834 389 669 
961 337 576 627 85 595 131 750 662 391 118 721 983 718 229 589 833 56 588 750 749 916 973 194 776 876 293 361 595 485 271 855 298 528 536 720 753 704 503 371 624 166 113 609 772 533 818 194 240 646 118 160 241 240 618 597 431 243 117 36 704 48 820 213 735 639 138 583 233 348 432 600 259 357 706 200 162 927 365 573 678 683 632 820 357 103 301 341 410 326 495 179 922 939 540 643 216 759 521 932 936 425 885 801 639 941 825 815 937 129 82 491 39 922 313 27 176 121 191 411 413 195 700 527 893 963 514 816 11 331 828 473 904 69 80 406 581 731 967 393 984 910 183 661 834 265 887 617 37 398 445 87 724 889 894 961 741 587 728 372 643 368 198 928 940 597 832 801 956 465 165 448 524 637 310 364 908 732 351 618 277 57 741 281 160 98 606 882 149 534 664 370 536 340 431 267 752 446 168 343 73 210 709 155 927 636 683 601 921 753 77 472 817 593 760 612 728 19 86 335 333 90 546 708 800 521 835 653 316 138 483 189 93 16 741 288 257 497 137 293 393 315 879 268 175 165 700 124 543 809 130 600 827 160 567 303 295 379 656 809 486 297 505 655 497 739 556 913 457 810 58 798 522 679 101 549 140 167 13 825 278 474 988 12 342 244 820 109 406 996 413 953 567 142 893 759 376 140 942 690 776 571 975 477 548 808 454 975 913 489 135 583 365 724 724 14 432 65 394 504 814 492 731 489 73 794 389 533 837 527 635 531 561 376 85 659 227 529 743 239 501 276 687 852 534 813 402 139 290 481 869 302 467 547 39 481 702 743 387 837 552 85 981 178 128 753 921 32 494 769 385 963 437 717 468 814 674 495 24 701 74 434 392 215 206 58 23 412 769 650 765 978 967 532 557 359 161 957 310 17 76 59 725 152 564 979 511 679 170 159 617 358 14 279 42 689 380 649 175 300 109 663 823 749 341 869 895 418 228 408 44 14 765 350 274 430 481 292 532 521 75 471 573 329 44 726 660 230 903 813 438 783 325 58 861 276 591 227 479 555 414 468 38 686 772 104 754 721 699 150 833 161 914 721 576 555 523 289 379 353 200 595 185 676 181 254 720 883 924 772 95 262 349 931 574 506 59 47 606 261 
413 47 50 202 811 398 414 469 216 703 967 52 206 187 536 206 435 985 71 802 736 801 360 815 365 344 890 32 747 413 290 47 84 376 906 145 365 112 213 289 205 766 293 379 359 644 280 104 806 579 455 817 989 450 905 597 405 933 508 728 511 760 231 958 809 76 166 415 162 133 695 941 789 498 515 308 635 121 24 312 425 303 39 828 16 968 389 17 278 125 945 249 992 345 780 178 96 167 182 608 624 500 402 722 62 976 911 668 35 426 783 568 889 773 76 843 468 69 124 609 309 802 241 211 498 201 476 580 397 300 721 230 403 189 54 162 381 997 984 396 335 435 100 784 744 991 134 875 435 443 183 443 898 629 996 923 29 90 164 648 848 607 144 295 552 18 18 218 76 174 797 414 32 488 615 703 651 698 710 400 543 254 10 93 702 881 790 584 808 859 495 418 321 895 164 894 241 709 665 180 523 159 642 546 563 377 331 549 69 955 975 930 762 589 175 451 377 732 638 564 459 92 995 759 917 907 60 381 818 860 481 425 557 791 985 897 551 824 919 579 797 289 448 154 399 607 683 435 787 867 98 570 165 259 844 219 825 590 260 897 295 44 575 944 156 464 579 548 123 472 705 731 915 989 223 115 145 291 237 65 530 431 636 946 808 529 876 551 610 677 8 94 708 46 832 869 230 953 675 472 306 763 372 298 142 157 636 230 597 785 302 843 706 904 484 698 39 758 836 274 629 421 219 299 437 579 828 823 513 608 204 203 257 810 273 162 87 308 20 133 668 518 37 990 720 701 811 677 367 449 732 517 158 838 95 992 820 951 336 462 432 497 865 112 850 392 353 3 974 31 609 587 956 681 166 387 609 437 67 850 902 958 804 993 262 387 789 455 107 132 930 853 833 708 315 283 186 406 979 904 945 355 817 779 956 859 190 872 828 567 223 205 908 696 61 985 525 577 525 489 730 718 145 793 529 833 294 581 705 523 475 838 180 18 791 179 676 214 597 624 527 217 30 305 417 292 665 375 812 642 332 386 937 582 672 175 144 97 286 519 242 136 911 153 734 881 513 733 785 525 484 257 687 214 281 83 670 428 419 479 932 146 36 896 464 118 62 904 483 360 190 189 903 647 661 457 414 822 1 851 
164 949 500 968 967 212 365 554 348 471 886 217 372 976 240 863 927 454 599 54 86 659 227 209 366 292 14 204 84 493 250 322 125 544 745 850 364 995 700 58 112 30 464 983 627 182 934 7 761 978 888 79 752 866 59 793 264 818 573 338 746 823 635 92 762 693 740 753 731 351 508 816 338 412 803 426 662 67 275 617 152 817 668 994 270 250 432 773 996 490 494 202 224 104 371 850 313 161 861 232 597 311 915 354 346 43 859 462 945 48 141 224 998 812 669 769 178 316 91 51 998 463 158 9 787 582 354 235 740 367 435 575 875 271 867 674 248 371 296 23 827 650 775 366 773 488 190 150 968 656 893 827 924 154 909 695 16 440 122 786 323 874 970 850 121 853 148 933 902 789 272 87 358 566 526 827 117 276 949 780 705 327 86 390 772 58 450 524 17 647 560 256 563 212 667 405 553 186 639 76 538 594 137 131 474 463 155 152 400 390 395 560 873 301 502 144 820 416 206 114 937 313 472 138 830 875 545 539 100 424 833 554 254 121 233 457 24 980 190 840 482 846 758 530 886 573 784 420 525 503 258 568 681 855 23 929 645 599 299 628 184 53 948 983 630 203 705 41 560 36 466 829 534 882 828 517 548 468 38 529 219 339 748 618 850 747 572 484 115 807 564 178 123 165 179 4 492 243 568 21 564 402 602 384 695 599 718 453 533 500 509 389 4 170 91 338 23 366 169 866 428 934 33 347 355 310 372 448 586 466 303 227 165 516 179 524 117 317 78 893 723 784 224 844 536 970 12 309 731 751 946 249 565 647 546 83 352 871 195 104 234 255 353 145 549 790 459 701 802 528 920 708 549 535 586 87 874 124 805 534 1 623 928 701 802 856 801 804 927 671 858 671 73 455 778 921 427 443 69 222 463 940 10 684 909 531 900 675 218 804 914 391 382 318 83 843 487 867 209 196 390 833 738 813 760 77 220 707 580 856 316 361 409 502 4 331 32 763 621 271 271 710 859 475 760 512 399 406 344 56 382 323 333 963 550 512 494 840 979 727 323 521 666 209 896 233 515 1000 585 41 760 661 69 49 401 191 176 987 155 634 851 432 882 139 347 655 545 523 81 343 294 458 623 295 688 190 397 115 634 14 
314 583 661 544 898 385 112 108 337 782 52 483 520 806 635 451 284 349 420 549 751 769 25 591 361 894 21 522 202 607 49 155 359 734 748 821 217 837 745 489 935 339 946 595 157 759 481 550 884 676 606 494 960 373 897 959 483 623 636 559 811 557 157 775 569 767 154 170 736 409 78 461 919 16 986 632 515 926 832 66 357 516 228 1 474 86 512 519 586 147 832 157 531 88 812 612 136 923 471 412 477 677 966 479 515 91 79 84 173 955 446 827 268 972 237 19 889 861 289 296 930 574 487 496 200 778 808 600 352 607 72 343 819 244 315 286 382 363 558 441 495 961 396 19 707 116 572 698 278 225 662 450 982 492 790 982 16 904 448 663 711 965 279 234 538 546 269 360 854 194 594 727 875 997 450 866 303 173 381 308 592 243 719 76 320 241 367 901 814 303 963 345 388 173 833 358 987 679 152 544 476 608 553 613 505 225 61 410 109 519 500 661 472 666 678 240 657 671 640 553 668 155 543 208 325 39 323 316 441 727 564 682 16 992 886 471 226 631 676 847 820 78 861 573 471 993 657 548 583 138 587 678 20 757 700 682 133 696 501 758 329 746 22 20 955 268 391 896 891 384 510 645 358 765 160 437 678 522 117 374 543 369 450 954 2 330 50 455 948 538 921 474 37 54 314 164 653 894 294 981 735 251 689 263 519 761 916 53 192 224 696 940 385 868 918 999 770 275 951 984 487 507 437 482 824 57 880 428 751 700 706 251 258 8 121 427 729 617 102 863 98 15 210 599 387 96 779 783 360 417 546 418 989 555 270 888 566 612 306 808 276 272 817 607 750 571 606 334 917 107 824 220 689 490 174 739 903 539 31 831 553 215 277 383 667 262 384 578 174 325 745 216 523 809 349 118 363 372 247 250 945 332 595 208 430 486 68 216 627 109 312 957 698 299 841 291 565 394 194 307 666 1 988 830 318 164 771 574 129 599 323 619 852 412 995 159 391 728 847 330 62 820 552 838 177 696 114 934 487 324 143 414 598 420 130 550 821 427 880 857 327 228 618 828 953 84 587 45 34 76 753 396 515 54 11 379 806 563 123 382 805 563 497 302 752 137 349 763 590 292 666 826 868 717 887 725 727 116 690 668 
190097 185415 189877 174925 198551 182809 185316 198032 183710 180764 194157 189512 193381 181205 197471 189983 190682 187949 188687 187715 184370 180828 183964 190514 179258 192472 184987 187232 183648 188385 
