500 30 30
-34 -8 -14 -121 460 -8 577 -22 -164 -197 276 -140 383 485 508 322 -162 397 -63 -18 -73 428 486 -172 -30 -156 -23 387 -54 -147 418 273 -249 -90 343 366 356 -139 412 -198 556 411 280 442 450 424 -51 -176 357 -44 384 -49 -87 327 -157 392 -254 -17 -231 -181 -86 376 -90 -84 -131 346 344 527 -12 365 -83 -113 -187 419 -81 407 304 -233 421 -22 -32 -7 -131 -146 544 433 -145 485 -67 502 -206 -247 -198 529 366 -16 -5 407 -217 -241 -91 524 -12 -197 318 -98 -186 627 -12 -103 -11 -120 391 -245 -3 -124 311 330 -105 288 -14 463 269 -173 -169 -218 -262 -7 -53 462 435 344 427 381 282 489 288 -10 -214 464 -229 -29 284 -231 331 -86 358 -65 350 365 404 -72 -182 -100 -133 -36 -237 -73 290 -26 -150 -21 318 481 433 511 409 289 349 407 560 -68 399 297 493 425 365 -17 351 314 -1 427 358 -166 414 334 483 -39 303 -71 -31 407 -259 -145 310 291 502 309 -59 411 -26 -223 -157 592 -38 531 543 291 -1 438 517 -23 -57 -202 -105 283 494 -96 -238 -4 -245 429 381 -179 -183 469 -83 401 -84 397 -40 -149 554 316 409 -11 508 -227 437 307 360 283 384 -59 -52 -131 -182 471 -3 306 322 463 -25 -214 387 -198 -187 -15 -192 -81 -248 376 -70 321 -70 332 -79 -63 -61 276 398 -162 -137 -160 474 -12 361 -25 307 -114 400 388 339 420 576 -37 338 -64 297 -91 349 -25 467 338 412 -73 -161 -88 -31 262 321 -15 -92 627 481 401 -132 -85 -101 -21 -38 354 391 333 351 -42 382 -234 362 -16 -122 319 474 479 -19 -202 366 -55 -70 -207 372 -194 -118 319 430 -142 401 461 -169 272 538 396 -51 338 401 525 517 -240 475 283 420 443 441 -229 365 -106 394 -53 -99 400 509 408 -244 400 -17 305 -202 -54 455 351 -56 -22 -226 -91 441 332 497 -72 290 -186 -22 -132 -77 419 -100 290 -113 -26 -13 -90 421 -11 318 361 325 -18 451 -198 469 -122 378 365 360 379 -185 432 -37 -195 -62 -34 -102 375 -147 455 508 -189 300 -34 496 484 464 -10 -63 312 329 -187 406 -39 -236 -180 -70 362 -145 -174 388 436 392 277 440 347 358 300 373 -78 316 435 -99 -143 427 348 276 320 -172 424 303 -102 -109 271 317 -176 -144 280 -14 -188 -194 -63 464 379 -2 -259 -39 361 334 -50 281 -26 324 -159 -52 339 325 -109 292 -214 444 412 306 473 397 286 538 510 -241 305 -175 -149 -161 -4 -107 474 
128 862 729 498 351 713 378 861 456 511 775 142 892 979 653 395 396 318 529 879 948 475 471 244 940 474 879 912 534 317 158 272 231 436 877 637 926 664 588 440 166 106 93 742 723 617 768 404 525 69 714 442 272 407 84 615 88 45 636 72 469 103 142 488 258 2 841 133 828 535 218 776 901 883 432 771 863 349 364 625 943 225 678 318 119 111 512 675 705 298 163 816 436 258 83 230 457 1 708 740 562 13 202 710 183 499 489 956 912 285 112 8 553 537 606 789 529 626 362 599 193 818 172 87 957 326 173 476 692 656 991 800 167 955 356 520 755 161 760 153 774 404 725 18 252 469 946 261 847 392 659 309 639 437 407 119 87 253 484 408 587 976 538 251 523 920 378 767 49 629 932 41 962 616 635 327 86 806 642 504 719 250 539 932 284 537 571 38 258 684 967 956 919 520 156 387 582 565 610 683 418 144 262 430 523 1 82 119 329 116 365 572 403 512 17 875 126 289 401 334 671 133 455 254 687 633 918 633 369 249 740 12 436 802 966 182 577 808 721 250 940 286 124 954 922 816 990 451 551 178 665 549 596 47 427 416 43 674 928 469 978 269 874 705 369 714 291 827 852 916 88 87 335 684 582 962 445 813 770 485 702 942 322 125 683 43 476 64 667 91 18 503 811 16 994 228 168 776 519 947 844 909 601 744 850 767 741 964 370 476 12 311 875 637 901 324 115 137 842 263 87 813 51 703 339 122 965 716 241 901 887 255 658 4 90 236 45 6 95 224 11 487 21 170 54 566 657 539 612 279 645 821 592 623 388 629 875 316 530 49 452 856 670 287 469 121 196 395 401 425 100 366 910 462 213 582 215 889 880 218 503 55 116 754 388 786 884 665 33 797 314 386 818 121 634 940 989 811 511 724 853 833 782 606 989 648 956 507 719 247 584 474 954 985 672 822 141 117 660 91 271 398 589 25 345 34 580 236 770 26 970 705 793 54 891 216 240 461 657 185 917 831 817 705 903 756 304 761 202 521 636 243 347 886 738 76 963 408 35 24 204 423 926 328 533 766 675 900 189 486 909 528 849 386 125 208 893 225 422 283 612 613 924 121 327 893 27 788 55 381 561 512 452 289 74 26 609 596 416 649 
973 243 951 192 243 439 314 871 540 110 312 308 633 98 435 12 114 756 134 994 694 640 212 499 816 616 528 976 246 22 656 353 497 114 369 577 747 71 689 405 996 374 374 268 451 463 810 102 685 747 83 892 406 890 308 915 602 261 510 328 819 308 900 186 808 421 624 523 2 609 585 420 22 839 658 35 704 980 489 397 854 769 315 963 641 386 434 511 489 784 893 443 231 734 219 758 722 188 135 149 566 469 299 115 680 265 858 224 954 938 639 267 207 126 614 199 837 633 134 399 926 376 892 961 773 133 414 963 360 70 588 249 689 316 695 746 340 44 14 429 753 480 693 670 935 59 948 729 820 758 288 50 735 165 444 426 186 121 781 595 984 356 160 125 842 902 597 464 977 274 352 217 803 695 811 464 302 743 628 495 406 602 967 530 742 448 757 662 903 865 648 500 92 36 603 59 418 458 628 783 104 448 670 131 34 294 488 791 876 451 847 114 97 556 45 494 682 152 758 701 581 549 838 423 323 273 316 1 495 304 141 269 303 464 953 460 60 238 645 692 298 462 213 945 319 100 119 725 523 910 952 783 563 678 440 933 853 857 813 721 147 776 983 620 536 385 296 933 419 38 234 31 278 384 446 326 486 195 56 832 841 753 259 428 113 3 38 724 162 52 19 657 828 996 36 658 993 980 908 20 638 454 774 800 370 530 377 568 400 120 750 552 52 346 247 60 719 597 479 549 106 451 745 458 988 633 209 264 244 113 645 170 398 871 442 583 661 380 22 727 620 940 594 211 877 824 59 151 789 83 108 56 542 885 141 52 995 145 609 447 928 350 779 343 601 616 518 556 848 812 743 530 859 502 707 730 339 955 256 844 188 566 836 485 933 818 776 808 903 771 138 37 990 197 157 404 841 642 706 487 393 877 778 987 515 207 10 389 301 908 45 797 3 773 233 132 583 883 97 68 762 72 733 763 444 22 44 495 629 612 277 40 138 556 16 81 982 470 151 60 934 786 516 104 706 376 201 492 332 112 433 689 770 88 522 177 612 896 351 737 469 279 232 167 225 700 992 235 803 28 810 975 475 862 330 143 529 672 141 47 92 239 992 967 585 713 433 655 421 756 336 690 785 946 602 484 336 626 588 618 
746 864 394 958 773 807 874 960 88 436 948 476 616 867 630 941 319 325 425 5 103 776 901 425 690 397 917 430 526 752 97 911 499 282 344 729 213 694 338 116 760 533 247 746 959 529 546 861 234 620 882 787 194 231 830 224 982 505 430 39 620 502 930 696 206 371 363 528 482 66 331 380 304 306 462 955 17 700 357 486 355 845 294 761 71 95 325 878 455 158 200 702 48 859 141 606 468 770 653 259 108 795 877 494 240 188 280 789 990 481 327 248 627 497 107 438 413 976 928 83 52 563 777 402 548 47 667 713 804 368 140 186 459 762 808 715 704 394 118 66 150 146 295 858 913 159 266 532 739 418 295 582 405 176 210 20 927 923 324 297 726 140 320 860 208 175 139 971 592 156 656 656 74 671 518 238 533 895 746 274 875 135 804 561 139 6 579 957 65 278 39 919 130 78 651 499 329 713 766 702 720 491 838 329 712 127 667 514 799 626 21 791 485 4 101 946 796 612 923 811 914 768 157 808 904 191 851 373 640 456 467 556 361 503 871 675 250 58 992 328 408 751 592 805 767 539 323 875 74 106 620 935 731 523 902 479 857 807 441 652 28 885 360 693 474 542 460 647 783 873 155 758 510 759 926 394 531 187 413 458 964 81 699 113 378 68 609 115 20 805 132 326 686 647 518 945 939 747 573 557 175 219 701 397 251 385 517 463 888 565 964 320 538 985 67 953 489 565 264 180 577 545 437 981 876 558 588 656 396 571 441 541 363 73 285 510 158 917 662 45 254 689 984 526 164 513 282 888 303 109 960 810 704 12 132 559 471 371 867 145 102 720 25 863 121 114 212 175 752 196 849 762 885 509 825 114 827 913 473 476 132 733 444 652 729 133 488 901 344 702 67 710 71 754 316 379 299 958 666 841 703 614 597 599 877 611 254 637 270 986 495 405 593 101 874 332 204 229 507 367 510 638 476 853 241 176 340 305 512 854 479 540 676 41 691 132 95 283 384 87 620 547 237 653 372 43 987 680 370 795 986 981 753 131 565 592 3 882 79 449 520 218 594 440 256 208 179 297 241 444 743 432 767 965 83 91 231 561 166 274 154 719 224 359 698 838 151 613 901 713 318 211 620 865 836 221 714 88 604 854 
397 183 970 920 983 623 681 183 1 591 212 664 708 370 11 941 807 46 466 886 471 133 800 886 410 83 444 75 546 212 7 691 874 522 354 935 530 761 174 752 586 700 269 380 336 900 172 527 314 211 85 817 706 316 302 60 332 257 771 866 401 657 228 824 361 120 63 676 826 564 203 448 731 392 897 388 567 547 259 813 826 494 1 327 981 296 400 212 665 474 513 969 917 753 299 557 848 567 144 17 46 72 208 46 946 804 231 705 615 570 87 783 487 919 86 9 432 585 93 413 225 223 86 202 888 916 587 322 401 623 526 341 982 108 356 681 353 776 360 251 386 470 505 548 513 445 323 269 347 550 718 328 901 159 945 660 97 809 653 678 923 448 17 703 418 744 80 546 143 546 716 226 239 841 857 582 729 432 345 884 238 272 571 982 651 106 731 110 480 416 88 779 86 604 72 209 594 141 308 498 812 525 378 270 222 59 214 948 957 945 432 678 305 686 212 989 813 289 732 834 197 274 517 831 938 120 260 865 671 706 999 679 696 750 539 535 608 515 449 837 935 911 207 451 901 208 232 326 186 99 811 318 329 630 524 708 63 126 797 729 264 935 842 130 436 967 807 845 51 922 930 731 630 195 944 443 905 111 952 330 250 865 785 796 178 125 725 336 886 685 778 527 908 573 325 715 974 320 365 72 969 6 520 772 618 596 328 637 813 146 724 927 485 314 278 474 970 110 767 773 134 566 413 732 134 148 895 195 632 120 118 528 929 50 580 697 316 779 626 763 881 386 395 406 443 575 865 233 152 257 259 665 375 633 91 793 619 507 33 616 497 79 10 965 723 347 38 299 674 879 284 756 750 686 310 111 285 943 468 537 92 23 377 21 481 220 551 900 268 514 251 923 497 846 937 182 63 748 246 264 254 128 863 760 818 686 844 818 474 651 884 218 847 648 720 673 396 65 407 454 674 586 253 883 865 700 138 653 118 418 891 641 383 999 35 430 103 579 871 591 546 562 332 389 463 691 225 581 905 768 156 831 116 690 310 162 439 626 502 592 742 7 854 534 997 59 887 400 916 805 757 853 341 244 602 136 374 192 556 66 559 936 710 383 562 43 191 479 597 471 796 961 17 251 814 943 104 349 388 740 
417 891 671 926 771 898 439 523 3 48 872 270 53 738 324 206 204 180 391 682 554 324 437 926 942 901 948 692 17 772 849 35 527 149 972 417 589 659 931 592 694 634 598 465 854 348 439 604 155 421 208 210 62 600 185 633 974 29 928 197 887 169 768 78 316 908 589 830 618 528 277 590 248 646 190 981 495 41 303 857 981 639 663 329 250 187 216 968 487 420 226 770 401 315 751 403 850 279 946 492 986 512 862 741 919 333 831 809 121 791 115 988 940 954 47 966 12 606 817 492 83 249 505 546 90 618 518 755 344 694 426 629 125 180 413 781 117 191 971 997 413 974 420 231 743 804 142 336 86 80 693 581 48 405 230 487 87 423 207 854 470 602 214 751 843 571 308 653 9 35 87 721 354 366 410 793 790 184 533 552 815 698 660 747 360 95 897 216 761 706 64 932 124 3 758 35 948 893 801 511 147 233 622 980 72 681 156 625 170 99 532 319 543 483 645 318 451 544 425 412 393 378 986 125 123 912 770 714 393 755 28 249 843 402 582 904 927 796 611 657 193 344 947 163 222 396 225 758 439 63 839 349 30 287 980 385 969 433 153 378 129 933 7 509 25 709 168 211 656 457 375 23 93 260 849 509 645 796 392 811 902 212 355 961 792 146 703 568 624 151 148 748 484 833 168 601 614 643 148 215 65 415 624 604 21 745 342 838 370 676 481 965 102 336 221 706 639 370 459 42 735 969 723 136 554 338 287 118 753 171 17 354 732 983 253 489 657 943 28 524 335 963 709 612 225 866 948 470 603 775 896 151 174 344 573 910 812 189 22 629 970 885 768 125 608 713 735 508 530 84 233 1000 243 289 940 960 446 947 776 662 21 346 309 447 734 979 963 102 264 836 675 140 17 322 192 689 949 19 189 702 926 651 854 594 174 383 686 352 862 578 747 355 532 467 643 225 893 667 884 800 760 359 199 636 103 642 275 492 83 23 616 623 55 442 978 458 745 444 802 950 255 776 395 211 152 225 721 759 589 447 58 988 915 5 657 381 354 716 335 111 875 245 128 495 580 41 494 103 874 537 561 816 635 340 985 951 665 804 248 295 213 911 235 706 257 726 994 79 356 272 885 250 564 604 21 590 621 280 786 867 
91 429 114 296 161 623 812 727 695 629 272 523 77 972 968 890 547 571 802 642 916 55 236 437 158 189 934 84 450 849 502 749 227 288 726 404 217 991 670 211 707 219 793 177 718 21 1000 531 919 827 553 494 994 56 429 24 41 22 388 665 563 913 785 805 186 451 541 438 643 135 381 971 931 566 154 666 358 771 108 519 815 111 830 499 774 355 536 795 365 762 319 765 681 730 276 682 177 886 887 900 967 989 265 167 209 295 580 143 143 253 100 29 978 46 634 800 593 817 124 285 891 767 238 255 907 803 183 158 14 264 899 735 870 577 140 318 220 430 175 966 208 980 743 436 992 585 309 983 314 90 26 232 913 29 378 753 337 957 137 367 283 425 666 935 791 940 84 770 413 698 458 8 73 551 606 102 745 151 382 839 648 605 338 123 337 940 243 82 755 264 339 271 943 842 620 396 90 133 673 762 842 459 295 349 250 582 753 353 734 569 958 671 70 810 116 645 602 365 592 345 865 650 485 420 490 922 72 294 47 300 285 357 869 10 195 277 940 706 744 270 222 61 557 761 737 10 983 8 988 264 690 320 596 757 766 263 492 474 983 245 166 66 254 445 924 46 553 592 29 411 402 598 313 22 346 595 730 220 60 82 80 68 57 525 563 81 871 72 358 473 193 377 408 911 948 576 281 432 407 302 863 895 48 903 719 778 838 406 354 777 194 797 68 841 485 458 302 365 520 480 30 831 421 258 652 794 233 128 516 199 910 623 705 217 570 882 920 289 193 867 832 336 35 207 682 816 485 589 341 137 696 709 62 93 36 200 698 995 3 531 507 780 93 283 43 910 511 287 236 452 218 928 844 802 189 194 721 393 914 135 128 14 880 576 309 971 750 258 874 579 115 650 976 542 173 985 286 600 520 534 60 562 834 214 526 398 296 532 57 138 507 752 32 860 280 793 699 111 690 698 124 393 992 405 713 485 174 875 64 927 437 327 855 851 609 397 934 828 30 54 403 21 882 608 179 553 672 360 697 564 634 991 384 70 19 309 584 82 536 839 163 546 901 266 157 952 223 285 349 421 253 720 773 178 300 79 315 832 791 940 909 543 931 352 743 561 380 1000 756 900 114 511 126 969 281 775 38 897 3 734 
738 984 933 850 489 448 676 517 175 678 638 255 713 435 120 511 48 66 451 943 238 444 573 729 881 421 209 637 714 652 926 40 989 110 696 820 710 767 264 18 719 629 244 384 788 253 847 98 763 106 943 498 572 921 297 311 581 214 348 766 402 588 79 11 214 246 500 670 436 776 201 886 524 469 371 303 958 487 641 794 112 984 529 80 680 404 477 815 64 442 859 129 157 238 664 127 213 785 34 728 971 283 575 401 693 837 577 507 280 489 678 952 240 253 145 235 17 900 490 10 628 220 862 589 642 77 830 148 475 742 713 986 388 727 513 819 713 621 382 926 184 546 245 434 745 321 990 98 575 585 56 641 256 977 580 68 524 438 772 273 942 381 754 491 437 20 864 907 530 262 571 774 176 346 279 313 381 74 529 397 258 268 310 962 388 163 895 380 608 131 168 216 248 983 637 421 568 170 516 107 80 215 496 933 295 514 364 637 427 490 721 987 435 229 269 134 616 10 20 399 471 596 971 360 480 683 801 7 908 890 77 601 681 25 165 569 421 73 427 198 11 793 24 782 384 611 525 133 525 69 134 891 530 672 853 136 647 98 488 144 586 292 730 855 647 715 690 979 506 215 45 996 790 526 692 125 155 726 157 839 385 908 211 449 272 135 61 882 211 163 432 554 336 423 843 467 440 630 142 587 343 534 442 775 570 17 710 111 867 591 519 644 390 112 420 793 489 930 29 212 630 63 865 547 432 731 594 87 750 665 857 642 722 323 721 719 849 843 557 501 480 853 912 147 723 120 265 931 813 400 530 951 207 605 52 565 984 65 109 569 488 732 669 982 349 976 99 292 114 436 746 416 259 560 523 462 720 853 441 71 717 826 223 131 542 774 985 102 946 441 861 210 183 296 208 576 927 124 672 397 5 474 53 30 306 697 878 372 174 782 445 941 671 887 178 297 619 945 456 783 806 809 969 818 121 605 299 984 768 32 719 684 618 424 213 416 31 184 922 941 564 699 269 397 293 895 580 967 878 974 448 360 122 291 203 945 512 921 333 358 257 827 866 8 738 299 532 702 681 804 479 672 361 877 400 655 966 635 492 334 216 270 514 409 63 103 673 584 19 599 431 441 312 646 78 200 371 669 39 144 
272 45 484 815 423 444 359 523 450 755 627 870 984 24 934 98 334 468 675 701 762 4 977 875 695 720 46 606 447 118 265 358 196 796 290 824 829 7 394 169 506 374 41 255 454 749 787 955 710 474 314 544 13 522 619 587 5 218 32 8 349 13 768 320 918 344 592 436 348 262 784 353 268 708 742 913 354 436 579 868 807 610 646 499 37 89 500 937 378 475 949 935 382 810 605 62 669 681 504 524 202 154 306 194 178 678 545 475 332 934 147 317 777 68 607 997 248 728 29 804 791 995 821 892 840 214 96 744 289 896 480 774 73 946 1000 406 979 371 451 783 797 338 62 910 149 439 708 446 824 175 878 734 58 915 87 589 941 944 824 886 690 317 160 547 24 919 169 59 23 275 571 956 307 528 154 311 450 947 879 693 556 255 214 325 765 307 300 715 819 809 334 600 856 135 298 947 415 672 79 51 430 280 899 785 344 705 984 311 584 288 461 564 996 807 470 539 103 945 891 238 604 400 506 357 75 246 988 822 454 53 327 940 929 975 841 576 379 84 679 832 759 255 145 162 617 224 342 230 336 936 942 798 112 558 179 223 708 643 279 693 342 231 476 343 319 586 613 840 805 434 328 313 255 880 497 494 809 449 253 311 32 621 179 11 541 210 690 852 186 557 26 357 733 157 580 469 703 272 921 832 468 538 283 393 888 58 734 618 958 675 196 55 832 978 907 5 621 532 407 30 13 853 806 593 205 800 496 652 27 58 739 17 674 501 160 2 619 85 183 260 367 413 587 324 446 383 613 116 230 21 961 131 533 562 3 616 789 447 808 53 3 207 764 604 645 442 838 426 639 730 357 125 796 727 945 111 660 915 130 888 706 956 713 357 626 349 649 386 206 403 363 728 485 848 35 7 295 802 694 82 284 857 576 197 925 162 215 768 97 286 242 376 72 634 823 802 13 581 191 607 630 291 506 557 99 276 473 619 296 500 136 978 426 568 112 901 659 885 373 935 685 377 772 78 809 670 179 619 253 794 422 422 927 752 381 12 308 956 646 344 166 80 299 179 241 65 348 867 588 545 963 916 889 235 497 1 83 697 932 624 674 925 549 489 415 441 323 925 648 287 1 758 955 31 584 411 282 252 13 240 
226 573 184 607 547 845 537 360 984 898 963 921 444 541 893 438 336 102 5 488 959 69 868 717 629 696 423 995 867 432 250 140 844 722 573 727 805 54 428 349 359 241 487 974 107 683 654 343 154 728 523 484 921 735 685 517 310 436 207 307 158 309 853 127 331 759 393 358 342 183 817 902 440 711 146 911 440 22 448 786 19 630 308 59 287 420 308 198 646 162 897 619 618 292 724 504 565 541 406 475 446 183 465 628 451 148 377 380 361 631 698 561 4 905 753 180 343 661 706 8 899 803 413 795 88 421 647 89 116 635 170 573 478 406 83 952 1000 103 887 925 560 285 549 434 174 664 514 478 987 161 263 707 326 838 939 290 638 135 288 137 7 697 205 582 100 141 425 432 456 216 106 682 564 160 489 918 512 572 510 875 187 793 939 494 104 299 458 922 486 578 957 112 182 168 65 484 50 843 193 909 106 911 267 146 742 65 117 501 154 76 159 417 445 596 109 547 400 235 146 98 383 294 846 757 273 271 796 625 135 137 203 199 158 862 562 407 228 512 219 111 532 944 674 746 874 474 798 552 766 14 517 353 153 996 797 258 904 15 246 939 235 510 153 326 812 826 214 144 304 644 152 956 927 193 234 860 355 340 142 407 978 482 505 513 460 28 224 773 620 959 689 259 534 691 617 290 188 349 944 164 17 309 463 916 610 159 277 120 911 666 388 214 501 346 847 600 272 437 728 208 883 448 499 938 825 271 51 835 95 223 272 101 487 987 270 151 308 193 276 478 566 162 969 591 21 323 311 392 630 903 788 441 151 609 476 526 434 11 329 913 796 326 910 713 674 328 646 261 903 431 199 479 720 943 429 592 380 383 624 327 645 43 997 793 32 354 758 96 531 605 665 220 243 557 137 585 610 145 238 822 267 97 509 793 310 982 655 786 641 118 315 438 733 409 827 633 356 148 903 616 587 152 924 659 612 594 962 198 96 192 343 921 422 129 703 149 342 497 721 181 557 63 872 582 918 647 934 231 412 238 40 878 914 146 81 880 231 901 120 550 842 85 673 88 386 84 5 171 898 568 808 298 566 378 582 741 760 879 781 372 873 657 792 570 361 19 529 738 652 30 684 842 562 910 516 826 325 236 670 306 
897 442 751 95 566 936 230 260 660 625 785 584 938 988 48 668 150 372 540 832 348 14 918 794 808 854 575 150 633 945 451 132 331 303 724 813 139 464 96 307 321 572 169 299 423 600 656 811 275 436 498 740 782 437 118 790 202 107 203 517 390 585 364 816 961 736 320 596 327 939 491 410 287 40 879 533 672 876 800 697 567 147 666 244 338 202 307 270 673 421 96 360 594 855 920 350 689 724 778 867 89 888 456 689 406 54 897 670 646 289 855 149 930 74 725 873 552 461 846 802 526 788 597 389 238 696 664 853 421 188 916 260 378 624 295 160 598 38 695 909 295 789 462 814 340 953 698 364 721 455 750 778 296 833 467 989 235 607 636 807 436 215 500 918 528 778 343 895 623 583 19 124 261 187 829 238 78 223 259 731 59 135 141 486 431 580 42 521 184 401 603 282 550 294 874 889 637 694 433 93 10 913 331 930 871 1 355 787 31 188 726 127 472 846 793 269 379 524 73 87 141 144 903 176 187 312 32 500 184 109 125 12 430 724 672 150 909 607 473 655 623 89 531 520 319 875 354 601 429 25 961 536 851 452 61 279 772 93 612 57 641 471 779 571 91 577 497 890 80 630 879 696 350 565 524 550 648 599 130 544 475 844 682 924 512 724 176 209 639 398 902 70 400 778 18 745 737 968 911 156 310 13 764 55 780 193 359 833 964 177 991 292 415 212 163 515 14 680 302 940 358 83 1000 29 542 353 659 640 721 560 826 238 217 716 817 773 89 948 412 265 457 321 305 323 288 226 909 85 931 289 528 809 640 243 488 164 137 529 85 950 233 417 873 398 336 484 526 248 454 974 405 646 9 224 938 783 670 917 608 850 66 838 438 976 966 838 990 684 411 428 178 732 235 540 261 574 963 613 106 169 194 352 936 56 955 701 16 638 442 718 524 537 136 632 647 729 422 764 316 238 43 722 80 867 62 560 614 748 242 718 271 888 629 258 718 782 87 49 932 217 554 764 104 852 550 294 268 948 634 319 152 984 633 866 895 361 50 46 668 577 614 127 530 581 455 106 414 322 349 115 805 441 336 287 141 170 941 928 141 105 833 964 299 827 542 868 297 815 680 965 38 229 902 25 358 552 441 947 729 450 
446 532 324 588 115 760 842 914 860 495 905 568 19 101 204 575 512 753 452 421 198 990 757 80 386 611 257 393 353 994 87 616 464 251 137 299 827 750 761 182 315 971 697 993 568 994 196 852 281 97 256 267 462 888 433 714 34 638 996 895 873 866 256 10 485 473 388 38 481 298 632 580 2 579 381 932 392 145 483 954 968 258 871 729 863 899 625 763 38 105 838 604 680 344 347 802 740 717 788 165 619 307 535 694 841 167 620 760 476 389 385 153 453 382 255 79 401 664 470 995 510 100 313 959 62 918 193 902 454 287 242 328 395 618 432 546 905 528 807 215 410 27 173 233 769 933 329 181 844 455 752 458 787 728 443 295 611 172 665 663 1 736 454 71 32 6 697 673 488 309 366 159 556 534 160 649 938 622 276 723 337 14 902 175 588 645 516 702 992 160 589 718 983 471 623 297 290 111 818 819 808 943 216 282 113 243 378 907 602 482 313 289 558 184 233 612 161 754 854 698 476 341 899 369 918 381 446 736 769 46 397 472 72 109 775 862 122 196 666 646 928 559 152 286 29 42 169 512 138 815 735 397 335 801 411 433 320 441 651 475 910 787 448 97 641 39 488 77 157 833 281 89 4 456 769 484 805 766 549 58 607 837 239 965 449 564 54 702 853 875 693 961 919 245 100 596 329 54 534 389 636 529 895 830 70 555 867 10 550 468 558 412 881 843 944 467 538 358 173 640 635 228 829 236 382 268 896 385 410 953 119 159 814 524 755 275 358 792 183 815 1 963 28 476 191 713 152 560 858 240 989 527 476 828 275 930 186 568 725 858 843 857 716 108 483 299 526 506 557 119 484 212 428 163 206 131 457 40 735 722 506 274 73 547 638 250 278 573 755 563 891 382 276 670 293 10 507 429 984 345 506 810 500 410 945 453 918 698 55 40 759 330 881 851 175 627 611 926 351 979 122 66 273 533 813 310 545 538 591 659 552 593 501 382 988 135 503 80 169 543 585 872 86 584 223 603 159 209 266 537 502 629 389 295 705 863 246 19 969 956 509 204 535 26 62 677 207 548 822 765 314 939 800 320 845 44 844 259 3 940 700 546 235 291 966 170 361 435 824 53 557 352 575 144 885 164 630 319 211 866 
999 91 351 670 906 649 891 862 593 18 97 139 231 970 853 398 332 241 297 987 482 755 564 942 476 728 898 968 99 714 249 663 664 811 929 728 569 442 346 550 156 945 946 944 333 376 621 668 271 231 986 301 612 413 743 301 668 372 285 140 55 825 369 876 291 380 40 385 140 68 591 211 831 575 933 161 933 348 834 486 943 26 244 67 758 708 342 63 680 427 639 128 769 625 115 33 655 886 859 817 427 446 277 311 913 309 860 576 183 23 53 60 509 914 535 251 224 799 640 755 182 645 663 590 737 645 294 22 604 354 139 712 927 976 314 673 842 714 869 715 387 89 334 190 504 887 970 263 235 399 414 264 312 411 711 157 607 194 978 322 826 672 816 734 823 683 343 480 290 294 752 851 73 712 229 35 999 570 774 253 165 771 472 768 349 580 12 437 20 138 737 7 546 430 937 523 754 71 268 206 842 954 182 929 226 687 321 117 909 987 51 350 152 428 581 873 109 640 449 782 535 125 865 44 362 159 431 694 282 194 792 753 849 302 479 403 981 515 459 779 447 97 320 426 483 969 543 477 16 480 244 751 168 818 995 457 876 248 106 841 727 663 348 83 503 272 307 474 698 558 451 260 902 796 678 25 671 11 187 602 263 924 806 882 855 969 182 861 63 795 417 762 23 867 96 282 532 43 513 782 425 424 672 858 171 613 173 971 914 952 76 634 648 963 887 685 756 811 52 306 436 528 165 539 99 217 995 496 272 188 58 711 434 504 691 996 917 475 429 296 334 747 32 779 277 989 886 186 951 663 954 822 345 110 102 154 804 438 502 531 899 917 246 621 150 742 412 457 644 15 485 8 42 898 376 374 93 331 84 79 513 862 739 411 448 605 788 641 977 812 337 484 822 374 333 848 452 403 930 82 928 264 726 859 534 157 228 115 577 180 873 341 897 527 821 591 7 14 966 934 842 99 947 347 128 638 918 703 444 231 143 144 417 423 487 273 66 597 667 754 815 201 829 853 783 330 41 11 56 968 261 18 616 378 350 472 137 421 713 244 382 288 904 665 600 555 145 721 278 73 806 939 201 689 871 309 75 728 575 680 467 804 872 549 433 49 983 499 545 836 616 198 514 961 640 102 732 732 564 117 
571 225 253 142 429 109 800 310 61 729 790 428 950 721 720 927 887 529 625 500 585 466 97 572 240 343 501 967 445 355 880 580 728 478 879 195 37 92 63 736 790 587 855 752 522 624 301 64 489 481 778 835 327 760 581 352 185 388 368 900 139 527 716 509 525 808 589 290 865 206 989 139 693 417 434 668 272 816 991 776 511 426 675 760 917 333 67 960 660 64 688 133 590 289 505 210 426 974 247 979 359 884 554 351 962 808 454 88 359 769 813 927 841 131 347 354 802 506 205 566 897 122 871 490 343 776 95 801 279 288 748 869 505 493 310 644 173 907 340 284 15 124 440 821 127 684 92 291 270 694 520 848 120 866 355 923 316 597 445 539 229 79 253 234 357 106 528 34 126 175 780 352 777 153 656 738 170 654 396 138 145 553 191 391 474 385 844 440 199 527 932 728 34 458 186 401 813 658 289 512 310 326 958 516 251 598 892 934 225 464 83 518 628 372 272 828 789 550 3 945 519 438 276 113 680 857 699 57 304 254 88 280 435 392 89 591 423 838 925 408 4 555 939 185 686 302 932 461 355 250 832 166 876 211 612 412 374 725 207 251 103 933 303 281 367 420 886 987 508 878 483 370 907 383 546 249 127 504 755 107 915 228 755 190 943 822 189 322 941 62 927 624 320 135 188 434 193 10 556 703 98 432 101 771 790 722 680 879 599 233 900 558 133 709 763 235 463 414 135 51 499 651 802 942 373 237 879 405 690 547 572 866 857 148 500 538 430 366 919 140 518 682 248 46 130 468 346 339 251 603 993 247 786 60 505 798 981 479 394 528 320 966 438 966 753 769 512 40 826 427 869 686 444 210 719 315 480 833 717 368 429 333 652 766 761 642 508 145 472 571 163 420 237 988 386 545 59 279 617 926 666 496 99 766 170 577 952 85 681 149 895 80 189 790 648 512 840 68 779 525 942 860 195 906 584 580 143 44 654 759 406 514 558 790 440 220 399 712 629 283 220 847 622 597 329 787 397 292 359 259 781 843 95 855 913 784 889 566 6 728 722 992 120 173 334 235 525 16 603 711 147 583 969 72 675 93 187 542 194 428 646 686 11 131 940 238 390 831 904 787 463 219 751 163 110 175 283 850 714 714 
558 605 485 864 792 591 789 873 633 207 752 215 646 142 461 709 92 857 42 799 605 331 801 502 69 623 146 537 843 897 94 234 417 58 265 981 242 885 269 601 453 332 358 924 598 434 618 561 935 959 700 648 353 373 37 385 309 661 873 553 912 728 323 552 98 903 528 304 789 521 147 765 430 176 718 37 590 386 235 494 693 960 78 618 731 873 987 340 709 428 518 424 145 943 14 308 131 139 121 639 131 619 951 981 421 321 182 776 470 375 96 910 430 213 230 621 547 808 658 359 279 780 255 630 47 695 818 197 579 702 613 772 651 12 240 457 888 359 446 575 238 864 944 336 747 701 628 81 761 705 627 98 634 974 605 90 112 688 645 45 346 393 148 997 654 156 71 993 601 746 856 144 655 30 324 892 83 345 393 630 557 876 966 37 695 202 504 702 62 641 136 267 176 484 750 51 434 754 531 517 631 875 402 100 96 136 508 521 950 464 989 108 40 186 474 248 452 518 231 641 767 594 963 638 582 878 858 414 441 62 902 13 122 2 956 339 928 231 568 65 932 315 296 634 536 283 985 931 739 685 715 755 557 836 293 760 219 647 793 543 345 353 566 128 826 622 504 197 210 146 535 186 917 785 305 2 295 598 824 877 155 396 532 867 448 974 327 359 974 264 219 100 740 218 563 800 264 327 676 755 451 729 474 909 866 466 657 283 20 347 122 240 444 677 370 315 678 169 993 756 882 136 215 262 210 265 271 628 562 182 753 835 84 149 944 83 345 815 104 452 872 531 197 226 350 560 796 641 409 60 714 400 508 608 742 645 953 655 24 731 154 882 590 470 998 358 538 218 460 992 45 303 697 469 402 709 225 940 794 367 255 376 483 793 493 119 408 609 699 332 959 431 543 524 996 131 768 858 576 883 618 788 761 530 265 498 121 615 262 649 694 219 522 396 252 800 550 581 396 489 326 23 939 798 305 139 123 108 194 636 410 238 67 467 412 574 566 737 233 2 420 152 238 206 201 880 236 181 230 307 75 367 172 776 325 105 857 928 770 824 996 529 887 571 664 157 805 387 50 858 115 284 499 616 515 8 509 445 149 752 621 241 693 994 492 888 277 145 381 490 851 983 583 395 120 530 264 388 862 594 
85 86 406 934 907 842 260 50 348 187 500 689 419 565 378 170 535 438 914 604 439 361 923 496 585 106 949 819 98 389 380 329 725 125 244 552 820 565 395 498 776 288 764 528 88 26 601 366 467 362 158 995 126 710 197 253 556 621 13 806 936 562 578 473 20 302 795 867 255 922 878 961 840 183 211 165 469 373 19 568 146 310 422 726 378 872 991 884 271 380 449 147 386 171 14 578 400 425 723 429 67 216 389 327 276 621 842 88 705 993 631 966 883 247 621 261 203 656 506 231 890 912 889 626 358 950 897 708 523 855 958 383 880 919 418 388 508 372 921 608 476 131 854 962 678 927 161 424 146 197 590 340 101 529 460 922 605 502 82 903 269 503 154 232 462 672 402 752 649 524 975 935 838 45 984 466 987 189 483 167 358 336 970 309 745 21 859 237 952 896 539 178 668 297 768 610 349 283 360 162 265 412 29 868 615 319 661 599 954 818 291 266 295 616 719 368 349 574 206 666 758 303 882 759 209 719 751 204 149 422 723 412 382 692 138 30 240 239 708 225 412 221 784 857 485 909 629 30 129 316 189 432 991 592 839 613 837 798 784 830 543 4 802 733 943 805 856 943 448 32 526 649 416 287 659 435 528 328 531 783 293 462 991 49 924 805 788 683 951 352 579 664 586 802 21 332 580 206 461 413 278 16 467 453 942 991 876 90 96 849 442 323 201 245 293 923 131 150 983 891 103 444 880 473 798 530 454 395 686 440 33 681 149 519 690 894 654 558 658 500 702 151 490 322 669 216 270 55 566 698 328 364 69 995 390 851 379 532 819 616 267 530 150 508 242 197 308 740 672 299 494 707 857 314 219 964 970 943 899 806 180 761 73 741 850 404 846 52 530 623 181 133 325 821 882 84 814 643 777 735 341 238 368 877 985 50 516 873 63 779 116 358 533 748 648 871 828 392 247 622 289 483 19 56 779 976 566 122 962 921 432 62 388 24 527 4 510 777 918 649 596 627 657 24 489 2 61 811 613 230 91 231 770 961 694 242 541 371 569 998 853 422 26 187 301 785 484 670 232 76 840 868 673 176 985 940 288 572 506 127 36 207 136 680 156 608 678 524 139 239 452 912 959 10 887 245 720 199 479 588 
952 165 579 385 855 665 597 906 403 601 517 596 850 626 638 58 703 841 91 940 862 827 111 656 824 950 527 652 509 36 784 295 381 428 847 194 852 350 949 242 681 705 47 202 957 647 119 115 972 11 932 275 685 168 169 918 600 137 337 495 684 8 702 453 463 183 932 102 138 272 64 164 274 901 927 673 559 143 129 428 361 407 850 289 503 77 980 442 208 708 54 144 486 450 730 319 518 921 537 820 568 559 463 480 174 69 566 249 934 841 948 165 344 180 604 950 671 691 925 100 639 126 829 173 378 947 699 741 402 760 247 342 222 586 626 125 677 328 92 842 660 486 354 622 696 954 836 738 994 161 655 587 261 328 927 600 976 402 866 927 348 756 294 98 636 513 832 93 384 662 441 108 696 69 689 687 265 218 64 573 969 656 80 729 210 881 796 719 352 199 591 445 818 365 253 33 267 821 858 503 734 224 732 679 459 439 721 304 971 396 992 351 781 431 609 941 462 289 692 267 267 579 890 455 190 980 885 764 26 5 512 66 7 869 198 931 819 923 556 616 575 78 134 247 69 758 378 998 66 457 286 724 703 261 114 708 839 161 758 185 281 345 330 624 251 85 951 447 106 705 256 521 371 259 416 343 161 926 90 502 373 225 667 546 334 822 112 318 750 331 159 169 320 675 343 71 890 993 214 789 567 682 150 578 33 864 182 998 841 310 178 947 806 295 731 166 983 317 924 524 977 618 953 260 423 376 152 433 885 953 164 259 906 837 597 402 464 223 122 779 813 535 570 886 399 845 93 222 466 122 693 853 882 87 652 282 255 82 780 92 266 420 785 371 515 171 687 275 480 64 34 464 6 776 689 1000 952 451 946 867 288 398 988 499 128 897 647 499 702 280 820 25 139 554 244 379 11 771 770 764 898 818 671 107 803 762 528 559 639 552 362 460 871 553 945 244 755 449 211 455 878 403 360 800 215 916 286 981 160 438 998 564 908 781 592 669 972 236 39 196 638 829 828 803 633 618 196 930 571 6 32 366 46 274 752 345 206 465 607 151 724 827 948 732 472 954 542 391 41 494 438 903 500 825 945 743 373 105 332 291 456 1 374 191 926 198 75 948 201 866 246 538 846 75 300 917 925 968 377 719 
458 385 204 728 849 252 193 568 651 311 513 656 667 801 684 868 695 494 442 489 590 414 124 839 430 173 158 357 371 160 833 846 591 772 313 383 77 759 699 773 179 83 397 945 458 174 755 76 983 107 229 440 839 574 809 884 301 593 193 421 523 497 293 404 569 304 775 636 952 393 473 600 358 590 598 439 695 57 26 934 576 924 539 401 715 977 749 786 201 896 38 69 395 116 22 769 903 948 92 383 779 371 632 32 346 479 301 776 314 785 355 844 249 689 509 28 594 655 503 401 868 121 125 317 309 88 396 829 329 689 497 112 469 308 947 260 153 254 418 421 553 399 404 876 698 395 539 641 621 345 280 25 189 165 613 613 192 117 206 144 503 294 790 134 934 757 832 453 314 900 892 966 493 802 557 848 308 353 524 384 546 414 703 929 276 403 695 693 508 76 357 786 74 620 730 427 998 669 816 756 518 953 628 827 519 835 8 318 453 660 857 456 427 631 974 899 930 532 59 653 329 541 864 267 840 234 342 254 485 164 75 55 907 267 329 315 318 505 363 55 895 427 194 491 159 467 938 390 637 799 889 253 496 718 929 378 827 792 681 6 828 531 128 679 83 717 429 568 954 988 878 571 385 319 223 407 710 27 862 906 343 468 632 5 456 218 94 585 210 735 301 205 993 225 680 468 332 724 926 545 491 629 155 587 595 783 359 254 817 350 120 854 911 820 769 852 496 582 552 631 925 286 248 425 790 335 547 471 632 963 244 869 138 636 208 565 885 587 283 438 590 108 201 156 965 991 507 796 906 524 606 699 61 222 66 371 634 652 424 246 647 191 609 454 101 455 933 178 840 516 706 960 447 446 241 474 977 595 551 963 118 156 977 183 392 566 869 340 174 369 888 257 31 954 275 875 966 401 340 74 962 370 69 413 875 371 23 682 948 571 173 75 330 757 497 521 920 431 959 986 968 77 395 18 58 44 458 995 852 951 83 412 981 267 76 979 666 60 212 90 796 868 605 442 352 775 645 58 564 944 673 558 346 72 48 480 526 339 408 575 951 524 699 26 544 346 695 739 452 857 584 60 363 992 574 506 527 595 15 883 236 17 610 896 707 747 600 571 389 738 403 968 296 933 371 27 987 828 157 597 
169 808 563 622 712 999 609 761 806 696 844 362 465 883 635 736 291 734 379 963 286 919 916 348 989 396 861 967 871 420 191 281 362 59 684 553 595 728 966 600 680 799 487 1000 305 253 340 870 642 760 128 303 314 114 986 556 672 833 646 373 442 143 21 183 342 458 668 373 221 267 932 239 474 255 710 117 198 696 348 450 144 25 8 449 791 339 382 720 592 794 17 287 870 39 670 751 261 788 42 42 716 793 756 22 822 817 394 937 807 259 549 988 718 130 755 231 423 395 136 96 533 234 676 187 546 235 123 25 111 697 287 32 666 265 22 117 194 172 299 196 484 79 325 356 891 538 521 995 673 634 312 532 888 806 976 299 550 340 164 940 188 770 995 255 110 660 737 820 136 408 832 374 805 307 556 250 495 185 569 523 925 423 701 4 351 569 613 821 651 282 304 258 93 758 102 135 8 505 710 251 727 782 514 391 730 879 155 493 434 408 812 345 715 450 592 312 924 976 930 163 71 539 320 98 33 814 495 72 312 113 781 658 656 486 513 911 212 284 762 271 684 711 810 963 107 420 73 616 446 421 920 243 724 842 484 171 752 793 871 137 127 347 749 345 913 342 876 574 658 794 49 822 758 229 466 322 782 820 727 436 61 928 455 422 441 236 868 783 602 416 109 220 12 855 680 280 564 113 300 227 860 464 951 284 310 34 101 414 179 459 99 116 753 224 518 572 814 555 503 364 935 338 971 344 983 302 435 254 744 188 825 232 138 902 901 615 998 135 378 903 890 392 301 127 578 901 974 5 587 183 222 708 15 151 327 580 744 440 609 885 893 665 674 155 428 733 59 137 85 171 915 429 963 764 172 303 129 792 871 777 425 751 816 893 875 544 697 442 687 499 520 452 59 40 880 774 659 132 152 296 140 719 134 912 902 966 585 298 605 56 833 688 750 211 878 432 850 445 715 416 660 570 57 754 594 208 195 375 446 595 637 597 569 986 876 408 900 942 140 898 278 326 131 978 372 68 496 893 884 413 659 968 968 682 836 257 387 1 715 456 93 99 698 672 318 884 628 557 604 189 700 941 188 865 454 631 90 841 486 437 225 176 226 304 66 29 200 783 701 652 879 487 592 940 319 745 938 958 991 135 
582 450 162 933 752 642 65 375 856 835 231 118 194 862 919 609 402 979 830 677 568 792 848 917 927 965 747 168 285 688 677 430 858 326 150 432 688 488 645 145 383 905 308 49 181 769 427 275 112 523 830 483 628 526 821 170 699 38 191 349 287 952 581 473 680 128 551 127 22 171 522 855 997 459 93 470 420 894 86 438 252 133 103 802 825 285 183 414 34 576 658 824 408 801 712 506 448 25 287 530 385 396 136 624 788 154 457 212 142 335 575 443 335 602 818 56 176 742 966 258 446 778 885 489 257 216 422 743 19 200 4 281 177 266 38 619 227 966 305 469 491 659 456 376 96 505 871 334 767 432 778 819 902 397 408 832 209 815 15 378 472 854 614 844 406 518 197 146 314 422 733 24 380 835 703 533 423 203 189 780 760 827 178 428 363 432 723 933 944 614 370 577 807 505 62 579 153 591 461 787 898 298 172 253 791 695 404 724 660 607 965 130 387 336 535 156 171 971 357 231 286 100 784 486 712 692 20 902 801 326 557 335 353 691 247 427 550 77 296 196 143 646 887 784 950 231 169 283 896 119 335 760 291 394 664 991 100 501 424 589 37 730 326 327 209 248 150 108 16 384 227 941 825 567 370 661 58 718 743 65 560 532 480 678 392 14 300 189 801 572 473 544 159 211 256 505 217 98 265 750 925 21 925 159 416 866 399 115 160 944 802 501 341 881 810 739 323 419 394 152 105 794 632 262 535 114 482 358 513 224 311 403 781 262 533 793 782 360 918 785 7 450 306 801 175 390 139 749 662 695 762 928 755 142 861 65 299 183 253 814 761 858 433 705 929 779 308 533 778 417 903 438 423 414 558 148 148 68 547 950 520 402 334 77 647 608 383 400 197 328 697 849 10 785 110 658 784 715 386 737 413 652 825 204 72 484 511 237 38 242 76 868 850 732 452 63 670 201 687 306 580 864 357 575 530 340 15 620 65 310 14 815 149 233 421 33 923 171 765 438 611 488 332 160 674 510 572 166 398 249 989 953 32 36 122 152 283 108 620 776 871 509 393 845 908 648 922 775 14 691 264 397 21 935 884 306 90 264 800 802 97 631 304 795 513 263 760 180 684 992 125 206 527 423 763 884 65 635 594 564 
459 125 135 435 643 495 331 450 729 689 118 435 950 475 377 721 55 358 223 2 302 217 529 278 274 797 83 269 916 247 195 202 673 24 619 152 78 399 538 24 599 113 623 737 901 230 984 908 763 771 38 172 463 718 561 24 585 78 123 238 445 558 213 311 448 805 299 357 76 127 865 588 244 569 58 819 510 359 861 658 276 190 150 753 649 288 677 300 75 114 600 80 628 191 706 108 808 587 712 296 615 480 168 294 280 720 816 307 330 647 79 636 842 397 614 480 794 734 668 554 128 386 581 987 826 555 688 937 922 123 970 498 822 505 566 422 164 399 401 567 367 125 135 330 245 115 904 371 292 880 519 362 736 78 240 199 158 610 439 198 261 868 601 931 585 107 980 308 887 373 965 641 783 913 324 356 877 997 834 880 454 871 246 124 963 541 170 628 128 562 273 955 601 142 244 307 944 669 753 416 281 43 3 79 729 612 976 922 667 334 868 977 49 402 360 367 642 991 610 698 232 477 228 328 22 970 188 81 396 127 334 337 18 744 964 411 510 677 376 828 381 347 119 68 67 650 406 677 212 117 146 41 886 899 377 797 980 8 833 383 123 970 595 721 306 980 871 139 420 277 847 234 861 662 43 538 654 646 424 300 720 238 8 264 963 691 287 202 700 846 994 620 535 238 208 342 194 656 398 744 909 204 203 428 18 839 280 51 177 671 182 310 449 842 76 953 253 502 791 742 12 247 600 640 423 449 876 570 800 843 95 146 879 496 293 985 68 301 814 176 692 788 247 601 820 586 576 435 310 995 217 443 286 600 459 570 339 750 728 363 550 782 162 313 460 443 693 147 300 944 276 759 175 149 452 199 794 294 146 245 301 922 157 688 729 771 258 444 756 994 996 43 939 112 681 885 700 189 242 976 73 65 178 857 595 387 820 254 172 189 306 897 619 516 466 988 621 488 103 804 832 128 871 56 304 410 74 246 333 893 813 130 586 591 914 502 839 454 712 207 57 431 458 645 646 96 265 681 315 646 671 940 185 877 42 907 51 651 717 988 553 731 774 391 345 387 522 933 482 85 448 395 625 813 880 722 152 999 401 461 465 77 61 346 118 219 229 228 126 980 564 983 6 200 989 137 926 484 387 904 
326 568 380 512 124 830 732 801 127 344 755 618 569 14 783 495 623 450 648 243 312 940 213 7 262 580 817 566 975 83 76 374 555 207 587 79 643 611 56 832 486 571 703 566 658 856 926 836 684 185 778 304 465 779 681 116 880 165 419 7 214 551 271 47 879 860 182 976 36 219 770 440 130 601 653 546 140 404 225 791 902 520 364 819 281 378 791 805 37 574 914 149 665 120 761 66 396 396 541 675 305 351 211 529 348 210 740 926 960 161 66 761 403 872 645 92 992 16 88 852 203 436 991 270 194 263 989 321 424 545 535 776 217 174 58 675 189 420 365 130 596 264 943 890 701 440 358 483 903 678 924 703 700 937 530 243 968 547 41 210 973 979 301 702 612 184 640 502 851 810 960 478 442 248 768 530 531 976 39 16 925 979 835 784 607 45 443 68 764 13 886 39 739 224 703 7 403 886 165 770 992 737 685 114 121 585 798 9 318 250 952 235 506 472 468 565 924 511 441 33 124 332 836 158 872 595 404 66 876 879 721 55 956 116 963 78 865 684 705 631 172 347 88 115 166 340 120 887 107 639 661 858 202 577 618 361 445 650 797 614 553 468 43 837 309 872 250 466 978 817 273 211 663 837 776 922 497 471 198 175 532 518 342 319 685 755 609 414 291 805 306 517 329 588 980 876 540 255 732 966 837 958 165 471 814 911 767 814 700 154 224 987 336 251 150 319 869 810 529 62 857 188 851 693 404 112 28 371 58 761 87 162 120 718 694 178 337 706 383 777 973 76 435 700 502 31 547 52 354 551 513 561 583 16 847 960 818 79 562 500 798 973 564 461 349 174 52 307 96 750 670 153 894 862 346 58 542 297 261 909 813 722 810 839 829 289 743 188 148 161 839 718 544 955 602 401 579 736 543 508 715 513 941 416 342 767 187 389 120 42 982 801 988 1 548 568 948 790 714 147 809 735 227 152 608 628 442 805 243 284 654 243 739 557 539 92 270 752 768 925 124 41 732 538 929 703 502 700 675 87 737 195 288 576 45 908 919 391 820 928 539 633 681 650 398 994 769 838 932 408 310 178 363 622 727 750 755 73 98 323 969 301 748 749 147 93 654 600 931 733 736 83 509 927 874 839 614 183 967 902 
426 263 920 564 332 130 217 431 194 762 333 573 16 567 715 889 250 933 598 53 486 157 917 943 31 319 823 900 531 804 500 892 919 478 812 315 519 996 944 699 511 583 162 794 384 574 869 519 67 305 68 299 879 415 124 538 755 56 1 199 979 554 697 9 651 685 850 566 796 133 685 499 40 522 343 769 631 561 939 135 72 192 601 883 631 884 381 725 472 91 296 241 711 449 686 810 398 611 548 199 795 4 711 367 191 731 357 564 239 553 685 593 880 139 149 787 180 420 207 721 743 7 707 578 936 519 91 218 776 456 992 373 300 162 23 200 211 992 492 682 679 821 826 109 643 697 8 276 656 198 387 404 198 861 115 970 317 583 263 976 10 53 991 383 784 638 189 788 884 564 451 370 38 261 115 491 585 746 657 518 177 874 201 407 543 36 511 385 974 774 123 956 91 633 160 575 942 16 969 212 602 564 587 854 167 714 336 907 234 639 385 961 249 729 960 26 89 156 841 535 947 710 14 854 851 132 765 499 390 201 690 680 294 51 595 332 831 875 768 116 495 127 967 29 599 522 705 149 916 478 87 108 733 631 385 261 962 887 252 916 736 345 409 992 727 478 821 213 256 689 652 240 38 363 221 353 412 565 508 255 712 426 953 768 514 720 108 827 864 634 877 563 973 687 678 843 741 239 255 418 352 187 564 990 609 202 376 775 558 723 937 186 470 54 721 386 932 553 623 327 374 276 313 454 83 947 312 451 480 126 1 305 489 650 272 437 560 597 547 646 831 644 55 373 485 661 317 348 82 883 329 360 842 885 648 510 204 165 928 463 928 330 581 979 186 141 575 246 777 971 260 525 14 759 959 376 428 868 317 245 212 853 195 423 694 470 314 163 231 703 334 583 373 747 89 520 724 44 74 442 221 148 620 486 43 516 8 42 974 541 411 644 563 88 613 837 961 902 622 821 676 630 137 874 944 906 806 752 533 760 792 639 925 353 147 504 78 220 523 653 400 408 165 555 293 763 78 744 212 526 765 636 812 644 442 994 72 734 891 939 503 241 322 582 528 746 240 602 968 886 624 543 59 364 796 800 20 839 743 721 317 549 119 432 61 921 849 493 493 632 849 89 745 221 984 840 438 117 948 245 
247 619 695 410 376 241 167 340 47 595 864 96 526 115 868 81 841 188 757 212 551 863 600 186 987 223 898 571 671 197 895 874 141 538 79 540 78 272 487 416 134 791 889 630 86 305 147 359 951 725 527 888 894 860 176 957 253 316 143 832 780 647 657 439 329 83 689 582 733 624 612 474 729 276 65 137 389 63 668 89 183 365 551 615 475 990 24 340 951 590 832 503 155 997 385 565 715 175 397 545 445 330 46 939 969 682 601 562 827 35 561 1 17 419 485 778 853 253 937 478 178 453 341 56 30 711 416 388 588 590 106 795 926 893 172 979 445 423 504 672 168 40 832 870 622 55 944 425 124 122 122 26 21 96 5 323 404 956 197 252 994 119 217 757 193 682 719 202 437 934 279 133 717 755 602 375 852 458 113 197 456 164 133 618 720 959 497 495 653 228 521 13 367 802 162 983 332 768 366 960 681 964 926 896 385 334 406 14 21 828 903 556 857 884 703 324 739 571 681 590 458 32 132 967 898 768 100 153 505 623 603 117 369 283 477 809 851 793 894 649 896 916 259 94 408 257 147 730 462 243 220 287 265 968 118 386 395 928 688 771 175 120 100 209 77 979 459 311 406 619 591 729 166 794 85 229 723 820 959 394 498 536 739 554 436 570 678 54 195 978 150 701 415 67 409 52 910 387 129 204 639 932 908 839 973 551 85 272 260 348 980 317 605 329 430 718 330 313 197 195 16 631 669 631 831 902 196 366 123 163 543 879 216 485 667 609 151 522 458 359 82 17 698 11 305 55 445 5 147 530 402 776 804 151 694 144 873 540 3 918 660 748 252 87 639 502 269 344 754 668 901 450 254 172 249 197 269 161 967 693 927 31 671 743 958 121 169 650 524 986 22 150 921 597 305 637 718 69 66 628 760 660 142 168 214 21 880 105 90 648 677 423 15 488 258 246 30 373 838 148 144 954 95 548 762 255 782 770 564 749 217 949 601 491 404 427 708 242 719 872 118 531 286 196 289 44 67 951 564 292 172 533 629 324 636 738 960 513 722 780 898 963 835 843 627 704 408 33 15 686 312 450 627 146 467 370 775 171 348 960 793 813 908 527 179 607 782 390 282 180 502 788 974 305 376 54 184 627 906 388 
559 294 777 695 40 846 460 898 264 350 763 891 331 889 510 904 603 19 708 386 880 687 922 810 890 303 407 766 998 605 377 714 996 21 419 742 773 534 697 324 621 388 857 798 92 23 9 641 244 409 543 44 898 178 581 223 44 652 450 675 559 533 335 901 894 144 421 401 698 667 177 552 548 102 285 482 371 272 398 235 822 560 991 197 168 350 344 457 678 680 598 684 274 860 17 355 54 649 544 991 607 948 861 846 823 635 120 720 384 474 700 308 289 657 708 653 675 218 571 73 336 652 830 211 704 49 234 149 418 456 268 807 213 401 509 294 757 67 778 30 876 720 437 845 509 283 925 964 929 815 886 223 400 999 304 343 935 885 984 179 700 115 881 891 987 835 608 648 38 951 858 141 437 184 391 422 115 495 291 586 292 724 640 186 792 554 757 447 441 399 300 469 452 581 86 186 785 610 679 180 354 167 770 989 957 826 74 975 42 444 798 559 651 314 754 68 38 316 340 565 381 712 245 99 64 507 236 451 455 333 970 58 537 66 640 22 939 391 336 32 369 218 853 291 46 968 339 564 972 454 86 783 675 191 613 277 465 184 259 887 997 700 992 809 188 400 404 895 111 870 679 713 411 842 745 238 974 391 541 266 498 71 139 326 627 988 690 571 424 601 34 135 636 656 291 787 745 322 183 242 889 344 944 34 853 740 873 296 618 302 301 821 822 135 59 235 765 344 564 141 780 616 786 113 50 464 904 471 722 919 209 670 914 444 930 299 688 502 55 641 385 741 526 239 761 551 749 220 306 514 52 507 677 21 619 182 841 172 370 164 934 679 826 299 745 282 238 708 749 355 217 352 69 765 614 422 668 158 530 970 153 3 2 780 99 543 284 214 64 77 255 300 806 491 793 152 862 59 196 52 403 992 168 23 990 981 766 564 966 197 834 685 666 170 222 898 335 542 414 289 464 99 88 901 760 715 751 303 505 990 628 717 858 207 595 989 82 14 910 751 151 307 508 5 893 855 88 228 511 547 521 463 471 101 964 584 134 38 220 262 66 844 925 445 394 32 835 793 274 271 5 664 95 65 209 82 338 987 935 889 293 21 996 1000 743 803 941 558 263 620 63 519 625 404 904 342 596 362 104 188 
951 17 509 39 135 678 81 508 194 510 131 667 184 829 881 676 623 942 872 693 91 790 97 536 719 543 716 102 886 261 497 439 648 227 371 45 518 59 307 851 340 383 310 704 296 234 325 475 607 37 344 614 98 275 714 291 107 612 707 15 762 962 224 248 357 197 578 904 27 519 256 959 112 654 830 201 742 437 363 357 719 393 435 145 373 436 721 198 701 516 19 727 255 864 906 600 295 8 72 433 520 770 408 119 302 388 84 487 240 805 673 489 831 865 26 398 538 336 40 882 637 14 60 479 773 536 50 383 364 59 134 576 157 693 891 61 622 664 727 480 352 338 584 321 344 630 957 845 827 976 236 15 739 42 199 407 492 713 502 534 390 231 235 101 704 103 944 559 472 651 912 229 173 973 768 740 809 575 635 86 7 683 992 405 752 929 373 936 429 532 295 659 652 491 112 903 467 681 224 63 13 996 519 606 871 581 312 841 466 676 661 313 918 793 402 676 411 482 707 616 439 528 573 879 886 824 69 472 820 346 730 531 252 435 996 75 455 899 417 2 547 230 435 541 9 507 907 124 372 294 668 128 914 941 823 521 516 997 66 887 981 115 111 365 493 489 518 228 235 366 930 501 436 244 620 684 494 192 362 253 979 812 142 976 86 412 486 891 654 867 934 356 238 707 431 243 656 926 990 17 365 823 813 435 974 815 842 709 967 385 737 615 32 197 353 255 259 213 114 36 637 1 162 142 181 242 562 750 886 600 883 450 532 509 672 37 688 590 754 479 787 789 878 433 20 928 719 423 42 86 834 980 952 55 806 407 475 473 95 519 781 386 399 431 32 368 763 585 329 466 815 916 154 277 817 909 885 37 454 63 649 874 727 419 79 470 417 901 625 391 431 620 631 937 464 687 465 977 688 800 340 658 671 834 876 888 628 754 261 573 271 583 298 886 985 864 650 237 812 202 902 85 154 102 411 231 806 308 735 312 461 378 310 398 539 875 762 526 101 119 467 903 377 982 116 836 679 733 522 829 535 780 722 578 191 757 553 724 651 509 355 51 979 759 824 239 826 37 226 104 604 902 816 876 246 390 463 68 994 720 237 341 929 396 269 831 655 817 178 727 485 561 604 277 481 591 387 981 742 913 
526 93 923 741 234 963 379 293 844 629 298 427 261 581 299 242 568 435 234 794 860 32 525 865 906 467 160 266 726 742 756 455 685 974 720 950 643 581 779 237 529 199 535 268 817 446 981 567 946 150 31 872 97 288 554 414 917 271 784 152 489 429 71 975 872 322 3 119 418 769 404 892 632 163 296 332 745 616 110 441 570 673 31 514 608 855 781 558 206 505 1 824 780 727 685 377 485 650 966 817 623 816 783 59 336 536 358 683 877 786 247 833 682 100 330 858 33 179 750 242 571 152 642 604 391 878 559 157 838 637 911 284 474 793 940 827 129 503 304 130 502 436 520 71 58 926 440 319 236 495 964 539 190 132 884 19 571 370 685 939 473 900 23 808 715 324 394 714 876 415 135 687 826 135 553 307 848 583 984 752 2 584 961 575 310 462 782 340 487 778 318 403 312 918 597 582 939 818 930 761 671 793 267 883 747 698 697 284 742 672 467 991 569 712 2 607 715 398 41 585 531 694 211 893 347 107 882 844 265 466 60 672 756 556 924 454 616 494 873 108 962 424 40 378 635 999 154 251 29 826 13 440 551 495 612 809 104 588 166 274 965 781 863 975 906 560 281 576 242 906 192 778 646 775 968 931 583 580 975 715 717 269 626 875 779 877 568 911 953 576 457 762 767 522 612 790 737 62 627 705 887 406 336 582 394 294 163 944 950 607 986 799 9 484 759 296 976 782 89 318 100 992 570 707 87 2 147 365 633 486 594 504 201 947 174 935 716 485 185 154 798 553 43 431 515 561 637 856 517 709 980 744 523 923 506 485 798 84 36 772 891 654 765 615 359 337 917 383 893 19 937 42 577 673 193 594 378 60 364 452 538 471 12 259 573 90 377 144 226 416 574 210 37 97 533 885 921 95 195 756 278 432 972 62 957 240 517 938 583 708 459 418 327 134 751 297 907 916 174 547 621 431 394 473 977 436 242 905 671 365 209 552 830 733 490 647 764 845 127 398 416 97 20 67 628 314 262 344 715 225 538 464 686 577 551 944 150 305 579 13 81 236 887 321 277 329 570 437 350 97 862 37 239 524 324 991 409 178 104 553 799 242 989 405 814 156 670 366 605 896 881 751 312 187 956 512 955 29 405 584 
913 923 59 49 251 684 766 454 791 678 103 901 30 591 158 628 851 187 103 845 156 640 828 873 978 642 338 397 505 808 603 680 183 731 854 448 188 210 616 464 117 15 344 954 816 134 94 363 103 771 698 539 997 369 52 873 153 114 750 841 638 810 115 61 270 786 110 844 394 365 563 772 419 12 414 641 173 298 957 283 793 30 870 41 86 548 760 760 60 435 179 66 905 348 542 806 512 367 188 971 517 582 870 804 417 206 927 250 421 744 18 341 601 404 460 232 761 576 577 447 916 380 335 425 396 901 900 437 468 3 248 390 510 996 218 799 288 452 228 893 185 770 966 927 895 580 876 350 126 790 470 124 855 117 731 94 39 582 780 985 315 309 178 789 164 839 167 132 126 390 925 810 696 608 137 410 267 798 21 764 891 389 592 192 239 295 70 841 600 207 192 921 755 686 129 449 343 584 925 461 21 213 657 601 722 121 443 902 230 851 296 434 73 278 671 795 579 113 393 562 617 990 21 231 646 317 750 472 215 566 811 649 980 129 793 690 871 877 979 491 982 82 365 376 761 760 387 517 611 324 932 744 232 549 38 105 531 634 720 627 556 522 26 535 931 665 733 860 823 309 954 473 181 316 155 38 346 307 227 454 759 927 719 237 431 436 657 945 946 694 216 970 143 427 650 472 794 597 604 489 795 553 687 656 707 1000 323 156 828 792 864 678 136 10 513 712 197 834 639 429 811 265 678 453 126 818 178 717 642 22 568 616 378 143 684 520 822 527 325 362 744 23 850 700 76 678 875 968 659 399 160 910 38 434 274 83 731 238 451 572 770 587 814 32 932 785 790 56 783 912 112 344 468 974 80 314 837 587 325 399 479 652 275 253 460 841 203 534 485 95 957 782 930 421 961 195 425 351 504 2 535 419 134 918 450 256 635 983 362 407 414 987 395 281 153 760 364 375 698 765 220 966 831 835 26 507 727 151 129 880 432 533 709 97 332 259 673 642 939 683 51 365 191 846 446 140 610 16 494 11 719 632 377 363 322 659 954 845 25 310 389 277 831 568 625 546 685 369 729 614 63 597 761 234 736 910 48 792 109 45 514 741 721 814 931 428 558 694 762 684 566 670 851 685 373 5 59 148 431 374 
282 284 961 655 34 809 856 244 617 890 227 847 544 574 425 121 697 244 314 356 723 359 24 56 773 112 537 714 244 610 539 996 532 931 230 759 104 431 392 969 946 796 420 398 161 606 351 183 565 56 248 37 796 759 636 188 946 503 756 776 99 345 9 545 288 235 585 254 890 230 680 635 361 38 791 418 860 180 979 761 727 514 893 569 397 251 605 611 2 201 806 784 463 395 336 463 661 581 616 533 304 886 551 547 264 311 557 602 129 192 52 440 445 434 668 64 862 524 161 995 878 719 111 536 402 280 281 244 67 984 564 890 642 94 870 441 662 175 582 856 840 91 346 162 825 799 635 842 752 585 265 837 349 736 974 809 900 607 99 49 762 629 316 366 425 102 765 109 100 431 377 59 625 340 135 1000 41 993 203 662 545 691 445 225 494 868 348 587 699 232 80 326 74 635 338 281 628 711 324 703 424 974 799 834 500 724 185 850 39 337 196 566 179 113 652 910 235 828 760 366 393 564 6 419 404 987 44 91 914 736 434 271 92 637 120 783 706 42 529 969 906 551 85 32 45 747 943 166 28 568 691 618 332 795 390 497 686 140 426 68 870 546 248 380 630 955 492 712 706 878 695 203 499 521 687 54 455 202 30 928 167 671 733 487 558 667 543 854 234 182 893 156 533 60 877 264 336 329 410 943 580 601 778 993 512 306 465 62 946 405 729 188 789 889 590 165 566 478 274 610 895 370 733 43 936 678 235 978 649 326 323 466 704 666 299 442 715 359 765 465 740 69 279 833 567 607 845 516 237 772 655 247 590 128 114 625 264 425 496 705 778 218 255 554 71 778 577 176 179 74 577 184 983 689 256 809 780 680 267 684 209 412 485 372 541 278 315 309 620 805 796 455 1 142 109 151 663 656 198 714 584 475 773 345 42 82 430 722 476 828 199 716 44 47 597 417 350 351 33 713 868 640 72 594 440 937 974 250 618 877 240 936 378 289 571 285 205 543 599 702 80 476 403 710 757 339 319 406 384 504 308 892 24 5 756 852 286 76 513 513 63 496 47 777 618 644 369 852 752 456 828 771 782 448 981 201 52 43 11 490 851 531 364 949 560 57 544 779 803 966 576 349 46 122 461 839 662 301 680 102 
116 990 444 82 152 199 989 700 321 389 528 415 263 232 768 430 637 206 628 824 791 416 353 374 304 682 584 8 712 723 663 299 415 329 273 612 525 657 293 465 413 697 455 515 740 966 737 85 870 948 463 492 659 169 685 716 27 120 16 70 503 775 55 451 763 208 401 391 613 847 939 958 630 303 175 488 171 333 598 179 563 26 1 181 349 602 291 710 633 165 159 399 379 488 312 310 423 147 644 652 128 32 88 620 430 97 570 388 819 798 96 417 476 737 460 116 183 794 540 902 921 97 371 965 989 295 697 836 883 986 619 379 158 573 779 635 260 212 246 864 716 760 87 13 57 391 854 113 248 689 144 579 683 210 45 326 515 563 892 964 552 47 206 988 96 533 933 164 488 642 611 157 270 556 75 392 210 391 624 116 473 704 230 773 631 354 68 939 287 60 223 376 60 503 477 951 637 144 886 341 707 858 571 633 889 153 139 954 760 383 545 661 88 118 807 723 470 697 361 548 400 955 362 422 193 12 71 332 85 271 549 975 659 653 524 485 126 688 848 75 986 567 586 876 935 148 763 647 519 654 804 329 254 351 630 272 494 550 125 91 280 714 788 458 314 371 366 265 300 696 809 875 624 695 51 480 388 409 866 735 625 194 845 210 393 289 763 228 123 643 39 12 902 440 273 550 95 834 795 885 571 185 48 682 98 536 668 91 897 221 763 389 254 68 123 551 594 904 73 876 769 302 173 238 168 817 628 59 578 493 233 849 171 28 467 800 289 178 732 148 749 769 983 55 398 812 615 536 776 573 55 774 502 156 222 739 437 614 54 232 564 737 601 789 636 497 386 277 995 188 268 682 305 941 701 550 431 51 721 941 627 535 550 691 620 552 306 609 301 70 167 831 75 584 618 624 110 334 703 369 242 758 332 319 459 488 207 274 187 120 408 670 675 198 46 372 338 919 883 74 960 522 463 55 521 298 965 708 274 150 960 75 973 25 939 577 949 402 435 532 721 212 141 683 56 907 678 303 864 475 367 644 222 9 317 847 301 926 122 680 879 254 117 837 356 516 674 802 350 4 201 370 240 766 880 603 138 174 927 181 790 684 671 497 664 971 986 361 735 68 296 307 749 56 248 605 712 704 849 928 
542 853 971 581 947 774 848 344 202 373 457 446 701 97 274 95 932 785 606 260 599 109 961 719 316 972 303 77 119 916 271 20 709 606 551 165 191 14 766 712 295 355 276 514 635 50 850 567 52 458 192 647 358 984 851 634 13 513 347 619 275 729 549 967 876 158 165 634 318 811 618 109 537 597 39 241 250 360 869 97 279 167 409 139 698 414 966 366 646 127 627 113 403 270 483 15 137 733 151 403 54 279 419 757 888 517 283 994 497 234 531 998 781 791 33 793 693 134 803 585 329 663 736 645 343 219 672 541 894 796 259 938 889 313 146 777 380 931 423 887 712 57 837 172 727 307 487 407 942 432 122 325 13 904 146 816 928 41 749 977 386 443 818 142 462 594 343 114 582 54 756 703 688 604 515 116 891 930 845 526 661 917 179 440 650 803 745 666 444 216 306 883 157 169 107 663 870 353 745 70 437 38 226 506 903 595 789 454 355 973 752 902 827 445 493 683 873 943 764 211 101 542 967 947 592 406 983 356 663 839 658 542 889 204 889 799 63 143 146 634 38 451 579 495 798 422 617 630 776 845 852 211 794 606 851 377 377 987 718 823 83 387 112 786 26 504 448 64 559 536 875 231 396 548 732 9 928 43 63 449 833 196 768 170 643 5 111 580 506 911 928 870 57 581 635 418 704 592 256 291 935 453 224 647 262 849 572 660 256 817 910 668 587 84 922 32 688 893 858 254 346 114 180 819 969 790 20 878 620 759 241 681 496 286 473 641 698 337 802 336 510 507 432 175 654 766 832 717 425 974 6 454 265 165 851 428 891 702 859 734 540 994 282 643 696 284 629 332 450 933 544 669 338 422 698 450 186 434 666 657 39 967 729 363 240 800 500 434 583 19 936 146 538 387 604 327 449 406 732 434 725 956 260 35 381 428 279 101 176 142 474 492 937 912 163 991 85 458 33 85 30 1000 602 866 525 266 311 630 354 469 856 17 643 663 62 249 198 173 773 791 454 653 182 69 911 98 14 704 154 675 536 69 903 914 170 773 486 822 386 120 467 304 263 515 325 941 712 409 805 320 973 82 390 892 367 982 281 900 944 464 870 460 673 819 26 588 216 573 939 951 998 645 68 759 554 950 497 382 848 281 
124237 124270 125725 126253 126397 122237 123696 123018 120116 124805 123925 126768 124624 123853 126915 127906 127506 126812 119373 120470 129208 127175 120097 124587 127134 131234 126671 122323 119476 128628 
556 111 163 457 614 182 896 226 575 580 739 666 841 714 141 765 208 184 332 55 171 378 275 731 15 807 974 938 59 627 629 788 573 38 533 205 523 887 103 985 511 688 731 939 713 43 303 577 768 199 644 631 987 415 860 915 719 663 471 911 373 412 273 643 755 146 90 67 405 591 505 532 539 394 462 641 554 585 956 585 130 660 237 62 699 360 716 113 636 838 34 907 361 629 405 174 187 483 868 934 207 137 719 437 559 712 941 847 279 990 44 858 165 362 684 784 290 649 932 391 145 57 296 870 657 789 129 239 470 9 308 508 598 270 958 368 251 986 397 479 832 915 317 792 275 937 156 238 828 569 133 993 269 36 569 639 889 35 549 382 362 459 684 996 606 556 875 586 674 383 39 283 503 598 38 719 706 728 684 144 799 923 398 692 537 830 100 377 412 505 75 209 476 698 369 348 816 508 725 627 379 593 788 283 221 162 252 291 197 176 77 611 661 238 387 754 932 260 629 234 409 336 693 668 669 102 646 39 313 733 957 412 514 794 727 690 805 552 357 605 23 776 147 138 956 332 450 535 906 401 164 764 574 502 407 787 949 201 808 894 572 181 963 347 164 917 716 682 19 234 115 283 932 688 205 455 626 777 845 53 840 494 816 581 933 498 291 141 672 439 527 945 469 461 489 837 468 453 75 123 306 686 611 454 553 853 239 44 870 276 173 572 762 370 214 843 432 950 270 970 509 755 111 431 858 749 169 39 599 5 40 793 958 329 533 223 269 351 969 787 1 442 634 509 706 601 64 655 941 893 566 980 250 961 126 840 876 148 759 314 482 93 162 74 795 382 873 27 193 768 161 871 847 27 992 601 465 153 838 725 619 847 221 647 26 235 327 781 650 589 217 446 1 282 734 234 923 29 249 783 739 842 321 631 545 614 399 883 360 686 259 810 195 767 459 737 403 375 494 309 615 605 420 770 695 137 911 171 917 520 668 455 150 212 18 931 625 258 319 357 671 545 466 523 416 121 959 105 849 917 618 289 576 209 951 533 721 898 982 426 814 71 692 668 489 804 533 698 477 389 426 955 660 368 145 364 495 5 322 543 635 18 373 820 273 687 60 196 25 346 90 784 777 334 943 460 698 887 950 42 
413 63 111 312 888 650 111 279 890 995 81 989 623 449 486 398 153 598 253 842 189 540 608 638 60 75 687 476 350 409 463 989 959 968 650 603 879 960 21 729 92 56 63 109 914 888 679 413 568 871 28 57 216 795 356 536 91 21 994 334 300 470 326 837 292 783 641 505 292 123 605 72 21 463 393 428 911 729 612 731 247 960 793 938 192 78 145 655 286 748 479 605 614 551 357 598 605 793 939 742 873 291 266 765 355 806 288 233 512 260 60 280 543 275 390 221 127 208 367 977 288 29 544 20 954 655 521 183 776 254 453 550 159 884 25 414 315 887 755 671 514 385 934 34 998 401 790 651 607 229 255 136 411 5 396 842 488 726 34 932 258 966 988 505 57 580 193 426 6 528 557 713 408 837 89 780 822 46 440 22 481 925 892 199 481 134 544 854 947 536 713 357 527 207 70 272 340 866 426 313 871 772 266 10 974 524 854 55 12 724 471 473 914 619 905 325 894 840 772 376 370 712 13 365 803 829 278 394 621 263 743 83 238 932 470 896 491 803 32 843 946 985 498 337 286 699 963 508 686 243 489 409 20 719 16 530 184 500 509 295 275 565 447 627 154 448 215 249 133 13 910 28 679 74 534 903 314 142 218 116 55 424 156 59 999 94 647 856 90 625 904 52 76 668 154 813 492 598 61 997 328 659 682 887 813 964 238 806 169 97 370 751 876 854 418 356 375 980 121 734 128 755 410 609 439 764 863 615 961 841 102 874 447 772 548 965 654 581 408 902 649 954 390 901 562 417 668 634 129 739 497 341 275 121 301 741 783 482 820 322 803 167 790 718 253 273 493 444 810 771 947 627 527 966 317 16 677 466 146 856 369 653 115 74 130 140 345 995 750 641 565 404 978 218 875 87 14 924 59 59 307 557 111 721 303 519 420 723 952 950 967 785 518 849 571 22 777 587 170 240 333 32 166 973 263 830 381 457 194 750 908 978 467 1 339 531 620 969 312 685 857 344 104 712 353 224 939 4 187 327 860 88 27 128 965 593 402 57 461 567 900 968 444 955 884 262 238 296 292 558 887 856 582 306 127 462 364 682 425 449 151 897 670 335 856 116 533 11 106 291 164 575 688 256 982 153 317 864 497 280 
907 75 488 485 227 292 519 362 618 499 876 360 6 906 220 897 566 96 10 504 93 274 568 413 863 185 783 325 881 866 138 608 690 431 432 930 851 174 457 650 104 927 944 454 338 381 70 484 172 922 752 869 816 976 177 759 105 849 904 958 631 251 651 113 101 653 645 57 272 945 692 5 814 665 757 193 266 984 363 38 52 565 327 974 581 88 778 804 244 961 253 299 684 676 11 715 381 847 271 7 807 447 406 465 125 414 981 474 296 383 178 570 241 621 963 363 45 6 17 957 563 92 329 16 127 991 140 706 172 445 426 980 646 90 804 620 834 585 920 362 687 605 202 272 200 732 514 172 614 209 785 167 413 523 112 436 101 902 999 663 288 890 768 60 566 460 749 393 470 541 363 109 189 771 527 725 872 90 695 822 745 423 183 610 39 382 529 662 705 413 872 343 822 187 776 804 521 894 698 82 240 661 62 110 84 337 841 252 134 259 646 999 656 320 859 293 597 875 753 437 42 279 166 306 565 282 994 625 77 483 781 554 990 222 190 182 639 995 666 739 450 630 106 230 161 120 999 838 966 878 112 889 582 861 151 713 235 806 844 700 810 979 60 792 130 415 893 303 793 323 956 111 506 1000 973 985 762 147 128 394 839 582 437 144 718 755 275 537 450 94 212 952 485 935 775 395 436 351 657 372 221 757 685 205 339 4 509 264 894 680 962 788 386 152 129 404 925 309 585 618 921 636 24 921 535 646 374 330 779 434 206 572 312 70 686 889 737 124 839 168 400 373 267 539 366 750 15 529 344 649 871 194 875 728 81 821 39 39 94 983 770 718 187 611 589 500 353 461 950 41 386 984 189 811 497 504 342 181 441 446 781 936 260 901 868 71 116 934 225 99 877 587 437 446 662 515 927 58 613 42 983 248 832 959 157 324 8 742 553 792 332 609 770 238 806 883 642 127 411 870 130 670 209 417 631 394 935 964 228 787 705 893 213 116 728 909 50 328 437 792 609 385 771 776 667 628 565 708 102 375 890 76 763 970 268 688 1 174 578 907 152 432 930 759 182 779 509 518 597 141 725 725 942 862 731 573 939 75 302 72 248 557 712 995 154 602 396 650 88 334 195 902 226 758 682 476 94 269 258 236 
547 859 25 285 674 829 878 49 145 915 532 824 153 820 370 13 462 582 25 209 768 292 915 754 48 519 295 751 579 468 576 90 523 313 525 286 564 738 961 167 445 339 634 564 95 694 100 967 679 594 467 935 880 366 71 580 354 173 340 176 446 871 20 694 305 25 487 229 895 138 249 752 216 316 149 449 558 144 960 51 614 750 526 499 957 614 700 760 525 118 15 3 307 338 896 833 618 214 665 663 383 306 44 685 403 150 504 312 438 871 600 610 681 468 544 120 896 977 882 408 647 762 852 118 519 926 515 561 308 873 725 196 577 456 36 642 238 837 601 524 26 252 505 418 529 209 598 640 738 170 25 342 270 784 527 190 406 11 737 351 815 682 746 473 508 548 441 531 316 296 745 949 76 702 155 825 74 174 381 295 278 490 412 90 909 159 593 945 855 847 918 453 21 928 22 882 562 813 229 517 559 80 18 517 548 708 5 291 183 180 285 717 237 67 145 408 916 866 236 188 979 950 284 407 389 658 222 613 807 217 1 356 997 199 237 294 632 815 76 86 943 160 182 952 832 554 438 564 51 98 780 542 723 323 16 933 888 646 545 948 404 765 404 116 636 666 837 344 180 320 619 225 197 517 776 857 840 471 910 63 864 407 946 492 336 188 880 724 927 773 86 118 244 438 103 907 164 483 676 184 66 459 385 387 62 181 369 279 667 109 378 119 82 483 668 432 364 166 473 311 989 500 417 725 484 957 818 551 817 171 229 2 315 503 798 524 801 428 104 705 501 883 336 278 820 666 940 339 162 895 917 353 35 36 632 90 0 88 704 633 551 272 853 75 762 197 147 349 487 919 433 799 27 508 644 110 895 905 114 592 544 824 131 268 638 481 282 661 826 93 170 24 755 730 130 378 329 520 79 710 98 628 432 53 3 298 134 136 915 986 568 127 701 74 177 822 357 65 603 922 140 413 525 416 888 798 99 354 258 706 312 868 712 194 325 549 232 837 731 813 265 391 355 466 359 375 963 190 896 461 42 504 140 180 297 92 544 904 888 58 664 15 522 776 25 302 265 777 734 72 657 468 37 728 580 648 903 511 656 824 140 101 520 817 531 35 540 492 166 728 144 6 999 579 96 224 61 272 268 407 
599 599 359 58 318 462 464 323 702 675 29 314 451 178 580 508 87 7 984 971 122 108 64 705 387 756 505 91 667 85 218 253 966 979 569 676 923 570 38 903 54 414 875 651 938 914 761 92 205 702 707 387 183 14 306 279 316 537 600 2 430 624 235 929 933 612 285 735 499 544 631 433 413 805 514 723 788 490 870 342 900 797 82 532 229 706 182 927 765 34 625 814 780 203 967 46 519 457 354 432 65 71 391 691 338 360 291 42 368 390 730 375 613 870 800 776 942 579 885 830 410 183 603 842 331 937 572 279 821 941 438 149 321 306 590 362 393 868 541 578 698 377 478 138 646 41 18 448 673 81 277 198 418 115 875 832 174 966 889 952 27 941 712 896 351 655 399 508 629 527 24 658 590 511 176 329 707 798 226 601 590 951 404 21 318 851 709 68 927 207 286 662 891 810 260 618 328 375 173 153 980 965 944 887 42 84 552 853 892 793 786 725 844 937 565 1 588 500 659 121 252 665 478 146 578 514 113 683 512 382 384 448 101 875 966 781 269 652 625 236 605 96 402 653 66 259 770 18 39 549 840 211 862 868 299 88 287 288 346 917 763 351 817 421 486 432 961 795 785 143 855 791 692 315 690 259 309 371 432 380 844 525 659 327 643 590 617 395 609 120 208 908 995 79 259 98 414 922 916 655 620 664 857 0 692 463 463 916 747 167 600 989 115 913 391 330 408 999 997 608 883 54 467 69 370 173 584 369 966 351 868 2 838 799 323 273 406 484 349 211 983 718 658 492 742 851 654 630 608 411 950 668 788 389 490 548 738 129 894 599 398 295 920 708 526 972 739 446 548 960 999 725 249 492 923 557 237 770 100 581 590 922 897 430 467 783 681 479 734 154 235 500 951 300 953 210 952 886 451 858 247 158 618 748 144 472 399 459 919 110 71 177 745 383 992 335 335 490 856 406 532 307 675 713 657 811 577 393 774 403 389 952 459 209 190 995 516 470 215 459 542 555 533 880 707 848 976 557 846 839 78 719 170 178 630 786 599 704 925 161 736 142 350 312 880 792 787 266 191 692 312 997 399 989 326 389 471 917 355 22 973 709 220 380 469 876 490 16 411 824 434 686 383 704 891 907 828 947 638 253 
125 16 938 816 161 934 350 356 987 920 622 546 795 645 544 128 223 738 588 434 219 354 83 474 344 494 735 983 890 59 35 62 895 231 231 748 458 85 826 550 968 715 469 280 493 179 433 210 209 530 96 212 427 811 117 348 797 693 901 41 191 874 466 461 359 165 458 114 999 89 465 169 515 396 820 882 207 862 658 803 986 384 569 80 57 142 194 663 341 617 203 468 282 691 391 355 911 597 987 942 956 389 105 913 176 247 280 207 870 414 944 903 107 641 632 781 887 81 290 589 901 836 697 106 642 554 129 973 928 213 869 94 331 77 992 304 981 29 309 100 83 738 982 458 432 530 469 320 169 447 420 828 217 926 325 893 816 270 518 226 240 63 661 478 358 806 385 39 654 434 934 297 783 594 60 310 26 534 416 919 9 347 232 328 702 77 483 809 254 623 245 942 274 717 978 902 631 650 222 629 677 372 412 330 382 817 23 142 744 373 292 124 253 178 258 324 344 918 861 106 454 97 122 269 822 539 191 797 242 786 819 703 431 110 990 495 554 639 977 779 416 527 235 829 181 74 602 222 435 901 963 162 191 105 168 618 955 591 788 588 588 17 328 797 466 217 40 65 904 400 633 209 432 927 155 253 581 787 254 57 837 475 75 705 325 312 539 162 448 70 199 734 871 941 765 94 446 520 628 935 921 369 976 593 482 932 548 410 724 523 472 660 604 247 995 392 560 133 47 13 121 376 618 985 246 313 293 156 619 266 645 617 744 830 678 897 545 789 382 487 113 968 507 58 105 646 71 872 270 191 865 531 679 233 118 602 983 126 824 85 323 126 479 312 958 956 366 405 529 440 135 778 36 760 318 183 654 698 738 269 27 375 644 513 764 204 398 102 304 409 410 19 977 142 951 834 848 579 639 200 914 916 564 409 318 658 404 183 833 810 798 115 480 446 542 701 770 942 296 549 740 530 320 846 394 492 39 3 263 175 79 771 99 46 215 30 603 788 623 885 397 723 3 695 702 11 733 41 69 522 696 664 121 750 47 80 966 172 825 68 834 508 525 522 359 796 205 742 232 115 940 917 482 344 977 948 584 909 793 974 217 410 211 919 629 332 527 728 426 118 158 608 818 666 818 165 179 711 256 971 
794 962 559 323 634 265 707 775 776 248 253 781 833 654 881 335 945 892 683 417 55 945 624 67 667 371 556 676 355 260 272 463 24 361 26 708 862 355 100 314 862 237 777 757 236 190 602 665 11 565 899 109 798 568 897 399 686 325 783 527 629 918 230 711 314 268 97 52 524 494 558 927 776 52 755 266 297 252 276 527 142 748 321 871 720 341 28 559 825 307 711 842 839 878 516 204 873 42 663 780 805 237 953 547 201 235 401 1 217 825 556 779 540 423 858 342 132 956 691 144 531 605 967 40 317 513 314 660 963 619 706 270 824 373 710 740 318 584 551 478 185 766 946 706 522 275 291 641 752 36 455 151 792 648 286 436 858 266 889 155 767 557 67 54 922 484 219 712 657 614 151 430 700 745 876 354 583 342 389 618 996 612 655 695 498 602 700 71 303 179 414 769 244 905 368 162 394 907 23 844 36 890 88 190 167 130 526 826 967 666 762 632 886 866 424 326 64 716 684 451 770 762 429 453 166 175 499 879 64 286 373 304 910 704 420 184 943 197 33 953 2 269 389 280 497 732 540 696 821 270 137 388 661 785 319 219 416 147 698 216 407 626 670 163 880 751 536 21 831 789 117 702 522 226 471 530 476 737 734 414 564 21 895 142 207 33 170 867 724 921 125 730 273 381 103 297 642 370 397 321 249 309 915 423 740 242 888 678 134 550 951 710 289 389 405 562 443 289 164 539 259 10 945 761 236 76 274 695 151 578 473 687 287 211 607 408 545 576 2 380 45 480 459 801 458 41 992 130 979 704 211 614 571 553 393 242 454 223 812 341 993 161 52 685 930 85 928 173 637 368 569 289 750 44 159 853 30 817 973 119 423 807 728 617 278 437 424 749 513 87 964 408 738 243 909 27 804 598 796 900 358 592 284 19 795 919 776 43 497 574 0 602 348 20 709 138 325 275 632 682 944 319 761 625 708 484 321 123 483 595 720 930 559 81 116 590 772 284 431 952 339 931 199 588 574 744 906 885 125 452 233 120 454 170 217 327 183 984 746 10 998 142 840 35 718 826 98 728 352 807 160 279 549 336 981 481 943 261 365 157 956 844 591 939 231 568 135 502 381 336 335 381 274 876 205 119 279 230 669 573 
447 682 649 672 673 522 987 818 781 695 260 630 331 346 255 727 738 691 49 494 877 448 306 563 992 981 895 205 267 893 271 313 495 375 758 148 749 841 627 8 258 799 127 863 869 558 777 34 795 983 508 683 314 442 31 805 378 692 991 482 56 302 81 938 929 674 764 806 929 919 421 537 463 382 625 845 537 686 522 28 568 350 810 128 792 575 687 742 812 346 702 96 291 482 279 911 412 934 301 791 488 538 473 597 742 913 2 889 741 157 544 12 503 149 202 730 133 765 980 402 115 987 585 13 386 797 329 539 406 509 69 546 387 798 960 394 854 564 914 36 93 252 732 949 305 732 624 684 412 497 900 43 145 395 807 799 711 824 334 631 189 779 51 10 474 729 58 213 184 99 901 744 593 611 965 53 308 143 319 909 694 104 412 174 560 955 748 754 535 590 822 888 562 173 632 28 296 969 593 153 71 770 879 115 667 314 74 513 102 495 193 849 13 982 541 531 487 293 339 313 740 756 397 626 625 889 782 878 615 321 203 135 373 439 809 929 381 911 354 88 968 504 932 103 581 534 224 854 453 332 862 116 670 644 254 134 720 908 852 422 651 961 999 516 716 664 501 403 7 922 760 439 628 989 324 156 387 257 620 678 991 407 962 896 48 561 178 80 241 820 869 48 62 118 569 612 699 581 374 69 662 568 422 102 460 502 437 719 581 764 800 74 857 871 32 30 583 322 555 35 785 849 401 506 997 373 462 313 854 48 705 25 916 740 247 953 827 137 674 353 427 655 579 897 383 790 407 862 392 482 363 937 493 269 812 610 761 635 901 9 173 203 444 799 411 436 642 117 402 691 741 42 323 432 28 483 386 884 961 604 466 307 733 598 477 933 442 675 107 948 684 986 190 863 156 894 104 745 539 489 343 247 871 981 501 374 195 825 94 530 790 482 754 778 999 933 552 155 35 298 650 777 347 497 796 326 26 126 373 576 618 253 928 219 550 496 622 459 600 574 608 235 219 847 363 636 739 719 557 265 364 206 992 490 578 816 269 722 417 846 43 553 187 957 773 480 530 806 170 466 952 578 973 421 875 616 800 517 813 213 261 285 509 735 822 699 556 29 210 217 762 648 125 292 723 889 256 782 950 475 
399 960 197 422 379 154 160 368 319 905 334 253 725 111 449 689 630 728 187 957 220 308 34 444 378 209 655 14 339 128 285 582 883 63 445 908 975 291 190 522 81 314 344 790 482 798 73 604 112 42 114 692 707 137 683 926 957 474 735 360 230 406 189 980 285 284 617 492 862 236 914 607 873 707 189 359 862 173 647 469 464 240 377 229 39 14 771 443 782 559 47 17 421 280 768 898 63 141 927 495 344 81 72 347 183 761 439 706 505 562 588 303 392 541 787 157 723 116 809 416 309 786 970 458 22 245 91 156 94 980 530 423 456 583 178 126 810 934 202 226 431 891 980 532 216 791 560 10 475 627 329 487 521 32 960 706 897 712 160 45 741 422 719 485 551 726 336 588 672 822 991 711 974 66 886 92 963 613 322 575 486 510 494 373 793 31 293 43 341 663 247 1000 700 786 370 111 134 599 887 353 493 9 660 794 778 826 61 940 254 456 496 537 529 154 689 944 657 734 857 296 33 573 450 832 343 631 264 704 395 834 768 213 913 183 256 170 935 716 172 904 458 862 273 771 983 583 696 259 976 341 444 279 256 519 932 19 328 877 207 42 444 591 168 868 100 824 360 708 79 51 810 254 440 655 3 563 9 259 863 782 96 553 263 243 140 773 24 729 986 29 868 383 114 288 724 133 261 42 208 152 313 977 363 83 97 951 238 544 38 620 976 414 923 727 467 108 721 999 704 635 399 760 929 867 860 623 43 683 880 648 476 392 955 229 852 510 828 989 969 274 981 159 116 212 147 367 260 63 213 522 287 489 208 411 449 773 571 666 652 130 292 987 592 855 299 57 976 692 75 16 707 552 231 826 929 687 301 946 438 179 668 205 407 865 526 360 999 217 575 230 361 246 539 528 348 230 836 491 702 556 241 511 288 714 657 492 633 642 32 762 922 19 243 948 896 356 805 140 285 906 629 441 360 717 102 861 363 798 339 668 684 404 137 200 311 500 168 184 668 991 188 837 459 553 218 799 929 636 344 667 188 602 236 724 803 577 641 692 816 265 414 114 794 4 178 264 963 933 665 445 742 9 717 241 849 936 541 497 445 564 657 550 290 355 133 426 49 468 696 15 315 535 891 443 817 629 619 999 546 122 
63 374 675 523 593 502 105 14 454 787 81 180 434 354 97 988 107 605 519 419 664 305 554 986 925 82 458 76 546 764 38 762 269 357 778 881 169 13 124 746 182 447 750 249 95 381 832 394 10 646 107 235 326 636 558 329 753 616 298 288 490 209 713 884 955 798 54 722 353 612 485 697 291 723 257 632 215 902 122 32 719 938 741 420 615 339 254 245 324 766 555 740 680 526 447 149 684 399 478 543 189 299 397 669 197 679 449 0 836 906 953 908 835 848 421 891 181 841 709 162 655 457 668 451 532 508 684 783 284 370 784 953 968 419 942 941 289 208 410 175 974 927 473 450 323 619 150 822 841 449 285 59 704 994 842 554 695 159 361 346 364 995 949 211 938 110 195 19 291 927 873 914 9 818 241 812 918 582 318 43 84 73 419 585 214 200 87 438 197 424 209 226 72 677 904 809 299 905 82 327 272 474 492 111 86 772 534 879 760 969 740 259 470 383 746 773 78 420 546 879 346 749 165 61 174 121 18 457 486 393 478 772 14 675 889 625 355 859 629 229 744 276 910 442 216 545 18 645 160 196 799 721 957 239 586 43 374 784 929 803 278 39 475 533 201 263 479 180 387 460 826 613 737 664 799 164 91 100 196 999 374 150 61 928 54 261 48 97 957 900 912 624 945 11 382 559 650 585 858 141 694 928 590 301 903 729 672 571 435 661 500 894 932 255 295 103 943 247 687 716 134 983 34 445 910 42 71 226 512 650 645 160 890 157 706 50 81 724 283 468 392 644 882 296 546 208 28 98 168 296 169 252 452 577 321 448 684 867 33 101 858 439 912 831 657 151 709 488 774 643 217 680 43 587 716 34 782 187 353 894 356 536 938 769 384 243 700 173 124 404 206 606 516 408 150 19 710 756 781 604 929 810 458 284 415 523 356 719 657 464 634 220 946 66 126 539 290 202 218 145 493 103 24 472 919 2 507 104 91 27 801 972 210 812 651 78 664 438 372 402 599 833 370 99 177 256 609 32 175 301 163 47 421 940 631 258 674 753 633 152 249 893 338 769 702 913 488 228 860 7 978 704 281 136 594 946 425 885 674 304 462 137 733 760 319 594 934 883 740 552 8 316 956 794 218 755 357 351 592 538 
736 704 315 357 60 129 178 404 340 425 473 630 2 855 847 10 981 124 634 396 310 600 601 166 230 420 991 792 991 328 510 73 783 700 681 855 311 130 110 69 331 307 797 813 335 335 288 626 693 304 258 924 221 19 357 242 793 152 614 868 665 254 281 781 271 670 63 555 178 723 178 72 892 778 0 470 141 345 560 222 236 637 406 512 714 433 413 490 210 699 953 776 537 713 479 928 692 329 967 412 472 798 608 58 309 907 637 80 611 106 530 339 37 35 71 479 311 296 10 298 979 51 616 337 514 961 229 863 842 847 220 462 646 377 57 549 72 749 630 712 799 496 788 828 409 304 170 478 741 563 251 868 945 830 161 667 588 806 208 334 406 653 98 598 556 538 602 566 492 267 269 282 403 834 488 534 13 692 981 728 92 680 51 100 735 505 131 160 231 911 762 319 416 812 59 575 433 125 752 102 362 329 587 449 27 535 919 643 85 975 244 896 322 905 382 157 272 420 298 294 213 869 603 588 547 60 438 506 74 101 946 377 897 48 895 619 973 731 622 23 133 341 624 843 183 446 526 980 96 321 985 937 853 657 150 298 755 27 867 166 452 462 619 989 100 241 469 695 36 533 670 134 297 47 405 490 794 660 720 352 474 715 823 418 338 438 866 440 978 748 993 917 544 686 913 968 637 735 930 237 477 837 928 898 838 439 813 925 403 836 672 385 982 540 926 887 104 946 639 804 662 667 914 664 272 325 673 105 876 644 648 808 362 567 884 300 567 733 513 300 751 734 151 139 446 893 578 420 687 219 629 381 864 963 28 583 319 791 268 635 807 939 731 385 859 919 706 160 529 776 918 968 187 121 30 479 265 681 606 764 973 460 105 471 986 704 765 966 18 889 905 255 306 564 198 198 133 259 898 534 445 311 61 314 812 16 63 437 609 585 286 889 838 954 732 791 48 435 796 686 838 818 391 368 661 342 610 733 702 702 75 342 762 20 817 135 608 449 979 830 848 66 953 664 252 202 700 763 193 97 582 994 870 791 154 31 555 749 592 897 9 900 581 459 977 915 646 296 537 547 10 578 716 955 748 122 29 69 863 702 596 241 757 263 884 830 577 522 58 306 866 626 613 65 888 391 809 719 97 772 
494 799 889 153 424 711 774 191 484 718 879 678 986 458 726 624 272 392 691 414 41 227 125 256 673 495 438 101 733 956 265 616 842 551 952 222 770 485 581 143 355 862 27 303 633 903 125 79 96 597 91 832 113 103 671 560 549 893 111 422 995 198 794 922 616 814 555 64 465 713 554 664 676 71 896 793 609 483 543 575 839 667 557 348 370 519 770 72 873 7 231 670 84 145 358 569 331 706 388 10 23 366 885 432 812 28 699 768 667 667 203 422 698 406 254 185 398 21 707 109 462 282 946 974 783 384 989 301 649 974 752 890 385 654 73 76 519 763 649 547 975 818 37 356 297 940 985 1 31 321 735 33 942 619 937 346 396 70 580 969 271 745 174 741 793 170 499 948 132 559 970 486 689 343 523 462 0 598 774 971 381 861 352 349 23 252 697 878 537 986 969 488 602 439 910 428 925 210 496 74 731 951 1000 205 632 3 392 175 270 793 851 991 718 64 580 37 239 412 314 845 196 90 600 781 49 356 263 195 720 256 398 515 267 908 554 340 981 997 953 206 497 898 512 442 769 582 224 91 79 133 158 794 832 685 39 196 708 968 439 278 149 124 665 152 771 59 175 565 294 403 323 237 207 142 795 824 703 539 602 883 877 399 10 498 106 799 275 418 370 778 13 121 977 780 591 467 447 9 800 9 868 502 243 445 967 290 29 88 402 932 176 68 137 988 148 365 754 57 933 518 428 43 682 667 351 979 169 54 840 231 27 904 979 684 670 339 511 185 245 399 333 244 675 46 494 375 20 308 229 823 688 950 148 746 360 45 457 496 705 945 509 327 627 773 430 492 513 176 720 393 998 882 208 870 938 376 781 527 411 579 388 328 947 342 266 587 601 460 557 609 869 928 113 356 730 351 620 494 58 985 618 881 902 744 657 408 834 230 628 811 470 807 443 295 253 963 850 752 887 55 156 518 972 998 876 622 339 346 558 622 931 977 296 547 990 213 347 985 564 581 107 844 371 250 653 520 160 630 241 498 433 461 243 823 710 189 860 731 681 758 389 484 377 221 664 772 173 413 181 597 631 529 233 739 7 163 214 237 96 645 291 384 323 128 932 356 102 150 403 901 699 47 961 796 900 708 680 552 749 792 
158 936 475 254 888 717 937 998 944 231 938 46 24 104 122 782 733 589 976 635 470 418 160 458 885 117 820 82 842 461 492 240 255 815 844 90 868 669 171 719 906 578 105 791 113 30 237 114 514 198 488 294 264 216 704 986 235 767 365 483 504 764 488 479 653 518 761 30 571 907 787 778 611 921 806 599 540 332 956 400 827 518 797 837 7 341 961 945 766 162 165 392 793 569 941 486 526 668 927 584 774 71 820 684 196 410 27 482 943 111 889 664 999 841 63 121 229 708 877 176 505 496 242 628 461 469 725 25 683 944 703 929 516 676 914 755 493 969 285 463 781 28 111 516 80 6 298 232 965 577 170 944 386 655 182 78 80 508 915 814 412 203 691 252 256 573 458 843 334 981 129 270 742 814 989 940 119 611 980 778 359 726 165 854 748 323 181 394 699 122 216 725 583 234 277 516 522 901 367 460 184 643 761 832 75 106 177 426 510 508 161 965 124 293 739 515 322 556 962 545 82 768 638 433 605 551 478 198 910 346 952 489 811 847 723 611 142 947 44 950 937 107 618 14 710 229 886 404 821 942 746 498 8 513 465 623 49 9 752 32 653 479 961 786 402 235 38 344 777 177 702 801 10 737 613 319 87 969 125 38 862 983 256 803 464 936 933 552 497 244 48 740 740 873 483 949 96 49 689 550 700 953 78 503 202 78 612 895 538 452 221 887 679 732 425 705 75 590 518 674 508 483 283 446 590 77 283 18 477 367 544 741 693 372 276 124 763 509 805 199 920 875 443 217 4 503 244 42 604 17 208 117 397 755 503 907 823 646 154 713 784 456 643 697 688 503 319 877 809 151 104 247 838 48 16 908 560 809 408 989 772 660 711 669 905 843 839 88 372 594 200 131 684 204 328 926 753 824 594 700 393 334 862 107 826 881 365 336 657 628 208 121 787 734 156 929 687 218 69 943 737 396 893 263 514 555 499 857 752 838 693 372 895 179 957 217 930 917 32 224 651 908 256 797 507 747 636 35 178 8 377 979 290 26 495 527 205 114 720 684 616 549 449 659 395 566 43 821 606 21 318 81 192 253 258 65 903 849 79 141 802 700 445 91 560 796 855 722 815 68 519 424 171 755 676 620 478 11 980 871 
669 509 264 802 733 902 900 156 303 684 601 606 701 770 378 385 91 683 95 99 187 163 856 168 478 990 913 553 190 570 147 997 866 497 666 94 249 241 661 913 921 779 716 236 233 336 997 443 131 6 515 173 853 232 411 326 293 244 285 308 180 423 826 559 806 890 712 833 112 149 370 323 396 986 75 268 914 18 303 388 50 16 389 4 262 320 599 149 599 63 65 875 910 513 658 529 553 225 878 438 45 300 474 77 772 194 522 286 324 399 98 385 514 797 111 931 357 250 306 762 189 920 482 857 831 131 930 318 516 614 397 316 130 556 281 60 191 579 933 192 210 48 80 807 785 456 322 887 736 64 533 24 549 579 857 472 255 746 878 725 34 361 192 216 524 198 360 274 743 433 237 537 660 778 760 680 797 800 702 286 674 947 551 605 900 1000 569 647 804 877 235 655 552 951 205 981 547 929 748 295 690 306 528 93 517 0 593 75 931 317 659 148 984 584 763 251 222 983 243 222 789 686 142 12 544 824 673 864 877 707 211 579 50 1 919 342 700 789 859 76 446 5 3 36 480 486 376 432 71 960 826 75 854 755 378 746 715 197 588 100 72 655 963 244 122 901 833 31 423 16 738 73 813 687 580 225 61 468 291 134 631 900 87 208 242 286 855 691 732 629 195 986 621 170 260 784 368 723 980 26 983 277 851 619 1 766 360 31 131 739 377 364 16 647 702 842 383 521 555 734 825 106 978 287 72 128 764 430 971 772 341 629 0 446 419 449 988 88 156 378 545 341 978 60 428 597 641 852 561 241 80 715 848 585 144 742 272 923 637 981 510 340 658 232 260 45 386 917 185 67 108 781 815 809 566 630 23 600 205 942 681 39 61 234 737 462 168 731 140 689 608 10 268 528 311 224 181 214 334 251 453 522 353 361 733 630 56 271 807 868 145 454 344 788 802 605 773 651 920 420 166 389 900 97 938 488 429 125 280 133 585 765 152 344 684 335 759 330 343 425 990 431 61 893 161 769 27 78 770 814 802 386 488 712 210 225 805 788 268 676 130 428 592 676 179 866 760 874 354 655 443 346 661 318 638 458 548 89 635 818 856 293 966 624 392 3 766 644 504 53 421 394 131 449 867 420 839 528 536 865 
627 472 87 885 647 572 533 581 251 970 430 877 494 251 80 748 658 904 726 875 792 153 720 478 960 824 976 573 424 906 989 265 934 421 590 691 803 59 719 579 599 576 989 234 438 160 733 885 401 16 314 809 35 169 307 455 852 558 884 54 903 992 443 541 275 189 398 851 596 198 543 498 617 207 627 214 94 267 550 840 147 674 788 350 991 491 878 818 591 552 45 645 595 141 615 594 388 627 730 534 357 974 953 291 317 332 488 16 724 736 95 707 844 728 639 389 815 548 835 997 976 219 462 460 611 740 975 836 339 987 190 942 733 952 430 472 126 990 353 501 301 231 517 865 15 224 446 847 259 407 577 12 993 589 874 960 760 94 700 137 303 316 876 642 491 188 610 689 453 753 722 264 471 774 685 798 67 475 225 216 777 179 574 759 574 607 957 228 984 556 878 535 870 181 840 71 381 661 575 255 286 30 512 750 268 456 61 339 620 434 781 130 994 295 640 106 517 366 686 209 649 339 854 799 382 280 120 278 29 109 493 299 396 794 832 984 626 528 885 400 215 172 234 21 454 785 227 400 90 628 680 569 557 923 735 50 870 507 154 144 510 905 787 863 421 762 193 754 980 613 763 298 418 809 123 570 967 199 687 194 582 367 657 947 435 218 558 869 661 865 246 80 698 898 37 1000 742 160 570 667 49 619 193 753 669 764 221 322 411 156 325 454 638 549 538 982 844 679 887 155 974 896 240 117 664 29 445 884 783 494 380 386 399 149 937 591 461 18 815 176 218 429 128 831 693 167 534 427 330 273 753 872 303 399 813 574 76 620 792 345 994 918 486 358 174 285 353 310 901 478 515 877 955 886 122 264 685 586 420 537 736 274 174 536 874 738 245 593 501 780 443 69 482 920 297 475 733 479 658 93 740 164 808 697 869 99 988 24 509 885 849 902 506 449 432 997 465 488 746 291 980 807 672 797 236 574 690 89 457 597 729 448 565 842 845 516 150 90 339 154 588 530 879 844 94 232 132 684 411 582 212 565 662 686 134 570 534 990 523 855 562 337 424 414 411 217 934 95 429 613 645 727 104 812 382 96 961 103 526 979 268 566 938 832 197 343 536 69 629 188 518 531 951 315 820 247 421 293 406 16 
557 952 949 495 382 542 557 79 794 170 789 997 522 396 263 973 143 139 484 61 569 237 167 795 395 501 748 430 810 386 143 720 909 155 540 420 678 679 314 536 132 849 327 893 853 607 766 722 238 294 782 989 172 478 840 554 839 554 270 394 846 189 108 488 744 221 467 44 239 111 502 251 775 359 576 412 312 973 234 832 902 406 253 172 10 736 246 553 51 35 812 366 119 147 993 932 195 910 83 541 234 961 304 756 613 869 331 653 111 772 829 260 860 423 837 458 548 105 386 180 539 307 769 930 953 928 957 691 466 555 34 223 522 791 11 140 264 717 814 379 575 828 781 193 246 866 402 606 397 974 347 874 19 151 35 179 800 399 748 335 142 354 105 938 532 296 168 318 763 580 839 713 447 229 963 767 215 750 432 141 143 357 595 360 559 487 168 760 805 775 330 805 859 966 373 540 166 299 334 303 781 794 919 425 978 735 578 301 370 881 175 310 747 248 523 561 686 972 488 339 460 483 277 680 677 364 823 634 885 551 337 478 624 507 168 477 125 998 298 141 124 305 730 18 476 435 139 66 204 292 907 724 330 971 879 360 266 941 705 877 104 34 371 585 599 942 582 806 293 154 1000 25 634 620 644 31 470 770 200 313 44 521 440 602 686 386 120 602 969 750 241 301 69 315 338 387 414 885 18 877 739 459 318 291 24 997 193 787 662 912 262 393 199 342 446 596 734 156 963 752 172 939 450 330 74 593 803 934 233 137 334 490 229 693 98 855 867 178 551 423 532 337 132 582 623 664 69 365 130 161 20 300 295 983 951 128 707 42 518 934 907 82 87 830 206 466 798 580 667 683 799 472 289 238 852 341 77 331 692 64 0 799 506 791 292 173 564 121 188 295 173 927 661 332 901 588 720 953 875 730 284 281 881 393 173 513 381 331 560 876 665 904 836 380 911 141 795 247 343 253 187 955 334 753 795 730 470 599 62 656 626 519 636 915 764 180 78 779 688 740 322 217 430 701 587 486 200 958 383 247 534 792 626 31 427 461 818 901 838 273 962 223 568 722 502 924 989 73 88 451 910 364 590 510 867 957 212 286 799 64 842 535 806 618 238 263 461 796 518 620 873 562 737 732 560 463 897 830 755 493 
821 242 595 888 365 204 138 217 655 321 540 787 141 675 386 283 849 509 744 173 462 969 70 938 374 404 709 757 102 299 312 361 19 227 300 229 289 567 609 984 228 335 36 992 557 564 982 73 418 981 370 560 970 816 236 47 401 224 687 605 139 565 408 837 819 680 667 289 321 60 38 610 474 774 889 434 66 753 751 999 194 496 894 539 740 598 246 35 854 98 260 275 653 640 220 300 602 228 497 611 743 627 902 996 850 976 788 721 546 582 433 792 225 788 944 525 162 537 808 407 128 924 971 255 969 724 64 114 845 246 93 389 847 465 242 940 391 635 4 14 884 787 0 372 889 75 387 662 42 146 106 403 43 858 484 448 374 592 64 342 683 43 757 550 400 930 730 676 51 493 298 436 880 959 695 949 74 235 21 339 461 91 256 860 855 427 326 938 849 42 455 914 994 800 390 940 414 415 196 972 974 193 345 892 891 58 92 492 327 126 985 854 406 364 90 250 140 387 678 274 471 858 895 731 620 239 859 749 532 939 173 441 429 730 888 196 746 504 974 165 801 500 462 547 572 950 456 43 746 220 355 53 67 179 672 123 333 400 774 252 415 486 45 271 344 130 246 545 273 623 19 703 979 229 130 851 372 750 418 727 598 221 102 102 164 820 946 143 855 977 834 697 615 156 348 702 653 484 647 541 39 812 561 480 852 211 72 791 951 990 526 281 854 274 456 341 650 94 353 301 85 259 274 178 5 402 487 927 289 586 329 972 924 346 392 532 122 354 878 801 689 380 197 687 690 45 243 382 145 502 780 157 337 267 399 632 337 439 408 712 996 175 697 229 912 501 305 268 805 749 716 612 351 258 760 587 661 471 568 720 605 895 327 520 87 528 208 545 232 284 39 867 363 462 133 767 329 822 419 429 419 222 967 68 377 110 75 773 746 273 987 828 950 103 589 863 707 999 561 505 436 796 587 673 411 185 997 768 897 987 314 864 499 819 779 155 732 100 949 841 674 369 554 178 499 887 723 6 860 801 254 664 1 472 1000 873 712 226 4 828 374 381 765 591 807 857 627 452 526 77 874 193 409 842 388 837 887 350 585 203 823 84 271 922 789 661 742 403 489 653 995 259 497 850 340 752 744 799 57 794 
840 933 88 171 176 592 12 654 499 776 643 555 328 415 51 113 891 157 95 702 946 337 713 397 443 937 302 977 802 838 684 471 810 67 4 531 744 709 424 254 121 201 32 403 89 432 485 885 476 326 148 257 457 299 255 687 155 289 803 693 406 346 643 793 23 264 615 201 577 768 396 363 538 579 982 280 951 524 178 912 331 638 147 524 19 970 526 373 28 623 428 175 129 295 70 890 595 214 217 473 245 858 194 90 967 150 208 120 53 343 159 735 385 972 602 545 503 455 427 345 125 183 950 187 871 981 422 415 140 92 357 708 735 774 389 724 176 743 87 29 197 846 431 704 432 905 74 355 341 307 112 164 785 107 512 87 378 794 623 794 597 508 303 965 379 901 983 598 116 81 6 609 92 356 497 695 351 301 264 641 479 108 742 233 607 157 550 790 952 880 555 853 475 83 371 466 730 918 341 466 20 975 988 713 888 499 884 823 699 477 135 267 789 826 326 851 838 826 543 481 183 871 76 846 375 356 43 138 492 133 424 907 533 876 390 908 199 794 297 477 268 288 58 693 966 347 859 376 910 587 426 524 368 27 984 965 155 894 121 625 128 750 334 274 211 169 565 953 141 950 386 812 560 184 405 428 311 770 867 541 328 587 723 997 303 890 402 576 365 841 856 858 917 24 690 902 692 853 475 780 39 797 367 595 189 823 123 670 860 775 922 389 293 705 909 702 284 718 577 926 257 403 593 924 200 836 347 647 695 261 682 351 287 253 7 882 347 877 955 545 557 13 334 704 312 669 738 14 560 458 552 632 411 977 221 942 136 633 494 900 384 369 402 266 737 398 325 585 876 807 867 507 743 413 882 979 59 249 893 179 391 658 553 61 934 486 67 652 937 364 356 927 511 633 111 514 273 270 837 801 548 517 479 310 660 543 880 447 962 275 467 544 532 696 140 740 110 820 943 404 987 464 799 711 51 72 839 439 145 966 10 18 316 509 605 432 171 168 519 842 998 302 118 902 658 339 257 482 508 427 340 10 842 291 283 139 142 31 468 615 343 997 159 100 819 634 443 446 855 896 549 640 454 401 678 173 600 791 705 294 820 500 957 340 565 686 510 338 502 791 605 34 463 598 142 660 199 996 7 778 
818 365 678 200 455 240 594 68 423 562 729 618 451 205 633 319 525 915 523 626 283 786 879 828 280 623 854 461 516 309 597 429 657 967 978 137 863 573 990 518 676 16 410 919 372 852 318 971 687 989 32 885 40 753 313 20 921 790 807 298 929 919 867 990 275 262 233 44 294 790 990 786 443 733 980 441 948 995 123 351 394 535 802 140 182 59 24 761 211 863 231 636 607 188 809 545 221 668 631 444 402 426 174 998 680 940 669 265 9 165 680 160 894 321 850 372 838 627 279 923 850 884 556 489 719 146 956 739 471 437 164 841 32 821 18 896 756 892 280 307 0 86 329 351 697 133 672 109 779 170 364 727 509 602 29 432 579 463 981 210 591 907 256 47 391 922 58 648 617 988 811 265 796 104 417 377 83 371 523 905 916 313 254 995 910 426 764 851 668 735 155 972 619 198 568 850 565 362 458 156 823 260 143 913 606 710 72 373 314 538 512 10 974 50 311 4 294 877 281 460 714 546 438 471 295 897 158 134 792 540 645 613 59 810 264 247 962 155 845 361 369 651 274 348 464 79 944 38 435 164 88 417 11 903 405 934 955 403 861 468 146 167 964 933 39 172 825 789 776 440 148 375 75 948 865 318 459 186 732 5 558 71 785 258 61 371 337 905 332 317 101 115 985 434 75 593 852 3 303 775 827 961 293 164 516 578 928 585 218 638 888 242 657 869 0 833 111 766 44 69 442 975 957 2 847 917 818 871 280 150 521 989 980 11 128 244 372 542 677 34 670 113 796 329 201 68 627 133 998 352 341 154 877 909 69 398 295 982 920 711 443 741 672 715 764 418 521 517 434 772 560 29 458 727 506 322 170 652 260 121 520 681 990 648 219 95 397 695 58 737 233 672 722 183 708 358 690 679 571 444 466 687 410 654 429 295 207 222 819 754 154 681 810 375 768 453 521 40 877 206 8 93 200 284 155 553 216 87 601 452 593 115 839 360 291 676 515 138 945 869 934 741 506 611 155 22 303 78 474 131 448 50 985 346 764 77 25 422 348 853 66 895 337 765 535 775 813 838 425 536 814 356 386 196 336 776 325 521 649 903 594 374 408 397 545 711 965 696 270 984 366 434 279 788 978 665 649 220 124 686 
495 554 563 946 299 556 83 291 385 822 957 28 849 72 821 542 636 430 815 335 462 428 618 400 838 368 70 664 891 368 312 731 932 992 872 728 896 202 660 69 740 960 780 176 582 376 408 186 965 171 815 180 652 629 427 20 776 635 482 626 876 102 359 61 100 563 430 121 895 925 467 594 800 367 464 66 422 644 607 73 335 4 530 539 820 583 910 426 697 145 988 322 122 949 660 256 320 344 230 585 143 928 348 403 804 158 653 344 867 912 781 165 364 782 391 493 121 532 866 89 2 367 27 726 357 789 828 439 125 74 121 34 284 752 761 828 317 824 700 69 259 920 280 545 895 375 246 937 44 246 146 815 147 652 129 774 686 702 739 946 850 398 690 732 850 30 647 315 215 379 451 151 488 35 424 620 577 381 84 850 958 365 708 355 995 341 780 961 974 433 80 603 21 413 218 20 922 817 67 769 851 295 166 626 912 13 634 142 56 656 390 528 427 210 799 88 21 51 654 492 774 572 533 894 648 622 33 281 428 580 962 594 612 141 468 564 459 102 79 399 355 365 614 794 862 87 648 872 79 610 88 235 663 633 157 690 737 367 303 789 814 183 924 842 31 206 141 402 773 37 366 336 689 496 722 804 850 168 51 101 105 471 864 543 972 206 680 606 275 136 332 480 946 725 651 707 871 872 978 321 498 977 341 291 398 155 547 796 847 841 274 872 596 955 27 617 312 557 32 220 964 465 688 885 874 82 486 848 98 939 522 521 542 561 562 141 156 216 164 132 694 693 53 368 732 560 216 66 893 917 637 493 570 732 166 798 476 659 0 410 370 786 509 411 670 378 501 335 450 326 991 745 220 893 96 482 722 966 710 580 82 458 447 253 185 51 364 257 6 450 726 966 144 411 960 527 143 356 428 118 923 113 326 678 23 373 24 400 354 673 299 810 893 8 770 995 803 602 621 711 817 109 997 263 797 727 427 936 954 16 687 440 771 154 24 533 346 172 713 956 437 872 848 344 843 127 944 534 264 672 745 961 339 774 120 959 290 757 746 217 424 474 219 158 899 776 902 458 183 982 190 153 38 749 739 788 686 690 703 793 610 629 751 16 393 780 66 460 643 850 589 234 986 413 368 139 136 113 355 449 
301 408 670 916 373 767 975 833 321 955 946 462 778 768 325 162 638 910 555 23 181 742 951 659 577 862 795 647 759 902 103 379 310 342 300 69 669 177 623 61 493 751 726 341 15 850 492 7 170 650 363 780 11 345 174 575 462 893 581 579 634 432 561 83 873 703 712 835 923 351 427 850 386 173 153 370 800 872 805 460 400 547 654 540 48 943 766 319 875 651 501 393 180 507 354 271 630 590 811 874 612 190 636 31 70 315 141 929 608 771 205 937 438 725 393 577 945 287 535 890 870 541 907 416 987 383 953 489 453 935 132 388 82 855 279 634 839 964 322 398 838 743 55 264 320 449 528 987 530 468 233 153 226 273 693 370 680 987 565 435 629 975 756 198 544 239 341 194 563 493 115 981 378 803 238 357 145 351 165 308 670 383 606 134 749 38 112 796 404 96 898 211 422 181 342 837 360 346 562 782 739 338 546 898 170 851 675 14 708 276 525 396 233 788 104 281 723 335 842 5 153 921 774 151 614 528 344 4 172 935 281 566 801 780 157 842 35 574 703 864 227 121 344 160 9 635 687 557 244 399 40 532 312 929 583 288 182 582 223 794 885 26 321 502 80 839 453 161 789 9 740 948 527 565 926 756 604 162 974 470 734 449 524 428 325 414 338 18 741 29 55 634 583 908 726 909 547 300 205 929 702 304 223 673 527 176 834 135 640 522 386 636 323 57 974 183 938 426 402 59 325 723 348 23 856 428 199 704 353 719 552 123 372 606 970 101 122 341 40 946 704 565 862 361 200 198 133 887 793 140 44 333 94 758 158 90 178 685 313 6 492 885 427 334 125 316 67 600 857 935 449 36 859 97 628 412 897 301 429 974 305 908 923 574 516 941 458 863 478 564 381 244 45 847 937 226 47 485 262 689 954 114 417 458 578 36 349 515 516 506 771 793 361 460 11 305 507 56 311 641 905 144 312 760 690 107 637 971 338 224 569 122 598 927 638 874 442 6 17 124 425 559 28 754 111 710 443 532 953 52 106 83 274 204 203 587 970 767 903 184 881 0 59 808 941 965 680 473 846 538 255 86 341 656 652 779 685 160 711 435 227 672 797 553 673 858 710 437 271 125 319 639 920 165 165 947 847 731 96 228 
348 352 914 287 374 816 687 181 662 533 959 424 66 515 796 182 23 154 849 986 786 14 948 555 157 829 432 986 261 615 182 194 223 770 922 623 390 354 641 491 213 166 859 874 734 250 128 253 713 389 661 191 301 171 792 336 20 192 499 735 390 525 944 818 863 405 658 473 723 421 100 653 491 811 761 842 397 566 40 903 53 147 375 644 804 803 390 715 283 62 285 382 245 187 576 159 361 546 49 576 913 308 435 23 163 739 663 30 156 779 511 346 514 602 266 845 471 559 106 997 582 101 612 955 489 29 692 487 934 418 711 611 598 70 715 14 918 25 584 747 570 57 549 810 399 918 844 131 12 182 594 214 2 190 94 893 971 932 651 422 80 524 36 224 903 375 921 579 614 724 781 668 751 415 36 22 607 713 210 21 952 75 23 47 648 580 279 308 21 74 291 38 245 48 642 175 537 26 43 782 988 820 914 569 163 593 549 304 133 532 966 779 147 711 227 418 309 235 996 381 523 876 240 96 787 791 894 460 454 835 456 657 58 632 303 31 845 737 433 578 559 497 103 868 725 870 569 483 265 338 676 710 561 434 568 316 348 478 706 118 759 513 441 723 561 498 32 160 7 789 985 105 327 884 533 456 986 404 850 930 949 294 848 838 41 204 813 369 268 500 729 987 319 244 521 311 24 529 424 466 469 383 12 199 676 334 390 172 224 378 128 187 293 877 462 240 26 975 674 230 120 875 393 273 431 52 495 966 567 19 228 323 431 273 752 103 923 571 919 508 609 571 984 239 697 131 834 2 726 773 841 750 351 143 629 451 47 661 751 407 925 405 55 220 869 328 737 400 917 58 463 159 798 7 756 550 81 204 237 428 175 800 117 630 400 953 820 269 568 304 637 721 913 145 259 216 274 173 756 979 407 72 722 243 946 197 705 789 640 851 603 936 412 451 319 217 58 163 804 124 686 570 391 518 30 219 509 574 314 713 706 933 207 835 746 560 95 755 267 696 908 995 858 441 268 912 753 60 285 419 260 480 52 847 744 386 686 132 493 941 961 312 278 557 885 953 892 592 21 937 174 666 576 475 700 440 492 886 95 870 900 422 53 558 290 211 62 191 817 399 563 582 907 359 703 269 117 92 237 45 
440 753 464 548 82 235 599 32 860 121 746 818 749 680 231 947 673 279 981 386 16 716 76 573 150 448 72 329 686 949 253 162 968 923 541 632 56 782 371 412 155 176 174 301 310 753 177 710 273 343 829 692 375 65 123 390 112 333 587 359 170 982 689 125 138 196 115 337 413 685 811 626 879 602 377 695 89 647 567 847 407 159 608 635 45 558 767 536 616 22 788 632 742 25 888 975 931 865 936 306 950 11 312 586 47 375 18 117 448 724 988 285 559 571 77 104 308 664 152 979 72 612 847 643 231 424 916 848 240 841 29 865 145 355 131 323 380 914 10 701 960 570 686 660 734 11 256 801 985 907 779 551 357 519 743 721 301 907 589 968 378 324 974 637 294 173 700 870 85 316 288 902 710 56 467 962 788 585 374 749 931 695 215 168 620 321 643 430 265 567 160 298 239 856 109 227 760 341 54 69 588 643 929 22 510 71 100 222 178 149 679 560 414 57 460 87 30 631 961 525 523 628 145 621 857 929 42 362 522 280 394 27 928 170 436 557 528 872 571 633 78 97 951 532 918 269 826 823 263 911 284 609 531 889 311 235 916 574 226 290 633 713 242 96 592 314 954 760 537 988 86 5 876 197 32 161 706 568 678 252 709 847 191 683 17 95 61 958 392 435 803 113 831 971 543 868 827 377 988 384 654 908 904 160 988 604 543 440 182 698 97 275 913 838 536 812 145 674 674 589 971 846 696 387 872 945 126 206 379 237 47 305 977 38 742 630 749 45 771 230 128 411 885 294 193 454 750 688 501 946 616 504 482 953 512 291 11 640 950 756 231 228 176 144 720 563 59 933 652 201 446 112 901 38 420 95 78 514 485 632 533 848 279 30 102 191 407 587 986 529 437 274 258 779 378 930 395 856 744 336 756 441 4 345 132 870 424 960 515 653 23 654 833 823 589 612 219 497 659 367 328 99 897 981 333 33 452 612 588 0 850 207 114 428 679 13 459 146 914 593 326 353 817 359 555 546 906 893 259 30 755 259 8 52 975 31 160 682 304 119 560 196 722 471 701 257 501 365 514 148 743 766 824 188 638 813 90 908 683 273 786 629 500 265 898 548 809 573 539 823 140 66 732 566 608 959 471 59 298 188 
623 351 581 287 956 70 582 99 257 217 566 418 402 698 566 341 789 578 578 34 49 303 318 634 637 849 472 271 492 1 477 444 94 963 391 797 924 632 527 250 211 123 774 85 870 825 868 701 383 124 85 371 393 120 379 969 101 309 641 181 13 527 189 665 861 523 995 539 569 16 321 272 46 898 322 426 171 911 736 236 208 260 636 589 666 519 184 739 913 187 848 659 337 671 135 293 760 713 391 690 448 756 921 346 436 840 255 965 775 289 990 602 314 957 25 574 650 881 318 26 795 122 424 977 663 810 9 775 755 884 132 295 91 757 631 956 580 292 885 813 856 529 866 254 755 660 657 916 493 872 742 995 443 845 432 364 927 678 112 993 459 74 359 595 736 312 576 583 789 79 707 195 545 212 361 115 661 524 945 896 641 188 462 608 10 70 531 691 550 711 714 685 215 868 390 380 309 418 875 34 94 601 931 41 524 627 249 401 746 43 882 891 734 88 206 623 261 488 149 777 654 447 782 771 264 814 791 551 228 98 374 861 151 537 262 236 763 230 394 303 344 20 404 986 184 59 893 916 236 837 386 916 581 548 925 155 342 795 949 97 541 299 438 30 928 27 362 812 810 151 176 526 822 470 769 722 391 839 26 350 665 986 850 889 794 616 520 696 116 536 578 886 89 141 69 851 14 352 598 949 588 287 313 714 338 865 934 684 665 261 308 804 570 3 136 252 93 569 749 416 186 378 922 496 551 524 297 431 945 698 886 760 51 970 157 394 753 795 500 214 216 795 708 573 625 456 439 190 230 950 314 204 527 260 10 376 659 518 741 565 387 829 962 439 746 395 978 184 125 785 695 704 699 19 59 361 847 185 334 93 974 981 787 345 545 34 540 471 222 629 602 926 642 147 265 105 659 558 55 195 819 277 130 345 802 253 423 462 684 48 109 492 958 693 83 478 793 277 93 673 903 530 388 846 908 494 595 306 647 577 982 533 698 509 997 508 846 941 305 917 290 208 452 158 20 298 63 397 465 920 19 914 969 726 914 832 0 692 66 961 122 400 95 904 838 257 812 646 470 965 508 288 364 145 14 37 22 386 613 863 773 829 288 935 580 387 210 306 783 934 789 677 469 590 906 409 963 463 281 426 
55 946 150 125 47 361 1 159 537 528 599 115 212 770 379 41 426 266 953 294 248 170 476 37 10 784 387 956 963 896 573 820 477 117 826 529 224 935 114 852 233 801 204 401 233 551 855 181 713 351 239 44 619 79 99 458 178 295 11 713 262 147 537 914 402 628 479 700 749 580 231 878 540 67 456 375 432 47 560 341 701 407 119 453 530 641 759 973 876 681 552 241 470 528 126 914 625 129 269 989 264 274 758 240 406 768 574 245 800 94 128 96 280 465 584 188 948 370 958 469 143 238 634 705 830 707 70 538 337 590 43 99 475 72 861 876 64 300 985 885 727 526 177 169 120 83 550 878 745 129 144 233 393 414 413 853 902 947 467 522 86 203 27 969 673 678 664 960 596 978 814 912 90 128 836 278 745 137 619 28 582 386 193 552 182 246 219 864 956 395 739 94 486 648 18 825 17 851 262 51 774 952 688 324 331 451 253 935 864 233 32 908 840 423 84 912 747 981 27 436 230 216 976 487 874 106 679 1000 10 584 485 314 50 888 290 301 80 919 870 25 653 70 673 940 906 241 20 458 752 147 419 375 12 175 614 970 752 481 326 803 930 577 366 399 859 103 239 586 372 661 776 100 579 957 152 309 535 660 834 468 278 881 728 789 518 456 711 188 379 15 420 593 452 13 548 217 847 712 577 771 989 295 123 797 136 411 280 716 45 777 18 652 935 569 170 24 486 48 499 306 441 229 376 75 580 734 654 17 280 423 710 907 749 923 725 785 853 75 761 831 101 420 465 507 505 999 323 442 839 890 795 437 296 457 863 715 395 739 807 297 824 715 113 198 21 225 878 543 413 566 755 236 978 193 698 890 709 586 64 814 413 985 332 568 250 147 339 481 735 990 958 880 743 934 790 575 427 88 113 589 508 408 624 701 49 595 30 604 709 530 367 300 116 190 239 562 437 916 71 84 579 702 245 232 293 692 407 994 854 53 462 143 173 406 834 482 369 901 71 371 175 785 597 296 135 717 219 590 266 17 869 35 568 204 648 888 410 653 839 0 65 785 636 560 128 24 420 387 109 656 609 121 92 27 369 690 517 373 483 19 489 364 432 743 223 615 692 941 323 416 500 509 889 491 926 257 189 839 778 73 
6 492 1000 852 570 964 70 616 337 581 499 750 42 392 227 743 612 611 932 491 866 631 771 638 670 940 120 497 588 650 164 641 829 605 389 931 327 564 865 375 892 454 625 622 24 825 365 891 9 898 171 587 415 192 59 323 824 697 670 136 610 904 85 437 351 973 506 585 775 281 987 432 510 75 0 34 731 825 974 225 337 171 868 299 870 620 215 61 828 888 359 429 292 811 272 807 570 394 544 125 61 916 872 955 82 754 423 708 334 19 930 765 315 890 972 463 656 81 281 955 102 116 513 276 916 2 268 946 464 216 556 759 348 714 245 544 52 365 231 726 965 447 982 283 794 874 146 505 632 599 314 998 581 263 640 727 151 162 0 618 124 396 472 178 939 26 363 449 580 145 826 326 876 667 509 259 897 660 288 661 664 875 30 198 211 402 286 246 431 876 792 718 682 268 627 97 8 950 81 411 756 607 326 777 310 698 309 196 278 474 705 605 698 41 334 62 861 92 488 253 864 697 322 328 865 840 825 251 419 49 990 874 173 583 323 832 199 1 520 514 660 38 277 811 853 257 369 942 849 663 913 756 743 856 486 877 602 449 693 513 619 6 735 335 192 717 702 467 549 5 325 87 605 858 153 303 141 483 558 728 998 415 337 756 582 838 851 436 51 47 535 475 869 802 306 677 345 870 391 79 795 647 3 725 642 589 615 434 876 772 906 423 697 908 953 859 468 453 829 536 841 754 344 502 993 93 886 555 79 758 903 167 346 186 782 569 569 688 943 66 137 47 51 733 947 288 933 430 525 201 396 224 705 129 660 386 56 394 329 437 512 315 304 444 821 521 890 428 217 422 822 535 344 881 711 976 924 999 6 983 356 966 731 146 517 887 890 333 31 8 23 813 468 784 407 646 219 999 971 190 476 182 731 600 328 25 194 676 931 410 720 475 291 347 195 437 961 817 205 254 976 583 438 448 506 866 757 453 977 166 613 691 989 148 873 487 310 657 946 635 500 327 440 755 169 192 183 955 919 521 57 530 261 447 245 358 130 664 436 415 527 847 627 737 785 226 566 236 405 920 503 570 373 354 240 684 0 814 581 873 391 739 348 38 964 157 154 48 90 734 182 515 96 521 352 790 143 834 389 669 
961 337 576 627 85 595 131 750 662 391 118 721 983 718 229 589 833 56 588 750 749 916 973 194 776 876 293 361 595 485 271 855 298 528 536 720 753 704 503 371 624 166 113 609 772 533 818 194 240 646 118 160 241 240 618 597 431 243 117 36 704 48 820 213 735 639 138 583 233 348 432 600 259 357 706 200 162 927 365 573 678 683 632 820 357 103 301 341 410 326 495 179 922 939 540 643 216 759 521 932 936 425 885 801 639 941 825 815 937 129 82 491 39 922 313 27 176 121 191 411 413 195 700 527 893 963 514 816 11 331 828 473 904 69 80 406 581 731 967 393 984 910 183 661 834 265 887 617 37 398 445 87 724 889 894 961 741 587 728 372 643 368 198 928 940 597 832 801 956 465 165 448 524 637 310 364 908 732 351 618 277 57 741 281 160 98 606 882 149 534 664 370 536 340 431 267 752 446 168 343 73 210 709 155 927 636 683 601 921 753 77 472 817 593 760 612 728 19 86 335 333 90 546 708 800 521 835 653 316 138 483 189 93 16 741 288 257 497 137 293 393 315 879 268 175 165 700 124 543 809 130 600 827 160 567 303 295 379 656 809 486 297 505 655 497 739 556 913 457 810 58 798 522 679 101 549 140 167 13 825 278 474 988 12 342 244 820 109 406 996 413 953 567 142 893 759 376 140 942 690 776 571 975 477 548 808 454 975 913 489 135 583 365 724 724 14 432 65 394 504 814 492 731 489 73 794 389 533 837 527 635 531 561 376 85 659 227 529 743 239 501 276 687 852 534 813 402 139 290 481 869 302 467 547 39 481 702 743 387 837 552 85 981 178 128 753 921 32 494 769 385 963 437 717 468 814 674 495 24 701 74 434 392 215 206 58 23 412 769 650 765 978 967 532 557 359 161 957 310 17 76 59 725 152 564 979 511 679 170 159 617 358 14 279 42 689 380 649 175 300 109 663 823 749 341 869 895 418 228 408 44 14 765 350 274 430 481 292 532 521 75 471 573 329 44 726 660 230 903 813 438 783 325 58 861 276 591 227 479 555 414 468 38 686 772 104 754 721 699 150 833 161 914 721 576 555 523 289 379 353 200 595 185 676 181 254 720 883 924 772 95 262 349 931 574 506 59 47 606 261 
413 47 50 202 811 398 414 469 216 703 967 52 206 187 536 206 435 985 71 802 736 801 360 815 365 344 890 32 747 413 290 47 84 376 906 145 365 112 213 289 205 766 293 379 359 644 280 104 806 579 455 817 989 450 905 597 405 933 508 728 511 760 231 958 809 76 166 415 162 133 695 941 789 498 515 308 635 121 24 312 425 303 39 828 16 968 389 17 278 125 945 249 992 345 780 178 96 167 182 608 624 500 402 722 62 976 911 668 35 426 783 568 889 773 76 843 468 69 124 609 309 802 241 211 498 201 476 580 397 300 721 230 403 189 54 162 381 997 984 396 335 435 100 784 744 991 134 875 435 443 183 443 898 629 996 923 29 90 164 648 848 607 144 295 552 18 18 218 76 174 797 414 32 488 615 703 651 698 710 400 543 254 10 93 702 881 790 584 808 859 495 418 321 895 164 894 241 709 665 180 523 159 642 546 563 377 331 549 69 955 975 930 762 589 175 451 377 732 638 564 459 92 995 759 917 907 60 381 818 860 481 425 557 791 985 897 551 824 919 579 797 289 448 154 399 607 683 435 787 867 98 570 165 259 844 219 825 590 260 897 295 44 575 944 156 464 579 548 123 472 705 731 915 989 223 115 145 291 237 65 530 431 636 946 808 529 876 551 610 677 8 94 708 46 832 869 230 953 675 472 306 763 372 298 142 157 636 230 597 785 302 843 706 904 484 698 39 758 836 274 629 421 219 299 437 579 828 823 513 608 204 203 257 810 273 162 87 308 20 133 668 518 37 990 720 701 811 677 367 449 732 517 158 838 95 992 820 951 336 462 432 497 865 112 850 392 353 3 974 31 609 587 956 681 166 387 609 437 67 850 902 958 804 993 262 387 789 455 107 132 930 853 833 708 315 283 186 406 979 904 945 355 817 779 956 859 190 872 828 567 223 205 908 696 61 985 525 577 525 489 730 718 145 793 529 833 294 581 705 523 475 838 180 18 791 179 676 214 597 624 527 217 30 305 417 292 665 375 812 642 332 386 937 582 672 175 144 97 286 519 242 136 911 153 734 881 513 733 785 525 484 257 687 214 281 83 670 428 419 479 932 146 36 896 464 118 62 904 483 360 190 189 903 647 661 457 414 822 1 851 
164 949 500 968 967 212 365 554 348 471 886 217 372 976 240 863 927 454 599 54 86 659 227 209 366 292 14 204 84 493 250 322 125 544 745 850 364 995 700 58 112 30 464 983 627 182 934 7 761 978 888 79 752 866 59 793 264 818 573 338 746 823 635 92 762 693 740 753 731 351 508 816 338 412 803 426 662 67 275 617 152 817 668 994 270 250 432 773 996 490 494 202 224 104 371 850 313 161 861 232 597 311 915 354 346 43 859 462 945 48 141 224 998 812 669 769 178 316 91 51 998 463 158 9 787 582 354 235 740 367 435 575 875 271 867 674 248 371 296 23 827 650 775 366 773 488 190 150 968 656 893 827 924 154 909 695 16 440 122 786 323 874 970 850 121 853 148 933 902 789 272 87 358 566 526 827 117 276 949 780 705 327 86 390 772 58 450 524 17 647 560 256 563 212 667 405 553 186 639 76 538 594 137 131 474 463 155 152 400 390 395 560 873 301 502 144 820 416 206 114 937 313 472 138 830 875 545 539 100 424 833 554 254 121 233 457 24 980 190 840 482 846 758 530 886 573 784 420 525 503 258 568 681 855 23 929 645 599 299 628 184 53 948 983 630 203 705 41 560 36 466 829 534 882 828 517 548 468 38 529 219 339 748 618 850 747 572 484 115 807 564 178 123 165 179 4 492 243 568 21 564 402 602 384 695 599 718 453 533 500 509 389 4 170 91 338 23 366 169 866 428 934 33 347 355 310 372 448 586 466 303 227 165 516 179 524 117 317 78 893 723 784 224 844 536 970 12 309 731 751 946 249 565 647 546 83 352 871 195 104 234 255 353 145 549 790 459 701 802 528 920 708 549 535 586 87 874 124 805 534 1 623 928 701 802 856 801 804 927 671 858 671 73 455 778 921 427 443 69 222 463 940 10 684 909 531 900 675 218 804 914 391 382 318 83 843 487 867 209 196 390 833 738 813 760 77 220 707 580 856 316 361 409 502 4 331 32 763 621 271 271 710 859 475 760 512 399 406 344 56 382 323 333 963 550 512 494 840 979 727 323 521 666 209 896 233 515 1000 585 41 760 661 69 49 401 191 176 987 155 634 851 432 882 139 347 655 545 523 81 343 294 458 623 295 688 190 397 115 634 14 
314 583 661 544 898 385 112 108 337 782 52 483 520 806 635 451 284 349 420 549 751 769 25 591 361 894 21 522 202 607 49 155 359 734 748 821 217 837 745 489 935 339 946 595 157 759 481 550 884 676 606 494 960 373 897 959 483 623 636 559 811 557 157 775 569 767 154 170 736 409 78 461 919 16 986 632 515 926 832 66 357 516 228 1 474 86 512 519 586 147 832 157 531 88 812 612 136 923 471 412 477 677 966 479 515 91 79 84 173 955 446 827 268 972 237 19 889 861 289 296 930 574 487 496 200 778 808 600 352 607 72 343 819 244 315 286 382 363 558 441 495 961 396 19 707 116 572 698 278 225 662 450 982 492 790 982 16 904 448 663 711 965 279 234 538 546 269 360 854 194 594 727 875 997 450 866 303 173 381 308 592 243 719 76 320 241 367 901 814 303 963 345 388 173 833 358 987 679 152 544 476 608 553 613 505 225 61 410 109 519 500 661 472 666 678 240 657 671 640 553 668 155 543 208 325 39 323 316 441 727 564 682 16 992 886 471 226 631 676 847 820 78 861 573 471 993 657 548 583 138 587 678 20 757 700 682 133 696 501 758 329 746 22 20 955 268 391 896 891 384 510 645 358 765 160 437 678 522 117 374 543 369 450 954 2 330 50 455 948 538 921 474 37 54 314 164 653 894 294 981 735 251 689 263 519 761 916 53 192 224 696 940 385 868 918 999 770 275 951 984 487 507 437 482 824 57 880 428 751 700 706 251 258 8 121 427 729 617 102 863 98 15 210 599 387 96 779 783 360 417 546 418 989 555 270 888 566 612 306 808 276 272 817 607 750 571 606 334 917 107 824 220 689 490 174 739 903 539 31 831 553 215 277 383 667 262 384 578 174 325 745 216 523 809 349 118 363 372 247 250 945 332 595 208 430 486 68 216 627 109 312 957 698 299 841 291 565 394 194 307 666 1 988 830 318 164 771 574 129 599 323 619 852 412 995 159 391 728 847 330 62 820 552 838 177 696 114 934 487 324 143 414 598 420 130 550 821 427 880 857 327 228 618 828 953 84 587 45 34 76 753 396 515 54 11 379 806 563 123 382 805 563 497 302 752 137 349 763 590 292 666 826 868 717 887 725 727 116 690 668 
126732 123610 126585 116617 132367 121873 123544 132022 122474 120510 129438 126341 128921 120804 131647 126656 127121 125300 125792 125143 122913 120552 122643 127010 119505 128315 123325 124821 122432 125590 
