500 30 30
357 672 433 604 468 253 579 374 474 496 588 642 746 299 540 661 321 311 273 734 554 709 425 725 465 599 585 572 684 349 404 365 725 424 294 390 290 515 490 756 388 316 391 621 452 537 396 514 618 464 590 452 470 766 429 369 926 581 637 426 646 259 666 440 452 693 573 300 660 660 507 654 560 554 447 518 466 414 714 508 758 792 243 596 585 251 566 426 179 518 678 476 527 625 429 296 458 564 417 304 438 721 420 701 594 430 386 679 487 324 566 487 600 362 573 444 560 864 216 294 470 714 352 682 381 543 444 506 266 354 387 560 285 659 835 357 461 345 278 465 414 482 387 771 792 710 731 673 203 650 763 809 513 422 809 447 554 470 305 399 449 567 385 384 451 709 465 636 580 704 574 413 664 478 370 440 587 324 656 620 197 669 654 786 679 562 536 595 341 275 688 555 358 490 624 810 557 487 758 735 382 487 282 380 582 297 492 681 484 476 243 535 342 673 549 620 538 564 475 753 381 459 793 725 279 285 473 515 804 435 284 665 827 259 583 409 435 373 630 453 233 733 366 649 638 628 490 393 473 561 640 429 228 549 473 627 646 767 519 303 636 562 302 717 560 602 625 617 698 821 196 424 499 192 798 639 404 396 501 573 415 408 716 542 700 567 657 788 560 224 720 681 607 775 532 504 714 770 657 379 397 266 568 649 744 250 461 453 681 641 737 409 342 328 500 675 734 453 520 563 561 592 719 674 583 706 595 790 232 748 513 331 364 828 577 748 300 560 412 742 716 505 523 299 505 397 818 762 375 397 442 784 581 73 754 95 632 683 639 319 311 429 238 345 200 471 241 466 700 270 615 212 268 220 497 649 687 728 424 620 360 464 197 371 479 497 780 359 754 443 657 652 421 373 101 642 499 405 537 726 502 339 551 536 283 616 836 466 496 267 368 432 296 621 482 291 505 656 346 453 183 686 538 108 535 717 595 548 688 677 564 246 503 857 458 706 501 352 658 247 700 284 373 457 480 169 300 426 554 448 428 639 711 678 267 489 537 455 649 603 330 627 595 474 369 607 364 510 620 398 289 442 570 823 284 380 199 701 705 534 302 692 668 262 679 206 456 718 568 695 526 813 513 519 461 461 572 401 482 722 
641 213 162 946 544 977 202 212 488 102 822 300 354 123 553 970 273 927 661 806 554 482 47 252 380 219 12 912 291 33 913 864 868 51 997 28 304 502 480 806 296 545 32 41 53 218 896 427 156 454 687 731 828 947 832 641 664 870 375 624 298 323 319 116 838 752 724 450 282 721 715 300 334 609 227 578 639 869 890 959 331 904 103 273 692 158 771 238 637 10 919 710 86 294 260 5 223 653 716 509 782 858 964 494 136 519 518 85 338 789 312 917 469 430 494 64 794 660 400 291 451 759 812 300 837 969 913 717 231 490 536 174 868 314 547 780 8 898 130 483 292 241 970 548 82 351 860 711 7 84 287 640 99 246 101 801 961 316 182 258 911 934 622 923 221 880 511 445 861 770 167 364 639 505 631 158 522 692 545 800 889 542 31 948 643 694 947 829 17 696 234 998 614 57 527 981 512 597 473 603 448 864 148 833 666 182 97 641 909 572 540 426 226 3 961 777 989 264 694 207 557 412 502 663 299 332 915 12 101 520 9 189 519 308 938 504 118 352 965 559 972 583 22 588 185 914 668 278 576 819 261 273 518 625 450 343 697 934 633 424 36 25 190 802 972 628 49 666 193 950 262 758 509 950 207 568 695 276 241 658 685 319 753 569 362 278 733 180 373 904 874 369 821 273 425 100 238 523 873 583 549 928 578 215 626 65 262 388 602 176 568 791 898 429 850 849 403 796 344 215 504 985 246 903 881 208 778 97 821 622 449 30 993 255 2 34 730 254 468 745 908 183 729 603 641 981 415 375 480 226 467 312 35 321 932 666 862 557 648 939 529 423 697 993 557 218 118 608 605 480 985 80 140 184 371 919 408 206 194 620 585 96 85 231 749 457 837 202 870 600 396 56 778 894 115 431 497 122 773 991 804 636 621 343 210 84 871 852 1 736 505 800 934 487 679 20 502 872 905 30 393 634 182 545 289 634 685 280 685 822 848 296 718 788 527 927 254 338 637 944 523 908 620 804 896 30 225 391 990 215 32 184 445 42 358 95 85 643 432 219 290 959 183 763 810 632 39 200 328 722 36 492 223 689 156 566 62 374 731 344 445 766 457 903 659 689 379 216 261 394 796 370 95 492 649 223 618 799 839 42 
713 725 237 760 579 983 377 695 480 486 932 543 172 507 69 402 428 758 358 781 292 455 632 131 108 93 383 870 981 857 253 5 608 458 904 996 681 559 659 311 886 583 597 708 314 288 635 643 295 217 742 790 879 864 373 808 793 59 785 255 580 7 490 153 669 282 964 648 688 425 793 510 168 968 989 919 855 429 804 256 28 587 709 67 871 528 98 751 534 933 982 986 397 617 406 526 776 572 842 220 600 452 916 60 742 962 638 151 779 881 872 690 547 404 160 564 885 284 73 754 172 44 135 798 258 221 200 140 193 793 226 40 953 680 348 544 641 131 334 902 214 996 247 530 533 754 570 521 144 142 600 583 1 271 900 325 290 525 257 219 945 656 67 868 356 86 984 452 888 670 597 98 57 63 216 638 816 512 601 377 408 278 472 983 775 279 964 485 693 401 72 498 438 961 47 216 256 277 137 783 195 249 980 957 578 306 484 855 686 99 254 326 813 35 520 210 629 515 745 328 508 888 487 387 74 989 643 27 172 566 767 744 194 92 67 357 51 811 99 229 350 957 721 991 496 621 761 192 228 747 688 492 541 659 524 341 940 339 834 71 930 128 409 521 509 440 634 468 123 605 524 16 8 78 225 51 199 253 91 369 618 224 204 979 746 321 319 719 45 164 322 706 658 611 784 808 917 620 25 352 979 877 568 752 781 5 487 780 508 706 517 389 73 50 267 147 74 418 658 162 851 631 844 886 858 528 724 975 649 976 311 898 409 757 223 413 475 298 259 112 774 229 696 412 552 575 350 949 853 127 435 519 48 461 400 457 804 327 709 668 393 637 828 122 743 237 56 719 124 70 789 273 725 237 932 270 703 706 885 929 715 23 195 612 475 389 253 93 375 855 562 208 525 747 178 632 148 12 820 830 911 985 52 613 626 315 105 75 630 360 871 991 828 923 593 474 964 472 628 288 219 432 60 196 877 305 223 860 96 410 843 185 12 185 592 309 43 910 46 610 893 779 37 399 969 202 934 650 731 549 317 203 360 939 554 670 202 23 556 134 131 464 173 666 755 441 683 201 922 174 700 709 973 987 607 241 985 244 170 122 752 708 839 286 126 31 277 415 242 702 800 606 637 837 129 128 693 998 555 186 
974 428 586 339 37 23 604 501 260 530 364 387 156 662 211 882 918 692 645 191 127 925 76 788 303 130 520 170 64 658 545 982 751 391 714 283 245 247 13 987 554 244 462 917 525 66 249 157 902 843 882 966 976 61 536 784 888 574 961 138 798 541 413 974 646 952 362 231 677 804 850 99 627 201 53 856 669 665 960 408 160 108 931 452 829 493 60 58 992 106 485 278 46 246 486 370 585 166 530 917 333 86 394 596 384 689 844 396 12 754 921 755 539 742 545 337 951 925 559 433 983 61 4 655 112 461 285 738 106 722 795 214 438 339 422 368 728 325 953 168 40 878 204 445 424 401 892 285 757 78 674 327 605 407 310 6 525 891 665 701 744 547 917 579 902 525 974 125 171 964 613 14 322 668 608 552 109 678 19 167 654 760 77 746 139 817 74 809 732 791 676 549 947 897 232 834 95 228 817 405 65 94 168 285 187 4 734 275 124 564 623 137 204 490 935 60 471 362 849 753 940 202 396 393 931 733 492 620 72 511 289 174 298 604 377 308 650 551 142 406 140 756 512 250 959 644 449 995 259 51 835 38 207 947 937 936 985 951 328 249 578 991 451 922 831 86 881 621 415 61 192 328 61 45 605 73 621 847 547 641 534 755 343 536 349 403 141 12 235 309 20 777 43 67 330 31 462 763 432 966 874 532 971 19 703 695 776 920 352 274 420 140 329 283 334 167 636 961 342 44 347 274 194 4 125 691 284 478 529 27 197 137 876 519 600 349 650 371 934 309 534 653 293 533 586 914 648 523 493 565 908 279 824 707 120 402 399 368 402 600 743 207 921 60 724 355 694 248 559 369 714 969 705 729 350 452 251 489 772 940 801 712 473 94 778 874 719 491 897 849 268 555 584 494 300 713 873 930 135 770 925 688 90 909 624 798 574 121 339 87 771 730 895 681 163 458 322 743 558 230 339 207 961 632 141 321 605 510 773 148 529 564 316 728 151 39 508 707 446 125 242 188 661 412 799 1 371 465 174 145 14 789 669 297 362 711 36 215 293 844 560 232 52 639 836 58 400 552 723 320 942 637 352 905 570 788 762 823 216 36 896 616 951 615 984 759 79 264 735 640 396 851 288 654 74 57 197 877 223 616 
631 286 70 196 437 53 969 329 182 244 387 683 583 93 505 59 603 786 983 659 5 997 362 643 239 975 761 83 416 625 113 607 511 340 333 929 802 849 515 18 685 447 996 46 403 144 299 523 766 586 443 783 990 550 286 308 843 2 777 965 580 303 449 109 563 931 964 92 590 908 975 513 814 936 259 357 596 575 766 77 937 918 627 726 67 802 609 374 294 864 52 383 80 687 789 218 515 362 762 997 17 550 998 284 337 928 815 208 779 525 754 307 36 326 662 327 754 585 186 649 935 704 240 609 919 112 270 6 944 953 489 619 835 192 112 940 710 263 873 247 31 367 222 3 368 907 941 625 341 972 987 149 799 451 566 739 398 386 444 985 416 41 167 456 404 722 493 370 309 724 601 554 343 575 547 702 996 540 888 414 491 898 626 98 140 584 677 229 358 254 974 946 725 50 852 435 157 427 428 668 735 719 966 729 246 93 217 148 135 889 422 685 636 236 831 695 904 903 326 894 16 555 405 123 814 650 98 539 60 995 854 675 275 673 665 36 337 496 831 830 228 404 729 181 48 489 979 422 954 689 689 912 355 834 697 955 315 68 183 345 691 51 587 439 673 257 658 562 521 760 406 442 400 82 486 847 840 633 94 661 146 310 742 282 735 570 154 161 85 309 955 94 161 850 90 752 825 231 936 989 543 334 838 889 468 709 640 916 659 277 544 78 720 380 956 131 52 339 727 903 666 704 456 544 191 121 404 846 387 372 220 355 986 761 134 123 937 852 629 210 993 660 113 775 677 606 836 181 507 958 16 83 60 290 524 120 267 919 289 465 400 240 494 830 202 290 720 767 766 864 926 218 402 263 928 602 935 401 613 974 138 875 735 815 186 501 263 302 23 308 312 329 126 482 237 636 151 336 593 655 139 416 731 484 518 893 69 149 568 575 16 487 595 169 242 953 420 249 507 467 322 449 226 366 55 690 730 127 865 948 708 666 624 197 43 912 509 599 194 449 175 880 341 681 525 392 10 562 594 461 350 813 940 438 359 479 59 849 981 245 681 877 591 816 781 910 823 230 152 292 837 278 972 923 76 482 184 729 926 450 461 153 921 901 885 770 222 86 1000 422 262 63 774 739 187 936 91 580 63 830 
62 821 951 157 168 560 740 339 900 763 456 401 763 126 75 114 309 413 209 273 431 657 572 477 88 623 552 532 257 782 18 928 855 433 599 44 657 968 886 596 74 782 14 175 630 195 933 502 901 663 53 410 57 124 480 975 711 248 925 82 903 340 441 796 523 312 726 180 793 570 794 421 409 707 360 740 181 961 647 400 652 290 677 535 341 172 745 941 499 735 587 812 109 167 580 370 362 43 692 709 79 879 240 110 449 626 904 808 457 111 865 272 162 459 575 738 667 171 696 47 149 139 537 688 643 654 250 177 509 609 433 54 243 654 567 783 274 562 396 67 720 45 962 941 335 508 428 9 107 40 389 629 427 685 353 120 730 282 924 803 867 931 68 849 238 976 543 920 572 939 772 181 156 788 347 825 379 173 260 853 654 252 608 79 175 764 25 490 513 546 178 727 715 96 830 469 398 940 274 361 336 814 314 22 636 75 460 931 111 125 510 983 58 294 472 685 536 632 425 695 128 495 547 788 640 825 831 730 821 194 590 306 396 482 484 973 488 499 700 626 113 668 499 389 225 975 526 22 494 786 539 839 863 960 65 116 759 541 62 727 986 171 284 778 122 568 554 628 264 132 268 407 579 811 123 968 978 350 882 100 570 586 997 2 462 789 329 269 569 300 164 230 597 87 483 699 953 935 750 785 668 364 324 827 540 425 997 896 669 564 379 446 659 558 312 472 125 151 366 864 103 95 889 517 582 477 45 507 937 543 406 758 629 909 363 796 29 854 546 21 267 240 122 251 192 401 875 49 509 766 534 109 464 318 404 78 254 357 551 844 427 825 203 297 993 191 538 123 220 76 378 239 962 90 479 533 907 744 727 973 421 832 154 341 828 295 222 143 915 599 388 404 77 845 4 668 834 489 337 672 59 464 212 886 636 843 313 898 380 853 20 764 661 408 810 486 211 221 271 153 327 557 434 941 849 834 786 341 144 332 743 900 97 332 649 737 160 779 754 83 793 160 554 846 949 27 349 65 166 757 822 293 865 900 298 405 846 192 405 765 369 566 702 925 190 159 169 618 22 960 191 417 564 800 240 690 462 84 652 726 851 969 332 953 201 622 388 269 172 720 365 364 414 58 723 156 498 826 667 24 
702 236 283 818 19 541 407 442 294 680 559 941 964 785 601 270 160 658 839 133 772 921 513 538 104 222 281 128 789 149 616 194 137 7 644 567 256 784 494 989 535 9 709 310 40 372 309 356 716 105 588 958 660 163 882 664 254 258 414 971 600 806 904 114 181 920 459 536 442 401 55 730 424 46 471 256 687 762 551 763 607 235 763 294 926 287 615 628 296 918 587 940 842 719 67 206 148 480 639 957 818 662 55 971 425 552 245 797 50 924 768 323 256 942 291 54 497 461 970 222 190 203 599 347 963 136 984 408 37 438 130 422 230 242 113 62 154 71 158 612 415 458 583 308 239 372 365 509 69 860 617 288 49 969 444 400 483 544 720 862 537 562 834 347 296 210 651 28 756 697 139 669 304 434 429 502 356 221 673 989 482 756 340 337 671 783 448 898 530 295 915 689 326 709 455 44 239 576 582 406 222 545 844 63 380 790 458 360 864 200 399 717 577 894 573 161 850 69 363 467 233 446 624 754 702 518 194 881 819 284 858 706 72 44 656 484 75 630 630 620 938 342 758 509 32 113 90 223 761 500 511 857 94 917 16 127 487 878 515 353 404 141 846 649 210 644 65 978 429 993 88 225 978 462 695 541 137 958 619 269 572 67 938 414 691 330 442 857 659 764 610 782 667 891 332 931 764 345 444 186 19 320 321 326 304 392 185 44 715 908 698 714 372 11 188 840 135 712 832 968 882 400 470 150 814 983 673 992 550 162 276 877 28 985 233 821 924 285 469 684 895 307 45 485 471 891 375 432 379 20 992 228 274 563 585 963 199 192 648 248 609 431 999 641 175 999 839 580 838 308 747 643 179 204 493 720 335 820 801 78 677 80 682 381 180 349 400 619 173 535 679 555 364 273 86 663 23 536 36 453 199 414 787 3 73 279 521 65 651 389 570 563 895 188 704 611 329 333 702 648 464 427 535 49 999 55 969 23 201 476 368 262 614 874 84 434 223 147 722 841 795 46 516 189 432 503 576 613 440 947 233 864 569 148 863 73 850 2 415 857 878 564 259 808 147 976 399 201 47 592 568 648 599 256 733 461 760 121 627 829 921 104 2 212 822 219 264 413 478 817 617 429 367 711 12 635 782 561 988 465 
33 31 715 527 816 499 350 171 191 75 600 370 869 803 280 533 169 256 378 364 361 292 335 595 211 301 579 959 727 717 370 904 275 351 626 492 189 805 222 703 341 260 656 91 834 525 836 185 321 578 797 965 669 700 824 571 330 47 490 44 879 386 98 631 638 536 950 72 613 529 239 104 899 45 299 362 58 605 470 193 598 905 456 698 561 169 69 397 948 669 223 826 821 763 684 814 131 275 215 235 675 268 14 712 392 429 145 757 700 627 710 173 88 126 940 785 117 74 854 9 361 445 603 753 825 589 439 749 993 424 292 461 948 176 966 990 652 813 225 294 912 728 115 565 24 64 481 660 338 575 922 166 706 434 870 713 619 859 172 788 840 238 470 901 161 189 469 762 47 764 220 267 766 828 974 937 637 408 654 497 214 153 586 222 653 249 839 106 155 186 187 947 360 373 684 989 267 794 468 211 89 322 153 413 790 629 142 681 535 549 220 217 123 303 350 888 716 981 279 308 2 132 51 297 546 190 216 364 137 31 331 811 291 856 466 981 433 390 901 84 862 511 747 948 968 306 285 3 711 883 765 135 23 881 598 272 693 680 992 874 867 189 761 464 539 205 941 889 366 148 865 260 602 23 522 259 269 993 193 1 60 613 827 914 697 96 921 663 936 4 589 110 241 875 191 132 259 610 546 338 949 962 842 144 275 213 410 996 306 748 367 600 956 459 335 183 730 993 79 621 254 721 694 410 963 482 549 901 714 478 827 736 462 741 210 335 778 607 923 984 976 972 370 721 200 948 809 452 50 341 462 124 156 863 644 316 194 417 26 916 705 850 510 699 177 343 303 491 774 904 220 719 469 616 792 573 895 936 651 747 199 691 423 43 227 327 887 582 317 177 847 985 638 469 667 587 287 16 258 626 535 197 807 745 595 417 722 490 985 520 371 762 19 380 810 537 660 409 518 470 868 505 196 205 995 480 788 504 671 182 170 118 869 56 601 277 385 126 744 633 718 659 130 706 965 295 270 431 182 876 283 685 375 929 824 334 791 194 471 993 896 428 168 933 192 145 637 45 327 584 705 58 647 482 503 996 485 340 412 606 593 360 267 212 518 298 445 421 882 555 429 112 525 511 412 400 457 831 361 216 
62 646 718 109 930 52 411 790 947 740 875 836 533 430 745 937 202 243 800 178 196 748 325 356 499 818 21 439 455 882 334 469 756 185 391 794 265 833 886 225 407 735 333 186 178 53 795 797 249 413 364 373 733 284 864 732 523 978 917 99 50 235 228 694 427 392 595 945 955 226 143 877 914 348 184 152 545 133 218 400 709 7 407 133 566 380 470 690 918 177 745 482 410 226 130 754 82 243 467 754 72 495 280 370 899 155 92 750 256 975 390 866 317 778 698 716 70 187 143 188 763 615 420 589 543 893 241 488 953 731 639 4 65 375 966 232 786 285 451 660 937 283 334 755 961 493 733 201 461 721 298 396 826 579 884 476 762 375 408 249 425 167 774 305 148 234 60 735 687 113 219 386 819 464 955 675 58 473 39 28 259 703 696 224 795 837 810 863 449 45 361 294 336 648 497 696 915 609 528 431 866 871 85 792 975 790 37 369 406 589 641 228 56 253 512 257 815 478 134 757 62 145 938 925 216 285 1000 736 725 435 755 775 348 504 232 334 243 238 779 95 263 961 362 963 285 890 572 895 484 141 823 296 896 83 627 887 816 743 667 883 546 353 469 505 307 44 109 59 841 951 958 388 572 798 220 447 680 70 506 675 324 251 806 743 552 970 566 668 808 5 217 183 882 634 277 796 145 538 196 913 752 938 766 919 501 323 797 562 51 418 434 179 78 479 579 417 932 782 769 196 320 767 563 510 846 718 204 567 413 354 933 127 336 910 42 410 907 777 869 242 509 189 518 432 178 586 597 768 782 432 829 911 169 350 880 398 852 214 386 948 656 877 559 364 953 979 971 19 796 487 550 16 543 344 332 666 977 347 581 835 917 999 57 997 857 322 913 672 622 665 838 345 336 506 579 42 875 962 385 652 938 30 142 76 871 474 868 393 817 90 283 17 225 732 342 542 346 266 830 284 715 712 225 71 375 730 456 7 839 771 532 651 20 533 750 135 127 107 464 564 428 160 182 307 130 510 220 450 819 622 367 546 764 2 323 719 380 52 688 701 260 21 235 642 882 444 437 567 941 404 102 877 65 220 559 58 432 917 875 297 844 543 987 363 471 280 555 87 647 760 569 850 18 496 503 455 893 692 604 573 
556 229 879 467 832 951 654 212 468 938 66 866 750 36 187 997 78 457 226 184 928 927 819 615 905 381 919 363 35 524 75 945 281 844 306 518 361 816 507 74 644 189 274 991 247 357 959 536 432 918 288 298 431 177 727 980 713 27 20 686 286 509 241 371 733 684 240 349 669 368 117 540 442 525 786 407 273 547 22 198 685 374 37 621 53 685 846 985 611 954 686 880 309 694 456 595 833 810 953 330 530 870 285 634 414 130 75 129 987 734 665 558 61 777 184 625 609 643 685 334 302 83 909 217 456 448 869 720 876 993 597 267 106 443 306 436 182 661 957 615 933 524 136 16 624 944 322 758 906 28 559 323 330 270 96 641 767 690 131 980 157 630 435 482 780 453 205 922 443 173 896 63 416 848 946 564 743 394 386 908 139 135 274 304 7 2 304 840 506 589 616 430 119 827 148 965 625 823 574 892 966 123 235 650 122 184 640 857 320 512 266 707 257 508 366 525 557 239 397 710 858 400 501 485 199 320 991 989 399 791 733 506 590 134 735 529 501 28 490 841 405 153 424 299 133 780 173 594 204 38 726 658 694 627 458 155 215 12 406 266 856 309 961 284 691 766 732 58 384 892 568 354 813 38 740 499 560 63 293 407 245 158 452 534 110 95 886 574 517 743 710 253 130 954 875 570 21 212 977 110 827 145 137 526 665 822 439 869 321 324 519 291 351 760 615 697 122 643 986 704 299 986 338 380 583 549 819 603 101 600 104 765 574 635 798 915 223 97 929 712 584 11 978 864 194 939 438 714 970 664 686 863 56 380 600 56 263 934 864 449 825 224 390 311 594 529 574 138 753 320 194 539 277 125 992 869 822 655 490 595 47 333 945 732 356 269 225 665 672 806 115 762 627 783 694 548 5 11 594 172 358 651 170 607 249 753 446 409 820 109 987 162 736 610 452 352 608 95 285 799 235 573 476 560 474 370 822 716 385 586 642 815 982 648 600 149 267 232 959 182 610 829 25 608 573 777 927 817 523 303 500 561 369 498 274 985 478 19 927 567 301 773 838 532 105 274 412 67 322 145 641 474 922 582 579 710 86 591 353 888 884 903 469 497 641 325 407 239 288 698 808 60 937 877 29 75 584 958 416 82 
864 469 869 934 555 768 506 378 955 670 444 381 549 142 440 662 843 655 264 416 854 238 378 133 238 753 560 92 273 462 762 587 261 355 51 338 917 420 541 805 85 877 173 472 446 901 543 320 920 799 968 669 202 175 965 697 835 42 39 823 406 18 19 180 567 347 322 751 417 273 69 159 298 861 319 697 805 459 16 942 574 926 437 278 731 446 241 639 743 935 873 332 750 25 402 742 64 702 83 899 605 999 354 48 644 589 848 952 700 569 980 514 895 451 88 651 73 619 293 593 508 408 663 811 913 747 472 361 950 995 766 335 35 135 772 824 858 278 297 724 41 78 738 994 194 342 832 484 5 732 322 397 57 454 809 43 576 153 437 333 651 355 530 203 402 385 346 583 597 231 162 327 742 539 172 16 239 120 847 137 837 460 176 637 311 384 206 942 721 146 385 698 278 157 800 775 170 156 517 397 739 1000 738 968 627 903 808 258 486 320 35 258 955 640 814 335 108 759 247 707 406 727 51 703 96 634 32 915 875 720 533 546 854 458 282 446 518 58 822 73 311 31 636 927 582 514 613 28 210 994 356 969 526 367 284 342 359 729 410 310 894 822 593 518 196 493 849 155 80 757 503 325 315 125 316 512 478 26 61 460 136 986 453 650 513 171 580 350 781 474 381 546 673 69 474 80 479 544 993 309 50 224 555 855 17 256 305 740 243 751 757 120 790 950 953 796 407 178 314 134 457 918 658 30 966 238 904 442 335 835 760 790 3 545 26 941 929 402 795 469 317 433 718 702 68 118 305 817 321 829 743 384 243 428 216 529 596 808 418 786 386 375 230 532 819 283 379 376 715 555 12 378 677 217 72 647 19 507 452 711 365 730 3 994 915 389 760 405 995 891 738 42 178 955 213 64 682 91 423 160 727 722 210 506 138 950 362 371 913 989 835 303 333 892 877 70 170 200 562 376 596 1000 461 112 405 687 779 579 617 99 382 36 310 231 837 255 820 113 478 730 712 378 158 81 248 793 262 458 694 350 86 524 205 119 534 342 293 700 33 787 951 67 359 958 727 195 679 383 683 353 953 859 831 581 157 54 743 241 934 752 329 342 595 519 936 559 547 122 449 906 806 65 619 922 572 621 161 510 710 475 
992 254 206 336 607 819 295 428 752 517 316 750 906 465 82 627 972 640 277 981 706 1000 963 613 95 528 882 929 791 622 707 244 849 33 531 480 830 30 301 164 53 300 481 461 409 790 571 470 801 11 307 263 582 766 864 991 923 614 804 529 710 998 173 456 664 842 873 818 750 6 167 886 724 670 845 637 279 709 581 33 520 559 407 216 287 469 364 119 717 147 192 279 935 419 645 312 916 232 55 624 69 554 380 577 919 644 240 774 178 863 129 892 991 268 455 368 484 924 353 973 935 424 319 778 243 151 923 532 157 923 15 145 645 266 229 511 630 406 609 576 924 211 799 983 456 363 211 919 525 268 213 192 567 212 568 833 561 82 767 732 779 572 103 836 326 519 194 855 151 770 545 723 556 730 598 834 922 628 84 117 450 652 592 242 983 448 973 765 737 579 272 120 943 234 247 434 878 241 554 905 84 491 519 871 802 715 335 565 773 622 594 114 524 244 867 410 783 931 443 335 147 794 191 496 416 598 97 812 990 142 86 244 635 486 348 652 847 711 82 192 161 1 677 342 161 301 982 647 245 933 5 45 16 968 380 788 805 55 339 656 879 720 598 354 550 78 568 442 25 349 406 19 79 358 844 441 771 95 305 195 114 359 865 608 326 820 654 748 256 397 845 327 608 791 858 537 412 752 987 56 434 741 141 245 589 916 560 258 681 681 307 188 47 512 40 480 751 927 94 487 753 585 137 161 1 650 433 995 110 934 900 592 321 856 844 664 597 372 865 387 675 899 653 588 931 633 266 862 882 576 275 479 814 747 309 774 34 682 620 214 370 912 180 584 390 141 646 659 542 53 983 163 690 909 503 713 566 897 318 624 535 680 575 786 569 409 410 454 444 54 746 348 994 445 811 778 33 365 633 973 705 919 713 361 188 121 352 12 752 345 693 687 447 94 328 66 449 38 63 233 350 950 404 603 317 925 728 196 867 79 158 712 436 171 271 270 483 492 121 990 130 720 695 874 808 298 135 101 726 959 541 119 559 875 146 316 283 913 676 304 658 620 837 570 393 105 523 619 182 304 530 509 411 167 579 291 500 21 395 269 208 742 532 96 641 580 324 647 140 368 351 772 400 875 549 69 302 951 675 878 
509 853 563 98 146 228 410 249 626 774 701 768 311 819 299 124 316 138 553 652 208 955 25 321 772 517 439 391 501 880 584 32 912 682 931 37 193 386 204 268 442 622 981 695 988 789 524 907 990 404 410 443 880 201 153 575 142 233 378 777 326 689 754 969 64 959 378 270 712 287 321 379 196 180 354 971 262 420 533 356 529 18 39 260 619 106 767 671 103 263 272 59 255 349 568 858 252 565 378 101 469 443 768 592 289 81 974 874 765 649 766 593 251 405 311 935 193 767 317 951 165 168 519 965 305 529 523 841 59 467 969 658 2 607 434 586 343 740 22 277 665 812 776 16 934 309 827 660 210 752 129 272 530 523 552 279 797 767 762 271 687 418 384 660 221 394 86 88 672 661 877 412 970 715 531 699 738 721 755 451 350 28 180 162 853 921 762 681 658 767 543 708 328 417 655 957 344 588 605 499 275 61 481 871 225 729 879 456 581 185 222 219 366 195 790 660 14 273 110 675 584 936 304 991 324 552 541 756 355 910 287 964 841 12 43 838 348 227 547 616 72 798 157 702 777 558 462 552 277 508 516 589 416 314 829 634 781 160 835 552 380 480 308 369 280 601 963 321 29 219 376 180 972 439 448 994 15 52 277 61 899 873 931 183 760 878 16 660 418 665 592 43 852 49 955 579 426 932 208 991 795 345 622 658 264 772 15 17 744 549 730 155 55 400 804 969 530 467 943 69 483 737 830 443 972 609 933 898 333 429 243 578 14 716 884 771 156 246 41 353 772 91 199 9 913 602 847 658 13 162 34 300 840 603 363 330 83 481 522 374 443 302 28 401 823 76 179 983 9 629 975 108 908 883 706 545 25 383 36 484 33 138 363 75 113 36 271 942 297 224 185 567 724 540 18 675 501 802 635 966 869 168 224 816 102 999 851 425 167 821 74 574 486 507 880 552 79 63 364 808 798 263 267 709 294 921 470 442 95 509 796 136 546 199 533 302 308 214 956 755 571 391 466 647 340 86 954 869 969 793 480 585 147 725 456 544 194 773 600 332 727 678 549 117 694 75 838 287 85 9 379 381 158 42 443 784 404 555 760 904 238 356 188 519 902 834 623 24 689 207 423 107 589 956 431 277 268 235 339 313 
834 423 200 128 999 512 271 658 21 760 427 746 497 432 855 219 233 55 985 613 266 583 916 117 479 391 857 191 601 64 803 517 721 273 309 565 694 857 940 763 375 488 659 995 575 715 578 117 611 484 406 679 565 654 623 539 735 504 124 949 486 337 423 699 292 702 8 930 227 148 474 492 490 920 880 692 993 688 949 309 349 383 862 405 915 579 280 445 995 911 176 78 404 543 191 411 89 327 250 512 271 777 395 598 390 179 785 851 960 685 359 179 61 651 512 881 634 678 190 732 277 931 837 81 58 489 130 173 802 627 98 271 256 153 717 119 780 14 23 1 371 986 698 239 437 653 861 705 196 216 386 654 596 284 42 208 72 535 993 256 655 554 266 679 768 699 256 992 58 347 889 110 114 727 812 361 3 624 524 455 64 313 627 60 113 859 376 449 294 58 260 830 942 925 575 648 310 160 790 281 306 34 489 122 229 294 117 8 825 497 302 681 86 336 11 158 986 711 71 238 956 217 746 654 265 491 732 602 610 831 125 338 371 98 645 261 677 156 990 470 574 842 107 145 334 973 823 516 985 65 702 981 51 261 692 847 830 173 855 173 620 25 334 642 406 427 989 886 944 803 375 697 691 163 963 581 104 161 618 293 717 776 262 599 257 149 906 891 151 522 409 968 445 837 984 803 169 382 571 943 904 202 176 931 758 362 309 6 613 923 978 243 326 404 855 453 640 466 924 89 275 563 274 341 644 915 140 252 726 722 853 511 116 482 792 306 361 514 698 572 996 300 752 245 28 142 232 413 791 507 545 872 627 183 209 851 232 692 898 781 444 840 107 181 364 179 424 552 691 89 562 15 381 579 516 3 880 886 794 560 455 656 602 497 165 206 319 33 148 152 617 773 299 63 559 523 889 987 768 219 244 31 980 439 48 673 109 580 240 162 517 182 62 314 886 349 691 857 892 169 317 525 619 206 571 655 775 847 849 548 247 989 356 612 145 996 269 973 404 402 542 669 328 311 502 433 990 402 540 296 559 745 820 902 254 950 76 513 972 907 94 590 86 132 436 578 433 814 469 423 1 483 289 500 732 723 118 515 234 225 424 313 601 227 194 80 442 703 7 469 245 965 463 856 5 281 658 838 27 693 
63 752 764 200 825 225 649 633 942 547 970 514 55 407 946 821 662 485 760 983 91 985 803 726 412 410 452 428 344 170 296 481 850 239 588 522 263 740 111 771 694 366 45 21 289 471 633 712 440 485 352 975 896 464 270 407 926 333 906 389 581 821 720 930 857 181 97 775 857 948 565 840 550 830 804 394 751 35 815 524 128 839 858 152 526 239 150 662 139 489 112 340 298 904 427 71 97 961 949 880 633 81 572 216 375 579 623 873 904 331 596 929 550 251 949 112 693 281 58 428 877 292 77 585 493 234 424 914 203 444 526 117 686 844 803 554 720 36 141 522 516 990 120 735 987 514 490 584 414 723 491 313 187 945 770 252 240 28 831 905 800 581 13 126 952 341 348 488 361 177 959 301 963 44 18 798 870 972 681 120 8 871 361 437 805 429 727 61 145 901 418 238 199 805 554 140 671 306 637 856 226 763 477 226 157 462 963 182 391 983 913 96 171 197 923 360 387 50 212 859 962 638 599 79 168 403 324 212 692 950 54 475 235 338 590 440 315 379 810 159 894 925 148 552 367 572 850 922 581 592 984 856 442 726 903 110 627 679 532 297 862 574 793 906 461 996 459 681 796 332 529 745 411 262 303 584 364 572 158 635 420 694 836 315 178 749 738 913 489 186 345 938 405 724 460 147 966 620 972 812 960 256 734 164 199 473 565 416 74 638 46 522 695 476 55 627 600 764 159 121 352 331 733 503 617 40 311 479 968 103 585 752 239 24 153 152 432 823 148 327 410 913 59 585 582 379 963 314 446 227 103 806 506 3 622 256 330 633 716 622 906 663 713 319 441 675 931 884 512 358 765 31 659 406 389 263 249 394 70 718 755 224 386 248 158 409 508 748 216 711 153 504 141 300 269 383 143 882 556 50 526 449 391 991 109 364 339 275 552 762 992 8 175 782 935 239 740 309 849 965 20 723 287 333 487 29 964 713 759 787 164 8 715 710 731 870 192 363 398 15 268 810 3 17 658 626 95 315 141 480 363 409 557 212 125 525 986 954 7 901 779 633 306 400 77 77 289 622 877 452 862 153 628 347 477 863 229 814 90 916 167 482 802 18 179 195 324 936 829 892 334 668 762 362 112 72 766 270 297 557 
202 79 978 34 88 36 215 331 446 410 23 530 84 658 416 246 382 551 420 934 664 282 681 20 572 318 123 849 389 795 250 348 513 858 572 51 256 789 584 493 247 805 575 85 611 440 947 215 662 864 596 631 363 45 511 166 914 549 998 764 242 169 909 28 761 808 417 730 964 303 913 85 103 631 914 253 620 509 172 867 356 351 614 811 950 420 321 66 26 201 575 127 613 770 298 219 434 878 100 648 733 826 98 131 327 617 247 145 743 560 594 275 407 932 952 769 674 663 335 112 294 119 503 155 174 918 168 906 629 655 387 589 537 156 995 87 765 962 968 923 997 146 750 799 759 390 898 547 238 583 40 752 333 321 381 344 54 555 840 897 208 656 159 545 506 112 955 161 875 731 346 649 156 66 904 231 964 213 157 855 498 772 725 793 135 223 386 166 372 876 58 896 645 803 408 252 759 59 899 993 415 459 1000 133 614 136 120 651 182 290 313 687 302 373 870 637 229 407 110 533 631 854 901 663 483 720 77 422 337 151 938 46 987 779 960 461 522 261 957 35 342 908 598 473 418 314 522 579 517 628 793 101 330 788 410 86 802 894 919 743 270 92 985 610 958 794 907 627 721 361 704 183 442 292 587 390 303 540 690 203 673 803 250 270 114 219 889 413 58 517 102 111 208 601 216 636 73 240 865 133 201 906 913 255 324 65 505 359 635 314 182 988 440 487 482 647 392 13 674 484 476 646 673 165 557 950 767 131 378 790 505 692 180 619 703 771 899 787 760 970 248 685 766 8 402 701 601 586 189 586 828 963 118 40 561 291 879 964 573 465 459 747 148 296 96 305 619 842 384 651 799 864 733 716 9 925 216 567 598 878 288 601 448 641 122 396 342 312 494 482 67 596 43 352 226 841 543 558 5 174 833 784 23 585 299 791 976 764 840 445 882 826 625 274 357 440 463 505 703 795 568 129 945 845 90 12 818 735 801 218 468 830 840 483 712 957 680 311 226 910 76 22 437 944 360 374 948 566 885 863 213 54 567 848 398 661 704 304 117 130 908 444 113 1 372 676 722 12 230 459 352 569 27 226 430 486 342 452 37 893 741 903 856 839 569 368 115 546 526 435 731 618 521 948 540 937 165 225 860 758 
60 740 906 78 869 618 374 917 106 845 8 579 221 921 192 647 880 664 584 133 266 550 843 535 289 691 148 780 795 700 279 179 434 441 8 597 618 157 197 446 643 440 740 218 287 915 500 719 795 800 253 414 942 727 358 193 547 721 530 731 910 997 10 3 72 99 737 182 826 508 938 487 635 909 610 920 506 288 333 501 459 857 369 205 945 913 988 647 87 332 846 119 231 483 502 629 918 569 206 713 886 198 518 201 682 941 26 462 982 837 730 650 310 466 909 682 667 522 92 627 854 143 984 630 548 694 315 507 837 260 791 894 261 691 505 956 142 544 587 676 964 301 772 334 406 276 112 149 877 66 679 908 782 783 327 777 727 567 353 523 612 595 363 93 487 156 347 864 993 740 998 523 162 813 259 697 794 486 251 734 877 298 405 705 497 670 828 200 168 670 239 543 787 782 291 734 404 89 371 245 737 876 155 321 202 679 567 323 210 849 558 157 813 65 502 444 542 540 862 131 877 41 638 173 290 118 207 833 460 993 786 931 264 542 985 447 475 139 719 308 310 132 65 33 132 919 153 291 917 912 374 394 935 586 934 695 505 610 774 69 104 468 911 426 917 650 913 941 213 64 852 956 743 656 531 36 122 581 887 927 846 554 36 173 495 681 550 203 809 123 153 644 695 819 251 514 497 128 859 898 720 494 54 547 539 292 749 197 144 403 344 705 705 555 320 12 476 797 631 698 729 768 232 421 593 981 654 419 258 993 542 8 373 638 452 873 492 160 775 675 324 672 115 719 95 554 889 47 174 111 665 693 248 210 699 87 998 826 616 876 146 973 411 622 83 639 359 629 777 469 392 224 936 76 833 810 535 976 208 773 957 734 251 906 273 432 969 460 950 396 744 295 24 651 410 148 137 274 735 329 330 442 417 418 787 8 617 794 769 492 5 512 962 106 406 34 465 130 723 642 25 360 63 131 212 627 283 817 593 486 883 619 704 320 394 962 989 955 861 927 997 863 735 710 467 444 258 285 105 393 672 170 640 96 709 975 22 518 501 295 883 923 756 965 745 430 898 153 494 646 443 209 803 864 887 409 754 291 350 539 2 485 257 869 282 611 697 4 151 259 265 764 437 98 186 733 383 117 770 413 
95 904 51 152 764 823 213 775 710 896 571 956 579 61 182 457 511 850 924 531 749 571 110 306 833 227 421 37 609 972 114 455 350 25 23 708 911 85 424 34 295 906 689 367 252 257 415 479 191 924 702 378 962 189 766 359 413 388 284 499 495 211 993 423 429 170 877 805 427 313 802 536 774 137 656 886 125 761 187 607 27 346 919 114 317 937 223 420 363 368 784 184 409 763 504 749 571 435 174 114 491 188 352 994 481 342 999 296 991 47 995 569 793 259 414 516 334 120 41 882 171 116 504 900 336 643 311 225 88 850 193 517 428 941 349 177 594 137 663 429 328 136 295 989 803 48 603 566 454 362 438 959 931 219 982 431 18 884 966 307 61 314 791 637 791 589 559 283 592 609 703 20 610 838 342 315 976 960 552 761 803 838 500 996 45 194 327 2 585 69 892 203 480 192 8 305 589 931 247 33 27 710 593 319 692 745 657 123 304 411 971 805 735 972 971 393 679 499 302 882 924 31 474 321 571 719 460 867 213 551 244 43 756 329 379 548 654 999 256 812 548 218 453 378 289 277 165 982 915 686 81 250 308 457 823 588 933 60 178 105 583 586 344 521 9 521 61 908 264 995 882 912 842 668 934 136 425 280 656 347 832 314 417 561 999 284 852 830 702 553 75 780 771 724 833 267 252 511 217 576 747 746 80 774 396 146 301 710 560 525 213 504 119 503 14 479 183 230 969 230 623 702 942 397 770 668 799 209 860 922 837 934 14 215 658 877 185 971 19 478 332 877 707 524 998 614 615 876 499 338 614 27 974 641 453 202 562 906 291 330 209 546 793 879 433 447 384 527 793 168 199 23 303 752 667 841 303 406 453 367 507 662 418 359 109 213 926 116 821 479 925 280 283 344 71 747 292 276 57 154 876 856 603 672 720 45 957 14 401 40 800 546 759 274 582 952 755 656 25 339 370 978 509 762 138 443 533 618 103 86 510 16 163 627 101 195 55 508 401 427 268 843 879 748 727 103 802 359 872 378 600 279 793 11 650 71 135 604 227 316 298 276 534 495 685 474 213 870 932 142 622 55 416 543 260 748 804 556 37 29 796 419 841 552 827 739 454 401 705 59 11 105 534 30 722 336 778 253 573 955 
968 498 973 4 197 573 388 67 372 593 208 464 168 756 820 286 662 106 54 998 584 902 691 993 618 85 162 571 154 58 995 144 929 681 69 968 268 229 898 202 737 727 35 297 466 69 563 49 948 607 781 776 884 167 420 732 350 496 438 432 61 620 103 415 577 42 24 4 124 509 228 391 891 22 502 520 476 133 364 153 252 986 297 397 486 54 997 282 218 32 397 904 51 296 707 414 591 253 747 993 333 816 3 315 48 21 88 949 285 196 240 653 598 76 227 494 108 162 336 811 863 84 152 633 517 920 261 70 571 539 345 709 231 947 958 167 577 892 770 528 821 603 318 47 466 724 458 451 544 259 994 766 683 292 311 859 690 956 30 751 110 140 720 985 66 409 479 345 607 516 787 25 853 705 71 342 793 330 143 85 121 514 182 501 464 313 745 648 338 267 229 569 486 79 809 781 319 567 828 994 881 92 412 104 683 415 155 985 665 544 698 730 311 567 450 414 213 123 591 959 301 421 188 844 133 932 740 649 844 727 381 930 903 141 877 717 689 652 106 938 164 635 803 155 586 152 535 347 162 249 481 576 27 851 880 872 706 596 209 733 803 129 931 785 329 662 214 712 854 433 35 367 289 53 865 416 259 943 749 114 927 235 310 875 733 460 860 461 85 678 639 73 660 644 614 94 808 975 950 528 930 477 239 417 729 637 557 697 481 780 587 508 349 410 8 591 242 17 630 627 302 875 718 997 485 312 982 139 138 953 110 735 510 904 893 977 394 708 350 309 475 438 890 66 491 653 692 590 681 225 807 826 614 202 632 497 119 342 698 175 577 484 750 187 792 235 55 373 118 137 678 622 235 326 146 530 569 629 821 790 21 957 351 561 428 387 827 853 779 645 75 738 836 7 885 638 746 926 891 446 187 349 235 131 129 19 490 389 23 553 809 9 763 252 405 242 912 15 552 8 448 462 305 731 547 746 100 198 179 831 217 12 579 783 749 156 595 261 171 571 981 889 569 885 20 782 226 787 618 685 478 964 486 40 460 644 103 710 475 805 971 745 499 327 726 432 446 680 843 733 317 52 491 958 580 419 209 156 950 862 858 14 615 79 21 723 723 635 742 690 281 753 74 89 543 927 514 839 812 441 
456 746 472 944 826 327 516 436 281 918 360 569 560 937 160 843 22 792 695 842 2 566 895 467 513 993 805 252 984 564 64 141 554 781 755 407 945 581 614 422 332 243 585 758 645 175 652 566 295 695 855 143 266 931 117 427 614 449 927 558 401 488 449 469 329 253 471 41 264 391 309 922 458 243 937 19 256 463 817 922 954 46 796 627 214 465 314 473 547 384 587 5 252 971 480 82 813 978 803 190 887 446 831 840 364 894 71 617 921 626 648 173 414 632 990 127 374 631 351 109 783 430 186 32 409 227 933 386 111 941 512 173 839 217 677 672 824 414 292 864 392 967 937 712 931 866 325 449 35 677 52 591 634 316 699 985 737 722 543 686 862 294 78 520 366 961 839 274 152 880 784 513 878 110 435 755 833 871 800 610 404 636 577 607 485 473 751 22 18 240 616 414 314 820 789 501 174 253 36 862 35 310 379 522 273 232 695 646 521 164 528 138 913 91 277 901 486 502 614 977 262 812 181 291 19 7 348 598 118 685 557 244 161 120 788 596 395 756 229 786 698 899 804 233 378 643 537 345 703 634 672 656 628 791 1 699 833 744 340 801 814 402 650 355 363 124 300 183 283 963 116 237 140 700 502 375 375 211 4 403 663 574 956 613 268 312 170 78 221 86 997 544 495 795 826 421 7 845 690 938 665 76 629 351 463 54 676 252 400 731 824 130 806 353 379 606 486 295 977 998 181 490 126 1 383 113 631 329 999 432 8 495 725 944 840 146 819 153 958 759 638 692 170 944 573 11 964 677 578 445 742 850 323 347 256 93 160 83 102 558 618 976 20 461 568 430 85 693 736 822 934 306 728 366 181 387 546 917 152 1000 993 17 280 922 22 681 723 413 425 754 10 646 448 962 838 188 521 414 427 424 511 820 762 972 230 39 559 293 311 678 263 568 402 52 672 558 494 221 278 831 234 957 689 791 377 48 687 235 63 561 195 131 511 540 250 884 696 90 969 388 59 767 193 277 397 373 262 229 332 94 554 660 331 309 436 251 366 290 975 908 437 622 748 965 480 845 856 844 598 140 107 530 54 591 557 71 26 356 657 769 359 293 63 492 917 208 810 640 214 679 454 949 264 598 175 904 162 695 914 394 
329 136 164 861 96 191 548 798 561 394 194 64 774 818 196 823 646 377 637 703 792 607 755 616 161 808 828 50 678 523 873 824 272 267 830 654 594 78 6 818 195 431 241 900 83 763 994 429 560 782 770 8 510 403 696 139 897 53 859 101 914 625 828 92 731 815 358 309 26 628 883 235 271 730 429 419 862 394 841 293 226 711 28 484 384 26 666 959 231 988 611 343 368 767 756 208 466 308 431 282 410 154 314 360 428 267 887 55 757 679 305 377 364 469 25 649 732 373 708 493 75 286 461 193 375 816 281 618 157 825 295 925 601 136 11 715 157 411 239 902 490 449 297 384 383 911 106 152 180 739 276 667 797 634 817 891 271 105 371 979 709 766 927 646 527 453 104 331 703 705 373 881 83 240 146 458 913 677 647 233 191 356 635 82 989 40 582 38 769 373 177 459 944 12 334 749 189 385 831 447 467 86 208 40 402 989 523 486 740 192 519 187 69 89 768 850 164 529 157 592 883 985 196 202 680 530 253 362 657 917 617 513 842 201 161 483 150 32 750 102 407 200 91 744 654 506 236 827 289 444 438 338 471 247 571 24 116 305 684 205 309 664 693 255 603 786 375 442 32 871 561 912 842 924 763 151 90 38 247 541 484 378 120 956 156 399 560 557 212 640 427 894 360 946 709 307 518 362 795 277 894 716 36 966 966 212 430 88 666 589 657 32 397 10 860 950 706 312 601 569 545 551 241 868 330 180 727 347 43 929 93 636 354 639 368 822 81 857 254 522 668 160 433 316 60 501 114 184 889 794 710 876 450 447 151 393 812 22 387 496 323 877 205 831 403 647 469 249 21 506 120 783 226 990 424 384 962 330 65 345 850 286 321 965 950 447 445 627 236 223 514 83 188 545 98 230 801 149 523 759 233 823 719 93 308 415 126 438 45 297 931 787 499 931 976 606 223 992 442 324 340 7 508 714 696 354 701 328 380 488 434 304 157 257 233 734 416 244 914 189 943 683 653 381 358 506 868 6 205 306 423 58 163 463 953 670 54 283 510 983 349 408 449 116 689 576 575 112 431 149 813 788 743 856 210 662 18 490 836 580 214 163 468 535 121 150 544 743 462 785 980 106 914 822 696 636 110 27 456 693 
466 505 423 133 454 430 72 760 376 227 297 26 795 589 152 817 862 725 626 933 273 406 600 504 893 809 721 973 226 946 318 371 312 320 63 94 538 112 976 857 398 998 387 246 949 464 548 793 715 547 887 984 293 474 354 579 941 850 642 58 463 454 630 563 225 539 94 521 453 83 922 571 358 19 281 585 363 379 992 711 470 912 430 848 324 331 722 321 482 360 764 490 236 454 595 349 605 505 828 468 502 617 405 804 902 136 108 900 645 783 83 179 65 213 9 452 549 644 983 83 549 387 270 77 649 867 443 865 389 731 920 272 285 234 418 54 680 368 572 789 628 370 918 165 971 82 949 238 376 859 377 810 476 684 922 675 263 164 903 375 351 896 443 941 786 309 752 247 483 664 329 525 830 391 625 461 500 13 765 85 901 672 946 36 441 867 197 811 788 906 967 735 573 617 813 459 213 162 161 64 336 379 610 892 461 644 292 219 501 673 79 848 909 99 688 194 155 23 386 223 930 596 890 393 206 373 630 91 927 738 427 849 405 30 296 418 952 177 574 719 428 427 164 129 174 477 172 540 938 872 191 693 312 130 425 925 242 580 301 770 47 228 598 306 164 771 915 71 119 894 88 65 43 742 635 734 90 622 157 386 414 535 197 679 782 349 820 499 210 359 955 947 845 377 220 427 388 226 106 795 306 412 249 721 945 319 294 985 808 437 205 244 512 835 868 379 341 948 122 106 476 157 527 509 49 944 331 868 157 650 390 46 473 203 667 742 502 960 50 872 401 74 138 378 999 229 315 203 211 640 341 636 250 431 138 856 843 242 4 109 927 467 471 720 573 218 284 314 459 937 930 436 627 6 508 484 715 340 995 301 306 688 514 31 507 500 252 828 564 902 574 990 691 734 92 457 477 265 4 675 862 384 604 854 472 720 133 546 572 960 548 570 993 605 180 133 599 85 749 313 306 804 338 174 744 746 486 872 49 865 764 731 297 376 393 884 838 25 859 443 18 50 957 346 560 222 905 604 182 609 620 334 551 381 160 991 221 128 925 327 305 161 228 672 491 919 497 655 87 976 30 881 877 737 87 709 519 691 754 702 449 896 506 197 538 617 864 824 100 743 632 620 181 10 324 588 404 421 459 343 
499 718 720 691 510 318 986 483 303 645 286 577 966 403 159 412 123 742 305 880 125 319 176 529 142 355 780 389 140 154 8 332 344 874 799 760 348 721 278 164 566 36 327 438 71 289 978 237 691 847 604 33 182 753 5 108 35 389 283 116 339 631 984 982 815 156 635 409 127 808 234 296 886 598 194 854 707 883 244 902 777 497 608 977 393 877 982 87 396 391 785 633 946 996 338 861 793 61 94 711 191 381 774 863 294 854 10 519 355 145 885 80 836 814 967 2 21 921 85 704 753 657 40 932 512 560 439 48 845 100 534 168 956 872 932 57 511 873 853 954 101 969 941 724 318 238 287 522 634 288 167 640 554 268 990 829 661 267 767 601 531 570 884 341 607 880 154 581 711 513 836 39 339 885 563 456 359 224 976 10 568 543 199 319 168 88 148 268 785 766 450 479 796 86 495 919 935 173 233 581 760 414 567 14 532 661 87 181 13 244 172 834 303 425 99 677 721 531 985 785 653 104 727 225 342 49 288 412 804 456 377 480 976 999 685 711 448 624 963 475 562 859 41 954 856 299 596 554 959 800 6 508 567 266 255 289 491 642 679 461 150 297 137 373 601 244 559 321 695 110 749 962 204 876 479 154 545 239 602 838 385 876 747 157 905 867 33 861 90 298 580 530 981 734 482 101 98 142 821 862 185 552 654 402 365 424 416 114 300 949 372 857 424 297 704 116 418 924 710 111 371 303 166 979 74 441 259 17 620 541 135 477 671 853 302 603 620 646 42 338 584 836 811 147 186 151 636 520 90 692 582 949 790 196 878 224 347 490 430 143 5 231 892 669 975 14 124 349 538 471 46 922 702 172 239 524 241 5 104 707 281 987 825 496 491 831 884 809 26 656 369 248 783 94 516 536 459 274 505 327 605 146 611 322 28 934 783 244 843 51 396 532 656 634 958 849 75 544 151 869 102 348 796 613 705 562 393 765 858 970 940 43 999 703 418 890 244 497 292 770 475 426 295 514 718 321 686 78 829 528 376 134 944 909 81 188 675 82 241 635 141 141 271 672 887 655 483 497 869 406 422 616 998 889 618 230 507 902 825 1000 961 990 286 691 454 315 238 670 589 655 973 555 954 995 288 365 53 906 477 681 
959 604 12 428 37 681 909 153 671 403 302 871 671 154 339 755 914 247 164 35 496 64 532 526 947 605 127 556 809 535 642 801 946 203 247 904 137 129 279 577 394 16 462 995 79 797 789 600 834 16 866 395 434 877 896 906 839 51 38 579 620 14 712 576 30 252 727 178 760 810 265 623 468 100 529 812 994 15 85 624 641 871 233 910 597 679 231 880 190 204 683 283 636 295 919 320 20 199 932 132 596 851 739 75 686 416 838 809 679 151 10 821 756 227 337 180 400 677 273 760 632 712 374 29 467 116 528 239 259 122 453 852 556 932 532 774 519 659 606 148 85 101 309 309 212 364 58 548 180 256 255 682 870 319 1 79 176 298 299 62 931 576 763 171 169 750 741 686 903 925 465 268 391 314 222 265 346 35 227 568 495 423 905 678 910 707 634 210 515 379 488 949 292 510 749 897 721 320 494 836 150 943 391 49 922 253 788 994 564 392 21 535 827 434 447 604 66 489 690 942 925 286 614 117 670 743 412 47 190 907 879 679 877 680 543 346 231 935 777 390 116 754 495 720 878 866 136 908 25 379 768 3 300 124 462 372 698 560 864 379 703 862 319 193 538 201 890 761 559 927 218 246 554 305 355 373 506 775 493 398 11 328 46 97 994 389 312 187 615 883 633 862 148 18 895 249 895 273 351 868 601 45 178 874 732 470 182 948 327 840 534 242 553 153 881 672 510 287 475 554 660 800 126 743 565 62 790 311 11 297 959 221 205 962 679 250 347 536 211 647 571 453 235 967 785 374 212 848 344 348 761 361 220 102 864 176 683 163 382 434 558 608 90 578 979 61 546 174 936 960 248 644 231 95 675 159 381 141 157 793 913 420 471 624 444 677 15 824 220 576 845 804 512 710 72 676 916 583 331 573 802 133 822 92 452 261 126 65 852 545 949 115 87 62 408 646 861 886 626 327 282 805 83 428 386 508 808 531 998 16 385 433 625 847 501 119 369 231 126 220 782 303 932 629 660 459 170 629 1000 952 626 69 964 907 265 673 835 73 619 296 899 398 253 401 853 63 573 61 502 606 473 594 827 73 401 433 183 506 854 364 764 572 591 105 50 489 591 268 515 878 169 937 442 555 47 181 311 140 901 767 
131 234 232 905 180 447 693 62 824 723 283 234 361 305 208 541 13 944 989 766 922 98 305 863 211 95 606 68 357 143 229 291 689 50 730 306 407 648 328 27 511 575 546 985 303 647 46 151 243 447 651 613 160 542 988 922 943 945 803 256 657 231 487 897 63 470 25 773 614 68 473 586 557 381 531 719 711 263 321 689 126 959 32 82 101 185 522 242 60 281 470 991 482 805 177 131 828 999 971 875 208 500 641 433 32 478 854 366 471 217 129 185 965 991 852 37 226 171 162 158 980 368 6 418 408 360 220 440 786 156 384 538 206 207 760 545 394 521 858 980 81 739 213 344 520 839 329 471 550 45 509 984 270 182 772 506 84 633 647 552 657 14 649 51 694 318 869 338 90 878 456 210 340 1000 662 382 239 584 941 198 697 55 275 775 954 321 160 813 460 919 907 403 847 660 342 294 530 128 889 205 256 310 288 65 656 29 211 956 491 857 665 163 827 80 355 259 512 636 58 28 98 290 792 904 990 503 839 739 944 101 388 48 181 521 489 143 437 333 14 232 635 539 508 901 941 400 991 443 881 988 385 431 325 915 742 713 636 966 11 218 706 870 814 444 911 301 460 637 468 277 564 587 950 365 207 542 877 232 836 545 147 331 790 895 613 897 844 692 795 257 995 690 192 235 726 481 648 997 865 99 836 703 8 141 175 320 298 573 245 727 125 523 624 633 184 650 667 973 299 683 931 905 423 405 544 163 101 223 47 966 399 209 469 547 600 454 731 171 277 74 260 901 272 547 79 413 745 521 565 350 187 500 426 221 423 42 516 254 26 710 220 587 719 471 63 448 781 598 731 7 903 252 442 243 574 991 201 671 910 227 229 101 3 705 122 766 690 569 930 581 471 957 199 321 513 213 922 214 567 852 744 395 505 141 151 337 439 744 900 800 618 10 578 1 356 64 313 419 112 81 916 311 818 422 9 650 501 427 423 822 621 474 793 527 835 132 820 238 154 902 10 135 835 773 140 691 198 90 985 845 843 36 905 84 259 840 289 838 594 928 12 111 24 231 54 308 444 976 648 866 424 306 817 101 490 12 51 514 432 735 809 27 833 712 706 173 475 154 207 700 40 358 443 394 200 330 463 729 917 251 
211 382 297 2 299 673 311 814 447 982 307 231 682 661 531 750 125 18 186 286 83 68 281 252 307 614 221 189 340 31 30 659 157 273 236 15 120 308 521 861 841 472 951 250 882 836 344 919 116 994 528 363 461 327 555 201 732 651 806 502 998 309 894 265 670 732 50 113 934 549 841 959 280 599 139 440 451 584 482 41 630 341 52 24 269 180 599 463 455 786 251 407 900 604 46 725 6 886 731 272 782 724 23 510 652 844 297 193 116 23 415 605 995 772 888 582 964 812 645 580 514 699 574 782 502 579 358 520 30 727 846 443 697 178 315 736 149 86 422 877 989 60 111 387 307 398 577 398 385 494 956 993 255 772 597 716 180 146 661 256 373 720 148 324 630 342 692 991 804 909 701 68 710 380 35 59 806 196 546 270 828 282 525 199 629 24 561 274 998 770 52 134 43 425 733 586 221 361 699 985 951 530 428 85 535 457 915 117 965 613 97 439 813 713 376 356 892 868 353 798 708 930 659 482 584 872 344 108 567 234 71 23 1000 869 548 458 249 83 511 649 631 498 415 961 549 947 28 913 605 195 439 769 55 427 338 452 613 496 375 516 986 978 113 1 198 477 117 226 19 529 542 407 492 98 331 260 394 391 34 214 398 986 465 483 702 844 976 555 816 358 559 641 952 392 857 407 97 306 606 100 469 923 529 663 468 829 22 576 702 469 138 195 513 699 959 140 465 782 190 129 955 228 819 58 160 60 831 625 785 13 64 842 679 874 256 353 159 44 80 589 744 694 419 616 957 654 563 220 920 160 395 173 629 274 417 320 226 887 362 327 495 653 490 114 185 310 699 236 398 726 745 955 16 825 918 365 346 642 562 411 564 146 969 207 974 63 266 188 990 25 971 617 225 451 462 93 444 709 169 666 392 564 832 74 934 710 707 458 368 551 359 840 347 997 86 950 734 100 158 164 444 945 745 119 817 494 970 699 366 570 706 122 885 341 110 18 371 910 353 431 248 742 768 685 375 217 650 876 422 55 764 729 341 903 502 121 414 878 118 293 553 170 80 675 229 82 923 674 118 841 921 20 48 206 951 793 743 629 831 887 157 235 637 339 816 171 88 967 1 260 660 977 596 343 857 991 776 442 262 68 
958 702 275 480 906 104 249 755 467 841 827 945 898 877 976 659 997 575 79 128 864 303 226 832 704 705 102 92 791 709 536 270 598 941 471 965 29 531 817 373 556 710 566 600 376 160 95 863 164 256 317 670 133 536 561 914 75 423 374 595 304 412 729 794 659 327 900 218 466 215 525 726 632 179 242 301 156 353 952 568 821 608 672 15 471 886 592 23 367 449 499 477 653 406 8 126 758 411 379 574 263 821 54 565 81 976 77 552 415 970 388 133 161 807 512 413 150 986 824 631 923 752 331 72 781 20 886 500 432 530 59 730 382 413 267 387 206 846 23 522 98 387 122 896 831 116 167 774 746 99 177 258 239 619 918 309 705 749 291 354 672 339 54 511 781 221 373 665 767 853 298 897 988 915 523 168 166 47 67 299 139 194 451 863 571 123 645 940 207 186 30 105 390 206 738 27 30 416 764 613 445 540 612 262 709 34 303 237 425 665 69 549 818 102 789 616 559 351 624 149 217 930 256 681 722 124 519 55 769 27 640 888 910 307 246 329 653 857 589 134 85 817 828 978 806 359 288 428 604 943 695 872 661 678 537 683 492 333 767 195 404 329 920 658 220 571 903 98 356 967 390 333 83 135 729 99 735 134 387 722 257 92 729 709 613 61 321 989 981 624 416 872 488 919 565 531 422 531 88 464 355 813 594 49 276 573 956 784 237 298 871 596 758 6 631 852 377 879 935 152 620 805 362 172 110 871 254 395 20 404 337 685 793 10 969 241 207 328 653 33 856 588 244 888 571 212 33 316 399 333 820 772 833 237 535 240 661 657 13 578 902 493 146 72 886 879 394 78 644 154 763 670 136 211 586 952 848 254 63 783 432 558 599 584 732 599 357 348 373 916 976 616 948 118 42 65 922 835 934 937 43 122 959 111 462 472 856 42 430 461 880 452 765 91 241 142 349 51 285 823 782 920 927 325 727 616 818 231 957 534 997 472 549 553 945 668 57 146 663 463 843 712 908 186 293 635 594 669 173 842 734 659 801 414 68 192 262 643 762 428 192 497 870 12 992 318 152 709 449 642 495 959 841 672 69 907 984 295 386 365 914 236 921 903 573 5 941 987 497 638 657 942 362 411 490 397 662 74 45 497 
470 71 487 251 327 556 777 197 575 110 760 173 438 280 326 963 385 238 970 381 832 825 88 583 274 901 672 443 302 796 352 586 561 641 889 801 198 596 713 162 944 520 973 783 832 342 621 374 296 56 997 861 123 213 831 821 811 758 114 638 576 477 528 959 465 33 826 282 268 577 588 336 973 134 161 321 105 807 581 498 735 571 204 821 147 361 997 185 154 639 158 518 605 124 294 119 461 558 77 878 811 834 844 544 685 728 339 661 255 74 407 285 903 600 960 163 903 845 123 331 96 903 492 827 195 65 402 236 975 233 296 676 250 952 183 506 104 244 172 649 436 400 98 585 841 823 208 768 79 562 81 276 198 847 990 517 148 181 867 300 663 937 20 582 537 370 341 766 630 261 436 878 255 752 919 300 660 86 541 725 283 192 470 626 163 630 866 748 647 831 898 896 91 254 896 171 240 241 15 229 431 824 555 613 8 187 862 463 312 176 735 864 347 662 620 814 927 116 985 728 332 1000 39 505 61 401 757 227 919 804 701 389 284 80 600 396 215 544 183 931 517 274 606 226 560 756 888 400 570 34 90 800 835 615 562 661 515 530 779 581 55 84 391 870 36 642 987 980 548 679 937 454 371 735 689 363 360 971 669 304 940 351 574 126 173 229 466 493 399 192 18 971 351 120 340 122 71 760 782 93 672 769 373 609 507 76 865 499 413 658 313 37 262 364 173 768 584 873 320 793 568 875 177 411 663 40 533 720 149 849 695 207 170 237 307 564 627 987 894 906 70 186 741 705 759 608 39 304 766 668 883 409 343 700 841 359 607 453 754 64 30 262 319 234 314 596 515 615 45 556 183 992 140 706 296 539 799 484 203 52 102 213 716 13 954 490 474 13 415 286 747 682 851 983 358 598 600 373 804 114 840 270 253 749 117 386 660 59 750 559 578 238 665 196 643 709 403 934 187 551 80 252 823 157 51 930 931 931 676 113 246 845 933 89 503 537 187 483 239 984 356 873 187 900 213 90 216 657 529 423 437 123 512 846 486 739 374 426 735 840 415 679 643 344 82 70 519 764 988 37 937 788 666 27 472 751 732 614 18 72 708 517 864 90 313 885 810 730 172 956 417 911 911 487 593 578 353 740 459 45 
850 566 692 373 31 396 215 247 356 345 130 604 460 409 683 324 307 664 593 564 565 946 971 239 878 434 425 341 881 492 132 742 557 681 934 933 874 685 152 820 215 570 128 724 538 458 63 905 700 335 132 495 50 684 35 823 555 271 962 248 106 421 993 885 811 539 823 322 230 69 61 110 357 201 851 727 836 729 980 121 229 531 987 908 889 697 593 713 566 767 598 810 76 255 611 788 310 551 857 685 896 589 668 501 516 95 940 39 20 149 593 4 247 972 517 780 724 841 815 627 528 937 146 365 607 659 970 969 132 442 186 63 281 988 813 121 885 500 227 442 129 351 176 98 633 625 275 677 194 445 979 335 976 654 761 607 892 697 629 926 351 726 66 318 330 642 450 306 881 607 111 546 435 598 414 851 883 10 612 296 83 468 245 971 133 269 785 593 890 599 102 897 726 931 179 443 362 632 713 832 303 696 186 317 891 323 806 991 717 967 378 389 944 575 655 24 449 223 131 972 937 304 474 563 706 135 539 22 697 670 315 523 943 600 609 84 679 661 334 453 847 818 682 604 167 61 895 350 524 203 903 982 905 73 252 348 425 973 123 231 799 403 383 642 282 398 271 536 593 612 255 151 602 736 135 413 218 158 766 85 948 217 540 992 970 413 50 420 709 627 402 606 364 111 158 895 718 259 90 183 496 113 777 972 301 147 607 184 400 963 483 110 235 58 675 426 917 225 365 387 373 761 650 275 1 11 296 800 645 830 947 666 556 267 987 315 720 491 236 805 17 276 840 975 351 533 204 372 833 279 877 137 385 127 632 493 85 486 565 15 606 847 753 217 781 579 854 486 787 62 419 595 286 600 578 512 954 771 590 206 878 815 841 998 401 263 79 806 832 320 844 474 833 63 222 892 484 488 921 67 654 639 519 932 421 999 20 995 619 147 490 968 516 472 394 506 70 486 53 957 994 234 430 91 318 782 24 411 816 835 454 619 930 83 230 551 248 314 900 671 683 894 592 986 819 290 856 709 190 134 579 441 931 348 730 448 437 322 327 549 465 859 59 679 374 741 441 315 894 712 835 300 864 955 80 252 627 478 122 631 787 398 945 188 308 181 570 946 23 326 100 444 727 737 688 453 505 42 71 146 
559 833 785 82 108 362 169 814 157 179 273 503 36 415 934 180 627 189 348 121 131 447 807 823 202 44 247 198 230 436 305 858 284 182 893 728 46 932 572 79 160 402 965 303 873 177 363 995 698 229 648 557 737 663 640 774 794 292 982 378 674 691 823 325 643 967 184 624 766 496 264 817 460 394 805 446 619 458 312 103 632 92 168 510 505 430 590 744 16 394 22 897 422 54 569 313 54 795 258 432 44 207 950 154 953 731 978 627 584 52 588 33 382 203 250 748 555 291 379 543 147 661 142 939 211 629 982 415 4 210 666 26 577 232 366 44 376 462 84 215 2 535 264 210 970 921 582 15 232 574 988 801 843 574 999 360 536 1 303 583 53 853 305 252 51 292 280 333 767 35 66 627 792 570 444 880 494 6 502 263 31 392 668 512 64 316 129 296 509 841 963 362 65 603 951 167 76 122 419 927 472 296 286 413 866 301 959 884 353 155 528 420 903 873 929 26 306 167 180 322 770 70 964 190 512 973 795 340 947 547 544 88 442 800 750 174 752 193 907 422 787 464 757 158 259 463 780 288 674 648 983 760 344 927 32 28 867 642 374 545 184 870 911 209 165 960 42 719 739 262 181 822 340 195 164 356 192 165 492 370 575 375 715 137 477 437 623 268 745 691 640 535 460 715 575 506 970 131 699 294 802 770 104 236 396 247 910 408 23 456 834 400 489 667 431 492 875 639 531 589 298 135 657 270 669 259 785 324 255 830 833 196 836 304 98 176 876 985 963 144 457 906 838 403 968 244 836 539 625 125 738 337 518 158 600 222 165 693 589 829 958 747 204 625 195 229 12 745 539 411 10 606 189 99 800 457 404 763 514 268 343 808 28 143 165 809 598 839 219 994 530 550 390 970 219 61 455 931 261 409 753 925 549 880 603 938 279 307 726 743 929 113 797 847 379 535 376 375 586 9 559 457 417 374 399 754 167 423 574 882 223 991 886 862 490 728 771 343 332 216 700 177 424 16 676 187 869 632 590 9 918 132 370 627 322 783 905 291 448 377 506 569 840 138 914 726 393 884 222 251 278 882 400 920 992 362 427 859 3 148 319 262 592 47 754 135 44 384 901 638 877 562 890 728 248 396 654 190 163 829 
170 685 167 56 505 300 737 279 650 144 316 153 379 159 720 876 273 861 417 841 449 554 615 362 822 184 617 363 688 790 120 19 753 918 845 850 464 742 178 872 633 105 913 313 194 587 527 410 942 238 302 946 455 968 6 832 550 544 145 769 978 300 696 886 866 541 424 735 331 373 412 219 888 894 554 650 188 370 189 952 233 250 758 850 590 207 201 542 546 201 528 164 251 595 970 838 21 163 210 9 236 258 719 377 615 376 567 782 698 733 922 16 770 127 639 531 902 999 305 570 507 562 192 765 612 248 135 259 259 943 841 862 841 556 723 146 703 38 543 451 291 835 661 856 402 960 834 91 976 777 302 670 280 356 359 309 931 237 799 741 234 825 918 312 652 668 999 997 959 81 803 458 679 237 152 169 663 314 423 996 234 69 984 336 168 94 214 194 922 706 914 388 596 538 304 965 13 89 396 684 951 561 930 267 342 666 88 700 315 79 53 996 406 409 862 41 166 72 508 413 136 966 847 744 680 361 128 791 570 20 17 934 631 780 310 862 369 251 744 327 269 159 101 44 59 664 793 234 487 371 954 246 429 497 78 864 278 359 550 884 277 596 239 915 944 596 749 427 382 287 574 979 661 777 974 845 65 399 512 337 36 87 296 173 961 412 737 246 334 147 689 165 924 49 158 306 216 649 159 898 615 775 611 24 548 405 274 533 369 353 404 519 870 170 773 962 500 526 62 897 785 822 699 914 377 84 446 997 537 362 878 875 67 810 302 574 208 604 703 533 753 427 733 156 36 55 891 741 583 56 942 32 253 103 993 3 803 804 190 850 682 711 808 318 114 960 744 949 611 949 157 933 771 391 107 368 38 723 647 997 121 617 144 845 284 958 254 664 211 714 591 707 811 689 813 475 669 426 377 213 644 33 566 109 118 253 85 947 764 480 76 580 794 762 86 502 645 372 888 721 911 485 729 150 844 143 327 257 482 343 289 406 419 767 584 333 258 884 804 501 863 110 936 161 426 442 294 148 25 649 336 126 57 958 331 973 622 866 972 402 611 248 983 544 737 848 436 469 727 324 816 773 365 252 20 307 73 777 408 672 566 876 534 655 568 140 774 942 672 737 173 4 183 76 540 83 316 755 769 972 
126221 124606 123323 128178 123185 122219 125404 126558 126596 123297 127225 121369 122521 124688 125525 129787 123198 123178 125241 118378 124498 126076 122172 118965 121398 125456 124171 128530 120994 126736 
556 111 163 457 614 182 896 226 575 580 739 666 841 714 141 765 208 184 332 55 171 378 275 731 15 807 974 938 59 627 629 788 573 38 533 205 523 887 103 985 511 688 731 939 713 43 303 577 768 199 644 631 987 415 860 915 719 663 471 911 373 412 273 643 755 146 90 67 405 591 505 532 539 394 462 641 554 585 956 585 130 660 237 62 699 360 716 113 636 838 34 907 361 629 405 174 187 483 868 934 207 137 719 437 559 712 941 847 279 990 44 858 165 362 684 784 290 649 932 391 145 57 296 870 657 789 129 239 470 9 308 508 598 270 958 368 251 986 397 479 832 915 317 792 275 937 156 238 828 569 133 993 269 36 569 639 889 35 549 382 362 459 684 996 606 556 875 586 674 383 39 283 503 598 38 719 706 728 684 144 799 923 398 692 537 830 100 377 412 505 75 209 476 698 369 348 816 508 725 627 379 593 788 283 221 162 252 291 197 176 77 611 661 238 387 754 932 260 629 234 409 336 693 668 669 102 646 39 313 733 957 412 514 794 727 690 805 552 357 605 23 776 147 138 956 332 450 535 906 401 164 764 574 502 407 787 949 201 808 894 572 181 963 347 164 917 716 682 19 234 115 283 932 688 205 455 626 777 845 53 840 494 816 581 933 498 291 141 672 439 527 945 469 461 489 837 468 453 75 123 306 686 611 454 553 853 239 44 870 276 173 572 762 370 214 843 432 950 270 970 509 755 111 431 858 749 169 39 599 5 40 793 958 329 533 223 269 351 969 787 1 442 634 509 706 601 64 655 941 893 566 980 250 961 126 840 876 148 759 314 482 93 162 74 795 382 873 27 193 768 161 871 847 27 992 601 465 153 838 725 619 847 221 647 26 235 327 781 650 589 217 446 1 282 734 234 923 29 249 783 739 842 321 631 545 614 399 883 360 686 259 810 195 767 459 737 403 375 494 309 615 605 420 770 695 137 911 171 917 520 668 455 150 212 18 931 625 258 319 357 671 545 466 523 416 121 959 105 849 917 618 289 576 209 951 533 721 898 982 426 814 71 692 668 489 804 533 698 477 389 426 955 660 368 145 364 495 5 322 543 635 18 373 820 273 687 60 196 25 346 90 784 777 334 943 460 698 887 950 42 
413 63 111 312 888 650 111 279 890 995 81 989 623 449 486 398 153 598 253 842 189 540 608 638 60 75 687 476 350 409 463 989 959 968 650 603 879 960 21 729 92 56 63 109 914 888 679 413 568 871 28 57 216 795 356 536 91 21 994 334 300 470 326 837 292 783 641 505 292 123 605 72 21 463 393 428 911 729 612 731 247 960 793 938 192 78 145 655 286 748 479 605 614 551 357 598 605 793 939 742 873 291 266 765 355 806 288 233 512 260 60 280 543 275 390 221 127 208 367 977 288 29 544 20 954 655 521 183 776 254 453 550 159 884 25 414 315 887 755 671 514 385 934 34 998 401 790 651 607 229 255 136 411 5 396 842 488 726 34 932 258 966 988 505 57 580 193 426 6 528 557 713 408 837 89 780 822 46 440 22 481 925 892 199 481 134 544 854 947 536 713 357 527 207 70 272 340 866 426 313 871 772 266 10 974 524 854 55 12 724 471 473 914 619 905 325 894 840 772 376 370 712 13 365 803 829 278 394 621 263 743 83 238 932 470 896 491 803 32 843 946 985 498 337 286 699 963 508 686 243 489 409 20 719 16 530 184 500 509 295 275 565 447 627 154 448 215 249 133 13 910 28 679 74 534 903 314 142 218 116 55 424 156 59 999 94 647 856 90 625 904 52 76 668 154 813 492 598 61 997 328 659 682 887 813 964 238 806 169 97 370 751 876 854 418 356 375 980 121 734 128 755 410 609 439 764 863 615 961 841 102 874 447 772 548 965 654 581 408 902 649 954 390 901 562 417 668 634 129 739 497 341 275 121 301 741 783 482 820 322 803 167 790 718 253 273 493 444 810 771 947 627 527 966 317 16 677 466 146 856 369 653 115 74 130 140 345 995 750 641 565 404 978 218 875 87 14 924 59 59 307 557 111 721 303 519 420 723 952 950 967 785 518 849 571 22 777 587 170 240 333 32 166 973 263 830 381 457 194 750 908 978 467 1 339 531 620 969 312 685 857 344 104 712 353 224 939 4 187 327 860 88 27 128 965 593 402 57 461 567 900 968 444 955 884 262 238 296 292 558 887 856 582 306 127 462 364 682 425 449 151 897 670 335 856 116 533 11 106 291 164 575 688 256 982 153 317 864 497 280 
907 75 488 485 227 292 519 362 618 499 876 360 6 906 220 897 566 96 10 504 93 274 568 413 863 185 783 325 881 866 138 608 690 431 432 930 851 174 457 650 104 927 944 454 338 381 70 484 172 922 752 869 816 976 177 759 105 849 904 958 631 251 651 113 101 653 645 57 272 945 692 5 814 665 757 193 266 984 363 38 52 565 327 974 581 88 778 804 244 961 253 299 684 676 11 715 381 847 271 7 807 447 406 465 125 414 981 474 296 383 178 570 241 621 963 363 45 6 17 957 563 92 329 16 127 991 140 706 172 445 426 980 646 90 804 620 834 585 920 362 687 605 202 272 200 732 514 172 614 209 785 167 413 523 112 436 101 902 999 663 288 890 768 60 566 460 749 393 470 541 363 109 189 771 527 725 872 90 695 822 745 423 183 610 39 382 529 662 705 413 872 343 822 187 776 804 521 894 698 82 240 661 62 110 84 337 841 252 134 259 646 999 656 320 859 293 597 875 753 437 42 279 166 306 565 282 994 625 77 483 781 554 990 222 190 182 639 995 666 739 450 630 106 230 161 120 999 838 966 878 112 889 582 861 151 713 235 806 844 700 810 979 60 792 130 415 893 303 793 323 956 111 506 1000 973 985 762 147 128 394 839 582 437 144 718 755 275 537 450 94 212 952 485 935 775 395 436 351 657 372 221 757 685 205 339 4 509 264 894 680 962 788 386 152 129 404 925 309 585 618 921 636 24 921 535 646 374 330 779 434 206 572 312 70 686 889 737 124 839 168 400 373 267 539 366 750 15 529 344 649 871 194 875 728 81 821 39 39 94 983 770 718 187 611 589 500 353 461 950 41 386 984 189 811 497 504 342 181 441 446 781 936 260 901 868 71 116 934 225 99 877 587 437 446 662 515 927 58 613 42 983 248 832 959 157 324 8 742 553 792 332 609 770 238 806 883 642 127 411 870 130 670 209 417 631 394 935 964 228 787 705 893 213 116 728 909 50 328 437 792 609 385 771 776 667 628 565 708 102 375 890 76 763 970 268 688 1 174 578 907 152 432 930 759 182 779 509 518 597 141 725 725 942 862 731 573 939 75 302 72 248 557 712 995 154 602 396 650 88 334 195 902 226 758 682 476 94 269 258 236 
547 859 25 285 674 829 878 49 145 915 532 824 153 820 370 13 462 582 25 209 768 292 915 754 48 519 295 751 579 468 576 90 523 313 525 286 564 738 961 167 445 339 634 564 95 694 100 967 679 594 467 935 880 366 71 580 354 173 340 176 446 871 20 694 305 25 487 229 895 138 249 752 216 316 149 449 558 144 960 51 614 750 526 499 957 614 700 760 525 118 15 3 307 338 896 833 618 214 665 663 383 306 44 685 403 150 504 312 438 871 600 610 681 468 544 120 896 977 882 408 647 762 852 118 519 926 515 561 308 873 725 196 577 456 36 642 238 837 601 524 26 252 505 418 529 209 598 640 738 170 25 342 270 784 527 190 406 11 737 351 815 682 746 473 508 548 441 531 316 296 745 949 76 702 155 825 74 174 381 295 278 490 412 90 909 159 593 945 855 847 918 453 21 928 22 882 562 813 229 517 559 80 18 517 548 708 5 291 183 180 285 717 237 67 145 408 916 866 236 188 979 950 284 407 389 658 222 613 807 217 1 356 997 199 237 294 632 815 76 86 943 160 182 952 832 554 438 564 51 98 780 542 723 323 16 933 888 646 545 948 404 765 404 116 636 666 837 344 180 320 619 225 197 517 776 857 840 471 910 63 864 407 946 492 336 188 880 724 927 773 86 118 244 438 103 907 164 483 676 184 66 459 385 387 62 181 369 279 667 109 378 119 82 483 668 432 364 166 473 311 989 500 417 725 484 957 818 551 817 171 229 2 315 503 798 524 801 428 104 705 501 883 336 278 820 666 940 339 162 895 917 353 35 36 632 90 0 88 704 633 551 272 853 75 762 197 147 349 487 919 433 799 27 508 644 110 895 905 114 592 544 824 131 268 638 481 282 661 826 93 170 24 755 730 130 378 329 520 79 710 98 628 432 53 3 298 134 136 915 986 568 127 701 74 177 822 357 65 603 922 140 413 525 416 888 798 99 354 258 706 312 868 712 194 325 549 232 837 731 813 265 391 355 466 359 375 963 190 896 461 42 504 140 180 297 92 544 904 888 58 664 15 522 776 25 302 265 777 734 72 657 468 37 728 580 648 903 511 656 824 140 101 520 817 531 35 540 492 166 728 144 6 999 579 96 224 61 272 268 407 
599 599 359 58 318 462 464 323 702 675 29 314 451 178 580 508 87 7 984 971 122 108 64 705 387 756 505 91 667 85 218 253 966 979 569 676 923 570 38 903 54 414 875 651 938 914 761 92 205 702 707 387 183 14 306 279 316 537 600 2 430 624 235 929 933 612 285 735 499 544 631 433 413 805 514 723 788 490 870 342 900 797 82 532 229 706 182 927 765 34 625 814 780 203 967 46 519 457 354 432 65 71 391 691 338 360 291 42 368 390 730 375 613 870 800 776 942 579 885 830 410 183 603 842 331 937 572 279 821 941 438 149 321 306 590 362 393 868 541 578 698 377 478 138 646 41 18 448 673 81 277 198 418 115 875 832 174 966 889 952 27 941 712 896 351 655 399 508 629 527 24 658 590 511 176 329 707 798 226 601 590 951 404 21 318 851 709 68 927 207 286 662 891 810 260 618 328 375 173 153 980 965 944 887 42 84 552 853 892 793 786 725 844 937 565 1 588 500 659 121 252 665 478 146 578 514 113 683 512 382 384 448 101 875 966 781 269 652 625 236 605 96 402 653 66 259 770 18 39 549 840 211 862 868 299 88 287 288 346 917 763 351 817 421 486 432 961 795 785 143 855 791 692 315 690 259 309 371 432 380 844 525 659 327 643 590 617 395 609 120 208 908 995 79 259 98 414 922 916 655 620 664 857 0 692 463 463 916 747 167 600 989 115 913 391 330 408 999 997 608 883 54 467 69 370 173 584 369 966 351 868 2 838 799 323 273 406 484 349 211 983 718 658 492 742 851 654 630 608 411 950 668 788 389 490 548 738 129 894 599 398 295 920 708 526 972 739 446 548 960 999 725 249 492 923 557 237 770 100 581 590 922 897 430 467 783 681 479 734 154 235 500 951 300 953 210 952 886 451 858 247 158 618 748 144 472 399 459 919 110 71 177 745 383 992 335 335 490 856 406 532 307 675 713 657 811 577 393 774 403 389 952 459 209 190 995 516 470 215 459 542 555 533 880 707 848 976 557 846 839 78 719 170 178 630 786 599 704 925 161 736 142 350 312 880 792 787 266 191 692 312 997 399 989 326 389 471 917 355 22 973 709 220 380 469 876 490 16 411 824 434 686 383 704 891 907 828 947 638 253 
125 16 938 816 161 934 350 356 987 920 622 546 795 645 544 128 223 738 588 434 219 354 83 474 344 494 735 983 890 59 35 62 895 231 231 748 458 85 826 550 968 715 469 280 493 179 433 210 209 530 96 212 427 811 117 348 797 693 901 41 191 874 466 461 359 165 458 114 999 89 465 169 515 396 820 882 207 862 658 803 986 384 569 80 57 142 194 663 341 617 203 468 282 691 391 355 911 597 987 942 956 389 105 913 176 247 280 207 870 414 944 903 107 641 632 781 887 81 290 589 901 836 697 106 642 554 129 973 928 213 869 94 331 77 992 304 981 29 309 100 83 738 982 458 432 530 469 320 169 447 420 828 217 926 325 893 816 270 518 226 240 63 661 478 358 806 385 39 654 434 934 297 783 594 60 310 26 534 416 919 9 347 232 328 702 77 483 809 254 623 245 942 274 717 978 902 631 650 222 629 677 372 412 330 382 817 23 142 744 373 292 124 253 178 258 324 344 918 861 106 454 97 122 269 822 539 191 797 242 786 819 703 431 110 990 495 554 639 977 779 416 527 235 829 181 74 602 222 435 901 963 162 191 105 168 618 955 591 788 588 588 17 328 797 466 217 40 65 904 400 633 209 432 927 155 253 581 787 254 57 837 475 75 705 325 312 539 162 448 70 199 734 871 941 765 94 446 520 628 935 921 369 976 593 482 932 548 410 724 523 472 660 604 247 995 392 560 133 47 13 121 376 618 985 246 313 293 156 619 266 645 617 744 830 678 897 545 789 382 487 113 968 507 58 105 646 71 872 270 191 865 531 679 233 118 602 983 126 824 85 323 126 479 312 958 956 366 405 529 440 135 778 36 760 318 183 654 698 738 269 27 375 644 513 764 204 398 102 304 409 410 19 977 142 951 834 848 579 639 200 914 916 564 409 318 658 404 183 833 810 798 115 480 446 542 701 770 942 296 549 740 530 320 846 394 492 39 3 263 175 79 771 99 46 215 30 603 788 623 885 397 723 3 695 702 11 733 41 69 522 696 664 121 750 47 80 966 172 825 68 834 508 525 522 359 796 205 742 232 115 940 917 482 344 977 948 584 909 793 974 217 410 211 919 629 332 527 728 426 118 158 608 818 666 818 165 179 711 256 971 
794 962 559 323 634 265 707 775 776 248 253 781 833 654 881 335 945 892 683 417 55 945 624 67 667 371 556 676 355 260 272 463 24 361 26 708 862 355 100 314 862 237 777 757 236 190 602 665 11 565 899 109 798 568 897 399 686 325 783 527 629 918 230 711 314 268 97 52 524 494 558 927 776 52 755 266 297 252 276 527 142 748 321 871 720 341 28 559 825 307 711 842 839 878 516 204 873 42 663 780 805 237 953 547 201 235 401 1 217 825 556 779 540 423 858 342 132 956 691 144 531 605 967 40 317 513 314 660 963 619 706 270 824 373 710 740 318 584 551 478 185 766 946 706 522 275 291 641 752 36 455 151 792 648 286 436 858 266 889 155 767 557 67 54 922 484 219 712 657 614 151 430 700 745 876 354 583 342 389 618 996 612 655 695 498 602 700 71 303 179 414 769 244 905 368 162 394 907 23 844 36 890 88 190 167 130 526 826 967 666 762 632 886 866 424 326 64 716 684 451 770 762 429 453 166 175 499 879 64 286 373 304 910 704 420 184 943 197 33 953 2 269 389 280 497 732 540 696 821 270 137 388 661 785 319 219 416 147 698 216 407 626 670 163 880 751 536 21 831 789 117 702 522 226 471 530 476 737 734 414 564 21 895 142 207 33 170 867 724 921 125 730 273 381 103 297 642 370 397 321 249 309 915 423 740 242 888 678 134 550 951 710 289 389 405 562 443 289 164 539 259 10 945 761 236 76 274 695 151 578 473 687 287 211 607 408 545 576 2 380 45 480 459 801 458 41 992 130 979 704 211 614 571 553 393 242 454 223 812 341 993 161 52 685 930 85 928 173 637 368 569 289 750 44 159 853 30 817 973 119 423 807 728 617 278 437 424 749 513 87 964 408 738 243 909 27 804 598 796 900 358 592 284 19 795 919 776 43 497 574 0 602 348 20 709 138 325 275 632 682 944 319 761 625 708 484 321 123 483 595 720 930 559 81 116 590 772 284 431 952 339 931 199 588 574 744 906 885 125 452 233 120 454 170 217 327 183 984 746 10 998 142 840 35 718 826 98 728 352 807 160 279 549 336 981 481 943 261 365 157 956 844 591 939 231 568 135 502 381 336 335 381 274 876 205 119 279 230 669 573 
447 682 649 672 673 522 987 818 781 695 260 630 331 346 255 727 738 691 49 494 877 448 306 563 992 981 895 205 267 893 271 313 495 375 758 148 749 841 627 8 258 799 127 863 869 558 777 34 795 983 508 683 314 442 31 805 378 692 991 482 56 302 81 938 929 674 764 806 929 919 421 537 463 382 625 845 537 686 522 28 568 350 810 128 792 575 687 742 812 346 702 96 291 482 279 911 412 934 301 791 488 538 473 597 742 913 2 889 741 157 544 12 503 149 202 730 133 765 980 402 115 987 585 13 386 797 329 539 406 509 69 546 387 798 960 394 854 564 914 36 93 252 732 949 305 732 624 684 412 497 900 43 145 395 807 799 711 824 334 631 189 779 51 10 474 729 58 213 184 99 901 744 593 611 965 53 308 143 319 909 694 104 412 174 560 955 748 754 535 590 822 888 562 173 632 28 296 969 593 153 71 770 879 115 667 314 74 513 102 495 193 849 13 982 541 531 487 293 339 313 740 756 397 626 625 889 782 878 615 321 203 135 373 439 809 929 381 911 354 88 968 504 932 103 581 534 224 854 453 332 862 116 670 644 254 134 720 908 852 422 651 961 999 516 716 664 501 403 7 922 760 439 628 989 324 156 387 257 620 678 991 407 962 896 48 561 178 80 241 820 869 48 62 118 569 612 699 581 374 69 662 568 422 102 460 502 437 719 581 764 800 74 857 871 32 30 583 322 555 35 785 849 401 506 997 373 462 313 854 48 705 25 916 740 247 953 827 137 674 353 427 655 579 897 383 790 407 862 392 482 363 937 493 269 812 610 761 635 901 9 173 203 444 799 411 436 642 117 402 691 741 42 323 432 28 483 386 884 961 604 466 307 733 598 477 933 442 675 107 948 684 986 190 863 156 894 104 745 539 489 343 247 871 981 501 374 195 825 94 530 790 482 754 778 999 933 552 155 35 298 650 777 347 497 796 326 26 126 373 576 618 253 928 219 550 496 622 459 600 574 608 235 219 847 363 636 739 719 557 265 364 206 992 490 578 816 269 722 417 846 43 553 187 957 773 480 530 806 170 466 952 578 973 421 875 616 800 517 813 213 261 285 509 735 822 699 556 29 210 217 762 648 125 292 723 889 256 782 950 475 
399 960 197 422 379 154 160 368 319 905 334 253 725 111 449 689 630 728 187 957 220 308 34 444 378 209 655 14 339 128 285 582 883 63 445 908 975 291 190 522 81 314 344 790 482 798 73 604 112 42 114 692 707 137 683 926 957 474 735 360 230 406 189 980 285 284 617 492 862 236 914 607 873 707 189 359 862 173 647 469 464 240 377 229 39 14 771 443 782 559 47 17 421 280 768 898 63 141 927 495 344 81 72 347 183 761 439 706 505 562 588 303 392 541 787 157 723 116 809 416 309 786 970 458 22 245 91 156 94 980 530 423 456 583 178 126 810 934 202 226 431 891 980 532 216 791 560 10 475 627 329 487 521 32 960 706 897 712 160 45 741 422 719 485 551 726 336 588 672 822 991 711 974 66 886 92 963 613 322 575 486 510 494 373 793 31 293 43 341 663 247 1000 700 786 370 111 134 599 887 353 493 9 660 794 778 826 61 940 254 456 496 537 529 154 689 944 657 734 857 296 33 573 450 832 343 631 264 704 395 834 768 213 913 183 256 170 935 716 172 904 458 862 273 771 983 583 696 259 976 341 444 279 256 519 932 19 328 877 207 42 444 591 168 868 100 824 360 708 79 51 810 254 440 655 3 563 9 259 863 782 96 553 263 243 140 773 24 729 986 29 868 383 114 288 724 133 261 42 208 152 313 977 363 83 97 951 238 544 38 620 976 414 923 727 467 108 721 999 704 635 399 760 929 867 860 623 43 683 880 648 476 392 955 229 852 510 828 989 969 274 981 159 116 212 147 367 260 63 213 522 287 489 208 411 449 773 571 666 652 130 292 987 592 855 299 57 976 692 75 16 707 552 231 826 929 687 301 946 438 179 668 205 407 865 526 360 999 217 575 230 361 246 539 528 348 230 836 491 702 556 241 511 288 714 657 492 633 642 32 762 922 19 243 948 896 356 805 140 285 906 629 441 360 717 102 861 363 798 339 668 684 404 137 200 311 500 168 184 668 991 188 837 459 553 218 799 929 636 344 667 188 602 236 724 803 577 641 692 816 265 414 114 794 4 178 264 963 933 665 445 742 9 717 241 849 936 541 497 445 564 657 550 290 355 133 426 49 468 696 15 315 535 891 443 817 629 619 999 546 122 
63 374 675 523 593 502 105 14 454 787 81 180 434 354 97 988 107 605 519 419 664 305 554 986 925 82 458 76 546 764 38 762 269 357 778 881 169 13 124 746 182 447 750 249 95 381 832 394 10 646 107 235 326 636 558 329 753 616 298 288 490 209 713 884 955 798 54 722 353 612 485 697 291 723 257 632 215 902 122 32 719 938 741 420 615 339 254 245 324 766 555 740 680 526 447 149 684 399 478 543 189 299 397 669 197 679 449 0 836 906 953 908 835 848 421 891 181 841 709 162 655 457 668 451 532 508 684 783 284 370 784 953 968 419 942 941 289 208 410 175 974 927 473 450 323 619 150 822 841 449 285 59 704 994 842 554 695 159 361 346 364 995 949 211 938 110 195 19 291 927 873 914 9 818 241 812 918 582 318 43 84 73 419 585 214 200 87 438 197 424 209 226 72 677 904 809 299 905 82 327 272 474 492 111 86 772 534 879 760 969 740 259 470 383 746 773 78 420 546 879 346 749 165 61 174 121 18 457 486 393 478 772 14 675 889 625 355 859 629 229 744 276 910 442 216 545 18 645 160 196 799 721 957 239 586 43 374 784 929 803 278 39 475 533 201 263 479 180 387 460 826 613 737 664 799 164 91 100 196 999 374 150 61 928 54 261 48 97 957 900 912 624 945 11 382 559 650 585 858 141 694 928 590 301 903 729 672 571 435 661 500 894 932 255 295 103 943 247 687 716 134 983 34 445 910 42 71 226 512 650 645 160 890 157 706 50 81 724 283 468 392 644 882 296 546 208 28 98 168 296 169 252 452 577 321 448 684 867 33 101 858 439 912 831 657 151 709 488 774 643 217 680 43 587 716 34 782 187 353 894 356 536 938 769 384 243 700 173 124 404 206 606 516 408 150 19 710 756 781 604 929 810 458 284 415 523 356 719 657 464 634 220 946 66 126 539 290 202 218 145 493 103 24 472 919 2 507 104 91 27 801 972 210 812 651 78 664 438 372 402 599 833 370 99 177 256 609 32 175 301 163 47 421 940 631 258 674 753 633 152 249 893 338 769 702 913 488 228 860 7 978 704 281 136 594 946 425 885 674 304 462 137 733 760 319 594 934 883 740 552 8 316 956 794 218 755 357 351 592 538 
736 704 315 357 60 129 178 404 340 425 473 630 2 855 847 10 981 124 634 396 310 600 601 166 230 420 991 792 991 328 510 73 783 700 681 855 311 130 110 69 331 307 797 813 335 335 288 626 693 304 258 924 221 19 357 242 793 152 614 868 665 254 281 781 271 670 63 555 178 723 178 72 892 778 0 470 141 345 560 222 236 637 406 512 714 433 413 490 210 699 953 776 537 713 479 928 692 329 967 412 472 798 608 58 309 907 637 80 611 106 530 339 37 35 71 479 311 296 10 298 979 51 616 337 514 961 229 863 842 847 220 462 646 377 57 549 72 749 630 712 799 496 788 828 409 304 170 478 741 563 251 868 945 830 161 667 588 806 208 334 406 653 98 598 556 538 602 566 492 267 269 282 403 834 488 534 13 692 981 728 92 680 51 100 735 505 131 160 231 911 762 319 416 812 59 575 433 125 752 102 362 329 587 449 27 535 919 643 85 975 244 896 322 905 382 157 272 420 298 294 213 869 603 588 547 60 438 506 74 101 946 377 897 48 895 619 973 731 622 23 133 341 624 843 183 446 526 980 96 321 985 937 853 657 150 298 755 27 867 166 452 462 619 989 100 241 469 695 36 533 670 134 297 47 405 490 794 660 720 352 474 715 823 418 338 438 866 440 978 748 993 917 544 686 913 968 637 735 930 237 477 837 928 898 838 439 813 925 403 836 672 385 982 540 926 887 104 946 639 804 662 667 914 664 272 325 673 105 876 644 648 808 362 567 884 300 567 733 513 300 751 734 151 139 446 893 578 420 687 219 629 381 864 963 28 583 319 791 268 635 807 939 731 385 859 919 706 160 529 776 918 968 187 121 30 479 265 681 606 764 973 460 105 471 986 704 765 966 18 889 905 255 306 564 198 198 133 259 898 534 445 311 61 314 812 16 63 437 609 585 286 889 838 954 732 791 48 435 796 686 838 818 391 368 661 342 610 733 702 702 75 342 762 20 817 135 608 449 979 830 848 66 953 664 252 202 700 763 193 97 582 994 870 791 154 31 555 749 592 897 9 900 581 459 977 915 646 296 537 547 10 578 716 955 748 122 29 69 863 702 596 241 757 263 884 830 577 522 58 306 866 626 613 65 888 391 809 719 97 772 
494 799 889 153 424 711 774 191 484 718 879 678 986 458 726 624 272 392 691 414 41 227 125 256 673 495 438 101 733 956 265 616 842 551 952 222 770 485 581 143 355 862 27 303 633 903 125 79 96 597 91 832 113 103 671 560 549 893 111 422 995 198 794 922 616 814 555 64 465 713 554 664 676 71 896 793 609 483 543 575 839 667 557 348 370 519 770 72 873 7 231 670 84 145 358 569 331 706 388 10 23 366 885 432 812 28 699 768 667 667 203 422 698 406 254 185 398 21 707 109 462 282 946 974 783 384 989 301 649 974 752 890 385 654 73 76 519 763 649 547 975 818 37 356 297 940 985 1 31 321 735 33 942 619 937 346 396 70 580 969 271 745 174 741 793 170 499 948 132 559 970 486 689 343 523 462 0 598 774 971 381 861 352 349 23 252 697 878 537 986 969 488 602 439 910 428 925 210 496 74 731 951 1000 205 632 3 392 175 270 793 851 991 718 64 580 37 239 412 314 845 196 90 600 781 49 356 263 195 720 256 398 515 267 908 554 340 981 997 953 206 497 898 512 442 769 582 224 91 79 133 158 794 832 685 39 196 708 968 439 278 149 124 665 152 771 59 175 565 294 403 323 237 207 142 795 824 703 539 602 883 877 399 10 498 106 799 275 418 370 778 13 121 977 780 591 467 447 9 800 9 868 502 243 445 967 290 29 88 402 932 176 68 137 988 148 365 754 57 933 518 428 43 682 667 351 979 169 54 840 231 27 904 979 684 670 339 511 185 245 399 333 244 675 46 494 375 20 308 229 823 688 950 148 746 360 45 457 496 705 945 509 327 627 773 430 492 513 176 720 393 998 882 208 870 938 376 781 527 411 579 388 328 947 342 266 587 601 460 557 609 869 928 113 356 730 351 620 494 58 985 618 881 902 744 657 408 834 230 628 811 470 807 443 295 253 963 850 752 887 55 156 518 972 998 876 622 339 346 558 622 931 977 296 547 990 213 347 985 564 581 107 844 371 250 653 520 160 630 241 498 433 461 243 823 710 189 860 731 681 758 389 484 377 221 664 772 173 413 181 597 631 529 233 739 7 163 214 237 96 645 291 384 323 128 932 356 102 150 403 901 699 47 961 796 900 708 680 552 749 792 
158 936 475 254 888 717 937 998 944 231 938 46 24 104 122 782 733 589 976 635 470 418 160 458 885 117 820 82 842 461 492 240 255 815 844 90 868 669 171 719 906 578 105 791 113 30 237 114 514 198 488 294 264 216 704 986 235 767 365 483 504 764 488 479 653 518 761 30 571 907 787 778 611 921 806 599 540 332 956 400 827 518 797 837 7 341 961 945 766 162 165 392 793 569 941 486 526 668 927 584 774 71 820 684 196 410 27 482 943 111 889 664 999 841 63 121 229 708 877 176 505 496 242 628 461 469 725 25 683 944 703 929 516 676 914 755 493 969 285 463 781 28 111 516 80 6 298 232 965 577 170 944 386 655 182 78 80 508 915 814 412 203 691 252 256 573 458 843 334 981 129 270 742 814 989 940 119 611 980 778 359 726 165 854 748 323 181 394 699 122 216 725 583 234 277 516 522 901 367 460 184 643 761 832 75 106 177 426 510 508 161 965 124 293 739 515 322 556 962 545 82 768 638 433 605 551 478 198 910 346 952 489 811 847 723 611 142 947 44 950 937 107 618 14 710 229 886 404 821 942 746 498 8 513 465 623 49 9 752 32 653 479 961 786 402 235 38 344 777 177 702 801 10 737 613 319 87 969 125 38 862 983 256 803 464 936 933 552 497 244 48 740 740 873 483 949 96 49 689 550 700 953 78 503 202 78 612 895 538 452 221 887 679 732 425 705 75 590 518 674 508 483 283 446 590 77 283 18 477 367 544 741 693 372 276 124 763 509 805 199 920 875 443 217 4 503 244 42 604 17 208 117 397 755 503 907 823 646 154 713 784 456 643 697 688 503 319 877 809 151 104 247 838 48 16 908 560 809 408 989 772 660 711 669 905 843 839 88 372 594 200 131 684 204 328 926 753 824 594 700 393 334 862 107 826 881 365 336 657 628 208 121 787 734 156 929 687 218 69 943 737 396 893 263 514 555 499 857 752 838 693 372 895 179 957 217 930 917 32 224 651 908 256 797 507 747 636 35 178 8 377 979 290 26 495 527 205 114 720 684 616 549 449 659 395 566 43 821 606 21 318 81 192 253 258 65 903 849 79 141 802 700 445 91 560 796 855 722 815 68 519 424 171 755 676 620 478 11 980 871 
669 509 264 802 733 902 900 156 303 684 601 606 701 770 378 385 91 683 95 99 187 163 856 168 478 990 913 553 190 570 147 997 866 497 666 94 249 241 661 913 921 779 716 236 233 336 997 443 131 6 515 173 853 232 411 326 293 244 285 308 180 423 826 559 806 890 712 833 112 149 370 323 396 986 75 268 914 18 303 388 50 16 389 4 262 320 599 149 599 63 65 875 910 513 658 529 553 225 878 438 45 300 474 77 772 194 522 286 324 399 98 385 514 797 111 931 357 250 306 762 189 920 482 857 831 131 930 318 516 614 397 316 130 556 281 60 191 579 933 192 210 48 80 807 785 456 322 887 736 64 533 24 549 579 857 472 255 746 878 725 34 361 192 216 524 198 360 274 743 433 237 537 660 778 760 680 797 800 702 286 674 947 551 605 900 1000 569 647 804 877 235 655 552 951 205 981 547 929 748 295 690 306 528 93 517 0 593 75 931 317 659 148 984 584 763 251 222 983 243 222 789 686 142 12 544 824 673 864 877 707 211 579 50 1 919 342 700 789 859 76 446 5 3 36 480 486 376 432 71 960 826 75 854 755 378 746 715 197 588 100 72 655 963 244 122 901 833 31 423 16 738 73 813 687 580 225 61 468 291 134 631 900 87 208 242 286 855 691 732 629 195 986 621 170 260 784 368 723 980 26 983 277 851 619 1 766 360 31 131 739 377 364 16 647 702 842 383 521 555 734 825 106 978 287 72 128 764 430 971 772 341 629 0 446 419 449 988 88 156 378 545 341 978 60 428 597 641 852 561 241 80 715 848 585 144 742 272 923 637 981 510 340 658 232 260 45 386 917 185 67 108 781 815 809 566 630 23 600 205 942 681 39 61 234 737 462 168 731 140 689 608 10 268 528 311 224 181 214 334 251 453 522 353 361 733 630 56 271 807 868 145 454 344 788 802 605 773 651 920 420 166 389 900 97 938 488 429 125 280 133 585 765 152 344 684 335 759 330 343 425 990 431 61 893 161 769 27 78 770 814 802 386 488 712 210 225 805 788 268 676 130 428 592 676 179 866 760 874 354 655 443 346 661 318 638 458 548 89 635 818 856 293 966 624 392 3 766 644 504 53 421 394 131 449 867 420 839 528 536 865 
627 472 87 885 647 572 533 581 251 970 430 877 494 251 80 748 658 904 726 875 792 153 720 478 960 824 976 573 424 906 989 265 934 421 590 691 803 59 719 579 599 576 989 234 438 160 733 885 401 16 314 809 35 169 307 455 852 558 884 54 903 992 443 541 275 189 398 851 596 198 543 498 617 207 627 214 94 267 550 840 147 674 788 350 991 491 878 818 591 552 45 645 595 141 615 594 388 627 730 534 357 974 953 291 317 332 488 16 724 736 95 707 844 728 639 389 815 548 835 997 976 219 462 460 611 740 975 836 339 987 190 942 733 952 430 472 126 990 353 501 301 231 517 865 15 224 446 847 259 407 577 12 993 589 874 960 760 94 700 137 303 316 876 642 491 188 610 689 453 753 722 264 471 774 685 798 67 475 225 216 777 179 574 759 574 607 957 228 984 556 878 535 870 181 840 71 381 661 575 255 286 30 512 750 268 456 61 339 620 434 781 130 994 295 640 106 517 366 686 209 649 339 854 799 382 280 120 278 29 109 493 299 396 794 832 984 626 528 885 400 215 172 234 21 454 785 227 400 90 628 680 569 557 923 735 50 870 507 154 144 510 905 787 863 421 762 193 754 980 613 763 298 418 809 123 570 967 199 687 194 582 367 657 947 435 218 558 869 661 865 246 80 698 898 37 1000 742 160 570 667 49 619 193 753 669 764 221 322 411 156 325 454 638 549 538 982 844 679 887 155 974 896 240 117 664 29 445 884 783 494 380 386 399 149 937 591 461 18 815 176 218 429 128 831 693 167 534 427 330 273 753 872 303 399 813 574 76 620 792 345 994 918 486 358 174 285 353 310 901 478 515 877 955 886 122 264 685 586 420 537 736 274 174 536 874 738 245 593 501 780 443 69 482 920 297 475 733 479 658 93 740 164 808 697 869 99 988 24 509 885 849 902 506 449 432 997 465 488 746 291 980 807 672 797 236 574 690 89 457 597 729 448 565 842 845 516 150 90 339 154 588 530 879 844 94 232 132 684 411 582 212 565 662 686 134 570 534 990 523 855 562 337 424 414 411 217 934 95 429 613 645 727 104 812 382 96 961 103 526 979 268 566 938 832 197 343 536 69 629 188 518 531 951 315 820 247 421 293 406 16 
557 952 949 495 382 542 557 79 794 170 789 997 522 396 263 973 143 139 484 61 569 237 167 795 395 501 748 430 810 386 143 720 909 155 540 420 678 679 314 536 132 849 327 893 853 607 766 722 238 294 782 989 172 478 840 554 839 554 270 394 846 189 108 488 744 221 467 44 239 111 502 251 775 359 576 412 312 973 234 832 902 406 253 172 10 736 246 553 51 35 812 366 119 147 993 932 195 910 83 541 234 961 304 756 613 869 331 653 111 772 829 260 860 423 837 458 548 105 386 180 539 307 769 930 953 928 957 691 466 555 34 223 522 791 11 140 264 717 814 379 575 828 781 193 246 866 402 606 397 974 347 874 19 151 35 179 800 399 748 335 142 354 105 938 532 296 168 318 763 580 839 713 447 229 963 767 215 750 432 141 143 357 595 360 559 487 168 760 805 775 330 805 859 966 373 540 166 299 334 303 781 794 919 425 978 735 578 301 370 881 175 310 747 248 523 561 686 972 488 339 460 483 277 680 677 364 823 634 885 551 337 478 624 507 168 477 125 998 298 141 124 305 730 18 476 435 139 66 204 292 907 724 330 971 879 360 266 941 705 877 104 34 371 585 599 942 582 806 293 154 1000 25 634 620 644 31 470 770 200 313 44 521 440 602 686 386 120 602 969 750 241 301 69 315 338 387 414 885 18 877 739 459 318 291 24 997 193 787 662 912 262 393 199 342 446 596 734 156 963 752 172 939 450 330 74 593 803 934 233 137 334 490 229 693 98 855 867 178 551 423 532 337 132 582 623 664 69 365 130 161 20 300 295 983 951 128 707 42 518 934 907 82 87 830 206 466 798 580 667 683 799 472 289 238 852 341 77 331 692 64 0 799 506 791 292 173 564 121 188 295 173 927 661 332 901 588 720 953 875 730 284 281 881 393 173 513 381 331 560 876 665 904 836 380 911 141 795 247 343 253 187 955 334 753 795 730 470 599 62 656 626 519 636 915 764 180 78 779 688 740 322 217 430 701 587 486 200 958 383 247 534 792 626 31 427 461 818 901 838 273 962 223 568 722 502 924 989 73 88 451 910 364 590 510 867 957 212 286 799 64 842 535 806 618 238 263 461 796 518 620 873 562 737 732 560 463 897 830 755 493 
821 242 595 888 365 204 138 217 655 321 540 787 141 675 386 283 849 509 744 173 462 969 70 938 374 404 709 757 102 299 312 361 19 227 300 229 289 567 609 984 228 335 36 992 557 564 982 73 418 981 370 560 970 816 236 47 401 224 687 605 139 565 408 837 819 680 667 289 321 60 38 610 474 774 889 434 66 753 751 999 194 496 894 539 740 598 246 35 854 98 260 275 653 640 220 300 602 228 497 611 743 627 902 996 850 976 788 721 546 582 433 792 225 788 944 525 162 537 808 407 128 924 971 255 969 724 64 114 845 246 93 389 847 465 242 940 391 635 4 14 884 787 0 372 889 75 387 662 42 146 106 403 43 858 484 448 374 592 64 342 683 43 757 550 400 930 730 676 51 493 298 436 880 959 695 949 74 235 21 339 461 91 256 860 855 427 326 938 849 42 455 914 994 800 390 940 414 415 196 972 974 193 345 892 891 58 92 492 327 126 985 854 406 364 90 250 140 387 678 274 471 858 895 731 620 239 859 749 532 939 173 441 429 730 888 196 746 504 974 165 801 500 462 547 572 950 456 43 746 220 355 53 67 179 672 123 333 400 774 252 415 486 45 271 344 130 246 545 273 623 19 703 979 229 130 851 372 750 418 727 598 221 102 102 164 820 946 143 855 977 834 697 615 156 348 702 653 484 647 541 39 812 561 480 852 211 72 791 951 990 526 281 854 274 456 341 650 94 353 301 85 259 274 178 5 402 487 927 289 586 329 972 924 346 392 532 122 354 878 801 689 380 197 687 690 45 243 382 145 502 780 157 337 267 399 632 337 439 408 712 996 175 697 229 912 501 305 268 805 749 716 612 351 258 760 587 661 471 568 720 605 895 327 520 87 528 208 545 232 284 39 867 363 462 133 767 329 822 419 429 419 222 967 68 377 110 75 773 746 273 987 828 950 103 589 863 707 999 561 505 436 796 587 673 411 185 997 768 897 987 314 864 499 819 779 155 732 100 949 841 674 369 554 178 499 887 723 6 860 801 254 664 1 472 1000 873 712 226 4 828 374 381 765 591 807 857 627 452 526 77 874 193 409 842 388 837 887 350 585 203 823 84 271 922 789 661 742 403 489 653 995 259 497 850 340 752 744 799 57 794 
840 933 88 171 176 592 12 654 499 776 643 555 328 415 51 113 891 157 95 702 946 337 713 397 443 937 302 977 802 838 684 471 810 67 4 531 744 709 424 254 121 201 32 403 89 432 485 885 476 326 148 257 457 299 255 687 155 289 803 693 406 346 643 793 23 264 615 201 577 768 396 363 538 579 982 280 951 524 178 912 331 638 147 524 19 970 526 373 28 623 428 175 129 295 70 890 595 214 217 473 245 858 194 90 967 150 208 120 53 343 159 735 385 972 602 545 503 455 427 345 125 183 950 187 871 981 422 415 140 92 357 708 735 774 389 724 176 743 87 29 197 846 431 704 432 905 74 355 341 307 112 164 785 107 512 87 378 794 623 794 597 508 303 965 379 901 983 598 116 81 6 609 92 356 497 695 351 301 264 641 479 108 742 233 607 157 550 790 952 880 555 853 475 83 371 466 730 918 341 466 20 975 988 713 888 499 884 823 699 477 135 267 789 826 326 851 838 826 543 481 183 871 76 846 375 356 43 138 492 133 424 907 533 876 390 908 199 794 297 477 268 288 58 693 966 347 859 376 910 587 426 524 368 27 984 965 155 894 121 625 128 750 334 274 211 169 565 953 141 950 386 812 560 184 405 428 311 770 867 541 328 587 723 997 303 890 402 576 365 841 856 858 917 24 690 902 692 853 475 780 39 797 367 595 189 823 123 670 860 775 922 389 293 705 909 702 284 718 577 926 257 403 593 924 200 836 347 647 695 261 682 351 287 253 7 882 347 877 955 545 557 13 334 704 312 669 738 14 560 458 552 632 411 977 221 942 136 633 494 900 384 369 402 266 737 398 325 585 876 807 867 507 743 413 882 979 59 249 893 179 391 658 553 61 934 486 67 652 937 364 356 927 511 633 111 514 273 270 837 801 548 517 479 310 660 543 880 447 962 275 467 544 532 696 140 740 110 820 943 404 987 464 799 711 51 72 839 439 145 966 10 18 316 509 605 432 171 168 519 842 998 302 118 902 658 339 257 482 508 427 340 10 842 291 283 139 142 31 468 615 343 997 159 100 819 634 443 446 855 896 549 640 454 401 678 173 600 791 705 294 820 500 957 340 565 686 510 338 502 791 605 34 463 598 142 660 199 996 7 778 
818 365 678 200 455 240 594 68 423 562 729 618 451 205 633 319 525 915 523 626 283 786 879 828 280 623 854 461 516 309 597 429 657 967 978 137 863 573 990 518 676 16 410 919 372 852 318 971 687 989 32 885 40 753 313 20 921 790 807 298 929 919 867 990 275 262 233 44 294 790 990 786 443 733 980 441 948 995 123 351 394 535 802 140 182 59 24 761 211 863 231 636 607 188 809 545 221 668 631 444 402 426 174 998 680 940 669 265 9 165 680 160 894 321 850 372 838 627 279 923 850 884 556 489 719 146 956 739 471 437 164 841 32 821 18 896 756 892 280 307 0 86 329 351 697 133 672 109 779 170 364 727 509 602 29 432 579 463 981 210 591 907 256 47 391 922 58 648 617 988 811 265 796 104 417 377 83 371 523 905 916 313 254 995 910 426 764 851 668 735 155 972 619 198 568 850 565 362 458 156 823 260 143 913 606 710 72 373 314 538 512 10 974 50 311 4 294 877 281 460 714 546 438 471 295 897 158 134 792 540 645 613 59 810 264 247 962 155 845 361 369 651 274 348 464 79 944 38 435 164 88 417 11 903 405 934 955 403 861 468 146 167 964 933 39 172 825 789 776 440 148 375 75 948 865 318 459 186 732 5 558 71 785 258 61 371 337 905 332 317 101 115 985 434 75 593 852 3 303 775 827 961 293 164 516 578 928 585 218 638 888 242 657 869 0 833 111 766 44 69 442 975 957 2 847 917 818 871 280 150 521 989 980 11 128 244 372 542 677 34 670 113 796 329 201 68 627 133 998 352 341 154 877 909 69 398 295 982 920 711 443 741 672 715 764 418 521 517 434 772 560 29 458 727 506 322 170 652 260 121 520 681 990 648 219 95 397 695 58 737 233 672 722 183 708 358 690 679 571 444 466 687 410 654 429 295 207 222 819 754 154 681 810 375 768 453 521 40 877 206 8 93 200 284 155 553 216 87 601 452 593 115 839 360 291 676 515 138 945 869 934 741 506 611 155 22 303 78 474 131 448 50 985 346 764 77 25 422 348 853 66 895 337 765 535 775 813 838 425 536 814 356 386 196 336 776 325 521 649 903 594 374 408 397 545 711 965 696 270 984 366 434 279 788 978 665 649 220 124 686 
495 554 563 946 299 556 83 291 385 822 957 28 849 72 821 542 636 430 815 335 462 428 618 400 838 368 70 664 891 368 312 731 932 992 872 728 896 202 660 69 740 960 780 176 582 376 408 186 965 171 815 180 652 629 427 20 776 635 482 626 876 102 359 61 100 563 430 121 895 925 467 594 800 367 464 66 422 644 607 73 335 4 530 539 820 583 910 426 697 145 988 322 122 949 660 256 320 344 230 585 143 928 348 403 804 158 653 344 867 912 781 165 364 782 391 493 121 532 866 89 2 367 27 726 357 789 828 439 125 74 121 34 284 752 761 828 317 824 700 69 259 920 280 545 895 375 246 937 44 246 146 815 147 652 129 774 686 702 739 946 850 398 690 732 850 30 647 315 215 379 451 151 488 35 424 620 577 381 84 850 958 365 708 355 995 341 780 961 974 433 80 603 21 413 218 20 922 817 67 769 851 295 166 626 912 13 634 142 56 656 390 528 427 210 799 88 21 51 654 492 774 572 533 894 648 622 33 281 428 580 962 594 612 141 468 564 459 102 79 399 355 365 614 794 862 87 648 872 79 610 88 235 663 633 157 690 737 367 303 789 814 183 924 842 31 206 141 402 773 37 366 336 689 496 722 804 850 168 51 101 105 471 864 543 972 206 680 606 275 136 332 480 946 725 651 707 871 872 978 321 498 977 341 291 398 155 547 796 847 841 274 872 596 955 27 617 312 557 32 220 964 465 688 885 874 82 486 848 98 939 522 521 542 561 562 141 156 216 164 132 694 693 53 368 732 560 216 66 893 917 637 493 570 732 166 798 476 659 0 410 370 786 509 411 670 378 501 335 450 326 991 745 220 893 96 482 722 966 710 580 82 458 447 253 185 51 364 257 6 450 726 966 144 411 960 527 143 356 428 118 923 113 326 678 23 373 24 400 354 673 299 810 893 8 770 995 803 602 621 711 817 109 997 263 797 727 427 936 954 16 687 440 771 154 24 533 346 172 713 956 437 872 848 344 843 127 944 534 264 672 745 961 339 774 120 959 290 757 746 217 424 474 219 158 899 776 902 458 183 982 190 153 38 749 739 788 686 690 703 793 610 629 751 16 393 780 66 460 643 850 589 234 986 413 368 139 136 113 355 449 
301 408 670 916 373 767 975 833 321 955 946 462 778 768 325 162 638 910 555 23 181 742 951 659 577 862 795 647 759 902 103 379 310 342 300 69 669 177 623 61 493 751 726 341 15 850 492 7 170 650 363 780 11 345 174 575 462 893 581 579 634 432 561 83 873 703 712 835 923 351 427 850 386 173 153 370 800 872 805 460 400 547 654 540 48 943 766 319 875 651 501 393 180 507 354 271 630 590 811 874 612 190 636 31 70 315 141 929 608 771 205 937 438 725 393 577 945 287 535 890 870 541 907 416 987 383 953 489 453 935 132 388 82 855 279 634 839 964 322 398 838 743 55 264 320 449 528 987 530 468 233 153 226 273 693 370 680 987 565 435 629 975 756 198 544 239 341 194 563 493 115 981 378 803 238 357 145 351 165 308 670 383 606 134 749 38 112 796 404 96 898 211 422 181 342 837 360 346 562 782 739 338 546 898 170 851 675 14 708 276 525 396 233 788 104 281 723 335 842 5 153 921 774 151 614 528 344 4 172 935 281 566 801 780 157 842 35 574 703 864 227 121 344 160 9 635 687 557 244 399 40 532 312 929 583 288 182 582 223 794 885 26 321 502 80 839 453 161 789 9 740 948 527 565 926 756 604 162 974 470 734 449 524 428 325 414 338 18 741 29 55 634 583 908 726 909 547 300 205 929 702 304 223 673 527 176 834 135 640 522 386 636 323 57 974 183 938 426 402 59 325 723 348 23 856 428 199 704 353 719 552 123 372 606 970 101 122 341 40 946 704 565 862 361 200 198 133 887 793 140 44 333 94 758 158 90 178 685 313 6 492 885 427 334 125 316 67 600 857 935 449 36 859 97 628 412 897 301 429 974 305 908 923 574 516 941 458 863 478 564 381 244 45 847 937 226 47 485 262 689 954 114 417 458 578 36 349 515 516 506 771 793 361 460 11 305 507 56 311 641 905 144 312 760 690 107 637 971 338 224 569 122 598 927 638 874 442 6 17 124 425 559 28 754 111 710 443 532 953 52 106 83 274 204 203 587 970 767 903 184 881 0 59 808 941 965 680 473 846 538 255 86 341 656 652 779 685 160 711 435 227 672 797 553 673 858 710 437 271 125 319 639 920 165 165 947 847 731 96 228 
348 352 914 287 374 816 687 181 662 533 959 424 66 515 796 182 23 154 849 986 786 14 948 555 157 829 432 986 261 615 182 194 223 770 922 623 390 354 641 491 213 166 859 874 734 250 128 253 713 389 661 191 301 171 792 336 20 192 499 735 390 525 944 818 863 405 658 473 723 421 100 653 491 811 761 842 397 566 40 903 53 147 375 644 804 803 390 715 283 62 285 382 245 187 576 159 361 546 49 576 913 308 435 23 163 739 663 30 156 779 511 346 514 602 266 845 471 559 106 997 582 101 612 955 489 29 692 487 934 418 711 611 598 70 715 14 918 25 584 747 570 57 549 810 399 918 844 131 12 182 594 214 2 190 94 893 971 932 651 422 80 524 36 224 903 375 921 579 614 724 781 668 751 415 36 22 607 713 210 21 952 75 23 47 648 580 279 308 21 74 291 38 245 48 642 175 537 26 43 782 988 820 914 569 163 593 549 304 133 532 966 779 147 711 227 418 309 235 996 381 523 876 240 96 787 791 894 460 454 835 456 657 58 632 303 31 845 737 433 578 559 497 103 868 725 870 569 483 265 338 676 710 561 434 568 316 348 478 706 118 759 513 441 723 561 498 32 160 7 789 985 105 327 884 533 456 986 404 850 930 949 294 848 838 41 204 813 369 268 500 729 987 319 244 521 311 24 529 424 466 469 383 12 199 676 334 390 172 224 378 128 187 293 877 462 240 26 975 674 230 120 875 393 273 431 52 495 966 567 19 228 323 431 273 752 103 923 571 919 508 609 571 984 239 697 131 834 2 726 773 841 750 351 143 629 451 47 661 751 407 925 405 55 220 869 328 737 400 917 58 463 159 798 7 756 550 81 204 237 428 175 800 117 630 400 953 820 269 568 304 637 721 913 145 259 216 274 173 756 979 407 72 722 243 946 197 705 789 640 851 603 936 412 451 319 217 58 163 804 124 686 570 391 518 30 219 509 574 314 713 706 933 207 835 746 560 95 755 267 696 908 995 858 441 268 912 753 60 285 419 260 480 52 847 744 386 686 132 493 941 961 312 278 557 885 953 892 592 21 937 174 666 576 475 700 440 492 886 95 870 900 422 53 558 290 211 62 191 817 399 563 582 907 359 703 269 117 92 237 45 
440 753 464 548 82 235 599 32 860 121 746 818 749 680 231 947 673 279 981 386 16 716 76 573 150 448 72 329 686 949 253 162 968 923 541 632 56 782 371 412 155 176 174 301 310 753 177 710 273 343 829 692 375 65 123 390 112 333 587 359 170 982 689 125 138 196 115 337 413 685 811 626 879 602 377 695 89 647 567 847 407 159 608 635 45 558 767 536 616 22 788 632 742 25 888 975 931 865 936 306 950 11 312 586 47 375 18 117 448 724 988 285 559 571 77 104 308 664 152 979 72 612 847 643 231 424 916 848 240 841 29 865 145 355 131 323 380 914 10 701 960 570 686 660 734 11 256 801 985 907 779 551 357 519 743 721 301 907 589 968 378 324 974 637 294 173 700 870 85 316 288 902 710 56 467 962 788 585 374 749 931 695 215 168 620 321 643 430 265 567 160 298 239 856 109 227 760 341 54 69 588 643 929 22 510 71 100 222 178 149 679 560 414 57 460 87 30 631 961 525 523 628 145 621 857 929 42 362 522 280 394 27 928 170 436 557 528 872 571 633 78 97 951 532 918 269 826 823 263 911 284 609 531 889 311 235 916 574 226 290 633 713 242 96 592 314 954 760 537 988 86 5 876 197 32 161 706 568 678 252 709 847 191 683 17 95 61 958 392 435 803 113 831 971 543 868 827 377 988 384 654 908 904 160 988 604 543 440 182 698 97 275 913 838 536 812 145 674 674 589 971 846 696 387 872 945 126 206 379 237 47 305 977 38 742 630 749 45 771 230 128 411 885 294 193 454 750 688 501 946 616 504 482 953 512 291 11 640 950 756 231 228 176 144 720 563 59 933 652 201 446 112 901 38 420 95 78 514 485 632 533 848 279 30 102 191 407 587 986 529 437 274 258 779 378 930 395 856 744 336 756 441 4 345 132 870 424 960 515 653 23 654 833 823 589 612 219 497 659 367 328 99 897 981 333 33 452 612 588 0 850 207 114 428 679 13 459 146 914 593 326 353 817 359 555 546 906 893 259 30 755 259 8 52 975 31 160 682 304 119 560 196 722 471 701 257 501 365 514 148 743 766 824 188 638 813 90 908 683 273 786 629 500 265 898 548 809 573 539 823 140 66 732 566 608 959 471 59 298 188 
623 351 581 287 956 70 582 99 257 217 566 418 402 698 566 341 789 578 578 34 49 303 318 634 637 849 472 271 492 1 477 444 94 963 391 797 924 632 527 250 211 123 774 85 870 825 868 701 383 124 85 371 393 120 379 969 101 309 641 181 13 527 189 665 861 523 995 539 569 16 321 272 46 898 322 426 171 911 736 236 208 260 636 589 666 519 184 739 913 187 848 659 337 671 135 293 760 713 391 690 448 756 921 346 436 840 255 965 775 289 990 602 314 957 25 574 650 881 318 26 795 122 424 977 663 810 9 775 755 884 132 295 91 757 631 956 580 292 885 813 856 529 866 254 755 660 657 916 493 872 742 995 443 845 432 364 927 678 112 993 459 74 359 595 736 312 576 583 789 79 707 195 545 212 361 115 661 524 945 896 641 188 462 608 10 70 531 691 550 711 714 685 215 868 390 380 309 418 875 34 94 601 931 41 524 627 249 401 746 43 882 891 734 88 206 623 261 488 149 777 654 447 782 771 264 814 791 551 228 98 374 861 151 537 262 236 763 230 394 303 344 20 404 986 184 59 893 916 236 837 386 916 581 548 925 155 342 795 949 97 541 299 438 30 928 27 362 812 810 151 176 526 822 470 769 722 391 839 26 350 665 986 850 889 794 616 520 696 116 536 578 886 89 141 69 851 14 352 598 949 588 287 313 714 338 865 934 684 665 261 308 804 570 3 136 252 93 569 749 416 186 378 922 496 551 524 297 431 945 698 886 760 51 970 157 394 753 795 500 214 216 795 708 573 625 456 439 190 230 950 314 204 527 260 10 376 659 518 741 565 387 829 962 439 746 395 978 184 125 785 695 704 699 19 59 361 847 185 334 93 974 981 787 345 545 34 540 471 222 629 602 926 642 147 265 105 659 558 55 195 819 277 130 345 802 253 423 462 684 48 109 492 958 693 83 478 793 277 93 673 903 530 388 846 908 494 595 306 647 577 982 533 698 509 997 508 846 941 305 917 290 208 452 158 20 298 63 397 465 920 19 914 969 726 914 832 0 692 66 961 122 400 95 904 838 257 812 646 470 965 508 288 364 145 14 37 22 386 613 863 773 829 288 935 580 387 210 306 783 934 789 677 469 590 906 409 963 463 281 426 
55 946 150 125 47 361 1 159 537 528 599 115 212 770 379 41 426 266 953 294 248 170 476 37 10 784 387 956 963 896 573 820 477 117 826 529 224 935 114 852 233 801 204 401 233 551 855 181 713 351 239 44 619 79 99 458 178 295 11 713 262 147 537 914 402 628 479 700 749 580 231 878 540 67 456 375 432 47 560 341 701 407 119 453 530 641 759 973 876 681 552 241 470 528 126 914 625 129 269 989 264 274 758 240 406 768 574 245 800 94 128 96 280 465 584 188 948 370 958 469 143 238 634 705 830 707 70 538 337 590 43 99 475 72 861 876 64 300 985 885 727 526 177 169 120 83 550 878 745 129 144 233 393 414 413 853 902 947 467 522 86 203 27 969 673 678 664 960 596 978 814 912 90 128 836 278 745 137 619 28 582 386 193 552 182 246 219 864 956 395 739 94 486 648 18 825 17 851 262 51 774 952 688 324 331 451 253 935 864 233 32 908 840 423 84 912 747 981 27 436 230 216 976 487 874 106 679 1000 10 584 485 314 50 888 290 301 80 919 870 25 653 70 673 940 906 241 20 458 752 147 419 375 12 175 614 970 752 481 326 803 930 577 366 399 859 103 239 586 372 661 776 100 579 957 152 309 535 660 834 468 278 881 728 789 518 456 711 188 379 15 420 593 452 13 548 217 847 712 577 771 989 295 123 797 136 411 280 716 45 777 18 652 935 569 170 24 486 48 499 306 441 229 376 75 580 734 654 17 280 423 710 907 749 923 725 785 853 75 761 831 101 420 465 507 505 999 323 442 839 890 795 437 296 457 863 715 395 739 807 297 824 715 113 198 21 225 878 543 413 566 755 236 978 193 698 890 709 586 64 814 413 985 332 568 250 147 339 481 735 990 958 880 743 934 790 575 427 88 113 589 508 408 624 701 49 595 30 604 709 530 367 300 116 190 239 562 437 916 71 84 579 702 245 232 293 692 407 994 854 53 462 143 173 406 834 482 369 901 71 371 175 785 597 296 135 717 219 590 266 17 869 35 568 204 648 888 410 653 839 0 65 785 636 560 128 24 420 387 109 656 609 121 92 27 369 690 517 373 483 19 489 364 432 743 223 615 692 941 323 416 500 509 889 491 926 257 189 839 778 73 
6 492 1000 852 570 964 70 616 337 581 499 750 42 392 227 743 612 611 932 491 866 631 771 638 670 940 120 497 588 650 164 641 829 605 389 931 327 564 865 375 892 454 625 622 24 825 365 891 9 898 171 587 415 192 59 323 824 697 670 136 610 904 85 437 351 973 506 585 775 281 987 432 510 75 0 34 731 825 974 225 337 171 868 299 870 620 215 61 828 888 359 429 292 811 272 807 570 394 544 125 61 916 872 955 82 754 423 708 334 19 930 765 315 890 972 463 656 81 281 955 102 116 513 276 916 2 268 946 464 216 556 759 348 714 245 544 52 365 231 726 965 447 982 283 794 874 146 505 632 599 314 998 581 263 640 727 151 162 0 618 124 396 472 178 939 26 363 449 580 145 826 326 876 667 509 259 897 660 288 661 664 875 30 198 211 402 286 246 431 876 792 718 682 268 627 97 8 950 81 411 756 607 326 777 310 698 309 196 278 474 705 605 698 41 334 62 861 92 488 253 864 697 322 328 865 840 825 251 419 49 990 874 173 583 323 832 199 1 520 514 660 38 277 811 853 257 369 942 849 663 913 756 743 856 486 877 602 449 693 513 619 6 735 335 192 717 702 467 549 5 325 87 605 858 153 303 141 483 558 728 998 415 337 756 582 838 851 436 51 47 535 475 869 802 306 677 345 870 391 79 795 647 3 725 642 589 615 434 876 772 906 423 697 908 953 859 468 453 829 536 841 754 344 502 993 93 886 555 79 758 903 167 346 186 782 569 569 688 943 66 137 47 51 733 947 288 933 430 525 201 396 224 705 129 660 386 56 394 329 437 512 315 304 444 821 521 890 428 217 422 822 535 344 881 711 976 924 999 6 983 356 966 731 146 517 887 890 333 31 8 23 813 468 784 407 646 219 999 971 190 476 182 731 600 328 25 194 676 931 410 720 475 291 347 195 437 961 817 205 254 976 583 438 448 506 866 757 453 977 166 613 691 989 148 873 487 310 657 946 635 500 327 440 755 169 192 183 955 919 521 57 530 261 447 245 358 130 664 436 415 527 847 627 737 785 226 566 236 405 920 503 570 373 354 240 684 0 814 581 873 391 739 348 38 964 157 154 48 90 734 182 515 96 521 352 790 143 834 389 669 
961 337 576 627 85 595 131 750 662 391 118 721 983 718 229 589 833 56 588 750 749 916 973 194 776 876 293 361 595 485 271 855 298 528 536 720 753 704 503 371 624 166 113 609 772 533 818 194 240 646 118 160 241 240 618 597 431 243 117 36 704 48 820 213 735 639 138 583 233 348 432 600 259 357 706 200 162 927 365 573 678 683 632 820 357 103 301 341 410 326 495 179 922 939 540 643 216 759 521 932 936 425 885 801 639 941 825 815 937 129 82 491 39 922 313 27 176 121 191 411 413 195 700 527 893 963 514 816 11 331 828 473 904 69 80 406 581 731 967 393 984 910 183 661 834 265 887 617 37 398 445 87 724 889 894 961 741 587 728 372 643 368 198 928 940 597 832 801 956 465 165 448 524 637 310 364 908 732 351 618 277 57 741 281 160 98 606 882 149 534 664 370 536 340 431 267 752 446 168 343 73 210 709 155 927 636 683 601 921 753 77 472 817 593 760 612 728 19 86 335 333 90 546 708 800 521 835 653 316 138 483 189 93 16 741 288 257 497 137 293 393 315 879 268 175 165 700 124 543 809 130 600 827 160 567 303 295 379 656 809 486 297 505 655 497 739 556 913 457 810 58 798 522 679 101 549 140 167 13 825 278 474 988 12 342 244 820 109 406 996 413 953 567 142 893 759 376 140 942 690 776 571 975 477 548 808 454 975 913 489 135 583 365 724 724 14 432 65 394 504 814 492 731 489 73 794 389 533 837 527 635 531 561 376 85 659 227 529 743 239 501 276 687 852 534 813 402 139 290 481 869 302 467 547 39 481 702 743 387 837 552 85 981 178 128 753 921 32 494 769 385 963 437 717 468 814 674 495 24 701 74 434 392 215 206 58 23 412 769 650 765 978 967 532 557 359 161 957 310 17 76 59 725 152 564 979 511 679 170 159 617 358 14 279 42 689 380 649 175 300 109 663 823 749 341 869 895 418 228 408 44 14 765 350 274 430 481 292 532 521 75 471 573 329 44 726 660 230 903 813 438 783 325 58 861 276 591 227 479 555 414 468 38 686 772 104 754 721 699 150 833 161 914 721 576 555 523 289 379 353 200 595 185 676 181 254 720 883 924 772 95 262 349 931 574 506 59 47 606 261 
413 47 50 202 811 398 414 469 216 703 967 52 206 187 536 206 435 985 71 802 736 801 360 815 365 344 890 32 747 413 290 47 84 376 906 145 365 112 213 289 205 766 293 379 359 644 280 104 806 579 455 817 989 450 905 597 405 933 508 728 511 760 231 958 809 76 166 415 162 133 695 941 789 498 515 308 635 121 24 312 425 303 39 828 16 968 389 17 278 125 945 249 992 345 780 178 96 167 182 608 624 500 402 722 62 976 911 668 35 426 783 568 889 773 76 843 468 69 124 609 309 802 241 211 498 201 476 580 397 300 721 230 403 189 54 162 381 997 984 396 335 435 100 784 744 991 134 875 435 443 183 443 898 629 996 923 29 90 164 648 848 607 144 295 552 18 18 218 76 174 797 414 32 488 615 703 651 698 710 400 543 254 10 93 702 881 790 584 808 859 495 418 321 895 164 894 241 709 665 180 523 159 642 546 563 377 331 549 69 955 975 930 762 589 175 451 377 732 638 564 459 92 995 759 917 907 60 381 818 860 481 425 557 791 985 897 551 824 919 579 797 289 448 154 399 607 683 435 787 867 98 570 165 259 844 219 825 590 260 897 295 44 575 944 156 464 579 548 123 472 705 731 915 989 223 115 145 291 237 65 530 431 636 946 808 529 876 551 610 677 8 94 708 46 832 869 230 953 675 472 306 763 372 298 142 157 636 230 597 785 302 843 706 904 484 698 39 758 836 274 629 421 219 299 437 579 828 823 513 608 204 203 257 810 273 162 87 308 20 133 668 518 37 990 720 701 811 677 367 449 732 517 158 838 95 992 820 951 336 462 432 497 865 112 850 392 353 3 974 31 609 587 956 681 166 387 609 437 67 850 902 958 804 993 262 387 789 455 107 132 930 853 833 708 315 283 186 406 979 904 945 355 817 779 956 859 190 872 828 567 223 205 908 696 61 985 525 577 525 489 730 718 145 793 529 833 294 581 705 523 475 838 180 18 791 179 676 214 597 624 527 217 30 305 417 292 665 375 812 642 332 386 937 582 672 175 144 97 286 519 242 136 911 153 734 881 513 733 785 525 484 257 687 214 281 83 670 428 419 479 932 146 36 896 464 118 62 904 483 360 190 189 903 647 661 457 414 822 1 851 
164 949 500 968 967 212 365 554 348 471 886 217 372 976 240 863 927 454 599 54 86 659 227 209 366 292 14 204 84 493 250 322 125 544 745 850 364 995 700 58 112 30 464 983 627 182 934 7 761 978 888 79 752 866 59 793 264 818 573 338 746 823 635 92 762 693 740 753 731 351 508 816 338 412 803 426 662 67 275 617 152 817 668 994 270 250 432 773 996 490 494 202 224 104 371 850 313 161 861 232 597 311 915 354 346 43 859 462 945 48 141 224 998 812 669 769 178 316 91 51 998 463 158 9 787 582 354 235 740 367 435 575 875 271 867 674 248 371 296 23 827 650 775 366 773 488 190 150 968 656 893 827 924 154 909 695 16 440 122 786 323 874 970 850 121 853 148 933 902 789 272 87 358 566 526 827 117 276 949 780 705 327 86 390 772 58 450 524 17 647 560 256 563 212 667 405 553 186 639 76 538 594 137 131 474 463 155 152 400 390 395 560 873 301 502 144 820 416 206 114 937 313 472 138 830 875 545 539 100 424 833 554 254 121 233 457 24 980 190 840 482 846 758 530 886 573 784 420 525 503 258 568 681 855 23 929 645 599 299 628 184 53 948 983 630 203 705 41 560 36 466 829 534 882 828 517 548 468 38 529 219 339 748 618 850 747 572 484 115 807 564 178 123 165 179 4 492 243 568 21 564 402 602 384 695 599 718 453 533 500 509 389 4 170 91 338 23 366 169 866 428 934 33 347 355 310 372 448 586 466 303 227 165 516 179 524 117 317 78 893 723 784 224 844 536 970 12 309 731 751 946 249 565 647 546 83 352 871 195 104 234 255 353 145 549 790 459 701 802 528 920 708 549 535 586 87 874 124 805 534 1 623 928 701 802 856 801 804 927 671 858 671 73 455 778 921 427 443 69 222 463 940 10 684 909 531 900 675 218 804 914 391 382 318 83 843 487 867 209 196 390 833 738 813 760 77 220 707 580 856 316 361 409 502 4 331 32 763 621 271 271 710 859 475 760 512 399 406 344 56 382 323 333 963 550 512 494 840 979 727 323 521 666 209 896 233 515 1000 585 41 760 661 69 49 401 191 176 987 155 634 851 432 882 139 347 655 545 523 81 343 294 458 623 295 688 190 397 115 634 14 
314 583 661 544 898 385 112 108 337 782 52 483 520 806 635 451 284 349 420 549 751 769 25 591 361 894 21 522 202 607 49 155 359 734 748 821 217 837 745 489 935 339 946 595 157 759 481 550 884 676 606 494 960 373 897 959 483 623 636 559 811 557 157 775 569 767 154 170 736 409 78 461 919 16 986 632 515 926 832 66 357 516 228 1 474 86 512 519 586 147 832 157 531 88 812 612 136 923 471 412 477 677 966 479 515 91 79 84 173 955 446 827 268 972 237 19 889 861 289 296 930 574 487 496 200 778 808 600 352 607 72 343 819 244 315 286 382 363 558 441 495 961 396 19 707 116 572 698 278 225 662 450 982 492 790 982 16 904 448 663 711 965 279 234 538 546 269 360 854 194 594 727 875 997 450 866 303 173 381 308 592 243 719 76 320 241 367 901 814 303 963 345 388 173 833 358 987 679 152 544 476 608 553 613 505 225 61 410 109 519 500 661 472 666 678 240 657 671 640 553 668 155 543 208 325 39 323 316 441 727 564 682 16 992 886 471 226 631 676 847 820 78 861 573 471 993 657 548 583 138 587 678 20 757 700 682 133 696 501 758 329 746 22 20 955 268 391 896 891 384 510 645 358 765 160 437 678 522 117 374 543 369 450 954 2 330 50 455 948 538 921 474 37 54 314 164 653 894 294 981 735 251 689 263 519 761 916 53 192 224 696 940 385 868 918 999 770 275 951 984 487 507 437 482 824 57 880 428 751 700 706 251 258 8 121 427 729 617 102 863 98 15 210 599 387 96 779 783 360 417 546 418 989 555 270 888 566 612 306 808 276 272 817 607 750 571 606 334 917 107 824 220 689 490 174 739 903 539 31 831 553 215 277 383 667 262 384 578 174 325 745 216 523 809 349 118 363 372 247 250 945 332 595 208 430 486 68 216 627 109 312 957 698 299 841 291 565 394 194 307 666 1 988 830 318 164 771 574 129 599 323 619 852 412 995 159 391 728 847 330 62 820 552 838 177 696 114 934 487 324 143 414 598 420 130 550 821 427 880 857 327 228 618 828 953 84 587 45 34 76 753 396 515 54 11 379 806 563 123 382 805 563 497 302 752 137 349 763 590 292 666 826 868 717 887 725 727 116 690 668 
126732 123610 126585 116617 132367 121873 123544 132022 122474 120510 129438 126341 128921 120804 131647 126656 127121 125300 125792 125143 122913 120552 122643 127010 119505 128315 123325 124821 122432 125590 
