500 30 30
-16 -259 -50 -88 426 -144 515 -117 -160 -191 -72 -264 388 340 490 336 -22 377 -6 -146 -113 431 368 -31 -236 -174 -155 333 -94 -162 448 323 -92 -242 386 281 361 -183 383 -211 665 399 -50 369 417 425 -42 -133 -17 292 415 305 -81 285 -133 338 -143 343 -165 -161 -121 374 293 -148 -118 369 336 455 -229 473 -117 -210 -280 433 336 420 -44 -226 482 -88 282 -147 -69 -127 509 433 -223 420 -115 623 -188 -140 -217 535 418 323 -47 339 -242 -24 -75 538 -281 -172 307 287 -155 623 -90 -148 288 -170 380 -239 -276 -71 293 319 -194 -72 313 543 302 -170 -102 -91 -18 -164 299 519 332 320 469 321 385 422 332 -32 -147 440 -3 411 -89 -245 321 -117 388 -247 -32 308 401 -58 -146 -146 -97 297 -230 -167 329 -52 -250 -191 363 381 420 459 469 -35 332 383 427 332 450 357 427 468 372 -197 497 439 -207 370 -95 -128 429 430 515 -60 -35 310 -199 449 -227 -138 411 353 398 -18 -138 455 -27 -28 -244 570 -17 532 482 -130 -64 399 434 -275 -115 -279 -37 -129 457 -147 -250 321 -178 477 373 -209 -269 366 -117 415 -101 488 -272 -17 513 302 377 -244 384 -35 303 308 329 413 478 -164 -1 -169 -187 491 -195 339 319 390 -153 -155 356 -211 -70 -12 -280 -143 -265 361 285 336 -133 -28 -179 -108 -59 -142 428 -103 -165 -151 362 -154 321 347 -9 -133 346 441 299 452 628 372 446 -143 339 -188 463 287 388 313 553 -76 -133 -48 -115 -103 -17 -27 -111 513 405 290 289 286 -258 -67 -98 355 527 328 433 -86 337 -180 340 319 -116 365 398 527 -1 -133 419 283 -67 -217 441 -213 -182 323 416 -99 459 483 -183 325 459 296 -65 433 495 410 524 -233 502 368 455 459 457 -150 420 -214 -15 403 -8 387 351 353 -31 393 -13 -19 -118 -246 358 293 -75 -78 -214 -125 547 381 436 -282 -48 -223 387 -142 -101 425 -91 321 -156 309 -56 -187 398 408 372 314 337 -123 428 -224 494 -216 364 374 -14 472 -264 421 -121 -225 -258 -11 -145 391 -218 483 473 -253 321 338 429 421 328 -187 -37 -41 310 -153 410 -76 -45 -268 -111 -16 -155 -93 420 533 367 356 393 358 396 356 421 -147 285 486 337 -111 412 -36 331 284 -157 405 421 -173 -146 306 -28 -16 -124 342 -130 -186 -231 -42 458 -13 -9 -10 -73 -98 344 -171 -112 347 413 -211 -98 344 -34 -117 305 -41 474 451 313 355 486 -108 452 431 -52 349 -241 -194 -193 -31 -203 482 
565 900 756 630 153 937 195 209 589 226 263 41 170 689 701 506 93 909 656 845 910 480 294 117 287 625 104 229 605 682 169 802 912 882 268 661 347 712 315 108 426 460 12 797 798 661 898 538 706 770 459 451 890 601 159 230 897 337 588 303 39 25 153 7 532 428 176 54 880 955 683 881 422 416 891 874 59 195 610 121 274 983 734 54 318 18 530 804 308 920 332 644 550 756 33 543 768 275 336 609 928 456 345 294 343 199 515 966 378 355 168 288 407 525 665 823 672 643 129 407 170 637 971 166 946 909 194 930 884 478 332 254 507 714 461 21 951 160 766 362 714 907 314 509 329 228 468 982 970 787 322 351 50 1000 399 299 412 916 203 128 136 806 11 46 169 86 73 244 157 971 249 479 403 718 905 465 254 403 158 347 835 162 822 691 972 74 473 372 898 912 742 73 933 650 486 327 307 406 867 124 97 625 143 555 549 121 676 581 319 682 176 94 427 417 524 925 184 706 616 841 430 129 832 908 137 882 597 105 152 138 644 261 596 58 814 191 864 87 13 791 349 482 297 295 747 63 901 292 87 528 213 451 639 40 452 59 70 695 519 214 472 145 851 535 164 365 431 115 365 749 178 704 391 234 258 774 633 621 377 775 303 726 680 840 925 213 920 620 971 65 85 77 107 995 818 266 3 586 890 343 370 181 547 440 181 691 827 323 695 170 184 568 378 33 697 9 64 686 437 201 304 983 695 246 505 121 750 518 304 82 655 555 809 87 145 559 143 620 500 254 148 31 737 837 79 435 903 14 601 365 851 616 453 993 244 97 883 426 738 331 875 764 613 255 914 106 644 132 390 109 340 6 512 387 333 727 95 3 507 807 687 90 121 658 27 960 662 133 64 679 516 185 52 329 220 307 219 278 828 209 720 495 604 381 148 126 611 127 336 58 212 395 777 636 856 864 321 995 66 684 943 583 933 608 556 256 662 935 333 580 360 277 927 202 580 769 486 537 397 363 636 703 684 452 169 644 312 976 783 763 915 436 955 11 485 799 98 41 153 419 473 387 553 104 954 133 819 156 728 308 857 276 281 899 921 705 927 225 88 483 389 479 623 975 369 2 547 936 774 37 638 934 390 476 599 129 201 280 138 652 
217 525 575 914 17 549 347 242 489 355 969 81 963 375 871 403 66 228 608 705 440 539 860 250 908 790 570 74 757 420 81 195 297 519 713 837 740 182 188 742 601 715 547 442 625 236 834 489 159 66 340 236 872 236 525 493 923 745 649 329 932 576 991 79 456 943 381 509 104 573 466 15 78 616 134 750 344 629 258 826 671 524 990 167 534 759 366 617 172 318 437 568 192 860 941 961 183 159 35 674 150 282 862 691 272 539 617 861 615 675 308 364 626 545 223 580 579 597 386 468 693 493 413 133 992 633 267 857 340 927 781 820 911 422 927 531 679 899 533 143 86 277 723 416 424 473 815 297 150 253 79 184 64 348 170 649 940 343 568 839 329 942 833 107 338 889 870 120 27 512 529 708 93 124 733 886 770 588 957 119 775 248 206 563 772 438 180 181 868 917 941 643 621 300 56 206 71 129 467 168 421 595 206 571 429 919 299 270 134 804 186 822 206 189 23 462 537 944 331 767 297 139 746 61 528 266 193 767 975 608 989 980 804 836 204 566 108 223 181 424 902 966 686 927 884 700 49 633 919 453 854 960 202 506 607 13 667 503 869 644 600 342 974 684 352 250 347 195 300 307 98 332 457 92 289 392 471 422 837 884 87 250 166 752 711 369 411 243 724 844 356 671 420 898 683 73 921 325 338 708 396 531 339 34 255 598 938 922 553 314 667 152 744 257 490 879 944 97 7 855 461 56 38 190 362 861 183 457 599 950 530 559 476 272 152 929 129 298 458 733 401 353 82 963 434 562 4 53 477 841 578 849 477 308 946 987 578 598 496 580 851 412 619 950 541 225 48 315 445 715 88 944 743 834 123 205 237 420 994 962 502 769 502 512 676 167 993 820 140 565 215 244 675 704 948 55 581 567 573 775 109 766 414 725 995 302 630 360 841 23 92 733 508 138 184 262 499 137 970 731 808 699 124 608 913 449 510 795 510 329 764 556 400 6 434 147 798 388 403 267 238 964 884 544 366 220 299 873 760 891 782 894 799 255 574 656 476 671 177 763 159 792 392 964 902 920 492 98 711 972 273 126 493 466 760 10 636 69 13 715 581 964 517 302 784 506 878 804 580 99 164 829 120 787 791 661 503 702 349 601 
213 487 569 961 741 458 64 186 870 296 527 514 385 133 71 851 355 811 380 219 514 92 640 74 369 931 258 673 932 640 877 730 547 148 650 155 190 499 254 178 540 754 1 824 668 269 59 717 328 10 919 735 405 947 581 786 339 390 352 614 452 725 364 227 334 724 373 222 352 621 360 760 39 158 162 323 766 949 674 284 439 32 368 774 916 592 146 533 452 583 899 997 702 117 673 118 423 534 322 728 348 953 135 686 750 465 932 820 320 148 756 144 649 53 327 122 89 425 376 787 518 548 752 854 92 609 622 97 119 379 113 907 832 327 906 754 977 421 796 643 40 778 25 401 69 568 427 617 732 944 423 299 568 501 730 882 638 928 832 141 645 682 393 277 534 973 650 134 480 90 205 552 480 384 80 366 802 857 797 997 491 117 319 799 90 51 447 367 658 971 882 131 449 812 539 487 253 294 991 576 171 783 173 363 959 678 401 561 107 217 293 588 88 775 511 686 261 285 248 422 778 33 690 761 131 528 191 545 397 87 897 201 491 132 909 20 941 307 118 17 229 495 107 79 545 686 792 408 175 75 509 287 229 346 57 400 283 534 484 820 375 859 519 713 262 786 652 59 659 319 237 205 337 92 854 214 728 323 601 852 154 150 101 561 779 775 198 392 418 391 587 734 737 975 354 720 766 480 907 608 415 163 879 879 520 191 951 401 572 254 796 116 973 182 393 670 268 888 674 57 735 138 396 608 805 509 777 342 970 431 442 387 123 758 579 693 625 760 77 872 318 981 39 574 792 466 553 397 144 116 925 995 890 440 606 354 738 165 350 139 66 406 289 12 462 584 987 585 116 552 641 683 44 714 946 276 300 778 940 886 392 363 343 942 763 904 642 708 768 582 439 183 167 493 439 154 488 898 629 465 217 871 851 786 136 757 478 780 567 983 716 872 66 398 359 450 618 763 424 302 431 568 364 754 608 565 685 615 258 52 681 454 841 35 875 725 281 653 243 855 891 424 302 453 296 156 358 974 480 192 903 591 872 332 791 875 108 973 83 785 738 333 664 881 282 687 680 868 775 43 497 13 255 533 389 315 50 45 68 252 523 759 297 393 1 481 262 548 917 926 184 650 130 197 50 584 366 480 195 478 
986 270 608 974 331 759 855 508 598 570 864 459 381 513 315 115 108 328 970 212 899 416 269 320 9 733 119 380 300 625 916 109 51 78 55 434 247 102 685 438 517 171 3 514 373 286 400 756 16 816 754 818 676 681 650 733 255 732 334 293 284 343 298 976 480 380 502 602 820 345 286 339 992 223 621 83 44 460 558 214 854 57 799 296 793 283 438 951 820 619 40 323 671 948 62 886 91 255 959 587 552 824 868 569 742 734 501 500 88 742 990 207 356 100 937 780 715 566 170 95 961 521 925 214 35 1000 728 705 235 184 312 320 941 356 132 313 95 649 540 383 195 313 464 281 564 625 647 383 129 657 718 949 772 198 860 918 642 841 8 191 640 814 634 400 866 148 585 651 147 311 282 322 204 447 475 874 588 246 522 498 179 469 145 353 655 347 295 130 443 138 181 929 571 729 572 403 663 353 153 719 603 233 382 582 947 432 784 252 614 750 570 651 930 232 84 275 617 528 627 988 846 569 487 400 362 146 424 649 661 442 333 781 237 94 145 707 408 107 646 805 129 550 143 651 900 661 127 739 434 771 67 675 947 366 200 138 423 985 131 665 338 976 117 693 131 511 523 449 27 560 583 750 230 769 240 818 67 322 898 201 491 511 5 278 299 777 854 40 769 29 752 493 632 458 760 671 436 963 580 537 701 504 145 663 547 924 742 608 558 31 516 869 474 577 714 631 140 371 482 362 648 998 757 611 166 784 15 523 144 634 27 672 781 594 844 712 786 937 409 525 261 156 134 151 145 972 577 844 632 500 379 720 988 549 195 245 20 795 130 881 784 341 921 305 539 343 994 961 490 664 416 281 448 850 631 743 335 629 860 167 926 299 339 554 950 737 66 593 963 186 152 808 722 603 501 323 935 510 401 530 507 592 284 796 383 49 153 700 180 582 240 662 863 152 184 200 301 251 945 65 985 670 91 890 168 573 352 894 921 176 602 131 757 145 413 502 251 240 874 440 193 639 744 298 665 68 698 282 881 250 825 579 464 742 984 605 865 338 474 90 602 436 700 372 1 684 850 271 691 695 930 737 884 398 42 324 86 766 3 88 834 758 810 496 535 451 370 259 629 619 211 31 304 938 760 452 534 200 60 718 
263 471 26 961 375 470 223 658 796 287 641 729 912 736 651 920 254 628 583 282 884 839 90 508 509 115 110 629 259 854 315 437 287 175 594 838 857 93 183 269 853 222 956 911 635 311 981 931 597 121 384 700 823 54 216 827 688 951 342 822 618 973 838 994 699 432 794 690 826 907 537 565 609 948 558 465 364 12 312 353 533 867 636 127 12 25 877 266 1 676 311 6 891 53 430 703 660 185 586 427 618 720 710 626 798 88 549 46 298 303 36 450 180 50 397 540 789 607 704 315 761 381 906 287 660 991 843 546 321 395 193 322 105 277 310 116 77 354 297 671 709 278 192 230 652 404 984 508 97 897 978 436 39 631 438 591 119 387 636 557 450 573 799 775 768 954 288 603 631 475 900 485 637 739 164 677 444 452 520 725 417 855 627 70 58 316 325 744 995 935 787 438 575 247 390 10 390 830 13 630 27 730 252 686 498 118 522 287 813 263 83 480 603 375 923 170 268 340 173 624 320 574 685 406 144 266 676 843 827 617 965 255 289 184 514 603 13 246 176 691 397 695 786 117 513 755 553 126 501 926 158 240 502 333 301 117 526 262 170 218 7 196 272 973 898 684 37 157 205 195 455 107 598 388 5 644 378 459 85 307 115 546 882 424 485 719 249 739 847 113 111 671 163 614 941 559 252 631 742 394 938 598 31 654 198 765 843 893 966 886 201 825 624 529 279 904 518 865 330 648 853 790 236 562 133 88 93 463 745 440 45 187 148 327 223 195 975 802 437 55 885 300 995 768 458 146 245 232 687 309 384 964 47 42 313 147 527 1 495 875 920 80 90 768 75 652 768 339 624 492 419 148 47 206 908 664 579 294 478 320 922 523 970 247 854 639 374 274 328 138 796 965 777 69 588 961 800 247 977 135 530 683 453 83 973 435 796 89 26 116 400 904 454 914 225 569 384 901 410 382 56 218 60 643 772 946 444 950 937 184 348 909 299 397 930 595 181 60 626 291 904 541 164 848 52 522 701 978 207 931 214 737 535 593 159 262 817 797 362 279 712 238 719 430 229 820 506 14 105 248 15 493 931 584 257 376 626 556 829 962 577 385 842 498 966 320 684 455 977 494 541 315 652 818 578 675 535 80 871 795 
408 408 690 665 285 973 360 304 322 623 386 520 209 936 845 416 84 319 36 524 307 462 678 324 358 499 63 898 657 392 439 217 131 275 29 750 365 293 953 39 427 36 332 630 268 807 504 68 929 980 799 286 15 140 500 393 732 793 420 796 955 757 891 457 616 825 54 667 259 144 475 583 765 738 738 474 75 775 667 927 381 793 900 997 69 288 465 433 288 613 778 809 14 958 170 980 281 899 133 314 207 141 936 831 232 609 789 982 175 631 373 519 160 486 452 961 53 915 59 790 840 270 912 817 336 795 486 912 845 273 52 793 978 220 534 966 796 162 853 520 566 720 463 501 522 650 375 618 544 117 35 558 743 13 479 980 883 157 309 438 868 890 705 721 186 101 37 606 266 613 106 506 938 937 273 121 796 278 308 687 805 469 104 499 722 489 15 666 838 179 71 870 750 326 636 923 977 522 174 117 753 808 443 490 898 426 402 756 917 601 468 866 555 403 547 731 42 514 936 914 2 550 773 112 892 397 271 429 646 304 473 68 905 766 569 841 47 420 715 604 357 179 951 826 437 832 372 663 40 73 537 350 469 509 143 660 604 481 144 784 945 753 190 83 514 204 371 831 367 398 804 690 892 277 269 447 544 755 850 136 122 318 763 965 953 312 405 138 432 191 976 740 315 492 844 611 372 941 82 13 836 161 293 469 675 94 277 584 197 421 751 44 538 800 437 798 388 536 582 994 831 777 294 257 650 698 988 994 648 262 350 377 885 524 69 151 392 927 16 839 101 629 104 876 72 239 729 99 168 5 659 804 721 422 580 575 536 563 366 169 277 857 703 892 98 856 749 143 37 79 101 786 951 499 976 248 114 292 756 322 373 94 652 200 935 711 655 838 244 61 825 896 570 46 244 37 283 308 748 141 209 415 333 979 899 632 389 368 593 478 449 669 1 499 841 477 839 628 994 238 38 490 639 599 610 852 798 502 169 585 676 200 812 806 88 408 249 715 400 804 46 558 454 82 813 933 1 221 107 91 179 639 567 394 877 222 82 931 765 182 706 406 243 506 54 220 694 114 530 221 97 179 776 619 692 178 186 891 404 679 18 191 979 417 933 404 342 604 979 644 192 717 304 43 817 298 984 98 54 41 
188 870 63 551 463 453 339 85 487 653 124 154 620 645 970 155 234 401 400 715 366 982 776 723 754 321 103 479 721 975 489 646 665 236 843 263 555 557 843 443 772 820 191 80 337 111 679 183 949 48 612 810 610 106 789 791 608 311 765 242 457 860 431 127 784 609 549 19 877 522 603 797 785 240 670 711 362 181 979 268 550 865 569 40 455 111 222 491 571 942 499 444 920 160 191 125 129 133 20 418 19 645 131 969 727 80 888 664 261 78 622 457 197 317 128 919 877 957 876 365 337 853 265 459 446 916 498 792 437 967 361 582 183 389 821 991 253 60 671 683 140 194 7 704 203 491 641 13 765 77 967 703 988 541 750 864 443 639 656 952 898 287 940 829 872 83 943 105 170 381 569 337 406 90 183 775 870 188 492 788 5 535 591 463 595 981 906 755 856 937 688 708 394 590 620 1000 662 294 418 62 512 330 470 320 844 493 310 111 192 831 792 530 863 329 723 654 918 5 487 357 236 891 891 374 260 388 298 64 434 687 45 590 767 212 455 385 236 532 659 360 848 556 918 120 602 326 988 956 637 158 435 20 671 213 49 237 520 511 598 883 442 861 737 89 109 650 868 180 512 38 687 683 206 820 278 103 398 627 121 562 657 839 263 921 857 550 753 561 422 42 408 842 176 120 822 6 636 285 85 177 598 707 194 982 91 631 7 541 427 435 740 870 569 697 442 595 27 950 13 585 599 378 647 989 35 633 204 463 434 540 977 976 32 172 860 602 781 779 506 163 938 651 338 257 420 699 245 404 251 862 482 527 209 705 196 197 419 735 506 90 977 623 681 232 190 1 780 95 478 75 207 753 554 581 598 75 413 62 440 371 675 437 395 345 262 991 502 696 337 699 393 729 265 831 61 267 214 857 163 61 837 644 269 223 899 929 6 652 969 321 755 808 978 691 934 441 293 987 975 311 99 964 481 194 144 171 549 456 858 412 328 4 202 865 117 845 741 102 3 828 737 565 485 922 216 345 860 725 759 229 52 993 859 603 729 47 224 508 536 303 944 435 781 707 141 967 207 715 80 140 605 346 286 129 423 747 981 751 349 318 34 574 672 288 72 623 514 54 567 953 678 367 602 861 368 396 143 896 723 289 
829 484 475 768 335 669 857 906 938 964 688 84 720 893 33 795 266 201 556 728 623 171 129 874 31 330 585 38 383 684 344 150 666 45 694 789 364 626 570 686 822 440 582 560 103 843 600 778 273 912 222 789 599 145 839 102 736 115 41 808 261 146 318 708 577 832 686 152 541 455 379 897 441 268 847 96 161 631 333 324 533 268 297 933 856 571 257 692 595 424 992 396 97 114 855 962 921 324 523 43 186 933 596 241 675 471 410 949 326 250 455 115 791 646 373 832 208 538 790 181 258 328 110 929 667 741 657 807 826 865 156 388 612 619 28 783 244 10 848 887 716 475 687 957 94 661 761 438 929 78 648 623 444 139 874 46 435 194 229 429 29 504 185 557 282 90 52 411 868 244 153 118 908 866 781 252 330 26 583 839 978 309 301 739 481 266 950 828 90 426 571 906 336 689 556 964 652 473 700 142 948 165 892 897 399 72 217 222 691 156 908 171 235 138 717 73 233 820 647 868 703 476 410 679 557 266 395 162 98 216 339 46 347 470 818 618 140 452 506 221 442 867 619 10 340 250 361 297 636 314 624 196 106 96 507 13 179 22 943 520 684 248 834 628 305 255 27 720 75 455 657 959 453 376 546 675 85 119 961 907 467 427 183 589 51 895 654 298 922 370 783 308 162 584 545 912 902 14 262 82 997 544 709 741 134 603 98 696 183 769 277 759 573 8 509 799 979 729 834 215 115 201 685 311 277 489 560 50 219 950 917 330 760 272 663 463 428 331 867 112 337 775 28 301 338 304 665 322 784 773 368 644 156 264 527 289 692 314 302 321 478 892 493 295 302 670 551 613 423 816 788 402 939 193 503 877 754 499 364 862 52 451 1000 985 751 481 837 978 223 428 852 831 673 842 377 552 86 322 437 575 743 411 446 24 533 936 182 119 117 410 430 331 54 276 577 534 443 708 257 90 446 214 161 811 635 200 599 886 728 365 112 21 317 939 304 944 423 932 113 554 28 788 335 921 286 775 604 411 312 200 72 545 858 376 71 781 36 69 72 594 68 487 633 55 911 857 476 339 834 355 303 304 694 322 430 728 396 492 921 96 814 613 685 6 641 635 524 460 84 186 588 410 866 391 319 301 599 788 416 593 
140 8 792 312 627 795 948 896 793 60 95 965 174 76 910 883 437 31 192 322 828 453 818 815 339 565 988 47 60 292 996 835 479 400 654 417 875 1000 769 8 500 591 959 146 222 44 909 255 573 851 477 501 619 713 83 265 390 817 486 637 511 330 738 167 906 365 151 285 862 288 116 626 300 52 841 734 560 214 255 481 833 471 577 727 648 435 278 425 147 205 389 542 238 493 736 670 166 519 116 938 549 19 630 284 132 891 333 347 931 145 407 899 922 516 652 86 182 262 789 701 890 870 539 828 603 614 271 168 689 29 108 761 734 650 831 32 153 645 290 960 80 333 163 516 534 161 432 955 18 535 270 246 891 438 806 917 805 852 734 157 365 847 953 195 755 340 350 820 212 329 297 444 125 443 508 387 751 366 603 910 565 464 330 651 807 621 790 59 348 72 166 181 305 942 737 342 555 418 4 650 78 48 273 728 492 539 537 473 644 412 653 48 304 961 456 254 821 914 357 164 808 841 951 456 773 601 812 131 151 75 649 960 278 457 796 869 371 619 459 783 205 59 264 591 250 569 713 366 964 61 169 433 65 56 657 709 489 897 259 82 325 976 396 935 956 692 8 513 868 318 666 995 419 922 682 660 259 1000 117 275 567 663 315 195 608 852 195 110 629 149 958 843 7 416 862 967 248 210 317 901 319 201 358 302 884 865 652 895 259 671 795 12 803 31 986 600 460 997 126 338 58 301 749 118 891 860 151 193 978 19 861 401 202 239 686 336 730 537 645 600 250 93 220 283 377 333 799 465 485 660 657 512 863 474 503 275 747 939 175 955 659 910 38 206 534 101 915 9 700 905 702 902 305 251 48 607 146 755 170 662 619 712 341 802 748 948 125 970 183 453 797 342 258 691 512 634 868 325 420 137 298 954 287 291 799 528 47 871 421 726 547 887 334 890 914 742 713 946 247 754 645 603 690 418 431 491 981 62 667 615 227 352 948 451 200 614 180 709 864 548 434 304 801 268 478 633 688 686 374 12 997 5 350 524 477 454 522 685 331 530 859 378 6 422 762 484 432 543 504 745 28 247 409 488 909 453 668 782 390 192 108 11 534 994 355 753 359 468 331 737 787 133 516 654 773 395 77 158 312 645 
595 524 715 622 491 135 807 754 127 344 629 261 905 54 50 280 555 993 952 451 883 896 764 329 15 652 730 294 380 593 592 778 886 799 212 2 278 884 926 307 615 728 661 405 55 806 163 321 150 349 520 603 816 890 247 701 35 747 419 353 383 764 591 460 112 793 456 227 524 624 731 71 268 277 853 345 693 482 591 395 181 860 134 635 300 534 412 889 327 484 264 779 486 359 358 37 312 363 262 345 740 330 182 904 223 735 687 311 948 314 15 680 222 734 355 469 654 964 3 660 486 806 107 291 777 923 205 443 137 764 96 380 590 227 270 21 223 15 56 440 170 87 610 406 691 44 551 463 887 261 491 144 405 593 130 515 569 479 707 743 536 725 996 868 195 858 948 925 83 428 507 684 329 136 586 934 307 334 969 259 997 896 613 59 53 894 702 889 93 139 937 593 534 69 722 249 129 783 968 786 461 991 158 130 920 46 645 448 166 546 810 471 370 822 832 719 471 853 998 526 37 32 999 706 692 93 844 779 658 115 577 594 13 583 314 684 591 488 755 260 596 259 82 388 381 774 181 562 538 388 915 747 9 70 724 992 945 188 112 850 733 517 520 702 537 20 390 921 446 151 917 275 69 518 209 347 94 577 652 85 670 982 157 918 609 948 210 348 765 986 855 902 994 902 573 287 139 55 451 393 509 274 323 987 362 470 494 586 261 534 269 681 355 584 612 312 822 450 582 638 696 752 584 582 73 501 8 187 689 72 905 627 797 578 733 788 786 728 121 394 554 269 551 332 689 317 511 713 390 841 699 478 122 613 692 748 987 99 824 763 205 622 576 433 477 174 402 592 493 542 924 731 638 959 283 847 73 162 503 881 211 704 447 379 732 706 915 230 742 727 822 807 470 425 935 521 941 118 315 742 243 95 845 301 328 27 745 930 673 577 348 552 636 640 211 983 285 30 405 606 500 738 297 167 109 906 31 117 269 323 488 406 796 436 477 784 432 754 481 341 571 650 685 670 474 568 870 985 613 218 193 426 180 267 42 283 584 816 864 419 229 948 969 808 289 853 524 372 678 363 298 968 614 404 571 691 219 424 338 441 620 141 192 452 319 234 881 723 897 148 9 605 46 706 765 603 161 496 337 161 
946 471 268 59 955 727 637 511 57 697 253 302 282 999 425 954 443 344 366 647 119 525 691 825 862 860 148 737 924 688 149 526 413 637 961 686 584 212 469 770 626 891 55 42 880 1 334 645 538 852 312 806 930 507 550 208 815 923 192 48 394 682 839 821 101 45 439 280 103 386 457 83 256 596 914 795 301 682 469 981 738 799 336 850 778 287 569 90 425 262 695 434 459 600 633 605 28 360 799 403 111 410 946 44 731 887 492 291 200 51 30 626 173 8 478 946 720 224 381 551 970 957 954 917 616 802 937 645 897 797 632 438 816 843 623 219 753 153 485 616 844 747 563 756 891 855 881 693 882 615 498 183 883 713 529 882 127 743 503 991 636 893 796 128 266 181 825 386 252 341 87 147 566 579 794 755 394 501 882 517 930 923 543 714 821 178 779 74 634 583 733 897 790 663 872 43 277 89 232 599 610 640 288 461 239 58 563 447 107 122 81 896 135 13 326 456 823 623 257 523 776 883 137 293 198 980 15 413 42 631 707 588 597 332 504 652 344 792 592 472 911 445 109 744 73 148 996 857 225 800 314 694 337 370 411 153 315 195 335 527 288 573 996 823 740 713 721 713 664 94 479 838 677 518 96 259 625 761 588 645 211 549 800 339 870 173 829 662 823 749 209 266 583 14 184 753 488 325 417 228 823 212 705 369 893 406 431 770 277 219 780 755 725 192 824 106 765 123 309 212 858 97 277 636 31 55 778 570 207 339 337 373 445 257 397 560 808 188 5 966 55 58 901 101 864 902 997 235 256 148 956 403 242 711 442 6 576 899 392 674 27 401 720 684 834 45 564 421 588 265 968 357 822 447 623 338 715 337 189 558 342 649 913 652 489 152 105 568 771 215 523 673 459 943 72 521 759 257 326 398 91 820 737 584 746 489 33 329 518 241 538 731 399 426 278 973 797 227 930 874 167 541 851 455 239 485 390 907 899 812 451 221 860 821 455 879 835 689 564 148 737 604 441 73 340 678 256 966 592 65 844 604 692 581 863 580 23 797 941 924 934 726 122 520 431 253 836 66 402 486 831 145 988 973 29 730 147 541 706 905 985 809 272 726 578 742 1000 120 460 428 251 243 152 720 332 209 492 956 782 329 
830 953 564 345 416 441 692 901 646 784 594 805 241 156 902 872 361 832 510 355 348 252 881 431 377 146 256 406 187 480 997 211 343 865 833 285 12 891 623 217 964 646 769 890 382 817 918 498 649 524 592 541 945 156 583 346 810 59 720 744 117 468 682 82 469 631 662 707 527 984 973 368 301 695 727 896 586 824 303 420 427 729 559 445 730 349 676 506 185 379 890 759 801 573 301 205 808 826 421 868 404 938 927 864 698 508 843 998 484 994 234 813 910 224 835 509 567 287 209 257 544 499 814 267 983 5 46 900 264 962 588 696 232 217 165 651 729 989 374 118 396 926 454 911 690 952 723 684 849 976 494 301 534 674 958 60 327 756 140 382 582 184 60 863 364 372 631 191 812 513 456 382 634 237 436 376 431 561 712 129 582 978 106 167 572 865 664 906 721 833 841 925 345 339 380 553 305 739 532 845 202 856 872 432 127 862 380 394 334 796 634 749 768 637 886 280 216 895 620 245 974 100 362 159 905 140 669 622 14 903 573 333 923 963 751 114 561 522 822 43 205 873 432 425 326 80 402 118 796 60 932 333 349 134 954 614 222 2 231 206 139 535 953 432 607 409 405 253 778 720 489 997 158 406 468 243 400 987 21 58 943 289 582 330 797 367 127 640 328 509 482 648 552 556 674 44 958 475 257 650 609 977 910 286 608 414 748 36 54 55 73 532 433 910 435 908 729 941 122 646 792 110 485 734 510 205 694 202 753 840 844 311 38 668 805 767 579 78 856 845 577 532 683 868 274 953 466 946 6 859 746 472 557 725 649 759 795 507 773 994 303 585 350 757 274 113 997 192 864 521 561 220 640 448 710 218 386 85 836 838 413 366 232 246 335 905 797 762 809 501 401 867 296 493 607 716 443 257 735 370 629 492 511 386 442 158 40 326 154 903 281 646 423 800 148 225 446 370 402 457 479 779 328 167 420 444 326 124 899 291 67 3 580 913 698 847 337 491 58 831 873 641 184 716 731 977 790 791 978 777 512 834 581 254 570 293 739 559 564 197 145 960 304 84 492 640 529 547 597 369 643 431 375 235 115 62 489 800 181 617 164 645 359 95 419 85 409 237 390 821 792 591 445 23 719 36 749 696 293 941 
484 496 709 181 564 252 680 750 233 421 378 38 2 199 54 878 450 217 619 886 276 383 132 170 216 561 152 573 735 969 390 927 184 823 662 32 648 428 207 746 260 313 468 448 566 598 822 640 585 681 473 722 677 100 814 309 792 669 170 534 211 588 635 376 336 158 174 458 676 204 601 531 784 731 37 366 767 98 999 205 960 758 274 279 409 693 182 594 271 995 839 351 7 776 189 440 36 790 647 361 766 884 182 561 711 180 627 904 590 428 872 446 327 511 823 991 128 817 765 584 900 972 484 584 725 694 628 942 532 558 511 935 112 706 382 268 632 787 350 765 321 947 538 441 734 324 184 880 562 296 899 582 383 584 236 848 108 437 407 684 296 623 230 34 441 81 280 60 131 393 48 551 90 952 45 247 845 366 917 564 744 355 408 870 880 61 645 657 900 501 327 744 25 160 998 803 90 46 837 553 945 389 591 148 559 138 249 664 317 52 613 785 9 153 387 166 472 494 368 345 454 15 372 108 566 130 501 283 465 115 357 875 496 255 812 574 234 138 189 163 725 655 593 112 69 251 886 703 693 448 253 610 960 579 638 38 222 276 460 104 512 664 864 362 202 952 110 971 459 447 554 266 869 927 208 473 172 376 62 690 305 813 411 738 612 423 332 775 988 662 858 491 14 4 421 558 862 759 846 309 880 266 607 164 933 938 540 388 103 657 726 541 219 261 755 146 513 182 79 1000 77 369 408 260 363 847 276 518 36 741 180 146 683 730 29 793 630 778 467 737 556 389 796 649 803 479 388 75 999 189 614 135 394 261 86 123 183 842 559 740 668 745 463 171 194 71 380 832 54 623 829 528 693 573 841 150 650 475 984 123 551 415 554 349 996 520 667 80 10 268 508 231 463 404 385 664 511 994 100 171 527 128 268 825 585 304 540 924 270 274 709 251 647 225 699 250 930 813 121 795 149 878 780 206 507 669 359 497 801 834 276 672 288 269 918 52 304 918 222 755 865 219 691 11 913 461 889 726 700 657 981 987 975 519 606 91 114 740 764 134 73 632 109 177 569 39 411 529 531 80 863 243 858 903 628 315 508 827 683 337 194 822 746 506 472 976 172 588 51 370 310 703 637 523 447 268 986 285 645 863 
16 693 783 892 825 237 174 899 128 962 218 155 61 860 942 23 392 736 4 74 7 631 670 852 879 884 249 739 916 32 10 560 817 526 485 486 103 918 554 163 845 906 46 459 331 178 130 105 327 383 510 438 892 842 780 125 22 954 124 124 118 463 163 714 61 50 50 249 410 425 183 26 268 636 830 275 566 360 62 610 478 974 979 774 772 875 839 658 826 910 560 400 576 707 559 15 716 370 974 148 924 22 278 74 843 759 883 66 173 383 57 824 811 964 883 155 701 155 312 179 659 559 692 823 498 979 847 509 286 525 632 129 812 758 783 482 324 820 629 575 88 470 164 557 136 442 734 629 657 121 159 311 426 181 1 321 476 280 475 606 116 955 49 343 626 1 442 481 302 762 907 988 632 862 463 47 332 199 531 988 72 533 603 968 637 921 151 102 327 392 387 768 389 269 592 453 142 133 958 969 674 233 903 463 115 118 761 287 352 660 315 232 296 168 365 188 574 858 149 46 857 886 254 124 593 475 279 565 592 325 836 897 406 746 982 906 771 351 131 238 450 952 78 105 674 818 197 141 892 241 652 313 724 112 85 627 752 515 540 293 129 526 539 344 540 749 91 195 519 152 677 610 492 836 387 559 703 130 578 49 783 949 428 503 879 974 543 819 498 272 152 462 128 10 101 751 186 856 820 651 271 737 998 12 877 239 996 290 102 232 789 33 280 798 661 192 890 929 398 605 303 951 770 336 885 833 744 847 530 318 178 875 555 35 424 412 845 257 998 201 279 805 302 38 717 541 414 699 86 680 608 249 408 538 467 228 152 530 260 790 60 620 284 673 428 293 80 370 172 155 908 942 563 848 925 598 736 330 96 322 409 19 165 607 660 345 659 888 138 261 171 797 870 813 372 62 329 80 825 38 242 596 348 368 504 610 425 610 352 948 298 332 101 987 559 127 211 387 946 277 969 435 491 212 593 950 319 802 922 675 313 160 744 949 823 310 344 658 67 866 349 883 190 208 249 176 308 384 53 312 503 867 231 244 268 435 934 953 424 861 327 215 393 375 205 677 716 882 10 576 146 446 352 24 890 176 701 729 428 780 946 241 923 570 195 662 48 762 204 910 557 719 816 619 481 381 689 717 829 330 
654 733 991 558 55 658 326 202 226 806 201 842 795 158 677 578 125 219 637 849 715 76 7 528 421 56 952 1 868 404 535 719 580 584 890 2 228 9 380 927 46 656 865 921 271 981 350 754 669 763 339 640 924 643 942 488 791 781 751 650 182 474 165 18 316 66 163 474 942 471 506 504 75 238 997 731 117 264 942 476 700 853 724 743 53 668 409 470 101 298 13 570 216 600 621 473 79 435 625 190 877 65 344 827 912 368 364 111 456 31 565 559 545 674 390 357 936 678 105 92 911 664 676 431 784 85 456 5 540 729 357 797 481 753 880 1 613 111 535 956 637 169 978 98 683 888 898 508 708 833 302 945 237 486 170 659 616 170 870 582 523 774 471 1 810 430 976 338 690 851 806 59 157 735 286 863 589 714 607 579 41 695 224 828 87 925 423 340 439 30 942 844 612 946 38 865 225 857 913 662 808 987 273 805 49 488 9 133 652 686 607 313 751 525 206 55 86 620 397 156 590 706 865 175 543 636 931 812 925 729 82 237 389 471 223 632 416 52 314 163 721 820 784 816 422 989 696 912 617 300 778 377 707 173 479 935 509 556 750 92 646 447 524 71 11 40 513 877 434 756 714 650 101 988 218 782 943 382 24 360 752 476 55 868 272 343 503 692 389 667 127 615 964 506 623 916 705 213 494 236 887 327 137 803 15 312 790 269 345 937 700 640 715 444 675 389 532 761 306 526 286 17 421 814 295 107 946 731 423 295 248 229 560 894 854 804 375 693 644 387 660 590 813 198 722 53 119 756 879 907 600 956 227 900 792 554 360 849 407 454 110 909 117 736 843 752 323 46 85 589 420 681 760 603 867 227 910 630 899 377 473 660 281 784 153 935 130 217 414 268 564 996 860 696 13 229 970 901 573 433 969 776 21 983 589 250 477 359 869 128 718 324 546 68 588 713 769 751 817 620 89 533 857 244 531 311 506 308 708 438 823 773 772 508 848 485 700 667 908 506 649 746 850 957 707 348 410 494 164 534 38 99 553 747 375 832 826 266 266 165 665 163 399 690 461 364 797 507 643 621 535 484 449 701 61 764 795 883 514 785 417 252 704 190 814 183 550 598 977 786 157 816 754 811 742 712 692 469 563 961 
580 121 920 157 461 296 847 592 794 457 549 288 528 888 225 181 185 512 766 360 369 182 77 172 725 982 708 647 577 970 571 583 510 37 429 61 566 316 505 883 992 791 811 148 953 282 807 24 48 575 446 908 608 551 952 203 636 981 264 743 916 560 741 5 738 412 614 244 563 167 59 668 213 237 940 718 69 987 618 495 861 611 735 779 224 4 671 4 614 743 795 992 198 721 793 683 334 452 909 729 707 204 29 338 122 82 759 860 474 642 628 497 919 565 353 485 200 974 921 30 627 140 492 593 597 949 174 433 284 301 856 750 480 865 502 647 221 14 437 415 458 904 763 760 823 243 667 979 208 140 351 331 947 445 269 28 283 595 61 894 339 503 415 514 746 910 759 937 320 426 790 663 996 980 519 603 475 160 694 723 144 270 177 777 151 634 380 911 39 955 965 604 323 236 124 204 895 812 112 913 298 573 281 396 288 95 122 9 621 226 330 158 57 149 575 137 422 778 193 676 178 718 359 690 132 377 469 518 937 898 904 872 340 648 719 382 919 560 522 484 76 521 815 932 217 577 752 771 247 421 494 657 394 515 443 103 502 976 515 590 870 744 440 700 236 10 328 829 999 935 471 962 960 758 572 437 586 672 181 864 652 972 177 240 609 835 985 157 706 712 973 302 384 247 824 414 316 419 211 225 258 333 219 901 233 120 138 40 811 341 293 958 37 78 786 479 430 181 248 58 855 202 972 972 854 551 656 622 979 804 353 498 415 881 276 651 927 655 928 551 764 37 322 726 104 716 515 175 689 841 457 535 901 462 984 201 577 655 263 756 465 28 82 551 110 28 883 693 379 116 239 57 470 698 530 664 95 565 130 872 602 656 636 748 332 674 129 797 607 271 541 144 86 588 678 34 975 5 311 564 228 119 247 85 175 884 373 396 857 242 584 787 145 482 72 914 476 960 638 8 154 200 580 938 458 916 996 570 259 829 865 390 489 983 544 677 817 634 109 370 542 225 940 182 679 493 782 607 966 840 928 362 113 25 498 650 502 842 309 222 736 299 41 964 181 196 65 544 19 540 256 393 374 469 911 994 323 116 46 996 273 465 758 595 836 347 216 384 513 136 1000 336 336 999 903 134 461 647 395 909 
397 979 62 635 417 20 321 903 581 860 943 145 173 460 2 651 131 317 614 603 555 198 102 462 442 834 10 572 258 855 998 741 416 647 809 855 40 398 642 100 949 488 514 406 282 311 714 986 494 639 67 901 764 363 527 361 359 956 651 382 573 812 217 217 834 254 271 173 145 524 225 683 843 845 295 27 520 213 294 728 878 802 520 157 884 135 67 538 613 603 914 955 13 912 45 951 565 531 721 300 782 717 303 795 136 493 389 847 111 988 560 285 386 78 108 146 964 419 393 703 190 730 846 45 722 408 586 840 440 523 230 310 999 698 988 252 386 616 862 300 656 628 670 272 882 754 769 6 354 519 290 81 224 910 296 531 916 30 823 756 283 832 831 865 218 658 39 381 843 109 39 177 754 61 200 283 614 438 933 695 480 441 494 336 77 970 839 885 652 905 925 243 70 306 588 990 632 885 561 720 978 492 283 861 149 617 608 884 823 291 296 534 373 596 780 876 333 515 85 402 56 562 868 125 538 344 829 70 42 140 842 547 183 230 680 98 817 789 692 853 667 952 284 204 834 21 645 85 190 707 904 740 26 464 579 434 37 434 609 311 319 46 281 352 75 642 351 990 647 475 669 244 532 917 119 975 269 462 393 91 378 490 129 217 601 940 795 178 681 777 785 818 639 164 159 597 653 833 144 467 293 506 170 19 185 699 754 480 624 63 279 694 775 590 391 907 358 557 972 341 965 660 940 983 482 989 868 259 676 922 706 351 717 115 868 416 154 58 172 175 218 135 368 973 951 58 819 544 407 748 606 883 914 388 156 862 937 650 215 219 58 813 646 524 22 702 923 884 887 609 86 180 371 390 444 218 465 420 805 225 5 344 912 507 398 584 311 335 394 210 121 171 703 963 371 224 544 65 303 615 289 448 8 903 547 709 330 692 494 292 236 102 177 649 683 359 819 120 13 106 319 366 154 716 665 148 787 588 996 710 623 242 414 528 641 880 442 907 804 634 740 74 266 223 786 832 358 94 959 421 136 543 711 517 530 966 226 623 524 40 392 237 916 907 312 744 259 239 665 433 751 262 61 183 308 693 232 228 27 575 364 999 814 70 714 695 40 9 816 964 15 132 822 253 558 963 486 385 628 236 
591 438 174 534 768 587 277 510 292 878 888 644 193 77 679 471 473 869 661 909 861 300 419 544 445 695 572 737 825 218 12 950 436 939 487 852 629 805 347 499 276 685 21 883 135 199 629 889 738 174 480 170 473 774 929 780 261 433 863 303 975 795 172 55 952 655 987 126 564 141 191 843 338 258 924 317 492 230 54 62 335 379 467 344 450 82 233 936 270 814 982 940 738 221 900 118 499 938 314 477 717 148 281 88 397 836 667 251 330 281 147 85 623 187 3 886 513 937 514 468 385 508 363 904 137 920 252 762 742 845 523 2 225 233 280 369 517 596 274 427 632 16 291 413 802 471 51 766 607 139 221 959 516 891 780 195 116 794 243 741 183 63 551 539 71 285 421 414 530 112 347 566 302 653 207 560 680 270 753 695 899 967 66 819 953 275 426 788 75 606 458 397 864 217 214 369 535 279 664 310 877 899 900 132 4 421 39 700 834 256 598 56 173 789 793 47 751 606 140 101 870 593 209 435 432 562 975 52 745 440 464 275 532 99 61 29 19 874 499 66 910 806 258 283 973 222 337 538 806 761 875 60 46 550 535 152 72 59 875 820 357 311 310 580 545 560 376 209 386 43 26 19 398 928 212 710 764 969 971 478 623 486 463 571 833 586 813 434 806 531 674 185 180 452 954 856 571 995 195 760 296 585 861 509 625 332 894 723 232 215 158 713 704 764 847 512 153 831 843 298 732 43 171 331 477 976 875 632 802 51 359 586 935 635 435 81 456 829 845 608 451 231 164 917 931 444 925 204 150 197 993 352 248 986 887 953 200 546 818 493 503 80 747 726 871 114 982 639 593 232 956 166 252 305 747 352 487 310 398 247 654 915 358 796 597 224 918 957 757 75 327 381 776 299 193 38 662 261 228 447 278 919 65 709 387 278 163 643 628 776 389 450 418 697 299 422 320 254 239 758 244 562 138 369 31 92 102 49 558 869 933 361 358 274 589 221 297 6 934 6 915 964 664 59 651 344 671 150 34 275 12 443 213 488 554 585 979 778 69 262 725 209 819 597 985 776 591 663 108 896 610 553 978 626 336 603 16 439 131 260 196 120 738 382 137 956 840 285 708 845 260 927 557 641 172 195 151 377 784 273 
942 676 703 684 59 217 701 818 401 351 295 88 796 20 36 613 479 15 291 85 74 646 796 34 902 542 472 90 152 126 992 195 302 555 759 695 933 290 862 648 310 463 43 97 436 911 704 458 87 336 469 193 6 4 605 249 990 839 769 44 589 543 455 391 916 60 120 706 680 403 644 780 8 247 54 113 20 130 655 443 801 303 427 409 807 375 566 514 814 13 69 408 668 778 756 956 969 39 555 965 756 447 447 880 677 656 969 551 754 645 913 537 150 157 488 661 12 153 136 214 287 791 181 893 135 921 128 266 331 54 399 312 386 12 318 587 959 729 691 418 455 895 149 989 580 617 698 701 72 127 955 245 776 222 872 109 805 460 683 905 564 286 253 179 401 858 418 749 949 523 926 852 708 184 452 253 533 260 674 873 664 491 238 944 569 137 711 182 103 50 180 432 915 401 909 589 168 145 91 493 895 646 568 811 472 753 485 762 832 141 224 416 381 140 386 389 410 152 530 906 987 748 260 921 88 614 495 696 129 203 24 853 38 720 849 616 475 9 562 156 293 868 723 396 48 835 911 405 268 436 353 127 259 545 906 114 11 462 98 243 100 525 786 139 304 923 427 948 53 761 177 819 653 370 508 467 632 807 205 256 494 941 771 358 254 601 288 269 997 960 71 333 663 9 593 105 775 751 756 845 615 984 635 111 870 591 947 415 869 385 539 718 967 865 641 167 148 709 684 80 580 981 565 663 708 486 541 781 290 411 93 404 104 590 423 368 826 490 672 846 103 368 66 6 186 267 778 714 725 364 487 292 290 644 157 754 497 957 605 104 73 736 349 617 71 356 142 669 624 115 42 497 214 957 353 850 404 216 32 287 538 927 272 786 270 854 759 20 600 286 642 59 108 804 309 68 606 298 272 768 752 763 450 929 923 983 313 185 262 35 281 535 209 229 960 488 656 834 243 470 353 807 155 532 996 482 413 701 405 759 172 464 458 49 783 596 253 214 274 154 393 897 365 159 972 966 583 535 273 56 280 937 234 490 761 460 864 416 437 516 698 555 387 228 911 606 962 475 604 123 140 183 348 460 926 762 362 539 125 503 631 849 503 147 493 239 724 219 223 342 116 177 559 134 269 46 965 849 635 742 
608 277 766 367 902 700 330 535 219 748 145 480 700 484 344 885 984 357 420 161 812 708 451 172 130 418 586 340 934 282 482 861 273 949 353 313 986 143 209 494 456 23 852 298 367 858 194 831 101 549 640 614 52 587 473 812 93 652 985 280 585 122 910 424 448 42 749 838 517 568 997 551 591 503 333 229 512 882 783 953 75 453 289 650 56 763 711 307 504 558 531 544 839 209 360 79 747 701 145 503 569 68 316 673 914 490 325 521 936 717 260 650 211 880 919 548 161 107 189 456 953 24 863 485 374 93 767 906 860 629 686 306 204 294 823 726 320 152 676 165 589 842 580 380 883 268 657 566 854 275 963 882 337 801 39 200 24 417 333 273 618 3 92 760 872 371 205 396 9 897 650 899 953 57 189 422 773 761 352 703 615 172 48 339 929 113 225 527 307 834 520 675 318 933 730 353 548 517 879 965 485 230 86 130 659 411 800 488 400 903 428 166 76 557 29 937 768 49 773 515 969 554 56 434 166 630 617 781 57 500 293 839 629 591 241 545 259 735 388 41 820 640 724 141 325 439 218 846 734 168 845 188 442 801 631 997 372 540 649 484 749 567 623 787 87 355 787 42 297 414 194 747 697 849 657 322 443 841 422 128 779 127 783 314 844 886 731 939 286 207 65 110 130 822 76 866 581 530 739 723 237 151 418 556 767 44 827 847 125 644 482 440 928 53 811 637 217 369 876 358 262 648 290 283 159 618 125 562 438 61 226 205 232 899 60 782 303 672 714 58 595 439 734 262 508 706 267 341 359 363 780 780 492 742 92 371 252 322 969 420 523 59 560 545 425 393 151 95 416 118 909 349 693 674 10 970 686 15 365 889 224 996 953 558 774 73 423 486 977 927 74 344 770 269 396 309 344 690 148 528 58 630 421 782 251 46 941 532 936 843 738 419 451 714 404 869 678 626 42 412 430 368 702 830 725 370 40 506 509 629 611 474 949 158 833 630 557 803 120 972 570 919 129 578 137 752 172 15 378 17 430 444 556 437 309 502 930 210 673 656 593 834 291 611 185 56 914 213 52 743 402 210 202 443 163 757 832 123 258 429 356 333 106 856 826 943 921 808 75 38 898 487 258 178 973 820 167 76 544 755 
167 685 444 758 290 245 344 254 778 629 462 831 163 294 544 894 96 710 288 556 384 806 121 935 322 156 937 501 61 673 251 760 486 994 862 488 824 95 824 179 902 622 312 837 424 21 94 16 214 881 658 913 151 561 703 448 592 745 494 182 717 168 906 172 817 56 304 96 638 625 866 318 356 469 135 655 833 337 684 188 948 384 313 641 978 823 116 450 28 704 685 519 679 583 566 679 657 343 913 405 636 938 383 197 676 858 220 853 392 698 428 51 987 932 27 627 71 745 943 37 814 346 350 224 401 345 631 945 956 574 98 833 560 538 934 785 926 726 119 591 708 730 316 294 545 788 841 46 176 646 417 121 55 302 521 905 876 276 916 841 820 21 531 154 923 562 425 98 787 96 183 620 157 222 220 507 688 465 290 508 876 551 417 749 310 452 797 225 169 368 350 521 112 509 379 970 614 850 406 57 698 241 493 54 723 904 358 331 239 562 943 907 828 579 937 19 362 229 507 746 647 317 973 40 848 109 75 7 288 872 845 860 483 752 625 364 231 135 360 310 943 695 96 37 990 554 847 698 150 617 242 851 286 685 240 733 733 982 315 355 977 39 288 916 726 6 418 613 503 444 274 268 230 265 77 744 164 237 667 65 831 614 859 283 598 733 489 378 461 535 290 156 249 924 461 841 163 626 745 227 741 526 958 469 526 223 709 773 685 483 567 378 486 775 478 380 704 823 165 261 882 265 457 219 745 505 436 995 987 324 974 452 216 14 218 457 638 306 81 692 497 157 289 331 420 433 947 836 490 322 135 879 299 147 768 408 176 158 935 481 309 597 200 202 968 939 439 448 598 801 8 430 848 682 529 901 856 478 145 708 686 695 373 705 472 245 974 179 93 962 324 845 769 188 320 907 182 966 188 633 894 13 876 273 826 723 561 504 242 582 449 645 627 342 968 185 850 640 252 652 818 861 852 142 87 698 726 432 576 230 379 486 934 29 259 102 288 575 71 533 178 432 267 885 185 829 423 744 567 195 882 3 815 272 342 100 279 206 538 162 640 731 801 150 583 26 301 621 465 471 860 354 256 36 734 797 304 126 124 550 217 327 336 232 314 242 339 262 977 345 675 143 773 174 201 280 160 659 340 965 
893 42 143 616 989 187 19 573 233 137 565 211 847 235 885 3 621 452 963 542 342 298 554 16 911 126 593 742 441 136 46 24 180 552 481 103 344 692 250 765 595 165 658 847 425 672 762 804 878 53 982 434 381 801 318 245 759 628 714 374 586 754 283 117 470 738 82 415 209 680 890 285 14 683 892 786 607 405 998 947 303 598 811 572 398 607 912 422 163 351 412 762 283 288 949 852 516 735 34 288 696 526 596 637 490 793 707 100 41 755 122 639 416 270 211 634 313 484 8 731 277 136 646 928 837 835 202 500 141 544 840 273 373 463 824 685 559 842 887 69 296 825 158 682 575 957 357 973 271 55 310 947 20 222 793 177 310 274 467 391 473 636 581 364 193 434 989 653 366 500 327 949 859 503 162 466 677 180 307 685 870 424 17 208 456 786 805 486 688 502 127 979 712 652 521 224 634 471 76 589 53 679 108 971 210 766 149 209 227 626 227 379 168 16 826 9 649 170 585 341 642 734 903 778 130 327 499 100 562 391 261 900 678 387 422 881 213 533 472 789 32 688 701 333 604 270 697 206 807 121 614 207 301 738 939 730 72 637 540 378 296 794 288 356 296 338 573 861 260 349 907 144 204 389 659 572 378 946 853 710 907 781 788 756 479 763 715 533 720 423 548 953 381 294 628 83 803 409 280 305 128 773 797 800 231 386 443 864 379 821 551 331 764 998 651 636 682 145 902 81 28 461 538 696 279 830 18 803 704 114 376 883 280 382 447 950 834 574 509 953 877 687 239 699 498 253 322 239 637 235 973 559 323 461 639 224 144 119 690 826 501 436 804 477 172 303 729 306 643 178 963 790 442 191 932 344 301 193 105 932 992 705 895 511 470 234 163 594 351 667 907 594 308 688 461 405 948 216 707 244 292 429 787 305 489 461 144 80 973 634 650 61 851 708 902 841 171 57 533 604 196 762 662 601 76 422 51 268 136 818 12 964 20 887 78 169 194 946 880 620 83 561 787 409 6 19 952 813 668 380 286 31 199 243 978 472 61 820 694 874 793 124 237 26 372 817 579 30 885 109 647 268 806 126 693 40 706 126 37 51 343 283 374 627 32 966 609 727 56 236 389 471 125 399 5 582 498 418 683 743 
883 734 211 921 854 880 656 457 118 838 183 235 814 13 861 888 592 340 873 639 227 190 553 819 30 994 437 912 552 987 894 142 890 855 141 833 315 311 915 678 402 515 372 941 73 754 690 750 230 324 282 678 48 601 409 422 859 510 917 584 60 827 595 569 140 821 964 853 277 772 519 389 102 763 852 337 414 323 454 661 218 663 150 605 526 326 367 224 421 98 93 366 624 570 588 41 480 770 242 957 205 854 699 559 522 281 441 182 438 240 624 277 284 884 747 76 509 851 481 681 978 463 876 777 611 553 247 623 983 621 261 944 865 13 569 365 351 779 377 830 122 655 786 230 612 532 682 802 453 139 383 921 948 324 907 771 766 280 900 281 175 79 341 976 563 106 583 189 36 753 701 759 673 890 937 128 539 238 986 625 583 244 891 584 969 721 858 818 367 886 684 496 42 167 67 804 746 693 614 928 408 251 484 275 979 201 424 322 159 114 260 976 961 926 931 821 371 175 896 592 304 979 687 724 718 390 519 308 95 501 413 150 526 570 759 576 625 243 773 374 722 129 832 415 725 345 79 690 706 829 454 283 232 32 341 398 333 107 273 959 432 122 613 471 899 630 822 152 873 73 857 818 931 499 294 325 850 831 257 526 908 308 228 213 415 684 957 924 167 159 936 287 119 85 958 179 728 62 769 153 757 681 660 936 179 455 733 684 313 645 799 104 907 787 409 60 189 512 496 919 722 473 382 251 587 621 375 74 366 50 423 788 380 462 885 446 80 85 38 594 768 685 922 713 85 227 454 865 427 259 798 510 192 225 440 98 108 595 601 396 692 867 105 394 918 974 510 118 404 957 56 521 337 246 721 850 980 139 83 724 375 533 583 267 223 912 745 205 722 502 324 129 202 496 399 129 619 713 228 854 141 961 669 983 282 97 941 217 583 819 511 397 283 415 218 269 153 813 423 541 613 311 344 233 384 546 920 50 803 40 314 607 741 998 18 629 637 870 902 799 879 348 451 700 774 617 183 804 237 225 635 200 966 621 804 180 414 336 13 269 631 18 454 769 804 294 210 236 809 131 876 252 234 357 415 809 777 785 72 367 956 995 732 567 340 432 801 345 925 507 821 258 30 879 985 709 152 88 683 402 
975 618 478 977 242 495 875 28 522 970 427 200 244 292 635 226 598 217 6 386 932 18 682 385 72 488 50 305 67 405 302 552 149 699 973 348 950 961 334 717 851 617 369 54 959 531 528 745 143 311 741 933 979 309 730 73 829 877 514 878 515 589 35 6 421 213 736 254 558 508 561 132 370 881 897 584 644 913 787 660 980 451 971 60 762 909 134 340 981 548 585 724 386 230 506 676 718 97 329 487 26 671 587 353 65 775 429 495 835 725 123 27 958 844 547 117 665 361 253 97 513 336 583 882 24 242 906 66 504 757 350 654 699 234 406 51 687 21 258 396 452 735 441 262 926 331 427 361 297 762 16 79 248 310 11 138 763 89 923 40 315 468 887 501 911 606 807 564 365 507 795 709 407 800 444 445 107 383 452 97 185 223 311 616 314 409 950 947 324 714 511 54 296 972 606 51 152 139 849 747 993 216 326 995 533 791 334 176 29 712 646 835 81 177 593 930 679 734 664 277 884 150 116 923 126 109 49 304 133 40 314 351 77 140 788 94 117 365 573 951 60 359 377 760 889 71 511 535 847 327 760 839 610 444 451 57 556 959 408 467 22 765 19 721 888 136 997 822 903 729 353 625 337 604 124 872 737 137 745 837 163 628 495 19 54 732 723 223 180 700 989 726 908 859 276 330 610 459 416 204 555 875 668 112 138 358 783 75 209 160 7 838 41 12 772 247 992 863 174 548 126 441 278 775 333 345 660 936 891 69 854 469 961 580 236 986 745 165 132 785 810 244 504 896 739 487 609 629 657 772 537 754 896 232 340 984 531 567 477 964 292 560 535 900 162 172 810 881 45 42 57 394 499 203 173 964 280 230 900 11 199 180 47 383 764 520 886 231 189 422 596 430 371 457 794 912 189 994 869 787 231 636 631 502 692 480 982 818 296 120 190 450 996 822 198 644 841 922 45 141 915 822 852 406 66 690 385 737 994 710 158 826 101 995 733 453 725 992 930 130 260 134 902 283 575 522 519 34 79 686 289 243 309 230 571 861 80 354 401 743 985 769 221 404 224 640 428 30 159 213 978 164 642 487 573 748 225 585 498 175 430 762 970 879 892 126 418 353 725 946 589 345 258 866 561 594 777 419 660 835 
472 167 349 776 60 491 155 366 616 403 422 820 526 272 623 66 103 79 712 34 386 666 571 401 597 786 948 60 471 187 485 66 602 661 837 414 433 931 480 633 645 614 76 777 464 200 593 796 605 136 342 186 981 344 388 509 11 328 411 290 394 128 606 277 940 287 656 886 449 455 723 717 665 181 740 982 482 1 176 573 520 666 460 144 40 982 887 247 427 844 17 668 635 667 840 154 566 190 591 128 173 414 477 834 179 845 957 731 358 764 11 573 888 588 946 140 394 748 869 397 461 471 788 98 888 323 187 899 480 298 153 131 971 792 213 872 683 137 536 376 939 975 619 20 203 838 711 229 179 209 246 721 953 593 549 684 691 320 222 686 675 785 119 17 53 278 284 999 362 598 549 933 914 597 168 809 419 137 396 829 140 869 42 257 432 216 620 586 115 51 170 668 294 453 297 497 626 655 154 286 550 94 564 706 505 684 473 814 407 525 673 715 555 401 696 950 344 63 816 788 72 308 671 206 705 814 454 410 578 948 471 87 577 41 644 663 546 996 695 650 495 57 709 486 778 109 529 256 363 939 986 169 778 282 940 938 964 699 391 653 262 812 458 497 226 334 118 827 404 461 410 444 467 573 937 871 768 999 205 607 848 902 938 203 522 101 378 409 815 493 708 19 404 303 756 515 665 493 113 352 55 641 305 230 795 466 821 959 21 946 803 411 79 96 279 185 430 62 729 675 458 595 429 354 806 646 885 423 54 983 718 212 243 797 717 550 640 911 16 428 105 291 516 52 329 144 882 306 936 860 920 304 782 189 913 171 339 768 476 243 242 891 517 513 856 59 94 694 385 636 515 15 661 244 720 122 20 527 347 584 543 360 689 768 362 12 713 503 411 462 810 905 531 18 662 949 783 26 299 156 565 386 270 888 399 949 366 493 570 203 305 857 595 825 489 818 998 119 181 812 270 687 815 151 379 787 496 810 519 163 542 641 175 225 728 504 641 485 287 941 778 455 349 398 205 456 819 416 642 47 932 619 236 876 530 862 1 334 164 510 864 870 444 134 196 696 138 445 938 796 499 754 668 576 175 1000 859 620 893 497 239 419 311 36 238 788 645 966 997 884 74 290 458 481 744 521 997 967 244 888 
522 299 362 731 256 953 367 581 351 85 504 741 883 339 925 71 435 656 189 599 192 677 593 750 477 198 824 739 171 919 518 136 90 505 883 578 175 215 612 190 776 20 324 267 896 536 648 556 131 879 381 338 96 736 658 82 706 925 413 164 765 519 463 319 480 167 951 45 815 780 327 467 302 296 976 941 285 450 382 914 934 489 779 37 447 405 397 375 464 965 191 380 747 984 616 156 838 132 565 790 954 616 887 108 705 650 125 137 746 608 992 931 756 687 128 992 132 277 273 3 446 559 413 483 541 385 704 263 611 953 374 515 127 242 5 705 298 289 618 904 200 554 373 750 582 608 980 245 263 263 175 238 351 41 984 545 260 506 793 543 319 581 442 598 23 194 121 210 696 518 953 803 949 617 454 875 3 789 838 811 873 827 559 946 480 758 456 78 238 452 136 566 323 904 409 925 16 329 635 399 122 112 968 600 827 676 123 633 379 165 551 914 216 914 376 582 442 148 492 873 733 647 792 723 285 443 330 593 244 982 282 407 107 247 151 808 281 395 67 482 910 145 846 522 238 556 76 194 454 587 405 396 688 761 543 997 943 885 910 442 457 346 759 732 16 500 872 147 751 991 935 700 868 464 869 346 802 800 368 726 267 619 851 390 503 253 206 733 872 623 429 752 633 628 26 693 986 847 377 545 365 696 943 928 133 330 874 772 764 782 463 409 705 958 205 270 35 664 325 404 416 144 350 315 972 821 538 505 530 735 331 978 708 61 35 703 818 120 229 462 364 351 831 141 664 945 884 198 594 789 12 768 295 177 18 131 592 932 320 442 463 708 741 326 514 886 882 79 946 74 720 522 370 442 977 872 881 630 720 612 878 201 570 250 534 545 121 944 303 289 820 670 137 15 264 749 745 292 957 777 309 902 9 566 399 776 133 684 394 228 961 89 342 798 335 867 459 777 762 474 367 5 286 415 280 71 668 79 584 182 228 109 771 951 872 419 594 88 794 247 549 52 430 22 362 260 909 689 8 568 926 881 738 743 997 27 924 692 369 660 367 477 926 979 37 730 735 114 483 202 721 826 529 422 136 705 771 513 386 453 116 478 477 605 823 416 961 219 870 327 198 44 887 184 12 883 881 921 900 425 
586 191 937 814 590 752 430 179 319 344 895 183 631 76 159 525 487 23 916 528 61 664 332 62 622 560 245 677 617 604 552 641 112 143 196 425 828 396 81 764 984 15 291 567 634 489 595 499 744 813 164 616 209 486 58 452 278 644 883 809 932 562 754 954 419 769 48 236 108 874 433 684 661 342 695 116 347 318 58 125 604 353 738 740 402 281 617 692 246 796 908 623 282 443 219 836 861 725 542 415 133 873 550 443 470 461 259 400 764 562 163 981 762 228 933 748 728 170 57 544 838 161 337 519 964 600 539 967 477 524 685 26 215 482 303 217 451 526 863 186 716 157 711 849 66 804 543 848 884 976 610 670 823 898 449 488 344 248 650 3 227 925 54 421 202 955 981 462 100 470 650 762 875 672 614 259 124 540 622 840 404 155 387 247 423 720 21 188 864 844 439 344 63 8 721 616 14 719 752 842 370 783 565 775 682 843 128 481 928 370 490 652 362 564 845 196 552 890 325 794 35 939 603 829 322 638 485 914 644 596 663 996 364 736 976 539 719 341 228 692 463 550 965 803 901 531 856 875 809 689 432 145 673 22 790 580 99 695 179 285 386 114 643 542 946 386 818 884 572 238 931 652 632 121 893 871 6 247 403 389 18 180 375 907 202 516 991 388 105 610 899 984 914 433 732 535 900 573 292 308 664 7 437 489 795 674 850 863 731 840 656 586 923 515 986 102 815 478 79 788 351 599 237 930 899 114 921 846 162 455 326 361 795 823 825 147 1000 49 446 306 438 607 588 986 957 95 57 115 311 898 806 830 690 199 280 101 389 653 243 485 661 442 879 724 997 727 56 474 983 407 783 394 789 707 362 157 6 104 411 387 562 403 339 232 507 425 917 599 737 481 450 970 780 262 872 437 679 462 202 366 473 460 461 141 58 309 248 339 416 276 905 788 976 319 959 227 803 150 227 122 829 894 870 567 55 658 561 365 551 172 750 391 581 935 114 925 821 140 399 516 218 902 123 479 801 374 826 256 337 493 860 956 163 125 710 746 246 694 625 730 167 170 301 93 875 112 100 712 492 169 382 648 900 283 144 980 125 465 979 269 789 359 422 751 306 342 595 188 801 683 313 885 846 400 335 527 915 288 348 63 
257 763 110 206 103 277 617 171 341 887 339 123 527 971 89 513 130 343 796 853 857 25 369 238 52 276 979 959 413 310 209 434 906 922 143 568 225 292 614 60 144 336 242 490 375 569 999 843 812 866 395 373 772 598 33 93 18 849 475 396 537 347 604 570 73 583 921 620 284 983 774 943 70 981 600 714 846 946 782 701 902 47 421 124 60 141 40 809 46 564 708 517 912 46 181 877 157 849 531 532 591 326 234 548 727 854 276 347 907 909 870 871 490 957 253 226 456 99 159 644 50 808 217 52 313 911 388 820 935 225 406 838 306 850 626 122 795 153 943 989 214 819 193 33 199 532 681 775 384 546 653 677 709 362 880 399 44 159 864 991 181 150 162 660 350 331 845 579 491 17 224 144 879 355 173 923 29 181 610 539 725 266 52 116 311 948 994 471 257 629 50 573 585 465 758 252 793 631 52 422 638 211 321 828 934 678 499 173 284 712 824 334 46 130 146 224 217 686 967 389 633 106 650 344 834 409 803 687 701 97 903 442 363 210 615 801 636 35 354 471 573 796 986 184 834 794 223 395 321 95 854 247 2 766 863 439 688 926 785 174 289 158 317 633 405 883 69 494 159 458 955 168 574 345 177 552 571 931 68 915 129 631 592 886 886 495 386 354 283 57 71 199 997 32 712 273 729 736 825 621 137 228 246 138 577 135 53 416 889 764 497 826 448 151 229 354 796 503 946 176 756 850 678 995 953 183 301 772 984 745 140 101 425 944 970 916 637 879 454 958 642 302 822 366 390 446 228 907 628 782 233 355 617 680 734 698 438 930 495 592 51 981 382 61 32 527 833 861 419 921 99 108 376 872 619 296 675 940 166 849 271 107 269 930 684 627 246 260 26 73 268 862 417 756 102 375 652 608 569 695 889 76 284 768 321 283 959 808 328 763 267 620 299 806 271 532 308 940 408 537 375 733 325 534 410 711 198 889 743 676 946 496 89 256 259 52 167 198 178 383 675 904 98 708 210 992 486 922 217 266 217 896 668 45 866 152 126 493 443 196 144 234 925 170 129 614 614 814 289 761 646 627 118 293 412 41 723 793 659 453 908 189 860 683 241 466 122 620 270 79 32 328 151 571 34 515 195 630 590 119 
520 205 689 741 896 793 73 522 478 423 566 299 251 158 863 449 655 699 590 434 616 684 499 830 284 526 297 388 775 22 306 775 610 242 436 285 553 669 56 569 571 581 478 301 656 93 707 490 157 304 494 986 246 620 29 916 983 955 465 773 963 376 764 566 537 206 974 179 242 352 755 269 323 48 165 819 834 545 912 309 914 554 89 956 311 904 685 851 377 35 323 478 392 212 842 485 196 380 728 166 113 139 671 221 204 394 888 645 337 234 717 692 552 41 128 152 803 952 948 339 585 189 687 975 999 217 300 34 707 897 546 120 696 333 959 771 144 435 482 859 557 817 171 557 918 676 859 510 251 347 874 60 111 930 564 256 863 479 779 389 110 911 76 736 822 567 881 933 294 306 737 669 191 813 505 873 781 619 329 790 21 609 935 902 683 785 300 977 64 255 103 8 902 126 229 606 163 176 350 236 191 695 174 643 238 214 65 585 363 815 315 575 323 123 250 32 485 67 660 618 522 737 136 554 33 493 646 377 392 664 158 185 897 307 417 709 538 645 841 307 810 295 89 115 132 744 284 292 622 871 751 251 230 980 461 667 377 820 767 827 859 704 744 258 862 629 745 83 235 898 169 936 489 340 954 480 800 192 148 265 188 845 635 844 19 512 240 194 261 396 759 554 382 832 893 912 756 470 7 413 313 164 339 808 456 13 712 568 983 125 372 46 897 422 409 652 257 493 46 497 237 828 519 56 920 822 804 811 405 653 779 170 60 339 445 771 455 466 656 169 874 364 290 405 988 585 896 829 920 484 570 375 242 741 279 651 737 549 559 363 393 19 436 652 605 952 768 114 687 332 885 900 272 903 958 621 854 335 721 886 752 749 146 371 970 846 230 484 865 586 348 720 454 263 547 513 379 698 931 402 806 562 685 738 48 365 10 181 341 223 468 390 873 183 223 775 271 568 293 132 481 679 12 474 782 561 16 307 886 442 743 342 854 893 681 249 612 79 956 318 219 586 521 39 708 850 664 81 448 186 724 921 63 436 38 961 255 642 170 640 934 215 588 221 398 844 457 130 980 772 493 473 246 311 759 655 216 751 910 994 29 228 202 612 861 704 259 493 979 553 674 250 707 218 34 463 159 256 92 133 
470 341 892 60 336 71 791 119 965 286 121 730 926 311 744 789 498 427 923 357 977 823 152 927 390 282 224 540 543 448 699 674 476 313 842 8 625 321 25 671 827 253 497 714 812 530 558 92 134 254 389 819 194 67 492 128 542 943 255 827 184 829 886 457 693 921 143 917 935 533 364 448 514 390 189 344 277 302 652 361 538 232 434 886 332 686 845 365 491 138 30 750 632 590 292 82 657 796 242 899 548 268 209 104 275 601 462 765 67 826 529 188 780 810 178 237 249 863 628 278 941 970 406 171 897 939 54 973 744 738 469 810 126 333 456 728 964 653 923 561 453 855 190 828 470 139 621 370 488 30 752 331 900 176 583 932 675 637 36 681 330 948 798 178 631 857 800 232 975 554 366 596 92 156 898 363 591 4 946 915 817 244 395 116 145 963 641 847 884 227 901 584 704 561 549 43 639 983 898 352 307 177 461 637 862 282 183 1000 895 356 914 785 924 505 994 585 594 172 75 710 829 806 42 185 152 346 459 189 948 408 974 952 729 562 224 502 565 640 835 2 511 315 468 101 489 436 488 746 473 274 958 823 343 485 883 811 572 774 144 72 815 611 676 255 151 916 89 214 224 814 142 531 333 402 130 957 809 141 75 735 773 213 546 163 873 465 343 920 396 950 564 659 417 856 987 311 719 383 366 237 551 549 890 337 99 840 834 962 939 44 220 815 863 566 974 218 627 657 840 790 430 913 862 432 385 192 619 295 720 739 479 778 178 764 893 998 384 486 164 628 623 587 115 76 645 845 724 684 965 597 51 831 483 103 63 5 807 987 782 206 978 697 270 327 961 772 231 216 300 363 50 515 525 527 751 429 633 193 689 1 936 534 691 41 972 129 767 44 691 623 178 942 389 369 921 506 445 596 714 288 799 896 834 855 765 642 617 681 642 922 648 817 347 804 430 13 920 999 525 187 38 271 80 685 689 34 265 221 860 581 644 639 906 212 972 160 920 724 929 2 24 48 255 524 621 526 277 699 583 423 2 748 230 648 720 285 151 140 549 118 664 854 661 979 715 72 802 614 485 419 935 846 507 221 279 722 944 68 896 412 129 748 438 317 645 492 593 412 886 72 598 518 697 95 63 453 396 634 74 681 
176547 190290 184241 186328 184752 186664 187129 181727 188503 189185 195256 198035 183680 182128 197930 191168 186140 183358 180530 185323 185830 183636 193896 186524 188989 193379 194930 183291 188521 196878 
556 111 163 457 614 182 896 226 575 580 739 666 841 714 141 765 208 184 332 55 171 378 275 731 15 807 974 938 59 627 629 788 573 38 533 205 523 887 103 985 511 688 731 939 713 43 303 577 768 199 644 631 987 415 860 915 719 663 471 911 373 412 273 643 755 146 90 67 405 591 505 532 539 394 462 641 554 585 956 585 130 660 237 62 699 360 716 113 636 838 34 907 361 629 405 174 187 483 868 934 207 137 719 437 559 712 941 847 279 990 44 858 165 362 684 784 290 649 932 391 145 57 296 870 657 789 129 239 470 9 308 508 598 270 958 368 251 986 397 479 832 915 317 792 275 937 156 238 828 569 133 993 269 36 569 639 889 35 549 382 362 459 684 996 606 556 875 586 674 383 39 283 503 598 38 719 706 728 684 144 799 923 398 692 537 830 100 377 412 505 75 209 476 698 369 348 816 508 725 627 379 593 788 283 221 162 252 291 197 176 77 611 661 238 387 754 932 260 629 234 409 336 693 668 669 102 646 39 313 733 957 412 514 794 727 690 805 552 357 605 23 776 147 138 956 332 450 535 906 401 164 764 574 502 407 787 949 201 808 894 572 181 963 347 164 917 716 682 19 234 115 283 932 688 205 455 626 777 845 53 840 494 816 581 933 498 291 141 672 439 527 945 469 461 489 837 468 453 75 123 306 686 611 454 553 853 239 44 870 276 173 572 762 370 214 843 432 950 270 970 509 755 111 431 858 749 169 39 599 5 40 793 958 329 533 223 269 351 969 787 1 442 634 509 706 601 64 655 941 893 566 980 250 961 126 840 876 148 759 314 482 93 162 74 795 382 873 27 193 768 161 871 847 27 992 601 465 153 838 725 619 847 221 647 26 235 327 781 650 589 217 446 1 282 734 234 923 29 249 783 739 842 321 631 545 614 399 883 360 686 259 810 195 767 459 737 403 375 494 309 615 605 420 770 695 137 911 171 917 520 668 455 150 212 18 931 625 258 319 357 671 545 466 523 416 121 959 105 849 917 618 289 576 209 951 533 721 898 982 426 814 71 692 668 489 804 533 698 477 389 426 955 660 368 145 364 495 5 322 543 635 18 373 820 273 687 60 196 25 346 90 784 777 334 943 460 698 887 950 42 
413 63 111 312 888 650 111 279 890 995 81 989 623 449 486 398 153 598 253 842 189 540 608 638 60 75 687 476 350 409 463 989 959 968 650 603 879 960 21 729 92 56 63 109 914 888 679 413 568 871 28 57 216 795 356 536 91 21 994 334 300 470 326 837 292 783 641 505 292 123 605 72 21 463 393 428 911 729 612 731 247 960 793 938 192 78 145 655 286 748 479 605 614 551 357 598 605 793 939 742 873 291 266 765 355 806 288 233 512 260 60 280 543 275 390 221 127 208 367 977 288 29 544 20 954 655 521 183 776 254 453 550 159 884 25 414 315 887 755 671 514 385 934 34 998 401 790 651 607 229 255 136 411 5 396 842 488 726 34 932 258 966 988 505 57 580 193 426 6 528 557 713 408 837 89 780 822 46 440 22 481 925 892 199 481 134 544 854 947 536 713 357 527 207 70 272 340 866 426 313 871 772 266 10 974 524 854 55 12 724 471 473 914 619 905 325 894 840 772 376 370 712 13 365 803 829 278 394 621 263 743 83 238 932 470 896 491 803 32 843 946 985 498 337 286 699 963 508 686 243 489 409 20 719 16 530 184 500 509 295 275 565 447 627 154 448 215 249 133 13 910 28 679 74 534 903 314 142 218 116 55 424 156 59 999 94 647 856 90 625 904 52 76 668 154 813 492 598 61 997 328 659 682 887 813 964 238 806 169 97 370 751 876 854 418 356 375 980 121 734 128 755 410 609 439 764 863 615 961 841 102 874 447 772 548 965 654 581 408 902 649 954 390 901 562 417 668 634 129 739 497 341 275 121 301 741 783 482 820 322 803 167 790 718 253 273 493 444 810 771 947 627 527 966 317 16 677 466 146 856 369 653 115 74 130 140 345 995 750 641 565 404 978 218 875 87 14 924 59 59 307 557 111 721 303 519 420 723 952 950 967 785 518 849 571 22 777 587 170 240 333 32 166 973 263 830 381 457 194 750 908 978 467 1 339 531 620 969 312 685 857 344 104 712 353 224 939 4 187 327 860 88 27 128 965 593 402 57 461 567 900 968 444 955 884 262 238 296 292 558 887 856 582 306 127 462 364 682 425 449 151 897 670 335 856 116 533 11 106 291 164 575 688 256 982 153 317 864 497 280 
907 75 488 485 227 292 519 362 618 499 876 360 6 906 220 897 566 96 10 504 93 274 568 413 863 185 783 325 881 866 138 608 690 431 432 930 851 174 457 650 104 927 944 454 338 381 70 484 172 922 752 869 816 976 177 759 105 849 904 958 631 251 651 113 101 653 645 57 272 945 692 5 814 665 757 193 266 984 363 38 52 565 327 974 581 88 778 804 244 961 253 299 684 676 11 715 381 847 271 7 807 447 406 465 125 414 981 474 296 383 178 570 241 621 963 363 45 6 17 957 563 92 329 16 127 991 140 706 172 445 426 980 646 90 804 620 834 585 920 362 687 605 202 272 200 732 514 172 614 209 785 167 413 523 112 436 101 902 999 663 288 890 768 60 566 460 749 393 470 541 363 109 189 771 527 725 872 90 695 822 745 423 183 610 39 382 529 662 705 413 872 343 822 187 776 804 521 894 698 82 240 661 62 110 84 337 841 252 134 259 646 999 656 320 859 293 597 875 753 437 42 279 166 306 565 282 994 625 77 483 781 554 990 222 190 182 639 995 666 739 450 630 106 230 161 120 999 838 966 878 112 889 582 861 151 713 235 806 844 700 810 979 60 792 130 415 893 303 793 323 956 111 506 1000 973 985 762 147 128 394 839 582 437 144 718 755 275 537 450 94 212 952 485 935 775 395 436 351 657 372 221 757 685 205 339 4 509 264 894 680 962 788 386 152 129 404 925 309 585 618 921 636 24 921 535 646 374 330 779 434 206 572 312 70 686 889 737 124 839 168 400 373 267 539 366 750 15 529 344 649 871 194 875 728 81 821 39 39 94 983 770 718 187 611 589 500 353 461 950 41 386 984 189 811 497 504 342 181 441 446 781 936 260 901 868 71 116 934 225 99 877 587 437 446 662 515 927 58 613 42 983 248 832 959 157 324 8 742 553 792 332 609 770 238 806 883 642 127 411 870 130 670 209 417 631 394 935 964 228 787 705 893 213 116 728 909 50 328 437 792 609 385 771 776 667 628 565 708 102 375 890 76 763 970 268 688 1 174 578 907 152 432 930 759 182 779 509 518 597 141 725 725 942 862 731 573 939 75 302 72 248 557 712 995 154 602 396 650 88 334 195 902 226 758 682 476 94 269 258 236 
547 859 25 285 674 829 878 49 145 915 532 824 153 820 370 13 462 582 25 209 768 292 915 754 48 519 295 751 579 468 576 90 523 313 525 286 564 738 961 167 445 339 634 564 95 694 100 967 679 594 467 935 880 366 71 580 354 173 340 176 446 871 20 694 305 25 487 229 895 138 249 752 216 316 149 449 558 144 960 51 614 750 526 499 957 614 700 760 525 118 15 3 307 338 896 833 618 214 665 663 383 306 44 685 403 150 504 312 438 871 600 610 681 468 544 120 896 977 882 408 647 762 852 118 519 926 515 561 308 873 725 196 577 456 36 642 238 837 601 524 26 252 505 418 529 209 598 640 738 170 25 342 270 784 527 190 406 11 737 351 815 682 746 473 508 548 441 531 316 296 745 949 76 702 155 825 74 174 381 295 278 490 412 90 909 159 593 945 855 847 918 453 21 928 22 882 562 813 229 517 559 80 18 517 548 708 5 291 183 180 285 717 237 67 145 408 916 866 236 188 979 950 284 407 389 658 222 613 807 217 1 356 997 199 237 294 632 815 76 86 943 160 182 952 832 554 438 564 51 98 780 542 723 323 16 933 888 646 545 948 404 765 404 116 636 666 837 344 180 320 619 225 197 517 776 857 840 471 910 63 864 407 946 492 336 188 880 724 927 773 86 118 244 438 103 907 164 483 676 184 66 459 385 387 62 181 369 279 667 109 378 119 82 483 668 432 364 166 473 311 989 500 417 725 484 957 818 551 817 171 229 2 315 503 798 524 801 428 104 705 501 883 336 278 820 666 940 339 162 895 917 353 35 36 632 90 0 88 704 633 551 272 853 75 762 197 147 349 487 919 433 799 27 508 644 110 895 905 114 592 544 824 131 268 638 481 282 661 826 93 170 24 755 730 130 378 329 520 79 710 98 628 432 53 3 298 134 136 915 986 568 127 701 74 177 822 357 65 603 922 140 413 525 416 888 798 99 354 258 706 312 868 712 194 325 549 232 837 731 813 265 391 355 466 359 375 963 190 896 461 42 504 140 180 297 92 544 904 888 58 664 15 522 776 25 302 265 777 734 72 657 468 37 728 580 648 903 511 656 824 140 101 520 817 531 35 540 492 166 728 144 6 999 579 96 224 61 272 268 407 
599 599 359 58 318 462 464 323 702 675 29 314 451 178 580 508 87 7 984 971 122 108 64 705 387 756 505 91 667 85 218 253 966 979 569 676 923 570 38 903 54 414 875 651 938 914 761 92 205 702 707 387 183 14 306 279 316 537 600 2 430 624 235 929 933 612 285 735 499 544 631 433 413 805 514 723 788 490 870 342 900 797 82 532 229 706 182 927 765 34 625 814 780 203 967 46 519 457 354 432 65 71 391 691 338 360 291 42 368 390 730 375 613 870 800 776 942 579 885 830 410 183 603 842 331 937 572 279 821 941 438 149 321 306 590 362 393 868 541 578 698 377 478 138 646 41 18 448 673 81 277 198 418 115 875 832 174 966 889 952 27 941 712 896 351 655 399 508 629 527 24 658 590 511 176 329 707 798 226 601 590 951 404 21 318 851 709 68 927 207 286 662 891 810 260 618 328 375 173 153 980 965 944 887 42 84 552 853 892 793 786 725 844 937 565 1 588 500 659 121 252 665 478 146 578 514 113 683 512 382 384 448 101 875 966 781 269 652 625 236 605 96 402 653 66 259 770 18 39 549 840 211 862 868 299 88 287 288 346 917 763 351 817 421 486 432 961 795 785 143 855 791 692 315 690 259 309 371 432 380 844 525 659 327 643 590 617 395 609 120 208 908 995 79 259 98 414 922 916 655 620 664 857 0 692 463 463 916 747 167 600 989 115 913 391 330 408 999 997 608 883 54 467 69 370 173 584 369 966 351 868 2 838 799 323 273 406 484 349 211 983 718 658 492 742 851 654 630 608 411 950 668 788 389 490 548 738 129 894 599 398 295 920 708 526 972 739 446 548 960 999 725 249 492 923 557 237 770 100 581 590 922 897 430 467 783 681 479 734 154 235 500 951 300 953 210 952 886 451 858 247 158 618 748 144 472 399 459 919 110 71 177 745 383 992 335 335 490 856 406 532 307 675 713 657 811 577 393 774 403 389 952 459 209 190 995 516 470 215 459 542 555 533 880 707 848 976 557 846 839 78 719 170 178 630 786 599 704 925 161 736 142 350 312 880 792 787 266 191 692 312 997 399 989 326 389 471 917 355 22 973 709 220 380 469 876 490 16 411 824 434 686 383 704 891 907 828 947 638 253 
125 16 938 816 161 934 350 356 987 920 622 546 795 645 544 128 223 738 588 434 219 354 83 474 344 494 735 983 890 59 35 62 895 231 231 748 458 85 826 550 968 715 469 280 493 179 433 210 209 530 96 212 427 811 117 348 797 693 901 41 191 874 466 461 359 165 458 114 999 89 465 169 515 396 820 882 207 862 658 803 986 384 569 80 57 142 194 663 341 617 203 468 282 691 391 355 911 597 987 942 956 389 105 913 176 247 280 207 870 414 944 903 107 641 632 781 887 81 290 589 901 836 697 106 642 554 129 973 928 213 869 94 331 77 992 304 981 29 309 100 83 738 982 458 432 530 469 320 169 447 420 828 217 926 325 893 816 270 518 226 240 63 661 478 358 806 385 39 654 434 934 297 783 594 60 310 26 534 416 919 9 347 232 328 702 77 483 809 254 623 245 942 274 717 978 902 631 650 222 629 677 372 412 330 382 817 23 142 744 373 292 124 253 178 258 324 344 918 861 106 454 97 122 269 822 539 191 797 242 786 819 703 431 110 990 495 554 639 977 779 416 527 235 829 181 74 602 222 435 901 963 162 191 105 168 618 955 591 788 588 588 17 328 797 466 217 40 65 904 400 633 209 432 927 155 253 581 787 254 57 837 475 75 705 325 312 539 162 448 70 199 734 871 941 765 94 446 520 628 935 921 369 976 593 482 932 548 410 724 523 472 660 604 247 995 392 560 133 47 13 121 376 618 985 246 313 293 156 619 266 645 617 744 830 678 897 545 789 382 487 113 968 507 58 105 646 71 872 270 191 865 531 679 233 118 602 983 126 824 85 323 126 479 312 958 956 366 405 529 440 135 778 36 760 318 183 654 698 738 269 27 375 644 513 764 204 398 102 304 409 410 19 977 142 951 834 848 579 639 200 914 916 564 409 318 658 404 183 833 810 798 115 480 446 542 701 770 942 296 549 740 530 320 846 394 492 39 3 263 175 79 771 99 46 215 30 603 788 623 885 397 723 3 695 702 11 733 41 69 522 696 664 121 750 47 80 966 172 825 68 834 508 525 522 359 796 205 742 232 115 940 917 482 344 977 948 584 909 793 974 217 410 211 919 629 332 527 728 426 118 158 608 818 666 818 165 179 711 256 971 
794 962 559 323 634 265 707 775 776 248 253 781 833 654 881 335 945 892 683 417 55 945 624 67 667 371 556 676 355 260 272 463 24 361 26 708 862 355 100 314 862 237 777 757 236 190 602 665 11 565 899 109 798 568 897 399 686 325 783 527 629 918 230 711 314 268 97 52 524 494 558 927 776 52 755 266 297 252 276 527 142 748 321 871 720 341 28 559 825 307 711 842 839 878 516 204 873 42 663 780 805 237 953 547 201 235 401 1 217 825 556 779 540 423 858 342 132 956 691 144 531 605 967 40 317 513 314 660 963 619 706 270 824 373 710 740 318 584 551 478 185 766 946 706 522 275 291 641 752 36 455 151 792 648 286 436 858 266 889 155 767 557 67 54 922 484 219 712 657 614 151 430 700 745 876 354 583 342 389 618 996 612 655 695 498 602 700 71 303 179 414 769 244 905 368 162 394 907 23 844 36 890 88 190 167 130 526 826 967 666 762 632 886 866 424 326 64 716 684 451 770 762 429 453 166 175 499 879 64 286 373 304 910 704 420 184 943 197 33 953 2 269 389 280 497 732 540 696 821 270 137 388 661 785 319 219 416 147 698 216 407 626 670 163 880 751 536 21 831 789 117 702 522 226 471 530 476 737 734 414 564 21 895 142 207 33 170 867 724 921 125 730 273 381 103 297 642 370 397 321 249 309 915 423 740 242 888 678 134 550 951 710 289 389 405 562 443 289 164 539 259 10 945 761 236 76 274 695 151 578 473 687 287 211 607 408 545 576 2 380 45 480 459 801 458 41 992 130 979 704 211 614 571 553 393 242 454 223 812 341 993 161 52 685 930 85 928 173 637 368 569 289 750 44 159 853 30 817 973 119 423 807 728 617 278 437 424 749 513 87 964 408 738 243 909 27 804 598 796 900 358 592 284 19 795 919 776 43 497 574 0 602 348 20 709 138 325 275 632 682 944 319 761 625 708 484 321 123 483 595 720 930 559 81 116 590 772 284 431 952 339 931 199 588 574 744 906 885 125 452 233 120 454 170 217 327 183 984 746 10 998 142 840 35 718 826 98 728 352 807 160 279 549 336 981 481 943 261 365 157 956 844 591 939 231 568 135 502 381 336 335 381 274 876 205 119 279 230 669 573 
447 682 649 672 673 522 987 818 781 695 260 630 331 346 255 727 738 691 49 494 877 448 306 563 992 981 895 205 267 893 271 313 495 375 758 148 749 841 627 8 258 799 127 863 869 558 777 34 795 983 508 683 314 442 31 805 378 692 991 482 56 302 81 938 929 674 764 806 929 919 421 537 463 382 625 845 537 686 522 28 568 350 810 128 792 575 687 742 812 346 702 96 291 482 279 911 412 934 301 791 488 538 473 597 742 913 2 889 741 157 544 12 503 149 202 730 133 765 980 402 115 987 585 13 386 797 329 539 406 509 69 546 387 798 960 394 854 564 914 36 93 252 732 949 305 732 624 684 412 497 900 43 145 395 807 799 711 824 334 631 189 779 51 10 474 729 58 213 184 99 901 744 593 611 965 53 308 143 319 909 694 104 412 174 560 955 748 754 535 590 822 888 562 173 632 28 296 969 593 153 71 770 879 115 667 314 74 513 102 495 193 849 13 982 541 531 487 293 339 313 740 756 397 626 625 889 782 878 615 321 203 135 373 439 809 929 381 911 354 88 968 504 932 103 581 534 224 854 453 332 862 116 670 644 254 134 720 908 852 422 651 961 999 516 716 664 501 403 7 922 760 439 628 989 324 156 387 257 620 678 991 407 962 896 48 561 178 80 241 820 869 48 62 118 569 612 699 581 374 69 662 568 422 102 460 502 437 719 581 764 800 74 857 871 32 30 583 322 555 35 785 849 401 506 997 373 462 313 854 48 705 25 916 740 247 953 827 137 674 353 427 655 579 897 383 790 407 862 392 482 363 937 493 269 812 610 761 635 901 9 173 203 444 799 411 436 642 117 402 691 741 42 323 432 28 483 386 884 961 604 466 307 733 598 477 933 442 675 107 948 684 986 190 863 156 894 104 745 539 489 343 247 871 981 501 374 195 825 94 530 790 482 754 778 999 933 552 155 35 298 650 777 347 497 796 326 26 126 373 576 618 253 928 219 550 496 622 459 600 574 608 235 219 847 363 636 739 719 557 265 364 206 992 490 578 816 269 722 417 846 43 553 187 957 773 480 530 806 170 466 952 578 973 421 875 616 800 517 813 213 261 285 509 735 822 699 556 29 210 217 762 648 125 292 723 889 256 782 950 475 
399 960 197 422 379 154 160 368 319 905 334 253 725 111 449 689 630 728 187 957 220 308 34 444 378 209 655 14 339 128 285 582 883 63 445 908 975 291 190 522 81 314 344 790 482 798 73 604 112 42 114 692 707 137 683 926 957 474 735 360 230 406 189 980 285 284 617 492 862 236 914 607 873 707 189 359 862 173 647 469 464 240 377 229 39 14 771 443 782 559 47 17 421 280 768 898 63 141 927 495 344 81 72 347 183 761 439 706 505 562 588 303 392 541 787 157 723 116 809 416 309 786 970 458 22 245 91 156 94 980 530 423 456 583 178 126 810 934 202 226 431 891 980 532 216 791 560 10 475 627 329 487 521 32 960 706 897 712 160 45 741 422 719 485 551 726 336 588 672 822 991 711 974 66 886 92 963 613 322 575 486 510 494 373 793 31 293 43 341 663 247 1000 700 786 370 111 134 599 887 353 493 9 660 794 778 826 61 940 254 456 496 537 529 154 689 944 657 734 857 296 33 573 450 832 343 631 264 704 395 834 768 213 913 183 256 170 935 716 172 904 458 862 273 771 983 583 696 259 976 341 444 279 256 519 932 19 328 877 207 42 444 591 168 868 100 824 360 708 79 51 810 254 440 655 3 563 9 259 863 782 96 553 263 243 140 773 24 729 986 29 868 383 114 288 724 133 261 42 208 152 313 977 363 83 97 951 238 544 38 620 976 414 923 727 467 108 721 999 704 635 399 760 929 867 860 623 43 683 880 648 476 392 955 229 852 510 828 989 969 274 981 159 116 212 147 367 260 63 213 522 287 489 208 411 449 773 571 666 652 130 292 987 592 855 299 57 976 692 75 16 707 552 231 826 929 687 301 946 438 179 668 205 407 865 526 360 999 217 575 230 361 246 539 528 348 230 836 491 702 556 241 511 288 714 657 492 633 642 32 762 922 19 243 948 896 356 805 140 285 906 629 441 360 717 102 861 363 798 339 668 684 404 137 200 311 500 168 184 668 991 188 837 459 553 218 799 929 636 344 667 188 602 236 724 803 577 641 692 816 265 414 114 794 4 178 264 963 933 665 445 742 9 717 241 849 936 541 497 445 564 657 550 290 355 133 426 49 468 696 15 315 535 891 443 817 629 619 999 546 122 
63 374 675 523 593 502 105 14 454 787 81 180 434 354 97 988 107 605 519 419 664 305 554 986 925 82 458 76 546 764 38 762 269 357 778 881 169 13 124 746 182 447 750 249 95 381 832 394 10 646 107 235 326 636 558 329 753 616 298 288 490 209 713 884 955 798 54 722 353 612 485 697 291 723 257 632 215 902 122 32 719 938 741 420 615 339 254 245 324 766 555 740 680 526 447 149 684 399 478 543 189 299 397 669 197 679 449 0 836 906 953 908 835 848 421 891 181 841 709 162 655 457 668 451 532 508 684 783 284 370 784 953 968 419 942 941 289 208 410 175 974 927 473 450 323 619 150 822 841 449 285 59 704 994 842 554 695 159 361 346 364 995 949 211 938 110 195 19 291 927 873 914 9 818 241 812 918 582 318 43 84 73 419 585 214 200 87 438 197 424 209 226 72 677 904 809 299 905 82 327 272 474 492 111 86 772 534 879 760 969 740 259 470 383 746 773 78 420 546 879 346 749 165 61 174 121 18 457 486 393 478 772 14 675 889 625 355 859 629 229 744 276 910 442 216 545 18 645 160 196 799 721 957 239 586 43 374 784 929 803 278 39 475 533 201 263 479 180 387 460 826 613 737 664 799 164 91 100 196 999 374 150 61 928 54 261 48 97 957 900 912 624 945 11 382 559 650 585 858 141 694 928 590 301 903 729 672 571 435 661 500 894 932 255 295 103 943 247 687 716 134 983 34 445 910 42 71 226 512 650 645 160 890 157 706 50 81 724 283 468 392 644 882 296 546 208 28 98 168 296 169 252 452 577 321 448 684 867 33 101 858 439 912 831 657 151 709 488 774 643 217 680 43 587 716 34 782 187 353 894 356 536 938 769 384 243 700 173 124 404 206 606 516 408 150 19 710 756 781 604 929 810 458 284 415 523 356 719 657 464 634 220 946 66 126 539 290 202 218 145 493 103 24 472 919 2 507 104 91 27 801 972 210 812 651 78 664 438 372 402 599 833 370 99 177 256 609 32 175 301 163 47 421 940 631 258 674 753 633 152 249 893 338 769 702 913 488 228 860 7 978 704 281 136 594 946 425 885 674 304 462 137 733 760 319 594 934 883 740 552 8 316 956 794 218 755 357 351 592 538 
736 704 315 357 60 129 178 404 340 425 473 630 2 855 847 10 981 124 634 396 310 600 601 166 230 420 991 792 991 328 510 73 783 700 681 855 311 130 110 69 331 307 797 813 335 335 288 626 693 304 258 924 221 19 357 242 793 152 614 868 665 254 281 781 271 670 63 555 178 723 178 72 892 778 0 470 141 345 560 222 236 637 406 512 714 433 413 490 210 699 953 776 537 713 479 928 692 329 967 412 472 798 608 58 309 907 637 80 611 106 530 339 37 35 71 479 311 296 10 298 979 51 616 337 514 961 229 863 842 847 220 462 646 377 57 549 72 749 630 712 799 496 788 828 409 304 170 478 741 563 251 868 945 830 161 667 588 806 208 334 406 653 98 598 556 538 602 566 492 267 269 282 403 834 488 534 13 692 981 728 92 680 51 100 735 505 131 160 231 911 762 319 416 812 59 575 433 125 752 102 362 329 587 449 27 535 919 643 85 975 244 896 322 905 382 157 272 420 298 294 213 869 603 588 547 60 438 506 74 101 946 377 897 48 895 619 973 731 622 23 133 341 624 843 183 446 526 980 96 321 985 937 853 657 150 298 755 27 867 166 452 462 619 989 100 241 469 695 36 533 670 134 297 47 405 490 794 660 720 352 474 715 823 418 338 438 866 440 978 748 993 917 544 686 913 968 637 735 930 237 477 837 928 898 838 439 813 925 403 836 672 385 982 540 926 887 104 946 639 804 662 667 914 664 272 325 673 105 876 644 648 808 362 567 884 300 567 733 513 300 751 734 151 139 446 893 578 420 687 219 629 381 864 963 28 583 319 791 268 635 807 939 731 385 859 919 706 160 529 776 918 968 187 121 30 479 265 681 606 764 973 460 105 471 986 704 765 966 18 889 905 255 306 564 198 198 133 259 898 534 445 311 61 314 812 16 63 437 609 585 286 889 838 954 732 791 48 435 796 686 838 818 391 368 661 342 610 733 702 702 75 342 762 20 817 135 608 449 979 830 848 66 953 664 252 202 700 763 193 97 582 994 870 791 154 31 555 749 592 897 9 900 581 459 977 915 646 296 537 547 10 578 716 955 748 122 29 69 863 702 596 241 757 263 884 830 577 522 58 306 866 626 613 65 888 391 809 719 97 772 
494 799 889 153 424 711 774 191 484 718 879 678 986 458 726 624 272 392 691 414 41 227 125 256 673 495 438 101 733 956 265 616 842 551 952 222 770 485 581 143 355 862 27 303 633 903 125 79 96 597 91 832 113 103 671 560 549 893 111 422 995 198 794 922 616 814 555 64 465 713 554 664 676 71 896 793 609 483 543 575 839 667 557 348 370 519 770 72 873 7 231 670 84 145 358 569 331 706 388 10 23 366 885 432 812 28 699 768 667 667 203 422 698 406 254 185 398 21 707 109 462 282 946 974 783 384 989 301 649 974 752 890 385 654 73 76 519 763 649 547 975 818 37 356 297 940 985 1 31 321 735 33 942 619 937 346 396 70 580 969 271 745 174 741 793 170 499 948 132 559 970 486 689 343 523 462 0 598 774 971 381 861 352 349 23 252 697 878 537 986 969 488 602 439 910 428 925 210 496 74 731 951 1000 205 632 3 392 175 270 793 851 991 718 64 580 37 239 412 314 845 196 90 600 781 49 356 263 195 720 256 398 515 267 908 554 340 981 997 953 206 497 898 512 442 769 582 224 91 79 133 158 794 832 685 39 196 708 968 439 278 149 124 665 152 771 59 175 565 294 403 323 237 207 142 795 824 703 539 602 883 877 399 10 498 106 799 275 418 370 778 13 121 977 780 591 467 447 9 800 9 868 502 243 445 967 290 29 88 402 932 176 68 137 988 148 365 754 57 933 518 428 43 682 667 351 979 169 54 840 231 27 904 979 684 670 339 511 185 245 399 333 244 675 46 494 375 20 308 229 823 688 950 148 746 360 45 457 496 705 945 509 327 627 773 430 492 513 176 720 393 998 882 208 870 938 376 781 527 411 579 388 328 947 342 266 587 601 460 557 609 869 928 113 356 730 351 620 494 58 985 618 881 902 744 657 408 834 230 628 811 470 807 443 295 253 963 850 752 887 55 156 518 972 998 876 622 339 346 558 622 931 977 296 547 990 213 347 985 564 581 107 844 371 250 653 520 160 630 241 498 433 461 243 823 710 189 860 731 681 758 389 484 377 221 664 772 173 413 181 597 631 529 233 739 7 163 214 237 96 645 291 384 323 128 932 356 102 150 403 901 699 47 961 796 900 708 680 552 749 792 
158 936 475 254 888 717 937 998 944 231 938 46 24 104 122 782 733 589 976 635 470 418 160 458 885 117 820 82 842 461 492 240 255 815 844 90 868 669 171 719 906 578 105 791 113 30 237 114 514 198 488 294 264 216 704 986 235 767 365 483 504 764 488 479 653 518 761 30 571 907 787 778 611 921 806 599 540 332 956 400 827 518 797 837 7 341 961 945 766 162 165 392 793 569 941 486 526 668 927 584 774 71 820 684 196 410 27 482 943 111 889 664 999 841 63 121 229 708 877 176 505 496 242 628 461 469 725 25 683 944 703 929 516 676 914 755 493 969 285 463 781 28 111 516 80 6 298 232 965 577 170 944 386 655 182 78 80 508 915 814 412 203 691 252 256 573 458 843 334 981 129 270 742 814 989 940 119 611 980 778 359 726 165 854 748 323 181 394 699 122 216 725 583 234 277 516 522 901 367 460 184 643 761 832 75 106 177 426 510 508 161 965 124 293 739 515 322 556 962 545 82 768 638 433 605 551 478 198 910 346 952 489 811 847 723 611 142 947 44 950 937 107 618 14 710 229 886 404 821 942 746 498 8 513 465 623 49 9 752 32 653 479 961 786 402 235 38 344 777 177 702 801 10 737 613 319 87 969 125 38 862 983 256 803 464 936 933 552 497 244 48 740 740 873 483 949 96 49 689 550 700 953 78 503 202 78 612 895 538 452 221 887 679 732 425 705 75 590 518 674 508 483 283 446 590 77 283 18 477 367 544 741 693 372 276 124 763 509 805 199 920 875 443 217 4 503 244 42 604 17 208 117 397 755 503 907 823 646 154 713 784 456 643 697 688 503 319 877 809 151 104 247 838 48 16 908 560 809 408 989 772 660 711 669 905 843 839 88 372 594 200 131 684 204 328 926 753 824 594 700 393 334 862 107 826 881 365 336 657 628 208 121 787 734 156 929 687 218 69 943 737 396 893 263 514 555 499 857 752 838 693 372 895 179 957 217 930 917 32 224 651 908 256 797 507 747 636 35 178 8 377 979 290 26 495 527 205 114 720 684 616 549 449 659 395 566 43 821 606 21 318 81 192 253 258 65 903 849 79 141 802 700 445 91 560 796 855 722 815 68 519 424 171 755 676 620 478 11 980 871 
669 509 264 802 733 902 900 156 303 684 601 606 701 770 378 385 91 683 95 99 187 163 856 168 478 990 913 553 190 570 147 997 866 497 666 94 249 241 661 913 921 779 716 236 233 336 997 443 131 6 515 173 853 232 411 326 293 244 285 308 180 423 826 559 806 890 712 833 112 149 370 323 396 986 75 268 914 18 303 388 50 16 389 4 262 320 599 149 599 63 65 875 910 513 658 529 553 225 878 438 45 300 474 77 772 194 522 286 324 399 98 385 514 797 111 931 357 250 306 762 189 920 482 857 831 131 930 318 516 614 397 316 130 556 281 60 191 579 933 192 210 48 80 807 785 456 322 887 736 64 533 24 549 579 857 472 255 746 878 725 34 361 192 216 524 198 360 274 743 433 237 537 660 778 760 680 797 800 702 286 674 947 551 605 900 1000 569 647 804 877 235 655 552 951 205 981 547 929 748 295 690 306 528 93 517 0 593 75 931 317 659 148 984 584 763 251 222 983 243 222 789 686 142 12 544 824 673 864 877 707 211 579 50 1 919 342 700 789 859 76 446 5 3 36 480 486 376 432 71 960 826 75 854 755 378 746 715 197 588 100 72 655 963 244 122 901 833 31 423 16 738 73 813 687 580 225 61 468 291 134 631 900 87 208 242 286 855 691 732 629 195 986 621 170 260 784 368 723 980 26 983 277 851 619 1 766 360 31 131 739 377 364 16 647 702 842 383 521 555 734 825 106 978 287 72 128 764 430 971 772 341 629 0 446 419 449 988 88 156 378 545 341 978 60 428 597 641 852 561 241 80 715 848 585 144 742 272 923 637 981 510 340 658 232 260 45 386 917 185 67 108 781 815 809 566 630 23 600 205 942 681 39 61 234 737 462 168 731 140 689 608 10 268 528 311 224 181 214 334 251 453 522 353 361 733 630 56 271 807 868 145 454 344 788 802 605 773 651 920 420 166 389 900 97 938 488 429 125 280 133 585 765 152 344 684 335 759 330 343 425 990 431 61 893 161 769 27 78 770 814 802 386 488 712 210 225 805 788 268 676 130 428 592 676 179 866 760 874 354 655 443 346 661 318 638 458 548 89 635 818 856 293 966 624 392 3 766 644 504 53 421 394 131 449 867 420 839 528 536 865 
627 472 87 885 647 572 533 581 251 970 430 877 494 251 80 748 658 904 726 875 792 153 720 478 960 824 976 573 424 906 989 265 934 421 590 691 803 59 719 579 599 576 989 234 438 160 733 885 401 16 314 809 35 169 307 455 852 558 884 54 903 992 443 541 275 189 398 851 596 198 543 498 617 207 627 214 94 267 550 840 147 674 788 350 991 491 878 818 591 552 45 645 595 141 615 594 388 627 730 534 357 974 953 291 317 332 488 16 724 736 95 707 844 728 639 389 815 548 835 997 976 219 462 460 611 740 975 836 339 987 190 942 733 952 430 472 126 990 353 501 301 231 517 865 15 224 446 847 259 407 577 12 993 589 874 960 760 94 700 137 303 316 876 642 491 188 610 689 453 753 722 264 471 774 685 798 67 475 225 216 777 179 574 759 574 607 957 228 984 556 878 535 870 181 840 71 381 661 575 255 286 30 512 750 268 456 61 339 620 434 781 130 994 295 640 106 517 366 686 209 649 339 854 799 382 280 120 278 29 109 493 299 396 794 832 984 626 528 885 400 215 172 234 21 454 785 227 400 90 628 680 569 557 923 735 50 870 507 154 144 510 905 787 863 421 762 193 754 980 613 763 298 418 809 123 570 967 199 687 194 582 367 657 947 435 218 558 869 661 865 246 80 698 898 37 1000 742 160 570 667 49 619 193 753 669 764 221 322 411 156 325 454 638 549 538 982 844 679 887 155 974 896 240 117 664 29 445 884 783 494 380 386 399 149 937 591 461 18 815 176 218 429 128 831 693 167 534 427 330 273 753 872 303 399 813 574 76 620 792 345 994 918 486 358 174 285 353 310 901 478 515 877 955 886 122 264 685 586 420 537 736 274 174 536 874 738 245 593 501 780 443 69 482 920 297 475 733 479 658 93 740 164 808 697 869 99 988 24 509 885 849 902 506 449 432 997 465 488 746 291 980 807 672 797 236 574 690 89 457 597 729 448 565 842 845 516 150 90 339 154 588 530 879 844 94 232 132 684 411 582 212 565 662 686 134 570 534 990 523 855 562 337 424 414 411 217 934 95 429 613 645 727 104 812 382 96 961 103 526 979 268 566 938 832 197 343 536 69 629 188 518 531 951 315 820 247 421 293 406 16 
557 952 949 495 382 542 557 79 794 170 789 997 522 396 263 973 143 139 484 61 569 237 167 795 395 501 748 430 810 386 143 720 909 155 540 420 678 679 314 536 132 849 327 893 853 607 766 722 238 294 782 989 172 478 840 554 839 554 270 394 846 189 108 488 744 221 467 44 239 111 502 251 775 359 576 412 312 973 234 832 902 406 253 172 10 736 246 553 51 35 812 366 119 147 993 932 195 910 83 541 234 961 304 756 613 869 331 653 111 772 829 260 860 423 837 458 548 105 386 180 539 307 769 930 953 928 957 691 466 555 34 223 522 791 11 140 264 717 814 379 575 828 781 193 246 866 402 606 397 974 347 874 19 151 35 179 800 399 748 335 142 354 105 938 532 296 168 318 763 580 839 713 447 229 963 767 215 750 432 141 143 357 595 360 559 487 168 760 805 775 330 805 859 966 373 540 166 299 334 303 781 794 919 425 978 735 578 301 370 881 175 310 747 248 523 561 686 972 488 339 460 483 277 680 677 364 823 634 885 551 337 478 624 507 168 477 125 998 298 141 124 305 730 18 476 435 139 66 204 292 907 724 330 971 879 360 266 941 705 877 104 34 371 585 599 942 582 806 293 154 1000 25 634 620 644 31 470 770 200 313 44 521 440 602 686 386 120 602 969 750 241 301 69 315 338 387 414 885 18 877 739 459 318 291 24 997 193 787 662 912 262 393 199 342 446 596 734 156 963 752 172 939 450 330 74 593 803 934 233 137 334 490 229 693 98 855 867 178 551 423 532 337 132 582 623 664 69 365 130 161 20 300 295 983 951 128 707 42 518 934 907 82 87 830 206 466 798 580 667 683 799 472 289 238 852 341 77 331 692 64 0 799 506 791 292 173 564 121 188 295 173 927 661 332 901 588 720 953 875 730 284 281 881 393 173 513 381 331 560 876 665 904 836 380 911 141 795 247 343 253 187 955 334 753 795 730 470 599 62 656 626 519 636 915 764 180 78 779 688 740 322 217 430 701 587 486 200 958 383 247 534 792 626 31 427 461 818 901 838 273 962 223 568 722 502 924 989 73 88 451 910 364 590 510 867 957 212 286 799 64 842 535 806 618 238 263 461 796 518 620 873 562 737 732 560 463 897 830 755 493 
821 242 595 888 365 204 138 217 655 321 540 787 141 675 386 283 849 509 744 173 462 969 70 938 374 404 709 757 102 299 312 361 19 227 300 229 289 567 609 984 228 335 36 992 557 564 982 73 418 981 370 560 970 816 236 47 401 224 687 605 139 565 408 837 819 680 667 289 321 60 38 610 474 774 889 434 66 753 751 999 194 496 894 539 740 598 246 35 854 98 260 275 653 640 220 300 602 228 497 611 743 627 902 996 850 976 788 721 546 582 433 792 225 788 944 525 162 537 808 407 128 924 971 255 969 724 64 114 845 246 93 389 847 465 242 940 391 635 4 14 884 787 0 372 889 75 387 662 42 146 106 403 43 858 484 448 374 592 64 342 683 43 757 550 400 930 730 676 51 493 298 436 880 959 695 949 74 235 21 339 461 91 256 860 855 427 326 938 849 42 455 914 994 800 390 940 414 415 196 972 974 193 345 892 891 58 92 492 327 126 985 854 406 364 90 250 140 387 678 274 471 858 895 731 620 239 859 749 532 939 173 441 429 730 888 196 746 504 974 165 801 500 462 547 572 950 456 43 746 220 355 53 67 179 672 123 333 400 774 252 415 486 45 271 344 130 246 545 273 623 19 703 979 229 130 851 372 750 418 727 598 221 102 102 164 820 946 143 855 977 834 697 615 156 348 702 653 484 647 541 39 812 561 480 852 211 72 791 951 990 526 281 854 274 456 341 650 94 353 301 85 259 274 178 5 402 487 927 289 586 329 972 924 346 392 532 122 354 878 801 689 380 197 687 690 45 243 382 145 502 780 157 337 267 399 632 337 439 408 712 996 175 697 229 912 501 305 268 805 749 716 612 351 258 760 587 661 471 568 720 605 895 327 520 87 528 208 545 232 284 39 867 363 462 133 767 329 822 419 429 419 222 967 68 377 110 75 773 746 273 987 828 950 103 589 863 707 999 561 505 436 796 587 673 411 185 997 768 897 987 314 864 499 819 779 155 732 100 949 841 674 369 554 178 499 887 723 6 860 801 254 664 1 472 1000 873 712 226 4 828 374 381 765 591 807 857 627 452 526 77 874 193 409 842 388 837 887 350 585 203 823 84 271 922 789 661 742 403 489 653 995 259 497 850 340 752 744 799 57 794 
840 933 88 171 176 592 12 654 499 776 643 555 328 415 51 113 891 157 95 702 946 337 713 397 443 937 302 977 802 838 684 471 810 67 4 531 744 709 424 254 121 201 32 403 89 432 485 885 476 326 148 257 457 299 255 687 155 289 803 693 406 346 643 793 23 264 615 201 577 768 396 363 538 579 982 280 951 524 178 912 331 638 147 524 19 970 526 373 28 623 428 175 129 295 70 890 595 214 217 473 245 858 194 90 967 150 208 120 53 343 159 735 385 972 602 545 503 455 427 345 125 183 950 187 871 981 422 415 140 92 357 708 735 774 389 724 176 743 87 29 197 846 431 704 432 905 74 355 341 307 112 164 785 107 512 87 378 794 623 794 597 508 303 965 379 901 983 598 116 81 6 609 92 356 497 695 351 301 264 641 479 108 742 233 607 157 550 790 952 880 555 853 475 83 371 466 730 918 341 466 20 975 988 713 888 499 884 823 699 477 135 267 789 826 326 851 838 826 543 481 183 871 76 846 375 356 43 138 492 133 424 907 533 876 390 908 199 794 297 477 268 288 58 693 966 347 859 376 910 587 426 524 368 27 984 965 155 894 121 625 128 750 334 274 211 169 565 953 141 950 386 812 560 184 405 428 311 770 867 541 328 587 723 997 303 890 402 576 365 841 856 858 917 24 690 902 692 853 475 780 39 797 367 595 189 823 123 670 860 775 922 389 293 705 909 702 284 718 577 926 257 403 593 924 200 836 347 647 695 261 682 351 287 253 7 882 347 877 955 545 557 13 334 704 312 669 738 14 560 458 552 632 411 977 221 942 136 633 494 900 384 369 402 266 737 398 325 585 876 807 867 507 743 413 882 979 59 249 893 179 391 658 553 61 934 486 67 652 937 364 356 927 511 633 111 514 273 270 837 801 548 517 479 310 660 543 880 447 962 275 467 544 532 696 140 740 110 820 943 404 987 464 799 711 51 72 839 439 145 966 10 18 316 509 605 432 171 168 519 842 998 302 118 902 658 339 257 482 508 427 340 10 842 291 283 139 142 31 468 615 343 997 159 100 819 634 443 446 855 896 549 640 454 401 678 173 600 791 705 294 820 500 957 340 565 686 510 338 502 791 605 34 463 598 142 660 199 996 7 778 
818 365 678 200 455 240 594 68 423 562 729 618 451 205 633 319 525 915 523 626 283 786 879 828 280 623 854 461 516 309 597 429 657 967 978 137 863 573 990 518 676 16 410 919 372 852 318 971 687 989 32 885 40 753 313 20 921 790 807 298 929 919 867 990 275 262 233 44 294 790 990 786 443 733 980 441 948 995 123 351 394 535 802 140 182 59 24 761 211 863 231 636 607 188 809 545 221 668 631 444 402 426 174 998 680 940 669 265 9 165 680 160 894 321 850 372 838 627 279 923 850 884 556 489 719 146 956 739 471 437 164 841 32 821 18 896 756 892 280 307 0 86 329 351 697 133 672 109 779 170 364 727 509 602 29 432 579 463 981 210 591 907 256 47 391 922 58 648 617 988 811 265 796 104 417 377 83 371 523 905 916 313 254 995 910 426 764 851 668 735 155 972 619 198 568 850 565 362 458 156 823 260 143 913 606 710 72 373 314 538 512 10 974 50 311 4 294 877 281 460 714 546 438 471 295 897 158 134 792 540 645 613 59 810 264 247 962 155 845 361 369 651 274 348 464 79 944 38 435 164 88 417 11 903 405 934 955 403 861 468 146 167 964 933 39 172 825 789 776 440 148 375 75 948 865 318 459 186 732 5 558 71 785 258 61 371 337 905 332 317 101 115 985 434 75 593 852 3 303 775 827 961 293 164 516 578 928 585 218 638 888 242 657 869 0 833 111 766 44 69 442 975 957 2 847 917 818 871 280 150 521 989 980 11 128 244 372 542 677 34 670 113 796 329 201 68 627 133 998 352 341 154 877 909 69 398 295 982 920 711 443 741 672 715 764 418 521 517 434 772 560 29 458 727 506 322 170 652 260 121 520 681 990 648 219 95 397 695 58 737 233 672 722 183 708 358 690 679 571 444 466 687 410 654 429 295 207 222 819 754 154 681 810 375 768 453 521 40 877 206 8 93 200 284 155 553 216 87 601 452 593 115 839 360 291 676 515 138 945 869 934 741 506 611 155 22 303 78 474 131 448 50 985 346 764 77 25 422 348 853 66 895 337 765 535 775 813 838 425 536 814 356 386 196 336 776 325 521 649 903 594 374 408 397 545 711 965 696 270 984 366 434 279 788 978 665 649 220 124 686 
495 554 563 946 299 556 83 291 385 822 957 28 849 72 821 542 636 430 815 335 462 428 618 400 838 368 70 664 891 368 312 731 932 992 872 728 896 202 660 69 740 960 780 176 582 376 408 186 965 171 815 180 652 629 427 20 776 635 482 626 876 102 359 61 100 563 430 121 895 925 467 594 800 367 464 66 422 644 607 73 335 4 530 539 820 583 910 426 697 145 988 322 122 949 660 256 320 344 230 585 143 928 348 403 804 158 653 344 867 912 781 165 364 782 391 493 121 532 866 89 2 367 27 726 357 789 828 439 125 74 121 34 284 752 761 828 317 824 700 69 259 920 280 545 895 375 246 937 44 246 146 815 147 652 129 774 686 702 739 946 850 398 690 732 850 30 647 315 215 379 451 151 488 35 424 620 577 381 84 850 958 365 708 355 995 341 780 961 974 433 80 603 21 413 218 20 922 817 67 769 851 295 166 626 912 13 634 142 56 656 390 528 427 210 799 88 21 51 654 492 774 572 533 894 648 622 33 281 428 580 962 594 612 141 468 564 459 102 79 399 355 365 614 794 862 87 648 872 79 610 88 235 663 633 157 690 737 367 303 789 814 183 924 842 31 206 141 402 773 37 366 336 689 496 722 804 850 168 51 101 105 471 864 543 972 206 680 606 275 136 332 480 946 725 651 707 871 872 978 321 498 977 341 291 398 155 547 796 847 841 274 872 596 955 27 617 312 557 32 220 964 465 688 885 874 82 486 848 98 939 522 521 542 561 562 141 156 216 164 132 694 693 53 368 732 560 216 66 893 917 637 493 570 732 166 798 476 659 0 410 370 786 509 411 670 378 501 335 450 326 991 745 220 893 96 482 722 966 710 580 82 458 447 253 185 51 364 257 6 450 726 966 144 411 960 527 143 356 428 118 923 113 326 678 23 373 24 400 354 673 299 810 893 8 770 995 803 602 621 711 817 109 997 263 797 727 427 936 954 16 687 440 771 154 24 533 346 172 713 956 437 872 848 344 843 127 944 534 264 672 745 961 339 774 120 959 290 757 746 217 424 474 219 158 899 776 902 458 183 982 190 153 38 749 739 788 686 690 703 793 610 629 751 16 393 780 66 460 643 850 589 234 986 413 368 139 136 113 355 449 
301 408 670 916 373 767 975 833 321 955 946 462 778 768 325 162 638 910 555 23 181 742 951 659 577 862 795 647 759 902 103 379 310 342 300 69 669 177 623 61 493 751 726 341 15 850 492 7 170 650 363 780 11 345 174 575 462 893 581 579 634 432 561 83 873 703 712 835 923 351 427 850 386 173 153 370 800 872 805 460 400 547 654 540 48 943 766 319 875 651 501 393 180 507 354 271 630 590 811 874 612 190 636 31 70 315 141 929 608 771 205 937 438 725 393 577 945 287 535 890 870 541 907 416 987 383 953 489 453 935 132 388 82 855 279 634 839 964 322 398 838 743 55 264 320 449 528 987 530 468 233 153 226 273 693 370 680 987 565 435 629 975 756 198 544 239 341 194 563 493 115 981 378 803 238 357 145 351 165 308 670 383 606 134 749 38 112 796 404 96 898 211 422 181 342 837 360 346 562 782 739 338 546 898 170 851 675 14 708 276 525 396 233 788 104 281 723 335 842 5 153 921 774 151 614 528 344 4 172 935 281 566 801 780 157 842 35 574 703 864 227 121 344 160 9 635 687 557 244 399 40 532 312 929 583 288 182 582 223 794 885 26 321 502 80 839 453 161 789 9 740 948 527 565 926 756 604 162 974 470 734 449 524 428 325 414 338 18 741 29 55 634 583 908 726 909 547 300 205 929 702 304 223 673 527 176 834 135 640 522 386 636 323 57 974 183 938 426 402 59 325 723 348 23 856 428 199 704 353 719 552 123 372 606 970 101 122 341 40 946 704 565 862 361 200 198 133 887 793 140 44 333 94 758 158 90 178 685 313 6 492 885 427 334 125 316 67 600 857 935 449 36 859 97 628 412 897 301 429 974 305 908 923 574 516 941 458 863 478 564 381 244 45 847 937 226 47 485 262 689 954 114 417 458 578 36 349 515 516 506 771 793 361 460 11 305 507 56 311 641 905 144 312 760 690 107 637 971 338 224 569 122 598 927 638 874 442 6 17 124 425 559 28 754 111 710 443 532 953 52 106 83 274 204 203 587 970 767 903 184 881 0 59 808 941 965 680 473 846 538 255 86 341 656 652 779 685 160 711 435 227 672 797 553 673 858 710 437 271 125 319 639 920 165 165 947 847 731 96 228 
348 352 914 287 374 816 687 181 662 533 959 424 66 515 796 182 23 154 849 986 786 14 948 555 157 829 432 986 261 615 182 194 223 770 922 623 390 354 641 491 213 166 859 874 734 250 128 253 713 389 661 191 301 171 792 336 20 192 499 735 390 525 944 818 863 405 658 473 723 421 100 653 491 811 761 842 397 566 40 903 53 147 375 644 804 803 390 715 283 62 285 382 245 187 576 159 361 546 49 576 913 308 435 23 163 739 663 30 156 779 511 346 514 602 266 845 471 559 106 997 582 101 612 955 489 29 692 487 934 418 711 611 598 70 715 14 918 25 584 747 570 57 549 810 399 918 844 131 12 182 594 214 2 190 94 893 971 932 651 422 80 524 36 224 903 375 921 579 614 724 781 668 751 415 36 22 607 713 210 21 952 75 23 47 648 580 279 308 21 74 291 38 245 48 642 175 537 26 43 782 988 820 914 569 163 593 549 304 133 532 966 779 147 711 227 418 309 235 996 381 523 876 240 96 787 791 894 460 454 835 456 657 58 632 303 31 845 737 433 578 559 497 103 868 725 870 569 483 265 338 676 710 561 434 568 316 348 478 706 118 759 513 441 723 561 498 32 160 7 789 985 105 327 884 533 456 986 404 850 930 949 294 848 838 41 204 813 369 268 500 729 987 319 244 521 311 24 529 424 466 469 383 12 199 676 334 390 172 224 378 128 187 293 877 462 240 26 975 674 230 120 875 393 273 431 52 495 966 567 19 228 323 431 273 752 103 923 571 919 508 609 571 984 239 697 131 834 2 726 773 841 750 351 143 629 451 47 661 751 407 925 405 55 220 869 328 737 400 917 58 463 159 798 7 756 550 81 204 237 428 175 800 117 630 400 953 820 269 568 304 637 721 913 145 259 216 274 173 756 979 407 72 722 243 946 197 705 789 640 851 603 936 412 451 319 217 58 163 804 124 686 570 391 518 30 219 509 574 314 713 706 933 207 835 746 560 95 755 267 696 908 995 858 441 268 912 753 60 285 419 260 480 52 847 744 386 686 132 493 941 961 312 278 557 885 953 892 592 21 937 174 666 576 475 700 440 492 886 95 870 900 422 53 558 290 211 62 191 817 399 563 582 907 359 703 269 117 92 237 45 
440 753 464 548 82 235 599 32 860 121 746 818 749 680 231 947 673 279 981 386 16 716 76 573 150 448 72 329 686 949 253 162 968 923 541 632 56 782 371 412 155 176 174 301 310 753 177 710 273 343 829 692 375 65 123 390 112 333 587 359 170 982 689 125 138 196 115 337 413 685 811 626 879 602 377 695 89 647 567 847 407 159 608 635 45 558 767 536 616 22 788 632 742 25 888 975 931 865 936 306 950 11 312 586 47 375 18 117 448 724 988 285 559 571 77 104 308 664 152 979 72 612 847 643 231 424 916 848 240 841 29 865 145 355 131 323 380 914 10 701 960 570 686 660 734 11 256 801 985 907 779 551 357 519 743 721 301 907 589 968 378 324 974 637 294 173 700 870 85 316 288 902 710 56 467 962 788 585 374 749 931 695 215 168 620 321 643 430 265 567 160 298 239 856 109 227 760 341 54 69 588 643 929 22 510 71 100 222 178 149 679 560 414 57 460 87 30 631 961 525 523 628 145 621 857 929 42 362 522 280 394 27 928 170 436 557 528 872 571 633 78 97 951 532 918 269 826 823 263 911 284 609 531 889 311 235 916 574 226 290 633 713 242 96 592 314 954 760 537 988 86 5 876 197 32 161 706 568 678 252 709 847 191 683 17 95 61 958 392 435 803 113 831 971 543 868 827 377 988 384 654 908 904 160 988 604 543 440 182 698 97 275 913 838 536 812 145 674 674 589 971 846 696 387 872 945 126 206 379 237 47 305 977 38 742 630 749 45 771 230 128 411 885 294 193 454 750 688 501 946 616 504 482 953 512 291 11 640 950 756 231 228 176 144 720 563 59 933 652 201 446 112 901 38 420 95 78 514 485 632 533 848 279 30 102 191 407 587 986 529 437 274 258 779 378 930 395 856 744 336 756 441 4 345 132 870 424 960 515 653 23 654 833 823 589 612 219 497 659 367 328 99 897 981 333 33 452 612 588 0 850 207 114 428 679 13 459 146 914 593 326 353 817 359 555 546 906 893 259 30 755 259 8 52 975 31 160 682 304 119 560 196 722 471 701 257 501 365 514 148 743 766 824 188 638 813 90 908 683 273 786 629 500 265 898 548 809 573 539 823 140 66 732 566 608 959 471 59 298 188 
623 351 581 287 956 70 582 99 257 217 566 418 402 698 566 341 789 578 578 34 49 303 318 634 637 849 472 271 492 1 477 444 94 963 391 797 924 632 527 250 211 123 774 85 870 825 868 701 383 124 85 371 393 120 379 969 101 309 641 181 13 527 189 665 861 523 995 539 569 16 321 272 46 898 322 426 171 911 736 236 208 260 636 589 666 519 184 739 913 187 848 659 337 671 135 293 760 713 391 690 448 756 921 346 436 840 255 965 775 289 990 602 314 957 25 574 650 881 318 26 795 122 424 977 663 810 9 775 755 884 132 295 91 757 631 956 580 292 885 813 856 529 866 254 755 660 657 916 493 872 742 995 443 845 432 364 927 678 112 993 459 74 359 595 736 312 576 583 789 79 707 195 545 212 361 115 661 524 945 896 641 188 462 608 10 70 531 691 550 711 714 685 215 868 390 380 309 418 875 34 94 601 931 41 524 627 249 401 746 43 882 891 734 88 206 623 261 488 149 777 654 447 782 771 264 814 791 551 228 98 374 861 151 537 262 236 763 230 394 303 344 20 404 986 184 59 893 916 236 837 386 916 581 548 925 155 342 795 949 97 541 299 438 30 928 27 362 812 810 151 176 526 822 470 769 722 391 839 26 350 665 986 850 889 794 616 520 696 116 536 578 886 89 141 69 851 14 352 598 949 588 287 313 714 338 865 934 684 665 261 308 804 570 3 136 252 93 569 749 416 186 378 922 496 551 524 297 431 945 698 886 760 51 970 157 394 753 795 500 214 216 795 708 573 625 456 439 190 230 950 314 204 527 260 10 376 659 518 741 565 387 829 962 439 746 395 978 184 125 785 695 704 699 19 59 361 847 185 334 93 974 981 787 345 545 34 540 471 222 629 602 926 642 147 265 105 659 558 55 195 819 277 130 345 802 253 423 462 684 48 109 492 958 693 83 478 793 277 93 673 903 530 388 846 908 494 595 306 647 577 982 533 698 509 997 508 846 941 305 917 290 208 452 158 20 298 63 397 465 920 19 914 969 726 914 832 0 692 66 961 122 400 95 904 838 257 812 646 470 965 508 288 364 145 14 37 22 386 613 863 773 829 288 935 580 387 210 306 783 934 789 677 469 590 906 409 963 463 281 426 
55 946 150 125 47 361 1 159 537 528 599 115 212 770 379 41 426 266 953 294 248 170 476 37 10 784 387 956 963 896 573 820 477 117 826 529 224 935 114 852 233 801 204 401 233 551 855 181 713 351 239 44 619 79 99 458 178 295 11 713 262 147 537 914 402 628 479 700 749 580 231 878 540 67 456 375 432 47 560 341 701 407 119 453 530 641 759 973 876 681 552 241 470 528 126 914 625 129 269 989 264 274 758 240 406 768 574 245 800 94 128 96 280 465 584 188 948 370 958 469 143 238 634 705 830 707 70 538 337 590 43 99 475 72 861 876 64 300 985 885 727 526 177 169 120 83 550 878 745 129 144 233 393 414 413 853 902 947 467 522 86 203 27 969 673 678 664 960 596 978 814 912 90 128 836 278 745 137 619 28 582 386 193 552 182 246 219 864 956 395 739 94 486 648 18 825 17 851 262 51 774 952 688 324 331 451 253 935 864 233 32 908 840 423 84 912 747 981 27 436 230 216 976 487 874 106 679 1000 10 584 485 314 50 888 290 301 80 919 870 25 653 70 673 940 906 241 20 458 752 147 419 375 12 175 614 970 752 481 326 803 930 577 366 399 859 103 239 586 372 661 776 100 579 957 152 309 535 660 834 468 278 881 728 789 518 456 711 188 379 15 420 593 452 13 548 217 847 712 577 771 989 295 123 797 136 411 280 716 45 777 18 652 935 569 170 24 486 48 499 306 441 229 376 75 580 734 654 17 280 423 710 907 749 923 725 785 853 75 761 831 101 420 465 507 505 999 323 442 839 890 795 437 296 457 863 715 395 739 807 297 824 715 113 198 21 225 878 543 413 566 755 236 978 193 698 890 709 586 64 814 413 985 332 568 250 147 339 481 735 990 958 880 743 934 790 575 427 88 113 589 508 408 624 701 49 595 30 604 709 530 367 300 116 190 239 562 437 916 71 84 579 702 245 232 293 692 407 994 854 53 462 143 173 406 834 482 369 901 71 371 175 785 597 296 135 717 219 590 266 17 869 35 568 204 648 888 410 653 839 0 65 785 636 560 128 24 420 387 109 656 609 121 92 27 369 690 517 373 483 19 489 364 432 743 223 615 692 941 323 416 500 509 889 491 926 257 189 839 778 73 
6 492 1000 852 570 964 70 616 337 581 499 750 42 392 227 743 612 611 932 491 866 631 771 638 670 940 120 497 588 650 164 641 829 605 389 931 327 564 865 375 892 454 625 622 24 825 365 891 9 898 171 587 415 192 59 323 824 697 670 136 610 904 85 437 351 973 506 585 775 281 987 432 510 75 0 34 731 825 974 225 337 171 868 299 870 620 215 61 828 888 359 429 292 811 272 807 570 394 544 125 61 916 872 955 82 754 423 708 334 19 930 765 315 890 972 463 656 81 281 955 102 116 513 276 916 2 268 946 464 216 556 759 348 714 245 544 52 365 231 726 965 447 982 283 794 874 146 505 632 599 314 998 581 263 640 727 151 162 0 618 124 396 472 178 939 26 363 449 580 145 826 326 876 667 509 259 897 660 288 661 664 875 30 198 211 402 286 246 431 876 792 718 682 268 627 97 8 950 81 411 756 607 326 777 310 698 309 196 278 474 705 605 698 41 334 62 861 92 488 253 864 697 322 328 865 840 825 251 419 49 990 874 173 583 323 832 199 1 520 514 660 38 277 811 853 257 369 942 849 663 913 756 743 856 486 877 602 449 693 513 619 6 735 335 192 717 702 467 549 5 325 87 605 858 153 303 141 483 558 728 998 415 337 756 582 838 851 436 51 47 535 475 869 802 306 677 345 870 391 79 795 647 3 725 642 589 615 434 876 772 906 423 697 908 953 859 468 453 829 536 841 754 344 502 993 93 886 555 79 758 903 167 346 186 782 569 569 688 943 66 137 47 51 733 947 288 933 430 525 201 396 224 705 129 660 386 56 394 329 437 512 315 304 444 821 521 890 428 217 422 822 535 344 881 711 976 924 999 6 983 356 966 731 146 517 887 890 333 31 8 23 813 468 784 407 646 219 999 971 190 476 182 731 600 328 25 194 676 931 410 720 475 291 347 195 437 961 817 205 254 976 583 438 448 506 866 757 453 977 166 613 691 989 148 873 487 310 657 946 635 500 327 440 755 169 192 183 955 919 521 57 530 261 447 245 358 130 664 436 415 527 847 627 737 785 226 566 236 405 920 503 570 373 354 240 684 0 814 581 873 391 739 348 38 964 157 154 48 90 734 182 515 96 521 352 790 143 834 389 669 
961 337 576 627 85 595 131 750 662 391 118 721 983 718 229 589 833 56 588 750 749 916 973 194 776 876 293 361 595 485 271 855 298 528 536 720 753 704 503 371 624 166 113 609 772 533 818 194 240 646 118 160 241 240 618 597 431 243 117 36 704 48 820 213 735 639 138 583 233 348 432 600 259 357 706 200 162 927 365 573 678 683 632 820 357 103 301 341 410 326 495 179 922 939 540 643 216 759 521 932 936 425 885 801 639 941 825 815 937 129 82 491 39 922 313 27 176 121 191 411 413 195 700 527 893 963 514 816 11 331 828 473 904 69 80 406 581 731 967 393 984 910 183 661 834 265 887 617 37 398 445 87 724 889 894 961 741 587 728 372 643 368 198 928 940 597 832 801 956 465 165 448 524 637 310 364 908 732 351 618 277 57 741 281 160 98 606 882 149 534 664 370 536 340 431 267 752 446 168 343 73 210 709 155 927 636 683 601 921 753 77 472 817 593 760 612 728 19 86 335 333 90 546 708 800 521 835 653 316 138 483 189 93 16 741 288 257 497 137 293 393 315 879 268 175 165 700 124 543 809 130 600 827 160 567 303 295 379 656 809 486 297 505 655 497 739 556 913 457 810 58 798 522 679 101 549 140 167 13 825 278 474 988 12 342 244 820 109 406 996 413 953 567 142 893 759 376 140 942 690 776 571 975 477 548 808 454 975 913 489 135 583 365 724 724 14 432 65 394 504 814 492 731 489 73 794 389 533 837 527 635 531 561 376 85 659 227 529 743 239 501 276 687 852 534 813 402 139 290 481 869 302 467 547 39 481 702 743 387 837 552 85 981 178 128 753 921 32 494 769 385 963 437 717 468 814 674 495 24 701 74 434 392 215 206 58 23 412 769 650 765 978 967 532 557 359 161 957 310 17 76 59 725 152 564 979 511 679 170 159 617 358 14 279 42 689 380 649 175 300 109 663 823 749 341 869 895 418 228 408 44 14 765 350 274 430 481 292 532 521 75 471 573 329 44 726 660 230 903 813 438 783 325 58 861 276 591 227 479 555 414 468 38 686 772 104 754 721 699 150 833 161 914 721 576 555 523 289 379 353 200 595 185 676 181 254 720 883 924 772 95 262 349 931 574 506 59 47 606 261 
413 47 50 202 811 398 414 469 216 703 967 52 206 187 536 206 435 985 71 802 736 801 360 815 365 344 890 32 747 413 290 47 84 376 906 145 365 112 213 289 205 766 293 379 359 644 280 104 806 579 455 817 989 450 905 597 405 933 508 728 511 760 231 958 809 76 166 415 162 133 695 941 789 498 515 308 635 121 24 312 425 303 39 828 16 968 389 17 278 125 945 249 992 345 780 178 96 167 182 608 624 500 402 722 62 976 911 668 35 426 783 568 889 773 76 843 468 69 124 609 309 802 241 211 498 201 476 580 397 300 721 230 403 189 54 162 381 997 984 396 335 435 100 784 744 991 134 875 435 443 183 443 898 629 996 923 29 90 164 648 848 607 144 295 552 18 18 218 76 174 797 414 32 488 615 703 651 698 710 400 543 254 10 93 702 881 790 584 808 859 495 418 321 895 164 894 241 709 665 180 523 159 642 546 563 377 331 549 69 955 975 930 762 589 175 451 377 732 638 564 459 92 995 759 917 907 60 381 818 860 481 425 557 791 985 897 551 824 919 579 797 289 448 154 399 607 683 435 787 867 98 570 165 259 844 219 825 590 260 897 295 44 575 944 156 464 579 548 123 472 705 731 915 989 223 115 145 291 237 65 530 431 636 946 808 529 876 551 610 677 8 94 708 46 832 869 230 953 675 472 306 763 372 298 142 157 636 230 597 785 302 843 706 904 484 698 39 758 836 274 629 421 219 299 437 579 828 823 513 608 204 203 257 810 273 162 87 308 20 133 668 518 37 990 720 701 811 677 367 449 732 517 158 838 95 992 820 951 336 462 432 497 865 112 850 392 353 3 974 31 609 587 956 681 166 387 609 437 67 850 902 958 804 993 262 387 789 455 107 132 930 853 833 708 315 283 186 406 979 904 945 355 817 779 956 859 190 872 828 567 223 205 908 696 61 985 525 577 525 489 730 718 145 793 529 833 294 581 705 523 475 838 180 18 791 179 676 214 597 624 527 217 30 305 417 292 665 375 812 642 332 386 937 582 672 175 144 97 286 519 242 136 911 153 734 881 513 733 785 525 484 257 687 214 281 83 670 428 419 479 932 146 36 896 464 118 62 904 483 360 190 189 903 647 661 457 414 822 1 851 
164 949 500 968 967 212 365 554 348 471 886 217 372 976 240 863 927 454 599 54 86 659 227 209 366 292 14 204 84 493 250 322 125 544 745 850 364 995 700 58 112 30 464 983 627 182 934 7 761 978 888 79 752 866 59 793 264 818 573 338 746 823 635 92 762 693 740 753 731 351 508 816 338 412 803 426 662 67 275 617 152 817 668 994 270 250 432 773 996 490 494 202 224 104 371 850 313 161 861 232 597 311 915 354 346 43 859 462 945 48 141 224 998 812 669 769 178 316 91 51 998 463 158 9 787 582 354 235 740 367 435 575 875 271 867 674 248 371 296 23 827 650 775 366 773 488 190 150 968 656 893 827 924 154 909 695 16 440 122 786 323 874 970 850 121 853 148 933 902 789 272 87 358 566 526 827 117 276 949 780 705 327 86 390 772 58 450 524 17 647 560 256 563 212 667 405 553 186 639 76 538 594 137 131 474 463 155 152 400 390 395 560 873 301 502 144 820 416 206 114 937 313 472 138 830 875 545 539 100 424 833 554 254 121 233 457 24 980 190 840 482 846 758 530 886 573 784 420 525 503 258 568 681 855 23 929 645 599 299 628 184 53 948 983 630 203 705 41 560 36 466 829 534 882 828 517 548 468 38 529 219 339 748 618 850 747 572 484 115 807 564 178 123 165 179 4 492 243 568 21 564 402 602 384 695 599 718 453 533 500 509 389 4 170 91 338 23 366 169 866 428 934 33 347 355 310 372 448 586 466 303 227 165 516 179 524 117 317 78 893 723 784 224 844 536 970 12 309 731 751 946 249 565 647 546 83 352 871 195 104 234 255 353 145 549 790 459 701 802 528 920 708 549 535 586 87 874 124 805 534 1 623 928 701 802 856 801 804 927 671 858 671 73 455 778 921 427 443 69 222 463 940 10 684 909 531 900 675 218 804 914 391 382 318 83 843 487 867 209 196 390 833 738 813 760 77 220 707 580 856 316 361 409 502 4 331 32 763 621 271 271 710 859 475 760 512 399 406 344 56 382 323 333 963 550 512 494 840 979 727 323 521 666 209 896 233 515 1000 585 41 760 661 69 49 401 191 176 987 155 634 851 432 882 139 347 655 545 523 81 343 294 458 623 295 688 190 397 115 634 14 
314 583 661 544 898 385 112 108 337 782 52 483 520 806 635 451 284 349 420 549 751 769 25 591 361 894 21 522 202 607 49 155 359 734 748 821 217 837 745 489 935 339 946 595 157 759 481 550 884 676 606 494 960 373 897 959 483 623 636 559 811 557 157 775 569 767 154 170 736 409 78 461 919 16 986 632 515 926 832 66 357 516 228 1 474 86 512 519 586 147 832 157 531 88 812 612 136 923 471 412 477 677 966 479 515 91 79 84 173 955 446 827 268 972 237 19 889 861 289 296 930 574 487 496 200 778 808 600 352 607 72 343 819 244 315 286 382 363 558 441 495 961 396 19 707 116 572 698 278 225 662 450 982 492 790 982 16 904 448 663 711 965 279 234 538 546 269 360 854 194 594 727 875 997 450 866 303 173 381 308 592 243 719 76 320 241 367 901 814 303 963 345 388 173 833 358 987 679 152 544 476 608 553 613 505 225 61 410 109 519 500 661 472 666 678 240 657 671 640 553 668 155 543 208 325 39 323 316 441 727 564 682 16 992 886 471 226 631 676 847 820 78 861 573 471 993 657 548 583 138 587 678 20 757 700 682 133 696 501 758 329 746 22 20 955 268 391 896 891 384 510 645 358 765 160 437 678 522 117 374 543 369 450 954 2 330 50 455 948 538 921 474 37 54 314 164 653 894 294 981 735 251 689 263 519 761 916 53 192 224 696 940 385 868 918 999 770 275 951 984 487 507 437 482 824 57 880 428 751 700 706 251 258 8 121 427 729 617 102 863 98 15 210 599 387 96 779 783 360 417 546 418 989 555 270 888 566 612 306 808 276 272 817 607 750 571 606 334 917 107 824 220 689 490 174 739 903 539 31 831 553 215 277 383 667 262 384 578 174 325 745 216 523 809 349 118 363 372 247 250 945 332 595 208 430 486 68 216 627 109 312 957 698 299 841 291 565 394 194 307 666 1 988 830 318 164 771 574 129 599 323 619 852 412 995 159 391 728 847 330 62 820 552 838 177 696 114 934 487 324 143 414 598 420 130 550 821 427 880 857 327 228 618 828 953 84 587 45 34 76 753 396 515 54 11 379 806 563 123 382 805 563 497 302 752 137 349 763 590 292 666 826 868 717 887 725 727 116 690 668 
190097 185415 189877 174925 198551 182809 185316 198032 183710 180764 194157 189512 193381 181205 197471 189983 190682 187949 188687 187715 184370 180828 183964 190514 179258 192472 184987 187232 183648 188385 
